timeStamp,elapsed,label,responseCode,responseMessage,threadName,dataType,success,failureMessage,bytes,sentBytes,grpThreads,allThreads,URL,Latency,IdleTime,Connect
1777971520558,575,HTTP Request,200,OK,Tim 1-1,text,true,,231,158,14,14,http://localhost:8079/?token=518473098&user=-1355039501&config=3,575,0,1
1777971520600,540,HTTP Request,200,OK,Tim 1-2,text,true,,231,158,14,14,http://localhost:8079/?token=518473098&user=-1355039501&config=3,540,0,0
1777971520642,564,HTTP Request,200,OK,Tim 1-3,text,true,,231,158,16,16,http://localhost:8079/?token=518473098&user=-1355039501&config=3,564,0,0
1777971520685,550,HTTP Request,200,OK,Tim 1-4,text,true,,231,158,16,16,http://localhost:8079/?token=518473098&user=-1355039501&config=3,550,0,0
1777971520728,557,HTTP Request,200,OK,Tim 1-5,text,true,,231,158,17,17,http://localhost:8079/?token=518473098&user=-1355039501&config=3,557,0,0
1777971520771,538,HTTP Request,200,OK,Tim 1-6,text,true,,231,158,18,18,http://localhost:8079/?token=518473098&user=-1355039501&config=3,538,0,0
1777971520813,814,HTTP Request,200,OK,Tim 1-7,text,true,,231,158,25,25,http://localhost:8079/?token=518473098&user=-1355039501&config=3,814,0,0
1777971520943,719,HTTP Request,200,OK,Tim 1-10,text,true,,231,158,26,26,http://localhost:8079/?token=518473098&user=-1355039501&config=3,719,0,1
1777971520857,805,HTTP Request,200,OK,Tim 1-8,text,true,,231,158,26,26,http://localhost:8079/?token=518473098&user=-1355039501&config=3,805,0,0
1777971520900,762,HTTP Request,200,OK,Tim 1-9,text,true,,231,158,26,26,http://localhost:8079/?token=518473098&user=-1355039501&config=3,762,0,0
1777971520985,678,HTTP Request,200,OK,Tim 1-11,text,true,,231,158,26,26,http://localhost:8079/?token=518473098&user=-1355039501&config=3,678,0,1
1777971521073,590,HTTP Request,200,OK,Tim 1-13,text,true,,231,158,26,26,http://localhost:8079/?token=518473098&user=-1355039501&config=3,590,0,0
1777971521029,634,HTTP Request,200,OK,Tim 1-12,text,true,,231,158,26,26,http://localhost:8079/?token=518473098&user=-1355039501&config=3,634,0,0
1777971521116,547,HTTP Request,200,OK,Tim 1-14,text,true,,231,158,26,26,http://localhost:8079/?token=518473098&user=-1355039501&config=3,547,0,0
1777971521158,540,HTTP Request,200,OK,Tim 1-15,text,true,,231,158,27,27,http://localhost:8079/?token=518473098&user=-1355039501&config=3,540,0,1
1777971521245,650,HTTP Request,200,OK,Tim 1-17,text,true,,231,158,32,32,http://localhost:8079/?token=518473098&user=-1355039501&config=3,650,0,0
1777971521202,693,HTTP Request,200,OK,Tim 1-16,text,true,,231,158,32,32,http://localhost:8079/?token=518473098&user=-1355039501&config=3,693,0,0
1777971521287,621,HTTP Request,200,OK,Tim 1-18,text,true,,231,158,32,32,http://localhost:8079/?token=518473098&user=-1355039501&config=3,621,0,1
1777971521331,623,HTTP Request,200,OK,Tim 1-19,text,true,,231,158,33,33,http://localhost:8079/?token=518473098&user=-1355039501&config=3,623,0,1
1777971521375,579,HTTP Request,200,OK,Tim 1-20,text,true,,231,158,33,33,http://localhost:8079/?token=518473098&user=-1355039501&config=3,579,0,0
1777971521416,565,HTTP Request,200,OK,Tim 1-21,text,true,,231,158,34,34,http://localhost:8079/?token=518473098&user=-1355039501&config=3,565,0,0
1777971521460,590,HTTP Request,200,OK,Tim 1-22,text,true,,231,158,35,35,http://localhost:8079/?token=518473098&user=-1355039501&config=3,590,0,0
1777971521502,548,HTTP Request,200,OK,Tim 1-23,text,true,,231,158,35,35,http://localhost:8079/?token=518473098&user=-1355039501&config=3,548,0,1
1777971521545,579,HTTP Request,200,OK,Tim 1-24,text,true,,231,158,37,37,http://localhost:8079/?token=518473098&user=-1355039501&config=3,579,0,1
1777971521588,538,HTTP Request,200,OK,Tim 1-25,text,true,,231,158,37,37,http://localhost:8079/?token=518473098&user=-1355039501&config=3,538,0,1
1777971521674,551,HTTP Request,200,OK,Tim 1-27,text,true,,231,158,39,39,http://localhost:8079/?token=518473098&user=-1355039501&config=3,551,0,0
1777971521630,595,HTTP Request,200,OK,Tim 1-26,text,true,,231,158,39,39,http://localhost:8079/?token=518473098&user=-1355039501&config=3,595,0,1
1777971521717,586,HTTP Request,200,OK,Tim 1-28,text,true,,231,158,41,41,http://localhost:8079/?token=518473098&user=-1355039501&config=3,586,0,1
1777971521760,550,HTTP Request,200,OK,Tim 1-29,text,true,,231,158,41,41,http://localhost:8079/?token=518473098&user=-1355039501&config=3,550,0,1
1777971521804,581,HTTP Request,200,OK,Tim 1-30,text,true,,231,158,43,43,http://localhost:8079/?token=518473098&user=-1355039501&config=3,581,0,0
1777971521847,638,HTTP Request,200,OK,Tim 1-31,text,true,,231,158,45,45,http://localhost:8079/?token=518473098&user=-1355039501&config=3,638,0,0
1777971521889,638,HTTP Request,200,OK,Tim 1-32,text,true,,231,158,46,46,http://localhost:8079/?token=518473098&user=-1355039501&config=3,638,0,0
1777971521932,595,HTTP Request,200,OK,Tim 1-33,text,true,,231,158,46,46,http://localhost:8079/?token=518473098&user=-1355039501&config=3,595,0,0
1777971521977,554,HTTP Request,200,OK,Tim 1-34,text,true,,231,158,46,46,http://localhost:8079/?token=518473098&user=-1355039501&config=3,554,0,0
1777971522019,570,HTTP Request,200,OK,Tim 1-35,text,true,,231,158,48,48,http://localhost:8079/?token=518473098&user=-1355039501&config=3,570,0,0
1777971522061,592,HTTP Request,200,OK,Tim 1-36,text,true,,231,158,49,49,http://localhost:8079/?token=518473098&user=-1355039501&config=3,592,0,1
1777971522105,561,HTTP Request,200,OK,Tim 1-37,text,true,,231,158,50,50,http://localhost:8079/?token=518473098&user=-1355039501&config=3,561,0,0
1777971522148,680,HTTP Request,200,OK,Tim 1-38,text,true,,231,158,53,53,http://localhost:8079/?token=518473098&user=-1355039501&config=3,680,0,0
1777971522191,683,HTTP Request,200,OK,Tim 1-39,text,true,,231,158,54,54,http://localhost:8079/?token=518473098&user=-1355039501&config=3,683,0,1
1777971522234,697,HTTP Request,200,OK,Tim 1-40,text,true,,231,158,56,56,http://localhost:8079/?token=518473098&user=-1355039501&config=3,697,0,0
1777971522320,611,HTTP Request,200,OK,Tim 1-42,text,true,,231,158,56,56,http://localhost:8079/?token=518473098&user=-1355039501&config=3,611,0,0
1777971522276,655,HTTP Request,200,OK,Tim 1-41,text,true,,231,158,56,56,http://localhost:8079/?token=518473098&user=-1355039501&config=3,655,0,1
1777971522363,584,HTTP Request,200,OK,Tim 1-43,text,true,,231,158,56,56,http://localhost:8079/?token=518473098&user=-1355039501&config=3,584,0,1
1777971522404,637,HTTP Request,200,OK,Tim 1-44,text,true,,231,158,58,58,http://localhost:8079/?token=518473098&user=-1355039501&config=3,637,0,0
1777971522491,561,HTTP Request,200,OK,Tim 1-46,text,true,,231,158,59,59,http://localhost:8079/?token=518473098&user=-1355039501&config=3,561,0,0
1777971522449,603,HTTP Request,200,OK,Tim 1-45,text,true,,231,158,59,59,http://localhost:8079/?token=518473098&user=-1355039501&config=3,603,0,1
1777971522534,573,HTTP Request,200,OK,Tim 1-47,text,true,,231,158,60,60,http://localhost:8079/?token=518473098&user=-1355039501&config=3,573,0,1
1777971522578,589,HTTP Request,200,OK,Tim 1-48,text,true,,231,158,61,61,http://localhost:8079/?token=518473098&user=-1355039501&config=3,589,0,1
1777971522620,789,HTTP Request,200,OK,Tim 1-49,text,true,,231,158,67,67,http://localhost:8079/?token=518473098&user=-1355039501&config=3,789,0,0
1777971522707,778,HTTP Request,200,OK,Tim 1-51,text,true,,231,158,69,69,http://localhost:8079/?token=518473098&user=-1355039501&config=3,778,0,0
1777971522750,747,HTTP Request,200,OK,Tim 1-52,text,true,,231,158,69,69,http://localhost:8079/?token=518473098&user=-1355039501&config=3,747,0,0
1777971522662,835,HTTP Request,200,OK,Tim 1-50,text,true,,231,158,69,69,http://localhost:8079/?token=518473098&user=-1355039501&config=3,835,0,0
1777971522835,662,HTTP Request,200,OK,Tim 1-54,text,true,,231,158,69,69,http://localhost:8079/?token=518473098&user=-1355039501&config=3,662,0,0
1777971522792,705,HTTP Request,200,OK,Tim 1-53,text,true,,231,158,69,69,http://localhost:8079/?token=518473098&user=-1355039501&config=3,705,0,0
1777971522879,626,HTTP Request,200,OK,Tim 1-55,text,true,,231,158,69,69,http://localhost:8079/?token=518473098&user=-1355039501&config=3,626,0,0
1777971522921,584,HTTP Request,200,OK,Tim 1-56,text,true,,231,158,69,69,http://localhost:8079/?token=518473098&user=-1355039501&config=3,584,0,1
1777971522964,598,HTTP Request,200,OK,Tim 1-57,text,true,,231,158,70,70,http://localhost:8079/?token=518473098&user=-1355039501&config=3,598,0,0
1777971523008,589,HTTP Request,200,OK,Tim 1-58,text,true,,231,158,71,71,http://localhost:8079/?token=518473098&user=-1355039501&config=3,589,0,1
1777971523052,601,HTTP Request,200,OK,Tim 1-59,text,true,,231,158,73,73,http://localhost:8079/?token=518473098&user=-1355039501&config=3,601,0,1
1777971523093,598,HTTP Request,200,OK,Tim 1-60,text,true,,231,158,73,73,http://localhost:8079/?token=518473098&user=-1355039501&config=3,598,0,1
1777971523136,600,HTTP Request,200,OK,Tim 1-61,text,true,,231,158,74,74,http://localhost:8079/?token=518473098&user=-1355039501&config=3,600,0,1
1777971523179,593,HTTP Request,200,OK,Tim 1-62,text,true,,231,158,75,75,http://localhost:8079/?token=518473098&user=-1355039501&config=3,593,0,0
1777971523222,591,HTTP Request,200,OK,Tim 1-63,text,true,,231,158,76,76,http://localhost:8079/?token=518473098&user=-1355039501&config=3,591,0,1
1777971523266,588,HTTP Request,200,OK,Tim 1-64,text,true,,231,158,77,77,http://localhost:8079/?token=518473098&user=-1355039501&config=3,588,0,1
1777971523310,596,HTTP Request,200,OK,Tim 1-65,text,true,,231,158,78,78,http://localhost:8079/?token=518473098&user=-1355039501&config=3,596,0,0
1777971523351,615,HTTP Request,200,OK,Tim 1-66,text,true,,231,158,80,80,http://localhost:8079/?token=518473098&user=-1355039501&config=3,615,0,0
1777971523395,591,HTTP Request,200,OK,Tim 1-67,text,true,,231,158,80,80,http://localhost:8079/?token=518473098&user=-1355039501&config=3,591,0,0
1777971523437,619,HTTP Request,200,OK,Tim 1-68,text,true,,231,158,82,82,http://localhost:8079/?token=518473098&user=-1355039501&config=3,619,0,0
1777971523481,592,HTTP Request,200,OK,Tim 1-69,text,true,,231,158,82,82,http://localhost:8079/?token=518473098&user=-1355039501&config=3,592,0,1
1777971523523,604,HTTP Request,200,OK,Tim 1-70,text,true,,231,158,84,84,http://localhost:8079/?token=518473098&user=-1355039501&config=3,604,0,0
1777971523559,587,HTTP Request,200,OK,Tim 1-1,text,true,,231,158,84,84,http://localhost:8079/?token=518473098&user=-1355039501&config=3,587,0,0
1777971523567,594,HTTP Request,200,OK,Tim 1-71,text,true,,231,158,84,84,http://localhost:8079/?token=518473098&user=-1355039501&config=3,594,0,0
1777971523599,583,HTTP Request,200,OK,Tim 1-2,text,true,,231,158,85,85,http://localhost:8079/?token=518473098&user=-1355039501&config=3,583,0,0
1777971523641,586,HTTP Request,200,OK,Tim 1-3,text,true,,231,158,86,86,http://localhost:8079/?token=518473098&user=-1355039501&config=3,586,0,0
1777971523609,647,HTTP Request,200,OK,Tim 1-72,text,true,,231,158,87,87,http://localhost:8079/?token=518473098&user=-1355039501&config=3,647,0,1
1777971523686,607,HTTP Request,200,OK,Tim 1-4,text,true,,231,158,87,87,http://localhost:8079/?token=518473098&user=-1355039501&config=3,607,0,0
1777971523728,587,HTTP Request,200,OK,Tim 1-5,text,true,,231,158,88,88,http://localhost:8079/?token=518473098&user=-1355039501&config=3,587,0,0
1777971523652,663,HTTP Request,200,OK,Tim 1-73,text,true,,231,158,88,88,http://localhost:8079/?token=518473098&user=-1355039501&config=3,663,0,0
1777971523695,632,HTTP Request,200,OK,Tim 1-74,text,true,,231,158,88,88,http://localhost:8079/?token=518473098&user=-1355039501&config=3,631,0,1
1777971523739,594,HTTP Request,200,OK,Tim 1-75,text,true,,231,158,88,88,http://localhost:8079/?token=518473098&user=-1355039501&config=3,594,0,0
1777971523771,586,HTTP Request,200,OK,Tim 1-6,text,true,,231,158,89,89,http://localhost:8079/?token=518473098&user=-1355039501&config=3,586,0,0
1777971523813,585,HTTP Request,200,OK,Tim 1-7,text,true,,231,158,90,90,http://localhost:8079/?token=518473098&user=-1355039501&config=3,585,0,0
1777971523780,618,HTTP Request,200,OK,Tim 1-76,text,true,,231,158,90,90,http://localhost:8079/?token=518473098&user=-1355039501&config=3,618,0,2
1777971523856,594,HTTP Request,200,OK,Tim 1-8,text,true,,231,158,91,91,http://localhost:8079/?token=518473098&user=-1355039501&config=3,594,0,0
1777971523825,626,HTTP Request,200,OK,Tim 1-77,text,true,,231,158,91,91,http://localhost:8079/?token=518473098&user=-1355039501&config=3,626,0,1
1777971523899,593,HTTP Request,200,OK,Tim 1-9,text,true,,231,158,92,92,http://localhost:8079/?token=518473098&user=-1355039501&config=3,593,0,0
1777971523867,625,HTTP Request,200,OK,Tim 1-78,text,true,,231,158,92,92,http://localhost:8079/?token=518473098&user=-1355039501&config=3,625,0,0
1777971523908,606,HTTP Request,200,OK,Tim 1-79,text,true,,231,158,93,93,http://localhost:8079/?token=518473098&user=-1355039501&config=3,606,0,1
1777971523942,592,HTTP Request,200,OK,Tim 1-10,text,true,,231,158,93,93,http://localhost:8079/?token=518473098&user=-1355039501&config=3,592,0,0
1777971523985,625,HTTP Request,200,OK,Tim 1-11,text,true,,231,158,95,95,http://localhost:8079/?token=518473098&user=-1355039501&config=3,625,0,0
1777971523952,658,HTTP Request,200,OK,Tim 1-80,text,true,,231,158,95,95,http://localhost:8079/?token=518473098&user=-1355039501&config=3,658,0,0
1777971523996,614,HTTP Request,200,OK,Tim 1-81,text,true,,231,158,95,95,http://localhost:8079/?token=518473098&user=-1355039501&config=3,614,0,0
1777971524028,595,HTTP Request,200,OK,Tim 1-12,text,true,,231,158,95,95,http://localhost:8079/?token=518473098&user=-1355039501&config=3,595,0,0
1777971524072,602,HTTP Request,200,OK,Tim 1-13,text,true,,231,158,96,96,http://localhost:8079/?token=518473098&user=-1355039501&config=3,602,0,0
1777971524039,635,HTTP Request,200,OK,Tim 1-82,text,true,,231,158,96,96,http://localhost:8079/?token=518473098&user=-1355039501&config=3,635,0,1
1777971524082,617,HTTP Request,200,OK,Tim 1-83,text,true,,231,158,97,97,http://localhost:8079/?token=518473098&user=-1355039501&config=3,617,0,0
1777971524115,609,HTTP Request,200,OK,Tim 1-14,text,true,,231,158,97,97,http://localhost:8079/?token=518473098&user=-1355039501&config=3,609,0,0
1777971524156,604,HTTP Request,200,OK,Tim 1-15,text,true,,231,158,98,98,http://localhost:8079/?token=518473098&user=-1355039501&config=3,604,0,0
1777971524124,638,HTTP Request,200,OK,Tim 1-84,text,true,,231,158,98,98,http://localhost:8079/?token=518473098&user=-1355039501&config=3,638,0,1
1777971524168,621,HTTP Request,200,OK,Tim 1-85,text,true,,231,158,99,99,http://localhost:8079/?token=518473098&user=-1355039501&config=3,621,0,0
1777971524200,626,HTTP Request,200,OK,Tim 1-16,text,true,,231,158,100,100,http://localhost:8079/?token=518473098&user=-1355039501&config=3,626,0,0
1777971524210,635,HTTP Request,200,OK,Tim 1-86,text,true,,231,158,100,100,http://localhost:8079/?token=518473098&user=-1355039501&config=3,635,0,1
1777971524243,634,HTTP Request,200,OK,Tim 1-17,text,true,,231,158,101,101,http://localhost:8079/?token=518473098&user=-1355039501&config=3,634,0,0
1777971524286,617,HTTP Request,200,OK,Tim 1-18,text,true,,231,158,102,102,http://localhost:8079/?token=518473098&user=-1355039501&config=3,617,0,0
1777971524253,672,HTTP Request,200,OK,Tim 1-87,text,true,,231,158,102,102,http://localhost:8079/?token=518473098&user=-1355039501&config=3,672,0,0
1777971524297,641,HTTP Request,200,OK,Tim 1-88,text,true,,231,158,102,102,http://localhost:8079/?token=518473098&user=-1355039501&config=3,641,0,0
1777971524329,707,HTTP Request,200,OK,Tim 1-19,text,true,,231,158,105,105,http://localhost:8079/?token=518473098&user=-1355039501&config=3,707,0,0
1777971524373,682,HTTP Request,200,OK,Tim 1-20,text,true,,231,158,105,105,http://localhost:8079/?token=518473098&user=-1355039501&config=3,682,0,0
1777971524415,643,HTTP Request,200,OK,Tim 1-21,text,true,,231,158,105,105,http://localhost:8079/?token=518473098&user=-1355039501&config=3,643,0,0
1777971524340,756,HTTP Request,200,OK,Tim 1-89,text,true,,231,158,106,106,http://localhost:8079/?token=518473098&user=-1355039501&config=3,756,0,0
1777971524425,671,HTTP Request,200,OK,Tim 1-91,text,true,,231,158,106,106,http://localhost:8079/?token=518473098&user=-1355039501&config=3,671,0,1
1777971524383,717,HTTP Request,200,OK,Tim 1-90,text,true,,231,158,106,106,http://localhost:8079/?token=518473098&user=-1355039501&config=3,717,0,0
1777971524458,815,HTTP Request,200,OK,Tim 1-22,text,true,,231,158,110,110,http://localhost:8079/?token=518473098&user=-1355039501&config=3,815,0,0
1777971524501,772,HTTP Request,200,OK,Tim 1-23,text,true,,231,158,110,110,http://localhost:8079/?token=518473098&user=-1355039501&config=3,772,0,0
1777971524544,750,HTTP Request,200,OK,Tim 1-24,text,true,,231,158,111,111,http://localhost:8079/?token=518473098&user=-1355039501&config=3,750,0,0
1777971524587,707,HTTP Request,200,OK,Tim 1-25,text,true,,231,158,111,111,http://localhost:8079/?token=518473098&user=-1355039501&config=3,707,0,0
1777971524554,741,HTTP Request,200,OK,Tim 1-94,text,true,,231,158,111,111,http://localhost:8079/?token=518473098&user=-1355039501&config=3,741,0,0
1777971524510,785,HTTP Request,200,OK,Tim 1-93,text,true,,231,158,111,111,http://localhost:8079/?token=518473098&user=-1355039501&config=3,785,0,1
1777971524598,697,HTTP Request,200,OK,Tim 1-95,text,true,,231,158,111,111,http://localhost:8079/?token=518473098&user=-1355039501&config=3,697,0,0
1777971524630,665,HTTP Request,200,OK,Tim 1-26,text,true,,231,158,111,111,http://localhost:8079/?token=518473098&user=-1355039501&config=3,665,0,0
1777971524468,827,HTTP Request,200,OK,Tim 1-92,text,true,,231,158,111,111,http://localhost:8079/?token=518473098&user=-1355039501&config=3,827,0,0
1777971524716,693,HTTP Request,200,OK,Tim 1-28,text,true,,231,158,113,113,http://localhost:8079/?token=518473098&user=-1355039501&config=3,693,0,0
1777971524759,650,HTTP Request,200,OK,Tim 1-29,text,true,,231,158,113,113,http://localhost:8079/?token=518473098&user=-1355039501&config=3,650,0,0
1777971524674,735,HTTP Request,200,OK,Tim 1-27,text,true,,231,158,113,113,http://localhost:8079/?token=518473098&user=-1355039501&config=3,735,0,0
1777971524641,769,HTTP Request,200,OK,Tim 1-96,text,true,,231,158,113,113,http://localhost:8079/?token=518473098&user=-1355039501&config=3,769,0,0
1777971524683,727,HTTP Request,200,OK,Tim 1-97,text,true,,231,158,113,113,http://localhost:8079/?token=518473098&user=-1355039501&config=3,727,0,1
1777971524726,684,HTTP Request,200,OK,Tim 1-98,text,true,,231,158,113,113,http://localhost:8079/?token=518473098&user=-1355039501&config=3,684,0,1
1777971524769,666,HTTP Request,200,OK,Tim 1-99,text,true,,231,158,114,114,http://localhost:8079/?token=518473098&user=-1355039501&config=3,666,0,1
1777971524812,689,HTTP Request,200,OK,Tim 1-100,text,true,,231,158,116,116,http://localhost:8079/?token=518473098&user=-1355039501&config=3,689,0,0
1777971524845,656,HTTP Request,200,OK,Tim 1-31,text,true,,231,158,116,116,http://localhost:8079/?token=518473098&user=-1355039501&config=3,656,0,0
1777971524803,698,HTTP Request,200,OK,Tim 1-30,text,true,,231,158,116,116,http://localhost:8079/?token=518473098&user=-1355039501&config=3,698,0,0
1777971524888,681,HTTP Request,200,OK,Tim 1-32,text,true,,231,158,117,117,http://localhost:8079/?token=518473098&user=-1355039501&config=3,681,0,0
1777971524856,713,HTTP Request,200,OK,Tim 1-101,text,true,,231,158,117,117,http://localhost:8079/?token=518473098&user=-1355039501&config=3,713,0,0
1777971524899,685,HTTP Request,200,OK,Tim 1-102,text,true,,231,158,117,117,http://localhost:8079/?token=518473098&user=-1355039501&config=3,685,0,1
1777971524930,679,HTTP Request,200,OK,Tim 1-33,text,true,,231,158,118,118,http://localhost:8079/?token=518473098&user=-1355039501&config=3,679,0,0
1777971524975,670,HTTP Request,200,OK,Tim 1-34,text,true,,231,158,119,119,http://localhost:8079/?token=518473098&user=-1355039501&config=3,670,0,0
1777971524941,704,HTTP Request,200,OK,Tim 1-103,text,true,,231,158,119,119,http://localhost:8079/?token=518473098&user=-1355039501&config=3,704,0,1
1777971525017,674,HTTP Request,200,OK,Tim 1-35,text,true,,231,158,120,120,http://localhost:8079/?token=518473098&user=-1355039501&config=3,674,0,0
1777971524985,725,HTTP Request,200,OK,Tim 1-104,text,true,,231,158,120,120,http://localhost:8079/?token=518473098&user=-1355039501&config=3,725,0,0
1777971525028,697,HTTP Request,200,OK,Tim 1-105,text,true,,231,158,121,121,http://localhost:8079/?token=518473098&user=-1355039501&config=3,697,0,0
1777971525061,684,HTTP Request,200,OK,Tim 1-36,text,true,,231,158,121,121,http://localhost:8079/?token=518473098&user=-1355039501&config=3,684,0,0
1777971525070,691,HTTP Request,200,OK,Tim 1-106,text,true,,231,158,122,122,http://localhost:8079/?token=518473098&user=-1355039501&config=3,691,0,1
1777971525103,672,HTTP Request,200,OK,Tim 1-37,text,true,,231,158,122,122,http://localhost:8079/?token=518473098&user=-1355039501&config=3,672,0,0
1777971525113,710,HTTP Request,200,OK,Tim 1-107,text,true,,231,158,123,123,http://localhost:8079/?token=518473098&user=-1355039501&config=3,710,0,1
1777971525146,731,HTTP Request,200,OK,Tim 1-38,text,true,,231,158,124,124,http://localhost:8079/?token=518473098&user=-1355039501&config=3,731,0,0
1777971525190,703,HTTP Request,200,OK,Tim 1-39,text,true,,231,158,125,125,http://localhost:8079/?token=518473098&user=-1355039501&config=3,703,0,0
1777971525158,735,HTTP Request,200,OK,Tim 1-108,text,true,,231,158,125,125,http://localhost:8079/?token=518473098&user=-1355039501&config=3,735,0,0
1777971525233,942,HTTP Request,200,OK,Tim 1-40,text,true,,231,158,131,131,http://localhost:8079/?token=518473098&user=-1355039501&config=3,942,0,0
1777971525361,915,HTTP Request,200,OK,Tim 1-43,text,true,,231,158,134,134,http://localhost:8079/?token=518473098&user=-1355039501&config=3,915,0,0
1777971525319,957,HTTP Request,200,OK,Tim 1-42,text,true,,231,158,134,134,http://localhost:8079/?token=518473098&user=-1355039501&config=3,957,0,0
1777971525533,743,HTTP Request,200,OK,Tim 1-47,text,true,,231,158,134,134,http://localhost:8079/?token=518473098&user=-1355039501&config=3,743,0,0
1777971525276,1000,HTTP Request,200,OK,Tim 1-41,text,true,,231,158,134,134,http://localhost:8079/?token=518473098&user=-1355039501&config=3,1000,0,0
1777971525403,873,HTTP Request,200,OK,Tim 1-44,text,true,,231,158,134,134,http://localhost:8079/?token=518473098&user=-1355039501&config=3,873,0,0
1777971525447,829,HTTP Request,200,OK,Tim 1-45,text,true,,231,158,134,134,http://localhost:8079/?token=518473098&user=-1355039501&config=3,829,0,0
1777971525489,787,HTTP Request,200,OK,Tim 1-46,text,true,,231,158,134,134,http://localhost:8079/?token=518473098&user=-1355039501&config=3,787,0,0
1777971525201,1075,HTTP Request,200,OK,Tim 1-109,text,true,,231,158,134,134,http://localhost:8079/?token=518473098&user=-1355039501&config=3,1075,0,0
1777971525243,1033,HTTP Request,200,OK,Tim 1-110,text,true,,231,158,134,134,http://localhost:8079/?token=518473098&user=-1355039501&config=3,1033,0,0
1777971525285,991,HTTP Request,200,OK,Tim 1-111,text,true,,231,158,134,134,http://localhost:8079/?token=518473098&user=-1355039501&config=3,991,0,1
1777971525413,863,HTTP Request,200,OK,Tim 1-114,text,true,,231,158,134,134,http://localhost:8079/?token=518473098&user=-1355039501&config=3,863,0,1
1777971525330,946,HTTP Request,200,OK,Tim 1-112,text,true,,231,158,134,134,http://localhost:8079/?token=518473098&user=-1355039501&config=3,946,0,0
1777971525371,905,HTTP Request,200,OK,Tim 1-113,text,true,,231,158,134,134,http://localhost:8079/?token=518473098&user=-1355039501&config=3,905,0,1
1777971525458,847,HTTP Request,200,OK,Tim 1-115,text,true,,231,158,134,134,http://localhost:8079/?token=518473098&user=-1355039501&config=3,847,0,1
1777971525502,803,HTTP Request,200,OK,Tim 1-116,text,true,,231,158,134,134,http://localhost:8079/?token=518473098&user=-1355039501&config=3,803,0,1
1777971525576,732,HTTP Request,200,OK,Tim 1-48,text,true,,231,158,134,134,http://localhost:8079/?token=518473098&user=-1355039501&config=3,732,0,0
1777971525543,765,HTTP Request,200,OK,Tim 1-117,text,true,,231,158,134,134,http://localhost:8079/?token=518473098&user=-1355039501&config=3,765,0,1
1777971525585,750,HTTP Request,200,OK,Tim 1-118,text,true,,231,158,135,135,http://localhost:8079/?token=518473098&user=-1355039501&config=3,750,0,1
1777971525618,746,HTTP Request,200,OK,Tim 1-49,text,true,,231,158,136,136,http://localhost:8079/?token=518473098&user=-1355039501&config=3,746,0,0
1777971525630,734,HTTP Request,200,OK,Tim 1-119,text,true,,231,158,136,136,http://localhost:8079/?token=518473098&user=-1355039501&config=3,734,0,0
1777971525705,724,HTTP Request,200,OK,Tim 1-51,text,true,,231,158,137,137,http://localhost:8079/?token=518473098&user=-1355039501&config=3,724,0,0
1777971525661,768,HTTP Request,200,OK,Tim 1-50,text,true,,231,158,137,137,http://localhost:8079/?token=518473098&user=-1355039501&config=3,768,0,0
1777971525748,752,HTTP Request,200,OK,Tim 1-52,text,true,,231,158,139,139,http://localhost:8079/?token=518473098&user=-1355039501&config=3,752,0,0
1777971525673,827,HTTP Request,200,OK,Tim 1-120,text,true,,231,158,139,139,http://localhost:8079/?token=518473098&user=-1355039501&config=3,827,0,1
1777971525715,785,HTTP Request,200,OK,Tim 1-121,text,true,,231,158,139,139,http://localhost:8079/?token=518473098&user=-1355039501&config=3,785,0,0
1777971525791,743,HTTP Request,200,OK,Tim 1-53,text,true,,231,158,140,140,http://localhost:8079/?token=518473098&user=-1355039501&config=3,743,0,0
1777971525757,777,HTTP Request,200,OK,Tim 1-122,text,true,,231,158,140,140,http://localhost:8079/?token=518473098&user=-1355039501&config=3,777,0,1
1777971525834,767,HTTP Request,200,OK,Tim 1-54,text,true,,231,158,141,141,http://localhost:8079/?token=518473098&user=-1355039501&config=3,767,0,0
1777971525801,800,HTTP Request,200,OK,Tim 1-123,text,true,,231,158,141,141,http://localhost:8079/?token=518473098&user=-1355039501&config=3,800,0,1
1777971525962,1018,HTTP Request,200,OK,Tim 1-57,text,true,,231,158,150,150,http://localhost:8079/?token=518473098&user=-1355039501&config=3,1018,0,0
1777971525877,1103,HTTP Request,200,OK,Tim 1-55,text,true,,231,158,150,150,http://localhost:8079/?token=518473098&user=-1355039501&config=3,1103,0,0
1777971525845,1135,HTTP Request,200,OK,Tim 1-124,text,true,,231,158,150,150,http://localhost:8079/?token=518473098&user=-1355039501&config=3,1135,0,1
1777971525920,1060,HTTP Request,200,OK,Tim 1-56,text,true,,231,158,150,150,http://localhost:8079/?token=518473098&user=-1355039501&config=3,1060,0,0
1777971525887,1093,HTTP Request,200,OK,Tim 1-125,text,true,,231,158,150,150,http://localhost:8079/?token=518473098&user=-1355039501&config=3,1093,0,0
1777971525973,1416,HTTP Request,200,OK,Tim 1-127,text,true,,231,158,159,159,http://localhost:8079/?token=518473098&user=-1355039501&config=3,1416,0,0
1777971525929,1460,HTTP Request,200,OK,Tim 1-126,text,true,,231,158,159,159,http://localhost:8079/?token=518473098&user=-1355039501&config=3,1460,0,1
1777971526006,1396,HTTP Request,200,OK,Tim 1-58,text,true,,231,158,160,160,http://localhost:8079/?token=518473098&user=-1355039501&config=3,1396,0,0
1777971526050,1352,HTTP Request,200,OK,Tim 1-59,text,true,,231,158,160,160,http://localhost:8079/?token=518473098&user=-1355039501&config=3,1352,0,0
1777971526092,1310,HTTP Request,200,OK,Tim 1-60,text,true,,231,158,160,160,http://localhost:8079/?token=518473098&user=-1355039501&config=3,1310,0,0
1777971526264,1139,HTTP Request,200,OK,Tim 1-64,text,true,,231,158,160,160,http://localhost:8079/?token=518473098&user=-1355039501&config=3,1139,0,0
1777971526178,1225,HTTP Request,200,OK,Tim 1-62,text,true,,231,158,160,160,http://localhost:8079/?token=518473098&user=-1355039501&config=3,1225,0,0
1777971526135,1268,HTTP Request,200,OK,Tim 1-61,text,true,,231,158,160,160,http://localhost:8079/?token=518473098&user=-1355039501&config=3,1268,0,0
1777971526221,1182,HTTP Request,200,OK,Tim 1-63,text,true,,231,158,160,160,http://localhost:8079/?token=518473098&user=-1355039501&config=3,1182,0,0
1777971526308,1095,HTTP Request,200,OK,Tim 1-65,text,true,,231,158,160,160,http://localhost:8079/?token=518473098&user=-1355039501&config=3,1095,0,0
1777971526350,1053,HTTP Request,200,OK,Tim 1-66,text,true,,231,158,160,160,http://localhost:8079/?token=518473098&user=-1355039501&config=3,1053,0,0
1777971526480,923,HTTP Request,200,OK,Tim 1-69,text,true,,231,158,160,160,http://localhost:8079/?token=518473098&user=-1355039501&config=3,923,0,0
1777971526393,1010,HTTP Request,200,OK,Tim 1-67,text,true,,231,158,160,160,http://localhost:8079/?token=518473098&user=-1355039501&config=3,1010,0,0
1777971526103,1300,HTTP Request,200,OK,Tim 1-130,text,true,,231,158,160,160,http://localhost:8079/?token=518473098&user=-1355039501&config=3,1300,0,1
1777971526435,968,HTTP Request,200,OK,Tim 1-68,text,true,,231,158,160,160,http://localhost:8079/?token=518473098&user=-1355039501&config=3,968,0,0
1777971526016,1387,HTTP Request,200,OK,Tim 1-128,text,true,,231,158,160,160,http://localhost:8079/?token=518473098&user=-1355039501&config=3,1387,0,1
1777971526059,1344,HTTP Request,200,OK,Tim 1-129,text,true,,231,158,160,160,http://localhost:8079/?token=518473098&user=-1355039501&config=3,1344,0,0
1777971526146,1257,HTTP Request,200,OK,Tim 1-131,text,true,,231,158,160,160,http://localhost:8079/?token=518473098&user=-1355039501&config=3,1257,0,0
1777971526189,1214,HTTP Request,200,OK,Tim 1-132,text,true,,231,158,160,160,http://localhost:8079/?token=518473098&user=-1355039501&config=3,1214,0,0
1777971526274,1129,HTTP Request,200,OK,Tim 1-134,text,true,,231,158,160,160,http://localhost:8079/?token=518473098&user=-1355039501&config=3,1129,0,0
1777971526317,1086,HTTP Request,200,OK,Tim 1-135,text,true,,231,158,160,160,http://localhost:8079/?token=518473098&user=-1355039501&config=3,1086,0,1
1777971526231,1172,HTTP Request,200,OK,Tim 1-133,text,true,,231,158,160,160,http://localhost:8079/?token=518473098&user=-1355039501&config=3,1172,0,1
1777971526361,1042,HTTP Request,200,OK,Tim 1-136,text,true,,231,158,160,160,http://localhost:8079/?token=518473098&user=-1355039501&config=3,1042,0,0
1777971526489,914,HTTP Request,200,OK,Tim 1-139,text,true,,231,158,160,160,http://localhost:8079/?token=518473098&user=-1355039501&config=3,914,0,1
1777971526404,999,HTTP Request,200,OK,Tim 1-137,text,true,,231,158,160,160,http://localhost:8079/?token=518473098&user=-1355039501&config=3,999,0,0
1777971526447,956,HTTP Request,200,OK,Tim 1-138,text,true,,231,158,160,160,http://localhost:8079/?token=518473098&user=-1355039501&config=3,956,0,0
1777971526556,1677,HTTP Request,200,OK,Tim 1-1,text,true,,231,158,179,179,http://localhost:8079/?token=518473098&user=-1355039501&config=3,1677,0,0
1777971526598,1635,HTTP Request,200,OK,Tim 1-2,text,true,,231,158,179,179,http://localhost:8079/?token=518473098&user=-1355039501&config=3,1635,0,0
1777971526640,1593,HTTP Request,200,OK,Tim 1-3,text,true,,231,158,179,179,http://localhost:8079/?token=518473098&user=-1355039501&config=3,1593,0,0
1777971526684,1549,HTTP Request,200,OK,Tim 1-4,text,true,,231,158,179,179,http://localhost:8079/?token=518473098&user=-1355039501&config=3,1549,0,0
1777971526771,1462,HTTP Request,200,OK,Tim 1-6,text,true,,231,158,179,179,http://localhost:8079/?token=518473098&user=-1355039501&config=3,1462,0,0
1777971526727,1506,HTTP Request,200,OK,Tim 1-5,text,true,,231,158,179,179,http://localhost:8079/?token=518473098&user=-1355039501&config=3,1506,0,0
1777971526812,1421,HTTP Request,200,OK,Tim 1-7,text,true,,231,158,179,179,http://localhost:8079/?token=518473098&user=-1355039501&config=3,1421,0,0
1777971526855,1378,HTTP Request,200,OK,Tim 1-8,text,true,,231,158,179,179,http://localhost:8079/?token=518473098&user=-1355039501&config=3,1378,0,0
1777971526650,1583,HTTP Request,200,OK,Tim 1-73,text,true,,231,158,179,179,http://localhost:8079/?token=518473098&user=-1355039501&config=3,1583,0,0
1777971526694,1539,HTTP Request,200,OK,Tim 1-74,text,true,,231,158,179,179,http://localhost:8079/?token=518473098&user=-1355039501&config=3,1539,0,0
1777971526899,1334,HTTP Request,200,OK,Tim 1-9,text,true,,231,158,179,179,http://localhost:8079/?token=518473098&user=-1355039501&config=3,1334,0,0
1777971526942,1291,HTTP Request,200,OK,Tim 1-10,text,true,,231,158,179,179,http://localhost:8079/?token=518473098&user=-1355039501&config=3,1291,0,0
1777971526521,1712,HTTP Request,200,OK,Tim 1-70,text,true,,231,158,179,179,http://localhost:8079/?token=518473098&user=-1355039501&config=3,1712,0,0
1777971526779,1454,HTTP Request,200,OK,Tim 1-76,text,true,,231,158,179,179,http://localhost:8079/?token=518473098&user=-1355039501&config=3,1454,0,0
1777971526565,1668,HTTP Request,200,OK,Tim 1-71,text,true,,231,158,179,179,http://localhost:8079/?token=518473098&user=-1355039501&config=3,1668,0,0
1777971526608,1625,HTTP Request,200,OK,Tim 1-72,text,true,,231,158,179,179,http://localhost:8079/?token=518473098&user=-1355039501&config=3,1625,0,0
1777971526866,1367,HTTP Request,200,OK,Tim 1-78,text,true,,231,158,179,179,http://localhost:8079/?token=518473098&user=-1355039501&config=3,1367,0,0
1777971526738,1495,HTTP Request,200,OK,Tim 1-75,text,true,,231,158,179,179,http://localhost:8079/?token=518473098&user=-1355039501&config=3,1495,0,0
1777971526824,1410,HTTP Request,200,OK,Tim 1-77,text,true,,231,158,179,179,http://localhost:8079/?token=518473098&user=-1355039501&config=3,1410,0,0
1777971526908,1325,HTTP Request,200,OK,Tim 1-79,text,true,,231,158,179,179,http://localhost:8079/?token=518473098&user=-1355039501&config=3,1325,0,0
1777971526533,1700,HTTP Request,200,OK,Tim 1-140,text,true,,231,158,179,179,http://localhost:8079/?token=518473098&user=-1355039501&config=3,1700,0,0
1777971526575,1660,HTTP Request,200,OK,Tim 1-141,text,true,,231,158,179,179,http://localhost:8079/?token=518473098&user=-1355039501&config=3,1660,0,0
1777971526618,1617,HTTP Request,200,OK,Tim 1-142,text,true,,231,158,179,179,http://localhost:8079/?token=518473098&user=-1355039501&config=3,1617,0,1
1777971526661,1574,HTTP Request,200,OK,Tim 1-143,text,true,,231,158,179,179,http://localhost:8079/?token=518473098&user=-1355039501&config=3,1574,0,1
1777971526705,1530,HTTP Request,200,OK,Tim 1-144,text,true,,231,158,179,179,http://localhost:8079/?token=518473098&user=-1355039501&config=3,1530,0,0
1777971526791,1444,HTTP Request,200,OK,Tim 1-146,text,true,,231,158,179,179,http://localhost:8079/?token=518473098&user=-1355039501&config=3,1444,0,1
1777971526834,1401,HTTP Request,200,OK,Tim 1-147,text,true,,231,158,179,179,http://localhost:8079/?token=518473098&user=-1355039501&config=3,1401,0,1
1777971526877,1358,HTTP Request,200,OK,Tim 1-148,text,true,,231,158,179,179,http://localhost:8079/?token=518473098&user=-1355039501&config=3,1358,0,0
1777971526748,1487,HTTP Request,200,OK,Tim 1-145,text,true,,231,158,179,179,http://localhost:8079/?token=518473098&user=-1355039501&config=3,1487,0,0
1777971526920,1315,HTTP Request,200,OK,Tim 1-149,text,true,,231,158,179,179,http://localhost:8079/?token=518473098&user=-1355039501&config=3,1315,0,1
1777971526984,3164,HTTP Request,200,OK,Tim 1-11,text,true,,231,158,224,224,http://localhost:8079/?token=518473098&user=-1355039501&config=3,3164,0,0
1777971526951,3197,HTTP Request,200,OK,Tim 1-80,text,true,,231,158,224,224,http://localhost:8079/?token=518473098&user=-1355039501&config=3,3197,0,0
1777971526995,3153,HTTP Request,200,OK,Tim 1-81,text,true,,231,158,224,224,http://localhost:8079/?token=518473098&user=-1355039501&config=3,3153,0,0
1777971527005,3144,HTTP Request,200,OK,Tim 1-151,text,true,,231,158,224,224,http://localhost:8079/?token=518473098&user=-1355039501&config=3,3144,0,1
1777971526963,3186,HTTP Request,200,OK,Tim 1-150,text,true,,231,158,224,224,http://localhost:8079/?token=518473098&user=-1355039501&config=3,3186,0,0
1777971527027,3123,HTTP Request,200,OK,Tim 1-12,text,true,,231,158,224,224,http://localhost:8079/?token=518473098&user=-1355039501&config=3,3123,0,0
1777971527072,3078,HTTP Request,200,OK,Tim 1-13,text,true,,231,158,224,224,http://localhost:8079/?token=518473098&user=-1355039501&config=3,3078,0,0
1777971527114,3036,HTTP Request,200,OK,Tim 1-14,text,true,,231,158,224,224,http://localhost:8079/?token=518473098&user=-1355039501&config=3,3036,0,0
1777971527039,3111,HTTP Request,200,OK,Tim 1-82,text,true,,231,158,224,224,http://localhost:8079/?token=518473098&user=-1355039501&config=3,3111,0,0
1777971527124,3026,HTTP Request,200,OK,Tim 1-84,text,true,,231,158,224,224,http://localhost:8079/?token=518473098&user=-1355039501&config=3,3026,0,0
1777971527081,3069,HTTP Request,200,OK,Tim 1-83,text,true,,231,158,224,224,http://localhost:8079/?token=518473098&user=-1355039501&config=3,3069,0,0
1777971527048,3103,HTTP Request,200,OK,Tim 1-152,text,true,,231,158,224,224,http://localhost:8079/?token=518473098&user=-1355039501&config=3,3103,0,1
1777971527091,3060,HTTP Request,200,OK,Tim 1-153,text,true,,231,158,224,224,http://localhost:8079/?token=518473098&user=-1355039501&config=3,3060,0,0
1777971527135,3016,HTTP Request,200,OK,Tim 1-154,text,true,,231,158,224,224,http://localhost:8079/?token=518473098&user=-1355039501&config=3,3016,0,1
1777971527156,2996,HTTP Request,200,OK,Tim 1-15,text,true,,231,158,224,224,http://localhost:8079/?token=518473098&user=-1355039501&config=3,2996,0,0
1777971527200,2952,HTTP Request,200,OK,Tim 1-16,text,true,,231,158,224,224,http://localhost:8079/?token=518473098&user=-1355039501&config=3,2952,0,0
1777971527243,2909,HTTP Request,200,OK,Tim 1-17,text,true,,231,158,224,224,http://localhost:8079/?token=518473098&user=-1355039501&config=3,2909,0,0
1777971527167,2985,HTTP Request,200,OK,Tim 1-85,text,true,,231,158,224,224,http://localhost:8079/?token=518473098&user=-1355039501&config=3,2985,0,0
1777971527209,2943,HTTP Request,200,OK,Tim 1-86,text,true,,231,158,224,224,http://localhost:8079/?token=518473098&user=-1355039501&config=3,2943,0,0
1777971527286,2866,HTTP Request,200,OK,Tim 1-18,text,true,,231,158,224,224,http://localhost:8079/?token=518473098&user=-1355039501&config=3,2866,0,0
1777971527252,2900,HTTP Request,200,OK,Tim 1-87,text,true,,231,158,224,224,http://localhost:8079/?token=518473098&user=-1355039501&config=3,2900,0,0
1777971527263,2889,HTTP Request,200,OK,Tim 1-157,text,true,,231,158,224,224,http://localhost:8079/?token=518473098&user=-1355039501&config=3,2889,0,1
1777971527178,2974,HTTP Request,200,OK,Tim 1-155,text,true,,231,158,224,224,http://localhost:8079/?token=518473098&user=-1355039501&config=3,2974,0,1
1777971527219,2933,HTTP Request,200,OK,Tim 1-156,text,true,,231,158,224,224,http://localhost:8079/?token=518473098&user=-1355039501&config=3,2933,0,1
1777971527296,2857,HTTP Request,200,OK,Tim 1-88,text,true,,231,158,224,224,http://localhost:8079/?token=518473098&user=-1355039501&config=3,2857,0,0
1777971527308,2846,HTTP Request,200,OK,Tim 1-158,text,true,,231,158,224,224,http://localhost:8079/?token=518473098&user=-1355039501&config=3,2846,0,1
1777971527330,2826,HTTP Request,200,OK,Tim 1-19,text,true,,231,158,224,224,http://localhost:8079/?token=518473098&user=-1355039501&config=3,2826,0,0
1777971527373,2783,HTTP Request,200,OK,Tim 1-20,text,true,,231,158,224,224,http://localhost:8079/?token=518473098&user=-1355039501&config=3,2783,0,0
1777971527382,2774,HTTP Request,200,OK,Tim 1-90,text,true,,231,158,224,224,http://localhost:8079/?token=518473098&user=-1355039501&config=3,2774,0,0
1777971527339,2817,HTTP Request,200,OK,Tim 1-89,text,true,,231,158,224,224,http://localhost:8079/?token=518473098&user=-1355039501&config=3,2817,0,0
1777971527393,2768,HTTP Request,200,OK,Tim 1-160,text,true,,231,158,224,224,http://localhost:8079/?token=518473098&user=-1355039501&config=3,2768,0,0
1777971527351,2810,HTTP Request,200,OK,Tim 1-159,text,true,,231,158,224,224,http://localhost:8079/?token=518473098&user=-1355039501&config=3,2810,0,0
1777971527425,2738,HTTP Request,200,OK,Tim 1-91,text,true,,231,158,224,224,http://localhost:8079/?token=518473098&user=-1355039501&config=3,2738,0,0
1777971527415,2748,HTTP Request,200,OK,Tim 1-21,text,true,,231,158,224,224,http://localhost:8079/?token=518473098&user=-1355039501&config=3,2748,0,0
1777971527435,2730,HTTP Request,200,OK,Tim 1-161,text,true,,231,158,224,224,http://localhost:8079/?token=518473098&user=-1355039501&config=3,2730,0,0
1777971527469,2698,HTTP Request,200,OK,Tim 1-92,text,true,,231,158,224,224,http://localhost:8079/?token=518473098&user=-1355039501&config=3,2698,0,0
1777971527458,2711,HTTP Request,200,OK,Tim 1-22,text,true,,231,158,224,224,http://localhost:8079/?token=518473098&user=-1355039501&config=3,2711,0,0
1777971527502,2671,HTTP Request,200,OK,Tim 1-23,text,true,,231,158,224,224,http://localhost:8079/?token=518473098&user=-1355039501&config=3,2671,0,0
1777971527587,2586,HTTP Request,200,OK,Tim 1-25,text,true,,231,158,224,224,http://localhost:8079/?token=518473098&user=-1355039501&config=3,2586,0,0
1777971527629,2545,HTTP Request,200,OK,Tim 1-26,text,true,,231,158,224,224,http://localhost:8079/?token=518473098&user=-1355039501&config=3,2545,0,0
1777971527673,2501,HTTP Request,200,OK,Tim 1-27,text,true,,231,158,224,224,http://localhost:8079/?token=518473098&user=-1355039501&config=3,2501,0,0
1777971527759,2415,HTTP Request,200,OK,Tim 1-29,text,true,,231,158,224,224,http://localhost:8079/?token=518473098&user=-1355039501&config=3,2415,0,0
1777971527716,2458,HTTP Request,200,OK,Tim 1-28,text,true,,231,158,224,224,http://localhost:8079/?token=518473098&user=-1355039501&config=3,2458,0,0
1777971527566,2608,HTTP Request,200,OK,Tim 1-164,text,true,,231,158,224,224,http://localhost:8079/?token=518473098&user=-1355039501&config=3,2608,0,0
1777971527597,2577,HTTP Request,200,OK,Tim 1-95,text,true,,231,158,224,224,http://localhost:8079/?token=518473098&user=-1355039501&config=3,2577,0,0
1777971527641,2533,HTTP Request,200,OK,Tim 1-96,text,true,,231,158,224,224,http://localhost:8079/?token=518473098&user=-1355039501&config=3,2533,0,0
1777971527683,2491,HTTP Request,200,OK,Tim 1-97,text,true,,231,158,224,224,http://localhost:8079/?token=518473098&user=-1355039501&config=3,2491,0,0
1777971527477,2697,HTTP Request,200,OK,Tim 1-162,text,true,,231,158,224,224,http://localhost:8079/?token=518473098&user=-1355039501&config=3,2697,0,1
1777971527609,2565,HTTP Request,200,OK,Tim 1-165,text,true,,231,158,224,224,http://localhost:8079/?token=518473098&user=-1355039501&config=3,2565,0,0
1777971527726,2448,HTTP Request,200,OK,Tim 1-98,text,true,,231,158,224,224,http://localhost:8079/?token=518473098&user=-1355039501&config=3,2448,0,0
1777971527650,2524,HTTP Request,200,OK,Tim 1-166,text,true,,231,158,224,224,http://localhost:8079/?token=518473098&user=-1355039501&config=3,2524,0,1
1777971527553,2621,HTTP Request,200,OK,Tim 1-94,text,true,,231,158,224,224,http://localhost:8079/?token=518473098&user=-1355039501&config=3,2621,0,0
1777971527521,2653,HTTP Request,200,OK,Tim 1-163,text,true,,231,158,224,224,http://localhost:8079/?token=518473098&user=-1355039501&config=3,2653,0,1
1777971527694,2480,HTTP Request,200,OK,Tim 1-167,text,true,,231,158,224,224,http://localhost:8079/?token=518473098&user=-1355039501&config=3,2480,0,0
1777971527510,2664,HTTP Request,200,OK,Tim 1-93,text,true,,231,158,224,224,http://localhost:8079/?token=518473098&user=-1355039501&config=3,2664,0,0
1777971527736,2438,HTTP Request,200,OK,Tim 1-168,text,true,,231,158,224,224,http://localhost:8079/?token=518473098&user=-1355039501&config=3,2438,0,1
1777971527544,2630,HTTP Request,200,OK,Tim 1-24,text,true,,231,158,224,224,http://localhost:8079/?token=518473098&user=-1355039501&config=3,2630,0,0
1777971527769,9743,HTTP Request,200,OK,Tim 1-99,text,true,,231,158,395,395,http://localhost:8079/?token=518473098&user=-1355039501&config=3,9743,0,0
1777971527811,9710,HTTP Request,200,OK,Tim 1-100,text,true,,231,158,395,395,http://localhost:8079/?token=518473098&user=-1355039501&config=3,9710,0,0
1777971527779,9742,HTTP Request,200,OK,Tim 1-169,text,true,,231,158,395,395,http://localhost:8079/?token=518473098&user=-1355039501&config=3,9742,0,0
1777971527802,9771,HTTP Request,200,OK,Tim 1-30,text,true,,231,158,396,396,http://localhost:8079/?token=518473098&user=-1355039501&config=3,9771,0,0
1777971527845,9729,HTTP Request,200,OK,Tim 1-31,text,true,,231,158,396,396,http://localhost:8079/?token=518473098&user=-1355039501&config=3,9729,0,0
1777971527823,9751,HTTP Request,200,OK,Tim 1-170,text,true,,231,158,396,396,http://localhost:8079/?token=518473098&user=-1355039501&config=3,9751,0,1
1777971527887,9689,HTTP Request,200,OK,Tim 1-32,text,true,,231,158,396,396,http://localhost:8079/?token=518473098&user=-1355039501&config=3,9689,0,0
1777971527856,9720,HTTP Request,200,OK,Tim 1-101,text,true,,231,158,396,396,http://localhost:8079/?token=518473098&user=-1355039501&config=3,9720,0,0
1777971527900,9676,HTTP Request,200,OK,Tim 1-102,text,true,,231,158,396,396,http://localhost:8079/?token=518473098&user=-1355039501&config=3,9676,0,0
1777971527930,9647,HTTP Request,200,OK,Tim 1-33,text,true,,231,158,396,396,http://localhost:8079/?token=518473098&user=-1355039501&config=3,9647,0,0
1777971527866,9711,HTTP Request,200,OK,Tim 1-171,text,true,,231,158,396,396,http://localhost:8079/?token=518473098&user=-1355039501&config=3,9711,0,0
1777971527941,9637,HTTP Request,200,OK,Tim 1-103,text,true,,231,158,396,396,http://localhost:8079/?token=518473098&user=-1355039501&config=3,9637,0,0
1777971527909,9669,HTTP Request,200,OK,Tim 1-172,text,true,,231,158,396,396,http://localhost:8079/?token=518473098&user=-1355039501&config=3,9669,0,0
1777971527951,9627,HTTP Request,200,OK,Tim 1-173,text,true,,231,158,396,396,http://localhost:8079/?token=518473098&user=-1355039501&config=3,9627,0,0
1777971527975,9604,HTTP Request,200,OK,Tim 1-34,text,true,,231,158,396,396,http://localhost:8079/?token=518473098&user=-1355039501&config=3,9604,0,0
1777971527985,9594,HTTP Request,200,OK,Tim 1-104,text,true,,231,158,396,396,http://localhost:8079/?token=518473098&user=-1355039501&config=3,9594,0,0
1777971528027,9552,HTTP Request,200,OK,Tim 1-105,text,true,,231,158,396,396,http://localhost:8079/?token=518473098&user=-1355039501&config=3,9552,0,0
1777971528060,9520,HTTP Request,200,OK,Tim 1-36,text,true,,231,158,396,396,http://localhost:8079/?token=518473098&user=-1355039501&config=3,9520,0,0
1777971528103,9477,HTTP Request,200,OK,Tim 1-37,text,true,,231,158,396,396,http://localhost:8079/?token=518473098&user=-1355039501&config=3,9477,0,0
1777971528017,9563,HTTP Request,200,OK,Tim 1-35,text,true,,231,158,396,396,http://localhost:8079/?token=518473098&user=-1355039501&config=3,9563,0,0
1777971528069,9512,HTTP Request,200,OK,Tim 1-106,text,true,,231,158,396,396,http://localhost:8079/?token=518473098&user=-1355039501&config=3,9512,0,0
1777971528113,9468,HTTP Request,200,OK,Tim 1-107,text,true,,231,158,396,396,http://localhost:8079/?token=518473098&user=-1355039501&config=3,9468,0,0
1777971528036,9545,HTTP Request,200,OK,Tim 1-175,text,true,,231,158,396,396,http://localhost:8079/?token=518473098&user=-1355039501&config=3,9545,0,1
1777971527994,9587,HTTP Request,200,OK,Tim 1-174,text,true,,231,158,396,396,http://localhost:8079/?token=518473098&user=-1355039501&config=3,9587,0,0
1777971528125,9456,HTTP Request,200,OK,Tim 1-177,text,true,,231,158,396,396,http://localhost:8079/?token=518473098&user=-1355039501&config=3,9456,0,0
1777971528146,9436,HTTP Request,200,OK,Tim 1-38,text,true,,231,158,396,396,http://localhost:8079/?token=518473098&user=-1355039501&config=3,9436,0,0
1777971528082,9500,HTTP Request,200,OK,Tim 1-176,text,true,,231,158,397,397,http://localhost:8079/?token=518473098&user=-1355039501&config=3,9500,0,0
1777971528232,9352,HTTP Request,200,OK,Tim 1-40,text,true,,231,158,397,397,http://localhost:8079/?token=518473098&user=-1355039501&config=3,9352,0,0
1777971528242,9342,HTTP Request,200,OK,Tim 1-110,text,true,,231,158,397,397,http://localhost:8079/?token=518473098&user=-1355039501&config=3,9342,0,0
1777971528210,9377,HTTP Request,200,OK,Tim 1-179,text,true,,231,158,397,397,http://localhost:8079/?token=518473098&user=-1355039501&config=3,9377,0,0
1777971528318,9272,HTTP Request,200,OK,Tim 1-42,text,true,,231,158,397,397,http://localhost:8079/?token=518473098&user=-1355039501&config=3,9272,0,0
1777971528275,9315,HTTP Request,200,OK,Tim 1-41,text,true,,231,158,397,397,http://localhost:8079/?token=518473098&user=-1355039501&config=3,9315,0,0
1777971528361,9229,HTTP Request,200,OK,Tim 1-43,text,true,,231,158,397,397,http://localhost:8079/?token=518473098&user=-1355039501&config=3,9229,0,0
1777971528286,9305,HTTP Request,200,OK,Tim 1-111,text,true,,231,158,397,397,http://localhost:8079/?token=518473098&user=-1355039501&config=3,9305,0,0
1777971528330,9261,HTTP Request,200,OK,Tim 1-112,text,true,,231,158,397,397,http://localhost:8079/?token=518473098&user=-1355039501&config=3,9261,0,0
1777971528372,9219,HTTP Request,200,OK,Tim 1-113,text,true,,231,158,397,397,http://localhost:8079/?token=518473098&user=-1355039501&config=3,9219,0,0
1777971528295,9296,HTTP Request,200,OK,Tim 1-181,text,true,,231,158,397,397,http://localhost:8079/?token=518473098&user=-1355039501&config=3,9296,0,1
1777971528339,9252,HTTP Request,200,OK,Tim 1-182,text,true,,231,158,397,397,http://localhost:8079/?token=518473098&user=-1355039501&config=3,9252,0,0
1777971528252,9339,HTTP Request,200,OK,Tim 1-180,text,true,,231,158,397,397,http://localhost:8079/?token=518473098&user=-1355039501&config=3,9339,0,1
1777971528381,9210,HTTP Request,200,OK,Tim 1-183,text,true,,231,158,397,397,http://localhost:8079/?token=518473098&user=-1355039501&config=3,9210,0,0
1777971528403,9189,HTTP Request,200,OK,Tim 1-44,text,true,,231,158,397,397,http://localhost:8079/?token=518473098&user=-1355039501&config=3,9189,0,0
1777971528413,9182,HTTP Request,200,OK,Tim 1-114,text,true,,231,158,397,397,http://localhost:8079/?token=518473098&user=-1355039501&config=3,9182,0,0
1777971528425,9177,HTTP Request,200,OK,Tim 1-184,text,true,,231,158,397,397,http://localhost:8079/?token=518473098&user=-1355039501&config=3,9177,0,0
1777971528447,9155,HTTP Request,200,OK,Tim 1-45,text,true,,231,158,397,397,http://localhost:8079/?token=518473098&user=-1355039501&config=3,9155,0,0
1777971528457,9145,HTTP Request,200,OK,Tim 1-115,text,true,,231,158,397,397,http://localhost:8079/?token=518473098&user=-1355039501&config=3,9145,0,0
1777971528489,9118,HTTP Request,200,OK,Tim 1-46,text,true,,231,158,397,397,http://localhost:8079/?token=518473098&user=-1355039501&config=3,9118,0,0
1777971528468,9139,HTTP Request,200,OK,Tim 1-185,text,true,,231,158,397,397,http://localhost:8079/?token=518473098&user=-1355039501&config=3,9139,0,0
1777971528500,9108,HTTP Request,200,OK,Tim 1-116,text,true,,231,158,397,397,http://localhost:8079/?token=518473098&user=-1355039501&config=3,9108,0,0
1777971528543,9070,HTTP Request,200,OK,Tim 1-117,text,true,,231,158,397,397,http://localhost:8079/?token=518473098&user=-1355039501&config=3,9070,0,0
1777971528511,9102,HTTP Request,200,OK,Tim 1-186,text,true,,231,158,397,397,http://localhost:8079/?token=518473098&user=-1355039501&config=3,9102,0,0
1777971529770,7848,HTTP Request,500,Internal Server Error,Tim 1-6,text,false,,233,158,397,397,http://localhost:8079/?token=518473098&user=-1355039501&config=3,7848,0,0
1777971529727,7891,HTTP Request,500,Internal Server Error,Tim 1-5,text,false,,233,158,397,397,http://localhost:8079/?token=518473098&user=-1355039501&config=3,7891,0,0
1777971529684,7934,HTTP Request,500,Internal Server Error,Tim 1-4,text,false,,233,158,397,397,http://localhost:8079/?token=518473098&user=-1355039501&config=3,7934,0,0
1777971529812,7807,HTTP Request,500,Internal Server Error,Tim 1-7,text,false,,233,158,397,397,http://localhost:8079/?token=518473098&user=-1355039501&config=3,7806,0,0
1777971529899,7720,HTTP Request,500,Internal Server Error,Tim 1-9,text,false,,233,158,397,397,http://localhost:8079/?token=518473098&user=-1355039501&config=3,7719,0,0
1777971529942,7677,HTTP Request,500,Internal Server Error,Tim 1-10,text,false,,233,158,397,397,http://localhost:8079/?token=518473098&user=-1355039501&config=3,7676,0,0
1777971529855,7764,HTTP Request,500,Internal Server Error,Tim 1-8,text,false,,233,158,397,397,http://localhost:8079/?token=518473098&user=-1355039501&config=3,7763,0,0
1777971528533,9086,HTTP Request,200,OK,Tim 1-47,text,true,,231,158,397,397,http://localhost:8079/?token=518473098&user=-1355039501&config=3,9086,0,0
1777971528576,9043,HTTP Request,200,OK,Tim 1-48,text,true,,231,158,397,397,http://localhost:8079/?token=518473098&user=-1355039501&config=3,9043,0,0
1777971528618,9001,HTTP Request,200,OK,Tim 1-49,text,true,,231,158,397,397,http://localhost:8079/?token=518473098&user=-1355039501&config=3,9001,0,0
1777971528662,8957,HTTP Request,200,OK,Tim 1-50,text,true,,231,158,397,397,http://localhost:8079/?token=518473098&user=-1355039501&config=3,8957,0,0
1777971528705,8914,HTTP Request,200,OK,Tim 1-51,text,true,,231,158,397,397,http://localhost:8079/?token=518473098&user=-1355039501&config=3,8914,0,0
1777971529694,7925,HTTP Request,500,Internal Server Error,Tim 1-74,text,false,,233,158,397,397,http://localhost:8079/?token=518473098&user=-1355039501&config=3,7925,0,0
1777971529738,7881,HTTP Request,500,Internal Server Error,Tim 1-75,text,false,,233,158,397,397,http://localhost:8079/?token=518473098&user=-1355039501&config=3,7881,0,0
1777971529779,7840,HTTP Request,500,Internal Server Error,Tim 1-76,text,false,,233,158,397,397,http://localhost:8079/?token=518473098&user=-1355039501&config=3,7840,0,0
1777971529824,7795,HTTP Request,500,Internal Server Error,Tim 1-77,text,false,,233,158,397,397,http://localhost:8079/?token=518473098&user=-1355039501&config=3,7795,0,0
1777971529866,7753,HTTP Request,500,Internal Server Error,Tim 1-78,text,false,,233,158,397,397,http://localhost:8079/?token=518473098&user=-1355039501&config=3,7753,0,0
1777971529908,7711,HTTP Request,500,Internal Server Error,Tim 1-79,text,false,,233,158,397,397,http://localhost:8079/?token=518473098&user=-1355039501&config=3,7711,0,0
1777971528585,9034,HTTP Request,200,OK,Tim 1-118,text,true,,231,158,397,397,http://localhost:8079/?token=518473098&user=-1355039501&config=3,9034,0,0
1777971528629,8990,HTTP Request,200,OK,Tim 1-119,text,true,,231,158,397,397,http://localhost:8079/?token=518473098&user=-1355039501&config=3,8990,0,0
1777971528673,8946,HTTP Request,200,OK,Tim 1-120,text,true,,231,158,397,397,http://localhost:8079/?token=518473098&user=-1355039501&config=3,8946,0,0
1777971528714,8905,HTTP Request,200,OK,Tim 1-121,text,true,,231,158,397,397,http://localhost:8079/?token=518473098&user=-1355039501&config=3,8905,0,0
1777971529661,7958,HTTP Request,500,Internal Server Error,Tim 1-143,text,false,,233,158,397,397,http://localhost:8079/?token=518473098&user=-1355039501&config=3,7958,0,0
1777971529705,7914,HTTP Request,500,Internal Server Error,Tim 1-144,text,false,,233,158,397,397,http://localhost:8079/?token=518473098&user=-1355039501&config=3,7914,0,0
1777971529747,7872,HTTP Request,500,Internal Server Error,Tim 1-145,text,false,,233,158,397,397,http://localhost:8079/?token=518473098&user=-1355039501&config=3,7872,0,0
1777971529791,7828,HTTP Request,500,Internal Server Error,Tim 1-146,text,false,,233,158,397,397,http://localhost:8079/?token=518473098&user=-1355039501&config=3,7828,0,0
1777971529877,7742,HTTP Request,500,Internal Server Error,Tim 1-148,text,false,,233,158,397,397,http://localhost:8079/?token=518473098&user=-1355039501&config=3,7742,0,0
1777971529833,7786,HTTP Request,500,Internal Server Error,Tim 1-147,text,false,,233,158,397,397,http://localhost:8079/?token=518473098&user=-1355039501&config=3,7786,0,0
1777971529920,7699,HTTP Request,500,Internal Server Error,Tim 1-149,text,false,,233,158,397,397,http://localhost:8079/?token=518473098&user=-1355039501&config=3,7699,0,0
1777971528596,9023,HTTP Request,200,OK,Tim 1-188,text,true,,231,158,397,397,http://localhost:8079/?token=518473098&user=-1355039501&config=3,9023,0,1
1777971528554,9065,HTTP Request,200,OK,Tim 1-187,text,true,,231,158,397,397,http://localhost:8079/?token=518473098&user=-1355039501&config=3,9065,0,0
1777971528639,8980,HTTP Request,200,OK,Tim 1-189,text,true,,231,158,397,397,http://localhost:8079/?token=518473098&user=-1355039501&config=3,8980,0,1
1777971528682,8937,HTTP Request,200,OK,Tim 1-190,text,true,,231,158,397,397,http://localhost:8079/?token=518473098&user=-1355039501&config=3,8937,0,0
1777971528725,8894,HTTP Request,200,OK,Tim 1-191,text,true,,231,158,397,397,http://localhost:8079/?token=518473098&user=-1355039501&config=3,8894,0,1
1777971529672,7947,HTTP Request,500,Internal Server Error,Tim 1-213,text,false,,233,158,397,397,http://localhost:8079/?token=518473098&user=-1355039501&config=3,7947,0,0
1777971529715,7904,HTTP Request,500,Internal Server Error,Tim 1-214,text,false,,233,158,397,397,http://localhost:8079/?token=518473098&user=-1355039501&config=3,7904,0,0
1777971529758,7861,HTTP Request,500,Internal Server Error,Tim 1-215,text,false,,233,158,397,397,http://localhost:8079/?token=518473098&user=-1355039501&config=3,7861,0,1
1777971529799,7821,HTTP Request,500,Internal Server Error,Tim 1-216,text,false,,233,158,397,397,http://localhost:8079/?token=518473098&user=-1355039501&config=3,7820,0,1
1777971529843,7777,HTTP Request,500,Internal Server Error,Tim 1-217,text,false,,233,158,397,397,http://localhost:8079/?token=518473098&user=-1355039501&config=3,7776,0,0
1777971529886,7734,HTTP Request,500,Internal Server Error,Tim 1-218,text,false,,233,158,397,397,http://localhost:8079/?token=518473098&user=-1355039501&config=3,7734,0,1
1777971529929,7691,HTTP Request,500,Internal Server Error,Tim 1-219,text,false,,233,158,397,397,http://localhost:8079/?token=518473098&user=-1355039501&config=3,7691,0,1
1777971529973,7647,HTTP Request,500,Internal Server Error,Tim 1-220,text,false,,233,158,397,397,http://localhost:8079/?token=518473098&user=-1355039501&config=3,7647,0,0
1777971530102,7518,HTTP Request,500,Internal Server Error,Tim 1-223,text,false,,233,158,397,397,http://localhost:8079/?token=518473098&user=-1355039501&config=3,7518,0,0
1777971530015,7605,HTTP Request,500,Internal Server Error,Tim 1-221,text,false,,233,158,397,397,http://localhost:8079/?token=518473098&user=-1355039501&config=3,7605,0,1
1777971530059,7561,HTTP Request,500,Internal Server Error,Tim 1-222,text,false,,233,158,397,397,http://localhost:8079/?token=518473098&user=-1355039501&config=3,7561,0,1
1777971528191,12670,HTTP Request,200,OK,Tim 1-39,text,true,,231,158,473,473,http://localhost:8079/?token=518473098&user=-1355039501&config=3,12670,0,0
1777971528158,12703,HTTP Request,200,OK,Tim 1-108,text,true,,231,158,473,473,http://localhost:8079/?token=518473098&user=-1355039501&config=3,12703,0,0
1777971528167,12694,HTTP Request,200,OK,Tim 1-178,text,true,,231,158,473,473,http://localhost:8079/?token=518473098&user=-1355039501&config=3,12694,0,1
1777971528200,12661,HTTP Request,200,OK,Tim 1-109,text,true,,231,158,473,473,http://localhost:8079/?token=518473098&user=-1355039501&config=3,12661,0,0
1777971528748,13555,HTTP Request,200,OK,Tim 1-52,text,true,,231,158,506,506,http://localhost:8079/?token=518473098&user=-1355039501&config=3,13555,0,0
1777971528758,13545,HTTP Request,200,OK,Tim 1-122,text,true,,231,158,506,506,http://localhost:8079/?token=518473098&user=-1355039501&config=3,13545,0,0
1777971528801,13502,HTTP Request,200,OK,Tim 1-123,text,true,,231,158,506,506,http://localhost:8079/?token=518473098&user=-1355039501&config=3,13502,0,0
1777971528792,13525,HTTP Request,200,OK,Tim 1-53,text,true,,231,158,507,507,http://localhost:8079/?token=518473098&user=-1355039501&config=3,13525,0,0
1777971528834,13483,HTTP Request,200,OK,Tim 1-54,text,true,,231,158,507,507,http://localhost:8079/?token=518473098&user=-1355039501&config=3,13483,0,0
1777971528877,13440,HTTP Request,200,OK,Tim 1-55,text,true,,231,158,507,507,http://localhost:8079/?token=518473098&user=-1355039501&config=3,13440,0,0
1777971528845,13472,HTTP Request,200,OK,Tim 1-124,text,true,,231,158,507,507,http://localhost:8079/?token=518473098&user=-1355039501&config=3,13472,0,0
1777971528813,13505,HTTP Request,200,OK,Tim 1-193,text,true,,231,158,507,507,http://localhost:8079/?token=518473098&user=-1355039501&config=3,13505,0,0
1777971528886,13435,HTTP Request,200,OK,Tim 1-125,text,true,,231,158,507,507,http://localhost:8079/?token=518473098&user=-1355039501&config=3,13435,0,0
1777971528769,13552,HTTP Request,200,OK,Tim 1-192,text,true,,231,158,507,507,http://localhost:8079/?token=518473098&user=-1355039501&config=3,13552,0,1
1777971528920,13402,HTTP Request,200,OK,Tim 1-56,text,true,,231,158,507,507,http://localhost:8079/?token=518473098&user=-1355039501&config=3,13402,0,0
1777971528855,13467,HTTP Request,200,OK,Tim 1-194,text,true,,231,158,507,507,http://localhost:8079/?token=518473098&user=-1355039501&config=3,13467,0,0
1777971528962,13370,HTTP Request,200,OK,Tim 1-57,text,true,,231,158,507,507,http://localhost:8079/?token=518473098&user=-1355039501&config=3,13370,0,0
1777971528940,13392,HTTP Request,200,OK,Tim 1-196,text,true,,231,158,507,507,http://localhost:8079/?token=518473098&user=-1355039501&config=3,13392,0,1
1777971529006,13327,HTTP Request,200,OK,Tim 1-58,text,true,,231,158,507,507,http://localhost:8079/?token=518473098&user=-1355039501&config=3,13327,0,0
1777971528897,13437,HTTP Request,200,OK,Tim 1-195,text,true,,231,158,507,507,http://localhost:8079/?token=518473098&user=-1355039501&config=3,13437,0,0
1777971528972,13365,HTTP Request,200,OK,Tim 1-127,text,true,,231,158,507,507,http://localhost:8079/?token=518473098&user=-1355039501&config=3,13365,0,0
1777971529016,13324,HTTP Request,200,OK,Tim 1-128,text,true,,231,158,507,507,http://localhost:8079/?token=518473098&user=-1355039501&config=3,13324,0,0
1777971528930,13410,HTTP Request,200,OK,Tim 1-126,text,true,,231,158,507,507,http://localhost:8079/?token=518473098&user=-1355039501&config=3,13410,0,0
1777971529092,13259,HTTP Request,200,OK,Tim 1-60,text,true,,231,158,507,507,http://localhost:8079/?token=518473098&user=-1355039501&config=3,13259,0,0
1777971528982,13370,HTTP Request,200,OK,Tim 1-197,text,true,,231,158,507,507,http://localhost:8079/?token=518473098&user=-1355039501&config=3,13370,0,1
1777971529050,13306,HTTP Request,200,OK,Tim 1-59,text,true,,231,158,507,507,http://localhost:8079/?token=518473098&user=-1355039501&config=3,13306,0,0
1777971529113,13243,HTTP Request,200,OK,Tim 1-200,text,true,,231,158,507,507,http://localhost:8079/?token=518473098&user=-1355039501&config=3,13243,0,0
1777971529103,13257,HTTP Request,200,OK,Tim 1-130,text,true,,231,158,508,508,http://localhost:8079/?token=518473098&user=-1355039501&config=3,13257,0,0
1777971529059,13301,HTTP Request,200,OK,Tim 1-129,text,true,,231,158,508,508,http://localhost:8079/?token=518473098&user=-1355039501&config=3,13301,0,0
1777971529145,13216,HTTP Request,200,OK,Tim 1-131,text,true,,231,158,508,508,http://localhost:8079/?token=518473098&user=-1355039501&config=3,13216,0,0
1777971529188,13173,HTTP Request,200,OK,Tim 1-132,text,true,,231,158,508,508,http://localhost:8079/?token=518473098&user=-1355039501&config=3,13173,0,0
1777971529026,13341,HTTP Request,200,OK,Tim 1-198,text,true,,231,158,508,508,http://localhost:8079/?token=518473098&user=-1355039501&config=3,13341,0,1
1777971529071,13296,HTTP Request,200,OK,Tim 1-199,text,true,,231,158,508,508,http://localhost:8079/?token=518473098&user=-1355039501&config=3,13296,0,0
1777971529135,13238,HTTP Request,200,OK,Tim 1-61,text,true,,231,158,508,508,http://localhost:8079/?token=518473098&user=-1355039501&config=3,13238,0,0
1777971529178,13197,HTTP Request,200,OK,Tim 1-62,text,true,,231,158,508,508,http://localhost:8079/?token=518473098&user=-1355039501&config=3,13197,0,0
1777971529156,13219,HTTP Request,200,OK,Tim 1-201,text,true,,231,158,508,508,http://localhost:8079/?token=518473098&user=-1355039501&config=3,13219,0,0
1777971529198,13178,HTTP Request,200,OK,Tim 1-202,text,true,,231,158,508,508,http://localhost:8079/?token=518473098&user=-1355039501&config=3,13178,0,0
1777971529273,13103,HTTP Request,200,OK,Tim 1-134,text,true,,231,158,508,508,http://localhost:8079/?token=518473098&user=-1355039501&config=3,13103,0,0
1777971529241,13135,HTTP Request,200,OK,Tim 1-203,text,true,,231,158,508,508,http://localhost:8079/?token=518473098&user=-1355039501&config=3,13135,0,0
1777971529230,13150,HTTP Request,200,OK,Tim 1-133,text,true,,231,158,508,508,http://localhost:8079/?token=518473098&user=-1355039501&config=3,13150,0,0
1777971529264,13120,HTTP Request,200,OK,Tim 1-64,text,true,,231,158,508,508,http://localhost:8079/?token=518473098&user=-1355039501&config=3,13120,0,0
1777971529317,13067,HTTP Request,200,OK,Tim 1-135,text,true,,231,158,508,508,http://localhost:8079/?token=518473098&user=-1355039501&config=3,13067,0,0
1777971529221,13166,HTTP Request,200,OK,Tim 1-63,text,true,,231,158,508,508,http://localhost:8079/?token=518473098&user=-1355039501&config=3,13166,0,0
1777971529308,13079,HTTP Request,200,OK,Tim 1-65,text,true,,231,158,508,508,http://localhost:8079/?token=518473098&user=-1355039501&config=3,13079,0,0
1777971529361,13026,HTTP Request,200,OK,Tim 1-136,text,true,,231,158,508,508,http://localhost:8079/?token=518473098&user=-1355039501&config=3,13026,0,0
1777971529284,13103,HTTP Request,200,OK,Tim 1-204,text,true,,231,158,508,508,http://localhost:8079/?token=518473098&user=-1355039501&config=3,13103,0,0
1777971529327,13060,HTTP Request,200,OK,Tim 1-205,text,true,,231,158,508,508,http://localhost:8079/?token=518473098&user=-1355039501&config=3,13060,0,1
1777971529372,13015,HTTP Request,200,OK,Tim 1-206,text,true,,231,158,508,508,http://localhost:8079/?token=518473098&user=-1355039501&config=3,13015,0,0
1777971529349,13040,HTTP Request,200,OK,Tim 1-66,text,true,,231,158,508,508,http://localhost:8079/?token=518473098&user=-1355039501&config=3,13040,0,0
1777971529521,12868,HTTP Request,200,OK,Tim 1-70,text,true,,231,158,508,508,http://localhost:8079/?token=518473098&user=-1355039501&config=3,12868,0,0
1777971529403,12986,HTTP Request,200,OK,Tim 1-137,text,true,,231,158,508,508,http://localhost:8079/?token=518473098&user=-1355039501&config=3,12986,0,0
1777971529446,12943,HTTP Request,200,OK,Tim 1-138,text,true,,231,158,508,508,http://localhost:8079/?token=518473098&user=-1355039501&config=3,12943,0,0
1777971529393,13000,HTTP Request,200,OK,Tim 1-67,text,true,,231,158,508,508,http://localhost:8079/?token=518473098&user=-1355039501&config=3,13000,0,0
1777971529490,12903,HTTP Request,200,OK,Tim 1-139,text,true,,231,158,508,508,http://localhost:8079/?token=518473098&user=-1355039501&config=3,12903,0,0
1777971529456,12938,HTTP Request,200,OK,Tim 1-208,text,true,,231,158,508,508,http://localhost:8079/?token=518473098&user=-1355039501&config=3,12938,0,1
1777971529435,12960,HTTP Request,200,OK,Tim 1-68,text,true,,231,158,508,508,http://localhost:8079/?token=518473098&user=-1355039501&config=3,12960,0,0
1777971529480,12915,HTTP Request,200,OK,Tim 1-69,text,true,,231,158,508,508,http://localhost:8079/?token=518473098&user=-1355039501&config=3,12915,0,0
1777971529414,12981,HTTP Request,200,OK,Tim 1-207,text,true,,231,158,508,508,http://localhost:8079/?token=518473098&user=-1355039501&config=3,12981,0,0
1777971529532,12865,HTTP Request,200,OK,Tim 1-140,text,true,,231,158,508,508,http://localhost:8079/?token=518473098&user=-1355039501&config=3,12865,0,0
1777971529565,12834,HTTP Request,200,OK,Tim 1-71,text,true,,231,158,509,509,http://localhost:8079/?token=518473098&user=-1355039501&config=3,12834,0,0
1777971529499,12901,HTTP Request,200,OK,Tim 1-209,text,true,,231,158,509,509,http://localhost:8079/?token=518473098&user=-1355039501&config=3,12901,0,0
1777971529598,12813,HTTP Request,200,OK,Tim 1-2,text,true,,231,158,509,509,http://localhost:8079/?token=518473098&user=-1355039501&config=3,12813,0,0
1777971529542,12869,HTTP Request,200,OK,Tim 1-210,text,true,,231,158,509,509,http://localhost:8079/?token=518473098&user=-1355039501&config=3,12869,0,1
1777971529556,12858,HTTP Request,200,OK,Tim 1-1,text,true,,231,158,509,509,http://localhost:8079/?token=518473098&user=-1355039501&config=3,12858,0,0
1777971529650,12766,HTTP Request,200,OK,Tim 1-73,text,true,,231,158,509,509,http://localhost:8079/?token=518473098&user=-1355039501&config=3,12766,0,0
1777971529618,12798,HTTP Request,200,OK,Tim 1-142,text,true,,231,158,509,509,http://localhost:8079/?token=518473098&user=-1355039501&config=3,12798,0,0
1777971529585,12831,HTTP Request,200,OK,Tim 1-211,text,true,,231,158,509,509,http://localhost:8079/?token=518473098&user=-1355039501&config=3,12831,0,0
1777971529574,12843,HTTP Request,200,OK,Tim 1-141,text,true,,231,158,509,509,http://localhost:8079/?token=518473098&user=-1355039501&config=3,12843,0,0
1777971529640,12788,HTTP Request,200,OK,Tim 1-3,text,true,,231,158,509,509,http://localhost:8079/?token=518473098&user=-1355039501&config=3,12788,0,0
1777971529608,12820,HTTP Request,200,OK,Tim 1-72,text,true,,231,158,509,509,http://localhost:8079/?token=518473098&user=-1355039501&config=3,12820,0,0
1777971529628,12802,HTTP Request,200,OK,Tim 1-212,text,true,,231,158,509,509,http://localhost:8079/?token=518473098&user=-1355039501&config=3,12802,0,0
1777971530148,16919,HTTP Request,200,OK,Tim 1-11,text,true,,231,158,617,617,http://localhost:8079/?token=518473098&user=-1355039501&config=3,16919,0,0
1777971530148,16919,HTTP Request,200,OK,Tim 1-80,text,true,,231,158,617,617,http://localhost:8079/?token=518473098&user=-1355039501&config=3,16919,0,0
1777971530148,16919,HTTP Request,200,OK,Tim 1-81,text,true,,231,158,617,617,http://localhost:8079/?token=518473098&user=-1355039501&config=3,16919,0,0
1777971530150,16917,HTTP Request,200,OK,Tim 1-12,text,true,,231,158,617,617,http://localhost:8079/?token=518473098&user=-1355039501&config=3,16917,0,0
1777971530151,16916,HTTP Request,200,OK,Tim 1-82,text,true,,231,158,617,617,http://localhost:8079/?token=518473098&user=-1355039501&config=3,16916,0,0
1777971530151,16916,HTTP Request,200,OK,Tim 1-84,text,true,,231,158,617,617,http://localhost:8079/?token=518473098&user=-1355039501&config=3,16916,0,0
1777971530151,16916,HTTP Request,200,OK,Tim 1-83,text,true,,231,158,617,617,http://localhost:8079/?token=518473098&user=-1355039501&config=3,16916,0,0
1777971530151,16916,HTTP Request,200,OK,Tim 1-152,text,true,,231,158,617,617,http://localhost:8079/?token=518473098&user=-1355039501&config=3,16916,0,0
1777971530150,17143,HTTP Request,200,OK,Tim 1-14,text,true,,231,158,622,622,http://localhost:8079/?token=518473098&user=-1355039501&config=3,17143,0,0
1777971530150,17143,HTTP Request,200,OK,Tim 1-13,text,true,,231,158,622,622,http://localhost:8079/?token=518473098&user=-1355039501&config=3,17143,0,0
1777971530200,17093,HTTP Request,200,OK,Tim 1-16,text,true,,231,158,622,622,http://localhost:8079/?token=518473098&user=-1355039501&config=3,17093,0,0
1777971530167,17126,HTTP Request,200,OK,Tim 1-85,text,true,,231,158,622,622,http://localhost:8079/?token=518473098&user=-1355039501&config=3,17126,0,0
1777971530209,17084,HTTP Request,200,OK,Tim 1-86,text,true,,231,158,622,622,http://localhost:8079/?token=518473098&user=-1355039501&config=3,17084,0,0
1777971530156,17137,HTTP Request,200,OK,Tim 1-15,text,true,,231,158,622,622,http://localhost:8079/?token=518473098&user=-1355039501&config=3,17137,0,0
1777971530149,17144,HTTP Request,200,OK,Tim 1-150,text,true,,231,158,622,622,http://localhost:8079/?token=518473098&user=-1355039501&config=3,17144,0,0
1777971530151,17142,HTTP Request,200,OK,Tim 1-153,text,true,,231,158,622,622,http://localhost:8079/?token=518473098&user=-1355039501&config=3,17142,0,0
1777971530187,17106,HTTP Request,200,OK,Tim 1-225,text,true,,231,158,622,622,http://localhost:8079/?token=518473098&user=-1355039501&config=3,17106,0,2
1777971530144,17149,HTTP Request,200,OK,Tim 1-224,text,true,,231,158,622,622,http://localhost:8079/?token=518473098&user=-1355039501&config=3,17149,0,0
1777971530178,17115,HTTP Request,200,OK,Tim 1-155,text,true,,231,158,622,622,http://localhost:8079/?token=518473098&user=-1355039501&config=3,17115,0,0
1777971530151,17142,HTTP Request,200,OK,Tim 1-154,text,true,,231,158,622,622,http://localhost:8079/?token=518473098&user=-1355039501&config=3,17142,0,0
1777971530149,17144,HTTP Request,200,OK,Tim 1-151,text,true,,231,158,622,622,http://localhost:8079/?token=518473098&user=-1355039501&config=3,17144,0,0
1777971530286,17119,HTTP Request,200,OK,Tim 1-18,text,true,,231,158,625,625,http://localhost:8079/?token=518473098&user=-1355039501&config=3,17119,0,0
1777971530243,17162,HTTP Request,200,OK,Tim 1-17,text,true,,231,158,625,625,http://localhost:8079/?token=518473098&user=-1355039501&config=3,17162,0,0
1777971530329,17076,HTTP Request,200,OK,Tim 1-19,text,true,,231,158,625,625,http://localhost:8079/?token=518473098&user=-1355039501&config=3,17076,0,0
1777971530415,16991,HTTP Request,200,OK,Tim 1-21,text,true,,231,158,625,625,http://localhost:8079/?token=518473098&user=-1355039501&config=3,16991,0,0
1777971530374,17032,HTTP Request,200,OK,Tim 1-20,text,true,,231,158,625,625,http://localhost:8079/?token=518473098&user=-1355039501&config=3,17032,0,0
1777971530253,17155,HTTP Request,200,OK,Tim 1-87,text,true,,231,158,625,625,http://localhost:8079/?token=518473098&user=-1355039501&config=3,17155,0,0
1777971530501,16907,HTTP Request,200,OK,Tim 1-23,text,true,,231,158,625,625,http://localhost:8079/?token=518473098&user=-1355039501&config=3,16907,0,0
1777971530296,17112,HTTP Request,200,OK,Tim 1-88,text,true,,231,158,625,625,http://localhost:8079/?token=518473098&user=-1355039501&config=3,17112,0,0
1777971530339,17069,HTTP Request,200,OK,Tim 1-89,text,true,,231,158,625,625,http://localhost:8079/?token=518473098&user=-1355039501&config=3,17069,0,0
1777971530458,16950,HTTP Request,200,OK,Tim 1-22,text,true,,231,158,625,625,http://localhost:8079/?token=518473098&user=-1355039501&config=3,16950,0,0
1777971530383,17025,HTTP Request,200,OK,Tim 1-90,text,true,,231,158,625,625,http://localhost:8079/?token=518473098&user=-1355039501&config=3,17025,0,0
1777971530263,17145,HTTP Request,200,OK,Tim 1-157,text,true,,231,158,625,625,http://localhost:8079/?token=518473098&user=-1355039501&config=3,17145,0,0
1777971530426,16982,HTTP Request,200,OK,Tim 1-91,text,true,,231,158,625,625,http://localhost:8079/?token=518473098&user=-1355039501&config=3,16982,0,0
1777971530316,17093,HTTP Request,200,OK,Tim 1-228,text,true,,231,158,625,625,http://localhost:8079/?token=518473098&user=-1355039501&config=3,17093,0,0
1777971530230,17179,HTTP Request,200,OK,Tim 1-226,text,true,,231,158,625,625,http://localhost:8079/?token=518473098&user=-1355039501&config=3,17179,0,1
1777971530272,17137,HTTP Request,200,OK,Tim 1-227,text,true,,231,158,625,625,http://localhost:8079/?token=518473098&user=-1355039501&config=3,17137,0,1
1777971530359,17050,HTTP Request,200,OK,Tim 1-229,text,true,,231,158,625,625,http://localhost:8079/?token=518473098&user=-1355039501&config=3,17050,0,1
1777971530404,17005,HTTP Request,200,OK,Tim 1-230,text,true,,231,158,625,625,http://localhost:8079/?token=518473098&user=-1355039501&config=3,17005,0,0
1777971530307,17101,HTTP Request,200,OK,Tim 1-158,text,true,,231,158,625,625,http://localhost:8079/?token=518473098&user=-1355039501&config=3,17101,0,0
1777971530468,16940,HTTP Request,200,OK,Tim 1-92,text,true,,231,158,625,625,http://localhost:8079/?token=518473098&user=-1355039501&config=3,16940,0,0
1777971530351,17057,HTTP Request,200,OK,Tim 1-159,text,true,,231,158,625,625,http://localhost:8079/?token=518473098&user=-1355039501&config=3,17057,0,0
1777971530446,16963,HTTP Request,200,OK,Tim 1-231,text,true,,231,158,625,625,http://localhost:8079/?token=518473098&user=-1355039501&config=3,16963,0,0
1777971530490,16919,HTTP Request,200,OK,Tim 1-232,text,true,,231,158,625,625,http://localhost:8079/?token=518473098&user=-1355039501&config=3,16919,0,1
1777971530219,17189,HTTP Request,200,OK,Tim 1-156,text,true,,231,158,625,625,http://localhost:8079/?token=518473098&user=-1355039501&config=3,17189,0,0
1777971536423,10986,HTTP Request,500,Internal Server Error,Tim 1-370,text,false,,233,158,625,625,http://localhost:8079/?token=518473098&user=-1355039501&config=3,10986,0,0
1777971530477,16931,HTTP Request,200,OK,Tim 1-162,text,true,,231,158,625,625,http://localhost:8079/?token=518473098&user=-1355039501&config=3,16931,0,0
1777971536508,10901,HTTP Request,500,Internal Server Error,Tim 1-372,text,false,,233,158,625,625,http://localhost:8079/?token=518473098&user=-1355039501&config=3,10901,0,0
1777971536551,10858,HTTP Request,500,Internal Server Error,Tim 1-373,text,false,,233,158,625,625,http://localhost:8079/?token=518473098&user=-1355039501&config=3,10858,0,1
1777971536379,11030,HTTP Request,500,Internal Server Error,Tim 1-369,text,false,,233,158,625,625,http://localhost:8079/?token=518473098&user=-1355039501&config=3,11030,0,0
1777971536595,10814,HTTP Request,500,Internal Server Error,Tim 1-374,text,false,,233,158,625,625,http://localhost:8079/?token=518473098&user=-1355039501&config=3,10814,0,0
1777971536681,10728,HTTP Request,500,Internal Server Error,Tim 1-376,text,false,,233,158,625,625,http://localhost:8079/?token=518473098&user=-1355039501&config=3,10728,0,0
1777971536723,10686,HTTP Request,500,Internal Server Error,Tim 1-377,text,false,,233,158,625,625,http://localhost:8079/?token=518473098&user=-1355039501&config=3,10686,0,0
1777971536766,10643,HTTP Request,500,Internal Server Error,Tim 1-378,text,false,,233,158,625,625,http://localhost:8079/?token=518473098&user=-1355039501&config=3,10643,0,0
1777971536809,10600,HTTP Request,500,Internal Server Error,Tim 1-379,text,false,,233,158,625,625,http://localhost:8079/?token=518473098&user=-1355039501&config=3,10600,0,0
1777971536938,10471,HTTP Request,500,Internal Server Error,Tim 1-382,text,false,,233,158,625,625,http://localhost:8079/?token=518473098&user=-1355039501&config=3,10471,0,1
1777971536465,10944,HTTP Request,500,Internal Server Error,Tim 1-371,text,false,,233,158,625,625,http://localhost:8079/?token=518473098&user=-1355039501&config=3,10944,0,1
1777971537025,10384,HTTP Request,500,Internal Server Error,Tim 1-384,text,false,,233,158,625,625,http://localhost:8079/?token=518473098&user=-1355039501&config=3,10384,0,0
1777971536638,10771,HTTP Request,500,Internal Server Error,Tim 1-375,text,false,,233,158,625,625,http://localhost:8079/?token=518473098&user=-1355039501&config=3,10771,0,0
1777971536853,10556,HTTP Request,500,Internal Server Error,Tim 1-380,text,false,,233,158,625,625,http://localhost:8079/?token=518473098&user=-1355039501&config=3,10556,0,0
1777971537068,10341,HTTP Request,500,Internal Server Error,Tim 1-385,text,false,,233,158,625,625,http://localhost:8079/?token=518473098&user=-1355039501&config=3,10341,0,0
1777971537153,10256,HTTP Request,500,Internal Server Error,Tim 1-387,text,false,,233,158,625,625,http://localhost:8079/?token=518473098&user=-1355039501&config=3,10256,0,1
1777971536896,10513,HTTP Request,500,Internal Server Error,Tim 1-381,text,false,,233,158,625,625,http://localhost:8079/?token=518473098&user=-1355039501&config=3,10513,0,1
1777971537111,10298,HTTP Request,500,Internal Server Error,Tim 1-386,text,false,,233,158,625,625,http://localhost:8079/?token=518473098&user=-1355039501&config=3,10298,0,0
1777971536981,10428,HTTP Request,500,Internal Server Error,Tim 1-383,text,false,,233,158,625,625,http://localhost:8079/?token=518473098&user=-1355039501&config=3,10428,0,0
1777971530393,17015,HTTP Request,200,OK,Tim 1-160,text,true,,231,158,625,625,http://localhost:8079/?token=518473098&user=-1355039501&config=3,17015,0,0
1777971537197,10212,HTTP Request,500,Internal Server Error,Tim 1-388,text,false,,233,158,625,625,http://localhost:8079/?token=518473098&user=-1355039501&config=3,10212,0,0
1777971530435,16973,HTTP Request,200,OK,Tim 1-161,text,true,,231,158,625,625,http://localhost:8079/?token=518473098&user=-1355039501&config=3,16973,0,0
1777971537239,10170,HTTP Request,500,Internal Server Error,Tim 1-389,text,false,,233,158,625,625,http://localhost:8079/?token=518473098&user=-1355039501&config=3,10170,0,0
1777971530510,16898,HTTP Request,200,OK,Tim 1-93,text,true,,231,158,625,625,http://localhost:8079/?token=518473098&user=-1355039501&config=3,16898,0,0
1777971537368,10041,HTTP Request,500,Internal Server Error,Tim 1-392,text,false,,233,158,625,625,http://localhost:8079/?token=518473098&user=-1355039501&config=3,10041,0,0
1777971537326,10083,HTTP Request,500,Internal Server Error,Tim 1-391,text,false,,233,158,625,625,http://localhost:8079/?token=518473098&user=-1355039501&config=3,10083,0,0
1777971537283,10126,HTTP Request,500,Internal Server Error,Tim 1-390,text,false,,233,158,625,625,http://localhost:8079/?token=518473098&user=-1355039501&config=3,10126,0,0
1777971537411,9998,HTTP Request,500,Internal Server Error,Tim 1-393,text,false,,233,158,625,625,http://localhost:8079/?token=518473098&user=-1355039501&config=3,9998,0,0
1777971537455,9954,HTTP Request,500,Internal Server Error,Tim 1-394,text,false,,233,158,625,625,http://localhost:8079/?token=518473098&user=-1355039501&config=3,9954,0,0
1777971537521,10151,HTTP Request,500,Internal Server Error,Tim 1-100,text,false,,233,158,631,631,http://localhost:8079/?token=518473098&user=-1355039501&config=3,10151,0,0
1777971537521,10151,HTTP Request,500,Internal Server Error,Tim 1-169,text,false,,233,158,631,631,http://localhost:8079/?token=518473098&user=-1355039501&config=3,10151,0,0
1777971537498,10174,HTTP Request,500,Internal Server Error,Tim 1-395,text,false,,233,158,631,631,http://localhost:8079/?token=518473098&user=-1355039501&config=3,10174,0,1
1777971537512,10160,HTTP Request,500,Internal Server Error,Tim 1-99,text,false,,233,158,631,631,http://localhost:8079/?token=518473098&user=-1355039501&config=3,10160,0,0
1777971537540,10834,HTTP Request,500,Internal Server Error,Tim 1-396,text,false,,233,158,647,647,http://localhost:8079/?token=518473098&user=-1355039501&config=3,10834,0,0
1777971537580,11043,HTTP Request,500,Internal Server Error,Tim 1-35,text,false,,233,158,653,653,http://localhost:8079/?token=518473098&user=-1355039501&config=3,11043,0,0
1777971537579,11044,HTTP Request,500,Internal Server Error,Tim 1-34,text,false,,233,158,653,653,http://localhost:8079/?token=518473098&user=-1355039501&config=3,11044,0,0
1777971537580,11043,HTTP Request,500,Internal Server Error,Tim 1-37,text,false,,233,158,653,653,http://localhost:8079/?token=518473098&user=-1355039501&config=3,11043,0,0
1777971537579,11044,HTTP Request,500,Internal Server Error,Tim 1-104,text,false,,233,158,653,653,http://localhost:8079/?token=518473098&user=-1355039501&config=3,11044,0,0
1777971537580,11043,HTTP Request,500,Internal Server Error,Tim 1-36,text,false,,233,158,653,653,http://localhost:8079/?token=518473098&user=-1355039501&config=3,11043,0,0
1777971537577,11046,HTTP Request,500,Internal Server Error,Tim 1-33,text,false,,233,158,653,653,http://localhost:8079/?token=518473098&user=-1355039501&config=3,11046,0,0
1777971537578,11045,HTTP Request,500,Internal Server Error,Tim 1-103,text,false,,233,158,653,653,http://localhost:8079/?token=518473098&user=-1355039501&config=3,11045,0,0
1777971537579,11044,HTTP Request,500,Internal Server Error,Tim 1-105,text,false,,233,158,653,653,http://localhost:8079/?token=518473098&user=-1355039501&config=3,11044,0,0
1777971537581,11042,HTTP Request,500,Internal Server Error,Tim 1-106,text,false,,233,158,653,653,http://localhost:8079/?token=518473098&user=-1355039501&config=3,11042,0,0
1777971537577,11047,HTTP Request,500,Internal Server Error,Tim 1-171,text,false,,233,158,653,653,http://localhost:8079/?token=518473098&user=-1355039501&config=3,11046,0,0
1777971537581,11043,HTTP Request,500,Internal Server Error,Tim 1-174,text,false,,233,158,653,653,http://localhost:8079/?token=518473098&user=-1355039501&config=3,11042,0,0
1777971537578,11046,HTTP Request,500,Internal Server Error,Tim 1-172,text,false,,233,158,653,653,http://localhost:8079/?token=518473098&user=-1355039501&config=3,11045,0,0
1777971537581,11043,HTTP Request,500,Internal Server Error,Tim 1-175,text,false,,233,158,653,653,http://localhost:8079/?token=518473098&user=-1355039501&config=3,11043,0,0
1777971537578,11046,HTTP Request,500,Internal Server Error,Tim 1-173,text,false,,233,158,653,653,http://localhost:8079/?token=518473098&user=-1355039501&config=3,11046,0,0
1777971537581,11045,HTTP Request,500,Internal Server Error,Tim 1-107,text,false,,233,158,653,653,http://localhost:8079/?token=518473098&user=-1355039501&config=3,11045,0,0
1777971537581,11045,HTTP Request,500,Internal Server Error,Tim 1-177,text,false,,233,158,653,653,http://localhost:8079/?token=518473098&user=-1355039501&config=3,11045,0,0
1777971537582,11044,HTTP Request,500,Internal Server Error,Tim 1-38,text,false,,233,158,653,653,http://localhost:8079/?token=518473098&user=-1355039501&config=3,11044,0,0
1777971530629,23480,HTTP Request,200,OK,Tim 1-26,text,true,,231,158,700,700,http://localhost:8079/?token=518473098&user=-1355039501&config=3,23480,0,0
1777971530544,23565,HTTP Request,200,OK,Tim 1-24,text,true,,231,158,700,700,http://localhost:8079/?token=518473098&user=-1355039501&config=3,23565,0,0
1777971530587,23522,HTTP Request,200,OK,Tim 1-25,text,true,,231,158,700,700,http://localhost:8079/?token=518473098&user=-1355039501&config=3,23522,0,0
1777971530759,23350,HTTP Request,200,OK,Tim 1-29,text,true,,231,158,700,700,http://localhost:8079/?token=518473098&user=-1355039501&config=3,23350,0,0
1777971530716,23393,HTTP Request,200,OK,Tim 1-28,text,true,,231,158,700,700,http://localhost:8079/?token=518473098&user=-1355039501&config=3,23393,0,0
1777971530673,23436,HTTP Request,200,OK,Tim 1-27,text,true,,231,158,700,700,http://localhost:8079/?token=518473098&user=-1355039501&config=3,23436,0,0
1777971530553,23556,HTTP Request,200,OK,Tim 1-94,text,true,,231,158,700,700,http://localhost:8079/?token=518473098&user=-1355039501&config=3,23556,0,0
1777971530597,23512,HTTP Request,200,OK,Tim 1-95,text,true,,231,158,700,700,http://localhost:8079/?token=518473098&user=-1355039501&config=3,23512,0,0
1777971530641,23469,HTTP Request,200,OK,Tim 1-96,text,true,,231,158,700,700,http://localhost:8079/?token=518473098&user=-1355039501&config=3,23469,0,0
1777971530683,23427,HTTP Request,200,OK,Tim 1-97,text,true,,231,158,700,700,http://localhost:8079/?token=518473098&user=-1355039501&config=3,23427,0,0
1777971530726,23384,HTTP Request,200,OK,Tim 1-98,text,true,,231,158,700,700,http://localhost:8079/?token=518473098&user=-1355039501&config=3,23384,0,0
1777971530520,23590,HTTP Request,200,OK,Tim 1-163,text,true,,231,158,700,700,http://localhost:8079/?token=518473098&user=-1355039501&config=3,23590,0,0
1777971530565,23545,HTTP Request,200,OK,Tim 1-164,text,true,,231,158,700,700,http://localhost:8079/?token=518473098&user=-1355039501&config=3,23545,0,0
1777971530608,23502,HTTP Request,200,OK,Tim 1-165,text,true,,231,158,700,700,http://localhost:8079/?token=518473098&user=-1355039501&config=3,23502,0,0
1777971530736,23374,HTTP Request,200,OK,Tim 1-168,text,true,,231,158,700,700,http://localhost:8079/?token=518473098&user=-1355039501&config=3,23374,0,0
1777971530650,23460,HTTP Request,200,OK,Tim 1-166,text,true,,231,158,700,700,http://localhost:8079/?token=518473098&user=-1355039501&config=3,23460,0,0
1777971530693,23417,HTTP Request,200,OK,Tim 1-167,text,true,,231,158,700,700,http://localhost:8079/?token=518473098&user=-1355039501&config=3,23417,0,0
1777971530531,23579,HTTP Request,200,OK,Tim 1-233,text,true,,231,158,700,700,http://localhost:8079/?token=518473098&user=-1355039501&config=3,23579,0,0
1777971530574,23536,HTTP Request,200,OK,Tim 1-234,text,true,,231,158,700,700,http://localhost:8079/?token=518473098&user=-1355039501&config=3,23536,0,1
1777971530617,23493,HTTP Request,200,OK,Tim 1-235,text,true,,231,158,700,700,http://localhost:8079/?token=518473098&user=-1355039501&config=3,23493,0,1
1777971530661,23449,HTTP Request,200,OK,Tim 1-236,text,true,,231,158,700,700,http://localhost:8079/?token=518473098&user=-1355039501&config=3,23449,0,0
1777971530703,23407,HTTP Request,200,OK,Tim 1-237,text,true,,231,158,700,700,http://localhost:8079/?token=518473098&user=-1355039501&config=3,23407,0,1
1777971530748,23362,HTTP Request,200,OK,Tim 1-238,text,true,,231,158,700,700,http://localhost:8079/?token=518473098&user=-1355039501&config=3,23362,0,0
1777971530832,23278,HTTP Request,200,OK,Tim 1-240,text,true,,231,158,700,700,http://localhost:8079/?token=518473098&user=-1355039501&config=3,23278,0,1
1777971530790,23320,HTTP Request,200,OK,Tim 1-239,text,true,,231,158,700,700,http://localhost:8079/?token=518473098&user=-1355039501&config=3,23320,0,0
1777971530875,23235,HTTP Request,200,OK,Tim 1-241,text,true,,231,158,700,700,http://localhost:8079/?token=518473098&user=-1355039501&config=3,23235,0,1
1777971530919,23191,HTTP Request,200,OK,Tim 1-242,text,true,,231,158,700,700,http://localhost:8079/?token=518473098&user=-1355039501&config=3,23191,0,0
1777971531176,22934,HTTP Request,200,OK,Tim 1-248,text,true,,231,158,700,700,http://localhost:8079/?token=518473098&user=-1355039501&config=3,22934,0,1
1777971530962,23148,HTTP Request,200,OK,Tim 1-243,text,true,,231,158,700,700,http://localhost:8079/?token=518473098&user=-1355039501&config=3,23148,0,0
1777971531048,23062,HTTP Request,200,OK,Tim 1-245,text,true,,231,158,700,700,http://localhost:8079/?token=518473098&user=-1355039501&config=3,23062,0,0
1777971531003,23108,HTTP Request,200,OK,Tim 1-244,text,true,,231,158,700,700,http://localhost:8079/?token=518473098&user=-1355039501&config=3,23108,0,1
1777971531092,23019,HTTP Request,200,OK,Tim 1-246,text,true,,231,158,700,700,http://localhost:8079/?token=518473098&user=-1355039501&config=3,23019,0,0
1777971531133,22978,HTTP Request,200,OK,Tim 1-247,text,true,,231,158,700,700,http://localhost:8079/?token=518473098&user=-1355039501&config=3,22978,0,0
1777971531477,22634,HTTP Request,200,OK,Tim 1-255,text,true,,231,158,700,700,http://localhost:8079/?token=518473098&user=-1355039501&config=3,22634,0,1
1777971531521,22590,HTTP Request,200,OK,Tim 1-256,text,true,,231,158,700,700,http://localhost:8079/?token=518473098&user=-1355039501&config=3,22590,0,0
1777971531434,22677,HTTP Request,200,OK,Tim 1-254,text,true,,231,158,700,700,http://localhost:8079/?token=518473098&user=-1355039501&config=3,22677,0,1
1777971531350,22761,HTTP Request,200,OK,Tim 1-252,text,true,,231,158,700,700,http://localhost:8079/?token=518473098&user=-1355039501&config=3,22761,0,0
1777971531648,22463,HTTP Request,200,OK,Tim 1-259,text,true,,231,158,700,700,http://localhost:8079/?token=518473098&user=-1355039501&config=3,22463,0,1
1777971531563,22548,HTTP Request,200,OK,Tim 1-257,text,true,,231,158,700,700,http://localhost:8079/?token=518473098&user=-1355039501&config=3,22548,0,1
1777971531606,22505,HTTP Request,200,OK,Tim 1-258,text,true,,231,158,700,700,http://localhost:8079/?token=518473098&user=-1355039501&config=3,22505,0,0
1777971531306,22805,HTTP Request,200,OK,Tim 1-251,text,true,,231,158,700,700,http://localhost:8079/?token=518473098&user=-1355039501&config=3,22805,0,0
1777971531821,22290,HTTP Request,200,OK,Tim 1-263,text,true,,231,158,700,700,http://localhost:8079/?token=518473098&user=-1355039501&config=3,22290,0,1
1777971531393,22718,HTTP Request,200,OK,Tim 1-253,text,true,,231,158,700,700,http://localhost:8079/?token=518473098&user=-1355039501&config=3,22718,0,0
1777971531864,22247,HTTP Request,200,OK,Tim 1-264,text,true,,231,158,700,700,http://localhost:8079/?token=518473098&user=-1355039501&config=3,22247,0,0
1777971531262,22849,HTTP Request,200,OK,Tim 1-250,text,true,,231,158,700,700,http://localhost:8079/?token=518473098&user=-1355039501&config=3,22849,0,1
1777971531736,22375,HTTP Request,200,OK,Tim 1-261,text,true,,231,158,700,700,http://localhost:8079/?token=518473098&user=-1355039501&config=3,22375,0,1
1777971531692,22419,HTTP Request,200,OK,Tim 1-260,text,true,,231,158,700,700,http://localhost:8079/?token=518473098&user=-1355039501&config=3,22419,0,0
1777971531779,22332,HTTP Request,200,OK,Tim 1-262,text,true,,231,158,700,700,http://localhost:8079/?token=518473098&user=-1355039501&config=3,22332,0,0
1777971532038,22073,HTTP Request,200,OK,Tim 1-268,text,true,,231,158,700,700,http://localhost:8079/?token=518473098&user=-1355039501&config=3,22073,0,0
1777971531219,22892,HTTP Request,200,OK,Tim 1-249,text,true,,231,158,700,700,http://localhost:8079/?token=518473098&user=-1355039501&config=3,22892,0,0
1777971532165,21946,HTTP Request,200,OK,Tim 1-271,text,true,,231,158,700,700,http://localhost:8079/?token=518473098&user=-1355039501&config=3,21946,0,0
1777971531907,22204,HTTP Request,200,OK,Tim 1-265,text,true,,231,158,700,700,http://localhost:8079/?token=518473098&user=-1355039501&config=3,22204,0,0
1777971532123,21988,HTTP Request,200,OK,Tim 1-270,text,true,,231,158,700,700,http://localhost:8079/?token=518473098&user=-1355039501&config=3,21988,0,0
1777971531951,22165,HTTP Request,200,OK,Tim 1-266,text,true,,231,158,700,700,http://localhost:8079/?token=518473098&user=-1355039501&config=3,22165,0,0
1777971531995,22121,HTTP Request,200,OK,Tim 1-267,text,true,,231,158,700,700,http://localhost:8079/?token=518473098&user=-1355039501&config=3,22121,0,0
1777971532080,22036,HTTP Request,200,OK,Tim 1-269,text,true,,231,158,700,700,http://localhost:8079/?token=518473098&user=-1355039501&config=3,22036,0,1
1777971532381,21735,HTTP Request,200,OK,Tim 1-276,text,true,,231,158,700,700,http://localhost:8079/?token=518473098&user=-1355039501&config=3,21735,0,1
1777971532252,21864,HTTP Request,200,OK,Tim 1-273,text,true,,231,158,700,700,http://localhost:8079/?token=518473098&user=-1355039501&config=3,21864,0,0
1777971532337,21779,HTTP Request,200,OK,Tim 1-275,text,true,,231,158,700,700,http://localhost:8079/?token=518473098&user=-1355039501&config=3,21779,0,1
1777971532208,21908,HTTP Request,200,OK,Tim 1-272,text,true,,231,158,700,700,http://localhost:8079/?token=518473098&user=-1355039501&config=3,21908,0,1
1777971532295,21821,HTTP Request,200,OK,Tim 1-274,text,true,,231,158,700,700,http://localhost:8079/?token=518473098&user=-1355039501&config=3,21821,0,0
1777971532595,21521,HTTP Request,200,OK,Tim 1-281,text,true,,231,158,700,700,http://localhost:8079/?token=518473098&user=-1355039501&config=3,21521,0,1
1777971532424,21692,HTTP Request,200,OK,Tim 1-277,text,true,,231,158,700,700,http://localhost:8079/?token=518473098&user=-1355039501&config=3,21692,0,1
1777971532467,21649,HTTP Request,200,OK,Tim 1-278,text,true,,231,158,700,700,http://localhost:8079/?token=518473098&user=-1355039501&config=3,21649,0,0
1777971532509,21607,HTTP Request,200,OK,Tim 1-279,text,true,,231,158,700,700,http://localhost:8079/?token=518473098&user=-1355039501&config=3,21607,0,1
1777971532552,21564,HTTP Request,200,OK,Tim 1-280,text,true,,231,158,700,700,http://localhost:8079/?token=518473098&user=-1355039501&config=3,21564,0,1
1777971532638,21478,HTTP Request,200,OK,Tim 1-282,text,true,,231,158,700,700,http://localhost:8079/?token=518473098&user=-1355039501&config=3,21478,0,1
1777971532811,21305,HTTP Request,200,OK,Tim 1-286,text,true,,231,158,700,700,http://localhost:8079/?token=518473098&user=-1355039501&config=3,21305,0,0
1777971532896,21220,HTTP Request,200,OK,Tim 1-288,text,true,,231,158,700,700,http://localhost:8079/?token=518473098&user=-1355039501&config=3,21220,0,1
1777971532853,21263,HTTP Request,200,OK,Tim 1-287,text,true,,231,158,700,700,http://localhost:8079/?token=518473098&user=-1355039501&config=3,21263,0,1
1777971532769,21347,HTTP Request,200,OK,Tim 1-285,text,true,,231,158,700,700,http://localhost:8079/?token=518473098&user=-1355039501&config=3,21347,0,0
1777971532681,21435,HTTP Request,200,OK,Tim 1-283,text,true,,231,158,700,700,http://localhost:8079/?token=518473098&user=-1355039501&config=3,21435,0,1
1777971532725,21391,HTTP Request,200,OK,Tim 1-284,text,true,,231,158,700,700,http://localhost:8079/?token=518473098&user=-1355039501&config=3,21391,0,0
1777971532940,21176,HTTP Request,200,OK,Tim 1-289,text,true,,231,158,700,700,http://localhost:8079/?token=518473098&user=-1355039501&config=3,21176,0,0
1777971532982,21134,HTTP Request,200,OK,Tim 1-290,text,true,,231,158,700,700,http://localhost:8079/?token=518473098&user=-1355039501&config=3,21134,0,0
1777971533069,21047,HTTP Request,200,OK,Tim 1-292,text,true,,231,158,700,700,http://localhost:8079/?token=518473098&user=-1355039501&config=3,21047,0,0
1777971533026,21090,HTTP Request,200,OK,Tim 1-291,text,true,,231,158,700,700,http://localhost:8079/?token=518473098&user=-1355039501&config=3,21090,0,0
1777971533113,21003,HTTP Request,200,OK,Tim 1-293,text,true,,231,158,700,700,http://localhost:8079/?token=518473098&user=-1355039501&config=3,21003,0,0
1777971533156,20960,HTTP Request,200,OK,Tim 1-294,text,true,,231,158,700,700,http://localhost:8079/?token=518473098&user=-1355039501&config=3,20960,0,1
1777971533197,20919,HTTP Request,200,OK,Tim 1-295,text,true,,231,158,700,700,http://localhost:8079/?token=518473098&user=-1355039501&config=3,20919,0,1
1777971533283,20833,HTTP Request,200,OK,Tim 1-297,text,true,,231,158,700,700,http://localhost:8079/?token=518473098&user=-1355039501&config=3,20833,0,1
1777971533240,20877,HTTP Request,200,OK,Tim 1-296,text,true,,231,158,700,700,http://localhost:8079/?token=518473098&user=-1355039501&config=3,20877,0,1
1777971533327,20790,HTTP Request,200,OK,Tim 1-298,text,true,,231,158,700,700,http://localhost:8079/?token=518473098&user=-1355039501&config=3,20790,0,1
1777971533370,20747,HTTP Request,200,OK,Tim 1-299,text,true,,231,158,700,700,http://localhost:8079/?token=518473098&user=-1355039501&config=3,20747,0,0
1777971533584,20533,HTTP Request,200,OK,Tim 1-304,text,true,,231,158,700,700,http://localhost:8079/?token=518473098&user=-1355039501&config=3,20533,0,2
1777971533499,20618,HTTP Request,200,OK,Tim 1-302,text,true,,231,158,700,700,http://localhost:8079/?token=518473098&user=-1355039501&config=3,20618,0,1
1777971533541,20576,HTTP Request,200,OK,Tim 1-303,text,true,,231,158,700,700,http://localhost:8079/?token=518473098&user=-1355039501&config=3,20576,0,0
1777971533456,20661,HTTP Request,200,OK,Tim 1-301,text,true,,231,158,700,700,http://localhost:8079/?token=518473098&user=-1355039501&config=3,20661,0,0
1777971533713,20404,HTTP Request,200,OK,Tim 1-307,text,true,,231,158,700,700,http://localhost:8079/?token=518473098&user=-1355039501&config=3,20404,0,1
1777971533627,20490,HTTP Request,200,OK,Tim 1-305,text,true,,231,158,700,700,http://localhost:8079/?token=518473098&user=-1355039501&config=3,20490,0,0
1777971533670,20447,HTTP Request,200,OK,Tim 1-306,text,true,,231,158,700,700,http://localhost:8079/?token=518473098&user=-1355039501&config=3,20447,0,0
1777971533412,20705,HTTP Request,200,OK,Tim 1-300,text,true,,231,158,700,700,http://localhost:8079/?token=518473098&user=-1355039501&config=3,20705,0,0
1777971533887,20230,HTTP Request,200,OK,Tim 1-311,text,true,,231,158,700,700,http://localhost:8079/?token=518473098&user=-1355039501&config=3,20230,0,0
1777971533756,20361,HTTP Request,200,OK,Tim 1-308,text,true,,231,158,700,700,http://localhost:8079/?token=518473098&user=-1355039501&config=3,20361,0,0
1777971533928,20189,HTTP Request,200,OK,Tim 1-312,text,true,,231,158,700,700,http://localhost:8079/?token=518473098&user=-1355039501&config=3,20189,0,0
1777971533800,20317,HTTP Request,200,OK,Tim 1-309,text,true,,231,158,700,700,http://localhost:8079/?token=518473098&user=-1355039501&config=3,20317,0,1
1777971533971,20146,HTTP Request,200,OK,Tim 1-313,text,true,,231,158,700,700,http://localhost:8079/?token=518473098&user=-1355039501&config=3,20146,0,1
1777971533843,20274,HTTP Request,200,OK,Tim 1-310,text,true,,231,158,700,700,http://localhost:8079/?token=518473098&user=-1355039501&config=3,20274,0,0
1777971534144,19973,HTTP Request,200,OK,Tim 1-317,text,true,,231,158,700,700,http://localhost:8079/?token=518473098&user=-1355039501&config=3,19973,0,0
1777971534186,19931,HTTP Request,200,OK,Tim 1-318,text,true,,231,158,700,700,http://localhost:8079/?token=518473098&user=-1355039501&config=3,19931,0,1
1777971534015,20102,HTTP Request,200,OK,Tim 1-314,text,true,,231,158,700,700,http://localhost:8079/?token=518473098&user=-1355039501&config=3,20102,0,0
1777971534102,20015,HTTP Request,200,OK,Tim 1-316,text,true,,231,158,700,700,http://localhost:8079/?token=518473098&user=-1355039501&config=3,20015,0,0
1777971534058,20059,HTTP Request,200,OK,Tim 1-315,text,true,,231,158,700,700,http://localhost:8079/?token=518473098&user=-1355039501&config=3,20059,0,0
1777971534229,19888,HTTP Request,200,OK,Tim 1-319,text,true,,231,158,700,700,http://localhost:8079/?token=518473098&user=-1355039501&config=3,19888,0,0
1777971534315,19802,HTTP Request,200,OK,Tim 1-321,text,true,,231,158,700,700,http://localhost:8079/?token=518473098&user=-1355039501&config=3,19802,0,1
1777971534272,19845,HTTP Request,200,OK,Tim 1-320,text,true,,231,158,700,700,http://localhost:8079/?token=518473098&user=-1355039501&config=3,19845,0,1
1777971534358,19759,HTTP Request,200,OK,Tim 1-322,text,true,,231,158,700,700,http://localhost:8079/?token=518473098&user=-1355039501&config=3,19759,0,0
1777971534487,19630,HTTP Request,200,OK,Tim 1-325,text,true,,231,158,700,700,http://localhost:8079/?token=518473098&user=-1355039501&config=3,19630,0,1
1777971534530,19587,HTTP Request,200,OK,Tim 1-326,text,true,,231,158,700,700,http://localhost:8079/?token=518473098&user=-1355039501&config=3,19587,0,0
1777971534402,19715,HTTP Request,200,OK,Tim 1-323,text,true,,231,158,700,700,http://localhost:8079/?token=518473098&user=-1355039501&config=3,19715,0,0
1777971534445,19672,HTTP Request,200,OK,Tim 1-324,text,true,,231,158,700,700,http://localhost:8079/?token=518473098&user=-1355039501&config=3,19672,0,1
1777971534790,19328,HTTP Request,200,OK,Tim 1-332,text,true,,231,158,700,700,http://localhost:8079/?token=518473098&user=-1355039501&config=3,19328,0,0
1777971534617,19501,HTTP Request,200,OK,Tim 1-328,text,true,,231,158,700,700,http://localhost:8079/?token=518473098&user=-1355039501&config=3,19501,0,0
1777971534831,19287,HTTP Request,200,OK,Tim 1-333,text,true,,231,158,700,700,http://localhost:8079/?token=518473098&user=-1355039501&config=3,19287,0,1
1777971534573,19545,HTTP Request,200,OK,Tim 1-327,text,true,,231,158,700,700,http://localhost:8079/?token=518473098&user=-1355039501&config=3,19545,0,0
1777971534659,19459,HTTP Request,200,OK,Tim 1-329,text,true,,231,158,700,700,http://localhost:8079/?token=518473098&user=-1355039501&config=3,19459,0,1
1777971534702,19416,HTTP Request,200,OK,Tim 1-330,text,true,,231,158,700,700,http://localhost:8079/?token=518473098&user=-1355039501&config=3,19416,0,1
1777971534746,19372,HTTP Request,200,OK,Tim 1-331,text,true,,231,158,700,700,http://localhost:8079/?token=518473098&user=-1355039501&config=3,19372,0,1
1777971534874,19244,HTTP Request,200,OK,Tim 1-334,text,true,,231,158,700,700,http://localhost:8079/?token=518473098&user=-1355039501&config=3,19244,0,0
1777971534917,19201,HTTP Request,200,OK,Tim 1-335,text,true,,231,158,700,700,http://localhost:8079/?token=518473098&user=-1355039501&config=3,19201,0,1
1777971535089,19029,HTTP Request,200,OK,Tim 1-339,text,true,,231,158,700,700,http://localhost:8079/?token=518473098&user=-1355039501&config=3,19029,0,1
1777971535132,18986,HTTP Request,200,OK,Tim 1-340,text,true,,231,158,700,700,http://localhost:8079/?token=518473098&user=-1355039501&config=3,18986,0,1
1777971534960,19158,HTTP Request,200,OK,Tim 1-336,text,true,,231,158,700,700,http://localhost:8079/?token=518473098&user=-1355039501&config=3,19158,0,1
1777971535004,19114,HTTP Request,200,OK,Tim 1-337,text,true,,231,158,700,700,http://localhost:8079/?token=518473098&user=-1355039501&config=3,19114,0,1
1777971535046,19072,HTTP Request,200,OK,Tim 1-338,text,true,,231,158,700,700,http://localhost:8079/?token=518473098&user=-1355039501&config=3,19072,0,0
1777971535305,18813,HTTP Request,200,OK,Tim 1-344,text,true,,231,158,700,700,http://localhost:8079/?token=518473098&user=-1355039501&config=3,18813,0,0
1777971535348,18770,HTTP Request,200,OK,Tim 1-345,text,true,,231,158,700,700,http://localhost:8079/?token=518473098&user=-1355039501&config=3,18770,0,0
1777971535219,18899,HTTP Request,200,OK,Tim 1-342,text,true,,231,158,700,700,http://localhost:8079/?token=518473098&user=-1355039501&config=3,18899,0,0
1777971535176,18942,HTTP Request,200,OK,Tim 1-341,text,true,,231,158,700,700,http://localhost:8079/?token=518473098&user=-1355039501&config=3,18942,0,0
1777971535434,18684,HTTP Request,200,OK,Tim 1-347,text,true,,231,158,700,700,http://localhost:8079/?token=518473098&user=-1355039501&config=3,18684,0,0
1777971535261,18857,HTTP Request,200,OK,Tim 1-343,text,true,,231,158,700,700,http://localhost:8079/?token=518473098&user=-1355039501&config=3,18857,0,1
1777971535476,18642,HTTP Request,200,OK,Tim 1-348,text,true,,231,158,700,700,http://localhost:8079/?token=518473098&user=-1355039501&config=3,18642,0,0
1777971535390,18728,HTTP Request,200,OK,Tim 1-346,text,true,,231,158,700,700,http://localhost:8079/?token=518473098&user=-1355039501&config=3,18728,0,1
1777971535606,18512,HTTP Request,200,OK,Tim 1-351,text,true,,231,158,700,700,http://localhost:8079/?token=518473098&user=-1355039501&config=3,18512,0,0
1777971535519,18599,HTTP Request,200,OK,Tim 1-349,text,true,,231,158,700,700,http://localhost:8079/?token=518473098&user=-1355039501&config=3,18599,0,1
1777971535691,18427,HTTP Request,200,OK,Tim 1-353,text,true,,231,158,700,700,http://localhost:8079/?token=518473098&user=-1355039501&config=3,18427,0,0
1777971535735,18383,HTTP Request,200,OK,Tim 1-354,text,true,,231,158,700,700,http://localhost:8079/?token=518473098&user=-1355039501&config=3,18383,0,0
1777971535648,18470,HTTP Request,200,OK,Tim 1-352,text,true,,231,158,700,700,http://localhost:8079/?token=518473098&user=-1355039501&config=3,18470,0,0
1777971535563,18555,HTTP Request,200,OK,Tim 1-350,text,true,,231,158,700,700,http://localhost:8079/?token=518473098&user=-1355039501&config=3,18555,0,0
1777971535776,18342,HTTP Request,200,OK,Tim 1-355,text,true,,231,158,700,700,http://localhost:8079/?token=518473098&user=-1355039501&config=3,18342,0,1
1777971535863,18255,HTTP Request,200,OK,Tim 1-357,text,true,,231,158,700,700,http://localhost:8079/?token=518473098&user=-1355039501&config=3,18255,0,1
1777971535949,18169,HTTP Request,200,OK,Tim 1-359,text,true,,231,158,700,700,http://localhost:8079/?token=518473098&user=-1355039501&config=3,18169,0,0
1777971536037,18081,HTTP Request,200,OK,Tim 1-361,text,true,,231,158,700,700,http://localhost:8079/?token=518473098&user=-1355039501&config=3,18081,0,0
1777971535820,18298,HTTP Request,200,OK,Tim 1-356,text,true,,231,158,700,700,http://localhost:8079/?token=518473098&user=-1355039501&config=3,18298,0,0
1777971535905,18213,HTTP Request,200,OK,Tim 1-358,text,true,,231,158,700,700,http://localhost:8079/?token=518473098&user=-1355039501&config=3,18213,0,1
1777971536078,18040,HTTP Request,200,OK,Tim 1-362,text,true,,231,158,700,700,http://localhost:8079/?token=518473098&user=-1355039501&config=3,18040,0,1
1777971536121,17997,HTTP Request,200,OK,Tim 1-363,text,true,,231,158,700,700,http://localhost:8079/?token=518473098&user=-1355039501&config=3,17997,0,1
1777971536165,17953,HTTP Request,200,OK,Tim 1-364,text,true,,231,158,700,700,http://localhost:8079/?token=518473098&user=-1355039501&config=3,17953,0,0
1777971535992,18126,HTTP Request,200,OK,Tim 1-360,text,true,,231,158,700,700,http://localhost:8079/?token=518473098&user=-1355039501&config=3,18126,0,0
1777971536251,17867,HTTP Request,200,OK,Tim 1-366,text,true,,231,158,700,700,http://localhost:8079/?token=518473098&user=-1355039501&config=3,17867,0,0
1777971536293,17826,HTTP Request,200,OK,Tim 1-367,text,true,,231,158,700,700,http://localhost:8079/?token=518473098&user=-1355039501&config=3,17826,0,1
1777971536337,17782,HTTP Request,200,OK,Tim 1-368,text,true,,231,158,700,700,http://localhost:8079/?token=518473098&user=-1355039501&config=3,17782,0,0
1777971536207,17912,HTTP Request,200,OK,Tim 1-365,text,true,,231,158,700,700,http://localhost:8079/?token=518473098&user=-1355039501&config=3,17912,0,1
1777971537574,23797,HTTP Request,200,OK,Tim 1-31,text,true,,231,158,700,700,http://localhost:8079/?token=518473098&user=-1355039501&config=3,23797,0,0
1777971537573,23798,HTTP Request,200,OK,Tim 1-30,text,true,,231,158,700,700,http://localhost:8079/?token=518473098&user=-1355039501&config=3,23798,0,0
1777971537574,23797,HTTP Request,200,OK,Tim 1-170,text,true,,231,158,700,700,http://localhost:8079/?token=518473098&user=-1355039501&config=3,23797,0,0
1777971537576,24007,HTTP Request,200,OK,Tim 1-32,text,true,,231,158,700,700,http://localhost:8079/?token=518473098&user=-1355039501&config=3,24007,0,0
1777971537576,24007,HTTP Request,200,OK,Tim 1-101,text,true,,231,158,700,700,http://localhost:8079/?token=518473098&user=-1355039501&config=3,24007,0,0
1777971537576,24007,HTTP Request,200,OK,Tim 1-102,text,true,,231,158,700,700,http://localhost:8079/?token=518473098&user=-1355039501&config=3,24007,0,0
1777971537584,25781,HTTP Request,200,OK,Tim 1-40,text,true,,231,158,700,700,http://localhost:8079/?token=518473098&user=-1355039501&config=3,25781,0,0
1777971537590,25775,HTTP Request,200,OK,Tim 1-42,text,true,,231,158,700,700,http://localhost:8079/?token=518473098&user=-1355039501&config=3,25775,0,0
1777971537603,25762,HTTP Request,200,OK,Tim 1-115,text,true,,231,158,700,700,http://localhost:8079/?token=518473098&user=-1355039501&config=3,25762,0,0
1777971537590,25775,HTTP Request,200,OK,Tim 1-41,text,true,,231,158,700,700,http://localhost:8079/?token=518473098&user=-1355039501&config=3,25775,0,0
1777971537592,25773,HTTP Request,200,OK,Tim 1-44,text,true,,231,158,700,700,http://localhost:8079/?token=518473098&user=-1355039501&config=3,25773,0,0
1777971537603,25762,HTTP Request,200,OK,Tim 1-45,text,true,,231,158,700,700,http://localhost:8079/?token=518473098&user=-1355039501&config=3,25762,0,0
1777971537590,25775,HTTP Request,200,OK,Tim 1-43,text,true,,231,158,700,700,http://localhost:8079/?token=518473098&user=-1355039501&config=3,25775,0,0
1777971537584,25781,HTTP Request,200,OK,Tim 1-110,text,true,,231,158,700,700,http://localhost:8079/?token=518473098&user=-1355039501&config=3,25781,0,0
1777971537591,25774,HTTP Request,200,OK,Tim 1-113,text,true,,231,158,700,700,http://localhost:8079/?token=518473098&user=-1355039501&config=3,25774,0,0
1777971537591,25774,HTTP Request,200,OK,Tim 1-112,text,true,,231,158,700,700,http://localhost:8079/?token=518473098&user=-1355039501&config=3,25774,0,0
1777971537591,25774,HTTP Request,200,OK,Tim 1-180,text,true,,231,158,700,700,http://localhost:8079/?token=518473098&user=-1355039501&config=3,25774,0,0
1777971537591,25774,HTTP Request,200,OK,Tim 1-181,text,true,,231,158,700,700,http://localhost:8079/?token=518473098&user=-1355039501&config=3,25774,0,0
1777971537591,25774,HTTP Request,200,OK,Tim 1-111,text,true,,231,158,700,700,http://localhost:8079/?token=518473098&user=-1355039501&config=3,25774,0,0
1777971537591,25774,HTTP Request,200,OK,Tim 1-182,text,true,,231,158,700,700,http://localhost:8079/?token=518473098&user=-1355039501&config=3,25774,0,0
1777971537588,25777,HTTP Request,200,OK,Tim 1-179,text,true,,231,158,700,700,http://localhost:8079/?token=518473098&user=-1355039501&config=3,25777,0,0
1777971537613,25752,HTTP Request,200,OK,Tim 1-117,text,true,,231,158,700,700,http://localhost:8079/?token=518473098&user=-1355039501&config=3,25752,0,0
1777971537595,25770,HTTP Request,200,OK,Tim 1-114,text,true,,231,158,700,700,http://localhost:8079/?token=518473098&user=-1355039501&config=3,25770,0,0
1777971537591,25774,HTTP Request,200,OK,Tim 1-183,text,true,,231,158,700,700,http://localhost:8079/?token=518473098&user=-1355039501&config=3,25774,0,0
1777971545754,17612,HTTP Request,500,Internal Server Error,Tim 1-587,text,false,,233,158,700,700,http://localhost:8079/?token=518473098&user=-1355039501&config=3,17612,0,1
1777971545840,17526,HTTP Request,500,Internal Server Error,Tim 1-589,text,false,,233,158,700,700,http://localhost:8079/?token=518473098&user=-1355039501&config=3,17526,0,0
1777971546098,17268,HTTP Request,500,Internal Server Error,Tim 1-595,text,false,,233,158,700,700,http://localhost:8079/?token=518473098&user=-1355039501&config=3,17268,0,0
1777971545926,17441,HTTP Request,500,Internal Server Error,Tim 1-591,text,false,,233,158,700,700,http://localhost:8079/?token=518473098&user=-1355039501&config=3,17440,0,1
1777971545797,17570,HTTP Request,500,Internal Server Error,Tim 1-588,text,false,,233,158,700,700,http://localhost:8079/?token=518473098&user=-1355039501&config=3,17570,0,0
1777971545883,17485,HTTP Request,500,Internal Server Error,Tim 1-590,text,false,,233,158,700,700,http://localhost:8079/?token=518473098&user=-1355039501&config=3,17484,0,1
1777971545711,17657,HTTP Request,500,Internal Server Error,Tim 1-586,text,false,,233,158,700,700,http://localhost:8079/?token=518473098&user=-1355039501&config=3,17657,0,0
1777971546442,16926,HTTP Request,500,Internal Server Error,Tim 1-603,text,false,,233,158,700,700,http://localhost:8079/?token=518473098&user=-1355039501&config=3,16926,0,0
1777971546570,16798,HTTP Request,500,Internal Server Error,Tim 1-606,text,false,,233,158,700,700,http://localhost:8079/?token=518473098&user=-1355039501&config=3,16798,0,1
1777971546012,17356,HTTP Request,500,Internal Server Error,Tim 1-593,text,false,,233,158,700,700,http://localhost:8079/?token=518473098&user=-1355039501&config=3,17356,0,0
1777971545970,17398,HTTP Request,500,Internal Server Error,Tim 1-592,text,false,,233,158,700,700,http://localhost:8079/?token=518473098&user=-1355039501&config=3,17398,0,0
1777971546055,17313,HTTP Request,500,Internal Server Error,Tim 1-594,text,false,,233,158,700,700,http://localhost:8079/?token=518473098&user=-1355039501&config=3,17313,0,0
1777971546141,17227,HTTP Request,500,Internal Server Error,Tim 1-596,text,false,,233,158,700,700,http://localhost:8079/?token=518473098&user=-1355039501&config=3,17227,0,0
1777971546357,17011,HTTP Request,500,Internal Server Error,Tim 1-601,text,false,,233,158,700,700,http://localhost:8079/?token=518473098&user=-1355039501&config=3,17011,0,1
1777971546486,16882,HTTP Request,500,Internal Server Error,Tim 1-604,text,false,,233,158,700,700,http://localhost:8079/?token=518473098&user=-1355039501&config=3,16882,0,0
1777971546529,16839,HTTP Request,500,Internal Server Error,Tim 1-605,text,false,,233,158,700,700,http://localhost:8079/?token=518473098&user=-1355039501&config=3,16839,0,0
1777971546271,17097,HTTP Request,500,Internal Server Error,Tim 1-599,text,false,,233,158,700,700,http://localhost:8079/?token=518473098&user=-1355039501&config=3,17097,0,0
1777971546184,17184,HTTP Request,500,Internal Server Error,Tim 1-597,text,false,,233,158,700,700,http://localhost:8079/?token=518473098&user=-1355039501&config=3,17184,0,0
1777971546227,17141,HTTP Request,500,Internal Server Error,Tim 1-598,text,false,,233,158,700,700,http://localhost:8079/?token=518473098&user=-1355039501&config=3,17141,0,1
1777971546614,16754,HTTP Request,500,Internal Server Error,Tim 1-607,text,false,,233,158,700,700,http://localhost:8079/?token=518473098&user=-1355039501&config=3,16754,0,0
1777971546313,17055,HTTP Request,500,Internal Server Error,Tim 1-600,text,false,,233,158,700,700,http://localhost:8079/?token=518473098&user=-1355039501&config=3,17055,0,0
1777971546743,16625,HTTP Request,500,Internal Server Error,Tim 1-610,text,false,,233,158,700,700,http://localhost:8079/?token=518473098&user=-1355039501&config=3,16625,0,0
1777971546657,16711,HTTP Request,500,Internal Server Error,Tim 1-608,text,false,,233,158,700,700,http://localhost:8079/?token=518473098&user=-1355039501&config=3,16711,0,0
1777971546700,16668,HTTP Request,500,Internal Server Error,Tim 1-609,text,false,,233,158,700,700,http://localhost:8079/?token=518473098&user=-1355039501&config=3,16668,0,0
1777971546400,16968,HTTP Request,500,Internal Server Error,Tim 1-602,text,false,,233,158,700,700,http://localhost:8079/?token=518473098&user=-1355039501&config=3,16968,0,1
1777971546872,16496,HTTP Request,500,Internal Server Error,Tim 1-613,text,false,,233,158,700,700,http://localhost:8079/?token=518473098&user=-1355039501&config=3,16496,0,1
1777971546786,16582,HTTP Request,500,Internal Server Error,Tim 1-611,text,false,,233,158,700,700,http://localhost:8079/?token=518473098&user=-1355039501&config=3,16582,0,0
1777971546915,16453,HTTP Request,500,Internal Server Error,Tim 1-614,text,false,,233,158,700,700,http://localhost:8079/?token=518473098&user=-1355039501&config=3,16453,0,0
1777971547001,16367,HTTP Request,500,Internal Server Error,Tim 1-616,text,false,,233,158,700,700,http://localhost:8079/?token=518473098&user=-1355039501&config=3,16367,0,0
1777971546829,16539,HTTP Request,500,Internal Server Error,Tim 1-612,text,false,,233,158,700,700,http://localhost:8079/?token=518473098&user=-1355039501&config=3,16539,0,0
1777971546958,16410,HTTP Request,500,Internal Server Error,Tim 1-615,text,false,,233,158,700,700,http://localhost:8079/?token=518473098&user=-1355039501&config=3,16410,0,0
1777971537582,26335,HTTP Request,200,OK,Tim 1-176,text,true,,231,158,700,700,http://localhost:8079/?token=518473098&user=-1355039501&config=3,26335,0,0
1777971547068,17893,HTTP Request,500,Internal Server Error,Tim 1-11,text,false,,233,158,700,700,http://localhost:8079/?token=518473098&user=-1355039501&config=3,17893,0,0
1777971547294,17667,HTTP Request,500,Internal Server Error,Tim 1-13,text,false,,233,158,700,700,http://localhost:8079/?token=518473098&user=-1355039501&config=3,17667,0,0
1777971547068,17893,HTTP Request,500,Internal Server Error,Tim 1-12,text,false,,233,158,700,700,http://localhost:8079/?token=518473098&user=-1355039501&config=3,17893,0,0
1777971547294,17667,HTTP Request,500,Internal Server Error,Tim 1-14,text,false,,233,158,700,700,http://localhost:8079/?token=518473098&user=-1355039501&config=3,17667,0,0
1777971547068,17893,HTTP Request,500,Internal Server Error,Tim 1-80,text,false,,233,158,700,700,http://localhost:8079/?token=518473098&user=-1355039501&config=3,17893,0,0
1777971547294,17667,HTTP Request,500,Internal Server Error,Tim 1-15,text,false,,233,158,700,700,http://localhost:8079/?token=518473098&user=-1355039501&config=3,17667,0,0
1777971547294,17667,HTTP Request,500,Internal Server Error,Tim 1-16,text,false,,233,158,700,700,http://localhost:8079/?token=518473098&user=-1355039501&config=3,17667,0,0
1777971547068,17893,HTTP Request,500,Internal Server Error,Tim 1-81,text,false,,233,158,700,700,http://localhost:8079/?token=518473098&user=-1355039501&config=3,17893,0,0
1777971547068,17893,HTTP Request,500,Internal Server Error,Tim 1-82,text,false,,233,158,700,700,http://localhost:8079/?token=518473098&user=-1355039501&config=3,17893,0,0
1777971547294,17667,HTTP Request,500,Internal Server Error,Tim 1-86,text,false,,233,158,700,700,http://localhost:8079/?token=518473098&user=-1355039501&config=3,17667,0,0
1777971547068,17893,HTTP Request,500,Internal Server Error,Tim 1-83,text,false,,233,158,700,700,http://localhost:8079/?token=518473098&user=-1355039501&config=3,17893,0,0
1777971547068,17893,HTTP Request,500,Internal Server Error,Tim 1-84,text,false,,233,158,700,700,http://localhost:8079/?token=518473098&user=-1355039501&config=3,17893,0,0
1777971547294,17667,HTTP Request,500,Internal Server Error,Tim 1-85,text,false,,233,158,700,700,http://localhost:8079/?token=518473098&user=-1355039501&config=3,17667,0,0
1777971547294,17668,HTTP Request,500,Internal Server Error,Tim 1-150,text,false,,233,158,700,700,http://localhost:8079/?token=518473098&user=-1355039501&config=3,17667,0,0
1777971547296,17666,HTTP Request,500,Internal Server Error,Tim 1-151,text,false,,233,158,700,700,http://localhost:8079/?token=518473098&user=-1355039501&config=3,17666,0,0
1777971547068,17894,HTTP Request,500,Internal Server Error,Tim 1-152,text,false,,233,158,700,700,http://localhost:8079/?token=518473098&user=-1355039501&config=3,17894,0,0
1777971547295,17667,HTTP Request,500,Internal Server Error,Tim 1-154,text,false,,233,158,700,700,http://localhost:8079/?token=518473098&user=-1355039501&config=3,17667,0,0
1777971547295,17667,HTTP Request,500,Internal Server Error,Tim 1-153,text,false,,233,158,700,700,http://localhost:8079/?token=518473098&user=-1355039501&config=3,17667,0,0
1777971547295,17667,HTTP Request,500,Internal Server Error,Tim 1-155,text,false,,233,158,700,700,http://localhost:8079/?token=518473098&user=-1355039501&config=3,17667,0,0
1777971547295,17667,HTTP Request,500,Internal Server Error,Tim 1-225,text,false,,233,158,700,700,http://localhost:8079/?token=518473098&user=-1355039501&config=3,17667,0,0
1777971547295,17667,HTTP Request,500,Internal Server Error,Tim 1-224,text,false,,233,158,700,700,http://localhost:8079/?token=518473098&user=-1355039501&config=3,17667,0,0
1777971547044,17918,HTTP Request,500,Internal Server Error,Tim 1-617,text,false,,233,158,700,700,http://localhost:8079/?token=518473098&user=-1355039501&config=3,17918,0,1
1777971547088,17874,HTTP Request,500,Internal Server Error,Tim 1-618,text,false,,233,158,700,700,http://localhost:8079/?token=518473098&user=-1355039501&config=3,17874,0,0
1777971547131,17831,HTTP Request,500,Internal Server Error,Tim 1-619,text,false,,233,158,700,700,http://localhost:8079/?token=518473098&user=-1355039501&config=3,17831,0,0
1777971547173,17789,HTTP Request,500,Internal Server Error,Tim 1-620,text,false,,233,158,700,700,http://localhost:8079/?token=518473098&user=-1355039501&config=3,17789,0,0
1777971547216,17746,HTTP Request,500,Internal Server Error,Tim 1-621,text,false,,233,158,700,700,http://localhost:8079/?token=518473098&user=-1355039501&config=3,17746,0,0
1777971547259,17703,HTTP Request,500,Internal Server Error,Tim 1-622,text,false,,233,158,700,700,http://localhost:8079/?token=518473098&user=-1355039501&config=3,17703,0,0
1777971547302,17660,HTTP Request,500,Internal Server Error,Tim 1-623,text,false,,233,158,700,700,http://localhost:8079/?token=518473098&user=-1355039501&config=3,17660,0,0
1777971547732,22552,HTTP Request,500,Internal Server Error,Tim 1-633,text,false,,233,158,700,700,http://localhost:8079/?token=518473098&user=-1355039501&config=3,22551,0,0
1777971547818,22466,HTTP Request,500,Internal Server Error,Tim 1-635,text,false,,233,158,700,700,http://localhost:8079/?token=518473098&user=-1355039501&config=3,22465,0,0
1777971547775,22509,HTTP Request,500,Internal Server Error,Tim 1-634,text,false,,233,158,700,700,http://localhost:8079/?token=518473098&user=-1355039501&config=3,22508,0,0
1777971547518,22766,HTTP Request,500,Internal Server Error,Tim 1-628,text,false,,233,158,700,700,http://localhost:8079/?token=518473098&user=-1355039501&config=3,22766,0,0
1777971547673,22611,HTTP Request,500,Internal Server Error,Tim 1-100,text,false,,233,158,700,700,http://localhost:8079/?token=518473098&user=-1355039501&config=3,22611,0,0
1777971547673,22611,HTTP Request,500,Internal Server Error,Tim 1-169,text,false,,233,158,700,700,http://localhost:8079/?token=518473098&user=-1355039501&config=3,22611,0,0
1777971547646,22638,HTTP Request,500,Internal Server Error,Tim 1-631,text,false,,233,158,700,700,http://localhost:8079/?token=518473098&user=-1355039501&config=3,22638,0,0
1777971547602,22682,HTTP Request,500,Internal Server Error,Tim 1-630,text,false,,233,158,700,700,http://localhost:8079/?token=518473098&user=-1355039501&config=3,22682,0,1
1777971547904,22380,HTTP Request,500,Internal Server Error,Tim 1-637,text,false,,233,158,700,700,http://localhost:8079/?token=518473098&user=-1355039501&config=3,22380,0,0
1777971547990,22294,HTTP Request,500,Internal Server Error,Tim 1-639,text,false,,233,158,700,700,http://localhost:8079/?token=518473098&user=-1355039501&config=3,22294,0,1
1777971547861,22423,HTTP Request,500,Internal Server Error,Tim 1-636,text,false,,233,158,700,700,http://localhost:8079/?token=518473098&user=-1355039501&config=3,22423,0,0
1777971547673,22611,HTTP Request,500,Internal Server Error,Tim 1-99,text,false,,233,158,700,700,http://localhost:8079/?token=518473098&user=-1355039501&config=3,22611,0,1
1777971547688,22596,HTTP Request,500,Internal Server Error,Tim 1-632,text,false,,233,158,700,700,http://localhost:8079/?token=518473098&user=-1355039501&config=3,22596,0,1
1777971547947,22337,HTTP Request,500,Internal Server Error,Tim 1-638,text,false,,233,158,700,700,http://localhost:8079/?token=518473098&user=-1355039501&config=3,22337,0,0
1777971548033,22251,HTTP Request,500,Internal Server Error,Tim 1-640,text,false,,233,158,700,700,http://localhost:8079/?token=518473098&user=-1355039501&config=3,22251,0,1
1777971547673,22611,HTTP Request,500,Internal Server Error,Tim 1-395,text,false,,233,158,700,700,http://localhost:8079/?token=518473098&user=-1355039501&config=3,22611,0,0
1777971548077,22207,HTTP Request,500,Internal Server Error,Tim 1-641,text,false,,233,158,700,700,http://localhost:8079/?token=518473098&user=-1355039501&config=3,22207,0,0
1777971548119,22165,HTTP Request,500,Internal Server Error,Tim 1-642,text,false,,233,158,700,700,http://localhost:8079/?token=518473098&user=-1355039501&config=3,22165,0,1
1777971548162,22122,HTTP Request,500,Internal Server Error,Tim 1-643,text,false,,233,158,700,700,http://localhost:8079/?token=518473098&user=-1355039501&config=3,22122,0,1
1777971548205,22079,HTTP Request,500,Internal Server Error,Tim 1-644,text,false,,233,158,700,700,http://localhost:8079/?token=518473098&user=-1355039501&config=3,22079,0,1
1777971548249,22036,HTTP Request,500,Internal Server Error,Tim 1-645,text,false,,233,158,700,700,http://localhost:8079/?token=518473098&user=-1355039501&config=3,22035,0,0
1777971547410,22875,HTTP Request,500,Internal Server Error,Tim 1-374,text,false,,233,158,700,700,http://localhost:8079/?token=518473098&user=-1355039501&config=3,22875,0,0
1777971547410,22875,HTTP Request,500,Internal Server Error,Tim 1-384,text,false,,233,158,700,700,http://localhost:8079/?token=518473098&user=-1355039501&config=3,22875,0,0
1777971547410,22875,HTTP Request,500,Internal Server Error,Tim 1-380,text,false,,233,158,700,700,http://localhost:8079/?token=518473098&user=-1355039501&config=3,22875,0,0
1777971547410,22875,HTTP Request,500,Internal Server Error,Tim 1-383,text,false,,233,158,700,700,http://localhost:8079/?token=518473098&user=-1355039501&config=3,22875,0,0
1777971547410,22875,HTTP Request,500,Internal Server Error,Tim 1-378,text,false,,233,158,700,700,http://localhost:8079/?token=518473098&user=-1355039501&config=3,22874,0,0
1777971547410,22875,HTTP Request,500,Internal Server Error,Tim 1-390,text,false,,233,158,700,700,http://localhost:8079/?token=518473098&user=-1355039501&config=3,22875,0,1
1777971547410,22875,HTTP Request,500,Internal Server Error,Tim 1-387,text,false,,233,158,700,700,http://localhost:8079/?token=518473098&user=-1355039501&config=3,22875,0,0
1777971547410,22875,HTTP Request,500,Internal Server Error,Tim 1-391,text,false,,233,158,700,700,http://localhost:8079/?token=518473098&user=-1355039501&config=3,22875,0,0
1777971547431,22854,HTTP Request,500,Internal Server Error,Tim 1-626,text,false,,233,158,700,700,http://localhost:8079/?token=518473098&user=-1355039501&config=3,22854,0,1
1777971548377,22417,HTTP Request,500,Internal Server Error,Tim 1-648,text,false,,233,158,700,700,http://localhost:8079/?token=518473098&user=-1355039501&config=3,22417,0,0
1777971548376,22418,HTTP Request,500,Internal Server Error,Tim 1-396,text,false,,233,158,700,700,http://localhost:8079/?token=518473098&user=-1355039501&config=3,22418,0,0
1777971548334,22460,HTTP Request,500,Internal Server Error,Tim 1-647,text,false,,233,158,700,700,http://localhost:8079/?token=518473098&user=-1355039501&config=3,22460,0,1
1777971548506,22288,HTTP Request,500,Internal Server Error,Tim 1-651,text,false,,233,158,700,700,http://localhost:8079/?token=518473098&user=-1355039501&config=3,22288,0,1
1777971548464,22330,HTTP Request,500,Internal Server Error,Tim 1-650,text,false,,233,158,700,700,http://localhost:8079/?token=518473098&user=-1355039501&config=3,22330,0,0
1777971548420,22374,HTTP Request,500,Internal Server Error,Tim 1-649,text,false,,233,158,700,700,http://localhost:8079/?token=518473098&user=-1355039501&config=3,22374,0,0
1777971548549,22245,HTTP Request,500,Internal Server Error,Tim 1-652,text,false,,233,158,700,700,http://localhost:8079/?token=518473098&user=-1355039501&config=3,22245,0,1
1777971537711,34729,HTTP Request,200,OK,Tim 1-400,text,true,,231,158,700,700,http://localhost:8079/?token=518473098&user=-1355039501&config=3,34729,0,1
1777971537619,34821,HTTP Request,200,OK,Tim 1-47,text,true,,231,158,700,700,http://localhost:8079/?token=518473098&user=-1355039501&config=3,34821,0,0
1777971537927,34513,HTTP Request,200,OK,Tim 1-405,text,true,,231,158,700,700,http://localhost:8079/?token=518473098&user=-1355039501&config=3,34513,0,0
1777971537607,34833,HTTP Request,200,OK,Tim 1-46,text,true,,231,158,700,700,http://localhost:8079/?token=518473098&user=-1355039501&config=3,34833,0,0
1777971537619,34821,HTTP Request,200,OK,Tim 1-48,text,true,,231,158,700,700,http://localhost:8079/?token=518473098&user=-1355039501&config=3,34821,0,0
1777971537619,34821,HTTP Request,200,OK,Tim 1-51,text,true,,231,158,700,700,http://localhost:8079/?token=518473098&user=-1355039501&config=3,34821,0,0
1777971537619,34821,HTTP Request,200,OK,Tim 1-49,text,true,,231,158,700,700,http://localhost:8079/?token=518473098&user=-1355039501&config=3,34821,0,0
1777971537608,34832,HTTP Request,200,OK,Tim 1-116,text,true,,231,158,700,700,http://localhost:8079/?token=518473098&user=-1355039501&config=3,34832,0,0
1777971537619,34821,HTTP Request,200,OK,Tim 1-50,text,true,,231,158,700,700,http://localhost:8079/?token=518473098&user=-1355039501&config=3,34821,0,0
1777971537602,34838,HTTP Request,200,OK,Tim 1-184,text,true,,231,158,700,700,http://localhost:8079/?token=518473098&user=-1355039501&config=3,34838,0,0
1777971537607,34833,HTTP Request,200,OK,Tim 1-185,text,true,,231,158,700,700,http://localhost:8079/?token=518473098&user=-1355039501&config=3,34833,0,0
1777971537613,34827,HTTP Request,200,OK,Tim 1-186,text,true,,231,158,700,700,http://localhost:8079/?token=518473098&user=-1355039501&config=3,34827,0,0
1777971537619,34821,HTTP Request,200,OK,Tim 1-187,text,true,,231,158,700,700,http://localhost:8079/?token=518473098&user=-1355039501&config=3,34821,0,0
1777971537619,34821,HTTP Request,200,OK,Tim 1-121,text,true,,231,158,700,700,http://localhost:8079/?token=518473098&user=-1355039501&config=3,34821,0,0
1777971537619,34821,HTTP Request,200,OK,Tim 1-120,text,true,,231,158,700,700,http://localhost:8079/?token=518473098&user=-1355039501&config=3,34821,0,0
1777971537619,34821,HTTP Request,200,OK,Tim 1-119,text,true,,231,158,700,700,http://localhost:8079/?token=518473098&user=-1355039501&config=3,34821,0,0
1777971537619,34821,HTTP Request,200,OK,Tim 1-188,text,true,,231,158,700,700,http://localhost:8079/?token=518473098&user=-1355039501&config=3,34821,0,0
1777971537619,34821,HTTP Request,200,OK,Tim 1-118,text,true,,231,158,700,700,http://localhost:8079/?token=518473098&user=-1355039501&config=3,34821,0,0
1777971537619,34821,HTTP Request,200,OK,Tim 1-189,text,true,,231,158,700,700,http://localhost:8079/?token=518473098&user=-1355039501&config=3,34821,0,0
1777971537583,34857,HTTP Request,200,OK,Tim 1-397,text,true,,231,158,700,700,http://localhost:8079/?token=518473098&user=-1355039501&config=3,34857,0,0
1777971537619,34821,HTTP Request,200,OK,Tim 1-191,text,true,,231,158,700,700,http://localhost:8079/?token=518473098&user=-1355039501&config=3,34821,0,0
1777971537618,34822,HTTP Request,200,OK,Tim 1-5,text,true,,231,158,700,700,http://localhost:8079/?token=518473098&user=-1355039501&config=3,34822,0,1
1777971537618,34822,HTTP Request,200,OK,Tim 1-4,text,true,,231,158,700,700,http://localhost:8079/?token=518473098&user=-1355039501&config=3,34822,0,1
1777971537618,34822,HTTP Request,200,OK,Tim 1-6,text,true,,231,158,700,700,http://localhost:8079/?token=518473098&user=-1355039501&config=3,34822,0,1
1777971537619,34821,HTTP Request,200,OK,Tim 1-8,text,true,,231,158,700,700,http://localhost:8079/?token=518473098&user=-1355039501&config=3,34821,0,0
1777971537619,34821,HTTP Request,200,OK,Tim 1-10,text,true,,231,158,700,700,http://localhost:8079/?token=518473098&user=-1355039501&config=3,34821,0,0
1777971537619,34821,HTTP Request,200,OK,Tim 1-74,text,true,,231,158,700,700,http://localhost:8079/?token=518473098&user=-1355039501&config=3,34821,0,0
1777971537619,34821,HTTP Request,200,OK,Tim 1-190,text,true,,231,158,700,700,http://localhost:8079/?token=518473098&user=-1355039501&config=3,34821,0,0
1777971537619,34821,HTTP Request,200,OK,Tim 1-7,text,true,,231,158,700,700,http://localhost:8079/?token=518473098&user=-1355039501&config=3,34821,0,0
1777971537619,34821,HTTP Request,200,OK,Tim 1-75,text,true,,231,158,700,700,http://localhost:8079/?token=518473098&user=-1355039501&config=3,34821,0,0
1777971537619,34821,HTTP Request,200,OK,Tim 1-9,text,true,,231,158,700,700,http://localhost:8079/?token=518473098&user=-1355039501&config=3,34821,0,0
1777971537619,34821,HTTP Request,200,OK,Tim 1-77,text,true,,231,158,700,700,http://localhost:8079/?token=518473098&user=-1355039501&config=3,34821,0,0
1777971537619,34822,HTTP Request,200,OK,Tim 1-76,text,true,,231,158,700,700,http://localhost:8079/?token=518473098&user=-1355039501&config=3,34822,0,0
1777971537619,34822,HTTP Request,200,OK,Tim 1-78,text,true,,231,158,700,700,http://localhost:8079/?token=518473098&user=-1355039501&config=3,34822,0,0
1777971537619,34822,HTTP Request,200,OK,Tim 1-143,text,true,,231,158,700,700,http://localhost:8079/?token=518473098&user=-1355039501&config=3,34822,0,0
1777971537619,34822,HTTP Request,200,OK,Tim 1-145,text,true,,231,158,700,700,http://localhost:8079/?token=518473098&user=-1355039501&config=3,34822,0,0
1777971537619,34822,HTTP Request,200,OK,Tim 1-79,text,true,,231,158,700,700,http://localhost:8079/?token=518473098&user=-1355039501&config=3,34822,0,0
1777971537619,34822,HTTP Request,200,OK,Tim 1-146,text,true,,231,158,700,700,http://localhost:8079/?token=518473098&user=-1355039501&config=3,34822,0,0
1777971537619,34822,HTTP Request,200,OK,Tim 1-148,text,true,,231,158,700,700,http://localhost:8079/?token=518473098&user=-1355039501&config=3,34822,0,0
1777971537619,34822,HTTP Request,200,OK,Tim 1-147,text,true,,231,158,700,700,http://localhost:8079/?token=518473098&user=-1355039501&config=3,34822,0,0
1777971537619,34822,HTTP Request,200,OK,Tim 1-144,text,true,,231,158,700,700,http://localhost:8079/?token=518473098&user=-1355039501&config=3,34822,0,0
1777971537619,34822,HTTP Request,200,OK,Tim 1-215,text,true,,231,158,700,700,http://localhost:8079/?token=518473098&user=-1355039501&config=3,34822,0,1
1777971537619,34822,HTTP Request,200,OK,Tim 1-149,text,true,,231,158,700,700,http://localhost:8079/?token=518473098&user=-1355039501&config=3,34822,0,0
1777971537620,34821,HTTP Request,200,OK,Tim 1-216,text,true,,231,158,700,700,http://localhost:8079/?token=518473098&user=-1355039501&config=3,34821,0,0
1777971537620,34821,HTTP Request,200,OK,Tim 1-219,text,true,,231,158,700,700,http://localhost:8079/?token=518473098&user=-1355039501&config=3,34821,0,0
1777971537619,34822,HTTP Request,200,OK,Tim 1-214,text,true,,231,158,700,700,http://localhost:8079/?token=518473098&user=-1355039501&config=3,34822,0,1
1777971537619,34822,HTTP Request,200,OK,Tim 1-213,text,true,,231,158,700,700,http://localhost:8079/?token=518473098&user=-1355039501&config=3,34822,0,1
1777971537620,34821,HTTP Request,200,OK,Tim 1-220,text,true,,231,158,700,700,http://localhost:8079/?token=518473098&user=-1355039501&config=3,34821,0,0
1777971537620,34821,HTTP Request,200,OK,Tim 1-217,text,true,,231,158,700,700,http://localhost:8079/?token=518473098&user=-1355039501&config=3,34821,0,0
1777971537625,34816,HTTP Request,200,OK,Tim 1-398,text,true,,231,158,700,700,http://localhost:8079/?token=518473098&user=-1355039501&config=3,34816,0,0
1777971537620,34821,HTTP Request,200,OK,Tim 1-221,text,true,,231,158,700,700,http://localhost:8079/?token=518473098&user=-1355039501&config=3,34821,0,0
1777971537620,34821,HTTP Request,200,OK,Tim 1-218,text,true,,231,158,700,700,http://localhost:8079/?token=518473098&user=-1355039501&config=3,34821,0,0
1777971537620,34821,HTTP Request,200,OK,Tim 1-222,text,true,,231,158,700,700,http://localhost:8079/?token=518473098&user=-1355039501&config=3,34821,0,0
1777971537756,34687,HTTP Request,200,OK,Tim 1-401,text,true,,231,158,700,700,http://localhost:8079/?token=518473098&user=-1355039501&config=3,34687,0,0
1777971537799,34644,HTTP Request,200,OK,Tim 1-402,text,true,,231,158,700,700,http://localhost:8079/?token=518473098&user=-1355039501&config=3,34644,0,0
1777971537668,34775,HTTP Request,200,OK,Tim 1-399,text,true,,231,158,700,700,http://localhost:8079/?token=518473098&user=-1355039501&config=3,34775,0,1
1777971537884,34559,HTTP Request,200,OK,Tim 1-404,text,true,,231,158,700,700,http://localhost:8079/?token=518473098&user=-1355039501&config=3,34559,0,0
1777971537841,34602,HTTP Request,200,OK,Tim 1-403,text,true,,231,158,700,700,http://localhost:8079/?token=518473098&user=-1355039501&config=3,34602,0,0
1777971538100,34343,HTTP Request,200,OK,Tim 1-409,text,true,,231,158,700,700,http://localhost:8079/?token=518473098&user=-1355039501&config=3,34343,0,0
1777971538142,34301,HTTP Request,200,OK,Tim 1-410,text,true,,231,158,700,700,http://localhost:8079/?token=518473098&user=-1355039501&config=3,34301,0,1
1777971538185,34258,HTTP Request,200,OK,Tim 1-411,text,true,,231,158,700,700,http://localhost:8079/?token=518473098&user=-1355039501&config=3,34258,0,0
1777971537970,34473,HTTP Request,200,OK,Tim 1-406,text,true,,231,158,700,700,http://localhost:8079/?token=518473098&user=-1355039501&config=3,34473,0,0
1777971537620,34823,HTTP Request,200,OK,Tim 1-223,text,true,,231,158,700,700,http://localhost:8079/?token=518473098&user=-1355039501&config=3,34823,0,0
1777971540861,31598,HTTP Request,200,OK,Tim 1-39,text,true,,231,158,700,700,http://localhost:8079/?token=518473098&user=-1355039501&config=3,31598,0,0
1777971538013,34446,HTTP Request,200,OK,Tim 1-407,text,true,,231,158,700,700,http://localhost:8079/?token=518473098&user=-1355039501&config=3,34446,0,1
1777971538056,34403,HTTP Request,200,OK,Tim 1-408,text,true,,231,158,700,700,http://localhost:8079/?token=518473098&user=-1355039501&config=3,34403,0,0
1777971540861,31598,HTTP Request,200,OK,Tim 1-108,text,true,,231,158,700,700,http://localhost:8079/?token=518473098&user=-1355039501&config=3,31598,0,0
1777971538271,34188,HTTP Request,200,OK,Tim 1-413,text,true,,231,158,700,700,http://localhost:8079/?token=518473098&user=-1355039501&config=3,34188,0,0
1777971538314,34145,HTTP Request,200,OK,Tim 1-414,text,true,,231,158,700,700,http://localhost:8079/?token=518473098&user=-1355039501&config=3,34145,0,1
1777971538229,34230,HTTP Request,200,OK,Tim 1-412,text,true,,231,158,700,700,http://localhost:8079/?token=518473098&user=-1355039501&config=3,34230,0,0
1777971540861,31598,HTTP Request,200,OK,Tim 1-109,text,true,,231,158,700,700,http://localhost:8079/?token=518473098&user=-1355039501&config=3,31598,0,0
1777971538530,33930,HTTP Request,200,OK,Tim 1-419,text,true,,231,158,700,700,http://localhost:8079/?token=518473098&user=-1355039501&config=3,33930,0,0
1777971538572,33888,HTTP Request,200,OK,Tim 1-420,text,true,,231,158,700,700,http://localhost:8079/?token=518473098&user=-1355039501&config=3,33888,0,1
1777971538401,34059,HTTP Request,200,OK,Tim 1-416,text,true,,231,158,700,700,http://localhost:8079/?token=518473098&user=-1355039501&config=3,34059,0,0
1777971538616,33844,HTTP Request,200,OK,Tim 1-421,text,true,,231,158,700,700,http://localhost:8079/?token=518473098&user=-1355039501&config=3,33844,0,0
1777971538659,33801,HTTP Request,200,OK,Tim 1-422,text,true,,231,158,700,700,http://localhost:8079/?token=518473098&user=-1355039501&config=3,33801,0,0
1777971538357,34103,HTTP Request,200,OK,Tim 1-415,text,true,,231,158,700,700,http://localhost:8079/?token=518473098&user=-1355039501&config=3,34103,0,0
1777971538443,34017,HTTP Request,200,OK,Tim 1-417,text,true,,231,158,700,700,http://localhost:8079/?token=518473098&user=-1355039501&config=3,34017,0,1
1777971538702,33758,HTTP Request,200,OK,Tim 1-423,text,true,,231,158,700,700,http://localhost:8079/?token=518473098&user=-1355039501&config=3,33758,0,0
1777971538487,33973,HTTP Request,200,OK,Tim 1-418,text,true,,231,158,700,700,http://localhost:8079/?token=518473098&user=-1355039501&config=3,33973,0,0
1777971538744,33716,HTTP Request,200,OK,Tim 1-424,text,true,,231,158,700,700,http://localhost:8079/?token=518473098&user=-1355039501&config=3,33716,0,0
1777971538830,33630,HTTP Request,200,OK,Tim 1-426,text,true,,231,158,700,700,http://localhost:8079/?token=518473098&user=-1355039501&config=3,33630,0,0
1777971540861,31599,HTTP Request,200,OK,Tim 1-178,text,true,,231,158,700,700,http://localhost:8079/?token=518473098&user=-1355039501&config=3,31599,0,0
1777971538873,33587,HTTP Request,200,OK,Tim 1-427,text,true,,231,158,700,700,http://localhost:8079/?token=518473098&user=-1355039501&config=3,33587,0,0
1777971538915,33545,HTTP Request,200,OK,Tim 1-428,text,true,,231,158,700,700,http://localhost:8079/?token=518473098&user=-1355039501&config=3,33545,0,1
1777971538787,33673,HTTP Request,200,OK,Tim 1-425,text,true,,231,158,700,700,http://localhost:8079/?token=518473098&user=-1355039501&config=3,33673,0,0
1777971538959,33501,HTTP Request,200,OK,Tim 1-429,text,true,,231,158,700,700,http://localhost:8079/?token=518473098&user=-1355039501&config=3,33501,0,1
1777971539001,33459,HTTP Request,200,OK,Tim 1-430,text,true,,231,158,700,700,http://localhost:8079/?token=518473098&user=-1355039501&config=3,33459,0,1
1777971539089,33371,HTTP Request,200,OK,Tim 1-432,text,true,,231,158,700,700,http://localhost:8079/?token=518473098&user=-1355039501&config=3,33371,0,1
1777971539133,33327,HTTP Request,200,OK,Tim 1-433,text,true,,231,158,700,700,http://localhost:8079/?token=518473098&user=-1355039501&config=3,33327,0,0
1777971539045,33415,HTTP Request,200,OK,Tim 1-431,text,true,,231,158,700,700,http://localhost:8079/?token=518473098&user=-1355039501&config=3,33415,0,0
1777971539303,33157,HTTP Request,200,OK,Tim 1-437,text,true,,231,158,700,700,http://localhost:8079/?token=518473098&user=-1355039501&config=3,33157,0,1
1777971539175,33285,HTTP Request,200,OK,Tim 1-434,text,true,,231,158,700,700,http://localhost:8079/?token=518473098&user=-1355039501&config=3,33285,0,1
1777971539218,33242,HTTP Request,200,OK,Tim 1-435,text,true,,231,158,700,700,http://localhost:8079/?token=518473098&user=-1355039501&config=3,33242,0,0
1777971539260,33200,HTTP Request,200,OK,Tim 1-436,text,true,,231,158,700,700,http://localhost:8079/?token=518473098&user=-1355039501&config=3,33200,0,0
1777971539520,32940,HTTP Request,200,OK,Tim 1-442,text,true,,231,158,700,700,http://localhost:8079/?token=518473098&user=-1355039501&config=3,32940,0,0
1777971539475,32985,HTTP Request,200,OK,Tim 1-441,text,true,,231,158,700,700,http://localhost:8079/?token=518473098&user=-1355039501&config=3,32985,0,0
1777971539819,32655,HTTP Request,200,OK,Tim 1-449,text,true,,231,158,700,700,http://localhost:8079/?token=518473098&user=-1355039501&config=3,32655,0,1
1777971539906,32568,HTTP Request,200,OK,Tim 1-451,text,true,,231,158,700,700,http://localhost:8079/?token=518473098&user=-1355039501&config=3,32568,0,0
1777971539948,32526,HTTP Request,200,OK,Tim 1-452,text,true,,231,158,700,700,http://localhost:8079/?token=518473098&user=-1355039501&config=3,32526,0,0
1777971540507,31967,HTTP Request,200,OK,Tim 1-465,text,true,,231,158,700,700,http://localhost:8079/?token=518473098&user=-1355039501&config=3,31967,0,1
1777971540078,32396,HTTP Request,200,OK,Tim 1-455,text,true,,231,158,700,700,http://localhost:8079/?token=518473098&user=-1355039501&config=3,32396,0,1
1777971541668,30806,HTTP Request,200,OK,Tim 1-492,text,true,,231,158,700,700,http://localhost:8079/?token=518473098&user=-1355039501&config=3,30806,0,1
1777971540851,31623,HTTP Request,200,OK,Tim 1-473,text,true,,231,158,700,700,http://localhost:8079/?token=518473098&user=-1355039501&config=3,31623,0,1
1777971541926,30548,HTTP Request,200,OK,Tim 1-498,text,true,,231,158,700,700,http://localhost:8079/?token=518473098&user=-1355039501&config=3,30548,0,0
1777971540594,31880,HTTP Request,200,OK,Tim 1-467,text,true,,231,158,700,700,http://localhost:8079/?token=518473098&user=-1355039501&config=3,31880,0,1
1777971540938,31536,HTTP Request,200,OK,Tim 1-475,text,true,,231,158,700,700,http://localhost:8079/?token=518473098&user=-1355039501&config=3,31536,0,1
1777971540636,31838,HTTP Request,200,OK,Tim 1-468,text,true,,231,158,700,700,http://localhost:8079/?token=518473098&user=-1355039501&config=3,31838,0,1
1777971541755,30719,HTTP Request,200,OK,Tim 1-494,text,true,,231,158,700,700,http://localhost:8079/?token=518473098&user=-1355039501&config=3,30719,0,0
1777971541539,30935,HTTP Request,200,OK,Tim 1-489,text,true,,231,158,700,700,http://localhost:8079/?token=518473098&user=-1355039501&config=3,30935,0,0
1777971540679,31795,HTTP Request,200,OK,Tim 1-469,text,true,,231,158,700,700,http://localhost:8079/?token=518473098&user=-1355039501&config=3,31795,0,0
1777971541840,30634,HTTP Request,200,OK,Tim 1-496,text,true,,231,158,700,700,http://localhost:8079/?token=518473098&user=-1355039501&config=3,30634,0,0
1777971541970,30504,HTTP Request,200,OK,Tim 1-499,text,true,,231,158,700,700,http://localhost:8079/?token=518473098&user=-1355039501&config=3,30504,0,0
1777971541239,31235,HTTP Request,200,OK,Tim 1-482,text,true,,231,158,700,700,http://localhost:8079/?token=518473098&user=-1355039501&config=3,31235,0,0
1777971541455,31019,HTTP Request,200,OK,Tim 1-487,text,true,,231,158,700,700,http://localhost:8079/?token=518473098&user=-1355039501&config=3,31019,0,0
1777971540722,31752,HTTP Request,200,OK,Tim 1-470,text,true,,231,158,700,700,http://localhost:8079/?token=518473098&user=-1355039501&config=3,31752,0,0
1777971540207,32267,HTTP Request,200,OK,Tim 1-458,text,true,,231,158,700,700,http://localhost:8079/?token=518473098&user=-1355039501&config=3,32267,0,0
1777971541023,31451,HTTP Request,200,OK,Tim 1-477,text,true,,231,158,700,700,http://localhost:8079/?token=518473098&user=-1355039501&config=3,31451,0,1
1777971540293,32181,HTTP Request,200,OK,Tim 1-460,text,true,,231,158,700,700,http://localhost:8079/?token=518473098&user=-1355039501&config=3,32181,0,0
1777971541153,31321,HTTP Request,200,OK,Tim 1-480,text,true,,231,158,700,700,http://localhost:8079/?token=518473098&user=-1355039501&config=3,31321,0,0
1777971540980,31494,HTTP Request,200,OK,Tim 1-476,text,true,,231,158,700,700,http://localhost:8079/?token=518473098&user=-1355039501&config=3,31494,0,0
1777971540765,31709,HTTP Request,200,OK,Tim 1-471,text,true,,231,158,700,700,http://localhost:8079/?token=518473098&user=-1355039501&config=3,31709,0,1
1777971540895,31579,HTTP Request,200,OK,Tim 1-474,text,true,,231,158,700,700,http://localhost:8079/?token=518473098&user=-1355039501&config=3,31579,0,0
1777971540809,31665,HTTP Request,200,OK,Tim 1-472,text,true,,231,158,700,700,http://localhost:8079/?token=518473098&user=-1355039501&config=3,31665,0,1
1777971541109,31365,HTTP Request,200,OK,Tim 1-479,text,true,,231,158,700,700,http://localhost:8079/?token=518473098&user=-1355039501&config=3,31365,0,0
1777971540164,32310,HTTP Request,200,OK,Tim 1-457,text,true,,231,158,700,700,http://localhost:8079/?token=518473098&user=-1355039501&config=3,32310,0,0
1777971541195,31279,HTTP Request,200,OK,Tim 1-481,text,true,,231,158,700,700,http://localhost:8079/?token=518473098&user=-1355039501&config=3,31279,0,1
1777971540121,32353,HTTP Request,200,OK,Tim 1-456,text,true,,231,158,700,700,http://localhost:8079/?token=518473098&user=-1355039501&config=3,32353,0,1
1777971541066,31408,HTTP Request,200,OK,Tim 1-478,text,true,,231,158,700,700,http://localhost:8079/?token=518473098&user=-1355039501&config=3,31408,0,0
1777971541281,31193,HTTP Request,200,OK,Tim 1-483,text,true,,231,158,700,700,http://localhost:8079/?token=518473098&user=-1355039501&config=3,31193,0,1
1777971541582,30892,HTTP Request,200,OK,Tim 1-490,text,true,,231,158,700,700,http://localhost:8079/?token=518473098&user=-1355039501&config=3,30892,0,0
1777971541410,31064,HTTP Request,200,OK,Tim 1-486,text,true,,231,158,700,700,http://localhost:8079/?token=518473098&user=-1355039501&config=3,31064,0,0
1777971541496,30978,HTTP Request,200,OK,Tim 1-488,text,true,,231,158,700,700,http://localhost:8079/?token=518473098&user=-1355039501&config=3,30978,0,0
1777971540250,32224,HTTP Request,200,OK,Tim 1-459,text,true,,231,158,700,700,http://localhost:8079/?token=518473098&user=-1355039501&config=3,32224,0,1
1777971541324,31150,HTTP Request,200,OK,Tim 1-484,text,true,,231,158,700,700,http://localhost:8079/?token=518473098&user=-1355039501&config=3,31150,0,0
1777971541368,31106,HTTP Request,200,OK,Tim 1-485,text,true,,231,158,700,700,http://localhost:8079/?token=518473098&user=-1355039501&config=3,31106,0,0
1777971541798,30676,HTTP Request,200,OK,Tim 1-495,text,true,,231,158,700,700,http://localhost:8079/?token=518473098&user=-1355039501&config=3,30676,0,1
1777971541625,30849,HTTP Request,200,OK,Tim 1-491,text,true,,231,158,700,700,http://localhost:8079/?token=518473098&user=-1355039501&config=3,30849,0,0
1777971540378,32096,HTTP Request,200,OK,Tim 1-462,text,true,,231,158,700,700,http://localhost:8079/?token=518473098&user=-1355039501&config=3,32096,0,0
1777971541713,30761,HTTP Request,200,OK,Tim 1-493,text,true,,231,158,700,700,http://localhost:8079/?token=518473098&user=-1355039501&config=3,30761,0,0
1777971541883,30591,HTTP Request,200,OK,Tim 1-497,text,true,,231,158,700,700,http://localhost:8079/?token=518473098&user=-1355039501&config=3,30591,0,1
1777971540336,32138,HTTP Request,200,OK,Tim 1-461,text,true,,231,158,700,700,http://localhost:8079/?token=518473098&user=-1355039501&config=3,32138,0,0
1777971539389,33086,HTTP Request,200,OK,Tim 1-439,text,true,,231,158,700,700,http://localhost:8079/?token=518473098&user=-1355039501&config=3,33086,0,0
1777971540422,32052,HTTP Request,200,OK,Tim 1-463,text,true,,231,158,700,700,http://localhost:8079/?token=518473098&user=-1355039501&config=3,32052,0,0
1777971540464,32010,HTTP Request,200,OK,Tim 1-464,text,true,,231,158,700,700,http://localhost:8079/?token=518473098&user=-1355039501&config=3,32010,0,0
1777971539432,33043,HTTP Request,200,OK,Tim 1-440,text,true,,231,158,700,700,http://localhost:8079/?token=518473098&user=-1355039501&config=3,33043,0,1
1777971539992,32482,HTTP Request,200,OK,Tim 1-453,text,true,,231,158,700,700,http://localhost:8079/?token=518473098&user=-1355039501&config=3,32482,0,1
1777971539561,32914,HTTP Request,200,OK,Tim 1-443,text,true,,231,158,700,700,http://localhost:8079/?token=518473098&user=-1355039501&config=3,32914,0,1
1777971540550,31924,HTTP Request,200,OK,Tim 1-466,text,true,,231,158,700,700,http://localhost:8079/?token=518473098&user=-1355039501&config=3,31924,0,1
1777971539346,33129,HTTP Request,200,OK,Tim 1-438,text,true,,231,158,700,700,http://localhost:8079/?token=518473098&user=-1355039501&config=3,33129,0,0
1777971539604,32871,HTTP Request,200,OK,Tim 1-444,text,true,,231,158,700,700,http://localhost:8079/?token=518473098&user=-1355039501&config=3,32871,0,0
1777971539733,32742,HTTP Request,200,OK,Tim 1-447,text,true,,231,158,700,700,http://localhost:8079/?token=518473098&user=-1355039501&config=3,32742,0,1
1777971539777,32697,HTTP Request,200,OK,Tim 1-448,text,true,,231,158,700,700,http://localhost:8079/?token=518473098&user=-1355039501&config=3,32697,0,0
1777971540036,32438,HTTP Request,200,OK,Tim 1-454,text,true,,231,158,700,700,http://localhost:8079/?token=518473098&user=-1355039501&config=3,32438,0,0
1777971539862,32612,HTTP Request,200,OK,Tim 1-450,text,true,,231,158,700,700,http://localhost:8079/?token=518473098&user=-1355039501&config=3,32612,0,1
1777971539647,32828,HTTP Request,200,OK,Tim 1-445,text,true,,231,158,700,700,http://localhost:8079/?token=518473098&user=-1355039501&config=3,32828,0,0
1777971539690,32785,HTTP Request,200,OK,Tim 1-446,text,true,,231,158,700,700,http://localhost:8079/?token=518473098&user=-1355039501&config=3,32785,0,0
1777971542056,30480,HTTP Request,200,OK,Tim 1-501,text,true,,231,158,700,700,http://localhost:8079/?token=518473098&user=-1355039501&config=3,30480,0,1
1777971542014,30522,HTTP Request,200,OK,Tim 1-500,text,true,,231,158,700,700,http://localhost:8079/?token=518473098&user=-1355039501&config=3,30522,0,0
1777971542303,30285,HTTP Request,200,OK,Tim 1-52,text,true,,231,158,700,700,http://localhost:8079/?token=518473098&user=-1355039501&config=3,30285,0,0
1777971542317,30271,HTTP Request,200,OK,Tim 1-53,text,true,,231,158,700,700,http://localhost:8079/?token=518473098&user=-1355039501&config=3,30271,0,0
1777971542332,30256,HTTP Request,200,OK,Tim 1-57,text,true,,231,158,700,700,http://localhost:8079/?token=518473098&user=-1355039501&config=3,30256,0,0
1777971542318,30270,HTTP Request,200,OK,Tim 1-55,text,true,,231,158,700,700,http://localhost:8079/?token=518473098&user=-1355039501&config=3,30270,0,0
1777971542317,30271,HTTP Request,200,OK,Tim 1-54,text,true,,231,158,700,700,http://localhost:8079/?token=518473098&user=-1355039501&config=3,30271,0,0
1777971542356,30232,HTTP Request,200,OK,Tim 1-59,text,true,,231,158,700,700,http://localhost:8079/?token=518473098&user=-1355039501&config=3,30232,0,0
1777971542322,30266,HTTP Request,200,OK,Tim 1-56,text,true,,231,158,700,700,http://localhost:8079/?token=518473098&user=-1355039501&config=3,30266,0,0
1777971542334,30254,HTTP Request,200,OK,Tim 1-58,text,true,,231,158,700,700,http://localhost:8079/?token=518473098&user=-1355039501&config=3,30254,0,0
1777971542318,30270,HTTP Request,200,OK,Tim 1-124,text,true,,231,158,700,700,http://localhost:8079/?token=518473098&user=-1355039501&config=3,30270,0,0
1777971542321,30267,HTTP Request,200,OK,Tim 1-125,text,true,,231,158,700,700,http://localhost:8079/?token=518473098&user=-1355039501&config=3,30267,0,0
1777971542303,30285,HTTP Request,200,OK,Tim 1-123,text,true,,231,158,700,700,http://localhost:8079/?token=518473098&user=-1355039501&config=3,30285,0,0
1777971542303,30285,HTTP Request,200,OK,Tim 1-122,text,true,,231,158,700,700,http://localhost:8079/?token=518473098&user=-1355039501&config=3,30285,0,0
1777971542340,30248,HTTP Request,200,OK,Tim 1-126,text,true,,231,158,700,700,http://localhost:8079/?token=518473098&user=-1355039501&config=3,30248,0,0
1777971542338,30250,HTTP Request,200,OK,Tim 1-127,text,true,,231,158,700,700,http://localhost:8079/?token=518473098&user=-1355039501&config=3,30250,0,0
1777971542340,30248,HTTP Request,200,OK,Tim 1-128,text,true,,231,158,700,700,http://localhost:8079/?token=518473098&user=-1355039501&config=3,30248,0,0
1777971542384,30204,HTTP Request,200,OK,Tim 1-64,text,true,,231,158,700,700,http://localhost:8079/?token=518473098&user=-1355039501&config=3,30204,0,0
1777971542352,30236,HTTP Request,200,OK,Tim 1-60,text,true,,231,158,700,700,http://localhost:8079/?token=518473098&user=-1355039501&config=3,30236,0,0
1777971542375,30213,HTTP Request,200,OK,Tim 1-62,text,true,,231,158,700,700,http://localhost:8079/?token=518473098&user=-1355039501&config=3,30213,0,0
1777971542373,30215,HTTP Request,200,OK,Tim 1-61,text,true,,231,158,700,700,http://localhost:8079/?token=518473098&user=-1355039501&config=3,30215,0,0
1777971542360,30228,HTTP Request,200,OK,Tim 1-129,text,true,,231,158,700,700,http://localhost:8079/?token=518473098&user=-1355039501&config=3,30228,0,0
1777971542361,30227,HTTP Request,200,OK,Tim 1-131,text,true,,231,158,700,700,http://localhost:8079/?token=518473098&user=-1355039501&config=3,30227,0,0
1777971542360,30228,HTTP Request,200,OK,Tim 1-130,text,true,,231,158,700,700,http://localhost:8079/?token=518473098&user=-1355039501&config=3,30228,0,0
1777971542361,30227,HTTP Request,200,OK,Tim 1-132,text,true,,231,158,700,700,http://localhost:8079/?token=518473098&user=-1355039501&config=3,30227,0,0
1777971542384,30205,HTTP Request,200,OK,Tim 1-135,text,true,,231,158,700,700,http://localhost:8079/?token=518473098&user=-1355039501&config=3,30205,0,0
1777971542393,30196,HTTP Request,200,OK,Tim 1-139,text,true,,231,158,700,700,http://localhost:8079/?token=518473098&user=-1355039501&config=3,30196,0,0
1777971542381,30208,HTTP Request,200,OK,Tim 1-133,text,true,,231,158,700,700,http://localhost:8079/?token=518473098&user=-1355039501&config=3,30208,0,0
1777971542322,30267,HTTP Request,200,OK,Tim 1-194,text,true,,231,158,700,700,http://localhost:8079/?token=518473098&user=-1355039501&config=3,30267,0,0
1777971542377,30212,HTTP Request,200,OK,Tim 1-134,text,true,,231,158,700,700,http://localhost:8079/?token=518473098&user=-1355039501&config=3,30212,0,0
1777971542321,30268,HTTP Request,200,OK,Tim 1-192,text,true,,231,158,700,700,http://localhost:8079/?token=518473098&user=-1355039501&config=3,30268,0,0
1777971542334,30255,HTTP Request,200,OK,Tim 1-195,text,true,,231,158,700,700,http://localhost:8079/?token=518473098&user=-1355039501&config=3,30255,0,0
1777971542318,30271,HTTP Request,200,OK,Tim 1-193,text,true,,231,158,700,700,http://localhost:8079/?token=518473098&user=-1355039501&config=3,30271,0,0
1777971542352,30237,HTTP Request,200,OK,Tim 1-197,text,true,,231,158,700,700,http://localhost:8079/?token=518473098&user=-1355039501&config=3,30237,0,0
1777971542332,30257,HTTP Request,200,OK,Tim 1-196,text,true,,231,158,700,700,http://localhost:8079/?token=518473098&user=-1355039501&config=3,30257,0,0
1777971542367,30222,HTTP Request,200,OK,Tim 1-199,text,true,,231,158,700,700,http://localhost:8079/?token=518473098&user=-1355039501&config=3,30222,0,0
1777971542367,30222,HTTP Request,200,OK,Tim 1-198,text,true,,231,158,700,700,http://localhost:8079/?token=518473098&user=-1355039501&config=3,30222,0,0
1777971542356,30233,HTTP Request,200,OK,Tim 1-200,text,true,,231,158,700,700,http://localhost:8079/?token=518473098&user=-1355039501&config=3,30233,0,0
1777971542375,30214,HTTP Request,200,OK,Tim 1-201,text,true,,231,158,700,700,http://localhost:8079/?token=518473098&user=-1355039501&config=3,30214,0,0
1777971542377,30212,HTTP Request,200,OK,Tim 1-203,text,true,,231,158,700,700,http://localhost:8079/?token=518473098&user=-1355039501&config=3,30212,0,0
1777971542376,30213,HTTP Request,200,OK,Tim 1-202,text,true,,231,158,700,700,http://localhost:8079/?token=518473098&user=-1355039501&config=3,30213,0,0
1777971542099,30490,HTTP Request,200,OK,Tim 1-502,text,true,,231,158,700,700,http://localhost:8079/?token=518473098&user=-1355039501&config=3,30490,0,1
1777971542142,30447,HTTP Request,200,OK,Tim 1-503,text,true,,231,158,700,700,http://localhost:8079/?token=518473098&user=-1355039501&config=3,30447,0,1
1777971542228,30361,HTTP Request,200,OK,Tim 1-505,text,true,,231,158,700,700,http://localhost:8079/?token=518473098&user=-1355039501&config=3,30361,0,0
1777971542184,30405,HTTP Request,200,OK,Tim 1-504,text,true,,231,158,700,700,http://localhost:8079/?token=518473098&user=-1355039501&config=3,30405,0,1
1777971542414,30176,HTTP Request,200,OK,Tim 1-1,text,true,,231,158,700,700,http://localhost:8079/?token=518473098&user=-1355039501&config=3,30176,0,0
1777971542387,30203,HTTP Request,200,OK,Tim 1-63,text,true,,231,158,700,700,http://localhost:8079/?token=518473098&user=-1355039501&config=3,30203,0,0
1777971542387,30203,HTTP Request,200,OK,Tim 1-136,text,true,,231,158,700,700,http://localhost:8079/?token=518473098&user=-1355039501&config=3,30203,0,0
1777971542411,30179,HTTP Request,200,OK,Tim 1-2,text,true,,231,158,700,700,http://localhost:8079/?token=518473098&user=-1355039501&config=3,30179,0,0
1777971542389,30201,HTTP Request,200,OK,Tim 1-137,text,true,,231,158,700,700,http://localhost:8079/?token=518473098&user=-1355039501&config=3,30201,0,0
1777971542428,30162,HTTP Request,200,OK,Tim 1-3,text,true,,231,158,700,700,http://localhost:8079/?token=518473098&user=-1355039501&config=3,30162,0,0
1777971542395,30196,HTTP Request,200,OK,Tim 1-69,text,true,,231,158,700,700,http://localhost:8079/?token=518473098&user=-1355039501&config=3,30196,0,0
1777971542417,30174,HTTP Request,200,OK,Tim 1-141,text,true,,231,158,700,700,http://localhost:8079/?token=518473098&user=-1355039501&config=3,30174,0,0
1777971542387,30203,HTTP Request,200,OK,Tim 1-65,text,true,,231,158,700,700,http://localhost:8079/?token=518473098&user=-1355039501&config=3,30203,0,0
1777971542397,30194,HTTP Request,200,OK,Tim 1-140,text,true,,231,158,700,700,http://localhost:8079/?token=518473098&user=-1355039501&config=3,30194,0,0
1777971542395,30196,HTTP Request,200,OK,Tim 1-68,text,true,,231,158,700,700,http://localhost:8079/?token=518473098&user=-1355039501&config=3,30196,0,0
1777971542393,30198,HTTP Request,200,OK,Tim 1-67,text,true,,231,158,700,700,http://localhost:8079/?token=518473098&user=-1355039501&config=3,30198,0,0
1777971542389,30202,HTTP Request,200,OK,Tim 1-66,text,true,,231,158,700,700,http://localhost:8079/?token=518473098&user=-1355039501&config=3,30202,0,0
1777971542389,30202,HTTP Request,200,OK,Tim 1-138,text,true,,231,158,700,700,http://localhost:8079/?token=518473098&user=-1355039501&config=3,30202,0,0
1777971542389,30202,HTTP Request,200,OK,Tim 1-70,text,true,,231,158,700,700,http://localhost:8079/?token=518473098&user=-1355039501&config=3,30202,0,0
1777971542416,30175,HTTP Request,200,OK,Tim 1-73,text,true,,231,158,700,700,http://localhost:8079/?token=518473098&user=-1355039501&config=3,30175,0,0
1777971542400,30191,HTTP Request,200,OK,Tim 1-71,text,true,,231,158,700,700,http://localhost:8079/?token=518473098&user=-1355039501&config=3,30191,0,0
1777971542416,30175,HTTP Request,200,OK,Tim 1-142,text,true,,231,158,700,700,http://localhost:8079/?token=518473098&user=-1355039501&config=3,30175,0,0
1777971542428,30163,HTTP Request,200,OK,Tim 1-72,text,true,,231,158,700,700,http://localhost:8079/?token=518473098&user=-1355039501&config=3,30163,0,0
1777971542394,30197,HTTP Request,200,OK,Tim 1-208,text,true,,231,158,700,700,http://localhost:8079/?token=518473098&user=-1355039501&config=3,30197,0,0
1777971542395,30196,HTTP Request,200,OK,Tim 1-207,text,true,,231,158,700,700,http://localhost:8079/?token=518473098&user=-1355039501&config=3,30196,0,0
1777971542400,30191,HTTP Request,200,OK,Tim 1-209,text,true,,231,158,700,700,http://localhost:8079/?token=518473098&user=-1355039501&config=3,30191,0,0
1777971542416,30175,HTTP Request,200,OK,Tim 1-211,text,true,,231,158,700,700,http://localhost:8079/?token=518473098&user=-1355039501&config=3,30175,0,0
1777971542411,30180,HTTP Request,200,OK,Tim 1-210,text,true,,231,158,700,700,http://localhost:8079/?token=518473098&user=-1355039501&config=3,30180,0,0
1777971542431,30160,HTTP Request,200,OK,Tim 1-212,text,true,,231,158,700,700,http://localhost:8079/?token=518473098&user=-1355039501&config=3,30160,0,0
1777971542387,30204,HTTP Request,200,OK,Tim 1-206,text,true,,231,158,700,700,http://localhost:8079/?token=518473098&user=-1355039501&config=3,30204,0,0
1777971542387,30204,HTTP Request,200,OK,Tim 1-205,text,true,,231,158,700,700,http://localhost:8079/?token=518473098&user=-1355039501&config=3,30204,0,0
1777971542387,30204,HTTP Request,200,OK,Tim 1-204,text,true,,231,158,700,700,http://localhost:8079/?token=518473098&user=-1355039501&config=3,30204,0,0
1777971542271,30320,HTTP Request,200,OK,Tim 1-506,text,true,,231,158,700,700,http://localhost:8079/?token=518473098&user=-1355039501&config=3,30320,0,1
1777971542441,30150,HTTP Request,200,OK,Tim 1-510,text,true,,231,158,700,700,http://localhost:8079/?token=518473098&user=-1355039501&config=3,30150,0,1
1777971542399,30192,HTTP Request,200,OK,Tim 1-509,text,true,,231,158,700,700,http://localhost:8079/?token=518473098&user=-1355039501&config=3,30192,0,0
1777971542357,30234,HTTP Request,200,OK,Tim 1-508,text,true,,231,158,700,700,http://localhost:8079/?token=518473098&user=-1355039501&config=3,30234,0,0
1777971542485,30106,HTTP Request,200,OK,Tim 1-511,text,true,,231,158,700,700,http://localhost:8079/?token=518473098&user=-1355039501&config=3,30106,0,0
1777971542314,30277,HTTP Request,200,OK,Tim 1-507,text,true,,231,158,700,700,http://localhost:8079/?token=518473098&user=-1355039501&config=3,30277,0,0
1777971542571,30020,HTTP Request,200,OK,Tim 1-513,text,true,,231,158,700,700,http://localhost:8079/?token=518473098&user=-1355039501&config=3,30020,0,1
1777971542528,30064,HTTP Request,200,OK,Tim 1-512,text,true,,231,158,700,700,http://localhost:8079/?token=518473098&user=-1355039501&config=3,30064,0,1
1777971542614,29979,HTTP Request,200,OK,Tim 1-514,text,true,,231,158,700,700,http://localhost:8079/?token=518473098&user=-1355039501&config=3,29979,0,1
1777971542659,29934,HTTP Request,200,OK,Tim 1-515,text,true,,231,158,700,700,http://localhost:8079/?token=518473098&user=-1355039501&config=3,29934,0,0
1777971542744,29849,HTTP Request,200,OK,Tim 1-517,text,true,,231,158,700,700,http://localhost:8079/?token=518473098&user=-1355039501&config=3,29849,0,0
1777971542786,29807,HTTP Request,200,OK,Tim 1-518,text,true,,231,158,700,700,http://localhost:8079/?token=518473098&user=-1355039501&config=3,29807,0,0
1777971542702,29891,HTTP Request,200,OK,Tim 1-516,text,true,,231,158,700,700,http://localhost:8079/?token=518473098&user=-1355039501&config=3,29891,0,0
1777971542872,29721,HTTP Request,200,OK,Tim 1-520,text,true,,231,158,700,700,http://localhost:8079/?token=518473098&user=-1355039501&config=3,29721,0,0
1777971542829,29764,HTTP Request,200,OK,Tim 1-519,text,true,,231,158,700,700,http://localhost:8079/?token=518473098&user=-1355039501&config=3,29764,0,1
1777971543173,29420,HTTP Request,200,OK,Tim 1-527,text,true,,231,158,700,700,http://localhost:8079/?token=518473098&user=-1355039501&config=3,29420,0,1
1777971543216,29377,HTTP Request,200,OK,Tim 1-528,text,true,,231,158,700,700,http://localhost:8079/?token=518473098&user=-1355039501&config=3,29377,0,0
1777971543259,29334,HTTP Request,200,OK,Tim 1-529,text,true,,231,158,700,700,http://localhost:8079/?token=518473098&user=-1355039501&config=3,29334,0,1
1777971543003,29590,HTTP Request,200,OK,Tim 1-523,text,true,,231,158,700,700,http://localhost:8079/?token=518473098&user=-1355039501&config=3,29590,0,0
1777971542958,29635,HTTP Request,200,OK,Tim 1-522,text,true,,231,158,700,700,http://localhost:8079/?token=518473098&user=-1355039501&config=3,29635,0,1
1777971542915,29678,HTTP Request,200,OK,Tim 1-521,text,true,,231,158,700,700,http://localhost:8079/?token=518473098&user=-1355039501&config=3,29678,0,0
1777971543045,29548,HTTP Request,200,OK,Tim 1-524,text,true,,231,158,700,700,http://localhost:8079/?token=518473098&user=-1355039501&config=3,29548,0,0
1777971543303,29290,HTTP Request,200,OK,Tim 1-530,text,true,,231,158,700,700,http://localhost:8079/?token=518473098&user=-1355039501&config=3,29290,0,1
1777971543089,29504,HTTP Request,200,OK,Tim 1-525,text,true,,231,158,700,700,http://localhost:8079/?token=518473098&user=-1355039501&config=3,29504,0,0
1777971543474,29119,HTTP Request,200,OK,Tim 1-534,text,true,,231,158,700,700,http://localhost:8079/?token=518473098&user=-1355039501&config=3,29119,0,1
1777971543561,29032,HTTP Request,200,OK,Tim 1-536,text,true,,231,158,700,700,http://localhost:8079/?token=518473098&user=-1355039501&config=3,29032,0,0
1777971543431,29162,HTTP Request,200,OK,Tim 1-533,text,true,,231,158,700,700,http://localhost:8079/?token=518473098&user=-1355039501&config=3,29162,0,0
1777971543603,28990,HTTP Request,200,OK,Tim 1-537,text,true,,231,158,700,700,http://localhost:8079/?token=518473098&user=-1355039501&config=3,28990,0,0
1777971543389,29204,HTTP Request,200,OK,Tim 1-532,text,true,,231,158,700,700,http://localhost:8079/?token=518473098&user=-1355039501&config=3,29204,0,0
1777971543517,29076,HTTP Request,200,OK,Tim 1-535,text,true,,231,158,700,700,http://localhost:8079/?token=518473098&user=-1355039501&config=3,29076,0,1
1777971543648,28945,HTTP Request,200,OK,Tim 1-538,text,true,,231,158,700,700,http://localhost:8079/?token=518473098&user=-1355039501&config=3,28945,0,0
1777971543130,29463,HTTP Request,200,OK,Tim 1-526,text,true,,231,158,700,700,http://localhost:8079/?token=518473098&user=-1355039501&config=3,29463,0,1
1777971543732,28861,HTTP Request,200,OK,Tim 1-540,text,true,,231,158,700,700,http://localhost:8079/?token=518473098&user=-1355039501&config=3,28861,0,0
1777971543776,28818,HTTP Request,200,OK,Tim 1-541,text,true,,231,158,700,700,http://localhost:8079/?token=518473098&user=-1355039501&config=3,28818,0,0
1777971543346,29247,HTTP Request,200,OK,Tim 1-531,text,true,,231,158,700,700,http://localhost:8079/?token=518473098&user=-1355039501&config=3,29247,0,1
1777971543819,28775,HTTP Request,200,OK,Tim 1-542,text,true,,231,158,700,700,http://localhost:8079/?token=518473098&user=-1355039501&config=3,28775,0,1
1777971543690,28904,HTTP Request,200,OK,Tim 1-539,text,true,,231,158,700,700,http://localhost:8079/?token=518473098&user=-1355039501&config=3,28904,0,0
1777971543905,28690,HTTP Request,200,OK,Tim 1-544,text,true,,231,158,700,700,http://localhost:8079/?token=518473098&user=-1355039501&config=3,28690,0,0
1777971543862,28733,HTTP Request,200,OK,Tim 1-543,text,true,,231,158,700,700,http://localhost:8079/?token=518473098&user=-1355039501&config=3,28733,0,1
1777971544034,28571,HTTP Request,200,OK,Tim 1-547,text,true,,231,158,700,700,http://localhost:8079/?token=518473098&user=-1355039501&config=3,28571,0,0
1777971543991,28614,HTTP Request,200,OK,Tim 1-546,text,true,,231,158,700,700,http://localhost:8079/?token=518473098&user=-1355039501&config=3,28614,0,0
1777971543948,28657,HTTP Request,200,OK,Tim 1-545,text,true,,231,158,700,700,http://localhost:8079/?token=518473098&user=-1355039501&config=3,28657,0,0
1777971544250,28356,HTTP Request,200,OK,Tim 1-552,text,true,,231,158,700,700,http://localhost:8079/?token=518473098&user=-1355039501&config=3,28356,0,0
1777971544163,28443,HTTP Request,200,OK,Tim 1-550,text,true,,231,158,700,700,http://localhost:8079/?token=518473098&user=-1355039501&config=3,28443,0,0
1777971544206,28400,HTTP Request,200,OK,Tim 1-551,text,true,,231,158,700,700,http://localhost:8079/?token=518473098&user=-1355039501&config=3,28400,0,0
1777971544119,28487,HTTP Request,200,OK,Tim 1-549,text,true,,231,158,700,700,http://localhost:8079/?token=518473098&user=-1355039501&config=3,28487,0,1
1777971544077,28529,HTTP Request,200,OK,Tim 1-548,text,true,,231,158,700,700,http://localhost:8079/?token=518473098&user=-1355039501&config=3,28529,0,1
1777971544292,28314,HTTP Request,200,OK,Tim 1-553,text,true,,231,158,700,700,http://localhost:8079/?token=518473098&user=-1355039501&config=3,28314,0,0
1777971544464,28142,HTTP Request,200,OK,Tim 1-557,text,true,,231,158,700,700,http://localhost:8079/?token=518473098&user=-1355039501&config=3,28142,0,1
1777971544336,28270,HTTP Request,200,OK,Tim 1-554,text,true,,231,158,700,700,http://localhost:8079/?token=518473098&user=-1355039501&config=3,28270,0,0
1777971544508,28098,HTTP Request,200,OK,Tim 1-558,text,true,,231,158,700,700,http://localhost:8079/?token=518473098&user=-1355039501&config=3,28098,0,0
1777971544378,28228,HTTP Request,200,OK,Tim 1-555,text,true,,231,158,700,700,http://localhost:8079/?token=518473098&user=-1355039501&config=3,28228,0,0
1777971544420,28186,HTTP Request,200,OK,Tim 1-556,text,true,,231,158,700,700,http://localhost:8079/?token=518473098&user=-1355039501&config=3,28186,0,0
1777971544550,28056,HTTP Request,200,OK,Tim 1-559,text,true,,231,158,700,700,http://localhost:8079/?token=518473098&user=-1355039501&config=3,28056,0,1
1777971544636,27970,HTTP Request,200,OK,Tim 1-561,text,true,,231,158,700,700,http://localhost:8079/?token=518473098&user=-1355039501&config=3,27970,0,0
1777971544593,28013,HTTP Request,200,OK,Tim 1-560,text,true,,231,158,700,700,http://localhost:8079/?token=518473098&user=-1355039501&config=3,28013,0,1
1777971544678,27928,HTTP Request,200,OK,Tim 1-562,text,true,,231,158,700,700,http://localhost:8079/?token=518473098&user=-1355039501&config=3,27928,0,1
1777971544723,27883,HTTP Request,200,OK,Tim 1-563,text,true,,231,158,700,700,http://localhost:8079/?token=518473098&user=-1355039501&config=3,27883,0,1
1777971544809,27797,HTTP Request,200,OK,Tim 1-565,text,true,,231,158,700,700,http://localhost:8079/?token=518473098&user=-1355039501&config=3,27797,0,0
1777971544765,27841,HTTP Request,200,OK,Tim 1-564,text,true,,231,158,700,700,http://localhost:8079/?token=518473098&user=-1355039501&config=3,27841,0,1
1777971544895,27711,HTTP Request,200,OK,Tim 1-567,text,true,,231,158,700,700,http://localhost:8079/?token=518473098&user=-1355039501&config=3,27711,0,0
1777971544981,27625,HTTP Request,200,OK,Tim 1-569,text,true,,231,158,700,700,http://localhost:8079/?token=518473098&user=-1355039501&config=3,27625,0,0
1777971545024,27582,HTTP Request,200,OK,Tim 1-570,text,true,,231,158,700,700,http://localhost:8079/?token=518473098&user=-1355039501&config=3,27582,0,0
1777971544863,27743,HTTP Request,200,OK,Tim 1-566,text,true,,231,158,700,700,http://localhost:8079/?token=518473098&user=-1355039501&config=3,27743,0,1
1777971544937,27669,HTTP Request,200,OK,Tim 1-568,text,true,,231,158,700,700,http://localhost:8079/?token=518473098&user=-1355039501&config=3,27669,0,0
1777971545066,27540,HTTP Request,200,OK,Tim 1-571,text,true,,231,158,700,700,http://localhost:8079/?token=518473098&user=-1355039501&config=3,27540,0,1
1777971545109,27497,HTTP Request,200,OK,Tim 1-572,text,true,,231,158,700,700,http://localhost:8079/?token=518473098&user=-1355039501&config=3,27497,0,1
1777971545152,27454,HTTP Request,200,OK,Tim 1-573,text,true,,231,158,700,700,http://localhost:8079/?token=518473098&user=-1355039501&config=3,27454,0,1
1777971545195,27411,HTTP Request,200,OK,Tim 1-574,text,true,,231,158,700,700,http://localhost:8079/?token=518473098&user=-1355039501&config=3,27411,0,1
1777971545238,27369,HTTP Request,200,OK,Tim 1-575,text,true,,231,158,700,700,http://localhost:8079/?token=518473098&user=-1355039501&config=3,27369,0,1
1777971545283,27324,HTTP Request,200,OK,Tim 1-576,text,true,,231,158,700,700,http://localhost:8079/?token=518473098&user=-1355039501&config=3,27324,0,0
1777971545326,27281,HTTP Request,200,OK,Tim 1-577,text,true,,231,158,700,700,http://localhost:8079/?token=518473098&user=-1355039501&config=3,27281,0,1
1777971545367,27240,HTTP Request,200,OK,Tim 1-578,text,true,,231,158,700,700,http://localhost:8079/?token=518473098&user=-1355039501&config=3,27240,0,0
1777971545454,27153,HTTP Request,200,OK,Tim 1-580,text,true,,231,158,700,700,http://localhost:8079/?token=518473098&user=-1355039501&config=3,27153,0,0
1777971545411,27196,HTTP Request,200,OK,Tim 1-579,text,true,,231,158,700,700,http://localhost:8079/?token=518473098&user=-1355039501&config=3,27196,0,0
1777971545668,26939,HTTP Request,200,OK,Tim 1-585,text,true,,231,158,700,700,http://localhost:8079/?token=518473098&user=-1355039501&config=3,26939,0,0
1777971545539,27068,HTTP Request,200,OK,Tim 1-582,text,true,,231,158,700,700,http://localhost:8079/?token=518473098&user=-1355039501&config=3,27068,0,1
1777971545582,27025,HTTP Request,200,OK,Tim 1-583,text,true,,231,158,700,700,http://localhost:8079/?token=518473098&user=-1355039501&config=3,27025,0,1
1777971545625,26982,HTTP Request,200,OK,Tim 1-584,text,true,,231,158,700,700,http://localhost:8079/?token=518473098&user=-1355039501&config=3,26982,0,0
1777971545496,27111,HTTP Request,200,OK,Tim 1-581,text,true,,231,158,700,700,http://localhost:8079/?token=518473098&user=-1355039501&config=3,27111,0,0
1777971554117,22515,HTTP Request,500,Internal Server Error,Tim 1-323,text,false,,233,158,700,700,http://localhost:8079/?token=518473098&user=-1355039501&config=3,22515,0,0
1777971554118,22514,HTTP Request,500,Internal Server Error,Tim 1-362,text,false,,233,158,700,700,http://localhost:8079/?token=518473098&user=-1355039501&config=3,22514,0,0
1777971554118,22514,HTTP Request,500,Internal Server Error,Tim 1-335,text,false,,233,158,700,700,http://localhost:8079/?token=518473098&user=-1355039501&config=3,22514,0,0
1777971554117,22515,HTTP Request,500,Internal Server Error,Tim 1-315,text,false,,233,158,700,700,http://localhost:8079/?token=518473098&user=-1355039501&config=3,22515,0,0
1777971554118,22514,HTTP Request,500,Internal Server Error,Tim 1-338,text,false,,233,158,700,700,http://localhost:8079/?token=518473098&user=-1355039501&config=3,22514,0,0
1777971554118,22514,HTTP Request,500,Internal Server Error,Tim 1-363,text,false,,233,158,700,700,http://localhost:8079/?token=518473098&user=-1355039501&config=3,22514,0,0
1777971547407,29227,HTTP Request,200,OK,Tim 1-17,text,true,,231,158,700,700,http://localhost:8079/?token=518473098&user=-1355039501&config=3,29227,0,0
1777971547407,29227,HTTP Request,200,OK,Tim 1-19,text,true,,231,158,700,700,http://localhost:8079/?token=518473098&user=-1355039501&config=3,29227,0,0
1777971547407,29227,HTTP Request,200,OK,Tim 1-21,text,true,,231,158,700,700,http://localhost:8079/?token=518473098&user=-1355039501&config=3,29227,0,0
1777971547409,29225,HTTP Request,200,OK,Tim 1-23,text,true,,231,158,700,700,http://localhost:8079/?token=518473098&user=-1355039501&config=3,29225,0,0
1777971547409,29225,HTTP Request,200,OK,Tim 1-22,text,true,,231,158,700,700,http://localhost:8079/?token=518473098&user=-1355039501&config=3,29225,0,0
1777971547409,29225,HTTP Request,200,OK,Tim 1-87,text,true,,231,158,700,700,http://localhost:8079/?token=518473098&user=-1355039501&config=3,29225,0,0
1777971547410,29224,HTTP Request,200,OK,Tim 1-162,text,true,,231,158,700,700,http://localhost:8079/?token=518473098&user=-1355039501&config=3,29224,0,0
1777971547409,29225,HTTP Request,200,OK,Tim 1-88,text,true,,231,158,700,700,http://localhost:8079/?token=518473098&user=-1355039501&config=3,29225,0,0
1777971547409,29225,HTTP Request,200,OK,Tim 1-157,text,true,,231,158,700,700,http://localhost:8079/?token=518473098&user=-1355039501&config=3,29225,0,0
1777971547410,29224,HTTP Request,200,OK,Tim 1-158,text,true,,231,158,700,700,http://localhost:8079/?token=518473098&user=-1355039501&config=3,29224,0,0
1777971547409,29225,HTTP Request,200,OK,Tim 1-89,text,true,,231,158,700,700,http://localhost:8079/?token=518473098&user=-1355039501&config=3,29225,0,0
1777971547410,29224,HTTP Request,200,OK,Tim 1-229,text,true,,231,158,700,700,http://localhost:8079/?token=518473098&user=-1355039501&config=3,29224,0,0
1777971547410,29224,HTTP Request,200,OK,Tim 1-226,text,true,,231,158,700,700,http://localhost:8079/?token=518473098&user=-1355039501&config=3,29224,0,0
1777971547410,29224,HTTP Request,200,OK,Tim 1-232,text,true,,231,158,700,700,http://localhost:8079/?token=518473098&user=-1355039501&config=3,29224,0,0
1777971547410,29224,HTTP Request,200,OK,Tim 1-230,text,true,,231,158,700,700,http://localhost:8079/?token=518473098&user=-1355039501&config=3,29224,0,0
1777971554117,22516,HTTP Request,500,Internal Server Error,Tim 1-317,text,false,,233,158,700,700,http://localhost:8079/?token=518473098&user=-1355039501&config=3,22516,0,0
1777971554117,22516,HTTP Request,500,Internal Server Error,Tim 1-314,text,false,,233,158,700,700,http://localhost:8079/?token=518473098&user=-1355039501&config=3,22516,0,0
1777971554117,22516,HTTP Request,500,Internal Server Error,Tim 1-316,text,false,,233,158,700,700,http://localhost:8079/?token=518473098&user=-1355039501&config=3,22516,0,0
1777971554117,22516,HTTP Request,500,Internal Server Error,Tim 1-319,text,false,,233,158,700,700,http://localhost:8079/?token=518473098&user=-1355039501&config=3,22516,0,0
1777971554117,22516,HTTP Request,500,Internal Server Error,Tim 1-325,text,false,,233,158,700,700,http://localhost:8079/?token=518473098&user=-1355039501&config=3,22516,0,0
1777971554117,22516,HTTP Request,500,Internal Server Error,Tim 1-321,text,false,,233,158,700,700,http://localhost:8079/?token=518473098&user=-1355039501&config=3,22516,0,0
1777971554118,22515,HTTP Request,500,Internal Server Error,Tim 1-328,text,false,,233,158,700,700,http://localhost:8079/?token=518473098&user=-1355039501&config=3,22515,0,0
1777971554117,22516,HTTP Request,500,Internal Server Error,Tim 1-326,text,false,,233,158,700,700,http://localhost:8079/?token=518473098&user=-1355039501&config=3,22516,0,0
1777971554117,22516,HTTP Request,500,Internal Server Error,Tim 1-313,text,false,,233,158,700,700,http://localhost:8079/?token=518473098&user=-1355039501&config=3,22516,0,0
1777971554118,22515,HTTP Request,500,Internal Server Error,Tim 1-331,text,false,,233,158,700,700,http://localhost:8079/?token=518473098&user=-1355039501&config=3,22515,0,0
1777971554117,22516,HTTP Request,500,Internal Server Error,Tim 1-324,text,false,,233,158,700,700,http://localhost:8079/?token=518473098&user=-1355039501&config=3,22516,0,0
1777971554118,22515,HTTP Request,500,Internal Server Error,Tim 1-336,text,false,,233,158,700,700,http://localhost:8079/?token=518473098&user=-1355039501&config=3,22515,0,0
1777971554118,22515,HTTP Request,500,Internal Server Error,Tim 1-330,text,false,,233,158,700,700,http://localhost:8079/?token=518473098&user=-1355039501&config=3,22515,0,0
1777971554118,22515,HTTP Request,500,Internal Server Error,Tim 1-349,text,false,,233,158,700,700,http://localhost:8079/?token=518473098&user=-1355039501&config=3,22515,0,0
1777971554118,22515,HTTP Request,500,Internal Server Error,Tim 1-332,text,false,,233,158,700,700,http://localhost:8079/?token=518473098&user=-1355039501&config=3,22515,0,0
1777971554118,22515,HTTP Request,500,Internal Server Error,Tim 1-347,text,false,,233,158,700,700,http://localhost:8079/?token=518473098&user=-1355039501&config=3,22515,0,0
1777971554118,22515,HTTP Request,500,Internal Server Error,Tim 1-345,text,false,,233,158,700,700,http://localhost:8079/?token=518473098&user=-1355039501&config=3,22515,0,0
1777971554118,22515,HTTP Request,500,Internal Server Error,Tim 1-352,text,false,,233,158,700,700,http://localhost:8079/?token=518473098&user=-1355039501&config=3,22515,0,0
1777971554118,22515,HTTP Request,500,Internal Server Error,Tim 1-350,text,false,,233,158,700,700,http://localhost:8079/?token=518473098&user=-1355039501&config=3,22515,0,0
1777971554118,22515,HTTP Request,500,Internal Server Error,Tim 1-348,text,false,,233,158,700,700,http://localhost:8079/?token=518473098&user=-1355039501&config=3,22515,0,0
1777971547345,29290,HTTP Request,200,OK,Tim 1-624,text,true,,231,158,700,700,http://localhost:8079/?token=518473098&user=-1355039501&config=3,29290,0,1
1777971554118,22516,HTTP Request,500,Internal Server Error,Tim 1-334,text,false,,233,158,700,700,http://localhost:8079/?token=518473098&user=-1355039501&config=3,22515,0,0
1777971554119,22514,HTTP Request,500,Internal Server Error,Tim 1-364,text,false,,233,158,700,700,http://localhost:8079/?token=518473098&user=-1355039501&config=3,22514,0,0
1777971554118,22516,HTTP Request,500,Internal Server Error,Tim 1-353,text,false,,233,158,700,700,http://localhost:8079/?token=518473098&user=-1355039501&config=3,22516,0,0
1777971554118,22516,HTTP Request,500,Internal Server Error,Tim 1-355,text,false,,233,158,700,700,http://localhost:8079/?token=518473098&user=-1355039501&config=3,22516,0,0
1777971554118,22516,HTTP Request,500,Internal Server Error,Tim 1-354,text,false,,233,158,700,700,http://localhost:8079/?token=518473098&user=-1355039501&config=3,22516,0,0
1777971547407,29231,HTTP Request,200,OK,Tim 1-18,text,true,,231,158,700,700,http://localhost:8079/?token=518473098&user=-1355039501&config=3,29231,0,0
1777971547407,29231,HTTP Request,200,OK,Tim 1-20,text,true,,231,158,700,700,http://localhost:8079/?token=518473098&user=-1355039501&config=3,29231,0,0
1777971547410,29228,HTTP Request,200,OK,Tim 1-91,text,true,,231,158,700,700,http://localhost:8079/?token=518473098&user=-1355039501&config=3,29228,0,0
1777971547409,29229,HTTP Request,200,OK,Tim 1-90,text,true,,231,158,700,700,http://localhost:8079/?token=518473098&user=-1355039501&config=3,29229,0,0
1777971547410,29228,HTTP Request,200,OK,Tim 1-93,text,true,,231,158,700,700,http://localhost:8079/?token=518473098&user=-1355039501&config=3,29228,0,0
1777971547410,29228,HTTP Request,200,OK,Tim 1-160,text,true,,231,158,700,700,http://localhost:8079/?token=518473098&user=-1355039501&config=3,29228,0,0
1777971547410,29228,HTTP Request,200,OK,Tim 1-92,text,true,,231,158,700,700,http://localhost:8079/?token=518473098&user=-1355039501&config=3,29228,0,0
1777971547410,29228,HTTP Request,200,OK,Tim 1-159,text,true,,231,158,700,700,http://localhost:8079/?token=518473098&user=-1355039501&config=3,29228,0,0
1777971547410,29228,HTTP Request,200,OK,Tim 1-227,text,true,,231,158,700,700,http://localhost:8079/?token=518473098&user=-1355039501&config=3,29228,0,0
1777971547410,29228,HTTP Request,200,OK,Tim 1-161,text,true,,231,158,700,700,http://localhost:8079/?token=518473098&user=-1355039501&config=3,29228,0,0
1777971547388,29250,HTTP Request,200,OK,Tim 1-625,text,true,,231,158,700,700,http://localhost:8079/?token=518473098&user=-1355039501&config=3,29250,0,1
1777971547410,29233,HTTP Request,200,OK,Tim 1-156,text,true,,231,158,700,700,http://localhost:8079/?token=518473098&user=-1355039501&config=3,29233,0,0
1777971547410,29233,HTTP Request,200,OK,Tim 1-228,text,true,,231,158,700,700,http://localhost:8079/?token=518473098&user=-1355039501&config=3,29233,0,0
1777971547474,29169,HTTP Request,200,OK,Tim 1-627,text,true,,231,158,700,700,http://localhost:8079/?token=518473098&user=-1355039501&config=3,29169,0,1
1777971547410,29233,HTTP Request,200,OK,Tim 1-231,text,true,,231,158,700,700,http://localhost:8079/?token=518473098&user=-1355039501&config=3,29233,0,0
1777971547410,29233,HTTP Request,200,OK,Tim 1-369,text,true,,231,158,700,700,http://localhost:8079/?token=518473098&user=-1355039501&config=3,29233,0,0
1777971547560,29083,HTTP Request,200,OK,Tim 1-629,text,true,,231,158,700,700,http://localhost:8079/?token=518473098&user=-1355039501&config=3,29083,0,1
1777971547410,29233,HTTP Request,200,OK,Tim 1-373,text,true,,231,158,700,700,http://localhost:8079/?token=518473098&user=-1355039501&config=3,29233,0,0
1777971547410,29233,HTTP Request,200,OK,Tim 1-377,text,true,,231,158,700,700,http://localhost:8079/?token=518473098&user=-1355039501&config=3,29233,0,0
1777971547410,29233,HTTP Request,200,OK,Tim 1-370,text,true,,231,158,700,700,http://localhost:8079/?token=518473098&user=-1355039501&config=3,29233,0,0
1777971547410,29233,HTTP Request,200,OK,Tim 1-372,text,true,,231,158,700,700,http://localhost:8079/?token=518473098&user=-1355039501&config=3,29233,0,0
1777971547410,29233,HTTP Request,200,OK,Tim 1-385,text,true,,231,158,700,700,http://localhost:8079/?token=518473098&user=-1355039501&config=3,29233,0,0
1777971547410,29233,HTTP Request,200,OK,Tim 1-382,text,true,,231,158,700,700,http://localhost:8079/?token=518473098&user=-1355039501&config=3,29233,0,0
1777971547410,29233,HTTP Request,200,OK,Tim 1-371,text,true,,231,158,700,700,http://localhost:8079/?token=518473098&user=-1355039501&config=3,29233,0,0
1777971547410,29233,HTTP Request,200,OK,Tim 1-379,text,true,,231,158,700,700,http://localhost:8079/?token=518473098&user=-1355039501&config=3,29233,0,0
1777971547410,29233,HTTP Request,200,OK,Tim 1-376,text,true,,231,158,700,700,http://localhost:8079/?token=518473098&user=-1355039501&config=3,29233,0,0
1777971547410,29233,HTTP Request,200,OK,Tim 1-386,text,true,,231,158,700,700,http://localhost:8079/?token=518473098&user=-1355039501&config=3,29233,0,0
1777971547410,29233,HTTP Request,200,OK,Tim 1-375,text,true,,231,158,700,700,http://localhost:8079/?token=518473098&user=-1355039501&config=3,29233,0,0
1777971547410,29233,HTTP Request,200,OK,Tim 1-381,text,true,,231,158,700,700,http://localhost:8079/?token=518473098&user=-1355039501&config=3,29233,0,0
1777971547410,29233,HTTP Request,200,OK,Tim 1-389,text,true,,231,158,700,700,http://localhost:8079/?token=518473098&user=-1355039501&config=3,29233,0,0
1777971547410,29233,HTTP Request,200,OK,Tim 1-388,text,true,,231,158,700,700,http://localhost:8079/?token=518473098&user=-1355039501&config=3,29233,0,0
1777971547410,29233,HTTP Request,200,OK,Tim 1-392,text,true,,231,158,700,700,http://localhost:8079/?token=518473098&user=-1355039501&config=3,29233,0,0
1777971547410,29233,HTTP Request,200,OK,Tim 1-393,text,true,,231,158,700,700,http://localhost:8079/?token=518473098&user=-1355039501&config=3,29233,0,1
1777971547411,29232,HTTP Request,200,OK,Tim 1-394,text,true,,231,158,700,700,http://localhost:8079/?token=518473098&user=-1355039501&config=3,29232,0,0
1777971548292,28648,HTTP Request,200,OK,Tim 1-646,text,true,,231,158,700,700,http://localhost:8079/?token=518473098&user=-1355039501&config=3,28648,0,0
1777971563366,15032,HTTP Request,500,Internal Server Error,Tim 1-595,text,false,,233,158,700,700,http://localhost:8079/?token=518473098&user=-1355039501&config=3,15032,0,0
1777971563367,15031,HTTP Request,500,Internal Server Error,Tim 1-590,text,false,,233,158,700,700,http://localhost:8079/?token=518473098&user=-1355039501&config=3,15031,0,0
1777971563367,15031,HTTP Request,500,Internal Server Error,Tim 1-608,text,false,,233,158,700,700,http://localhost:8079/?token=518473098&user=-1355039501&config=3,15031,0,0
1777971563367,15031,HTTP Request,500,Internal Server Error,Tim 1-604,text,false,,233,158,700,700,http://localhost:8079/?token=518473098&user=-1355039501&config=3,15031,0,0
1777971563367,15031,HTTP Request,500,Internal Server Error,Tim 1-609,text,false,,233,158,700,700,http://localhost:8079/?token=518473098&user=-1355039501&config=3,15031,0,0
1777971563367,15031,HTTP Request,500,Internal Server Error,Tim 1-607,text,false,,233,158,700,700,http://localhost:8079/?token=518473098&user=-1355039501&config=3,15031,0,0
1777971563367,15031,HTTP Request,500,Internal Server Error,Tim 1-601,text,false,,233,158,700,700,http://localhost:8079/?token=518473098&user=-1355039501&config=3,15031,0,0
1777971563367,15031,HTTP Request,500,Internal Server Error,Tim 1-600,text,false,,233,158,700,700,http://localhost:8079/?token=518473098&user=-1355039501&config=3,15031,0,0
1777971563367,15031,HTTP Request,500,Internal Server Error,Tim 1-612,text,false,,233,158,700,700,http://localhost:8079/?token=518473098&user=-1355039501&config=3,15031,0,1
1777971563366,15037,HTTP Request,500,Internal Server Error,Tim 1-591,text,false,,233,158,700,700,http://localhost:8079/?token=518473098&user=-1355039501&config=3,15037,0,0
1777971563367,15036,HTTP Request,500,Internal Server Error,Tim 1-606,text,false,,233,158,700,700,http://localhost:8079/?token=518473098&user=-1355039501&config=3,15036,0,0
1777971563367,15036,HTTP Request,500,Internal Server Error,Tim 1-586,text,false,,233,158,700,700,http://localhost:8079/?token=518473098&user=-1355039501&config=3,15036,0,0
1777971563367,15036,HTTP Request,500,Internal Server Error,Tim 1-594,text,false,,233,158,700,700,http://localhost:8079/?token=518473098&user=-1355039501&config=3,15036,0,0
1777971563367,15036,HTTP Request,500,Internal Server Error,Tim 1-597,text,false,,233,158,700,700,http://localhost:8079/?token=518473098&user=-1355039501&config=3,15036,0,0
1777971563367,15036,HTTP Request,500,Internal Server Error,Tim 1-593,text,false,,233,158,700,700,http://localhost:8079/?token=518473098&user=-1355039501&config=3,15036,0,0
1777971563367,15036,HTTP Request,500,Internal Server Error,Tim 1-614,text,false,,233,158,700,700,http://localhost:8079/?token=518473098&user=-1355039501&config=3,15036,0,0
1777971563918,14489,HTTP Request,500,Internal Server Error,Tim 1-176,text,false,,233,158,700,700,http://localhost:8079/?token=518473098&user=-1355039501&config=3,14489,0,0
1777971563367,15039,HTTP Request,500,Internal Server Error,Tim 1-588,text,false,,233,158,700,700,http://localhost:8079/?token=518473098&user=-1355039501&config=3,15039,0,0
1777971563367,15039,HTTP Request,500,Internal Server Error,Tim 1-605,text,false,,233,158,700,700,http://localhost:8079/?token=518473098&user=-1355039501&config=3,15039,0,0
1777971563367,15039,HTTP Request,500,Internal Server Error,Tim 1-596,text,false,,233,158,700,700,http://localhost:8079/?token=518473098&user=-1355039501&config=3,15039,0,0
1777971563367,15040,HTTP Request,500,Internal Server Error,Tim 1-602,text,false,,233,158,700,700,http://localhost:8079/?token=518473098&user=-1355039501&config=3,15040,0,0
1777971563367,15040,HTTP Request,500,Internal Server Error,Tim 1-592,text,false,,233,158,700,700,http://localhost:8079/?token=518473098&user=-1355039501&config=3,15040,0,0
1777971563367,15040,HTTP Request,500,Internal Server Error,Tim 1-610,text,false,,233,158,700,700,http://localhost:8079/?token=518473098&user=-1355039501&config=3,15040,0,0
1777971563367,15040,HTTP Request,500,Internal Server Error,Tim 1-603,text,false,,233,158,700,700,http://localhost:8079/?token=518473098&user=-1355039501&config=3,15040,0,0
1777971563368,15039,HTTP Request,500,Internal Server Error,Tim 1-615,text,false,,233,158,700,700,http://localhost:8079/?token=518473098&user=-1355039501&config=3,15039,0,0
1777971563367,15040,HTTP Request,500,Internal Server Error,Tim 1-598,text,false,,233,158,700,700,http://localhost:8079/?token=518473098&user=-1355039501&config=3,15040,0,0
1777971563367,15040,HTTP Request,500,Internal Server Error,Tim 1-599,text,false,,233,158,700,700,http://localhost:8079/?token=518473098&user=-1355039501&config=3,15040,0,0
1777971563367,15040,HTTP Request,500,Internal Server Error,Tim 1-613,text,false,,233,158,700,700,http://localhost:8079/?token=518473098&user=-1355039501&config=3,15040,0,0
1777971563367,15040,HTTP Request,500,Internal Server Error,Tim 1-616,text,false,,233,158,700,700,http://localhost:8079/?token=518473098&user=-1355039501&config=3,15040,0,1
1777971563367,15040,HTTP Request,500,Internal Server Error,Tim 1-611,text,false,,233,158,700,700,http://localhost:8079/?token=518473098&user=-1355039501&config=3,15040,0,0
1777971548722,30369,HTTP Request,200,OK,Tim 1-656,text,true,,231,158,700,700,http://localhost:8079/?token=518473098&user=-1355039501&config=3,30369,0,0
1777971548678,30413,HTTP Request,200,OK,Tim 1-655,text,true,,231,158,700,700,http://localhost:8079/?token=518473098&user=-1355039501&config=3,30413,0,1
1777971548850,30241,HTTP Request,200,OK,Tim 1-659,text,true,,231,158,700,700,http://localhost:8079/?token=518473098&user=-1355039501&config=3,30241,0,1
1777971548808,30283,HTTP Request,200,OK,Tim 1-658,text,true,,231,158,700,700,http://localhost:8079/?token=518473098&user=-1355039501&config=3,30283,0,1
1777971548765,30326,HTTP Request,200,OK,Tim 1-657,text,true,,231,158,700,700,http://localhost:8079/?token=518473098&user=-1355039501&config=3,30326,0,0
1777971548894,30197,HTTP Request,200,OK,Tim 1-660,text,true,,231,158,700,700,http://localhost:8079/?token=518473098&user=-1355039501&config=3,30197,0,0
1777971549067,30024,HTTP Request,200,OK,Tim 1-664,text,true,,231,158,700,700,http://localhost:8079/?token=518473098&user=-1355039501&config=3,30024,0,0
1777971549022,30069,HTTP Request,200,OK,Tim 1-663,text,true,,231,158,700,700,http://localhost:8079/?token=518473098&user=-1355039501&config=3,30069,0,1
1777971548978,30113,HTTP Request,200,OK,Tim 1-662,text,true,,231,158,700,700,http://localhost:8079/?token=518473098&user=-1355039501&config=3,30113,0,1
1777971548936,30155,HTTP Request,200,OK,Tim 1-661,text,true,,231,158,700,700,http://localhost:8079/?token=518473098&user=-1355039501&config=3,30155,0,1
1777971549151,29940,HTTP Request,200,OK,Tim 1-666,text,true,,231,158,700,700,http://localhost:8079/?token=518473098&user=-1355039501&config=3,29940,0,1
1777971549238,29853,HTTP Request,200,OK,Tim 1-668,text,true,,231,158,700,700,http://localhost:8079/?token=518473098&user=-1355039501&config=3,29853,0,0
1777971549109,29982,HTTP Request,200,OK,Tim 1-665,text,true,,231,158,700,700,http://localhost:8079/?token=518473098&user=-1355039501&config=3,29982,0,1
1777971549324,29767,HTTP Request,200,OK,Tim 1-670,text,true,,231,158,700,700,http://localhost:8079/?token=518473098&user=-1355039501&config=3,29767,0,1
1777971549281,29810,HTTP Request,200,OK,Tim 1-669,text,true,,231,158,700,700,http://localhost:8079/?token=518473098&user=-1355039501&config=3,29810,0,0
1777971549366,29725,HTTP Request,200,OK,Tim 1-671,text,true,,231,158,700,700,http://localhost:8079/?token=518473098&user=-1355039501&config=3,29725,0,0
1777971549194,29897,HTTP Request,200,OK,Tim 1-667,text,true,,231,158,700,700,http://localhost:8079/?token=518473098&user=-1355039501&config=3,29897,0,1
1777971548593,30498,HTTP Request,200,OK,Tim 1-653,text,true,,231,158,700,700,http://localhost:8079/?token=518473098&user=-1355039501&config=3,30498,0,1
1777971548624,30467,HTTP Request,200,OK,Tim 1-33,text,true,,231,158,700,700,http://localhost:8079/?token=518473098&user=-1355039501&config=3,30467,0,1
1777971548624,30467,HTTP Request,200,OK,Tim 1-34,text,true,,231,158,700,700,http://localhost:8079/?token=518473098&user=-1355039501&config=3,30467,0,1
1777971548625,30466,HTTP Request,200,OK,Tim 1-174,text,true,,231,158,700,700,http://localhost:8079/?token=518473098&user=-1355039501&config=3,30466,0,0
1777971548624,30467,HTTP Request,200,OK,Tim 1-35,text,true,,231,158,700,700,http://localhost:8079/?token=518473098&user=-1355039501&config=3,30467,0,1
1777971548625,30466,HTTP Request,200,OK,Tim 1-106,text,true,,231,158,700,700,http://localhost:8079/?token=518473098&user=-1355039501&config=3,30466,0,0
1777971548625,30466,HTTP Request,200,OK,Tim 1-105,text,true,,231,158,700,700,http://localhost:8079/?token=518473098&user=-1355039501&config=3,30466,0,0
1777971548624,30467,HTTP Request,200,OK,Tim 1-104,text,true,,231,158,700,700,http://localhost:8079/?token=518473098&user=-1355039501&config=3,30467,0,1
1777971548624,30467,HTTP Request,200,OK,Tim 1-37,text,true,,231,158,700,700,http://localhost:8079/?token=518473098&user=-1355039501&config=3,30467,0,1
1777971548628,30463,HTTP Request,200,OK,Tim 1-38,text,true,,231,158,700,700,http://localhost:8079/?token=518473098&user=-1355039501&config=3,30463,0,0
1777971548625,30466,HTTP Request,200,OK,Tim 1-175,text,true,,231,158,700,700,http://localhost:8079/?token=518473098&user=-1355039501&config=3,30466,0,0
1777971548634,30457,HTTP Request,200,OK,Tim 1-654,text,true,,231,158,700,700,http://localhost:8079/?token=518473098&user=-1355039501&config=3,30457,0,1
1777971548627,30465,HTTP Request,200,OK,Tim 1-107,text,true,,231,158,700,700,http://localhost:8079/?token=518473098&user=-1355039501&config=3,30465,0,1
1777971549495,29597,HTTP Request,200,OK,Tim 1-674,text,true,,231,158,700,700,http://localhost:8079/?token=518473098&user=-1355039501&config=3,29597,0,0
1777971548627,30464,HTTP Request,200,OK,Tim 1-177,text,true,,231,158,700,700,http://localhost:8079/?token=518473098&user=-1355039501&config=3,30464,0,1
1777971549410,29682,HTTP Request,200,OK,Tim 1-672,text,true,,231,158,700,700,http://localhost:8079/?token=518473098&user=-1355039501&config=3,29682,0,0
1777971549538,29554,HTTP Request,200,OK,Tim 1-675,text,true,,231,158,700,700,http://localhost:8079/?token=518473098&user=-1355039501&config=3,29554,0,0
1777971548625,30466,HTTP Request,200,OK,Tim 1-173,text,true,,231,158,700,700,http://localhost:8079/?token=518473098&user=-1355039501&config=3,30466,0,0
1777971549452,29640,HTTP Request,200,OK,Tim 1-673,text,true,,231,158,700,700,http://localhost:8079/?token=518473098&user=-1355039501&config=3,29640,0,0
1777971549581,29511,HTTP Request,200,OK,Tim 1-676,text,true,,231,158,700,700,http://localhost:8079/?token=518473098&user=-1355039501&config=3,29511,0,0
1777971548625,30466,HTTP Request,200,OK,Tim 1-172,text,true,,231,158,700,700,http://localhost:8079/?token=518473098&user=-1355039501&config=3,30466,0,0
1777971548625,30466,HTTP Request,200,OK,Tim 1-171,text,true,,231,158,700,700,http://localhost:8079/?token=518473098&user=-1355039501&config=3,30466,0,0
1777971549625,29467,HTTP Request,200,OK,Tim 1-677,text,true,,231,158,700,700,http://localhost:8079/?token=518473098&user=-1355039501&config=3,29467,0,1
1777971548624,30467,HTTP Request,200,OK,Tim 1-36,text,true,,231,158,700,700,http://localhost:8079/?token=518473098&user=-1355039501&config=3,30467,0,1
1777971549667,29425,HTTP Request,200,OK,Tim 1-678,text,true,,231,158,700,700,http://localhost:8079/?token=518473098&user=-1355039501&config=3,29425,0,0
1777971548624,30467,HTTP Request,200,OK,Tim 1-103,text,true,,231,158,700,700,http://localhost:8079/?token=518473098&user=-1355039501&config=3,30467,0,1
1777971549711,29381,HTTP Request,200,OK,Tim 1-679,text,true,,231,158,700,700,http://localhost:8079/?token=518473098&user=-1355039501&config=3,29381,0,1
1777971549882,29210,HTTP Request,200,OK,Tim 1-683,text,true,,231,158,700,700,http://localhost:8079/?token=518473098&user=-1355039501&config=3,29210,0,1
1777971549796,29296,HTTP Request,200,OK,Tim 1-681,text,true,,231,158,700,700,http://localhost:8079/?token=518473098&user=-1355039501&config=3,29296,0,1
1777971549839,29253,HTTP Request,200,OK,Tim 1-682,text,true,,231,158,700,700,http://localhost:8079/?token=518473098&user=-1355039501&config=3,29253,0,1
1777971549754,29338,HTTP Request,200,OK,Tim 1-680,text,true,,231,158,700,700,http://localhost:8079/?token=518473098&user=-1355039501&config=3,29338,0,0
1777971549925,29167,HTTP Request,200,OK,Tim 1-684,text,true,,231,158,700,700,http://localhost:8079/?token=518473098&user=-1355039501&config=3,29167,0,1
1777971554109,24984,HTTP Request,200,OK,Tim 1-24,text,true,,231,158,700,700,http://localhost:8079/?token=518473098&user=-1355039501&config=3,24984,0,0
1777971554109,24984,HTTP Request,200,OK,Tim 1-25,text,true,,231,158,700,700,http://localhost:8079/?token=518473098&user=-1355039501&config=3,24984,0,0
1777971554109,24984,HTTP Request,200,OK,Tim 1-26,text,true,,231,158,700,700,http://localhost:8079/?token=518473098&user=-1355039501&config=3,24984,0,0
1777971554110,24984,HTTP Request,200,OK,Tim 1-28,text,true,,231,158,700,700,http://localhost:8079/?token=518473098&user=-1355039501&config=3,24984,0,0
1777971554110,24984,HTTP Request,200,OK,Tim 1-27,text,true,,231,158,700,700,http://localhost:8079/?token=518473098&user=-1355039501&config=3,24984,0,0
1777971554110,24984,HTTP Request,200,OK,Tim 1-168,text,true,,231,158,700,700,http://localhost:8079/?token=518473098&user=-1355039501&config=3,24984,0,0
1777971554110,24984,HTTP Request,200,OK,Tim 1-167,text,true,,231,158,700,700,http://localhost:8079/?token=518473098&user=-1355039501&config=3,24984,0,0
1777971554110,24984,HTTP Request,200,OK,Tim 1-95,text,true,,231,158,700,700,http://localhost:8079/?token=518473098&user=-1355039501&config=3,24984,0,0
1777971554110,24984,HTTP Request,200,OK,Tim 1-96,text,true,,231,158,700,700,http://localhost:8079/?token=518473098&user=-1355039501&config=3,24984,0,0
1777971554110,24984,HTTP Request,200,OK,Tim 1-94,text,true,,231,158,700,700,http://localhost:8079/?token=518473098&user=-1355039501&config=3,24984,0,0
1777971554110,24984,HTTP Request,200,OK,Tim 1-29,text,true,,231,158,700,700,http://localhost:8079/?token=518473098&user=-1355039501&config=3,24984,0,0
1777971554110,24984,HTTP Request,200,OK,Tim 1-233,text,true,,231,158,700,700,http://localhost:8079/?token=518473098&user=-1355039501&config=3,24984,0,0
1777971554110,24984,HTTP Request,200,OK,Tim 1-234,text,true,,231,158,700,700,http://localhost:8079/?token=518473098&user=-1355039501&config=3,24984,0,0
1777971554110,24984,HTTP Request,200,OK,Tim 1-166,text,true,,231,158,700,700,http://localhost:8079/?token=518473098&user=-1355039501&config=3,24984,0,0
1777971554110,24984,HTTP Request,200,OK,Tim 1-97,text,true,,231,158,700,700,http://localhost:8079/?token=518473098&user=-1355039501&config=3,24984,0,0
1777971554110,24984,HTTP Request,200,OK,Tim 1-98,text,true,,231,158,700,700,http://localhost:8079/?token=518473098&user=-1355039501&config=3,24984,0,0
1777971554110,24984,HTTP Request,200,OK,Tim 1-163,text,true,,231,158,700,700,http://localhost:8079/?token=518473098&user=-1355039501&config=3,24984,0,0
1777971554110,24984,HTTP Request,200,OK,Tim 1-235,text,true,,231,158,700,700,http://localhost:8079/?token=518473098&user=-1355039501&config=3,24984,0,0
1777971554110,24984,HTTP Request,200,OK,Tim 1-237,text,true,,231,158,700,700,http://localhost:8079/?token=518473098&user=-1355039501&config=3,24984,0,0
1777971554110,24984,HTTP Request,200,OK,Tim 1-236,text,true,,231,158,700,700,http://localhost:8079/?token=518473098&user=-1355039501&config=3,24984,0,0
1777971554110,24984,HTTP Request,200,OK,Tim 1-238,text,true,,231,158,700,700,http://localhost:8079/?token=518473098&user=-1355039501&config=3,24984,0,0
1777971554110,24984,HTTP Request,200,OK,Tim 1-240,text,true,,231,158,700,700,http://localhost:8079/?token=518473098&user=-1355039501&config=3,24984,0,0
1777971554110,24984,HTTP Request,200,OK,Tim 1-241,text,true,,231,158,700,700,http://localhost:8079/?token=518473098&user=-1355039501&config=3,24984,0,0
1777971554111,24983,HTTP Request,200,OK,Tim 1-246,text,true,,231,158,700,700,http://localhost:8079/?token=518473098&user=-1355039501&config=3,24983,0,0
1777971554110,24984,HTTP Request,200,OK,Tim 1-242,text,true,,231,158,700,700,http://localhost:8079/?token=518473098&user=-1355039501&config=3,24984,0,0
1777971554111,24983,HTTP Request,200,OK,Tim 1-243,text,true,,231,158,700,700,http://localhost:8079/?token=518473098&user=-1355039501&config=3,24983,0,0
1777971554111,24983,HTTP Request,200,OK,Tim 1-244,text,true,,231,158,700,700,http://localhost:8079/?token=518473098&user=-1355039501&config=3,24983,0,0
1777971554111,24983,HTTP Request,200,OK,Tim 1-245,text,true,,231,158,700,700,http://localhost:8079/?token=518473098&user=-1355039501&config=3,24983,0,0
1777971554111,24983,HTTP Request,200,OK,Tim 1-247,text,true,,231,158,700,700,http://localhost:8079/?token=518473098&user=-1355039501&config=3,24983,0,0
1777971554111,24983,HTTP Request,200,OK,Tim 1-251,text,true,,231,158,700,700,http://localhost:8079/?token=518473098&user=-1355039501&config=3,24983,0,0
1777971554111,24984,HTTP Request,200,OK,Tim 1-253,text,true,,231,158,700,700,http://localhost:8079/?token=518473098&user=-1355039501&config=3,24984,0,0
1777971554111,24984,HTTP Request,200,OK,Tim 1-252,text,true,,231,158,700,700,http://localhost:8079/?token=518473098&user=-1355039501&config=3,24984,0,0
1777971554111,24984,HTTP Request,200,OK,Tim 1-248,text,true,,231,158,700,700,http://localhost:8079/?token=518473098&user=-1355039501&config=3,24984,0,0
1777971554111,24984,HTTP Request,200,OK,Tim 1-254,text,true,,231,158,700,700,http://localhost:8079/?token=518473098&user=-1355039501&config=3,24984,0,0
1777971554111,24983,HTTP Request,200,OK,Tim 1-249,text,true,,231,158,700,700,http://localhost:8079/?token=518473098&user=-1355039501&config=3,24983,0,0
1777971554111,24984,HTTP Request,200,OK,Tim 1-250,text,true,,231,158,700,700,http://localhost:8079/?token=518473098&user=-1355039501&config=3,24984,0,0
1777971554111,24984,HTTP Request,200,OK,Tim 1-255,text,true,,231,158,700,700,http://localhost:8079/?token=518473098&user=-1355039501&config=3,24984,0,0
1777971554111,24984,HTTP Request,200,OK,Tim 1-260,text,true,,231,158,700,700,http://localhost:8079/?token=518473098&user=-1355039501&config=3,24984,0,0
1777971554111,24984,HTTP Request,200,OK,Tim 1-257,text,true,,231,158,700,700,http://localhost:8079/?token=518473098&user=-1355039501&config=3,24984,0,0
1777971554111,24984,HTTP Request,200,OK,Tim 1-259,text,true,,231,158,700,700,http://localhost:8079/?token=518473098&user=-1355039501&config=3,24984,0,0
1777971554111,24984,HTTP Request,200,OK,Tim 1-256,text,true,,231,158,700,700,http://localhost:8079/?token=518473098&user=-1355039501&config=3,24984,0,0
1777971554111,24984,HTTP Request,200,OK,Tim 1-261,text,true,,231,158,700,700,http://localhost:8079/?token=518473098&user=-1355039501&config=3,24984,0,0
1777971554111,24984,HTTP Request,200,OK,Tim 1-265,text,true,,231,158,700,700,http://localhost:8079/?token=518473098&user=-1355039501&config=3,24984,0,0
1777971554111,24984,HTTP Request,200,OK,Tim 1-262,text,true,,231,158,700,700,http://localhost:8079/?token=518473098&user=-1355039501&config=3,24984,0,0
1777971554111,24984,HTTP Request,200,OK,Tim 1-270,text,true,,231,158,700,700,http://localhost:8079/?token=518473098&user=-1355039501&config=3,24984,0,0
1777971554111,24984,HTTP Request,200,OK,Tim 1-263,text,true,,231,158,700,700,http://localhost:8079/?token=518473098&user=-1355039501&config=3,24984,0,0
1777971554111,24984,HTTP Request,200,OK,Tim 1-268,text,true,,231,158,700,700,http://localhost:8079/?token=518473098&user=-1355039501&config=3,24984,0,0
1777971554111,24984,HTTP Request,200,OK,Tim 1-271,text,true,,231,158,700,700,http://localhost:8079/?token=518473098&user=-1355039501&config=3,24984,0,0
1777971554111,24984,HTTP Request,200,OK,Tim 1-264,text,true,,231,158,700,700,http://localhost:8079/?token=518473098&user=-1355039501&config=3,24984,0,0
1777971549969,29127,HTTP Request,200,OK,Tim 1-685,text,true,,231,158,700,700,http://localhost:8079/?token=518473098&user=-1355039501&config=3,29127,0,0
1777971550010,29087,HTTP Request,200,OK,Tim 1-686,text,true,,231,158,700,700,http://localhost:8079/?token=518473098&user=-1355039501&config=3,29087,0,0
1777971550055,29042,HTTP Request,200,OK,Tim 1-687,text,true,,231,158,700,700,http://localhost:8079/?token=518473098&user=-1355039501&config=3,29042,0,0
1777971550139,28958,HTTP Request,200,OK,Tim 1-689,text,true,,231,158,700,700,http://localhost:8079/?token=518473098&user=-1355039501&config=3,28958,0,1
1777971550184,28913,HTTP Request,200,OK,Tim 1-690,text,true,,231,158,700,700,http://localhost:8079/?token=518473098&user=-1355039501&config=3,28913,0,1
1777971550097,29000,HTTP Request,200,OK,Tim 1-688,text,true,,231,158,700,700,http://localhost:8079/?token=518473098&user=-1355039501&config=3,29000,0,1
1777971550226,28871,HTTP Request,200,OK,Tim 1-691,text,true,,231,158,700,700,http://localhost:8079/?token=518473098&user=-1355039501&config=3,28871,0,0
1777971550269,28828,HTTP Request,200,OK,Tim 1-692,text,true,,231,158,700,700,http://localhost:8079/?token=518473098&user=-1355039501&config=3,28828,0,0
1777971550312,28785,HTTP Request,200,OK,Tim 1-693,text,true,,231,158,700,700,http://localhost:8079/?token=518473098&user=-1355039501&config=3,28785,0,0
1777971550399,28698,HTTP Request,200,OK,Tim 1-695,text,true,,231,158,700,700,http://localhost:8079/?token=518473098&user=-1355039501&config=3,28698,0,0
1777971550355,28742,HTTP Request,200,OK,Tim 1-694,text,true,,231,158,700,700,http://localhost:8079/?token=518473098&user=-1355039501&config=3,28742,0,0
1777971550441,28656,HTTP Request,200,OK,Tim 1-696,text,true,,231,158,700,700,http://localhost:8079/?token=518473098&user=-1355039501&config=3,28656,0,0
1777971550485,28612,HTTP Request,200,OK,Tim 1-697,text,true,,231,158,700,700,http://localhost:8079/?token=518473098&user=-1355039501&config=3,28612,0,0
1777971550570,28527,HTTP Request,200,OK,Tim 1-699,text,true,,231,158,700,700,http://localhost:8079/?token=518473098&user=-1355039501&config=3,28527,0,2
1777971550527,28570,HTTP Request,200,OK,Tim 1-698,text,true,,231,158,700,700,http://localhost:8079/?token=518473098&user=-1355039501&config=3,28570,0,1
1777971550613,28484,HTTP Request,200,OK,Tim 1-700,text,true,,231,158,700,700,http://localhost:8079/?token=518473098&user=-1355039501&config=3,28484,0,0
1777971554110,24988,HTTP Request,200,OK,Tim 1-164,text,true,,231,158,700,700,http://localhost:8079/?token=518473098&user=-1355039501&config=3,24988,0,0
1777971554110,24988,HTTP Request,200,OK,Tim 1-165,text,true,,231,158,700,700,http://localhost:8079/?token=518473098&user=-1355039501&config=3,24988,0,0
1777971554110,24988,HTTP Request,200,OK,Tim 1-239,text,true,,231,158,700,700,http://localhost:8079/?token=518473098&user=-1355039501&config=3,24988,0,0
1777971554116,24982,HTTP Request,200,OK,Tim 1-279,text,true,,231,158,700,700,http://localhost:8079/?token=518473098&user=-1355039501&config=3,24982,0,0
1777971554116,24982,HTTP Request,200,OK,Tim 1-278,text,true,,231,158,700,700,http://localhost:8079/?token=518473098&user=-1355039501&config=3,24982,0,0
1777971554116,24982,HTTP Request,200,OK,Tim 1-280,text,true,,231,158,700,700,http://localhost:8079/?token=518473098&user=-1355039501&config=3,24982,0,0
1777971554116,24982,HTTP Request,200,OK,Tim 1-282,text,true,,231,158,700,700,http://localhost:8079/?token=518473098&user=-1355039501&config=3,24982,0,0
1777971554116,24982,HTTP Request,200,OK,Tim 1-267,text,true,,231,158,700,700,http://localhost:8079/?token=518473098&user=-1355039501&config=3,24982,0,0
1777971554111,24987,HTTP Request,200,OK,Tim 1-258,text,true,,231,158,700,700,http://localhost:8079/?token=518473098&user=-1355039501&config=3,24987,0,0
1777971554116,24982,HTTP Request,200,OK,Tim 1-283,text,true,,231,158,700,700,http://localhost:8079/?token=518473098&user=-1355039501&config=3,24982,0,0
1777971554116,24982,HTTP Request,200,OK,Tim 1-266,text,true,,231,158,700,700,http://localhost:8079/?token=518473098&user=-1355039501&config=3,24982,0,0
1777971554116,24982,HTTP Request,200,OK,Tim 1-269,text,true,,231,158,700,700,http://localhost:8079/?token=518473098&user=-1355039501&config=3,24982,0,0
1777971554116,24982,HTTP Request,200,OK,Tim 1-273,text,true,,231,158,700,700,http://localhost:8079/?token=518473098&user=-1355039501&config=3,24982,0,0
1777971554116,24982,HTTP Request,200,OK,Tim 1-274,text,true,,231,158,700,700,http://localhost:8079/?token=518473098&user=-1355039501&config=3,24982,0,0
1777971554116,24982,HTTP Request,200,OK,Tim 1-288,text,true,,231,158,700,700,http://localhost:8079/?token=518473098&user=-1355039501&config=3,24982,0,0
1777971554116,24982,HTTP Request,200,OK,Tim 1-289,text,true,,231,158,700,700,http://localhost:8079/?token=518473098&user=-1355039501&config=3,24982,0,0
1777971554116,24982,HTTP Request,200,OK,Tim 1-287,text,true,,231,158,700,700,http://localhost:8079/?token=518473098&user=-1355039501&config=3,24982,0,0
1777971554116,24982,HTTP Request,200,OK,Tim 1-286,text,true,,231,158,700,700,http://localhost:8079/?token=518473098&user=-1355039501&config=3,24982,0,0
1777971554116,24982,HTTP Request,200,OK,Tim 1-281,text,true,,231,158,700,700,http://localhost:8079/?token=518473098&user=-1355039501&config=3,24982,0,0
1777971554116,24982,HTTP Request,200,OK,Tim 1-291,text,true,,231,158,700,700,http://localhost:8079/?token=518473098&user=-1355039501&config=3,24982,0,0
1777971554116,24982,HTTP Request,200,OK,Tim 1-285,text,true,,231,158,700,700,http://localhost:8079/?token=518473098&user=-1355039501&config=3,24982,0,0
1777971554116,24982,HTTP Request,200,OK,Tim 1-276,text,true,,231,158,700,700,http://localhost:8079/?token=518473098&user=-1355039501&config=3,24982,0,0
1777971554116,24982,HTTP Request,200,OK,Tim 1-284,text,true,,231,158,700,700,http://localhost:8079/?token=518473098&user=-1355039501&config=3,24982,0,0
1777971554117,24981,HTTP Request,200,OK,Tim 1-293,text,true,,231,158,700,700,http://localhost:8079/?token=518473098&user=-1355039501&config=3,24981,0,0
1777971554117,24981,HTTP Request,200,OK,Tim 1-294,text,true,,231,158,700,700,http://localhost:8079/?token=518473098&user=-1355039501&config=3,24981,0,0
1777971554116,24982,HTTP Request,200,OK,Tim 1-272,text,true,,231,158,700,700,http://localhost:8079/?token=518473098&user=-1355039501&config=3,24982,0,0
1777971554116,24982,HTTP Request,200,OK,Tim 1-292,text,true,,231,158,700,700,http://localhost:8079/?token=518473098&user=-1355039501&config=3,24982,0,0
1777971554117,24981,HTTP Request,200,OK,Tim 1-297,text,true,,231,158,700,700,http://localhost:8079/?token=518473098&user=-1355039501&config=3,24981,0,0
1777971554117,24981,HTTP Request,200,OK,Tim 1-296,text,true,,231,158,700,700,http://localhost:8079/?token=518473098&user=-1355039501&config=3,24981,0,0
1777971554117,24981,HTTP Request,200,OK,Tim 1-295,text,true,,231,158,700,700,http://localhost:8079/?token=518473098&user=-1355039501&config=3,24981,0,0
1777971554117,24981,HTTP Request,200,OK,Tim 1-299,text,true,,231,158,700,700,http://localhost:8079/?token=518473098&user=-1355039501&config=3,24981,0,0
1777971554117,24981,HTTP Request,200,OK,Tim 1-298,text,true,,231,158,700,700,http://localhost:8079/?token=518473098&user=-1355039501&config=3,24981,0,0
1777971554117,24982,HTTP Request,200,OK,Tim 1-302,text,true,,231,158,700,700,http://localhost:8079/?token=518473098&user=-1355039501&config=3,24982,0,0
1777971554117,24982,HTTP Request,200,OK,Tim 1-303,text,true,,231,158,700,700,http://localhost:8079/?token=518473098&user=-1355039501&config=3,24982,0,0
1777971554116,24983,HTTP Request,200,OK,Tim 1-290,text,true,,231,158,700,700,http://localhost:8079/?token=518473098&user=-1355039501&config=3,24983,0,0
1777971554117,24982,HTTP Request,200,OK,Tim 1-300,text,true,,231,158,700,700,http://localhost:8079/?token=518473098&user=-1355039501&config=3,24982,0,0
1777971554117,24982,HTTP Request,200,OK,Tim 1-301,text,true,,231,158,700,700,http://localhost:8079/?token=518473098&user=-1355039501&config=3,24982,0,0
1777971554116,24982,HTTP Request,200,OK,Tim 1-277,text,true,,231,158,700,700,http://localhost:8079/?token=518473098&user=-1355039501&config=3,24982,0,0
1777971554117,24982,HTTP Request,200,OK,Tim 1-304,text,true,,231,158,700,700,http://localhost:8079/?token=518473098&user=-1355039501&config=3,24982,0,0
1777971554116,24982,HTTP Request,200,OK,Tim 1-275,text,true,,231,158,700,700,http://localhost:8079/?token=518473098&user=-1355039501&config=3,24982,0,0
1777971554117,24982,HTTP Request,200,OK,Tim 1-305,text,true,,231,158,700,700,http://localhost:8079/?token=518473098&user=-1355039501&config=3,24982,0,0
1777971554117,24982,HTTP Request,200,OK,Tim 1-306,text,true,,231,158,700,700,http://localhost:8079/?token=518473098&user=-1355039501&config=3,24982,0,0
1777971554117,24982,HTTP Request,200,OK,Tim 1-307,text,true,,231,158,700,700,http://localhost:8079/?token=518473098&user=-1355039501&config=3,24982,0,0
1777971554117,24982,HTTP Request,200,OK,Tim 1-310,text,true,,231,158,700,700,http://localhost:8079/?token=518473098&user=-1355039501&config=3,24982,0,0
1777971554118,24981,HTTP Request,200,OK,Tim 1-327,text,true,,231,158,700,700,http://localhost:8079/?token=518473098&user=-1355039501&config=3,24981,0,0
1777971554117,24982,HTTP Request,200,OK,Tim 1-311,text,true,,231,158,700,700,http://localhost:8079/?token=518473098&user=-1355039501&config=3,24982,0,0
1777971554117,24982,HTTP Request,200,OK,Tim 1-312,text,true,,231,158,700,700,http://localhost:8079/?token=518473098&user=-1355039501&config=3,24982,0,0
1777971554117,24982,HTTP Request,200,OK,Tim 1-320,text,true,,231,158,700,700,http://localhost:8079/?token=518473098&user=-1355039501&config=3,24982,0,0
1777971554117,24982,HTTP Request,200,OK,Tim 1-318,text,true,,231,158,700,700,http://localhost:8079/?token=518473098&user=-1355039501&config=3,24982,0,0
1777971554117,24982,HTTP Request,200,OK,Tim 1-308,text,true,,231,158,700,700,http://localhost:8079/?token=518473098&user=-1355039501&config=3,24982,0,0
1777971554118,24981,HTTP Request,200,OK,Tim 1-337,text,true,,231,158,700,700,http://localhost:8079/?token=518473098&user=-1355039501&config=3,24981,0,0
1777971554117,24982,HTTP Request,200,OK,Tim 1-309,text,true,,231,158,700,700,http://localhost:8079/?token=518473098&user=-1355039501&config=3,24982,0,0
1777971554118,24981,HTTP Request,200,OK,Tim 1-340,text,true,,231,158,700,700,http://localhost:8079/?token=518473098&user=-1355039501&config=3,24981,0,0
1777971554118,24981,HTTP Request,200,OK,Tim 1-333,text,true,,231,158,700,700,http://localhost:8079/?token=518473098&user=-1355039501&config=3,24981,0,0
1777971554117,24982,HTTP Request,200,OK,Tim 1-322,text,true,,231,158,700,700,http://localhost:8079/?token=518473098&user=-1355039501&config=3,24982,0,0
1777971554118,24981,HTTP Request,200,OK,Tim 1-329,text,true,,231,158,700,700,http://localhost:8079/?token=518473098&user=-1355039501&config=3,24981,0,0
1777971554118,24981,HTTP Request,200,OK,Tim 1-343,text,true,,231,158,700,700,http://localhost:8079/?token=518473098&user=-1355039501&config=3,24981,0,0
1777971554118,24981,HTTP Request,200,OK,Tim 1-342,text,true,,231,158,700,700,http://localhost:8079/?token=518473098&user=-1355039501&config=3,24981,0,0
1777971554118,24981,HTTP Request,200,OK,Tim 1-341,text,true,,231,158,700,700,http://localhost:8079/?token=518473098&user=-1355039501&config=3,24981,0,0
1777971554118,24981,HTTP Request,200,OK,Tim 1-346,text,true,,231,158,700,700,http://localhost:8079/?token=518473098&user=-1355039501&config=3,24981,0,0
1777971554118,24981,HTTP Request,200,OK,Tim 1-339,text,true,,231,158,700,700,http://localhost:8079/?token=518473098&user=-1355039501&config=3,24981,0,0
1777971554118,24981,HTTP Request,200,OK,Tim 1-344,text,true,,231,158,700,700,http://localhost:8079/?token=518473098&user=-1355039501&config=3,24981,0,0
1777971554118,24981,HTTP Request,200,OK,Tim 1-359,text,true,,231,158,700,700,http://localhost:8079/?token=518473098&user=-1355039501&config=3,24981,0,0
1777971554118,24981,HTTP Request,200,OK,Tim 1-361,text,true,,231,158,700,700,http://localhost:8079/?token=518473098&user=-1355039501&config=3,24981,0,0
1777971554119,24980,HTTP Request,200,OK,Tim 1-366,text,true,,231,158,700,700,http://localhost:8079/?token=518473098&user=-1355039501&config=3,24980,0,0
1777971554118,24982,HTTP Request,200,OK,Tim 1-351,text,true,,231,158,700,700,http://localhost:8079/?token=518473098&user=-1355039501&config=3,24982,0,0
1777971554119,24981,HTTP Request,200,OK,Tim 1-368,text,true,,231,158,700,700,http://localhost:8079/?token=518473098&user=-1355039501&config=3,24981,0,0
1777971554119,24980,HTTP Request,200,OK,Tim 1-367,text,true,,231,158,700,700,http://localhost:8079/?token=518473098&user=-1355039501&config=3,24980,0,0
1777971554118,24981,HTTP Request,200,OK,Tim 1-357,text,true,,231,158,700,700,http://localhost:8079/?token=518473098&user=-1355039501&config=3,24981,0,0
1777971554118,24981,HTTP Request,200,OK,Tim 1-356,text,true,,231,158,700,700,http://localhost:8079/?token=518473098&user=-1355039501&config=3,24981,0,0
1777971554119,24980,HTTP Request,200,OK,Tim 1-365,text,true,,231,158,700,700,http://localhost:8079/?token=518473098&user=-1355039501&config=3,24980,0,0
1777971554118,24981,HTTP Request,200,OK,Tim 1-358,text,true,,231,158,700,700,http://localhost:8079/?token=518473098&user=-1355039501&config=3,24981,0,0
1777971554119,24980,HTTP Request,200,OK,Tim 1-360,text,true,,231,158,700,700,http://localhost:8079/?token=518473098&user=-1355039501&config=3,24980,0,0
1777971561371,29301,HTTP Request,200,OK,Tim 1-30,text,true,,231,158,700,700,http://localhost:8079/?token=518473098&user=-1355039501&config=3,29301,0,0
1777971561583,29089,HTTP Request,200,OK,Tim 1-32,text,true,,231,158,700,700,http://localhost:8079/?token=518473098&user=-1355039501&config=3,29089,0,0
1777971561371,29301,HTTP Request,200,OK,Tim 1-31,text,true,,231,158,700,700,http://localhost:8079/?token=518473098&user=-1355039501&config=3,29301,0,0
1777971563365,27307,HTTP Request,200,OK,Tim 1-44,text,true,,231,158,700,700,http://localhost:8079/?token=518473098&user=-1355039501&config=3,27307,0,0
1777971563365,27307,HTTP Request,200,OK,Tim 1-45,text,true,,231,158,700,700,http://localhost:8079/?token=518473098&user=-1355039501&config=3,27307,0,0
1777971563365,27307,HTTP Request,200,OK,Tim 1-42,text,true,,231,158,700,700,http://localhost:8079/?token=518473098&user=-1355039501&config=3,27307,0,0
1777971563365,27307,HTTP Request,200,OK,Tim 1-40,text,true,,231,158,700,700,http://localhost:8079/?token=518473098&user=-1355039501&config=3,27307,0,0
1777971563365,27307,HTTP Request,200,OK,Tim 1-43,text,true,,231,158,700,700,http://localhost:8079/?token=518473098&user=-1355039501&config=3,27307,0,0
1777971563365,27307,HTTP Request,200,OK,Tim 1-41,text,true,,231,158,700,700,http://localhost:8079/?token=518473098&user=-1355039501&config=3,27307,0,0
1777971563365,27307,HTTP Request,200,OK,Tim 1-111,text,true,,231,158,700,700,http://localhost:8079/?token=518473098&user=-1355039501&config=3,27307,0,0
1777971563365,27307,HTTP Request,200,OK,Tim 1-110,text,true,,231,158,700,700,http://localhost:8079/?token=518473098&user=-1355039501&config=3,27307,0,0
1777971563365,27308,HTTP Request,200,OK,Tim 1-112,text,true,,231,158,700,700,http://localhost:8079/?token=518473098&user=-1355039501&config=3,27308,0,0
1777971561583,29090,HTTP Request,200,OK,Tim 1-101,text,true,,231,158,700,700,http://localhost:8079/?token=518473098&user=-1355039501&config=3,29089,0,0
1777971563365,27308,HTTP Request,200,OK,Tim 1-113,text,true,,231,158,700,700,http://localhost:8079/?token=518473098&user=-1355039501&config=3,27308,0,0
1777971561583,29090,HTTP Request,200,OK,Tim 1-102,text,true,,231,158,700,700,http://localhost:8079/?token=518473098&user=-1355039501&config=3,29090,0,0
1777971563365,27308,HTTP Request,200,OK,Tim 1-114,text,true,,231,158,700,700,http://localhost:8079/?token=518473098&user=-1355039501&config=3,27308,0,0
1777971563365,27308,HTTP Request,200,OK,Tim 1-115,text,true,,231,158,700,700,http://localhost:8079/?token=518473098&user=-1355039501&config=3,27308,0,0
1777971563365,27308,HTTP Request,200,OK,Tim 1-117,text,true,,231,158,700,700,http://localhost:8079/?token=518473098&user=-1355039501&config=3,27308,0,0
1777971561372,29301,HTTP Request,200,OK,Tim 1-170,text,true,,231,158,700,700,http://localhost:8079/?token=518473098&user=-1355039501&config=3,29301,0,0
1777971563365,27308,HTTP Request,200,OK,Tim 1-179,text,true,,231,158,700,700,http://localhost:8079/?token=518473098&user=-1355039501&config=3,27308,0,0
1777971563365,27308,HTTP Request,200,OK,Tim 1-180,text,true,,231,158,700,700,http://localhost:8079/?token=518473098&user=-1355039501&config=3,27308,0,0
1777971563365,27308,HTTP Request,200,OK,Tim 1-183,text,true,,231,158,700,700,http://localhost:8079/?token=518473098&user=-1355039501&config=3,27308,0,0
1777971563365,27308,HTTP Request,200,OK,Tim 1-182,text,true,,231,158,700,700,http://localhost:8079/?token=518473098&user=-1355039501&config=3,27308,0,0
1777971563365,27308,HTTP Request,200,OK,Tim 1-181,text,true,,231,158,700,700,http://localhost:8079/?token=518473098&user=-1355039501&config=3,27308,0,0
1777971564961,25713,HTTP Request,200,OK,Tim 1-13,text,true,,231,158,700,700,http://localhost:8079/?token=518473098&user=-1355039501&config=3,25713,0,1
1777971564961,25713,HTTP Request,200,OK,Tim 1-12,text,true,,231,158,700,700,http://localhost:8079/?token=518473098&user=-1355039501&config=3,25713,0,1
1777971564961,25713,HTTP Request,200,OK,Tim 1-11,text,true,,231,158,700,700,http://localhost:8079/?token=518473098&user=-1355039501&config=3,25713,0,1
1777971564962,25713,HTTP Request,200,OK,Tim 1-83,text,true,,231,158,700,700,http://localhost:8079/?token=518473098&user=-1355039501&config=3,25713,0,0
1777971564962,25713,HTTP Request,200,OK,Tim 1-84,text,true,,231,158,700,700,http://localhost:8079/?token=518473098&user=-1355039501&config=3,25713,0,0
1777971564962,25713,HTTP Request,200,OK,Tim 1-81,text,true,,231,158,700,700,http://localhost:8079/?token=518473098&user=-1355039501&config=3,25713,0,0
1777971564962,25713,HTTP Request,200,OK,Tim 1-82,text,true,,231,158,700,700,http://localhost:8079/?token=518473098&user=-1355039501&config=3,25713,0,0
1777971564962,25713,HTTP Request,200,OK,Tim 1-150,text,true,,231,158,700,700,http://localhost:8079/?token=518473098&user=-1355039501&config=3,25713,0,0
1777971564962,25713,HTTP Request,200,OK,Tim 1-86,text,true,,231,158,700,700,http://localhost:8079/?token=518473098&user=-1355039501&config=3,25713,0,0
1777971564962,25713,HTTP Request,200,OK,Tim 1-16,text,true,,231,158,700,700,http://localhost:8079/?token=518473098&user=-1355039501&config=3,25713,0,0
1777971564962,25713,HTTP Request,200,OK,Tim 1-15,text,true,,231,158,700,700,http://localhost:8079/?token=518473098&user=-1355039501&config=3,25713,0,0
1777971564962,25713,HTTP Request,200,OK,Tim 1-80,text,true,,231,158,700,700,http://localhost:8079/?token=518473098&user=-1355039501&config=3,25713,0,0
1777971564962,25713,HTTP Request,200,OK,Tim 1-151,text,true,,231,158,700,700,http://localhost:8079/?token=518473098&user=-1355039501&config=3,25713,0,0
1777971564962,25713,HTTP Request,200,OK,Tim 1-152,text,true,,231,158,700,700,http://localhost:8079/?token=518473098&user=-1355039501&config=3,25713,0,0
1777971564962,25713,HTTP Request,200,OK,Tim 1-14,text,true,,231,158,700,700,http://localhost:8079/?token=518473098&user=-1355039501&config=3,25713,0,0
1777971564962,25713,HTTP Request,200,OK,Tim 1-618,text,true,,231,158,700,700,http://localhost:8079/?token=518473098&user=-1355039501&config=3,25713,0,0
1777971564962,25713,HTTP Request,200,OK,Tim 1-153,text,true,,231,158,700,700,http://localhost:8079/?token=518473098&user=-1355039501&config=3,25713,0,0
1777971564962,25713,HTTP Request,200,OK,Tim 1-85,text,true,,231,158,700,700,http://localhost:8079/?token=518473098&user=-1355039501&config=3,25713,0,0
1777971564962,25713,HTTP Request,200,OK,Tim 1-225,text,true,,231,158,700,700,http://localhost:8079/?token=518473098&user=-1355039501&config=3,25713,0,0
1777971564962,25713,HTTP Request,200,OK,Tim 1-622,text,true,,231,158,700,700,http://localhost:8079/?token=518473098&user=-1355039501&config=3,25713,0,1
1777971564962,25713,HTTP Request,200,OK,Tim 1-623,text,true,,231,158,700,700,http://localhost:8079/?token=518473098&user=-1355039501&config=3,25713,0,1
1777971563365,27309,HTTP Request,200,OK,Tim 1-589,text,true,,231,158,700,700,http://localhost:8079/?token=518473098&user=-1355039501&config=3,27309,0,1
1777971564962,25713,HTTP Request,200,OK,Tim 1-620,text,true,,231,158,700,700,http://localhost:8079/?token=518473098&user=-1355039501&config=3,25713,0,0
1777971563365,27309,HTTP Request,200,OK,Tim 1-587,text,true,,231,158,700,700,http://localhost:8079/?token=518473098&user=-1355039501&config=3,27309,0,1
1777971564962,25713,HTTP Request,200,OK,Tim 1-621,text,true,,231,158,700,700,http://localhost:8079/?token=518473098&user=-1355039501&config=3,25713,0,0
1777971564962,25713,HTTP Request,200,OK,Tim 1-619,text,true,,231,158,700,700,http://localhost:8079/?token=518473098&user=-1355039501&config=3,25713,0,0
1777971564962,25713,HTTP Request,200,OK,Tim 1-155,text,true,,231,158,700,700,http://localhost:8079/?token=518473098&user=-1355039501&config=3,25713,0,0
1777971564962,25713,HTTP Request,200,OK,Tim 1-224,text,true,,231,158,700,700,http://localhost:8079/?token=518473098&user=-1355039501&config=3,25713,0,0
1777971564962,25713,HTTP Request,200,OK,Tim 1-617,text,true,,231,158,700,700,http://localhost:8079/?token=518473098&user=-1355039501&config=3,25713,0,0
1777971570283,20674,HTTP Request,200,OK,Tim 1-628,text,true,,231,158,700,700,http://localhost:8079/?token=518473098&user=-1355039501&config=3,20674,0,0
1777971570283,20674,HTTP Request,200,OK,Tim 1-633,text,true,,231,158,700,700,http://localhost:8079/?token=518473098&user=-1355039501&config=3,20674,0,0
1777971570283,20674,HTTP Request,200,OK,Tim 1-634,text,true,,231,158,700,700,http://localhost:8079/?token=518473098&user=-1355039501&config=3,20674,0,0
1777971570283,20675,HTTP Request,200,OK,Tim 1-100,text,true,,231,158,700,700,http://localhost:8079/?token=518473098&user=-1355039501&config=3,20675,0,0
1777971570283,20675,HTTP Request,200,OK,Tim 1-641,text,true,,231,158,700,700,http://localhost:8079/?token=518473098&user=-1355039501&config=3,20675,0,0
1777971576633,14325,HTTP Request,500,Internal Server Error,Tim 1-23,text,false,,233,158,700,700,http://localhost:8079/?token=518473098&user=-1355039501&config=3,14325,0,0
1777971576633,14325,HTTP Request,500,Internal Server Error,Tim 1-21,text,false,,233,158,700,700,http://localhost:8079/?token=518473098&user=-1355039501&config=3,14325,0,0
1777971576633,14325,HTTP Request,500,Internal Server Error,Tim 1-22,text,false,,233,158,700,700,http://localhost:8079/?token=518473098&user=-1355039501&config=3,14325,0,0
1777971576633,14325,HTTP Request,500,Internal Server Error,Tim 1-19,text,false,,233,158,700,700,http://localhost:8079/?token=518473098&user=-1355039501&config=3,14325,0,0
1777971576633,14325,HTTP Request,500,Internal Server Error,Tim 1-17,text,false,,233,158,700,700,http://localhost:8079/?token=518473098&user=-1355039501&config=3,14325,0,0
1777971570283,20675,HTTP Request,200,OK,Tim 1-642,text,true,,231,158,700,700,http://localhost:8079/?token=518473098&user=-1355039501&config=3,20675,0,0
1777971570283,20675,HTTP Request,200,OK,Tim 1-395,text,true,,231,158,700,700,http://localhost:8079/?token=518473098&user=-1355039501&config=3,20675,0,1
1777971576633,14325,HTTP Request,500,Internal Server Error,Tim 1-87,text,false,,233,158,700,700,http://localhost:8079/?token=518473098&user=-1355039501&config=3,14325,0,0
1777971576633,14325,HTTP Request,500,Internal Server Error,Tim 1-88,text,false,,233,158,700,700,http://localhost:8079/?token=518473098&user=-1355039501&config=3,14325,0,0
1777971572605,18354,HTTP Request,500,Internal Server Error,Tim 1-552,text,false,,233,158,700,700,http://localhost:8079/?token=518473098&user=-1355039501&config=3,18354,0,0
1777971572605,18354,HTTP Request,500,Internal Server Error,Tim 1-549,text,false,,233,158,700,700,http://localhost:8079/?token=518473098&user=-1355039501&config=3,18354,0,0
1777971572605,18354,HTTP Request,500,Internal Server Error,Tim 1-550,text,false,,233,158,700,700,http://localhost:8079/?token=518473098&user=-1355039501&config=3,18354,0,0
1777971572605,18354,HTTP Request,500,Internal Server Error,Tim 1-556,text,false,,233,158,700,700,http://localhost:8079/?token=518473098&user=-1355039501&config=3,18354,0,0
1777971572605,18354,HTTP Request,500,Internal Server Error,Tim 1-558,text,false,,233,158,700,700,http://localhost:8079/?token=518473098&user=-1355039501&config=3,18354,0,0
1777971572605,18354,HTTP Request,500,Internal Server Error,Tim 1-559,text,false,,233,158,700,700,http://localhost:8079/?token=518473098&user=-1355039501&config=3,18354,0,0
1777971572605,18354,HTTP Request,500,Internal Server Error,Tim 1-560,text,false,,233,158,700,700,http://localhost:8079/?token=518473098&user=-1355039501&config=3,18354,0,0
1777971572605,18354,HTTP Request,500,Internal Server Error,Tim 1-562,text,false,,233,158,700,700,http://localhost:8079/?token=518473098&user=-1355039501&config=3,18354,0,0
1777971572605,18354,HTTP Request,500,Internal Server Error,Tim 1-567,text,false,,233,158,700,700,http://localhost:8079/?token=518473098&user=-1355039501&config=3,18354,0,0
1777971572605,18354,HTTP Request,500,Internal Server Error,Tim 1-563,text,false,,233,158,700,700,http://localhost:8079/?token=518473098&user=-1355039501&config=3,18354,0,0
1777971572606,18353,HTTP Request,500,Internal Server Error,Tim 1-574,text,false,,233,158,700,700,http://localhost:8079/?token=518473098&user=-1355039501&config=3,18353,0,0
1777971572605,18354,HTTP Request,500,Internal Server Error,Tim 1-564,text,false,,233,158,700,700,http://localhost:8079/?token=518473098&user=-1355039501&config=3,18354,0,0
1777971572606,18353,HTTP Request,500,Internal Server Error,Tim 1-572,text,false,,233,158,700,700,http://localhost:8079/?token=518473098&user=-1355039501&config=3,18353,0,0
1777971572605,18354,HTTP Request,500,Internal Server Error,Tim 1-566,text,false,,233,158,700,700,http://localhost:8079/?token=518473098&user=-1355039501&config=3,18354,0,0
1777971572606,18353,HTTP Request,500,Internal Server Error,Tim 1-576,text,false,,233,158,700,700,http://localhost:8079/?token=518473098&user=-1355039501&config=3,18353,0,0
1777971572605,18354,HTTP Request,500,Internal Server Error,Tim 1-565,text,false,,233,158,700,700,http://localhost:8079/?token=518473098&user=-1355039501&config=3,18354,0,0
1777971572605,18354,HTTP Request,500,Internal Server Error,Tim 1-570,text,false,,233,158,700,700,http://localhost:8079/?token=518473098&user=-1355039501&config=3,18354,0,0
1777971572606,18353,HTTP Request,500,Internal Server Error,Tim 1-577,text,false,,233,158,700,700,http://localhost:8079/?token=518473098&user=-1355039501&config=3,18353,0,0
1777971572606,18353,HTTP Request,500,Internal Server Error,Tim 1-583,text,false,,233,158,700,700,http://localhost:8079/?token=518473098&user=-1355039501&config=3,18353,0,0
1777971572606,18353,HTTP Request,500,Internal Server Error,Tim 1-580,text,false,,233,158,700,700,http://localhost:8079/?token=518473098&user=-1355039501&config=3,18353,0,0
1777971572606,18353,HTTP Request,500,Internal Server Error,Tim 1-585,text,false,,233,158,700,700,http://localhost:8079/?token=518473098&user=-1355039501&config=3,18353,0,0
1777971572606,18353,HTTP Request,500,Internal Server Error,Tim 1-575,text,false,,233,158,700,700,http://localhost:8079/?token=518473098&user=-1355039501&config=3,18353,0,0
1777971564962,25999,HTTP Request,200,OK,Tim 1-154,text,true,,231,158,700,700,http://localhost:8079/?token=518473098&user=-1355039501&config=3,25999,0,0
1777971572606,18354,HTTP Request,500,Internal Server Error,Tim 1-584,text,false,,233,158,700,700,http://localhost:8079/?token=518473098&user=-1355039501&config=3,18353,0,0
1777971572606,18353,HTTP Request,500,Internal Server Error,Tim 1-581,text,false,,233,158,700,700,http://localhost:8079/?token=518473098&user=-1355039501&config=3,18353,0,0
1777971576632,19147,HTTP Request,500,Internal Server Error,Tim 1-338,text,false,,233,158,700,700,http://localhost:8079/?token=518473098&user=-1355039501&config=3,19147,0,0
1777971576632,19147,HTTP Request,500,Internal Server Error,Tim 1-362,text,false,,233,158,700,700,http://localhost:8079/?token=518473098&user=-1355039501&config=3,19147,0,0
1777971576633,19146,HTTP Request,500,Internal Server Error,Tim 1-319,text,false,,233,158,700,700,http://localhost:8079/?token=518473098&user=-1355039501&config=3,19146,0,0
1777971576633,19146,HTTP Request,500,Internal Server Error,Tim 1-316,text,false,,233,158,700,700,http://localhost:8079/?token=518473098&user=-1355039501&config=3,19146,0,0
1777971576632,19147,HTTP Request,500,Internal Server Error,Tim 1-335,text,false,,233,158,700,700,http://localhost:8079/?token=518473098&user=-1355039501&config=3,19147,0,0
1777971576633,19146,HTTP Request,500,Internal Server Error,Tim 1-328,text,false,,233,158,700,700,http://localhost:8079/?token=518473098&user=-1355039501&config=3,19146,0,0
1777971576632,19147,HTTP Request,500,Internal Server Error,Tim 1-323,text,false,,233,158,700,700,http://localhost:8079/?token=518473098&user=-1355039501&config=3,19147,0,0
1777971576632,19147,HTTP Request,500,Internal Server Error,Tim 1-315,text,false,,233,158,700,700,http://localhost:8079/?token=518473098&user=-1355039501&config=3,19147,0,0
1777971576633,19146,HTTP Request,500,Internal Server Error,Tim 1-321,text,false,,233,158,700,700,http://localhost:8079/?token=518473098&user=-1355039501&config=3,19146,0,0
1777971576632,19147,HTTP Request,500,Internal Server Error,Tim 1-363,text,false,,233,158,700,700,http://localhost:8079/?token=518473098&user=-1355039501&config=3,19147,0,0
1777971576633,19146,HTTP Request,500,Internal Server Error,Tim 1-325,text,false,,233,158,700,700,http://localhost:8079/?token=518473098&user=-1355039501&config=3,19146,0,0
1777971576633,19146,HTTP Request,500,Internal Server Error,Tim 1-317,text,false,,233,158,700,700,http://localhost:8079/?token=518473098&user=-1355039501&config=3,19146,0,0
1777971576939,18840,HTTP Request,500,Internal Server Error,Tim 1-646,text,false,,233,158,700,700,http://localhost:8079/?token=518473098&user=-1355039501&config=3,18840,0,0
1777971576633,19146,HTTP Request,500,Internal Server Error,Tim 1-314,text,false,,233,158,700,700,http://localhost:8079/?token=518473098&user=-1355039501&config=3,19146,0,0
1777971576633,19146,HTTP Request,500,Internal Server Error,Tim 1-336,text,false,,233,158,700,700,http://localhost:8079/?token=518473098&user=-1355039501&config=3,19146,0,0
1777971576633,19146,HTTP Request,500,Internal Server Error,Tim 1-331,text,false,,233,158,700,700,http://localhost:8079/?token=518473098&user=-1355039501&config=3,19146,0,0
1777971576633,19146,HTTP Request,500,Internal Server Error,Tim 1-326,text,false,,233,158,700,700,http://localhost:8079/?token=518473098&user=-1355039501&config=3,19146,0,0
1777971576633,19146,HTTP Request,500,Internal Server Error,Tim 1-313,text,false,,233,158,700,700,http://localhost:8079/?token=518473098&user=-1355039501&config=3,19146,0,0
1777971576633,19146,HTTP Request,500,Internal Server Error,Tim 1-324,text,false,,233,158,700,700,http://localhost:8079/?token=518473098&user=-1355039501&config=3,19146,0,0
1777971576633,19147,HTTP Request,500,Internal Server Error,Tim 1-352,text,false,,233,158,700,700,http://localhost:8079/?token=518473098&user=-1355039501&config=3,19147,0,0
1777971576633,19147,HTTP Request,500,Internal Server Error,Tim 1-349,text,false,,233,158,700,700,http://localhost:8079/?token=518473098&user=-1355039501&config=3,19147,0,1
1777971576633,19147,HTTP Request,500,Internal Server Error,Tim 1-330,text,false,,233,158,700,700,http://localhost:8079/?token=518473098&user=-1355039501&config=3,19147,0,1
1777971576633,19147,HTTP Request,500,Internal Server Error,Tim 1-345,text,false,,233,158,700,700,http://localhost:8079/?token=518473098&user=-1355039501&config=3,19147,0,1
1777971576634,19146,HTTP Request,500,Internal Server Error,Tim 1-348,text,false,,233,158,700,700,http://localhost:8079/?token=518473098&user=-1355039501&config=3,19146,0,0
1777971576633,19147,HTTP Request,500,Internal Server Error,Tim 1-350,text,false,,233,158,700,700,http://localhost:8079/?token=518473098&user=-1355039501&config=3,19147,0,1
1777971576634,19146,HTTP Request,500,Internal Server Error,Tim 1-355,text,false,,233,158,700,700,http://localhost:8079/?token=518473098&user=-1355039501&config=3,19146,0,0
1777971576634,19146,HTTP Request,500,Internal Server Error,Tim 1-353,text,false,,233,158,700,700,http://localhost:8079/?token=518473098&user=-1355039501&config=3,19146,0,0
1777971576633,19147,HTTP Request,500,Internal Server Error,Tim 1-347,text,false,,233,158,700,700,http://localhost:8079/?token=518473098&user=-1355039501&config=3,19147,0,1
1777971576634,19146,HTTP Request,500,Internal Server Error,Tim 1-364,text,false,,233,158,700,700,http://localhost:8079/?token=518473098&user=-1355039501&config=3,19146,0,0
1777971576633,19147,HTTP Request,500,Internal Server Error,Tim 1-332,text,false,,233,158,700,700,http://localhost:8079/?token=518473098&user=-1355039501&config=3,19147,0,1
1777971576634,19146,HTTP Request,500,Internal Server Error,Tim 1-354,text,false,,233,158,700,700,http://localhost:8079/?token=518473098&user=-1355039501&config=3,19146,0,0
1777971572440,29397,HTTP Request,200,OK,Tim 1-46,text,true,,231,158,700,700,http://localhost:8079/?token=518473098&user=-1355039501&config=3,29397,0,0
1777971570283,31554,HTTP Request,200,OK,Tim 1-639,text,true,,231,158,700,700,http://localhost:8079/?token=518473098&user=-1355039501&config=3,31554,0,0
1777971570283,31554,HTTP Request,200,OK,Tim 1-640,text,true,,231,158,700,700,http://localhost:8079/?token=518473098&user=-1355039501&config=3,31554,0,0
1777971570283,31554,HTTP Request,200,OK,Tim 1-635,text,true,,231,158,700,700,http://localhost:8079/?token=518473098&user=-1355039501&config=3,31554,0,0
1777971572440,29397,HTTP Request,200,OK,Tim 1-47,text,true,,231,158,700,700,http://localhost:8079/?token=518473098&user=-1355039501&config=3,29397,0,0
1777971572440,29397,HTTP Request,200,OK,Tim 1-49,text,true,,231,158,700,700,http://localhost:8079/?token=518473098&user=-1355039501&config=3,29397,0,0
1777971572440,29397,HTTP Request,200,OK,Tim 1-48,text,true,,231,158,700,700,http://localhost:8079/?token=518473098&user=-1355039501&config=3,29397,0,0
1777971570283,31554,HTTP Request,200,OK,Tim 1-637,text,true,,231,158,700,700,http://localhost:8079/?token=518473098&user=-1355039501&config=3,31554,0,0
1777971572440,29397,HTTP Request,200,OK,Tim 1-50,text,true,,231,158,700,700,http://localhost:8079/?token=518473098&user=-1355039501&config=3,29397,0,0
1777971570793,31044,HTTP Request,200,OK,Tim 1-648,text,true,,231,158,700,700,http://localhost:8079/?token=518473098&user=-1355039501&config=3,31044,0,1
1777971570283,31554,HTTP Request,200,OK,Tim 1-631,text,true,,231,158,700,700,http://localhost:8079/?token=518473098&user=-1355039501&config=3,31554,0,0
1777971570283,31554,HTTP Request,200,OK,Tim 1-630,text,true,,231,158,700,700,http://localhost:8079/?token=518473098&user=-1355039501&config=3,31554,0,0
1777971570284,31553,HTTP Request,200,OK,Tim 1-645,text,true,,231,158,700,700,http://localhost:8079/?token=518473098&user=-1355039501&config=3,31553,0,0
1777971570284,31553,HTTP Request,200,OK,Tim 1-644,text,true,,231,158,700,700,http://localhost:8079/?token=518473098&user=-1355039501&config=3,31553,0,0
1777971570283,31554,HTTP Request,200,OK,Tim 1-632,text,true,,231,158,700,700,http://localhost:8079/?token=518473098&user=-1355039501&config=3,31554,0,1
1777971570793,31044,HTTP Request,200,OK,Tim 1-396,text,true,,231,158,700,700,http://localhost:8079/?token=518473098&user=-1355039501&config=3,31044,0,1
1777971570793,31044,HTTP Request,200,OK,Tim 1-649,text,true,,231,158,700,700,http://localhost:8079/?token=518473098&user=-1355039501&config=3,31044,0,1
1777971570793,31044,HTTP Request,200,OK,Tim 1-651,text,true,,231,158,700,700,http://localhost:8079/?token=518473098&user=-1355039501&config=3,31044,0,1
1777971570793,31044,HTTP Request,200,OK,Tim 1-650,text,true,,231,158,700,700,http://localhost:8079/?token=518473098&user=-1355039501&config=3,31044,0,1
1777971570793,31044,HTTP Request,200,OK,Tim 1-652,text,true,,231,158,700,700,http://localhost:8079/?token=518473098&user=-1355039501&config=3,31044,0,1
1777971570283,31554,HTTP Request,200,OK,Tim 1-643,text,true,,231,158,700,700,http://localhost:8079/?token=518473098&user=-1355039501&config=3,31554,0,0
1777971570284,31554,HTTP Request,200,OK,Tim 1-374,text,true,,231,158,700,700,http://localhost:8079/?token=518473098&user=-1355039501&config=3,31554,0,0
1777971570284,31554,HTTP Request,200,OK,Tim 1-380,text,true,,231,158,700,700,http://localhost:8079/?token=518473098&user=-1355039501&config=3,31554,0,0
1777971570283,31554,HTTP Request,200,OK,Tim 1-638,text,true,,231,158,700,700,http://localhost:8079/?token=518473098&user=-1355039501&config=3,31554,0,1
1777971570284,31554,HTTP Request,200,OK,Tim 1-384,text,true,,231,158,700,700,http://localhost:8079/?token=518473098&user=-1355039501&config=3,31554,0,0
1777971570284,31554,HTTP Request,200,OK,Tim 1-383,text,true,,231,158,700,700,http://localhost:8079/?token=518473098&user=-1355039501&config=3,31554,0,0
1777971570793,31044,HTTP Request,200,OK,Tim 1-647,text,true,,231,158,700,700,http://localhost:8079/?token=518473098&user=-1355039501&config=3,31044,0,1
1777971570283,31554,HTTP Request,200,OK,Tim 1-636,text,true,,231,158,700,700,http://localhost:8079/?token=518473098&user=-1355039501&config=3,31554,0,1
1777971570284,31554,HTTP Request,200,OK,Tim 1-378,text,true,,231,158,700,700,http://localhost:8079/?token=518473098&user=-1355039501&config=3,31554,0,0
1777971570283,31554,HTTP Request,200,OK,Tim 1-99,text,true,,231,158,700,700,http://localhost:8079/?token=518473098&user=-1355039501&config=3,31554,0,1
1777971570284,31554,HTTP Request,200,OK,Tim 1-390,text,true,,231,158,700,700,http://localhost:8079/?token=518473098&user=-1355039501&config=3,31554,0,0
1777971570284,31554,HTTP Request,200,OK,Tim 1-387,text,true,,231,158,700,700,http://localhost:8079/?token=518473098&user=-1355039501&config=3,31554,0,0
1777971570283,31554,HTTP Request,200,OK,Tim 1-169,text,true,,231,158,700,700,http://localhost:8079/?token=518473098&user=-1355039501&config=3,31554,0,0
1777971570284,31554,HTTP Request,200,OK,Tim 1-391,text,true,,231,158,700,700,http://localhost:8079/?token=518473098&user=-1355039501&config=3,31554,0,0
1777971570284,31554,HTTP Request,200,OK,Tim 1-626,text,true,,231,158,700,700,http://localhost:8079/?token=518473098&user=-1355039501&config=3,31554,0,1
1777971572440,29400,HTTP Request,200,OK,Tim 1-405,text,true,,231,158,700,700,http://localhost:8079/?token=518473098&user=-1355039501&config=3,29400,0,0
1777971572440,29400,HTTP Request,200,OK,Tim 1-400,text,true,,231,158,700,700,http://localhost:8079/?token=518473098&user=-1355039501&config=3,29400,0,0
1777971572440,29400,HTTP Request,200,OK,Tim 1-51,text,true,,231,158,700,700,http://localhost:8079/?token=518473098&user=-1355039501&config=3,29400,0,0
1777971572440,29401,HTTP Request,200,OK,Tim 1-184,text,true,,231,158,700,700,http://localhost:8079/?token=518473098&user=-1355039501&config=3,29401,0,0
1777971572440,29401,HTTP Request,200,OK,Tim 1-188,text,true,,231,158,700,700,http://localhost:8079/?token=518473098&user=-1355039501&config=3,29401,0,0
1777971572440,29401,HTTP Request,200,OK,Tim 1-187,text,true,,231,158,700,700,http://localhost:8079/?token=518473098&user=-1355039501&config=3,29401,0,0
1777971572440,29401,HTTP Request,200,OK,Tim 1-189,text,true,,231,158,700,700,http://localhost:8079/?token=518473098&user=-1355039501&config=3,29401,0,0
1777971572440,29401,HTTP Request,200,OK,Tim 1-185,text,true,,231,158,700,700,http://localhost:8079/?token=518473098&user=-1355039501&config=3,29401,0,0
1777971572441,29400,HTTP Request,200,OK,Tim 1-190,text,true,,231,158,700,700,http://localhost:8079/?token=518473098&user=-1355039501&config=3,29400,0,0
1777971572440,29401,HTTP Request,200,OK,Tim 1-191,text,true,,231,158,700,700,http://localhost:8079/?token=518473098&user=-1355039501&config=3,29401,0,0
1777971572440,29401,HTTP Request,200,OK,Tim 1-5,text,true,,231,158,700,700,http://localhost:8079/?token=518473098&user=-1355039501&config=3,29401,0,0
1777971572441,29400,HTTP Request,200,OK,Tim 1-7,text,true,,231,158,700,700,http://localhost:8079/?token=518473098&user=-1355039501&config=3,29400,0,0
1777971572441,29400,HTTP Request,200,OK,Tim 1-9,text,true,,231,158,700,700,http://localhost:8079/?token=518473098&user=-1355039501&config=3,29400,0,0
1777971572440,29401,HTTP Request,200,OK,Tim 1-10,text,true,,231,158,700,700,http://localhost:8079/?token=518473098&user=-1355039501&config=3,29401,0,0
1777971572440,29401,HTTP Request,200,OK,Tim 1-74,text,true,,231,158,700,700,http://localhost:8079/?token=518473098&user=-1355039501&config=3,29401,0,0
1777971572441,29400,HTTP Request,200,OK,Tim 1-77,text,true,,231,158,700,700,http://localhost:8079/?token=518473098&user=-1355039501&config=3,29400,0,0
1777971572440,29401,HTTP Request,200,OK,Tim 1-8,text,true,,231,158,700,700,http://localhost:8079/?token=518473098&user=-1355039501&config=3,29401,0,0
1777971572441,29400,HTTP Request,200,OK,Tim 1-76,text,true,,231,158,700,700,http://localhost:8079/?token=518473098&user=-1355039501&config=3,29400,0,0
1777971572441,29400,HTTP Request,200,OK,Tim 1-79,text,true,,231,158,700,700,http://localhost:8079/?token=518473098&user=-1355039501&config=3,29400,0,0
1777971572441,29400,HTTP Request,200,OK,Tim 1-143,text,true,,231,158,700,700,http://localhost:8079/?token=518473098&user=-1355039501&config=3,29400,0,0
1777971572441,29400,HTTP Request,200,OK,Tim 1-75,text,true,,231,158,700,700,http://localhost:8079/?token=518473098&user=-1355039501&config=3,29400,0,0
1777971572441,29400,HTTP Request,200,OK,Tim 1-144,text,true,,231,158,700,700,http://localhost:8079/?token=518473098&user=-1355039501&config=3,29400,0,0
1777971572441,29400,HTTP Request,200,OK,Tim 1-147,text,true,,231,158,700,700,http://localhost:8079/?token=518473098&user=-1355039501&config=3,29400,0,0
1777971572441,29400,HTTP Request,200,OK,Tim 1-213,text,true,,231,158,700,700,http://localhost:8079/?token=518473098&user=-1355039501&config=3,29400,0,0
1777971572441,29400,HTTP Request,200,OK,Tim 1-216,text,true,,231,158,700,700,http://localhost:8079/?token=518473098&user=-1355039501&config=3,29400,0,0
1777971572441,29400,HTTP Request,200,OK,Tim 1-219,text,true,,231,158,700,700,http://localhost:8079/?token=518473098&user=-1355039501&config=3,29400,0,0
1777971572441,29400,HTTP Request,200,OK,Tim 1-217,text,true,,231,158,700,700,http://localhost:8079/?token=518473098&user=-1355039501&config=3,29400,0,0
1777971572441,29400,HTTP Request,200,OK,Tim 1-221,text,true,,231,158,700,700,http://localhost:8079/?token=518473098&user=-1355039501&config=3,29400,0,0
1777971572441,29400,HTTP Request,200,OK,Tim 1-149,text,true,,231,158,700,700,http://localhost:8079/?token=518473098&user=-1355039501&config=3,29400,0,0
1777971572441,29400,HTTP Request,200,OK,Tim 1-215,text,true,,231,158,700,700,http://localhost:8079/?token=518473098&user=-1355039501&config=3,29400,0,0
1777971572443,29401,HTTP Request,200,OK,Tim 1-402,text,true,,231,158,700,700,http://localhost:8079/?token=518473098&user=-1355039501&config=3,29401,0,0
1777971572443,29401,HTTP Request,200,OK,Tim 1-401,text,true,,231,158,700,700,http://localhost:8079/?token=518473098&user=-1355039501&config=3,29401,0,0
1777971572443,29401,HTTP Request,200,OK,Tim 1-399,text,true,,231,158,700,700,http://localhost:8079/?token=518473098&user=-1355039501&config=3,29401,0,0
1777971572443,29401,HTTP Request,200,OK,Tim 1-403,text,true,,231,158,700,700,http://localhost:8079/?token=518473098&user=-1355039501&config=3,29401,0,0
1777971572443,29401,HTTP Request,200,OK,Tim 1-404,text,true,,231,158,700,700,http://localhost:8079/?token=518473098&user=-1355039501&config=3,29401,0,0
1777971572460,29384,HTTP Request,200,OK,Tim 1-39,text,true,,231,158,700,700,http://localhost:8079/?token=518473098&user=-1355039501&config=3,29384,0,0
1777971572443,29401,HTTP Request,200,OK,Tim 1-406,text,true,,231,158,700,700,http://localhost:8079/?token=518473098&user=-1355039501&config=3,29401,0,0
1777971572443,29401,HTTP Request,200,OK,Tim 1-409,text,true,,231,158,700,700,http://localhost:8079/?token=518473098&user=-1355039501&config=3,29401,0,0
1777971572460,29384,HTTP Request,200,OK,Tim 1-407,text,true,,231,158,700,700,http://localhost:8079/?token=518473098&user=-1355039501&config=3,29384,0,0
1777971572460,29384,HTTP Request,200,OK,Tim 1-408,text,true,,231,158,700,700,http://localhost:8079/?token=518473098&user=-1355039501&config=3,29384,0,0
1777971572443,29401,HTTP Request,200,OK,Tim 1-410,text,true,,231,158,700,700,http://localhost:8079/?token=518473098&user=-1355039501&config=3,29401,0,0
1777971572443,29401,HTTP Request,200,OK,Tim 1-411,text,true,,231,158,700,700,http://localhost:8079/?token=518473098&user=-1355039501&config=3,29401,0,0
1777971572440,29404,HTTP Request,200,OK,Tim 1-116,text,true,,231,158,700,700,http://localhost:8079/?token=518473098&user=-1355039501&config=3,29404,0,0
1777971572440,29404,HTTP Request,200,OK,Tim 1-118,text,true,,231,158,700,700,http://localhost:8079/?token=518473098&user=-1355039501&config=3,29404,0,0
1777971572440,29404,HTTP Request,200,OK,Tim 1-119,text,true,,231,158,700,700,http://localhost:8079/?token=518473098&user=-1355039501&config=3,29404,0,0
1777971572440,29404,HTTP Request,200,OK,Tim 1-120,text,true,,231,158,700,700,http://localhost:8079/?token=518473098&user=-1355039501&config=3,29404,0,0
1777971572460,29384,HTTP Request,200,OK,Tim 1-108,text,true,,231,158,700,700,http://localhost:8079/?token=518473098&user=-1355039501&config=3,29384,0,0
1777971572440,29404,HTTP Request,200,OK,Tim 1-121,text,true,,231,158,700,700,http://localhost:8079/?token=518473098&user=-1355039501&config=3,29404,0,0
1777971572460,29384,HTTP Request,200,OK,Tim 1-414,text,true,,231,158,700,700,http://localhost:8079/?token=518473098&user=-1355039501&config=3,29384,0,0
1777971572440,29404,HTTP Request,200,OK,Tim 1-186,text,true,,231,158,700,700,http://localhost:8079/?token=518473098&user=-1355039501&config=3,29404,0,0
1777971572460,29384,HTTP Request,200,OK,Tim 1-423,text,true,,231,158,700,700,http://localhost:8079/?token=518473098&user=-1355039501&config=3,29384,0,0
1777971572460,29384,HTTP Request,200,OK,Tim 1-424,text,true,,231,158,700,700,http://localhost:8079/?token=518473098&user=-1355039501&config=3,29384,0,0
1777971572460,29384,HTTP Request,200,OK,Tim 1-425,text,true,,231,158,700,700,http://localhost:8079/?token=518473098&user=-1355039501&config=3,29384,0,0
1777971572460,29384,HTTP Request,200,OK,Tim 1-426,text,true,,231,158,700,700,http://localhost:8079/?token=518473098&user=-1355039501&config=3,29384,0,0
1777971572441,29404,HTTP Request,200,OK,Tim 1-78,text,true,,231,158,700,700,http://localhost:8079/?token=518473098&user=-1355039501&config=3,29404,0,0
1777971572440,29405,HTTP Request,200,OK,Tim 1-4,text,true,,231,158,700,700,http://localhost:8079/?token=518473098&user=-1355039501&config=3,29405,0,0
1777971572441,29404,HTTP Request,200,OK,Tim 1-145,text,true,,231,158,700,700,http://localhost:8079/?token=518473098&user=-1355039501&config=3,29404,0,0
1777971572440,29405,HTTP Request,200,OK,Tim 1-397,text,true,,231,158,700,700,http://localhost:8079/?token=518473098&user=-1355039501&config=3,29405,0,0
1777971572440,29405,HTTP Request,200,OK,Tim 1-6,text,true,,231,158,700,700,http://localhost:8079/?token=518473098&user=-1355039501&config=3,29405,0,0
1777971572441,29404,HTTP Request,200,OK,Tim 1-146,text,true,,231,158,700,700,http://localhost:8079/?token=518473098&user=-1355039501&config=3,29404,0,0
1777971572441,29404,HTTP Request,200,OK,Tim 1-218,text,true,,231,158,700,700,http://localhost:8079/?token=518473098&user=-1355039501&config=3,29404,0,0
1777971572441,29404,HTTP Request,200,OK,Tim 1-148,text,true,,231,158,700,700,http://localhost:8079/?token=518473098&user=-1355039501&config=3,29404,0,0
1777971572441,29404,HTTP Request,200,OK,Tim 1-214,text,true,,231,158,700,700,http://localhost:8079/?token=518473098&user=-1355039501&config=3,29404,0,0
1777971572443,29402,HTTP Request,200,OK,Tim 1-223,text,true,,231,158,700,700,http://localhost:8079/?token=518473098&user=-1355039501&config=3,29402,0,0
1777971572441,29404,HTTP Request,200,OK,Tim 1-220,text,true,,231,158,700,700,http://localhost:8079/?token=518473098&user=-1355039501&config=3,29404,0,0
1777971572441,29404,HTTP Request,200,OK,Tim 1-398,text,true,,231,158,700,700,http://localhost:8079/?token=518473098&user=-1355039501&config=3,29404,0,0
1777971572441,29404,HTTP Request,200,OK,Tim 1-222,text,true,,231,158,700,700,http://localhost:8079/?token=518473098&user=-1355039501&config=3,29404,0,0
1777971572460,29390,HTTP Request,200,OK,Tim 1-109,text,true,,231,158,700,700,http://localhost:8079/?token=518473098&user=-1355039501&config=3,29390,0,0
1777971572460,29390,HTTP Request,200,OK,Tim 1-412,text,true,,231,158,700,700,http://localhost:8079/?token=518473098&user=-1355039501&config=3,29390,0,0
1777971572460,29390,HTTP Request,200,OK,Tim 1-413,text,true,,231,158,700,700,http://localhost:8079/?token=518473098&user=-1355039501&config=3,29390,0,0
1777971572460,29390,HTTP Request,200,OK,Tim 1-178,text,true,,231,158,700,700,http://localhost:8079/?token=518473098&user=-1355039501&config=3,29390,0,0
1777971572460,29390,HTTP Request,200,OK,Tim 1-418,text,true,,231,158,700,700,http://localhost:8079/?token=518473098&user=-1355039501&config=3,29390,0,0
1777971572460,29390,HTTP Request,200,OK,Tim 1-415,text,true,,231,158,700,700,http://localhost:8079/?token=518473098&user=-1355039501&config=3,29390,0,0
1777971572460,29390,HTTP Request,200,OK,Tim 1-416,text,true,,231,158,700,700,http://localhost:8079/?token=518473098&user=-1355039501&config=3,29390,0,0
1777971572460,29390,HTTP Request,200,OK,Tim 1-417,text,true,,231,158,700,700,http://localhost:8079/?token=518473098&user=-1355039501&config=3,29390,0,0
1777971572460,29390,HTTP Request,200,OK,Tim 1-419,text,true,,231,158,700,700,http://localhost:8079/?token=518473098&user=-1355039501&config=3,29390,0,0
1777971572460,29390,HTTP Request,200,OK,Tim 1-420,text,true,,231,158,700,700,http://localhost:8079/?token=518473098&user=-1355039501&config=3,29390,0,0
1777971572460,29390,HTTP Request,200,OK,Tim 1-421,text,true,,231,158,700,700,http://localhost:8079/?token=518473098&user=-1355039501&config=3,29390,0,0
1777971572460,29390,HTTP Request,200,OK,Tim 1-429,text,true,,231,158,700,700,http://localhost:8079/?token=518473098&user=-1355039501&config=3,29390,0,0
1777971572460,29390,HTTP Request,200,OK,Tim 1-427,text,true,,231,158,700,700,http://localhost:8079/?token=518473098&user=-1355039501&config=3,29390,0,0
1777971572460,29390,HTTP Request,200,OK,Tim 1-422,text,true,,231,158,700,700,http://localhost:8079/?token=518473098&user=-1355039501&config=3,29390,0,0
1777971572460,29390,HTTP Request,200,OK,Tim 1-428,text,true,,231,158,700,700,http://localhost:8079/?token=518473098&user=-1355039501&config=3,29390,0,0
1777971572460,29390,HTTP Request,200,OK,Tim 1-431,text,true,,231,158,700,700,http://localhost:8079/?token=518473098&user=-1355039501&config=3,29390,0,0
1777971572460,29390,HTTP Request,200,OK,Tim 1-430,text,true,,231,158,700,700,http://localhost:8079/?token=518473098&user=-1355039501&config=3,29390,0,0
1777971572460,29390,HTTP Request,200,OK,Tim 1-433,text,true,,231,158,700,700,http://localhost:8079/?token=518473098&user=-1355039501&config=3,29390,0,0
1777971572474,29376,HTTP Request,200,OK,Tim 1-449,text,true,,231,158,700,700,http://localhost:8079/?token=518473098&user=-1355039501&config=3,29376,0,0
1777971572460,29390,HTTP Request,200,OK,Tim 1-437,text,true,,231,158,700,700,http://localhost:8079/?token=518473098&user=-1355039501&config=3,29390,0,0
1777971572474,29376,HTTP Request,200,OK,Tim 1-451,text,true,,231,158,700,700,http://localhost:8079/?token=518473098&user=-1355039501&config=3,29376,0,0
1777971572460,29390,HTTP Request,200,OK,Tim 1-432,text,true,,231,158,700,700,http://localhost:8079/?token=518473098&user=-1355039501&config=3,29390,0,0
1777971572474,29376,HTTP Request,200,OK,Tim 1-452,text,true,,231,158,700,700,http://localhost:8079/?token=518473098&user=-1355039501&config=3,29376,0,0
1777971572474,29376,HTTP Request,200,OK,Tim 1-455,text,true,,231,158,700,700,http://localhost:8079/?token=518473098&user=-1355039501&config=3,29376,0,0
1777971572474,29376,HTTP Request,200,OK,Tim 1-467,text,true,,231,158,700,700,http://localhost:8079/?token=518473098&user=-1355039501&config=3,29376,0,0
1777971572474,29376,HTTP Request,200,OK,Tim 1-468,text,true,,231,158,700,700,http://localhost:8079/?token=518473098&user=-1355039501&config=3,29376,0,0
1777971572474,29376,HTTP Request,200,OK,Tim 1-470,text,true,,231,158,700,700,http://localhost:8079/?token=518473098&user=-1355039501&config=3,29376,0,0
1777971572474,29376,HTTP Request,200,OK,Tim 1-469,text,true,,231,158,700,700,http://localhost:8079/?token=518473098&user=-1355039501&config=3,29376,0,0
1777971572474,29376,HTTP Request,200,OK,Tim 1-471,text,true,,231,158,700,700,http://localhost:8079/?token=518473098&user=-1355039501&config=3,29376,0,0
1777971572474,29376,HTTP Request,200,OK,Tim 1-472,text,true,,231,158,700,700,http://localhost:8079/?token=518473098&user=-1355039501&config=3,29376,0,0
1777971572474,29377,HTTP Request,200,OK,Tim 1-473,text,true,,231,158,700,700,http://localhost:8079/?token=518473098&user=-1355039501&config=3,29377,0,0
1777971572474,29377,HTTP Request,200,OK,Tim 1-475,text,true,,231,158,700,700,http://localhost:8079/?token=518473098&user=-1355039501&config=3,29377,0,0
1777971572474,29377,HTTP Request,200,OK,Tim 1-476,text,true,,231,158,700,700,http://localhost:8079/?token=518473098&user=-1355039501&config=3,29377,0,0
1777971572474,29377,HTTP Request,200,OK,Tim 1-479,text,true,,231,158,700,700,http://localhost:8079/?token=518473098&user=-1355039501&config=3,29377,0,0
1777971572474,29377,HTTP Request,200,OK,Tim 1-483,text,true,,231,158,700,700,http://localhost:8079/?token=518473098&user=-1355039501&config=3,29377,0,0
1777971572474,29377,HTTP Request,200,OK,Tim 1-482,text,true,,231,158,700,700,http://localhost:8079/?token=518473098&user=-1355039501&config=3,29377,0,0
1777971572474,29377,HTTP Request,200,OK,Tim 1-487,text,true,,231,158,700,700,http://localhost:8079/?token=518473098&user=-1355039501&config=3,29377,0,0
1777971572474,29377,HTTP Request,200,OK,Tim 1-480,text,true,,231,158,700,700,http://localhost:8079/?token=518473098&user=-1355039501&config=3,29377,0,0
1777971572474,29377,HTTP Request,200,OK,Tim 1-489,text,true,,231,158,700,700,http://localhost:8079/?token=518473098&user=-1355039501&config=3,29377,0,0
1777971572474,29377,HTTP Request,200,OK,Tim 1-494,text,true,,231,158,700,700,http://localhost:8079/?token=518473098&user=-1355039501&config=3,29377,0,0
1777971572474,29377,HTTP Request,200,OK,Tim 1-490,text,true,,231,158,700,700,http://localhost:8079/?token=518473098&user=-1355039501&config=3,29377,0,0
1777971572474,29377,HTTP Request,200,OK,Tim 1-498,text,true,,231,158,700,700,http://localhost:8079/?token=518473098&user=-1355039501&config=3,29377,0,0
1777971572474,29377,HTTP Request,200,OK,Tim 1-499,text,true,,231,158,700,700,http://localhost:8079/?token=518473098&user=-1355039501&config=3,29377,0,0
1777971572474,29377,HTTP Request,200,OK,Tim 1-496,text,true,,231,158,700,700,http://localhost:8079/?token=518473098&user=-1355039501&config=3,29377,0,0
1777971572588,29266,HTTP Request,200,OK,Tim 1-54,text,true,,231,158,700,700,http://localhost:8079/?token=518473098&user=-1355039501&config=3,29266,0,0
1777971572588,29266,HTTP Request,200,OK,Tim 1-55,text,true,,231,158,700,700,http://localhost:8079/?token=518473098&user=-1355039501&config=3,29266,0,0
1777971572588,29266,HTTP Request,200,OK,Tim 1-52,text,true,,231,158,700,700,http://localhost:8079/?token=518473098&user=-1355039501&config=3,29266,0,0
1777971572588,29266,HTTP Request,200,OK,Tim 1-127,text,true,,231,158,700,700,http://localhost:8079/?token=518473098&user=-1355039501&config=3,29266,0,0
1777971572588,29266,HTTP Request,200,OK,Tim 1-122,text,true,,231,158,700,700,http://localhost:8079/?token=518473098&user=-1355039501&config=3,29266,0,0
1777971572589,29265,HTTP Request,200,OK,Tim 1-193,text,true,,231,158,700,700,http://localhost:8079/?token=518473098&user=-1355039501&config=3,29265,0,0
1777971572460,29394,HTTP Request,200,OK,Tim 1-434,text,true,,231,158,700,700,http://localhost:8079/?token=518473098&user=-1355039501&config=3,29394,0,0
1777971572475,29379,HTTP Request,200,OK,Tim 1-439,text,true,,231,158,700,700,http://localhost:8079/?token=518473098&user=-1355039501&config=3,29379,0,0
1777971572475,29379,HTTP Request,200,OK,Tim 1-440,text,true,,231,158,700,700,http://localhost:8079/?token=518473098&user=-1355039501&config=3,29379,0,0
1777971572460,29394,HTTP Request,200,OK,Tim 1-441,text,true,,231,158,700,700,http://localhost:8079/?token=518473098&user=-1355039501&config=3,29394,0,0
1777971572460,29394,HTTP Request,200,OK,Tim 1-435,text,true,,231,158,700,700,http://localhost:8079/?token=518473098&user=-1355039501&config=3,29394,0,0
1777971572460,29394,HTTP Request,200,OK,Tim 1-436,text,true,,231,158,700,700,http://localhost:8079/?token=518473098&user=-1355039501&config=3,29394,0,0
1777971572475,29379,HTTP Request,200,OK,Tim 1-438,text,true,,231,158,700,700,http://localhost:8079/?token=518473098&user=-1355039501&config=3,29379,0,0
1777971572475,29379,HTTP Request,200,OK,Tim 1-445,text,true,,231,158,700,700,http://localhost:8079/?token=518473098&user=-1355039501&config=3,29379,0,0
1777971572475,29379,HTTP Request,200,OK,Tim 1-446,text,true,,231,158,700,700,http://localhost:8079/?token=518473098&user=-1355039501&config=3,29379,0,0
1777971572475,29379,HTTP Request,200,OK,Tim 1-447,text,true,,231,158,700,700,http://localhost:8079/?token=518473098&user=-1355039501&config=3,29379,0,0
1777971572475,29379,HTTP Request,200,OK,Tim 1-448,text,true,,231,158,700,700,http://localhost:8079/?token=518473098&user=-1355039501&config=3,29379,0,0
1777971572460,29394,HTTP Request,200,OK,Tim 1-442,text,true,,231,158,700,700,http://localhost:8079/?token=518473098&user=-1355039501&config=3,29394,0,0
1777971572475,29379,HTTP Request,200,OK,Tim 1-453,text,true,,231,158,700,700,http://localhost:8079/?token=518473098&user=-1355039501&config=3,29379,0,0
1777971572475,29379,HTTP Request,200,OK,Tim 1-450,text,true,,231,158,700,700,http://localhost:8079/?token=518473098&user=-1355039501&config=3,29379,0,0
1777971572475,29379,HTTP Request,200,OK,Tim 1-454,text,true,,231,158,700,700,http://localhost:8079/?token=518473098&user=-1355039501&config=3,29379,0,0
1777971572474,29380,HTTP Request,200,OK,Tim 1-458,text,true,,231,158,700,700,http://localhost:8079/?token=518473098&user=-1355039501&config=3,29380,0,0
1777971572474,29380,HTTP Request,200,OK,Tim 1-456,text,true,,231,158,700,700,http://localhost:8079/?token=518473098&user=-1355039501&config=3,29380,0,0
1777971572474,29380,HTTP Request,200,OK,Tim 1-459,text,true,,231,158,700,700,http://localhost:8079/?token=518473098&user=-1355039501&config=3,29380,0,0
1777971572474,29380,HTTP Request,200,OK,Tim 1-457,text,true,,231,158,700,700,http://localhost:8079/?token=518473098&user=-1355039501&config=3,29380,0,0
1777971572474,29381,HTTP Request,200,OK,Tim 1-460,text,true,,231,158,700,700,http://localhost:8079/?token=518473098&user=-1355039501&config=3,29381,0,0
1777971572475,29380,HTTP Request,200,OK,Tim 1-461,text,true,,231,158,700,700,http://localhost:8079/?token=518473098&user=-1355039501&config=3,29380,0,0
1777971572474,29381,HTTP Request,200,OK,Tim 1-462,text,true,,231,158,700,700,http://localhost:8079/?token=518473098&user=-1355039501&config=3,29381,0,0
1777971572475,29380,HTTP Request,200,OK,Tim 1-463,text,true,,231,158,700,700,http://localhost:8079/?token=518473098&user=-1355039501&config=3,29380,0,0
1777971572475,29379,HTTP Request,200,OK,Tim 1-444,text,true,,231,158,700,700,http://localhost:8079/?token=518473098&user=-1355039501&config=3,29379,0,0
1777971572475,29379,HTTP Request,200,OK,Tim 1-443,text,true,,231,158,700,700,http://localhost:8079/?token=518473098&user=-1355039501&config=3,29379,0,0
1777971572475,29380,HTTP Request,200,OK,Tim 1-466,text,true,,231,158,700,700,http://localhost:8079/?token=518473098&user=-1355039501&config=3,29380,0,0
1777971572474,29381,HTTP Request,200,OK,Tim 1-474,text,true,,231,158,700,700,http://localhost:8079/?token=518473098&user=-1355039501&config=3,29381,0,0
1777971572474,29381,HTTP Request,200,OK,Tim 1-478,text,true,,231,158,700,700,http://localhost:8079/?token=518473098&user=-1355039501&config=3,29381,0,0
1777971572475,29380,HTTP Request,200,OK,Tim 1-464,text,true,,231,158,700,700,http://localhost:8079/?token=518473098&user=-1355039501&config=3,29380,0,0
1777971572474,29381,HTTP Request,200,OK,Tim 1-484,text,true,,231,158,700,700,http://localhost:8079/?token=518473098&user=-1355039501&config=3,29381,0,0
1777971572474,29381,HTTP Request,200,OK,Tim 1-488,text,true,,231,158,700,700,http://localhost:8079/?token=518473098&user=-1355039501&config=3,29381,0,0
1777971572474,29381,HTTP Request,200,OK,Tim 1-481,text,true,,231,158,700,700,http://localhost:8079/?token=518473098&user=-1355039501&config=3,29381,0,0
1777971572474,29381,HTTP Request,200,OK,Tim 1-486,text,true,,231,158,700,700,http://localhost:8079/?token=518473098&user=-1355039501&config=3,29381,0,0
1777971572474,29381,HTTP Request,200,OK,Tim 1-485,text,true,,231,158,700,700,http://localhost:8079/?token=518473098&user=-1355039501&config=3,29381,0,0
1777971572474,29381,HTTP Request,200,OK,Tim 1-477,text,true,,231,158,700,700,http://localhost:8079/?token=518473098&user=-1355039501&config=3,29381,0,0
1777971572474,29381,HTTP Request,200,OK,Tim 1-465,text,true,,231,158,700,700,http://localhost:8079/?token=518473098&user=-1355039501&config=3,29381,0,0
1777971572474,29381,HTTP Request,200,OK,Tim 1-492,text,true,,231,158,700,700,http://localhost:8079/?token=518473098&user=-1355039501&config=3,29381,0,0
1777971572474,29381,HTTP Request,200,OK,Tim 1-495,text,true,,231,158,700,700,http://localhost:8079/?token=518473098&user=-1355039501&config=3,29381,0,0
1777971572474,29381,HTTP Request,200,OK,Tim 1-493,text,true,,231,158,700,700,http://localhost:8079/?token=518473098&user=-1355039501&config=3,29381,0,0
1777971572474,29381,HTTP Request,200,OK,Tim 1-497,text,true,,231,158,700,700,http://localhost:8079/?token=518473098&user=-1355039501&config=3,29381,0,0
1777971572537,29318,HTTP Request,200,OK,Tim 1-500,text,true,,231,158,700,700,http://localhost:8079/?token=518473098&user=-1355039501&config=3,29318,0,0
1777971572474,29381,HTTP Request,200,OK,Tim 1-491,text,true,,231,158,700,700,http://localhost:8079/?token=518473098&user=-1355039501&config=3,29381,0,0
1777971572537,29318,HTTP Request,200,OK,Tim 1-501,text,true,,231,158,700,700,http://localhost:8079/?token=518473098&user=-1355039501&config=3,29318,0,0
1777971572591,29269,HTTP Request,200,OK,Tim 1-1,text,true,,231,158,700,700,http://localhost:8079/?token=518473098&user=-1355039501&config=3,29269,0,0
1777971572591,29269,HTTP Request,200,OK,Tim 1-3,text,true,,231,158,700,700,http://localhost:8079/?token=518473098&user=-1355039501&config=3,29269,0,0
1777971572588,29272,HTTP Request,200,OK,Tim 1-53,text,true,,231,158,700,700,http://localhost:8079/?token=518473098&user=-1355039501&config=3,29272,0,0
1777971572588,29272,HTTP Request,200,OK,Tim 1-56,text,true,,231,158,700,700,http://localhost:8079/?token=518473098&user=-1355039501&config=3,29272,0,0
1777971572588,29272,HTTP Request,200,OK,Tim 1-57,text,true,,231,158,700,700,http://localhost:8079/?token=518473098&user=-1355039501&config=3,29272,0,0
1777971572588,29272,HTTP Request,200,OK,Tim 1-58,text,true,,231,158,700,700,http://localhost:8079/?token=518473098&user=-1355039501&config=3,29272,0,0
1777971572588,29272,HTTP Request,200,OK,Tim 1-60,text,true,,231,158,700,700,http://localhost:8079/?token=518473098&user=-1355039501&config=3,29272,0,0
1777971572588,29272,HTTP Request,200,OK,Tim 1-59,text,true,,231,158,700,700,http://localhost:8079/?token=518473098&user=-1355039501&config=3,29272,0,0
1777971572588,29272,HTTP Request,200,OK,Tim 1-61,text,true,,231,158,700,700,http://localhost:8079/?token=518473098&user=-1355039501&config=3,29272,0,0
1777971572591,29269,HTTP Request,200,OK,Tim 1-67,text,true,,231,158,700,700,http://localhost:8079/?token=518473098&user=-1355039501&config=3,29269,0,0
1777971572591,29269,HTTP Request,200,OK,Tim 1-68,text,true,,231,158,700,700,http://localhost:8079/?token=518473098&user=-1355039501&config=3,29269,0,0
1777971572591,29269,HTTP Request,200,OK,Tim 1-69,text,true,,231,158,700,700,http://localhost:8079/?token=518473098&user=-1355039501&config=3,29269,0,0
1777971572591,29269,HTTP Request,200,OK,Tim 1-65,text,true,,231,158,700,700,http://localhost:8079/?token=518473098&user=-1355039501&config=3,29269,0,0
1777971572588,29272,HTTP Request,200,OK,Tim 1-62,text,true,,231,158,700,700,http://localhost:8079/?token=518473098&user=-1355039501&config=3,29272,0,0
1777971572591,29269,HTTP Request,200,OK,Tim 1-73,text,true,,231,158,700,700,http://localhost:8079/?token=518473098&user=-1355039501&config=3,29269,0,0
1777971572588,29272,HTTP Request,200,OK,Tim 1-64,text,true,,231,158,700,700,http://localhost:8079/?token=518473098&user=-1355039501&config=3,29272,0,0
1777971572591,29269,HTTP Request,200,OK,Tim 1-63,text,true,,231,158,700,700,http://localhost:8079/?token=518473098&user=-1355039501&config=3,29269,0,0
1777971572588,29272,HTTP Request,200,OK,Tim 1-123,text,true,,231,158,700,700,http://localhost:8079/?token=518473098&user=-1355039501&config=3,29272,0,0
1777971572588,29272,HTTP Request,200,OK,Tim 1-124,text,true,,231,158,700,700,http://localhost:8079/?token=518473098&user=-1355039501&config=3,29272,0,0
1777971572588,29272,HTTP Request,200,OK,Tim 1-126,text,true,,231,158,700,700,http://localhost:8079/?token=518473098&user=-1355039501&config=3,29272,0,0
1777971572589,29272,HTTP Request,200,OK,Tim 1-134,text,true,,231,158,700,700,http://localhost:8079/?token=518473098&user=-1355039501&config=3,29272,0,0
1777971572589,29271,HTTP Request,200,OK,Tim 1-132,text,true,,231,158,700,700,http://localhost:8079/?token=518473098&user=-1355039501&config=3,29271,0,0
1777971572589,29271,HTTP Request,200,OK,Tim 1-133,text,true,,231,158,700,700,http://localhost:8079/?token=518473098&user=-1355039501&config=3,29271,0,0
1777971572588,29273,HTTP Request,200,OK,Tim 1-129,text,true,,231,158,700,700,http://localhost:8079/?token=518473098&user=-1355039501&config=3,29273,0,0
1777971572589,29272,HTTP Request,200,OK,Tim 1-139,text,true,,231,158,700,700,http://localhost:8079/?token=518473098&user=-1355039501&config=3,29272,0,0
1777971572588,29272,HTTP Request,200,OK,Tim 1-128,text,true,,231,158,700,700,http://localhost:8079/?token=518473098&user=-1355039501&config=3,29272,0,0
1777971572588,29272,HTTP Request,200,OK,Tim 1-131,text,true,,231,158,700,700,http://localhost:8079/?token=518473098&user=-1355039501&config=3,29272,0,0
1777971572589,29272,HTTP Request,200,OK,Tim 1-135,text,true,,231,158,700,700,http://localhost:8079/?token=518473098&user=-1355039501&config=3,29272,0,0
1777971572589,29271,HTTP Request,200,OK,Tim 1-130,text,true,,231,158,700,700,http://localhost:8079/?token=518473098&user=-1355039501&config=3,29271,0,0
1777971572588,29272,HTTP Request,200,OK,Tim 1-125,text,true,,231,158,700,700,http://localhost:8079/?token=518473098&user=-1355039501&config=3,29272,0,0
1777971572589,29272,HTTP Request,200,OK,Tim 1-195,text,true,,231,158,700,700,http://localhost:8079/?token=518473098&user=-1355039501&config=3,29272,0,0
1777971572589,29272,HTTP Request,200,OK,Tim 1-192,text,true,,231,158,700,700,http://localhost:8079/?token=518473098&user=-1355039501&config=3,29272,0,0
1777971572589,29272,HTTP Request,200,OK,Tim 1-198,text,true,,231,158,700,700,http://localhost:8079/?token=518473098&user=-1355039501&config=3,29272,0,0
1777971572589,29272,HTTP Request,200,OK,Tim 1-200,text,true,,231,158,700,700,http://localhost:8079/?token=518473098&user=-1355039501&config=3,29272,0,0
1777971572589,29272,HTTP Request,200,OK,Tim 1-196,text,true,,231,158,700,700,http://localhost:8079/?token=518473098&user=-1355039501&config=3,29272,0,0
1777971572589,29272,HTTP Request,200,OK,Tim 1-197,text,true,,231,158,700,700,http://localhost:8079/?token=518473098&user=-1355039501&config=3,29272,0,0
1777971572589,29272,HTTP Request,200,OK,Tim 1-199,text,true,,231,158,700,700,http://localhost:8079/?token=518473098&user=-1355039501&config=3,29272,0,0
1777971572589,29272,HTTP Request,200,OK,Tim 1-194,text,true,,231,158,700,700,http://localhost:8079/?token=518473098&user=-1355039501&config=3,29272,0,0
1777971572589,29272,HTTP Request,200,OK,Tim 1-201,text,true,,231,158,700,700,http://localhost:8079/?token=518473098&user=-1355039501&config=3,29272,0,0
1777971572589,29272,HTTP Request,200,OK,Tim 1-202,text,true,,231,158,700,700,http://localhost:8079/?token=518473098&user=-1355039501&config=3,29272,0,0
1777971572589,29272,HTTP Request,200,OK,Tim 1-203,text,true,,231,158,700,700,http://localhost:8079/?token=518473098&user=-1355039501&config=3,29272,0,0
1777971572591,29270,HTTP Request,200,OK,Tim 1-205,text,true,,231,158,700,700,http://localhost:8079/?token=518473098&user=-1355039501&config=3,29270,0,0
1777971572591,29270,HTTP Request,200,OK,Tim 1-211,text,true,,231,158,700,700,http://localhost:8079/?token=518473098&user=-1355039501&config=3,29270,0,0
1777971572591,29270,HTTP Request,200,OK,Tim 1-208,text,true,,231,158,700,700,http://localhost:8079/?token=518473098&user=-1355039501&config=3,29270,0,0
1777971572589,29272,HTTP Request,200,OK,Tim 1-502,text,true,,231,158,700,700,http://localhost:8079/?token=518473098&user=-1355039501&config=3,29272,0,0
1777971572589,29272,HTTP Request,200,OK,Tim 1-503,text,true,,231,158,700,700,http://localhost:8079/?token=518473098&user=-1355039501&config=3,29272,0,0
1777971572590,29271,HTTP Request,200,OK,Tim 1-504,text,true,,231,158,700,700,http://localhost:8079/?token=518473098&user=-1355039501&config=3,29271,0,0
1777971572590,29271,HTTP Request,200,OK,Tim 1-505,text,true,,231,158,700,700,http://localhost:8079/?token=518473098&user=-1355039501&config=3,29271,0,0
1777971572592,29269,HTTP Request,200,OK,Tim 1-508,text,true,,231,158,700,700,http://localhost:8079/?token=518473098&user=-1355039501&config=3,29269,0,0
1777971572592,29269,HTTP Request,200,OK,Tim 1-511,text,true,,231,158,700,700,http://localhost:8079/?token=518473098&user=-1355039501&config=3,29269,0,0
1777971572591,29282,HTTP Request,200,OK,Tim 1-2,text,true,,231,158,700,700,http://localhost:8079/?token=518473098&user=-1355039501&config=3,29282,0,0
1777971572591,29282,HTTP Request,200,OK,Tim 1-66,text,true,,231,158,700,700,http://localhost:8079/?token=518473098&user=-1355039501&config=3,29282,0,0
1777971572591,29282,HTTP Request,200,OK,Tim 1-70,text,true,,231,158,700,700,http://localhost:8079/?token=518473098&user=-1355039501&config=3,29282,0,0
1777971572591,29282,HTTP Request,200,OK,Tim 1-141,text,true,,231,158,700,700,http://localhost:8079/?token=518473098&user=-1355039501&config=3,29282,0,0
1777971572591,29282,HTTP Request,200,OK,Tim 1-140,text,true,,231,158,700,700,http://localhost:8079/?token=518473098&user=-1355039501&config=3,29282,0,0
1777971572591,29282,HTTP Request,200,OK,Tim 1-71,text,true,,231,158,700,700,http://localhost:8079/?token=518473098&user=-1355039501&config=3,29282,0,0
1777971572591,29282,HTTP Request,200,OK,Tim 1-72,text,true,,231,158,700,700,http://localhost:8079/?token=518473098&user=-1355039501&config=3,29282,0,0
1777971572591,29282,HTTP Request,200,OK,Tim 1-138,text,true,,231,158,700,700,http://localhost:8079/?token=518473098&user=-1355039501&config=3,29282,0,0
1777971572591,29282,HTTP Request,200,OK,Tim 1-142,text,true,,231,158,700,700,http://localhost:8079/?token=518473098&user=-1355039501&config=3,29282,0,0
1777971572591,29282,HTTP Request,200,OK,Tim 1-137,text,true,,231,158,700,700,http://localhost:8079/?token=518473098&user=-1355039501&config=3,29282,0,0
1777971572591,29282,HTTP Request,200,OK,Tim 1-136,text,true,,231,158,700,700,http://localhost:8079/?token=518473098&user=-1355039501&config=3,29282,0,0
1777971572591,29282,HTTP Request,200,OK,Tim 1-204,text,true,,231,158,700,700,http://localhost:8079/?token=518473098&user=-1355039501&config=3,29282,0,0
1777971572591,29282,HTTP Request,200,OK,Tim 1-206,text,true,,231,158,700,700,http://localhost:8079/?token=518473098&user=-1355039501&config=3,29282,0,0
1777971572591,29282,HTTP Request,200,OK,Tim 1-207,text,true,,231,158,700,700,http://localhost:8079/?token=518473098&user=-1355039501&config=3,29282,0,0
1777971572591,29282,HTTP Request,200,OK,Tim 1-212,text,true,,231,158,700,700,http://localhost:8079/?token=518473098&user=-1355039501&config=3,29282,0,0
1777971572591,29282,HTTP Request,200,OK,Tim 1-209,text,true,,231,158,700,700,http://localhost:8079/?token=518473098&user=-1355039501&config=3,29282,0,0
1777971572591,29282,HTTP Request,200,OK,Tim 1-210,text,true,,231,158,700,700,http://localhost:8079/?token=518473098&user=-1355039501&config=3,29282,0,0
1777971572592,29281,HTTP Request,200,OK,Tim 1-507,text,true,,231,158,700,700,http://localhost:8079/?token=518473098&user=-1355039501&config=3,29281,0,0
1777971572591,29282,HTTP Request,200,OK,Tim 1-506,text,true,,231,158,700,700,http://localhost:8079/?token=518473098&user=-1355039501&config=3,29282,0,0
1777971572592,29281,HTTP Request,200,OK,Tim 1-512,text,true,,231,158,700,700,http://localhost:8079/?token=518473098&user=-1355039501&config=3,29281,0,0
1777971572593,29280,HTTP Request,200,OK,Tim 1-514,text,true,,231,158,700,700,http://localhost:8079/?token=518473098&user=-1355039501&config=3,29280,0,0
1777971572593,29280,HTTP Request,200,OK,Tim 1-520,text,true,,231,158,700,700,http://localhost:8079/?token=518473098&user=-1355039501&config=3,29280,0,0
1777971572593,29280,HTTP Request,200,OK,Tim 1-519,text,true,,231,158,700,700,http://localhost:8079/?token=518473098&user=-1355039501&config=3,29280,0,0
1777971572591,29282,HTTP Request,200,OK,Tim 1-509,text,true,,231,158,700,700,http://localhost:8079/?token=518473098&user=-1355039501&config=3,29282,0,0
1777971572593,29280,HTTP Request,200,OK,Tim 1-522,text,true,,231,158,700,700,http://localhost:8079/?token=518473098&user=-1355039501&config=3,29280,0,0
1777971572593,29280,HTTP Request,200,OK,Tim 1-516,text,true,,231,158,700,700,http://localhost:8079/?token=518473098&user=-1355039501&config=3,29280,0,0
1777971572592,29281,HTTP Request,200,OK,Tim 1-513,text,true,,231,158,700,700,http://localhost:8079/?token=518473098&user=-1355039501&config=3,29281,0,0
1777971572593,29280,HTTP Request,200,OK,Tim 1-515,text,true,,231,158,700,700,http://localhost:8079/?token=518473098&user=-1355039501&config=3,29280,0,0
1777971572593,29280,HTTP Request,200,OK,Tim 1-518,text,true,,231,158,700,700,http://localhost:8079/?token=518473098&user=-1355039501&config=3,29280,0,0
1777971572593,29280,HTTP Request,200,OK,Tim 1-521,text,true,,231,158,700,700,http://localhost:8079/?token=518473098&user=-1355039501&config=3,29280,0,0
1777971572591,29282,HTTP Request,200,OK,Tim 1-510,text,true,,231,158,700,700,http://localhost:8079/?token=518473098&user=-1355039501&config=3,29282,0,0
1777971572593,29281,HTTP Request,200,OK,Tim 1-523,text,true,,231,158,700,700,http://localhost:8079/?token=518473098&user=-1355039501&config=3,29281,0,0
1777971572594,29280,HTTP Request,200,OK,Tim 1-525,text,true,,231,158,700,700,http://localhost:8079/?token=518473098&user=-1355039501&config=3,29280,0,0
1777971572593,29281,HTTP Request,200,OK,Tim 1-524,text,true,,231,158,700,700,http://localhost:8079/?token=518473098&user=-1355039501&config=3,29281,0,0
1777971572594,29280,HTTP Request,200,OK,Tim 1-526,text,true,,231,158,700,700,http://localhost:8079/?token=518473098&user=-1355039501&config=3,29280,0,0
1777971572593,29281,HTTP Request,200,OK,Tim 1-527,text,true,,231,158,700,700,http://localhost:8079/?token=518473098&user=-1355039501&config=3,29281,0,0
1777971572593,29280,HTTP Request,200,OK,Tim 1-517,text,true,,231,158,700,700,http://localhost:8079/?token=518473098&user=-1355039501&config=3,29280,0,0
1777971572593,29281,HTTP Request,200,OK,Tim 1-530,text,true,,231,158,700,700,http://localhost:8079/?token=518473098&user=-1355039501&config=3,29281,0,0
1777971572593,29281,HTTP Request,200,OK,Tim 1-528,text,true,,231,158,700,700,http://localhost:8079/?token=518473098&user=-1355039501&config=3,29281,0,0
1777971572594,29280,HTTP Request,200,OK,Tim 1-531,text,true,,231,158,700,700,http://localhost:8079/?token=518473098&user=-1355039501&config=3,29280,0,0
1777971572593,29281,HTTP Request,200,OK,Tim 1-529,text,true,,231,158,700,700,http://localhost:8079/?token=518473098&user=-1355039501&config=3,29281,0,0
1777971572593,29281,HTTP Request,200,OK,Tim 1-532,text,true,,231,158,700,700,http://localhost:8079/?token=518473098&user=-1355039501&config=3,29281,0,0
1777971572593,29281,HTTP Request,200,OK,Tim 1-535,text,true,,231,158,700,700,http://localhost:8079/?token=518473098&user=-1355039501&config=3,29281,0,0
1777971572593,29281,HTTP Request,200,OK,Tim 1-534,text,true,,231,158,700,700,http://localhost:8079/?token=518473098&user=-1355039501&config=3,29281,0,0
1777971572593,29281,HTTP Request,200,OK,Tim 1-536,text,true,,231,158,700,700,http://localhost:8079/?token=518473098&user=-1355039501&config=3,29281,0,0
1777971572593,29281,HTTP Request,200,OK,Tim 1-537,text,true,,231,158,700,700,http://localhost:8079/?token=518473098&user=-1355039501&config=3,29281,0,0
1777971572593,29281,HTTP Request,200,OK,Tim 1-533,text,true,,231,158,700,700,http://localhost:8079/?token=518473098&user=-1355039501&config=3,29281,0,0
1777971572594,29280,HTTP Request,200,OK,Tim 1-538,text,true,,231,158,700,700,http://localhost:8079/?token=518473098&user=-1355039501&config=3,29280,0,0
1777971572594,29280,HTTP Request,200,OK,Tim 1-539,text,true,,231,158,700,700,http://localhost:8079/?token=518473098&user=-1355039501&config=3,29280,0,0
1777971572594,29280,HTTP Request,200,OK,Tim 1-541,text,true,,231,158,700,700,http://localhost:8079/?token=518473098&user=-1355039501&config=3,29280,0,0
1777971572594,29280,HTTP Request,200,OK,Tim 1-542,text,true,,231,158,700,700,http://localhost:8079/?token=518473098&user=-1355039501&config=3,29280,0,0
1777971572594,29280,HTTP Request,200,OK,Tim 1-540,text,true,,231,158,700,700,http://localhost:8079/?token=518473098&user=-1355039501&config=3,29280,0,0
1777971572594,29280,HTTP Request,200,OK,Tim 1-543,text,true,,231,158,700,700,http://localhost:8079/?token=518473098&user=-1355039501&config=3,29280,0,0
1777971572594,29280,HTTP Request,200,OK,Tim 1-544,text,true,,231,158,700,700,http://localhost:8079/?token=518473098&user=-1355039501&config=3,29280,0,0
1777971572605,29269,HTTP Request,200,OK,Tim 1-545,text,true,,231,158,700,700,http://localhost:8079/?token=518473098&user=-1355039501&config=3,29269,0,0
1777971572605,29269,HTTP Request,200,OK,Tim 1-546,text,true,,231,158,700,700,http://localhost:8079/?token=518473098&user=-1355039501&config=3,29269,0,0
1777971572605,29269,HTTP Request,200,OK,Tim 1-547,text,true,,231,158,700,700,http://localhost:8079/?token=518473098&user=-1355039501&config=3,29269,0,0
1777971572605,29269,HTTP Request,200,OK,Tim 1-548,text,true,,231,158,700,700,http://localhost:8079/?token=518473098&user=-1355039501&config=3,29269,0,0
1777971572605,29269,HTTP Request,200,OK,Tim 1-551,text,true,,231,158,700,700,http://localhost:8079/?token=518473098&user=-1355039501&config=3,29269,0,0
1777971572605,29269,HTTP Request,200,OK,Tim 1-554,text,true,,231,158,700,700,http://localhost:8079/?token=518473098&user=-1355039501&config=3,29269,0,0
1777971572605,29269,HTTP Request,200,OK,Tim 1-553,text,true,,231,158,700,700,http://localhost:8079/?token=518473098&user=-1355039501&config=3,29269,0,0
1777971572605,29269,HTTP Request,200,OK,Tim 1-561,text,true,,231,158,700,700,http://localhost:8079/?token=518473098&user=-1355039501&config=3,29269,0,0
1777971572605,29269,HTTP Request,200,OK,Tim 1-557,text,true,,231,158,700,700,http://localhost:8079/?token=518473098&user=-1355039501&config=3,29269,0,0
1777971572605,29269,HTTP Request,200,OK,Tim 1-568,text,true,,231,158,700,700,http://localhost:8079/?token=518473098&user=-1355039501&config=3,29269,0,0
1777971572606,29268,HTTP Request,200,OK,Tim 1-571,text,true,,231,158,700,700,http://localhost:8079/?token=518473098&user=-1355039501&config=3,29268,0,0
1777971576637,25379,HTTP Request,200,OK,Tim 1-18,text,true,,231,158,700,700,http://localhost:8079/?token=518473098&user=-1355039501&config=3,25379,0,0
1777971576637,25379,HTTP Request,200,OK,Tim 1-20,text,true,,231,158,700,700,http://localhost:8079/?token=518473098&user=-1355039501&config=3,25379,0,0
1777971576642,25374,HTTP Request,200,OK,Tim 1-156,text,true,,231,158,700,700,http://localhost:8079/?token=518473098&user=-1355039501&config=3,25374,0,0
1777971576637,25379,HTTP Request,200,OK,Tim 1-160,text,true,,231,158,700,700,http://localhost:8079/?token=518473098&user=-1355039501&config=3,25379,0,0
1777971576637,25379,HTTP Request,200,OK,Tim 1-90,text,true,,231,158,700,700,http://localhost:8079/?token=518473098&user=-1355039501&config=3,25379,0,0
1777971576637,25379,HTTP Request,200,OK,Tim 1-93,text,true,,231,158,700,700,http://localhost:8079/?token=518473098&user=-1355039501&config=3,25379,0,0
1777971576637,25379,HTTP Request,200,OK,Tim 1-227,text,true,,231,158,700,700,http://localhost:8079/?token=518473098&user=-1355039501&config=3,25379,0,0
1777971576633,25383,HTTP Request,200,OK,Tim 1-162,text,true,,231,158,700,700,http://localhost:8079/?token=518473098&user=-1355039501&config=3,25383,0,0
1777971576633,25383,HTTP Request,200,OK,Tim 1-229,text,true,,231,158,700,700,http://localhost:8079/?token=518473098&user=-1355039501&config=3,25383,0,0
1777971576637,25379,HTTP Request,200,OK,Tim 1-159,text,true,,231,158,700,700,http://localhost:8079/?token=518473098&user=-1355039501&config=3,25379,0,0
1777971576637,25379,HTTP Request,200,OK,Tim 1-161,text,true,,231,158,700,700,http://localhost:8079/?token=518473098&user=-1355039501&config=3,25379,0,0
1777971576633,25383,HTTP Request,200,OK,Tim 1-226,text,true,,231,158,700,700,http://localhost:8079/?token=518473098&user=-1355039501&config=3,25383,0,0
1777971576642,25374,HTTP Request,200,OK,Tim 1-228,text,true,,231,158,700,700,http://localhost:8079/?token=518473098&user=-1355039501&config=3,25374,0,0
1777971576633,25383,HTTP Request,200,OK,Tim 1-158,text,true,,231,158,700,700,http://localhost:8079/?token=518473098&user=-1355039501&config=3,25383,0,0
1777971576637,25379,HTTP Request,200,OK,Tim 1-92,text,true,,231,158,700,700,http://localhost:8079/?token=518473098&user=-1355039501&config=3,25379,0,0
1777971576637,25379,HTTP Request,200,OK,Tim 1-91,text,true,,231,158,700,700,http://localhost:8079/?token=518473098&user=-1355039501&config=3,25379,0,0
1777971576633,25383,HTTP Request,200,OK,Tim 1-157,text,true,,231,158,700,700,http://localhost:8079/?token=518473098&user=-1355039501&config=3,25383,0,0
1777971576633,25383,HTTP Request,200,OK,Tim 1-89,text,true,,231,158,700,700,http://localhost:8079/?token=518473098&user=-1355039501&config=3,25383,0,0
1777971576633,25383,HTTP Request,200,OK,Tim 1-230,text,true,,231,158,700,700,http://localhost:8079/?token=518473098&user=-1355039501&config=3,25383,0,0
1777971576642,25374,HTTP Request,200,OK,Tim 1-231,text,true,,231,158,700,700,http://localhost:8079/?token=518473098&user=-1355039501&config=3,25374,0,0
1777971579098,22919,HTTP Request,500,Internal Server Error,Tim 1-269,text,false,,233,158,700,700,http://localhost:8079/?token=518473098&user=-1355039501&config=3,22919,0,0
1777971576633,25384,HTTP Request,200,OK,Tim 1-232,text,true,,231,158,700,700,http://localhost:8079/?token=518473098&user=-1355039501&config=3,25384,0,0
1777971579099,22918,HTTP Request,500,Internal Server Error,Tim 1-310,text,false,,233,158,700,700,http://localhost:8079/?token=518473098&user=-1355039501&config=3,22918,0,0
1777971579099,22918,HTTP Request,500,Internal Server Error,Tim 1-311,text,false,,233,158,700,700,http://localhost:8079/?token=518473098&user=-1355039501&config=3,22918,0,0
1777971579099,22918,HTTP Request,500,Internal Server Error,Tim 1-305,text,false,,233,158,700,700,http://localhost:8079/?token=518473098&user=-1355039501&config=3,22918,0,0
1777971579099,22918,HTTP Request,500,Internal Server Error,Tim 1-318,text,false,,233,158,700,700,http://localhost:8079/?token=518473098&user=-1355039501&config=3,22918,0,0
1777971579099,22918,HTTP Request,500,Internal Server Error,Tim 1-320,text,false,,233,158,700,700,http://localhost:8079/?token=518473098&user=-1355039501&config=3,22918,0,0
1777971579099,22918,HTTP Request,500,Internal Server Error,Tim 1-329,text,false,,233,158,700,700,http://localhost:8079/?token=518473098&user=-1355039501&config=3,22918,0,0
1777971579099,22918,HTTP Request,500,Internal Server Error,Tim 1-327,text,false,,233,158,700,700,http://localhost:8079/?token=518473098&user=-1355039501&config=3,22918,0,0
1777971579099,22918,HTTP Request,500,Internal Server Error,Tim 1-333,text,false,,233,158,700,700,http://localhost:8079/?token=518473098&user=-1355039501&config=3,22918,0,0
1777971579099,22918,HTTP Request,500,Internal Server Error,Tim 1-337,text,false,,233,158,700,700,http://localhost:8079/?token=518473098&user=-1355039501&config=3,22918,0,0
1777971579099,22918,HTTP Request,500,Internal Server Error,Tim 1-312,text,false,,233,158,700,700,http://localhost:8079/?token=518473098&user=-1355039501&config=3,22918,0,0
1777971579099,22918,HTTP Request,500,Internal Server Error,Tim 1-322,text,false,,233,158,700,700,http://localhost:8079/?token=518473098&user=-1355039501&config=3,22918,0,0
1777971579099,22918,HTTP Request,500,Internal Server Error,Tim 1-339,text,false,,233,158,700,700,http://localhost:8079/?token=518473098&user=-1355039501&config=3,22918,0,0
1777971579099,22918,HTTP Request,500,Internal Server Error,Tim 1-340,text,false,,233,158,700,700,http://localhost:8079/?token=518473098&user=-1355039501&config=3,22918,0,0
1777971579100,22917,HTTP Request,500,Internal Server Error,Tim 1-351,text,false,,233,158,700,700,http://localhost:8079/?token=518473098&user=-1355039501&config=3,22917,0,0
1777971579099,22918,HTTP Request,500,Internal Server Error,Tim 1-346,text,false,,233,158,700,700,http://localhost:8079/?token=518473098&user=-1355039501&config=3,22918,0,0
1777971579099,22918,HTTP Request,500,Internal Server Error,Tim 1-341,text,false,,233,158,700,700,http://localhost:8079/?token=518473098&user=-1355039501&config=3,22918,0,0
1777971579099,22918,HTTP Request,500,Internal Server Error,Tim 1-344,text,false,,233,158,700,700,http://localhost:8079/?token=518473098&user=-1355039501&config=3,22918,0,0
1777971579100,22917,HTTP Request,500,Internal Server Error,Tim 1-360,text,false,,233,158,700,700,http://localhost:8079/?token=518473098&user=-1355039501&config=3,22917,0,0
1777971579100,22917,HTTP Request,500,Internal Server Error,Tim 1-356,text,false,,233,158,700,700,http://localhost:8079/?token=518473098&user=-1355039501&config=3,22917,0,0
1777971579100,22917,HTTP Request,500,Internal Server Error,Tim 1-361,text,false,,233,158,700,700,http://localhost:8079/?token=518473098&user=-1355039501&config=3,22917,0,0
1777971579099,22918,HTTP Request,500,Internal Server Error,Tim 1-343,text,false,,233,158,700,700,http://localhost:8079/?token=518473098&user=-1355039501&config=3,22918,0,0
1777971579099,22918,HTTP Request,500,Internal Server Error,Tim 1-342,text,false,,233,158,700,700,http://localhost:8079/?token=518473098&user=-1355039501&config=3,22918,0,0
1777971579099,22918,HTTP Request,500,Internal Server Error,Tim 1-359,text,false,,233,158,700,700,http://localhost:8079/?token=518473098&user=-1355039501&config=3,22918,0,0
1777971579100,22917,HTTP Request,500,Internal Server Error,Tim 1-367,text,false,,233,158,700,700,http://localhost:8079/?token=518473098&user=-1355039501&config=3,22917,0,0
1777971579100,22917,HTTP Request,500,Internal Server Error,Tim 1-368,text,false,,233,158,700,700,http://localhost:8079/?token=518473098&user=-1355039501&config=3,22917,0,0
1777971579100,22917,HTTP Request,500,Internal Server Error,Tim 1-366,text,false,,233,158,700,700,http://localhost:8079/?token=518473098&user=-1355039501&config=3,22917,0,0
1777971576642,25375,HTTP Request,200,OK,Tim 1-627,text,true,,231,158,700,700,http://localhost:8079/?token=518473098&user=-1355039501&config=3,25375,0,0
1777971579100,22917,HTTP Request,500,Internal Server Error,Tim 1-357,text,false,,233,158,700,700,http://localhost:8079/?token=518473098&user=-1355039501&config=3,22917,0,0
1777971579100,22917,HTTP Request,500,Internal Server Error,Tim 1-365,text,false,,233,158,700,700,http://localhost:8079/?token=518473098&user=-1355039501&config=3,22917,0,0
1777971576642,25375,HTTP Request,200,OK,Tim 1-629,text,true,,231,158,700,700,http://localhost:8079/?token=518473098&user=-1355039501&config=3,25375,0,0
1777971579100,22917,HTTP Request,500,Internal Server Error,Tim 1-358,text,false,,233,158,700,700,http://localhost:8079/?token=518473098&user=-1355039501&config=3,22917,0,0
1777971572605,29413,HTTP Request,200,OK,Tim 1-569,text,true,,231,158,700,700,http://localhost:8079/?token=518473098&user=-1355039501&config=3,29413,0,0
1777971572606,29412,HTTP Request,200,OK,Tim 1-578,text,true,,231,158,700,700,http://localhost:8079/?token=518473098&user=-1355039501&config=3,29412,0,0
1777971576634,25384,HTTP Request,200,OK,Tim 1-624,text,true,,231,158,700,700,http://localhost:8079/?token=518473098&user=-1355039501&config=3,25384,0,0
1777971572605,29413,HTTP Request,200,OK,Tim 1-555,text,true,,231,158,700,700,http://localhost:8079/?token=518473098&user=-1355039501&config=3,29413,0,0
1777971576642,25376,HTTP Request,200,OK,Tim 1-377,text,true,,231,158,700,700,http://localhost:8079/?token=518473098&user=-1355039501&config=3,25376,0,0
1777971572606,29412,HTTP Request,200,OK,Tim 1-573,text,true,,231,158,700,700,http://localhost:8079/?token=518473098&user=-1355039501&config=3,29412,0,0
1777971576642,25376,HTTP Request,200,OK,Tim 1-385,text,true,,231,158,700,700,http://localhost:8079/?token=518473098&user=-1355039501&config=3,25376,0,0
1777971576642,25376,HTTP Request,200,OK,Tim 1-382,text,true,,231,158,700,700,http://localhost:8079/?token=518473098&user=-1355039501&config=3,25376,0,0
1777971572606,29412,HTTP Request,200,OK,Tim 1-579,text,true,,231,158,700,700,http://localhost:8079/?token=518473098&user=-1355039501&config=3,29412,0,0
1777971576637,25381,HTTP Request,200,OK,Tim 1-625,text,true,,231,158,700,700,http://localhost:8079/?token=518473098&user=-1355039501&config=3,25381,0,0
1777971576642,25376,HTTP Request,200,OK,Tim 1-369,text,true,,231,158,700,700,http://localhost:8079/?token=518473098&user=-1355039501&config=3,25376,0,0
1777971572606,29412,HTTP Request,200,OK,Tim 1-582,text,true,,231,158,700,700,http://localhost:8079/?token=518473098&user=-1355039501&config=3,29412,0,0
1777971576634,25384,HTTP Request,200,OK,Tim 1-334,text,true,,231,158,700,700,http://localhost:8079/?token=518473098&user=-1355039501&config=3,25384,0,0
1777971576642,25376,HTTP Request,200,OK,Tim 1-371,text,true,,231,158,700,700,http://localhost:8079/?token=518473098&user=-1355039501&config=3,25376,0,0
1777971576642,25376,HTTP Request,200,OK,Tim 1-375,text,true,,231,158,700,700,http://localhost:8079/?token=518473098&user=-1355039501&config=3,25376,0,0
1777971576642,25376,HTTP Request,200,OK,Tim 1-373,text,true,,231,158,700,700,http://localhost:8079/?token=518473098&user=-1355039501&config=3,25376,0,0
1777971576642,25376,HTTP Request,200,OK,Tim 1-376,text,true,,231,158,700,700,http://localhost:8079/?token=518473098&user=-1355039501&config=3,25376,0,0
1777971576642,25376,HTTP Request,200,OK,Tim 1-372,text,true,,231,158,700,700,http://localhost:8079/?token=518473098&user=-1355039501&config=3,25376,0,0
1777971576642,25376,HTTP Request,200,OK,Tim 1-370,text,true,,231,158,700,700,http://localhost:8079/?token=518473098&user=-1355039501&config=3,25376,0,0
1777971576642,25376,HTTP Request,200,OK,Tim 1-386,text,true,,231,158,700,700,http://localhost:8079/?token=518473098&user=-1355039501&config=3,25376,0,0
1777971576642,25376,HTTP Request,200,OK,Tim 1-389,text,true,,231,158,700,700,http://localhost:8079/?token=518473098&user=-1355039501&config=3,25376,0,0
1777971576642,25376,HTTP Request,200,OK,Tim 1-388,text,true,,231,158,700,700,http://localhost:8079/?token=518473098&user=-1355039501&config=3,25376,0,0
1777971576642,25376,HTTP Request,200,OK,Tim 1-379,text,true,,231,158,700,700,http://localhost:8079/?token=518473098&user=-1355039501&config=3,25376,0,0
1777971576642,25376,HTTP Request,200,OK,Tim 1-381,text,true,,231,158,700,700,http://localhost:8079/?token=518473098&user=-1355039501&config=3,25376,0,0
1777971576642,25376,HTTP Request,200,OK,Tim 1-392,text,true,,231,158,700,700,http://localhost:8079/?token=518473098&user=-1355039501&config=3,25376,0,0
1777971576642,25376,HTTP Request,200,OK,Tim 1-393,text,true,,231,158,700,700,http://localhost:8079/?token=518473098&user=-1355039501&config=3,25376,0,0
1777971576642,25376,HTTP Request,200,OK,Tim 1-394,text,true,,231,158,700,700,http://localhost:8079/?token=518473098&user=-1355039501&config=3,25376,0,0
1777971579096,22922,HTTP Request,500,Internal Server Error,Tim 1-700,text,false,,233,158,700,700,http://localhost:8079/?token=518473098&user=-1355039501&config=3,22922,0,0
1777971579094,25143,HTTP Request,200,OK,Tim 1-24,text,true,,231,158,700,700,http://localhost:8079/?token=518473098&user=-1355039501&config=3,25143,0,0
1777971579094,25143,HTTP Request,200,OK,Tim 1-29,text,true,,231,158,700,700,http://localhost:8079/?token=518473098&user=-1355039501&config=3,25143,0,0
1777971579094,25143,HTTP Request,200,OK,Tim 1-94,text,true,,231,158,700,700,http://localhost:8079/?token=518473098&user=-1355039501&config=3,25143,0,0
1777971579098,25139,HTTP Request,200,OK,Tim 1-164,text,true,,231,158,700,700,http://localhost:8079/?token=518473098&user=-1355039501&config=3,25139,0,0
1777971579094,25143,HTTP Request,200,OK,Tim 1-26,text,true,,231,158,700,700,http://localhost:8079/?token=518473098&user=-1355039501&config=3,25143,0,0
1777971590958,13279,HTTP Request,200,OK,Tim 1-634,text,true,,231,158,700,700,http://localhost:8079/?token=518473098&user=-1355039501&config=3,13279,0,0
1777971579098,25139,HTTP Request,200,OK,Tim 1-165,text,true,,231,158,700,700,http://localhost:8079/?token=518473098&user=-1355039501&config=3,25139,0,0
1777971579094,25143,HTTP Request,200,OK,Tim 1-25,text,true,,231,158,700,700,http://localhost:8079/?token=518473098&user=-1355039501&config=3,25143,0,0
1777971579094,25143,HTTP Request,200,OK,Tim 1-28,text,true,,231,158,700,700,http://localhost:8079/?token=518473098&user=-1355039501&config=3,25143,0,0
1777971579090,25147,HTTP Request,200,OK,Tim 1-656,text,true,,231,158,700,700,http://localhost:8079/?token=518473098&user=-1355039501&config=3,25147,0,0
1777971579094,25143,HTTP Request,200,OK,Tim 1-27,text,true,,231,158,700,700,http://localhost:8079/?token=518473098&user=-1355039501&config=3,25143,0,0
1777971579094,25143,HTTP Request,200,OK,Tim 1-168,text,true,,231,158,700,700,http://localhost:8079/?token=518473098&user=-1355039501&config=3,25143,0,0
1777971579094,25143,HTTP Request,200,OK,Tim 1-166,text,true,,231,158,700,700,http://localhost:8079/?token=518473098&user=-1355039501&config=3,25143,0,0
1777971579094,25143,HTTP Request,200,OK,Tim 1-95,text,true,,231,158,700,700,http://localhost:8079/?token=518473098&user=-1355039501&config=3,25143,0,0
1777971579090,25147,HTTP Request,200,OK,Tim 1-655,text,true,,231,158,700,700,http://localhost:8079/?token=518473098&user=-1355039501&config=3,25147,0,0
1777971579094,25143,HTTP Request,200,OK,Tim 1-98,text,true,,231,158,700,700,http://localhost:8079/?token=518473098&user=-1355039501&config=3,25143,0,0
1777971579094,25143,HTTP Request,200,OK,Tim 1-97,text,true,,231,158,700,700,http://localhost:8079/?token=518473098&user=-1355039501&config=3,25143,0,0
1777971579094,25143,HTTP Request,200,OK,Tim 1-96,text,true,,231,158,700,700,http://localhost:8079/?token=518473098&user=-1355039501&config=3,25143,0,0
1777971579094,25143,HTTP Request,200,OK,Tim 1-163,text,true,,231,158,700,700,http://localhost:8079/?token=518473098&user=-1355039501&config=3,25143,0,0
1777971590959,13278,HTTP Request,200,OK,Tim 1-570,text,true,,231,158,700,700,http://localhost:8079/?token=518473098&user=-1355039501&config=3,13278,0,0
1777971590674,13563,HTTP Request,200,OK,Tim 1-81,text,true,,231,158,700,700,http://localhost:8079/?token=518473098&user=-1355039501&config=3,13563,0,0
1777971590959,13278,HTTP Request,200,OK,Tim 1-583,text,true,,231,158,700,700,http://localhost:8079/?token=518473098&user=-1355039501&config=3,13278,0,0
1777971590674,13564,HTTP Request,200,OK,Tim 1-86,text,true,,231,158,700,700,http://localhost:8079/?token=518473098&user=-1355039501&config=3,13564,0,0
1777971579094,25143,HTTP Request,200,OK,Tim 1-167,text,true,,231,158,700,700,http://localhost:8079/?token=518473098&user=-1355039501&config=3,25143,0,0
1777971590674,13564,HTTP Request,200,OK,Tim 1-83,text,true,,231,158,700,700,http://localhost:8079/?token=518473098&user=-1355039501&config=3,13564,0,0
1777971590959,13279,HTTP Request,200,OK,Tim 1-566,text,true,,231,158,700,700,http://localhost:8079/?token=518473098&user=-1355039501&config=3,13279,0,0
1777971590674,13564,HTTP Request,200,OK,Tim 1-150,text,true,,231,158,700,700,http://localhost:8079/?token=518473098&user=-1355039501&config=3,13564,0,0
1777971590959,13279,HTTP Request,200,OK,Tim 1-565,text,true,,231,158,700,700,http://localhost:8079/?token=518473098&user=-1355039501&config=3,13279,0,0
1777971590674,13564,HTTP Request,200,OK,Tim 1-84,text,true,,231,158,700,700,http://localhost:8079/?token=518473098&user=-1355039501&config=3,13564,0,0
1777971590674,13564,HTTP Request,200,OK,Tim 1-151,text,true,,231,158,700,700,http://localhost:8079/?token=518473098&user=-1355039501&config=3,13564,0,0
1777971590674,13564,HTTP Request,200,OK,Tim 1-82,text,true,,231,158,700,700,http://localhost:8079/?token=518473098&user=-1355039501&config=3,13564,0,0
1777971590674,13564,HTTP Request,200,OK,Tim 1-15,text,true,,231,158,700,700,http://localhost:8079/?token=518473098&user=-1355039501&config=3,13564,0,0
1777971590674,13564,HTTP Request,200,OK,Tim 1-12,text,true,,231,158,700,700,http://localhost:8079/?token=518473098&user=-1355039501&config=3,13564,0,0
1777971590960,13278,HTTP Request,200,OK,Tim 1-154,text,true,,231,158,700,700,http://localhost:8079/?token=518473098&user=-1355039501&config=3,13278,0,0
1777971590674,13564,HTTP Request,200,OK,Tim 1-152,text,true,,231,158,700,700,http://localhost:8079/?token=518473098&user=-1355039501&config=3,13564,0,0
1777971590674,13564,HTTP Request,200,OK,Tim 1-153,text,true,,231,158,700,700,http://localhost:8079/?token=518473098&user=-1355039501&config=3,13564,0,0
1777971590674,13564,HTTP Request,200,OK,Tim 1-16,text,true,,231,158,700,700,http://localhost:8079/?token=518473098&user=-1355039501&config=3,13564,0,0
1777971590674,13564,HTTP Request,200,OK,Tim 1-80,text,true,,231,158,700,700,http://localhost:8079/?token=518473098&user=-1355039501&config=3,13564,0,0
1777971590674,13564,HTTP Request,200,OK,Tim 1-14,text,true,,231,158,700,700,http://localhost:8079/?token=518473098&user=-1355039501&config=3,13564,0,0
1777971590674,13564,HTTP Request,200,OK,Tim 1-85,text,true,,231,158,700,700,http://localhost:8079/?token=518473098&user=-1355039501&config=3,13564,0,0
1777971590674,13564,HTTP Request,200,OK,Tim 1-155,text,true,,231,158,700,700,http://localhost:8079/?token=518473098&user=-1355039501&config=3,13564,0,0
1777971590674,13564,HTTP Request,200,OK,Tim 1-617,text,true,,231,158,700,700,http://localhost:8079/?token=518473098&user=-1355039501&config=3,13564,0,0
1777971590674,13564,HTTP Request,200,OK,Tim 1-618,text,true,,231,158,700,700,http://localhost:8079/?token=518473098&user=-1355039501&config=3,13564,0,0
1777971579090,25148,HTTP Request,200,OK,Tim 1-35,text,true,,231,158,700,700,http://localhost:8079/?token=518473098&user=-1355039501&config=3,25148,0,0
1777971579090,25148,HTTP Request,200,OK,Tim 1-174,text,true,,231,158,700,700,http://localhost:8079/?token=518473098&user=-1355039501&config=3,25148,0,0
1777971579091,25147,HTTP Request,200,OK,Tim 1-103,text,true,,231,158,700,700,http://localhost:8079/?token=518473098&user=-1355039501&config=3,25147,0,0
1777971579090,25148,HTTP Request,200,OK,Tim 1-106,text,true,,231,158,700,700,http://localhost:8079/?token=518473098&user=-1355039501&config=3,25148,0,0
1777971579090,25148,HTTP Request,200,OK,Tim 1-105,text,true,,231,158,700,700,http://localhost:8079/?token=518473098&user=-1355039501&config=3,25148,0,0
1777971579090,25148,HTTP Request,200,OK,Tim 1-104,text,true,,231,158,700,700,http://localhost:8079/?token=518473098&user=-1355039501&config=3,25148,0,0
1777971579091,25147,HTTP Request,200,OK,Tim 1-36,text,true,,231,158,700,700,http://localhost:8079/?token=518473098&user=-1355039501&config=3,25147,0,0
1777971579091,25147,HTTP Request,200,OK,Tim 1-172,text,true,,231,158,700,700,http://localhost:8079/?token=518473098&user=-1355039501&config=3,25147,0,0
1777971579091,25147,HTTP Request,200,OK,Tim 1-175,text,true,,231,158,700,700,http://localhost:8079/?token=518473098&user=-1355039501&config=3,25147,0,0
1777971579091,25147,HTTP Request,200,OK,Tim 1-171,text,true,,231,158,700,700,http://localhost:8079/?token=518473098&user=-1355039501&config=3,25147,0,0
1777971579091,25147,HTTP Request,200,OK,Tim 1-37,text,true,,231,158,700,700,http://localhost:8079/?token=518473098&user=-1355039501&config=3,25147,0,0
1777971579091,25147,HTTP Request,200,OK,Tim 1-173,text,true,,231,158,700,700,http://localhost:8079/?token=518473098&user=-1355039501&config=3,25147,0,0
1777971590959,13279,HTTP Request,200,OK,Tim 1-577,text,true,,231,158,700,700,http://localhost:8079/?token=518473098&user=-1355039501&config=3,13279,0,0
1777971590959,13279,HTTP Request,200,OK,Tim 1-580,text,true,,231,158,700,700,http://localhost:8079/?token=518473098&user=-1355039501&config=3,13279,0,0
1777971590959,13279,HTTP Request,200,OK,Tim 1-556,text,true,,231,158,700,700,http://localhost:8079/?token=518473098&user=-1355039501&config=3,13279,0,1
1777971590959,13279,HTTP Request,200,OK,Tim 1-585,text,true,,231,158,700,700,http://localhost:8079/?token=518473098&user=-1355039501&config=3,13279,0,1
1777971590960,13278,HTTP Request,200,OK,Tim 1-581,text,true,,231,158,700,700,http://localhost:8079/?token=518473098&user=-1355039501&config=3,13278,0,0
1777971590960,13278,HTTP Request,200,OK,Tim 1-584,text,true,,231,158,700,700,http://localhost:8079/?token=518473098&user=-1355039501&config=3,13278,0,0
1777971590960,13278,HTTP Request,200,OK,Tim 1-575,text,true,,231,158,700,700,http://localhost:8079/?token=518473098&user=-1355039501&config=3,13278,0,0
1777971579091,25150,HTTP Request,200,OK,Tim 1-107,text,true,,231,158,700,700,http://localhost:8079/?token=518473098&user=-1355039501&config=3,25150,0,0
1777971579090,25153,HTTP Request,200,OK,Tim 1-657,text,true,,231,158,700,700,http://localhost:8079/?token=518473098&user=-1355039501&config=3,25153,0,0
1777971579094,25149,HTTP Request,200,OK,Tim 1-234,text,true,,231,158,700,700,http://localhost:8079/?token=518473098&user=-1355039501&config=3,25149,0,0
1777971579094,25149,HTTP Request,200,OK,Tim 1-233,text,true,,231,158,700,700,http://localhost:8079/?token=518473098&user=-1355039501&config=3,25149,0,0
1777971579094,25149,HTTP Request,200,OK,Tim 1-235,text,true,,231,158,700,700,http://localhost:8079/?token=518473098&user=-1355039501&config=3,25149,0,0
1777971579094,25149,HTTP Request,200,OK,Tim 1-236,text,true,,231,158,700,700,http://localhost:8079/?token=518473098&user=-1355039501&config=3,25149,0,0
1777971579094,25149,HTTP Request,200,OK,Tim 1-237,text,true,,231,158,700,700,http://localhost:8079/?token=518473098&user=-1355039501&config=3,25149,0,0
1777971579095,25148,HTTP Request,200,OK,Tim 1-245,text,true,,231,158,700,700,http://localhost:8079/?token=518473098&user=-1355039501&config=3,25148,0,0
1777971579095,25148,HTTP Request,200,OK,Tim 1-251,text,true,,231,158,700,700,http://localhost:8079/?token=518473098&user=-1355039501&config=3,25148,0,0
1777971579095,25148,HTTP Request,200,OK,Tim 1-248,text,true,,231,158,700,700,http://localhost:8079/?token=518473098&user=-1355039501&config=3,25148,0,0
1777971579095,25148,HTTP Request,200,OK,Tim 1-249,text,true,,231,158,700,700,http://localhost:8079/?token=518473098&user=-1355039501&config=3,25148,0,0
1777971579095,25148,HTTP Request,200,OK,Tim 1-255,text,true,,231,158,700,700,http://localhost:8079/?token=518473098&user=-1355039501&config=3,25148,0,0
1777971579095,25148,HTTP Request,200,OK,Tim 1-250,text,true,,231,158,700,700,http://localhost:8079/?token=518473098&user=-1355039501&config=3,25148,0,0
1777971579095,25148,HTTP Request,200,OK,Tim 1-254,text,true,,231,158,700,700,http://localhost:8079/?token=518473098&user=-1355039501&config=3,25148,0,0
1777971579095,25148,HTTP Request,200,OK,Tim 1-256,text,true,,231,158,700,700,http://localhost:8079/?token=518473098&user=-1355039501&config=3,25148,0,0
1777971579095,25148,HTTP Request,200,OK,Tim 1-247,text,true,,231,158,700,700,http://localhost:8079/?token=518473098&user=-1355039501&config=3,25148,0,0
1777971579094,25149,HTTP Request,200,OK,Tim 1-243,text,true,,231,158,700,700,http://localhost:8079/?token=518473098&user=-1355039501&config=3,25149,0,0
1777971579094,25149,HTTP Request,200,OK,Tim 1-244,text,true,,231,158,700,700,http://localhost:8079/?token=518473098&user=-1355039501&config=3,25149,0,0
1777971579095,25148,HTTP Request,200,OK,Tim 1-253,text,true,,231,158,700,700,http://localhost:8079/?token=518473098&user=-1355039501&config=3,25148,0,0
1777971579095,25148,HTTP Request,200,OK,Tim 1-252,text,true,,231,158,700,700,http://localhost:8079/?token=518473098&user=-1355039501&config=3,25148,0,0
1777971579095,25148,HTTP Request,200,OK,Tim 1-260,text,true,,231,158,700,700,http://localhost:8079/?token=518473098&user=-1355039501&config=3,25148,0,0
1777971579095,25148,HTTP Request,200,OK,Tim 1-259,text,true,,231,158,700,700,http://localhost:8079/?token=518473098&user=-1355039501&config=3,25148,0,0
1777971579095,25148,HTTP Request,200,OK,Tim 1-265,text,true,,231,158,700,700,http://localhost:8079/?token=518473098&user=-1355039501&config=3,25148,0,0
1777971579098,25145,HTTP Request,200,OK,Tim 1-266,text,true,,231,158,700,700,http://localhost:8079/?token=518473098&user=-1355039501&config=3,25145,0,0
1777971579095,25148,HTTP Request,200,OK,Tim 1-268,text,true,,231,158,700,700,http://localhost:8079/?token=518473098&user=-1355039501&config=3,25148,0,0
1777971579098,25145,HTTP Request,200,OK,Tim 1-267,text,true,,231,158,700,700,http://localhost:8079/?token=518473098&user=-1355039501&config=3,25145,0,0
1777971579095,25149,HTTP Request,200,OK,Tim 1-271,text,true,,231,158,700,700,http://localhost:8079/?token=518473098&user=-1355039501&config=3,25149,0,0
1777971579095,25149,HTTP Request,200,OK,Tim 1-270,text,true,,231,158,700,700,http://localhost:8079/?token=518473098&user=-1355039501&config=3,25149,0,0
1777971579095,25149,HTTP Request,200,OK,Tim 1-257,text,true,,231,158,700,700,http://localhost:8079/?token=518473098&user=-1355039501&config=3,25149,0,0
1777971579098,25146,HTTP Request,200,OK,Tim 1-272,text,true,,231,158,700,700,http://localhost:8079/?token=518473098&user=-1355039501&config=3,25146,0,0
1777971579094,25149,HTTP Request,200,OK,Tim 1-242,text,true,,231,158,700,700,http://localhost:8079/?token=518473098&user=-1355039501&config=3,25149,0,0
1777971579094,25149,HTTP Request,200,OK,Tim 1-240,text,true,,231,158,700,700,http://localhost:8079/?token=518473098&user=-1355039501&config=3,25149,0,0
1777971579098,25146,HTTP Request,200,OK,Tim 1-258,text,true,,231,158,700,700,http://localhost:8079/?token=518473098&user=-1355039501&config=3,25146,0,0
1777971579094,25149,HTTP Request,200,OK,Tim 1-241,text,true,,231,158,700,700,http://localhost:8079/?token=518473098&user=-1355039501&config=3,25149,0,0
1777971579094,25149,HTTP Request,200,OK,Tim 1-238,text,true,,231,158,700,700,http://localhost:8079/?token=518473098&user=-1355039501&config=3,25149,0,0
1777971579095,25149,HTTP Request,200,OK,Tim 1-264,text,true,,231,158,700,700,http://localhost:8079/?token=518473098&user=-1355039501&config=3,25149,0,0
1777971579095,25149,HTTP Request,200,OK,Tim 1-262,text,true,,231,158,700,700,http://localhost:8079/?token=518473098&user=-1355039501&config=3,25149,0,0
1777971579095,25149,HTTP Request,200,OK,Tim 1-261,text,true,,231,158,700,700,http://localhost:8079/?token=518473098&user=-1355039501&config=3,25149,0,0
1777971579095,25149,HTTP Request,200,OK,Tim 1-263,text,true,,231,158,700,700,http://localhost:8079/?token=518473098&user=-1355039501&config=3,25149,0,0
1777971579098,25145,HTTP Request,200,OK,Tim 1-239,text,true,,231,158,700,700,http://localhost:8079/?token=518473098&user=-1355039501&config=3,25145,0,0
1777971579098,25146,HTTP Request,200,OK,Tim 1-274,text,true,,231,158,700,700,http://localhost:8079/?token=518473098&user=-1355039501&config=3,25146,0,0
1777971579098,25146,HTTP Request,200,OK,Tim 1-273,text,true,,231,158,700,700,http://localhost:8079/?token=518473098&user=-1355039501&config=3,25146,0,0
1777971579099,25145,HTTP Request,200,OK,Tim 1-275,text,true,,231,158,700,700,http://localhost:8079/?token=518473098&user=-1355039501&config=3,25145,0,0
1777971579094,25149,HTTP Request,200,OK,Tim 1-246,text,true,,231,158,700,700,http://localhost:8079/?token=518473098&user=-1355039501&config=3,25149,0,0
1777971579098,25146,HTTP Request,200,OK,Tim 1-276,text,true,,231,158,700,700,http://localhost:8079/?token=518473098&user=-1355039501&config=3,25146,0,0
1777971579099,25145,HTTP Request,200,OK,Tim 1-277,text,true,,231,158,700,700,http://localhost:8079/?token=518473098&user=-1355039501&config=3,25145,0,0
1777971579098,25146,HTTP Request,200,OK,Tim 1-278,text,true,,231,158,700,700,http://localhost:8079/?token=518473098&user=-1355039501&config=3,25146,0,0
1777971579098,25146,HTTP Request,200,OK,Tim 1-282,text,true,,231,158,700,700,http://localhost:8079/?token=518473098&user=-1355039501&config=3,25146,0,0
1777971579098,25146,HTTP Request,200,OK,Tim 1-284,text,true,,231,158,700,700,http://localhost:8079/?token=518473098&user=-1355039501&config=3,25146,0,0
1777971579098,25146,HTTP Request,200,OK,Tim 1-279,text,true,,231,158,700,700,http://localhost:8079/?token=518473098&user=-1355039501&config=3,25146,0,0
1777971579098,25146,HTTP Request,200,OK,Tim 1-281,text,true,,231,158,700,700,http://localhost:8079/?token=518473098&user=-1355039501&config=3,25146,0,0
1777971579098,25146,HTTP Request,200,OK,Tim 1-280,text,true,,231,158,700,700,http://localhost:8079/?token=518473098&user=-1355039501&config=3,25146,0,0
1777971579098,25146,HTTP Request,200,OK,Tim 1-287,text,true,,231,158,700,700,http://localhost:8079/?token=518473098&user=-1355039501&config=3,25146,0,0
1777971579098,25146,HTTP Request,200,OK,Tim 1-288,text,true,,231,158,700,700,http://localhost:8079/?token=518473098&user=-1355039501&config=3,25146,0,0
1777971579098,25146,HTTP Request,200,OK,Tim 1-291,text,true,,231,158,700,700,http://localhost:8079/?token=518473098&user=-1355039501&config=3,25146,0,0
1777971579098,25146,HTTP Request,200,OK,Tim 1-289,text,true,,231,158,700,700,http://localhost:8079/?token=518473098&user=-1355039501&config=3,25146,0,0
1777971579098,25146,HTTP Request,200,OK,Tim 1-285,text,true,,231,158,700,700,http://localhost:8079/?token=518473098&user=-1355039501&config=3,25146,0,0
1777971579098,25146,HTTP Request,200,OK,Tim 1-286,text,true,,231,158,700,700,http://localhost:8079/?token=518473098&user=-1355039501&config=3,25146,0,0
1777971579098,25146,HTTP Request,200,OK,Tim 1-292,text,true,,231,158,700,700,http://localhost:8079/?token=518473098&user=-1355039501&config=3,25146,0,0
1777971579098,25146,HTTP Request,200,OK,Tim 1-293,text,true,,231,158,700,700,http://localhost:8079/?token=518473098&user=-1355039501&config=3,25146,0,0
1777971579099,25145,HTTP Request,200,OK,Tim 1-290,text,true,,231,158,700,700,http://localhost:8079/?token=518473098&user=-1355039501&config=3,25145,0,0
1777971579098,25146,HTTP Request,200,OK,Tim 1-283,text,true,,231,158,700,700,http://localhost:8079/?token=518473098&user=-1355039501&config=3,25146,0,0
1777971579098,25146,HTTP Request,200,OK,Tim 1-297,text,true,,231,158,700,700,http://localhost:8079/?token=518473098&user=-1355039501&config=3,25146,0,0
1777971579099,25145,HTTP Request,200,OK,Tim 1-299,text,true,,231,158,700,700,http://localhost:8079/?token=518473098&user=-1355039501&config=3,25145,0,0
1777971579099,25145,HTTP Request,200,OK,Tim 1-298,text,true,,231,158,700,700,http://localhost:8079/?token=518473098&user=-1355039501&config=3,25145,0,0
1777971579099,25145,HTTP Request,200,OK,Tim 1-295,text,true,,231,158,700,700,http://localhost:8079/?token=518473098&user=-1355039501&config=3,25145,0,0
1777971579099,25145,HTTP Request,200,OK,Tim 1-300,text,true,,231,158,700,700,http://localhost:8079/?token=518473098&user=-1355039501&config=3,25145,0,0
1777971579099,25145,HTTP Request,200,OK,Tim 1-302,text,true,,231,158,700,700,http://localhost:8079/?token=518473098&user=-1355039501&config=3,25145,0,0
1777971578407,25837,HTTP Request,200,OK,Tim 1-613,text,true,,231,158,700,700,http://localhost:8079/?token=518473098&user=-1355039501&config=3,25837,0,0
1777971579098,25146,HTTP Request,200,OK,Tim 1-296,text,true,,231,158,700,700,http://localhost:8079/?token=518473098&user=-1355039501&config=3,25146,0,0
1777971579099,25145,HTTP Request,200,OK,Tim 1-301,text,true,,231,158,700,700,http://localhost:8079/?token=518473098&user=-1355039501&config=3,25145,0,0
1777971579098,25146,HTTP Request,200,OK,Tim 1-294,text,true,,231,158,700,700,http://localhost:8079/?token=518473098&user=-1355039501&config=3,25146,0,0
1777971590674,13570,HTTP Request,200,OK,Tim 1-225,text,true,,231,158,700,700,http://localhost:8079/?token=518473098&user=-1355039501&config=3,13570,0,0
1777971590674,13570,HTTP Request,200,OK,Tim 1-224,text,true,,231,158,700,700,http://localhost:8079/?token=518473098&user=-1355039501&config=3,13570,0,0
1777971579091,25154,HTTP Request,200,OK,Tim 1-177,text,true,,231,158,700,700,http://localhost:8079/?token=518473098&user=-1355039501&config=3,25154,0,0
1777971579099,25148,HTTP Request,200,OK,Tim 1-303,text,true,,231,158,700,700,http://localhost:8079/?token=518473098&user=-1355039501&config=3,25148,0,0
1777971590958,13293,HTTP Request,200,OK,Tim 1-628,text,true,,231,158,700,700,http://localhost:8079/?token=518473098&user=-1355039501&config=3,13293,0,0
1777971579090,25161,HTTP Request,200,OK,Tim 1-660,text,true,,231,158,700,700,http://localhost:8079/?token=518473098&user=-1355039501&config=3,25161,0,0
1777971590958,13293,HTTP Request,200,OK,Tim 1-100,text,true,,231,158,700,700,http://localhost:8079/?token=518473098&user=-1355039501&config=3,13293,0,0
1777971579090,25161,HTTP Request,200,OK,Tim 1-659,text,true,,231,158,700,700,http://localhost:8079/?token=518473098&user=-1355039501&config=3,25161,0,0
1777971590958,13293,HTTP Request,200,OK,Tim 1-633,text,true,,231,158,700,700,http://localhost:8079/?token=518473098&user=-1355039501&config=3,13293,0,0
1777971590958,13293,HTTP Request,200,OK,Tim 1-641,text,true,,231,158,700,700,http://localhost:8079/?token=518473098&user=-1355039501&config=3,13293,0,0
1777971579090,25161,HTTP Request,200,OK,Tim 1-658,text,true,,231,158,700,700,http://localhost:8079/?token=518473098&user=-1355039501&config=3,25161,0,0
1777971579090,25161,HTTP Request,200,OK,Tim 1-661,text,true,,231,158,700,700,http://localhost:8079/?token=518473098&user=-1355039501&config=3,25161,0,0
1777971590958,13293,HTTP Request,200,OK,Tim 1-642,text,true,,231,158,700,700,http://localhost:8079/?token=518473098&user=-1355039501&config=3,13293,0,0
1777971579090,25161,HTTP Request,200,OK,Tim 1-667,text,true,,231,158,700,700,http://localhost:8079/?token=518473098&user=-1355039501&config=3,25161,0,0
1777971579090,25161,HTTP Request,200,OK,Tim 1-666,text,true,,231,158,700,700,http://localhost:8079/?token=518473098&user=-1355039501&config=3,25161,0,0
1777971579090,25161,HTTP Request,200,OK,Tim 1-668,text,true,,231,158,700,700,http://localhost:8079/?token=518473098&user=-1355039501&config=3,25161,0,0
1777971579090,25161,HTTP Request,200,OK,Tim 1-669,text,true,,231,158,700,700,http://localhost:8079/?token=518473098&user=-1355039501&config=3,25161,0,0
1777971579090,25161,HTTP Request,200,OK,Tim 1-664,text,true,,231,158,700,700,http://localhost:8079/?token=518473098&user=-1355039501&config=3,25161,0,0
1777971579090,25161,HTTP Request,200,OK,Tim 1-662,text,true,,231,158,700,700,http://localhost:8079/?token=518473098&user=-1355039501&config=3,25161,0,0
1777971579090,25161,HTTP Request,200,OK,Tim 1-665,text,true,,231,158,700,700,http://localhost:8079/?token=518473098&user=-1355039501&config=3,25161,0,0
1777971579090,25161,HTTP Request,200,OK,Tim 1-663,text,true,,231,158,700,700,http://localhost:8079/?token=518473098&user=-1355039501&config=3,25161,0,0
1777971579090,25161,HTTP Request,200,OK,Tim 1-670,text,true,,231,158,700,700,http://localhost:8079/?token=518473098&user=-1355039501&config=3,25161,0,0
1777971590958,13293,HTTP Request,200,OK,Tim 1-395,text,true,,231,158,700,700,http://localhost:8079/?token=518473098&user=-1355039501&config=3,13293,0,0
1777971590672,13579,HTTP Request,200,OK,Tim 1-32,text,true,,231,158,700,700,http://localhost:8079/?token=518473098&user=-1355039501&config=3,13579,0,1
1777971579090,25161,HTTP Request,200,OK,Tim 1-671,text,true,,231,158,700,700,http://localhost:8079/?token=518473098&user=-1355039501&config=3,25161,0,0
1777971579099,25153,HTTP Request,200,OK,Tim 1-304,text,true,,231,158,700,700,http://localhost:8079/?token=518473098&user=-1355039501&config=3,25153,0,0
1777971579099,25153,HTTP Request,200,OK,Tim 1-307,text,true,,231,158,700,700,http://localhost:8079/?token=518473098&user=-1355039501&config=3,25153,0,0
1777971579099,25153,HTTP Request,200,OK,Tim 1-309,text,true,,231,158,700,700,http://localhost:8079/?token=518473098&user=-1355039501&config=3,25153,0,0
1777971578398,25854,HTTP Request,200,OK,Tim 1-604,text,true,,231,158,700,700,http://localhost:8079/?token=518473098&user=-1355039501&config=3,25854,0,0
1777971579099,25153,HTTP Request,200,OK,Tim 1-306,text,true,,231,158,700,700,http://localhost:8079/?token=518473098&user=-1355039501&config=3,25153,0,0
1777971578398,25854,HTTP Request,200,OK,Tim 1-609,text,true,,231,158,700,700,http://localhost:8079/?token=518473098&user=-1355039501&config=3,25854,0,0
1777971579099,25153,HTTP Request,200,OK,Tim 1-308,text,true,,231,158,700,700,http://localhost:8079/?token=518473098&user=-1355039501&config=3,25153,0,0
1777971578398,25854,HTTP Request,200,OK,Tim 1-595,text,true,,231,158,700,700,http://localhost:8079/?token=518473098&user=-1355039501&config=3,25854,0,0
1777971578398,25854,HTTP Request,200,OK,Tim 1-607,text,true,,231,158,700,700,http://localhost:8079/?token=518473098&user=-1355039501&config=3,25854,0,0
1777971578398,25854,HTTP Request,200,OK,Tim 1-608,text,true,,231,158,700,700,http://localhost:8079/?token=518473098&user=-1355039501&config=3,25854,0,0
1777971578398,25854,HTTP Request,200,OK,Tim 1-590,text,true,,231,158,700,700,http://localhost:8079/?token=518473098&user=-1355039501&config=3,25854,0,0
1777971578398,25854,HTTP Request,200,OK,Tim 1-612,text,true,,231,158,700,700,http://localhost:8079/?token=518473098&user=-1355039501&config=3,25854,0,0
1777971578403,25849,HTTP Request,200,OK,Tim 1-593,text,true,,231,158,700,700,http://localhost:8079/?token=518473098&user=-1355039501&config=3,25849,0,0
1777971578398,25854,HTTP Request,200,OK,Tim 1-601,text,true,,231,158,700,700,http://localhost:8079/?token=518473098&user=-1355039501&config=3,25854,0,0
1777971578398,25854,HTTP Request,200,OK,Tim 1-600,text,true,,231,158,700,700,http://localhost:8079/?token=518473098&user=-1355039501&config=3,25854,0,0
1777971578407,25845,HTTP Request,200,OK,Tim 1-596,text,true,,231,158,700,700,http://localhost:8079/?token=518473098&user=-1355039501&config=3,25845,0,0
1777971578406,25846,HTTP Request,200,OK,Tim 1-176,text,true,,231,158,700,700,http://localhost:8079/?token=518473098&user=-1355039501&config=3,25846,0,0
1777971578403,25849,HTTP Request,200,OK,Tim 1-614,text,true,,231,158,700,700,http://localhost:8079/?token=518473098&user=-1355039501&config=3,25849,0,0
1777971578407,25845,HTTP Request,200,OK,Tim 1-605,text,true,,231,158,700,700,http://localhost:8079/?token=518473098&user=-1355039501&config=3,25845,0,0
1777971578407,25845,HTTP Request,200,OK,Tim 1-610,text,true,,231,158,700,700,http://localhost:8079/?token=518473098&user=-1355039501&config=3,25845,0,0
1777971578407,25845,HTTP Request,200,OK,Tim 1-588,text,true,,231,158,700,700,http://localhost:8079/?token=518473098&user=-1355039501&config=3,25845,0,0
1777971578403,25849,HTTP Request,200,OK,Tim 1-586,text,true,,231,158,700,700,http://localhost:8079/?token=518473098&user=-1355039501&config=3,25849,0,0
1777971578407,25845,HTTP Request,200,OK,Tim 1-592,text,true,,231,158,700,700,http://localhost:8079/?token=518473098&user=-1355039501&config=3,25845,0,0
1777971578407,25845,HTTP Request,200,OK,Tim 1-603,text,true,,231,158,700,700,http://localhost:8079/?token=518473098&user=-1355039501&config=3,25845,0,0
1777971578403,25849,HTTP Request,200,OK,Tim 1-597,text,true,,231,158,700,700,http://localhost:8079/?token=518473098&user=-1355039501&config=3,25849,0,0
1777971578403,25849,HTTP Request,200,OK,Tim 1-606,text,true,,231,158,700,700,http://localhost:8079/?token=518473098&user=-1355039501&config=3,25849,0,0
1777971578407,25845,HTTP Request,200,OK,Tim 1-599,text,true,,231,158,700,700,http://localhost:8079/?token=518473098&user=-1355039501&config=3,25845,0,0
1777971578403,25849,HTTP Request,200,OK,Tim 1-594,text,true,,231,158,700,700,http://localhost:8079/?token=518473098&user=-1355039501&config=3,25849,0,0
1777971578403,25849,HTTP Request,200,OK,Tim 1-591,text,true,,231,158,700,700,http://localhost:8079/?token=518473098&user=-1355039501&config=3,25849,0,0
1777971578407,25845,HTTP Request,200,OK,Tim 1-602,text,true,,231,158,700,700,http://localhost:8079/?token=518473098&user=-1355039501&config=3,25845,0,0
1777971578407,25845,HTTP Request,200,OK,Tim 1-615,text,true,,231,158,700,700,http://localhost:8079/?token=518473098&user=-1355039501&config=3,25845,0,0
1777971578407,25845,HTTP Request,200,OK,Tim 1-598,text,true,,231,158,700,700,http://localhost:8079/?token=518473098&user=-1355039501&config=3,25845,0,0
1777971578407,25845,HTTP Request,200,OK,Tim 1-616,text,true,,231,158,700,700,http://localhost:8079/?token=518473098&user=-1355039501&config=3,25845,0,0
1777971578407,25845,HTTP Request,200,OK,Tim 1-611,text,true,,231,158,700,700,http://localhost:8079/?token=518473098&user=-1355039501&config=3,25845,0,0
1777971590672,13580,HTTP Request,200,OK,Tim 1-30,text,true,,231,158,700,700,http://localhost:8079/?token=518473098&user=-1355039501&config=3,13580,0,1
1777971590674,13578,HTTP Request,200,OK,Tim 1-13,text,true,,231,158,700,700,http://localhost:8079/?token=518473098&user=-1355039501&config=3,13578,0,0
1777971590674,13578,HTTP Request,200,OK,Tim 1-11,text,true,,231,158,700,700,http://localhost:8079/?token=518473098&user=-1355039501&config=3,13578,0,0
1777971590674,13578,HTTP Request,200,OK,Tim 1-619,text,true,,231,158,700,700,http://localhost:8079/?token=518473098&user=-1355039501&config=3,13578,0,0
1777971590674,13578,HTTP Request,200,OK,Tim 1-621,text,true,,231,158,700,700,http://localhost:8079/?token=518473098&user=-1355039501&config=3,13578,0,0
1777971590674,13578,HTTP Request,200,OK,Tim 1-620,text,true,,231,158,700,700,http://localhost:8079/?token=518473098&user=-1355039501&config=3,13578,0,0
1777971590674,13578,HTTP Request,200,OK,Tim 1-623,text,true,,231,158,700,700,http://localhost:8079/?token=518473098&user=-1355039501&config=3,13578,0,0
1777971590674,13578,HTTP Request,200,OK,Tim 1-622,text,true,,231,158,700,700,http://localhost:8079/?token=518473098&user=-1355039501&config=3,13578,0,0
1777971579090,25163,HTTP Request,200,OK,Tim 1-653,text,true,,231,158,700,700,http://localhost:8079/?token=518473098&user=-1355039501&config=3,25163,0,0
1777971579090,25163,HTTP Request,200,OK,Tim 1-33,text,true,,231,158,700,700,http://localhost:8079/?token=518473098&user=-1355039501&config=3,25163,0,0
1777971579091,25162,HTTP Request,200,OK,Tim 1-38,text,true,,231,158,700,700,http://localhost:8079/?token=518473098&user=-1355039501&config=3,25162,0,0
1777971579090,25163,HTTP Request,200,OK,Tim 1-34,text,true,,231,158,700,700,http://localhost:8079/?token=518473098&user=-1355039501&config=3,25163,0,0
1777971579091,25162,HTTP Request,200,OK,Tim 1-672,text,true,,231,158,700,700,http://localhost:8079/?token=518473098&user=-1355039501&config=3,25162,0,0
1777971579091,25162,HTTP Request,200,OK,Tim 1-673,text,true,,231,158,700,700,http://localhost:8079/?token=518473098&user=-1355039501&config=3,25162,0,0
1777971579091,25162,HTTP Request,200,OK,Tim 1-654,text,true,,231,158,700,700,http://localhost:8079/?token=518473098&user=-1355039501&config=3,25162,0,0
1777971579091,25163,HTTP Request,200,OK,Tim 1-674,text,true,,231,158,700,700,http://localhost:8079/?token=518473098&user=-1355039501&config=3,25163,0,0
1777971579091,25163,HTTP Request,200,OK,Tim 1-678,text,true,,231,158,700,700,http://localhost:8079/?token=518473098&user=-1355039501&config=3,25163,0,0
1777971579091,25163,HTTP Request,200,OK,Tim 1-676,text,true,,231,158,700,700,http://localhost:8079/?token=518473098&user=-1355039501&config=3,25163,0,0
1777971579091,25163,HTTP Request,200,OK,Tim 1-684,text,true,,231,158,700,700,http://localhost:8079/?token=518473098&user=-1355039501&config=3,25163,0,0
1777971579091,25163,HTTP Request,200,OK,Tim 1-680,text,true,,231,158,700,700,http://localhost:8079/?token=518473098&user=-1355039501&config=3,25163,0,0
1777971579091,25163,HTTP Request,200,OK,Tim 1-679,text,true,,231,158,700,700,http://localhost:8079/?token=518473098&user=-1355039501&config=3,25163,0,0
1777971579091,25163,HTTP Request,200,OK,Tim 1-675,text,true,,231,158,700,700,http://localhost:8079/?token=518473098&user=-1355039501&config=3,25163,0,0
1777971579091,25163,HTTP Request,200,OK,Tim 1-681,text,true,,231,158,700,700,http://localhost:8079/?token=518473098&user=-1355039501&config=3,25163,0,0
1777971579096,25158,HTTP Request,200,OK,Tim 1-689,text,true,,231,158,700,700,http://localhost:8079/?token=518473098&user=-1355039501&config=3,25158,0,0
1777971579091,25163,HTTP Request,200,OK,Tim 1-677,text,true,,231,158,700,700,http://localhost:8079/?token=518473098&user=-1355039501&config=3,25163,0,0
1777971579091,25163,HTTP Request,200,OK,Tim 1-682,text,true,,231,158,700,700,http://localhost:8079/?token=518473098&user=-1355039501&config=3,25163,0,0
1777971579096,25158,HTTP Request,200,OK,Tim 1-685,text,true,,231,158,700,700,http://localhost:8079/?token=518473098&user=-1355039501&config=3,25158,0,0
1777971579091,25163,HTTP Request,200,OK,Tim 1-683,text,true,,231,158,700,700,http://localhost:8079/?token=518473098&user=-1355039501&config=3,25163,0,0
1777971579096,25158,HTTP Request,200,OK,Tim 1-686,text,true,,231,158,700,700,http://localhost:8079/?token=518473098&user=-1355039501&config=3,25158,0,0
1777971579096,25158,HTTP Request,200,OK,Tim 1-687,text,true,,231,158,700,700,http://localhost:8079/?token=518473098&user=-1355039501&config=3,25158,0,0
1777971579096,25158,HTTP Request,200,OK,Tim 1-688,text,true,,231,158,700,700,http://localhost:8079/?token=518473098&user=-1355039501&config=3,25158,0,0
1777971579096,25158,HTTP Request,200,OK,Tim 1-690,text,true,,231,158,700,700,http://localhost:8079/?token=518473098&user=-1355039501&config=3,25158,0,0
1777971579096,25160,HTTP Request,200,OK,Tim 1-691,text,true,,231,158,700,700,http://localhost:8079/?token=518473098&user=-1355039501&config=3,25160,0,0
1777971579096,25160,HTTP Request,200,OK,Tim 1-696,text,true,,231,158,700,700,http://localhost:8079/?token=518473098&user=-1355039501&config=3,25160,0,0
1777971579096,25160,HTTP Request,200,OK,Tim 1-698,text,true,,231,158,700,700,http://localhost:8079/?token=518473098&user=-1355039501&config=3,25160,0,0
1777971579096,25160,HTTP Request,200,OK,Tim 1-693,text,true,,231,158,700,700,http://localhost:8079/?token=518473098&user=-1355039501&config=3,25160,0,0
1777971579096,25160,HTTP Request,200,OK,Tim 1-695,text,true,,231,158,700,700,http://localhost:8079/?token=518473098&user=-1355039501&config=3,25160,0,0
1777971579096,25160,HTTP Request,200,OK,Tim 1-694,text,true,,231,158,700,700,http://localhost:8079/?token=518473098&user=-1355039501&config=3,25160,0,0
1777971579096,25160,HTTP Request,200,OK,Tim 1-692,text,true,,231,158,700,700,http://localhost:8079/?token=518473098&user=-1355039501&config=3,25160,0,0
1777971579096,25160,HTTP Request,200,OK,Tim 1-697,text,true,,231,158,700,700,http://localhost:8079/?token=518473098&user=-1355039501&config=3,25160,0,0
1777971590674,13582,HTTP Request,200,OK,Tim 1-587,text,true,,231,158,700,700,http://localhost:8079/?token=518473098&user=-1355039501&config=3,13582,0,0
1777971579096,25160,HTTP Request,200,OK,Tim 1-699,text,true,,231,158,700,700,http://localhost:8079/?token=518473098&user=-1355039501&config=3,25160,0,0
1777971590673,13583,HTTP Request,200,OK,Tim 1-113,text,true,,231,158,700,700,http://localhost:8079/?token=518473098&user=-1355039501&config=3,13583,0,0
1777971590672,13584,HTTP Request,200,OK,Tim 1-31,text,true,,231,158,700,700,http://localhost:8079/?token=518473098&user=-1355039501&config=3,13584,0,1
1777971590674,13583,HTTP Request,200,OK,Tim 1-589,text,true,,231,158,700,700,http://localhost:8079/?token=518473098&user=-1355039501&config=3,13583,0,0
1777971590673,13584,HTTP Request,200,OK,Tim 1-45,text,true,,231,158,700,700,http://localhost:8079/?token=518473098&user=-1355039501&config=3,13584,0,0
1777971590673,13584,HTTP Request,200,OK,Tim 1-111,text,true,,231,158,700,700,http://localhost:8079/?token=518473098&user=-1355039501&config=3,13584,0,0
1777971590673,13584,HTTP Request,200,OK,Tim 1-114,text,true,,231,158,700,700,http://localhost:8079/?token=518473098&user=-1355039501&config=3,13584,0,0
1777971590673,13584,HTTP Request,200,OK,Tim 1-42,text,true,,231,158,700,700,http://localhost:8079/?token=518473098&user=-1355039501&config=3,13584,0,0
1777971590673,13584,HTTP Request,200,OK,Tim 1-41,text,true,,231,158,700,700,http://localhost:8079/?token=518473098&user=-1355039501&config=3,13584,0,0
1777971590673,13584,HTTP Request,200,OK,Tim 1-44,text,true,,231,158,700,700,http://localhost:8079/?token=518473098&user=-1355039501&config=3,13584,0,0
1777971590673,13584,HTTP Request,200,OK,Tim 1-110,text,true,,231,158,700,700,http://localhost:8079/?token=518473098&user=-1355039501&config=3,13584,0,0
1777971590673,13584,HTTP Request,200,OK,Tim 1-117,text,true,,231,158,700,700,http://localhost:8079/?token=518473098&user=-1355039501&config=3,13584,0,0
1777971590673,13584,HTTP Request,200,OK,Tim 1-180,text,true,,231,158,700,700,http://localhost:8079/?token=518473098&user=-1355039501&config=3,13584,0,0
1777971590673,13584,HTTP Request,200,OK,Tim 1-115,text,true,,231,158,700,700,http://localhost:8079/?token=518473098&user=-1355039501&config=3,13584,0,0
1777971590959,13357,HTTP Request,200,OK,Tim 1-552,text,true,,231,158,700,700,http://localhost:8079/?token=518473098&user=-1355039501&config=3,13357,0,0
1777971590958,13358,HTTP Request,200,OK,Tim 1-23,text,true,,231,158,700,700,http://localhost:8079/?token=518473098&user=-1355039501&config=3,13358,0,0
1777971590958,13358,HTTP Request,200,OK,Tim 1-22,text,true,,231,158,700,700,http://localhost:8079/?token=518473098&user=-1355039501&config=3,13358,0,0
1777971590958,13358,HTTP Request,200,OK,Tim 1-21,text,true,,231,158,700,700,http://localhost:8079/?token=518473098&user=-1355039501&config=3,13358,0,0
1777971590958,13358,HTTP Request,200,OK,Tim 1-19,text,true,,231,158,700,700,http://localhost:8079/?token=518473098&user=-1355039501&config=3,13358,0,0
1777971590958,13358,HTTP Request,200,OK,Tim 1-17,text,true,,231,158,700,700,http://localhost:8079/?token=518473098&user=-1355039501&config=3,13358,0,0
1777971590958,13358,HTTP Request,200,OK,Tim 1-87,text,true,,231,158,700,700,http://localhost:8079/?token=518473098&user=-1355039501&config=3,13358,0,0
1777971590958,13358,HTTP Request,200,OK,Tim 1-88,text,true,,231,158,700,700,http://localhost:8079/?token=518473098&user=-1355039501&config=3,13358,0,0
1777971590959,13357,HTTP Request,200,OK,Tim 1-567,text,true,,231,158,700,700,http://localhost:8079/?token=518473098&user=-1355039501&config=3,13357,0,0
1777971590959,13358,HTTP Request,200,OK,Tim 1-550,text,true,,231,158,700,700,http://localhost:8079/?token=518473098&user=-1355039501&config=3,13358,0,0
1777971590959,13358,HTTP Request,200,OK,Tim 1-559,text,true,,231,158,700,700,http://localhost:8079/?token=518473098&user=-1355039501&config=3,13358,0,0
1777971590959,13358,HTTP Request,200,OK,Tim 1-572,text,true,,231,158,700,700,http://localhost:8079/?token=518473098&user=-1355039501&config=3,13358,0,0
1777971590959,13358,HTTP Request,200,OK,Tim 1-562,text,true,,231,158,700,700,http://localhost:8079/?token=518473098&user=-1355039501&config=3,13358,0,0
1777971590959,13358,HTTP Request,200,OK,Tim 1-549,text,true,,231,158,700,700,http://localhost:8079/?token=518473098&user=-1355039501&config=3,13358,0,0
1777971590959,13358,HTTP Request,200,OK,Tim 1-558,text,true,,231,158,700,700,http://localhost:8079/?token=518473098&user=-1355039501&config=3,13358,0,0
1777971590959,13358,HTTP Request,200,OK,Tim 1-560,text,true,,231,158,700,700,http://localhost:8079/?token=518473098&user=-1355039501&config=3,13358,0,0
1777971590959,13358,HTTP Request,200,OK,Tim 1-563,text,true,,231,158,700,700,http://localhost:8079/?token=518473098&user=-1355039501&config=3,13358,0,0
1777971590959,13358,HTTP Request,200,OK,Tim 1-574,text,true,,231,158,700,700,http://localhost:8079/?token=518473098&user=-1355039501&config=3,13358,0,0
1777971590959,13358,HTTP Request,200,OK,Tim 1-576,text,true,,231,158,700,700,http://localhost:8079/?token=518473098&user=-1355039501&config=3,13358,0,0
1777971590959,13358,HTTP Request,200,OK,Tim 1-564,text,true,,231,158,700,700,http://localhost:8079/?token=518473098&user=-1355039501&config=3,13358,0,0
1777971590673,13644,HTTP Request,200,OK,Tim 1-43,text,true,,231,158,700,700,http://localhost:8079/?token=518473098&user=-1355039501&config=3,13644,0,0
1777971590673,13644,HTTP Request,200,OK,Tim 1-112,text,true,,231,158,700,700,http://localhost:8079/?token=518473098&user=-1355039501&config=3,13644,0,1
1777971590673,13644,HTTP Request,200,OK,Tim 1-179,text,true,,231,158,700,700,http://localhost:8079/?token=518473098&user=-1355039501&config=3,13644,0,1
1777971590673,13644,HTTP Request,200,OK,Tim 1-101,text,true,,231,158,700,700,http://localhost:8079/?token=518473098&user=-1355039501&config=3,13644,0,1
1777971590673,13644,HTTP Request,200,OK,Tim 1-40,text,true,,231,158,700,700,http://localhost:8079/?token=518473098&user=-1355039501&config=3,13644,0,1
1777971590673,13644,HTTP Request,200,OK,Tim 1-170,text,true,,231,158,700,700,http://localhost:8079/?token=518473098&user=-1355039501&config=3,13644,0,1
1777971590673,13644,HTTP Request,200,OK,Tim 1-183,text,true,,231,158,700,700,http://localhost:8079/?token=518473098&user=-1355039501&config=3,13644,0,1
1777971590673,13644,HTTP Request,200,OK,Tim 1-102,text,true,,231,158,700,700,http://localhost:8079/?token=518473098&user=-1355039501&config=3,13644,0,1
1777971590673,13644,HTTP Request,200,OK,Tim 1-181,text,true,,231,158,700,700,http://localhost:8079/?token=518473098&user=-1355039501&config=3,13644,0,1
1777971590673,13644,HTTP Request,200,OK,Tim 1-182,text,true,,231,158,700,700,http://localhost:8079/?token=518473098&user=-1355039501&config=3,13644,0,1
1777971595779,10343,HTTP Request,200,OK,Tim 1-319,text,true,,231,158,700,700,http://localhost:8079/?token=518473098&user=-1355039501&config=3,10343,0,1
1777971595779,10343,HTTP Request,200,OK,Tim 1-325,text,true,,231,158,700,700,http://localhost:8079/?token=518473098&user=-1355039501&config=3,10343,0,1
1777971604238,1884,HTTP Request,503,Service Unavailable,Tim 1-565,text,false,,237,158,700,700,http://localhost:8079/?token=518473098&user=-1355039501&config=3,1884,0,0
1777971595779,10343,HTTP Request,200,OK,Tim 1-335,text,true,,231,158,700,700,http://localhost:8079/?token=518473098&user=-1355039501&config=3,10343,0,1
1777971595780,10342,HTTP Request,200,OK,Tim 1-326,text,true,,231,158,700,700,http://localhost:8079/?token=518473098&user=-1355039501&config=3,10342,0,0
1777971595779,10343,HTTP Request,200,OK,Tim 1-321,text,true,,231,158,700,700,http://localhost:8079/?token=518473098&user=-1355039501&config=3,10343,0,1
1777971595780,10342,HTTP Request,200,OK,Tim 1-352,text,true,,231,158,700,700,http://localhost:8079/?token=518473098&user=-1355039501&config=3,10342,0,0
1777971604238,1884,HTTP Request,503,Service Unavailable,Tim 1-570,text,false,,237,158,700,700,http://localhost:8079/?token=518473098&user=-1355039501&config=3,1884,0,0
1777971604238,1884,HTTP Request,503,Service Unavailable,Tim 1-12,text,false,,237,158,700,700,http://localhost:8079/?token=518473098&user=-1355039501&config=3,1884,0,0
1777971604238,1884,HTTP Request,503,Service Unavailable,Tim 1-150,text,false,,237,158,700,700,http://localhost:8079/?token=518473098&user=-1355039501&config=3,1884,0,0
1777971604238,1885,HTTP Request,503,Service Unavailable,Tim 1-81,text,false,,237,158,700,700,http://localhost:8079/?token=518473098&user=-1355039501&config=3,1885,0,0
1777971604238,1885,HTTP Request,503,Service Unavailable,Tim 1-84,text,false,,237,158,700,700,http://localhost:8079/?token=518473098&user=-1355039501&config=3,1884,0,0
1777971604238,1885,HTTP Request,503,Service Unavailable,Tim 1-151,text,false,,237,158,700,700,http://localhost:8079/?token=518473098&user=-1355039501&config=3,1885,0,0
1777971604238,1885,HTTP Request,503,Service Unavailable,Tim 1-85,text,false,,237,158,700,700,http://localhost:8079/?token=518473098&user=-1355039501&config=3,1885,0,0
1777971604238,1885,HTTP Request,503,Service Unavailable,Tim 1-172,text,false,,237,158,700,700,http://localhost:8079/?token=518473098&user=-1355039501&config=3,1885,0,0
1777971604238,1885,HTTP Request,503,Service Unavailable,Tim 1-173,text,false,,237,158,700,700,http://localhost:8079/?token=518473098&user=-1355039501&config=3,1885,0,0
1777971604238,1885,HTTP Request,503,Service Unavailable,Tim 1-580,text,false,,237,158,700,700,http://localhost:8079/?token=518473098&user=-1355039501&config=3,1885,0,0
1777971604238,1885,HTTP Request,503,Service Unavailable,Tim 1-104,text,false,,237,158,700,700,http://localhost:8079/?token=518473098&user=-1355039501&config=3,1885,0,0
1777971604238,1885,HTTP Request,503,Service Unavailable,Tim 1-152,text,false,,237,158,700,700,http://localhost:8079/?token=518473098&user=-1355039501&config=3,1885,0,0
1777971604238,1885,HTTP Request,503,Service Unavailable,Tim 1-80,text,false,,237,158,700,700,http://localhost:8079/?token=518473098&user=-1355039501&config=3,1885,0,0
1777971604238,1885,HTTP Request,503,Service Unavailable,Tim 1-82,text,false,,237,158,700,700,http://localhost:8079/?token=518473098&user=-1355039501&config=3,1885,0,0
1777971604238,1885,HTTP Request,503,Service Unavailable,Tim 1-585,text,false,,237,158,700,700,http://localhost:8079/?token=518473098&user=-1355039501&config=3,1885,0,0
1777971604238,1885,HTTP Request,503,Service Unavailable,Tim 1-575,text,false,,237,158,700,700,http://localhost:8079/?token=518473098&user=-1355039501&config=3,1885,0,0
1777971604238,1885,HTTP Request,503,Service Unavailable,Tim 1-175,text,false,,237,158,700,700,http://localhost:8079/?token=518473098&user=-1355039501&config=3,1885,0,0
1777971601855,4268,HTTP Request,503,Service Unavailable,Tim 1-462,text,false,,237,158,700,700,http://localhost:8079/?token=518473098&user=-1355039501&config=3,4268,0,1054
1777971601861,4262,HTTP Request,503,Service Unavailable,Tim 1-197,text,false,,237,158,700,700,http://localhost:8079/?token=518473098&user=-1355039501&config=3,4262,0,1048
1777971601855,4268,HTTP Request,503,Service Unavailable,Tim 1-485,text,false,,237,158,700,700,http://localhost:8079/?token=518473098&user=-1355039501&config=3,4268,0,1054
1777971601861,4262,HTTP Request,503,Service Unavailable,Tim 1-202,text,false,,237,158,700,700,http://localhost:8079/?token=518473098&user=-1355039501&config=3,4262,0,1048
1777971601855,4268,HTTP Request,503,Service Unavailable,Tim 1-481,text,false,,237,158,700,700,http://localhost:8079/?token=518473098&user=-1355039501&config=3,4268,0,1054
1777971601860,4263,HTTP Request,503,Service Unavailable,Tim 1-65,text,false,,237,158,700,700,http://localhost:8079/?token=518473098&user=-1355039501&config=3,4263,0,1049
1777971601861,4262,HTTP Request,503,Service Unavailable,Tim 1-126,text,false,,237,158,700,700,http://localhost:8079/?token=518473098&user=-1355039501&config=3,4262,0,1048
1777971601855,4268,HTTP Request,503,Service Unavailable,Tim 1-486,text,false,,237,158,700,700,http://localhost:8079/?token=518473098&user=-1355039501&config=3,4268,0,1054
1777971601861,4262,HTTP Request,503,Service Unavailable,Tim 1-135,text,false,,237,158,700,700,http://localhost:8079/?token=518473098&user=-1355039501&config=3,4262,0,1048
1777971601855,4268,HTTP Request,503,Service Unavailable,Tim 1-461,text,false,,237,158,700,700,http://localhost:8079/?token=518473098&user=-1355039501&config=3,4268,0,1054
1777971601861,4262,HTTP Request,503,Service Unavailable,Tim 1-192,text,false,,237,158,700,700,http://localhost:8079/?token=518473098&user=-1355039501&config=3,4262,0,1048
1777971601861,4262,HTTP Request,503,Service Unavailable,Tim 1-201,text,false,,237,158,700,700,http://localhost:8079/?token=518473098&user=-1355039501&config=3,4262,0,1048
1777971601861,4262,HTTP Request,503,Service Unavailable,Tim 1-195,text,false,,237,158,700,700,http://localhost:8079/?token=518473098&user=-1355039501&config=3,4262,0,1048
1777971601861,4262,HTTP Request,503,Service Unavailable,Tim 1-200,text,false,,237,158,700,700,http://localhost:8079/?token=518473098&user=-1355039501&config=3,4262,0,1048
1777971601860,4263,HTTP Request,503,Service Unavailable,Tim 1-63,text,false,,237,158,700,700,http://localhost:8079/?token=518473098&user=-1355039501&config=3,4263,0,1049
1777971601861,4262,HTTP Request,503,Service Unavailable,Tim 1-139,text,false,,237,158,700,700,http://localhost:8079/?token=518473098&user=-1355039501&config=3,4262,0,1048
1777971601860,4263,HTTP Request,503,Service Unavailable,Tim 1-60,text,false,,237,158,700,700,http://localhost:8079/?token=518473098&user=-1355039501&config=3,4263,0,1049
1777971601861,4262,HTTP Request,503,Service Unavailable,Tim 1-203,text,false,,237,158,700,700,http://localhost:8079/?token=518473098&user=-1355039501&config=3,4262,0,1048
1777971601855,4268,HTTP Request,503,Service Unavailable,Tim 1-444,text,false,,237,158,700,700,http://localhost:8079/?token=518473098&user=-1355039501&config=3,4268,0,1054
1777971601860,4263,HTTP Request,503,Service Unavailable,Tim 1-59,text,false,,237,158,700,700,http://localhost:8079/?token=518473098&user=-1355039501&config=3,4263,0,1049
1777971601861,4263,HTTP Request,503,Service Unavailable,Tim 1-134,text,false,,237,158,700,700,http://localhost:8079/?token=518473098&user=-1355039501&config=3,4263,0,1048
1777971601860,4264,HTTP Request,503,Service Unavailable,Tim 1-61,text,false,,237,158,700,700,http://localhost:8079/?token=518473098&user=-1355039501&config=3,4264,0,1049
1777971601855,4269,HTTP Request,503,Service Unavailable,Tim 1-488,text,false,,237,158,700,700,http://localhost:8079/?token=518473098&user=-1355039501&config=3,4269,0,1054
1777971601861,4263,HTTP Request,503,Service Unavailable,Tim 1-130,text,false,,237,158,700,700,http://localhost:8079/?token=518473098&user=-1355039501&config=3,4263,0,1048
1777971601855,4268,HTTP Request,503,Service Unavailable,Tim 1-478,text,false,,237,158,700,700,http://localhost:8079/?token=518473098&user=-1355039501&config=3,4268,0,1054
1777971601861,4262,HTTP Request,503,Service Unavailable,Tim 1-194,text,false,,237,158,700,700,http://localhost:8079/?token=518473098&user=-1355039501&config=3,4262,0,1048
1777971604238,1887,HTTP Request,503,Service Unavailable,Tim 1-16,text,false,,237,158,700,700,http://localhost:8079/?token=518473098&user=-1355039501&config=3,1887,0,0
1777971604237,1888,HTTP Request,503,Service Unavailable,Tim 1-634,text,false,,237,158,700,700,http://localhost:8079/?token=518473098&user=-1355039501&config=3,1888,0,0
1777971604237,1888,HTTP Request,503,Service Unavailable,Tim 1-655,text,false,,237,158,700,700,http://localhost:8079/?token=518473098&user=-1355039501&config=3,1888,0,0
1777971604238,1887,HTTP Request,503,Service Unavailable,Tim 1-566,text,false,,237,158,700,700,http://localhost:8079/?token=518473098&user=-1355039501&config=3,1887,0,0
1777971604238,1887,HTTP Request,503,Service Unavailable,Tim 1-86,text,false,,237,158,700,700,http://localhost:8079/?token=518473098&user=-1355039501&config=3,1887,0,0
1777971604238,1887,HTTP Request,503,Service Unavailable,Tim 1-617,text,false,,237,158,700,700,http://localhost:8079/?token=518473098&user=-1355039501&config=3,1887,0,0
1777971604238,1887,HTTP Request,503,Service Unavailable,Tim 1-37,text,false,,237,158,700,700,http://localhost:8079/?token=518473098&user=-1355039501&config=3,1887,0,0
1777971604238,1887,HTTP Request,503,Service Unavailable,Tim 1-153,text,false,,237,158,700,700,http://localhost:8079/?token=518473098&user=-1355039501&config=3,1887,0,0
1777971604238,1887,HTTP Request,503,Service Unavailable,Tim 1-174,text,false,,237,158,700,700,http://localhost:8079/?token=518473098&user=-1355039501&config=3,1887,0,0
1777971604238,1887,HTTP Request,503,Service Unavailable,Tim 1-36,text,false,,237,158,700,700,http://localhost:8079/?token=518473098&user=-1355039501&config=3,1887,0,0
1777971604238,1887,HTTP Request,503,Service Unavailable,Tim 1-584,text,false,,237,158,700,700,http://localhost:8079/?token=518473098&user=-1355039501&config=3,1887,0,0
1777971604241,1884,HTTP Request,503,Service Unavailable,Tim 1-107,text,false,,237,158,700,700,http://localhost:8079/?token=518473098&user=-1355039501&config=3,1884,0,0
1777971601855,4270,HTTP Request,503,Service Unavailable,Tim 1-460,text,false,,237,158,700,700,http://localhost:8079/?token=518473098&user=-1355039501&config=3,4270,0,1054
1777971601860,4265,HTTP Request,503,Service Unavailable,Tim 1-73,text,false,,237,158,700,700,http://localhost:8079/?token=518473098&user=-1355039501&config=3,4265,0,1049
1777971601855,4270,HTTP Request,503,Service Unavailable,Tim 1-477,text,false,,237,158,700,700,http://localhost:8079/?token=518473098&user=-1355039501&config=3,4270,0,1054
1777971604237,1889,HTTP Request,503,Service Unavailable,Tim 1-656,text,false,,237,158,700,700,http://localhost:8079/?token=518473098&user=-1355039501&config=3,1889,0,0
1777971604238,1888,HTTP Request,503,Service Unavailable,Tim 1-83,text,false,,237,158,700,700,http://localhost:8079/?token=518473098&user=-1355039501&config=3,1888,0,0
1777971604238,1888,HTTP Request,503,Service Unavailable,Tim 1-618,text,false,,237,158,700,700,http://localhost:8079/?token=518473098&user=-1355039501&config=3,1888,0,0
1777971601855,4271,HTTP Request,503,Service Unavailable,Tim 1-492,text,false,,237,158,700,700,http://localhost:8079/?token=518473098&user=-1355039501&config=3,4271,0,1054
1777971601860,4266,HTTP Request,503,Service Unavailable,Tim 1-123,text,false,,237,158,700,700,http://localhost:8079/?token=518473098&user=-1355039501&config=3,4266,0,1049
1777971604238,1888,HTTP Request,503,Service Unavailable,Tim 1-556,text,false,,237,158,700,700,http://localhost:8079/?token=518473098&user=-1355039501&config=3,1888,0,0
1777971604238,1888,HTTP Request,503,Service Unavailable,Tim 1-581,text,false,,237,158,700,700,http://localhost:8079/?token=518473098&user=-1355039501&config=3,1888,0,0
1777971604238,1888,HTTP Request,503,Service Unavailable,Tim 1-105,text,false,,237,158,700,700,http://localhost:8079/?token=518473098&user=-1355039501&config=3,1888,0,0
1777971604238,1888,HTTP Request,503,Service Unavailable,Tim 1-106,text,false,,237,158,700,700,http://localhost:8079/?token=518473098&user=-1355039501&config=3,1888,0,0
1777971601861,4266,HTTP Request,503,Service Unavailable,Tim 1-196,text,false,,237,158,700,700,http://localhost:8079/?token=518473098&user=-1355039501&config=3,4266,0,1048
1777971601855,4272,HTTP Request,503,Service Unavailable,Tim 1-464,text,false,,237,158,700,700,http://localhost:8079/?token=518473098&user=-1355039501&config=3,4272,0,1054
1777971604251,1880,HTTP Request,503,Service Unavailable,Tim 1-628,text,false,,237,158,700,700,http://localhost:8079/?token=518473098&user=-1355039501&config=3,1880,0,0
1777971601837,4294,HTTP Request,200,OK,Tim 1-635,text,true,,231,158,700,700,http://localhost:8079/?token=518473098&user=-1355039501&config=3,4294,0,0
1777971595779,10352,HTTP Request,200,OK,Tim 1-328,text,true,,231,158,700,700,http://localhost:8079/?token=518473098&user=-1355039501&config=3,10352,0,1
1777971595779,10352,HTTP Request,200,OK,Tim 1-323,text,true,,231,158,700,700,http://localhost:8079/?token=518473098&user=-1355039501&config=3,10352,0,1
1777971601837,4294,HTTP Request,200,OK,Tim 1-637,text,true,,231,158,700,700,http://localhost:8079/?token=518473098&user=-1355039501&config=3,4294,0,0
1777971604243,1888,HTTP Request,503,Service Unavailable,Tim 1-657,text,false,,237,158,700,700,http://localhost:8079/?token=518473098&user=-1355039501&config=3,1888,0,0
1777971595779,10352,HTTP Request,200,OK,Tim 1-362,text,true,,231,158,700,700,http://localhost:8079/?token=518473098&user=-1355039501&config=3,10352,0,1
1777971604251,1880,HTTP Request,503,Service Unavailable,Tim 1-641,text,false,,237,158,700,700,http://localhost:8079/?token=518473098&user=-1355039501&config=3,1880,0,0
1777971595779,10352,HTTP Request,200,OK,Tim 1-338,text,true,,231,158,700,700,http://localhost:8079/?token=518473098&user=-1355039501&config=3,10352,0,1
1777971601838,4294,HTTP Request,200,OK,Tim 1-99,text,true,,231,158,700,700,http://localhost:8079/?token=518473098&user=-1355039501&config=3,4294,0,0
1777971601837,4295,HTTP Request,200,OK,Tim 1-396,text,true,,231,158,700,700,http://localhost:8079/?token=518473098&user=-1355039501&config=3,4295,0,0
1777971604244,1888,HTTP Request,503,Service Unavailable,Tim 1-613,text,false,,237,158,700,700,http://localhost:8079/?token=518473098&user=-1355039501&config=3,1888,0,0
1777971604252,1880,HTTP Request,503,Service Unavailable,Tim 1-598,text,false,,237,158,700,700,http://localhost:8079/?token=518473098&user=-1355039501&config=3,1880,0,0
1777971604252,1880,HTTP Request,503,Service Unavailable,Tim 1-597,text,false,,237,158,700,700,http://localhost:8079/?token=518473098&user=-1355039501&config=3,1880,0,0
1777971604252,1880,HTTP Request,503,Service Unavailable,Tim 1-594,text,false,,237,158,700,700,http://localhost:8079/?token=518473098&user=-1355039501&config=3,1880,0,0
1777971604252,1880,HTTP Request,503,Service Unavailable,Tim 1-608,text,false,,237,158,700,700,http://localhost:8079/?token=518473098&user=-1355039501&config=3,1880,0,0
1777971604252,1880,HTTP Request,503,Service Unavailable,Tim 1-593,text,false,,237,158,700,700,http://localhost:8079/?token=518473098&user=-1355039501&config=3,1880,0,0
1777971604252,1880,HTTP Request,503,Service Unavailable,Tim 1-586,text,false,,237,158,700,700,http://localhost:8079/?token=518473098&user=-1355039501&config=3,1880,0,0
1777971595779,10353,HTTP Request,200,OK,Tim 1-315,text,true,,231,158,700,700,http://localhost:8079/?token=518473098&user=-1355039501&config=3,10353,0,1
1777971601838,4294,HTTP Request,200,OK,Tim 1-650,text,true,,231,158,700,700,http://localhost:8079/?token=518473098&user=-1355039501&config=3,4294,0,0
1777971595779,10353,HTTP Request,200,OK,Tim 1-316,text,true,,231,158,700,700,http://localhost:8079/?token=518473098&user=-1355039501&config=3,10353,0,1
1777971595780,10352,HTTP Request,200,OK,Tim 1-336,text,true,,231,158,700,700,http://localhost:8079/?token=518473098&user=-1355039501&config=3,10352,0,0
1777971595779,10353,HTTP Request,200,OK,Tim 1-363,text,true,,231,158,700,700,http://localhost:8079/?token=518473098&user=-1355039501&config=3,10353,0,1
1777971604252,1880,HTTP Request,503,Service Unavailable,Tim 1-606,text,false,,237,158,700,700,http://localhost:8079/?token=518473098&user=-1355039501&config=3,1880,0,0
1777971595780,10352,HTTP Request,200,OK,Tim 1-314,text,true,,231,158,700,700,http://localhost:8079/?token=518473098&user=-1355039501&config=3,10352,0,0
1777971604238,1894,HTTP Request,503,Service Unavailable,Tim 1-583,text,false,,237,158,700,700,http://localhost:8079/?token=518473098&user=-1355039501&config=3,1894,0,0
1777971595779,10353,HTTP Request,200,OK,Tim 1-317,text,true,,231,158,700,700,http://localhost:8079/?token=518473098&user=-1355039501&config=3,10353,0,1
1777971595780,10352,HTTP Request,200,OK,Tim 1-646,text,true,,231,158,700,700,http://localhost:8079/?token=518473098&user=-1355039501&config=3,10352,0,0
1777971604252,1880,HTTP Request,503,Service Unavailable,Tim 1-30,text,false,,237,158,700,700,http://localhost:8079/?token=518473098&user=-1355039501&config=3,1880,0,0
1777971595780,10352,HTTP Request,200,OK,Tim 1-345,text,true,,231,158,700,700,http://localhost:8079/?token=518473098&user=-1355039501&config=3,10352,0,0
1777971595780,10352,HTTP Request,200,OK,Tim 1-313,text,true,,231,158,700,700,http://localhost:8079/?token=518473098&user=-1355039501&config=3,10352,0,0
1777971595780,10352,HTTP Request,200,OK,Tim 1-324,text,true,,231,158,700,700,http://localhost:8079/?token=518473098&user=-1355039501&config=3,10352,0,0
1777971595780,10352,HTTP Request,200,OK,Tim 1-355,text,true,,231,158,700,700,http://localhost:8079/?token=518473098&user=-1355039501&config=3,10352,0,0
1777971595780,10352,HTTP Request,200,OK,Tim 1-349,text,true,,231,158,700,700,http://localhost:8079/?token=518473098&user=-1355039501&config=3,10352,0,0
1777971601838,4294,HTTP Request,200,OK,Tim 1-652,text,true,,231,158,700,700,http://localhost:8079/?token=518473098&user=-1355039501&config=3,4294,0,0
1777971595780,10352,HTTP Request,200,OK,Tim 1-348,text,true,,231,158,700,700,http://localhost:8079/?token=518473098&user=-1355039501&config=3,10352,0,0
1777971595780,10352,HTTP Request,200,OK,Tim 1-331,text,true,,231,158,700,700,http://localhost:8079/?token=518473098&user=-1355039501&config=3,10352,0,0
1777971595780,10352,HTTP Request,200,OK,Tim 1-330,text,true,,231,158,700,700,http://localhost:8079/?token=518473098&user=-1355039501&config=3,10352,0,0
1777971595780,10352,HTTP Request,200,OK,Tim 1-350,text,true,,231,158,700,700,http://localhost:8079/?token=518473098&user=-1355039501&config=3,10352,0,0
1777971595780,10352,HTTP Request,200,OK,Tim 1-353,text,true,,231,158,700,700,http://localhost:8079/?token=518473098&user=-1355039501&config=3,10352,0,0
1777971595780,10352,HTTP Request,200,OK,Tim 1-347,text,true,,231,158,700,700,http://localhost:8079/?token=518473098&user=-1355039501&config=3,10352,0,0
1777971595780,10352,HTTP Request,200,OK,Tim 1-332,text,true,,231,158,700,700,http://localhost:8079/?token=518473098&user=-1355039501&config=3,10352,0,1
1777971595781,10351,HTTP Request,200,OK,Tim 1-354,text,true,,231,158,700,700,http://localhost:8079/?token=518473098&user=-1355039501&config=3,10351,0,0
1777971604252,1880,HTTP Request,503,Service Unavailable,Tim 1-611,text,false,,237,158,700,700,http://localhost:8079/?token=518473098&user=-1355039501&config=3,1880,0,0
1777971595780,10352,HTTP Request,200,OK,Tim 1-364,text,true,,231,158,700,700,http://localhost:8079/?token=518473098&user=-1355039501&config=3,10352,0,1
1777971604252,1880,HTTP Request,503,Service Unavailable,Tim 1-13,text,false,,237,158,700,700,http://localhost:8079/?token=518473098&user=-1355039501&config=3,1880,0,0
1777971604252,1880,HTTP Request,503,Service Unavailable,Tim 1-616,text,false,,237,158,700,700,http://localhost:8079/?token=518473098&user=-1355039501&config=3,1880,0,0
1777971604238,1894,HTTP Request,503,Service Unavailable,Tim 1-15,text,false,,237,158,700,700,http://localhost:8079/?token=518473098&user=-1355039501&config=3,1894,0,0
1777971604252,1880,HTTP Request,503,Service Unavailable,Tim 1-11,text,false,,237,158,700,700,http://localhost:8079/?token=518473098&user=-1355039501&config=3,1880,0,0
1777971604252,1880,HTTP Request,503,Service Unavailable,Tim 1-609,text,false,,237,158,700,700,http://localhost:8079/?token=518473098&user=-1355039501&config=3,1880,0,0
1777971604238,1894,HTTP Request,503,Service Unavailable,Tim 1-14,text,false,,237,158,700,700,http://localhost:8079/?token=518473098&user=-1355039501&config=3,1894,0,0
1777971604238,1894,HTTP Request,503,Service Unavailable,Tim 1-154,text,false,,237,158,700,700,http://localhost:8079/?token=518473098&user=-1355039501&config=3,1894,0,0
1777971604252,1880,HTTP Request,503,Service Unavailable,Tim 1-619,text,false,,237,158,700,700,http://localhost:8079/?token=518473098&user=-1355039501&config=3,1880,0,0
1777971604245,1887,HTTP Request,503,Service Unavailable,Tim 1-224,text,false,,237,158,700,700,http://localhost:8079/?token=518473098&user=-1355039501&config=3,1887,0,0
1777971601838,4294,HTTP Request,200,OK,Tim 1-384,text,true,,231,158,700,700,http://localhost:8079/?token=518473098&user=-1355039501&config=3,4294,0,0
1777971604238,1894,HTTP Request,503,Service Unavailable,Tim 1-155,text,false,,237,158,700,700,http://localhost:8079/?token=518473098&user=-1355039501&config=3,1894,0,0
1777971601838,4294,HTTP Request,200,OK,Tim 1-380,text,true,,231,158,700,700,http://localhost:8079/?token=518473098&user=-1355039501&config=3,4294,0,0
1777971604244,1888,HTTP Request,503,Service Unavailable,Tim 1-225,text,false,,237,158,700,700,http://localhost:8079/?token=518473098&user=-1355039501&config=3,1888,0,0
1777971601838,4295,HTTP Request,200,OK,Tim 1-383,text,true,,231,158,700,700,http://localhost:8079/?token=518473098&user=-1355039501&config=3,4295,0,0
1777971604238,1895,HTTP Request,503,Service Unavailable,Tim 1-35,text,false,,237,158,700,700,http://localhost:8079/?token=518473098&user=-1355039501&config=3,1895,0,0
1777971601838,4295,HTTP Request,200,OK,Tim 1-626,text,true,,231,158,700,700,http://localhost:8079/?token=518473098&user=-1355039501&config=3,4295,0,0
1777971601838,4295,HTTP Request,200,OK,Tim 1-378,text,true,,231,158,700,700,http://localhost:8079/?token=518473098&user=-1355039501&config=3,4295,0,0
1777971604238,1895,HTTP Request,503,Service Unavailable,Tim 1-171,text,false,,237,158,700,700,http://localhost:8079/?token=518473098&user=-1355039501&config=3,1895,0,0
1777971604245,1888,HTTP Request,503,Service Unavailable,Tim 1-177,text,false,,237,158,700,700,http://localhost:8079/?token=518473098&user=-1355039501&config=3,1888,0,0
1777971604238,1895,HTTP Request,503,Service Unavailable,Tim 1-577,text,false,,237,158,700,700,http://localhost:8079/?token=518473098&user=-1355039501&config=3,1895,0,0
1777971604238,1895,HTTP Request,503,Service Unavailable,Tim 1-103,text,false,,237,158,700,700,http://localhost:8079/?token=518473098&user=-1355039501&config=3,1895,0,0
1777971601855,4278,HTTP Request,503,Service Unavailable,Tim 1-484,text,false,,237,158,700,700,http://localhost:8079/?token=518473098&user=-1355039501&config=3,4278,0,1054
1777971601838,4295,HTTP Request,200,OK,Tim 1-390,text,true,,231,158,700,700,http://localhost:8079/?token=518473098&user=-1355039501&config=3,4295,0,0
1777971601861,4272,HTTP Request,503,Service Unavailable,Tim 1-211,text,false,,237,158,700,700,http://localhost:8079/?token=518473098&user=-1355039501&config=3,4272,0,1048
1777971604237,1897,HTTP Request,503,Service Unavailable,Tim 1-24,text,false,,237,158,700,700,http://localhost:8079/?token=518473098&user=-1355039501&config=3,1897,0,1
1777971604237,1897,HTTP Request,503,Service Unavailable,Tim 1-29,text,false,,237,158,700,700,http://localhost:8079/?token=518473098&user=-1355039501&config=3,1897,0,1
1777971604253,1881,HTTP Request,503,Service Unavailable,Tim 1-673,text,false,,237,158,700,700,http://localhost:8079/?token=518473098&user=-1355039501&config=3,1881,0,0
1777971604251,1883,HTTP Request,503,Service Unavailable,Tim 1-659,text,false,,237,158,700,700,http://localhost:8079/?token=518473098&user=-1355039501&config=3,1883,0,0
1777971604251,1883,HTTP Request,503,Service Unavailable,Tim 1-663,text,false,,237,158,700,700,http://localhost:8079/?token=518473098&user=-1355039501&config=3,1883,0,0
1777971604251,1883,HTTP Request,503,Service Unavailable,Tim 1-670,text,false,,237,158,700,700,http://localhost:8079/?token=518473098&user=-1355039501&config=3,1883,0,0
1777971604251,1883,HTTP Request,503,Service Unavailable,Tim 1-667,text,false,,237,158,700,700,http://localhost:8079/?token=518473098&user=-1355039501&config=3,1883,0,0
1777971604253,1881,HTTP Request,503,Service Unavailable,Tim 1-622,text,false,,237,158,700,700,http://localhost:8079/?token=518473098&user=-1355039501&config=3,1881,0,0
1777971604254,1880,HTTP Request,503,Service Unavailable,Tim 1-684,text,false,,237,158,700,700,http://localhost:8079/?token=518473098&user=-1355039501&config=3,1880,0,0
1777971604256,1878,HTTP Request,503,Service Unavailable,Tim 1-692,text,false,,237,158,700,700,http://localhost:8079/?token=518473098&user=-1355039501&config=3,1878,0,0
1777971604256,1878,HTTP Request,503,Service Unavailable,Tim 1-691,text,false,,237,158,700,700,http://localhost:8079/?token=518473098&user=-1355039501&config=3,1878,0,0
1777971604256,1878,HTTP Request,503,Service Unavailable,Tim 1-698,text,false,,237,158,700,700,http://localhost:8079/?token=518473098&user=-1355039501&config=3,1878,0,0
1777971604257,1877,HTTP Request,503,Service Unavailable,Tim 1-41,text,false,,237,158,700,700,http://localhost:8079/?token=518473098&user=-1355039501&config=3,1877,0,0
1777971604254,1880,HTTP Request,503,Service Unavailable,Tim 1-681,text,false,,237,158,700,700,http://localhost:8079/?token=518473098&user=-1355039501&config=3,1880,0,0
1777971604254,1880,HTTP Request,503,Service Unavailable,Tim 1-682,text,false,,237,158,700,700,http://localhost:8079/?token=518473098&user=-1355039501&config=3,1880,0,0
1777971604254,1880,HTTP Request,503,Service Unavailable,Tim 1-674,text,false,,237,158,700,700,http://localhost:8079/?token=518473098&user=-1355039501&config=3,1880,0,0
1777971604254,1880,HTTP Request,503,Service Unavailable,Tim 1-680,text,false,,237,158,700,700,http://localhost:8079/?token=518473098&user=-1355039501&config=3,1880,0,0
1777971604317,1817,HTTP Request,503,Service Unavailable,Tim 1-112,text,false,,237,158,700,700,http://localhost:8079/?token=518473098&user=-1355039501&config=3,1817,0,0
1777971604254,1880,HTTP Request,503,Service Unavailable,Tim 1-687,text,false,,237,158,700,700,http://localhost:8079/?token=518473098&user=-1355039501&config=3,1880,0,0
1777971604254,1880,HTTP Request,503,Service Unavailable,Tim 1-689,text,false,,237,158,700,700,http://localhost:8079/?token=518473098&user=-1355039501&config=3,1880,0,0
1777971604257,1877,HTTP Request,503,Service Unavailable,Tim 1-42,text,false,,237,158,700,700,http://localhost:8079/?token=518473098&user=-1355039501&config=3,1877,0,0
1777971604257,1878,HTTP Request,503,Service Unavailable,Tim 1-117,text,false,,237,158,700,700,http://localhost:8079/?token=518473098&user=-1355039501&config=3,1878,0,0
1777971604257,1878,HTTP Request,503,Service Unavailable,Tim 1-114,text,false,,237,158,700,700,http://localhost:8079/?token=518473098&user=-1355039501&config=3,1878,0,0
1777971604317,1820,HTTP Request,503,Service Unavailable,Tim 1-552,text,false,,237,158,700,700,http://localhost:8079/?token=518473098&user=-1355039501&config=3,1820,0,0
1777971604317,1820,HTTP Request,503,Service Unavailable,Tim 1-23,text,false,,237,158,700,700,http://localhost:8079/?token=518473098&user=-1355039501&config=3,1820,0,0
1777971604317,1820,HTTP Request,503,Service Unavailable,Tim 1-567,text,false,,237,158,700,700,http://localhost:8079/?token=518473098&user=-1355039501&config=3,1820,0,0
1777971604251,1886,HTTP Request,503,Service Unavailable,Tim 1-633,text,false,,237,158,700,700,http://localhost:8079/?token=518473098&user=-1355039501&config=3,1886,0,0
1777971604317,1820,HTTP Request,503,Service Unavailable,Tim 1-22,text,false,,237,158,700,700,http://localhost:8079/?token=518473098&user=-1355039501&config=3,1820,0,0
1777971604317,1820,HTTP Request,503,Service Unavailable,Tim 1-558,text,false,,237,158,700,700,http://localhost:8079/?token=518473098&user=-1355039501&config=3,1820,0,0
1777971604251,1886,HTTP Request,503,Service Unavailable,Tim 1-658,text,false,,237,158,700,700,http://localhost:8079/?token=518473098&user=-1355039501&config=3,1886,0,0
1777971604317,1820,HTTP Request,503,Service Unavailable,Tim 1-549,text,false,,237,158,700,700,http://localhost:8079/?token=518473098&user=-1355039501&config=3,1820,0,0
1777971604317,1820,HTTP Request,503,Service Unavailable,Tim 1-88,text,false,,237,158,700,700,http://localhost:8079/?token=518473098&user=-1355039501&config=3,1820,0,0
1777971604317,1820,HTTP Request,503,Service Unavailable,Tim 1-19,text,false,,237,158,700,700,http://localhost:8079/?token=518473098&user=-1355039501&config=3,1820,0,0
1777971604317,1820,HTTP Request,503,Service Unavailable,Tim 1-17,text,false,,237,158,700,700,http://localhost:8079/?token=518473098&user=-1355039501&config=3,1820,0,0
1777971604251,1886,HTTP Request,503,Service Unavailable,Tim 1-662,text,false,,237,158,700,700,http://localhost:8079/?token=518473098&user=-1355039501&config=3,1886,0,0
1777971604251,1886,HTTP Request,503,Service Unavailable,Tim 1-668,text,false,,237,158,700,700,http://localhost:8079/?token=518473098&user=-1355039501&config=3,1886,0,0
1777971604252,1885,HTTP Request,503,Service Unavailable,Tim 1-600,text,false,,237,158,700,700,http://localhost:8079/?token=518473098&user=-1355039501&config=3,1885,0,0
1777971604252,1885,HTTP Request,503,Service Unavailable,Tim 1-604,text,false,,237,158,700,700,http://localhost:8079/?token=518473098&user=-1355039501&config=3,1885,0,0
1777971604317,1820,HTTP Request,503,Service Unavailable,Tim 1-562,text,false,,237,158,700,700,http://localhost:8079/?token=518473098&user=-1355039501&config=3,1820,0,0
1777971604317,1820,HTTP Request,503,Service Unavailable,Tim 1-563,text,false,,237,158,700,700,http://localhost:8079/?token=518473098&user=-1355039501&config=3,1820,0,0
1777971604252,1886,HTTP Request,503,Service Unavailable,Tim 1-614,text,false,,237,158,700,700,http://localhost:8079/?token=518473098&user=-1355039501&config=3,1886,0,0
1777971604253,1885,HTTP Request,503,Service Unavailable,Tim 1-621,text,false,,237,158,700,700,http://localhost:8079/?token=518473098&user=-1355039501&config=3,1885,0,0
1777971604253,1885,HTTP Request,503,Service Unavailable,Tim 1-623,text,false,,237,158,700,700,http://localhost:8079/?token=518473098&user=-1355039501&config=3,1885,0,0
1777971604252,1886,HTTP Request,503,Service Unavailable,Tim 1-615,text,false,,237,158,700,700,http://localhost:8079/?token=518473098&user=-1355039501&config=3,1886,0,0
1777971604254,1884,HTTP Request,503,Service Unavailable,Tim 1-685,text,false,,237,158,700,700,http://localhost:8079/?token=518473098&user=-1355039501&config=3,1884,0,0
1777971604253,1885,HTTP Request,503,Service Unavailable,Tim 1-653,text,false,,237,158,700,700,http://localhost:8079/?token=518473098&user=-1355039501&config=3,1885,0,0
1777971604254,1884,HTTP Request,503,Service Unavailable,Tim 1-683,text,false,,237,158,700,700,http://localhost:8079/?token=518473098&user=-1355039501&config=3,1884,0,0
1777971604254,1884,HTTP Request,503,Service Unavailable,Tim 1-686,text,false,,237,158,700,700,http://localhost:8079/?token=518473098&user=-1355039501&config=3,1884,0,0
1777971604252,1886,HTTP Request,503,Service Unavailable,Tim 1-601,text,false,,237,158,700,700,http://localhost:8079/?token=518473098&user=-1355039501&config=3,1886,0,0
1777971604253,1885,HTTP Request,503,Service Unavailable,Tim 1-672,text,false,,237,158,700,700,http://localhost:8079/?token=518473098&user=-1355039501&config=3,1885,0,0
1777971604254,1884,HTTP Request,503,Service Unavailable,Tim 1-677,text,false,,237,158,700,700,http://localhost:8079/?token=518473098&user=-1355039501&config=3,1884,0,0
1777971604257,1881,HTTP Request,503,Service Unavailable,Tim 1-31,text,false,,237,158,700,700,http://localhost:8079/?token=518473098&user=-1355039501&config=3,1881,0,0
1777971604257,1881,HTTP Request,503,Service Unavailable,Tim 1-44,text,false,,237,158,700,700,http://localhost:8079/?token=518473098&user=-1355039501&config=3,1881,0,0
1777971604254,1884,HTTP Request,503,Service Unavailable,Tim 1-688,text,false,,237,158,700,700,http://localhost:8079/?token=518473098&user=-1355039501&config=3,1884,0,0
1777971604252,1885,HTTP Request,503,Service Unavailable,Tim 1-590,text,false,,237,158,700,700,http://localhost:8079/?token=518473098&user=-1355039501&config=3,1885,0,0
1777971604317,1821,HTTP Request,503,Service Unavailable,Tim 1-179,text,false,,237,158,700,700,http://localhost:8079/?token=518473098&user=-1355039501&config=3,1821,0,0
1777971604256,1882,HTTP Request,503,Service Unavailable,Tim 1-696,text,false,,237,158,700,700,http://localhost:8079/?token=518473098&user=-1355039501&config=3,1882,0,0
1777971604257,1881,HTTP Request,503,Service Unavailable,Tim 1-110,text,false,,237,158,700,700,http://localhost:8079/?token=518473098&user=-1355039501&config=3,1881,0,0
1777971604257,1881,HTTP Request,503,Service Unavailable,Tim 1-180,text,false,,237,158,700,700,http://localhost:8079/?token=518473098&user=-1355039501&config=3,1881,0,0
1777971604256,1882,HTTP Request,503,Service Unavailable,Tim 1-697,text,false,,237,158,700,700,http://localhost:8079/?token=518473098&user=-1355039501&config=3,1882,0,0
1777971604317,1821,HTTP Request,503,Service Unavailable,Tim 1-183,text,false,,237,158,700,700,http://localhost:8079/?token=518473098&user=-1355039501&config=3,1821,0,0
1777971604252,1885,HTTP Request,503,Service Unavailable,Tim 1-595,text,false,,237,158,700,700,http://localhost:8079/?token=518473098&user=-1355039501&config=3,1885,0,0
1777971604318,1820,HTTP Request,503,Service Unavailable,Tim 1-182,text,false,,237,158,700,700,http://localhost:8079/?token=518473098&user=-1355039501&config=3,1820,0,0
1777971604253,1885,HTTP Request,503,Service Unavailable,Tim 1-34,text,false,,237,158,700,700,http://localhost:8079/?token=518473098&user=-1355039501&config=3,1885,0,0
1777971604254,1884,HTTP Request,503,Service Unavailable,Tim 1-676,text,false,,237,158,700,700,http://localhost:8079/?token=518473098&user=-1355039501&config=3,1884,0,0
1777971604237,1905,HTTP Request,503,Service Unavailable,Tim 1-164,text,false,,237,158,700,700,http://localhost:8079/?token=518473098&user=-1355039501&config=3,1905,0,1
1777971604237,1905,HTTP Request,503,Service Unavailable,Tim 1-26,text,false,,237,158,700,700,http://localhost:8079/?token=518473098&user=-1355039501&config=3,1905,0,1
1777971604237,1905,HTTP Request,503,Service Unavailable,Tim 1-165,text,false,,237,158,700,700,http://localhost:8079/?token=518473098&user=-1355039501&config=3,1905,0,1
1777971604237,1905,HTTP Request,503,Service Unavailable,Tim 1-95,text,false,,237,158,700,700,http://localhost:8079/?token=518473098&user=-1355039501&config=3,1905,0,1
1777971604237,1905,HTTP Request,503,Service Unavailable,Tim 1-166,text,false,,237,158,700,700,http://localhost:8079/?token=518473098&user=-1355039501&config=3,1905,0,1
1777971604237,1905,HTTP Request,503,Service Unavailable,Tim 1-25,text,false,,237,158,700,700,http://localhost:8079/?token=518473098&user=-1355039501&config=3,1905,0,1
1777971604237,1905,HTTP Request,503,Service Unavailable,Tim 1-168,text,false,,237,158,700,700,http://localhost:8079/?token=518473098&user=-1355039501&config=3,1905,0,1
1777971604317,1825,HTTP Request,503,Service Unavailable,Tim 1-87,text,false,,237,158,700,700,http://localhost:8079/?token=518473098&user=-1355039501&config=3,1825,0,0
1777971604237,1905,HTTP Request,503,Service Unavailable,Tim 1-94,text,false,,237,158,700,700,http://localhost:8079/?token=518473098&user=-1355039501&config=3,1905,0,1
1777971604251,1891,HTTP Request,503,Service Unavailable,Tim 1-660,text,false,,237,158,700,700,http://localhost:8079/?token=518473098&user=-1355039501&config=3,1891,0,0
1777971604237,1905,HTTP Request,503,Service Unavailable,Tim 1-28,text,false,,237,158,700,700,http://localhost:8079/?token=518473098&user=-1355039501&config=3,1905,0,1
1777971604237,1905,HTTP Request,503,Service Unavailable,Tim 1-27,text,false,,237,158,700,700,http://localhost:8079/?token=518473098&user=-1355039501&config=3,1905,0,1
1777971604317,1825,HTTP Request,503,Service Unavailable,Tim 1-21,text,false,,237,158,700,700,http://localhost:8079/?token=518473098&user=-1355039501&config=3,1825,0,0
1777971604237,1906,HTTP Request,503,Service Unavailable,Tim 1-97,text,false,,237,158,700,700,http://localhost:8079/?token=518473098&user=-1355039501&config=3,1906,0,1
1777971604237,1906,HTTP Request,503,Service Unavailable,Tim 1-98,text,false,,237,158,700,700,http://localhost:8079/?token=518473098&user=-1355039501&config=3,1906,0,1
1777971604243,1900,HTTP Request,503,Service Unavailable,Tim 1-245,text,false,,237,158,700,700,http://localhost:8079/?token=518473098&user=-1355039501&config=3,1900,0,0
1777971604237,1906,HTTP Request,503,Service Unavailable,Tim 1-163,text,false,,237,158,700,700,http://localhost:8079/?token=518473098&user=-1355039501&config=3,1906,0,1
1777971604237,1906,HTTP Request,503,Service Unavailable,Tim 1-96,text,false,,237,158,700,700,http://localhost:8079/?token=518473098&user=-1355039501&config=3,1906,0,1
1777971604243,1900,HTTP Request,503,Service Unavailable,Tim 1-234,text,false,,237,158,700,700,http://localhost:8079/?token=518473098&user=-1355039501&config=3,1900,0,0
1777971604243,1900,HTTP Request,503,Service Unavailable,Tim 1-248,text,false,,237,158,700,700,http://localhost:8079/?token=518473098&user=-1355039501&config=3,1900,0,0
1777971604243,1900,HTTP Request,503,Service Unavailable,Tim 1-236,text,false,,237,158,700,700,http://localhost:8079/?token=518473098&user=-1355039501&config=3,1900,0,0
1777971604243,1900,HTTP Request,503,Service Unavailable,Tim 1-235,text,false,,237,158,700,700,http://localhost:8079/?token=518473098&user=-1355039501&config=3,1900,0,0
1777971604243,1900,HTTP Request,503,Service Unavailable,Tim 1-237,text,false,,237,158,700,700,http://localhost:8079/?token=518473098&user=-1355039501&config=3,1900,0,0
1777971604243,1900,HTTP Request,503,Service Unavailable,Tim 1-251,text,false,,237,158,700,700,http://localhost:8079/?token=518473098&user=-1355039501&config=3,1900,0,0
1777971604251,1892,HTTP Request,503,Service Unavailable,Tim 1-664,text,false,,237,158,700,700,http://localhost:8079/?token=518473098&user=-1355039501&config=3,1892,0,0
1777971604243,1900,HTTP Request,503,Service Unavailable,Tim 1-249,text,false,,237,158,700,700,http://localhost:8079/?token=518473098&user=-1355039501&config=3,1900,0,0
1777971604238,1905,HTTP Request,503,Service Unavailable,Tim 1-167,text,false,,237,158,700,700,http://localhost:8079/?token=518473098&user=-1355039501&config=3,1905,0,0
1777971604251,1892,HTTP Request,503,Service Unavailable,Tim 1-100,text,false,,237,158,700,700,http://localhost:8079/?token=518473098&user=-1355039501&config=3,1892,0,0
1777971604251,1892,HTTP Request,503,Service Unavailable,Tim 1-642,text,false,,237,158,700,700,http://localhost:8079/?token=518473098&user=-1355039501&config=3,1892,0,0
1777971604317,1826,HTTP Request,503,Service Unavailable,Tim 1-550,text,false,,237,158,700,700,http://localhost:8079/?token=518473098&user=-1355039501&config=3,1826,0,0
1777971604317,1826,HTTP Request,503,Service Unavailable,Tim 1-572,text,false,,237,158,700,700,http://localhost:8079/?token=518473098&user=-1355039501&config=3,1826,0,0
1777971604317,1826,HTTP Request,503,Service Unavailable,Tim 1-559,text,false,,237,158,700,700,http://localhost:8079/?token=518473098&user=-1355039501&config=3,1826,0,0
1777971604317,1826,HTTP Request,503,Service Unavailable,Tim 1-560,text,false,,237,158,700,700,http://localhost:8079/?token=518473098&user=-1355039501&config=3,1826,0,0
1777971604251,1892,HTTP Request,503,Service Unavailable,Tim 1-661,text,false,,237,158,700,700,http://localhost:8079/?token=518473098&user=-1355039501&config=3,1892,0,0
1777971604251,1892,HTTP Request,503,Service Unavailable,Tim 1-665,text,false,,237,158,700,700,http://localhost:8079/?token=518473098&user=-1355039501&config=3,1892,0,0
1777971604243,1900,HTTP Request,503,Service Unavailable,Tim 1-250,text,false,,237,158,700,700,http://localhost:8079/?token=518473098&user=-1355039501&config=3,1900,0,1
1777971604317,1826,HTTP Request,503,Service Unavailable,Tim 1-564,text,false,,237,158,700,700,http://localhost:8079/?token=518473098&user=-1355039501&config=3,1826,0,0
1777971601838,4305,HTTP Request,200,OK,Tim 1-638,text,true,,231,158,700,700,http://localhost:8079/?token=518473098&user=-1355039501&config=3,4305,0,0
1777971604317,1826,HTTP Request,503,Service Unavailable,Tim 1-574,text,false,,237,158,700,700,http://localhost:8079/?token=518473098&user=-1355039501&config=3,1826,0,0
1777971604252,1891,HTTP Request,503,Service Unavailable,Tim 1-671,text,false,,237,158,700,700,http://localhost:8079/?token=518473098&user=-1355039501&config=3,1891,0,0
1777971604251,1892,HTTP Request,503,Service Unavailable,Tim 1-395,text,false,,237,158,700,700,http://localhost:8079/?token=518473098&user=-1355039501&config=3,1892,0,0
1777971604252,1891,HTTP Request,503,Service Unavailable,Tim 1-607,text,false,,237,158,700,700,http://localhost:8079/?token=518473098&user=-1355039501&config=3,1891,0,0
1777971604251,1892,HTTP Request,503,Service Unavailable,Tim 1-669,text,false,,237,158,700,700,http://localhost:8079/?token=518473098&user=-1355039501&config=3,1892,0,0
1777971604251,1892,HTTP Request,503,Service Unavailable,Tim 1-666,text,false,,237,158,700,700,http://localhost:8079/?token=518473098&user=-1355039501&config=3,1892,0,0
1777971604252,1891,HTTP Request,503,Service Unavailable,Tim 1-32,text,false,,237,158,700,700,http://localhost:8079/?token=518473098&user=-1355039501&config=3,1891,0,0
1777971604252,1891,HTTP Request,503,Service Unavailable,Tim 1-591,text,false,,237,158,700,700,http://localhost:8079/?token=518473098&user=-1355039501&config=3,1891,0,0
1777971604252,1891,HTTP Request,503,Service Unavailable,Tim 1-176,text,false,,237,158,700,700,http://localhost:8079/?token=518473098&user=-1355039501&config=3,1891,0,0
1777971604252,1891,HTTP Request,503,Service Unavailable,Tim 1-596,text,false,,237,158,700,700,http://localhost:8079/?token=518473098&user=-1355039501&config=3,1891,0,0
1777971604252,1891,HTTP Request,503,Service Unavailable,Tim 1-612,text,false,,237,158,700,700,http://localhost:8079/?token=518473098&user=-1355039501&config=3,1891,0,0
1777971604317,1827,HTTP Request,503,Service Unavailable,Tim 1-576,text,false,,237,158,700,700,http://localhost:8079/?token=518473098&user=-1355039501&config=3,1827,0,0
1777971604252,1892,HTTP Request,503,Service Unavailable,Tim 1-592,text,false,,237,158,700,700,http://localhost:8079/?token=518473098&user=-1355039501&config=3,1892,0,0
1777971604252,1892,HTTP Request,503,Service Unavailable,Tim 1-603,text,false,,237,158,700,700,http://localhost:8079/?token=518473098&user=-1355039501&config=3,1892,0,0
1777971604252,1892,HTTP Request,503,Service Unavailable,Tim 1-610,text,false,,237,158,700,700,http://localhost:8079/?token=518473098&user=-1355039501&config=3,1892,0,0
1777971604252,1892,HTTP Request,503,Service Unavailable,Tim 1-588,text,false,,237,158,700,700,http://localhost:8079/?token=518473098&user=-1355039501&config=3,1892,0,0
1777971604252,1892,HTTP Request,503,Service Unavailable,Tim 1-605,text,false,,237,158,700,700,http://localhost:8079/?token=518473098&user=-1355039501&config=3,1892,0,0
1777971604252,1892,HTTP Request,503,Service Unavailable,Tim 1-599,text,false,,237,158,700,700,http://localhost:8079/?token=518473098&user=-1355039501&config=3,1892,0,0
1777971604252,1892,HTTP Request,503,Service Unavailable,Tim 1-602,text,false,,237,158,700,700,http://localhost:8079/?token=518473098&user=-1355039501&config=3,1892,0,0
1777971604253,1891,HTTP Request,503,Service Unavailable,Tim 1-38,text,false,,237,158,700,700,http://localhost:8079/?token=518473098&user=-1355039501&config=3,1891,0,0
1777971604253,1891,HTTP Request,503,Service Unavailable,Tim 1-620,text,false,,237,158,700,700,http://localhost:8079/?token=518473098&user=-1355039501&config=3,1891,0,0
1777971604254,1890,HTTP Request,503,Service Unavailable,Tim 1-679,text,false,,237,158,700,700,http://localhost:8079/?token=518473098&user=-1355039501&config=3,1890,0,0
1777971604254,1890,HTTP Request,503,Service Unavailable,Tim 1-675,text,false,,237,158,700,700,http://localhost:8079/?token=518473098&user=-1355039501&config=3,1890,0,0
1777971604253,1891,HTTP Request,503,Service Unavailable,Tim 1-33,text,false,,237,158,700,700,http://localhost:8079/?token=518473098&user=-1355039501&config=3,1891,0,0
1777971604253,1891,HTTP Request,503,Service Unavailable,Tim 1-654,text,false,,237,158,700,700,http://localhost:8079/?token=518473098&user=-1355039501&config=3,1891,0,0
1777971604256,1888,HTTP Request,503,Service Unavailable,Tim 1-694,text,false,,237,158,700,700,http://localhost:8079/?token=518473098&user=-1355039501&config=3,1888,0,0
1777971604254,1890,HTTP Request,503,Service Unavailable,Tim 1-678,text,false,,237,158,700,700,http://localhost:8079/?token=518473098&user=-1355039501&config=3,1890,0,0
1777971604257,1887,HTTP Request,503,Service Unavailable,Tim 1-589,text,false,,237,158,700,700,http://localhost:8079/?token=518473098&user=-1355039501&config=3,1887,0,0
1777971604255,1889,HTTP Request,503,Service Unavailable,Tim 1-690,text,false,,237,158,700,700,http://localhost:8079/?token=518473098&user=-1355039501&config=3,1889,0,0
1777971604257,1887,HTTP Request,503,Service Unavailable,Tim 1-115,text,false,,237,158,700,700,http://localhost:8079/?token=518473098&user=-1355039501&config=3,1887,0,0
1777971604256,1888,HTTP Request,503,Service Unavailable,Tim 1-695,text,false,,237,158,700,700,http://localhost:8079/?token=518473098&user=-1355039501&config=3,1888,0,0
1777971604317,1827,HTTP Request,503,Service Unavailable,Tim 1-43,text,false,,237,158,700,700,http://localhost:8079/?token=518473098&user=-1355039501&config=3,1827,0,0
1777971604317,1827,HTTP Request,503,Service Unavailable,Tim 1-170,text,false,,237,158,700,700,http://localhost:8079/?token=518473098&user=-1355039501&config=3,1827,0,0
1777971604256,1888,HTTP Request,503,Service Unavailable,Tim 1-113,text,false,,237,158,700,700,http://localhost:8079/?token=518473098&user=-1355039501&config=3,1888,0,0
1777971604317,1827,HTTP Request,503,Service Unavailable,Tim 1-101,text,false,,237,158,700,700,http://localhost:8079/?token=518473098&user=-1355039501&config=3,1827,0,0
1777971604317,1827,HTTP Request,503,Service Unavailable,Tim 1-40,text,false,,237,158,700,700,http://localhost:8079/?token=518473098&user=-1355039501&config=3,1827,0,0
1777971604257,1887,HTTP Request,503,Service Unavailable,Tim 1-699,text,false,,237,158,700,700,http://localhost:8079/?token=518473098&user=-1355039501&config=3,1887,0,0
1777971604318,1826,HTTP Request,503,Service Unavailable,Tim 1-102,text,false,,237,158,700,700,http://localhost:8079/?token=518473098&user=-1355039501&config=3,1826,0,0
1777971604257,1887,HTTP Request,503,Service Unavailable,Tim 1-111,text,false,,237,158,700,700,http://localhost:8079/?token=518473098&user=-1355039501&config=3,1887,0,0
1777971604318,1826,HTTP Request,503,Service Unavailable,Tim 1-181,text,false,,237,158,700,700,http://localhost:8079/?token=518473098&user=-1355039501&config=3,1826,0,0
1777971604257,1887,HTTP Request,503,Service Unavailable,Tim 1-45,text,false,,237,158,700,700,http://localhost:8079/?token=518473098&user=-1355039501&config=3,1887,0,0
1777971604256,1888,HTTP Request,503,Service Unavailable,Tim 1-587,text,false,,237,158,700,700,http://localhost:8079/?token=518473098&user=-1355039501&config=3,1888,0,0
1777971604256,1888,HTTP Request,503,Service Unavailable,Tim 1-693,text,false,,237,158,700,700,http://localhost:8079/?token=518473098&user=-1355039501&config=3,1888,0,0
1777971604243,1903,HTTP Request,503,Service Unavailable,Tim 1-233,text,false,,237,158,700,700,http://localhost:8079/?token=518473098&user=-1355039501&config=3,1903,0,0
1777971604243,1903,HTTP Request,503,Service Unavailable,Tim 1-253,text,false,,237,158,700,700,http://localhost:8079/?token=518473098&user=-1355039501&config=3,1903,0,1
1777971604243,1903,HTTP Request,503,Service Unavailable,Tim 1-256,text,false,,237,158,700,700,http://localhost:8079/?token=518473098&user=-1355039501&config=3,1903,0,1
1777971604243,1903,HTTP Request,503,Service Unavailable,Tim 1-252,text,false,,237,158,700,700,http://localhost:8079/?token=518473098&user=-1355039501&config=3,1903,0,1
1777971604243,1903,HTTP Request,503,Service Unavailable,Tim 1-247,text,false,,237,158,700,700,http://localhost:8079/?token=518473098&user=-1355039501&config=3,1903,0,1
1777971604244,1902,HTTP Request,503,Service Unavailable,Tim 1-266,text,false,,237,158,700,700,http://localhost:8079/?token=518473098&user=-1355039501&config=3,1902,0,0
1777971604243,1903,HTTP Request,503,Service Unavailable,Tim 1-243,text,false,,237,158,700,700,http://localhost:8079/?token=518473098&user=-1355039501&config=3,1903,0,1
1777971604244,1902,HTTP Request,503,Service Unavailable,Tim 1-268,text,false,,237,158,700,700,http://localhost:8079/?token=518473098&user=-1355039501&config=3,1902,0,0
1777971604244,1902,HTTP Request,503,Service Unavailable,Tim 1-267,text,false,,237,158,700,700,http://localhost:8079/?token=518473098&user=-1355039501&config=3,1902,0,0
1777971604243,1903,HTTP Request,503,Service Unavailable,Tim 1-254,text,false,,237,158,700,700,http://localhost:8079/?token=518473098&user=-1355039501&config=3,1903,0,1
1777971604244,1902,HTTP Request,503,Service Unavailable,Tim 1-270,text,false,,237,158,700,700,http://localhost:8079/?token=518473098&user=-1355039501&config=3,1902,0,0
1777971604244,1902,HTTP Request,503,Service Unavailable,Tim 1-271,text,false,,237,158,700,700,http://localhost:8079/?token=518473098&user=-1355039501&config=3,1902,0,0
1777971604244,1902,HTTP Request,503,Service Unavailable,Tim 1-257,text,false,,237,158,700,700,http://localhost:8079/?token=518473098&user=-1355039501&config=3,1902,0,0
1777971604243,1903,HTTP Request,503,Service Unavailable,Tim 1-255,text,false,,237,158,700,700,http://localhost:8079/?token=518473098&user=-1355039501&config=3,1903,0,1
1777971604243,1903,HTTP Request,503,Service Unavailable,Tim 1-244,text,false,,237,158,700,700,http://localhost:8079/?token=518473098&user=-1355039501&config=3,1903,0,1
1777971604244,1902,HTTP Request,503,Service Unavailable,Tim 1-265,text,false,,237,158,700,700,http://localhost:8079/?token=518473098&user=-1355039501&config=3,1902,0,0
1777971604243,1903,HTTP Request,503,Service Unavailable,Tim 1-260,text,false,,237,158,700,700,http://localhost:8079/?token=518473098&user=-1355039501&config=3,1903,0,1
1777971604243,1903,HTTP Request,503,Service Unavailable,Tim 1-259,text,false,,237,158,700,700,http://localhost:8079/?token=518473098&user=-1355039501&config=3,1903,0,1
1777971604244,1902,HTTP Request,503,Service Unavailable,Tim 1-272,text,false,,237,158,700,700,http://localhost:8079/?token=518473098&user=-1355039501&config=3,1902,0,0
1777971604244,1902,HTTP Request,503,Service Unavailable,Tim 1-242,text,false,,237,158,700,700,http://localhost:8079/?token=518473098&user=-1355039501&config=3,1902,0,0
1777971604244,1902,HTTP Request,503,Service Unavailable,Tim 1-240,text,false,,237,158,700,700,http://localhost:8079/?token=518473098&user=-1355039501&config=3,1902,0,0
1777971604244,1902,HTTP Request,503,Service Unavailable,Tim 1-241,text,false,,237,158,700,700,http://localhost:8079/?token=518473098&user=-1355039501&config=3,1902,0,0
1777971604244,1902,HTTP Request,503,Service Unavailable,Tim 1-239,text,false,,237,158,700,700,http://localhost:8079/?token=518473098&user=-1355039501&config=3,1902,0,0
1777971604244,1902,HTTP Request,503,Service Unavailable,Tim 1-278,text,false,,237,158,700,700,http://localhost:8079/?token=518473098&user=-1355039501&config=3,1902,0,0
1777971604244,1902,HTTP Request,503,Service Unavailable,Tim 1-258,text,false,,237,158,700,700,http://localhost:8079/?token=518473098&user=-1355039501&config=3,1902,0,0
1777971604244,1902,HTTP Request,503,Service Unavailable,Tim 1-275,text,false,,237,158,700,700,http://localhost:8079/?token=518473098&user=-1355039501&config=3,1902,0,0
1777971604244,1902,HTTP Request,503,Service Unavailable,Tim 1-276,text,false,,237,158,700,700,http://localhost:8079/?token=518473098&user=-1355039501&config=3,1902,0,0
1777971604244,1902,HTTP Request,503,Service Unavailable,Tim 1-262,text,false,,237,158,700,700,http://localhost:8079/?token=518473098&user=-1355039501&config=3,1902,0,0
1777971604244,1902,HTTP Request,503,Service Unavailable,Tim 1-238,text,false,,237,158,700,700,http://localhost:8079/?token=518473098&user=-1355039501&config=3,1902,0,0
1777971604244,1902,HTTP Request,503,Service Unavailable,Tim 1-246,text,false,,237,158,700,700,http://localhost:8079/?token=518473098&user=-1355039501&config=3,1902,0,0
1777971604244,1902,HTTP Request,503,Service Unavailable,Tim 1-274,text,false,,237,158,700,700,http://localhost:8079/?token=518473098&user=-1355039501&config=3,1902,0,0
1777971604244,1902,HTTP Request,503,Service Unavailable,Tim 1-277,text,false,,237,158,700,700,http://localhost:8079/?token=518473098&user=-1355039501&config=3,1902,0,0
1777971604244,1902,HTTP Request,503,Service Unavailable,Tim 1-287,text,false,,237,158,700,700,http://localhost:8079/?token=518473098&user=-1355039501&config=3,1902,0,0
1777971604244,1902,HTTP Request,503,Service Unavailable,Tim 1-280,text,false,,237,158,700,700,http://localhost:8079/?token=518473098&user=-1355039501&config=3,1902,0,0
1777971604244,1902,HTTP Request,503,Service Unavailable,Tim 1-284,text,false,,237,158,700,700,http://localhost:8079/?token=518473098&user=-1355039501&config=3,1902,0,0
1777971604244,1902,HTTP Request,503,Service Unavailable,Tim 1-288,text,false,,237,158,700,700,http://localhost:8079/?token=518473098&user=-1355039501&config=3,1902,0,0
1777971604244,1902,HTTP Request,503,Service Unavailable,Tim 1-279,text,false,,237,158,700,700,http://localhost:8079/?token=518473098&user=-1355039501&config=3,1902,0,0
1777971604244,1902,HTTP Request,503,Service Unavailable,Tim 1-273,text,false,,237,158,700,700,http://localhost:8079/?token=518473098&user=-1355039501&config=3,1902,0,0
1777971604244,1902,HTTP Request,503,Service Unavailable,Tim 1-282,text,false,,237,158,700,700,http://localhost:8079/?token=518473098&user=-1355039501&config=3,1902,0,0
1777971604244,1902,HTTP Request,503,Service Unavailable,Tim 1-263,text,false,,237,158,700,700,http://localhost:8079/?token=518473098&user=-1355039501&config=3,1902,0,0
1777971604244,1903,HTTP Request,503,Service Unavailable,Tim 1-285,text,false,,237,158,700,700,http://localhost:8079/?token=518473098&user=-1355039501&config=3,1903,0,0
1777971604244,1902,HTTP Request,503,Service Unavailable,Tim 1-261,text,false,,237,158,700,700,http://localhost:8079/?token=518473098&user=-1355039501&config=3,1902,0,0
1777971604244,1903,HTTP Request,503,Service Unavailable,Tim 1-289,text,false,,237,158,700,700,http://localhost:8079/?token=518473098&user=-1355039501&config=3,1903,0,0
1777971604244,1903,HTTP Request,503,Service Unavailable,Tim 1-293,text,false,,237,158,700,700,http://localhost:8079/?token=518473098&user=-1355039501&config=3,1903,0,0
1777971604244,1902,HTTP Request,503,Service Unavailable,Tim 1-264,text,false,,237,158,700,700,http://localhost:8079/?token=518473098&user=-1355039501&config=3,1902,0,0
1777971604244,1903,HTTP Request,503,Service Unavailable,Tim 1-281,text,false,,237,158,700,700,http://localhost:8079/?token=518473098&user=-1355039501&config=3,1903,0,0
1777971604244,1903,HTTP Request,503,Service Unavailable,Tim 1-296,text,false,,237,158,700,700,http://localhost:8079/?token=518473098&user=-1355039501&config=3,1903,0,1
1777971604244,1903,HTTP Request,503,Service Unavailable,Tim 1-283,text,false,,237,158,700,700,http://localhost:8079/?token=518473098&user=-1355039501&config=3,1903,0,1
1777971604244,1903,HTTP Request,503,Service Unavailable,Tim 1-295,text,false,,237,158,700,700,http://localhost:8079/?token=518473098&user=-1355039501&config=3,1903,0,1
1777971601838,4309,HTTP Request,200,OK,Tim 1-636,text,true,,231,158,700,700,http://localhost:8079/?token=518473098&user=-1355039501&config=3,4309,0,0
1777971604244,1903,HTTP Request,503,Service Unavailable,Tim 1-302,text,false,,237,158,700,700,http://localhost:8079/?token=518473098&user=-1355039501&config=3,1903,0,1
1777971604244,1903,HTTP Request,503,Service Unavailable,Tim 1-294,text,false,,237,158,700,700,http://localhost:8079/?token=518473098&user=-1355039501&config=3,1903,0,1
1777971601837,4315,HTTP Request,200,OK,Tim 1-640,text,true,,231,158,700,700,http://localhost:8079/?token=518473098&user=-1355039501&config=3,4315,0,0
1777971601837,4315,HTTP Request,200,OK,Tim 1-639,text,true,,231,158,700,700,http://localhost:8079/?token=518473098&user=-1355039501&config=3,4315,0,0
1777971601837,4315,HTTP Request,200,OK,Tim 1-631,text,true,,231,158,700,700,http://localhost:8079/?token=518473098&user=-1355039501&config=3,4315,0,0
1777971601837,4316,HTTP Request,200,OK,Tim 1-630,text,true,,231,158,700,700,http://localhost:8079/?token=518473098&user=-1355039501&config=3,4316,0,0
1777971601838,4315,HTTP Request,200,OK,Tim 1-169,text,true,,231,158,700,700,http://localhost:8079/?token=518473098&user=-1355039501&config=3,4315,0,0
1777971601837,4316,HTTP Request,200,OK,Tim 1-648,text,true,,231,158,700,700,http://localhost:8079/?token=518473098&user=-1355039501&config=3,4316,0,0
1777971601838,4315,HTTP Request,200,OK,Tim 1-647,text,true,,231,158,700,700,http://localhost:8079/?token=518473098&user=-1355039501&config=3,4315,0,0
1777971604244,1909,HTTP Request,503,Service Unavailable,Tim 1-291,text,false,,237,158,700,700,http://localhost:8079/?token=518473098&user=-1355039501&config=3,1909,0,0
1777971604244,1909,HTTP Request,503,Service Unavailable,Tim 1-292,text,false,,237,158,700,700,http://localhost:8079/?token=518473098&user=-1355039501&config=3,1909,0,0
1777971604244,1909,HTTP Request,503,Service Unavailable,Tim 1-286,text,false,,237,158,700,700,http://localhost:8079/?token=518473098&user=-1355039501&config=3,1909,0,0
1777971601838,4315,HTTP Request,200,OK,Tim 1-643,text,true,,231,158,700,700,http://localhost:8079/?token=518473098&user=-1355039501&config=3,4315,0,0
1777971601837,4316,HTTP Request,200,OK,Tim 1-645,text,true,,231,158,700,700,http://localhost:8079/?token=518473098&user=-1355039501&config=3,4316,0,0
1777971604244,1909,HTTP Request,503,Service Unavailable,Tim 1-300,text,false,,237,158,700,700,http://localhost:8079/?token=518473098&user=-1355039501&config=3,1909,0,0
1777971604244,1909,HTTP Request,503,Service Unavailable,Tim 1-290,text,false,,237,158,700,700,http://localhost:8079/?token=518473098&user=-1355039501&config=3,1909,0,1
1777971604244,1909,HTTP Request,503,Service Unavailable,Tim 1-298,text,false,,237,158,700,700,http://localhost:8079/?token=518473098&user=-1355039501&config=3,1909,0,1
1777971604244,1909,HTTP Request,503,Service Unavailable,Tim 1-299,text,false,,237,158,700,700,http://localhost:8079/?token=518473098&user=-1355039501&config=3,1909,0,1
1777971604244,1909,HTTP Request,503,Service Unavailable,Tim 1-297,text,false,,237,158,700,700,http://localhost:8079/?token=518473098&user=-1355039501&config=3,1909,0,1
1777971604244,1909,HTTP Request,503,Service Unavailable,Tim 1-301,text,false,,237,158,700,700,http://localhost:8079/?token=518473098&user=-1355039501&config=3,1909,0,1
1777971604247,1906,HTTP Request,503,Service Unavailable,Tim 1-303,text,false,,237,158,700,700,http://localhost:8079/?token=518473098&user=-1355039501&config=3,1906,0,1
1777971604252,1901,HTTP Request,503,Service Unavailable,Tim 1-306,text,false,,237,158,700,700,http://localhost:8079/?token=518473098&user=-1355039501&config=3,1901,0,0
1777971604252,1901,HTTP Request,503,Service Unavailable,Tim 1-304,text,false,,237,158,700,700,http://localhost:8079/?token=518473098&user=-1355039501&config=3,1901,0,0
1777971604252,1901,HTTP Request,503,Service Unavailable,Tim 1-309,text,false,,237,158,700,700,http://localhost:8079/?token=518473098&user=-1355039501&config=3,1901,0,0
1777971604252,1901,HTTP Request,503,Service Unavailable,Tim 1-307,text,false,,237,158,700,700,http://localhost:8079/?token=518473098&user=-1355039501&config=3,1901,0,0
1777971604252,1901,HTTP Request,503,Service Unavailable,Tim 1-308,text,false,,237,158,700,700,http://localhost:8079/?token=518473098&user=-1355039501&config=3,1901,0,0
1777971601837,4316,HTTP Request,200,OK,Tim 1-644,text,true,,231,158,700,700,http://localhost:8079/?token=518473098&user=-1355039501&config=3,4316,0,0
1777971601837,4316,HTTP Request,200,OK,Tim 1-632,text,true,,231,158,700,700,http://localhost:8079/?token=518473098&user=-1355039501&config=3,4316,0,0
1777971601838,4315,HTTP Request,200,OK,Tim 1-649,text,true,,231,158,700,700,http://localhost:8079/?token=518473098&user=-1355039501&config=3,4315,0,0
1777971601855,4299,HTTP Request,200,OK,Tim 1-497,text,true,,231,158,700,700,http://localhost:8079/?token=518473098&user=-1355039501&config=3,4299,0,0
1777971601851,4303,HTTP Request,200,OK,Tim 1-499,text,true,,231,158,700,700,http://localhost:8079/?token=518473098&user=-1355039501&config=3,4303,0,0
1777971601851,4303,HTTP Request,200,OK,Tim 1-498,text,true,,231,158,700,700,http://localhost:8079/?token=518473098&user=-1355039501&config=3,4303,0,0
1777971601855,4299,HTTP Request,200,OK,Tim 1-501,text,true,,231,158,700,700,http://localhost:8079/?token=518473098&user=-1355039501&config=3,4299,0,0
1777971601855,4299,HTTP Request,200,OK,Tim 1-500,text,true,,231,158,700,700,http://localhost:8079/?token=518473098&user=-1355039501&config=3,4299,0,0
1777971601861,4293,HTTP Request,200,OK,Tim 1-502,text,true,,231,158,700,700,http://localhost:8079/?token=518473098&user=-1355039501&config=3,4293,0,0
1777971601861,4293,HTTP Request,200,OK,Tim 1-504,text,true,,231,158,700,700,http://localhost:8079/?token=518473098&user=-1355039501&config=3,4293,0,0
1777971601838,4315,HTTP Request,200,OK,Tim 1-651,text,true,,231,158,700,700,http://localhost:8079/?token=518473098&user=-1355039501&config=3,4315,0,0
1777971601861,4293,HTTP Request,200,OK,Tim 1-505,text,true,,231,158,700,700,http://localhost:8079/?token=518473098&user=-1355039501&config=3,4293,0,0
1777971601861,4293,HTTP Request,200,OK,Tim 1-508,text,true,,231,158,700,700,http://localhost:8079/?token=518473098&user=-1355039501&config=3,4293,0,0
1777971601861,4293,HTTP Request,200,OK,Tim 1-503,text,true,,231,158,700,700,http://localhost:8079/?token=518473098&user=-1355039501&config=3,4293,0,0
1777971601874,4280,HTTP Request,200,OK,Tim 1-510,text,true,,231,158,700,700,http://localhost:8079/?token=518473098&user=-1355039501&config=3,4280,0,0
1777971601861,4293,HTTP Request,200,OK,Tim 1-511,text,true,,231,158,700,700,http://localhost:8079/?token=518473098&user=-1355039501&config=3,4293,0,0
1777971601873,4281,HTTP Request,200,OK,Tim 1-506,text,true,,231,158,700,700,http://localhost:8079/?token=518473098&user=-1355039501&config=3,4281,0,0
1777971601873,4281,HTTP Request,200,OK,Tim 1-520,text,true,,231,158,700,700,http://localhost:8079/?token=518473098&user=-1355039501&config=3,4281,0,0
1777971601874,4280,HTTP Request,200,OK,Tim 1-517,text,true,,231,158,700,700,http://localhost:8079/?token=518473098&user=-1355039501&config=3,4280,0,0
1777971601873,4281,HTTP Request,200,OK,Tim 1-507,text,true,,231,158,700,700,http://localhost:8079/?token=518473098&user=-1355039501&config=3,4281,0,0
1777971601874,4280,HTTP Request,200,OK,Tim 1-524,text,true,,231,158,700,700,http://localhost:8079/?token=518473098&user=-1355039501&config=3,4280,0,0
1777971601874,4280,HTTP Request,200,OK,Tim 1-525,text,true,,231,158,700,700,http://localhost:8079/?token=518473098&user=-1355039501&config=3,4280,0,0
1777971601874,4280,HTTP Request,200,OK,Tim 1-536,text,true,,231,158,700,700,http://localhost:8079/?token=518473098&user=-1355039501&config=3,4280,0,0
1777971601874,4280,HTTP Request,200,OK,Tim 1-530,text,true,,231,158,700,700,http://localhost:8079/?token=518473098&user=-1355039501&config=3,4280,0,0
1777971601874,4280,HTTP Request,200,OK,Tim 1-532,text,true,,231,158,700,700,http://localhost:8079/?token=518473098&user=-1355039501&config=3,4280,0,0
1777971601874,4280,HTTP Request,200,OK,Tim 1-531,text,true,,231,158,700,700,http://localhost:8079/?token=518473098&user=-1355039501&config=3,4280,0,0
1777971601874,4280,HTTP Request,200,OK,Tim 1-538,text,true,,231,158,700,700,http://localhost:8079/?token=518473098&user=-1355039501&config=3,4280,0,0
1777971601874,4280,HTTP Request,200,OK,Tim 1-539,text,true,,231,158,700,700,http://localhost:8079/?token=518473098&user=-1355039501&config=3,4280,0,0
1777971601874,4280,HTTP Request,200,OK,Tim 1-541,text,true,,231,158,700,700,http://localhost:8079/?token=518473098&user=-1355039501&config=3,4280,0,0
1777971601874,4280,HTTP Request,200,OK,Tim 1-545,text,true,,231,158,700,700,http://localhost:8079/?token=518473098&user=-1355039501&config=3,4280,0,0
1777971601874,4280,HTTP Request,200,OK,Tim 1-557,text,true,,231,158,700,700,http://localhost:8079/?token=518473098&user=-1355039501&config=3,4280,0,0
1777971601874,4280,HTTP Request,200,OK,Tim 1-554,text,true,,231,158,700,700,http://localhost:8079/?token=518473098&user=-1355039501&config=3,4280,0,0
1777971601874,4280,HTTP Request,200,OK,Tim 1-571,text,true,,231,158,700,700,http://localhost:8079/?token=518473098&user=-1355039501&config=3,4280,0,0
1777971601838,4316,HTTP Request,200,OK,Tim 1-374,text,true,,231,158,700,700,http://localhost:8079/?token=518473098&user=-1355039501&config=3,4316,0,0
1777971601838,4316,HTTP Request,200,OK,Tim 1-387,text,true,,231,158,700,700,http://localhost:8079/?token=518473098&user=-1355039501&config=3,4316,0,0
1777971601838,4316,HTTP Request,200,OK,Tim 1-391,text,true,,231,158,700,700,http://localhost:8079/?token=518473098&user=-1355039501&config=3,4316,0,0
1777971601837,12988,HTTP Request,200,OK,Tim 1-46,text,true,,231,158,700,700,http://localhost:8079/?token=518473098&user=-1355039501&config=3,12988,0,0
1777971601837,18904,HTTP Request,200,OK,Tim 1-47,text,true,,231,158,700,700,http://localhost:8079/?token=518473098&user=-1355039501&config=3,18904,0,1
1777971601837,18904,HTTP Request,200,OK,Tim 1-49,text,true,,231,158,700,700,http://localhost:8079/?token=518473098&user=-1355039501&config=3,18904,0,0
1777971601841,18900,HTTP Request,200,OK,Tim 1-190,text,true,,231,158,700,700,http://localhost:8079/?token=518473098&user=-1355039501&config=3,18900,0,0
1777971601874,18867,HTTP Request,200,OK,Tim 1-522,text,true,,231,158,700,700,http://localhost:8079/?token=518473098&user=-1355039501&config=3,18867,0,0
1777971601874,18867,HTTP Request,200,OK,Tim 1-518,text,true,,231,158,700,700,http://localhost:8079/?token=518473098&user=-1355039501&config=3,18867,0,0
1777971601874,18867,HTTP Request,200,OK,Tim 1-516,text,true,,231,158,700,700,http://localhost:8079/?token=518473098&user=-1355039501&config=3,18867,0,0
1777971601874,18867,HTTP Request,200,OK,Tim 1-515,text,true,,231,158,700,700,http://localhost:8079/?token=518473098&user=-1355039501&config=3,18867,0,0
1777971601874,18867,HTTP Request,200,OK,Tim 1-523,text,true,,231,158,700,700,http://localhost:8079/?token=518473098&user=-1355039501&config=3,18867,0,0
1777971601874,18867,HTTP Request,200,OK,Tim 1-514,text,true,,231,158,700,700,http://localhost:8079/?token=518473098&user=-1355039501&config=3,18867,0,0
1777971601874,18867,HTTP Request,200,OK,Tim 1-509,text,true,,231,158,700,700,http://localhost:8079/?token=518473098&user=-1355039501&config=3,18867,0,0
1777971601874,18867,HTTP Request,200,OK,Tim 1-519,text,true,,231,158,700,700,http://localhost:8079/?token=518473098&user=-1355039501&config=3,18867,0,0
1777971601874,18867,HTTP Request,200,OK,Tim 1-526,text,true,,231,158,700,700,http://localhost:8079/?token=518473098&user=-1355039501&config=3,18867,0,0
1777971601874,18867,HTTP Request,200,OK,Tim 1-527,text,true,,231,158,700,700,http://localhost:8079/?token=518473098&user=-1355039501&config=3,18867,0,0
1777971601873,18868,HTTP Request,200,OK,Tim 1-512,text,true,,231,158,700,700,http://localhost:8079/?token=518473098&user=-1355039501&config=3,18868,0,0
1777971601874,18867,HTTP Request,200,OK,Tim 1-521,text,true,,231,158,700,700,http://localhost:8079/?token=518473098&user=-1355039501&config=3,18867,0,0
1777971601874,18867,HTTP Request,200,OK,Tim 1-528,text,true,,231,158,700,700,http://localhost:8079/?token=518473098&user=-1355039501&config=3,18867,0,0
1777971601874,18867,HTTP Request,200,OK,Tim 1-529,text,true,,231,158,700,700,http://localhost:8079/?token=518473098&user=-1355039501&config=3,18867,0,0
1777971601874,18868,HTTP Request,200,OK,Tim 1-534,text,true,,231,158,700,700,http://localhost:8079/?token=518473098&user=-1355039501&config=3,18868,0,0
1777971601874,18868,HTTP Request,200,OK,Tim 1-543,text,true,,231,158,700,700,http://localhost:8079/?token=518473098&user=-1355039501&config=3,18868,0,0
1777971601874,18868,HTTP Request,200,OK,Tim 1-540,text,true,,231,158,700,700,http://localhost:8079/?token=518473098&user=-1355039501&config=3,18868,0,0
1777971601874,18868,HTTP Request,200,OK,Tim 1-537,text,true,,231,158,700,700,http://localhost:8079/?token=518473098&user=-1355039501&config=3,18868,0,0
1777971601874,18868,HTTP Request,200,OK,Tim 1-535,text,true,,231,158,700,700,http://localhost:8079/?token=518473098&user=-1355039501&config=3,18868,0,0
1777971601874,18868,HTTP Request,200,OK,Tim 1-542,text,true,,231,158,700,700,http://localhost:8079/?token=518473098&user=-1355039501&config=3,18868,0,0
1777971601874,18868,HTTP Request,200,OK,Tim 1-546,text,true,,231,158,700,700,http://localhost:8079/?token=518473098&user=-1355039501&config=3,18868,0,0
1777971601874,18867,HTTP Request,200,OK,Tim 1-513,text,true,,231,158,700,700,http://localhost:8079/?token=518473098&user=-1355039501&config=3,18867,0,0
1777971601874,18867,HTTP Request,200,OK,Tim 1-533,text,true,,231,158,700,700,http://localhost:8079/?token=518473098&user=-1355039501&config=3,18867,0,0
1777971601874,18868,HTTP Request,200,OK,Tim 1-544,text,true,,231,158,700,700,http://localhost:8079/?token=518473098&user=-1355039501&config=3,18868,0,0
1777971601874,18868,HTTP Request,200,OK,Tim 1-553,text,true,,231,158,700,700,http://localhost:8079/?token=518473098&user=-1355039501&config=3,18868,0,0
1777971601874,18868,HTTP Request,200,OK,Tim 1-551,text,true,,231,158,700,700,http://localhost:8079/?token=518473098&user=-1355039501&config=3,18868,0,0
1777971601874,18868,HTTP Request,200,OK,Tim 1-547,text,true,,231,158,700,700,http://localhost:8079/?token=518473098&user=-1355039501&config=3,18868,0,0
1777971602018,18724,HTTP Request,200,OK,Tim 1-555,text,true,,231,158,700,700,http://localhost:8079/?token=518473098&user=-1355039501&config=3,18724,0,0
1777971601874,18868,HTTP Request,200,OK,Tim 1-561,text,true,,231,158,699,699,http://localhost:8079/?token=518473098&user=-1355039501&config=3,18868,0,0
1777971601874,18868,HTTP Request,200,OK,Tim 1-548,text,true,,231,158,699,699,http://localhost:8079/?token=518473098&user=-1355039501&config=3,18868,0,0
1777971601874,18868,HTTP Request,200,OK,Tim 1-568,text,true,,231,158,696,696,http://localhost:8079/?token=518473098&user=-1355039501&config=3,18868,0,0
1777971602018,18724,HTTP Request,200,OK,Tim 1-582,text,true,,231,158,695,695,http://localhost:8079/?token=518473098&user=-1355039501&config=3,18724,0,0
1777971602018,18724,HTTP Request,200,OK,Tim 1-385,text,true,,231,158,694,694,http://localhost:8079/?token=518473098&user=-1355039501&config=3,18724,0,0
1777971602018,18724,HTTP Request,200,OK,Tim 1-569,text,true,,231,158,694,694,http://localhost:8079/?token=518473098&user=-1355039501&config=3,18724,0,0
1777971602018,18724,HTTP Request,200,OK,Tim 1-578,text,true,,231,158,694,694,http://localhost:8079/?token=518473098&user=-1355039501&config=3,18724,0,0
1777971602018,18724,HTTP Request,200,OK,Tim 1-379,text,true,,231,158,693,693,http://localhost:8079/?token=518473098&user=-1355039501&config=3,18724,0,0
1777971602018,18724,HTTP Request,200,OK,Tim 1-334,text,true,,231,158,693,693,http://localhost:8079/?token=518473098&user=-1355039501&config=3,18724,0,0
1777971602018,18724,HTTP Request,200,OK,Tim 1-376,text,true,,231,158,693,693,http://localhost:8079/?token=518473098&user=-1355039501&config=3,18724,0,0
1777971602017,18727,HTTP Request,200,OK,Tim 1-629,text,true,,231,158,673,673,http://localhost:8079/?token=518473098&user=-1355039501&config=3,18727,0,0
1777971601837,18914,HTTP Request,200,OK,Tim 1-50,text,true,,231,158,658,658,http://localhost:8079/?token=518473098&user=-1355039501&config=3,18914,0,0
1777971602017,18734,HTTP Request,200,OK,Tim 1-627,text,true,,231,158,658,658,http://localhost:8079/?token=518473098&user=-1355039501&config=3,18734,0,0
1777971601837,18914,HTTP Request,200,OK,Tim 1-48,text,true,,231,158,658,658,http://localhost:8079/?token=518473098&user=-1355039501&config=3,18914,0,1
1777971601840,18912,HTTP Request,200,OK,Tim 1-51,text,true,,231,158,658,658,http://localhost:8079/?token=518473098&user=-1355039501&config=3,18912,0,1
1777971601840,18912,HTTP Request,200,OK,Tim 1-405,text,true,,231,158,658,658,http://localhost:8079/?token=518473098&user=-1355039501&config=3,18912,0,1
1777971601840,18912,HTTP Request,200,OK,Tim 1-400,text,true,,231,158,658,658,http://localhost:8079/?token=518473098&user=-1355039501&config=3,18912,0,1
1777971601841,18911,HTTP Request,200,OK,Tim 1-189,text,true,,231,158,658,658,http://localhost:8079/?token=518473098&user=-1355039501&config=3,18911,0,0
1777971601841,18911,HTTP Request,200,OK,Tim 1-184,text,true,,231,158,658,658,http://localhost:8079/?token=518473098&user=-1355039501&config=3,18911,0,0
1777971601841,18911,HTTP Request,200,OK,Tim 1-188,text,true,,231,158,658,658,http://localhost:8079/?token=518473098&user=-1355039501&config=3,18911,0,0
1777971601841,18911,HTTP Request,200,OK,Tim 1-185,text,true,,231,158,658,658,http://localhost:8079/?token=518473098&user=-1355039501&config=3,18911,0,0
1777971601841,18911,HTTP Request,200,OK,Tim 1-5,text,true,,231,158,657,657,http://localhost:8079/?token=518473098&user=-1355039501&config=3,18911,0,0
1777971601841,18911,HTTP Request,200,OK,Tim 1-7,text,true,,231,158,657,657,http://localhost:8079/?token=518473098&user=-1355039501&config=3,18911,0,0
1777971601841,18911,HTTP Request,200,OK,Tim 1-187,text,true,,231,158,657,657,http://localhost:8079/?token=518473098&user=-1355039501&config=3,18911,0,0
1777971601841,18911,HTTP Request,200,OK,Tim 1-191,text,true,,231,158,657,657,http://localhost:8079/?token=518473098&user=-1355039501&config=3,18911,0,0
1777971601841,18911,HTTP Request,200,OK,Tim 1-76,text,true,,231,158,657,657,http://localhost:8079/?token=518473098&user=-1355039501&config=3,18911,0,0
1777971601841,18911,HTTP Request,200,OK,Tim 1-77,text,true,,231,158,657,657,http://localhost:8079/?token=518473098&user=-1355039501&config=3,18911,0,0
1777971601841,18911,HTTP Request,200,OK,Tim 1-9,text,true,,231,158,657,657,http://localhost:8079/?token=518473098&user=-1355039501&config=3,18911,0,0
1777971602018,18734,HTTP Request,200,OK,Tim 1-579,text,true,,231,158,656,656,http://localhost:8079/?token=518473098&user=-1355039501&config=3,18734,0,0
1777971602018,18734,HTTP Request,200,OK,Tim 1-625,text,true,,231,158,655,655,http://localhost:8079/?token=518473098&user=-1355039501&config=3,18734,0,0
1777971602018,18734,HTTP Request,200,OK,Tim 1-624,text,true,,231,158,655,655,http://localhost:8079/?token=518473098&user=-1355039501&config=3,18734,0,0
1777971602018,18734,HTTP Request,200,OK,Tim 1-373,text,true,,231,158,655,655,http://localhost:8079/?token=518473098&user=-1355039501&config=3,18734,0,0
1777971602018,18734,HTTP Request,200,OK,Tim 1-369,text,true,,231,158,655,655,http://localhost:8079/?token=518473098&user=-1355039501&config=3,18734,0,0
1777971602018,18734,HTTP Request,200,OK,Tim 1-573,text,true,,231,158,655,655,http://localhost:8079/?token=518473098&user=-1355039501&config=3,18734,0,0
1777971602018,18734,HTTP Request,200,OK,Tim 1-372,text,true,,231,158,654,654,http://localhost:8079/?token=518473098&user=-1355039501&config=3,18734,0,0
1777971602018,18734,HTTP Request,200,OK,Tim 1-377,text,true,,231,158,654,654,http://localhost:8079/?token=518473098&user=-1355039501&config=3,18734,0,0
1777971601841,18911,HTTP Request,200,OK,Tim 1-8,text,true,,231,158,654,654,http://localhost:8079/?token=518473098&user=-1355039501&config=3,18911,0,0
1777971602018,18734,HTTP Request,200,OK,Tim 1-371,text,true,,231,158,654,654,http://localhost:8079/?token=518473098&user=-1355039501&config=3,18734,0,0
1777971602018,18734,HTTP Request,200,OK,Tim 1-382,text,true,,231,158,654,654,http://localhost:8079/?token=518473098&user=-1355039501&config=3,18734,0,0
1777971602018,18735,HTTP Request,200,OK,Tim 1-375,text,true,,231,158,652,652,http://localhost:8079/?token=518473098&user=-1355039501&config=3,18735,0,0
1777971602018,18735,HTTP Request,200,OK,Tim 1-388,text,true,,231,158,650,650,http://localhost:8079/?token=518473098&user=-1355039501&config=3,18735,0,0
1777971602018,18735,HTTP Request,200,OK,Tim 1-386,text,true,,231,158,650,650,http://localhost:8079/?token=518473098&user=-1355039501&config=3,18735,0,0
1777971602018,18735,HTTP Request,200,OK,Tim 1-381,text,true,,231,158,650,650,http://localhost:8079/?token=518473098&user=-1355039501&config=3,18735,0,0
1777971601841,18912,HTTP Request,200,OK,Tim 1-216,text,true,,231,158,650,650,http://localhost:8079/?token=518473098&user=-1355039501&config=3,18912,0,1
1777971602018,18735,HTTP Request,200,OK,Tim 1-389,text,true,,231,158,649,649,http://localhost:8079/?token=518473098&user=-1355039501&config=3,18735,0,0
1777971602018,18735,HTTP Request,200,OK,Tim 1-392,text,true,,231,158,649,649,http://localhost:8079/?token=518473098&user=-1355039501&config=3,18735,0,0
1777971601841,18912,HTTP Request,200,OK,Tim 1-147,text,true,,231,158,649,649,http://localhost:8079/?token=518473098&user=-1355039501&config=3,18912,0,1
1777971601841,18912,HTTP Request,200,OK,Tim 1-213,text,true,,231,158,648,648,http://localhost:8079/?token=518473098&user=-1355039501&config=3,18912,0,1
1777971601841,18912,HTTP Request,200,OK,Tim 1-217,text,true,,231,158,647,647,http://localhost:8079/?token=518473098&user=-1355039501&config=3,18912,0,1
1777971602018,18735,HTTP Request,200,OK,Tim 1-394,text,true,,231,158,646,646,http://localhost:8079/?token=518473098&user=-1355039501&config=3,18735,0,0
1777971601841,18912,HTTP Request,200,OK,Tim 1-221,text,true,,231,158,642,642,http://localhost:8079/?token=518473098&user=-1355039501&config=3,18912,0,1
1777971602018,18735,HTTP Request,200,OK,Tim 1-393,text,true,,231,158,641,641,http://localhost:8079/?token=518473098&user=-1355039501&config=3,18735,0,0
1777971601842,18911,HTTP Request,200,OK,Tim 1-215,text,true,,231,158,641,641,http://localhost:8079/?token=518473098&user=-1355039501&config=3,18911,0,0
1777971601841,18912,HTTP Request,200,OK,Tim 1-149,text,true,,231,158,641,641,http://localhost:8079/?token=518473098&user=-1355039501&config=3,18912,0,1
1777971601844,18909,HTTP Request,200,OK,Tim 1-404,text,true,,231,158,638,638,http://localhost:8079/?token=518473098&user=-1355039501&config=3,18909,0,0
1777971601844,18909,HTTP Request,200,OK,Tim 1-403,text,true,,231,158,638,638,http://localhost:8079/?token=518473098&user=-1355039501&config=3,18909,0,0
1777971601844,18909,HTTP Request,200,OK,Tim 1-399,text,true,,231,158,640,640,http://localhost:8079/?token=518473098&user=-1355039501&config=3,18909,0,0
1777971601844,18909,HTTP Request,200,OK,Tim 1-401,text,true,,231,158,640,640,http://localhost:8079/?token=518473098&user=-1355039501&config=3,18909,0,0
1777971601844,18909,HTTP Request,200,OK,Tim 1-39,text,true,,231,158,637,637,http://localhost:8079/?token=518473098&user=-1355039501&config=3,18909,0,0
1777971601844,18910,HTTP Request,200,OK,Tim 1-116,text,true,,231,158,634,634,http://localhost:8079/?token=518473098&user=-1355039501&config=3,18910,0,0
1777971601844,18910,HTTP Request,200,OK,Tim 1-119,text,true,,231,158,633,633,http://localhost:8079/?token=518473098&user=-1355039501&config=3,18910,0,0
1777971601844,18910,HTTP Request,200,OK,Tim 1-406,text,true,,231,158,633,633,http://localhost:8079/?token=518473098&user=-1355039501&config=3,18910,0,0
1777971601844,18910,HTTP Request,200,OK,Tim 1-423,text,true,,231,158,633,633,http://localhost:8079/?token=518473098&user=-1355039501&config=3,18910,0,1
1777971601844,18910,HTTP Request,200,OK,Tim 1-108,text,true,,231,158,633,633,http://localhost:8079/?token=518473098&user=-1355039501&config=3,18910,0,1
1777971601844,18910,HTTP Request,200,OK,Tim 1-118,text,true,,231,158,633,633,http://localhost:8079/?token=518473098&user=-1355039501&config=3,18910,0,0
1777971601845,18909,HTTP Request,200,OK,Tim 1-78,text,true,,231,158,630,630,http://localhost:8079/?token=518473098&user=-1355039501&config=3,18909,0,0
1777971601845,18909,HTTP Request,200,OK,Tim 1-218,text,true,,231,158,630,630,http://localhost:8079/?token=518473098&user=-1355039501&config=3,18909,0,0
1777971601845,18909,HTTP Request,200,OK,Tim 1-398,text,true,,231,158,630,630,http://localhost:8079/?token=518473098&user=-1355039501&config=3,18909,0,0
1777971601844,18910,HTTP Request,200,OK,Tim 1-186,text,true,,231,158,628,628,http://localhost:8079/?token=518473098&user=-1355039501&config=3,18910,0,1
1777971601860,18894,HTTP Request,500,Internal Server Error,Tim 1-64,text,false,,233,158,627,627,http://localhost:8079/?token=518473098&user=-1355039501&config=3,18894,0,1049
1777971601855,18899,HTTP Request,500,Internal Server Error,Tim 1-463,text,false,,233,158,627,627,http://localhost:8079/?token=518473098&user=-1355039501&config=3,18899,0,1054
1777971601861,18893,HTTP Request,500,Internal Server Error,Tim 1-131,text,false,,233,158,624,624,http://localhost:8079/?token=518473098&user=-1355039501&config=3,18893,0,1048
1777971601855,18899,HTTP Request,500,Internal Server Error,Tim 1-443,text,false,,233,158,624,624,http://localhost:8079/?token=518473098&user=-1355039501&config=3,18899,0,1054
1777971601855,18899,HTTP Request,500,Internal Server Error,Tim 1-466,text,false,,233,158,624,624,http://localhost:8079/?token=518473098&user=-1355039501&config=3,18899,0,1054
1777971601855,18899,HTTP Request,500,Internal Server Error,Tim 1-491,text,false,,233,158,620,620,http://localhost:8079/?token=518473098&user=-1355039501&config=3,18899,0,1054
1777971607244,13513,HTTP Request,Non HTTP response code: org.apache.http.NoHttpResponseException,Non HTTP response message: localhost:8079 failed to respond,Tim 1-261,text,false,,2068,0,594,594,http://localhost:8079/?token=518473098&user=-1355039501&config=3,0,0,0
1777971607244,13513,HTTP Request,Non HTTP response code: org.apache.http.NoHttpResponseException,Non HTTP response message: localhost:8079 failed to respond,Tim 1-275,text,false,,2068,0,594,594,http://localhost:8079/?token=518473098&user=-1355039501&config=3,0,0,0
1777971607244,13513,HTTP Request,Non HTTP response code: org.apache.http.NoHttpResponseException,Non HTTP response message: localhost:8079 failed to respond,Tim 1-282,text,false,,2068,0,594,594,http://localhost:8079/?token=518473098&user=-1355039501&config=3,0,0,0
1777971607244,13513,HTTP Request,Non HTTP response code: org.apache.http.NoHttpResponseException,Non HTTP response message: localhost:8079 failed to respond,Tim 1-266,text,false,,2068,0,594,594,http://localhost:8079/?token=518473098&user=-1355039501&config=3,0,0,0
1777971607244,13513,HTTP Request,Non HTTP response code: org.apache.http.NoHttpResponseException,Non HTTP response message: localhost:8079 failed to respond,Tim 1-243,text,false,,2068,0,594,594,http://localhost:8079/?token=518473098&user=-1355039501&config=3,0,0,0
1777971607244,13513,HTTP Request,Non HTTP response code: org.apache.http.NoHttpResponseException,Non HTTP response message: localhost:8079 failed to respond,Tim 1-292,text,false,,2068,0,594,594,http://localhost:8079/?token=518473098&user=-1355039501&config=3,0,0,0
1777971607244,13513,HTTP Request,Non HTTP response code: org.apache.http.NoHttpResponseException,Non HTTP response message: localhost:8079 failed to respond,Tim 1-263,text,false,,2068,0,594,594,http://localhost:8079/?token=518473098&user=-1355039501&config=3,0,0,0
1777971607244,13513,HTTP Request,Non HTTP response code: org.apache.http.NoHttpResponseException,Non HTTP response message: localhost:8079 failed to respond,Tim 1-286,text,false,,2068,0,594,594,http://localhost:8079/?token=518473098&user=-1355039501&config=3,0,0,0
1777971607244,13513,HTTP Request,Non HTTP response code: org.apache.http.NoHttpResponseException,Non HTTP response message: localhost:8079 failed to respond,Tim 1-290,text,false,,2068,0,594,594,http://localhost:8079/?token=518473098&user=-1355039501&config=3,0,0,0
1777971607244,13513,HTTP Request,Non HTTP response code: org.apache.http.NoHttpResponseException,Non HTTP response message: localhost:8079 failed to respond,Tim 1-284,text,false,,2068,0,594,594,http://localhost:8079/?token=518473098&user=-1355039501&config=3,0,0,0
1777971607244,13513,HTTP Request,Non HTTP response code: org.apache.http.NoHttpResponseException,Non HTTP response message: localhost:8079 failed to respond,Tim 1-253,text,false,,2068,0,594,594,http://localhost:8079/?token=518473098&user=-1355039501&config=3,0,0,0
1777971607243,13514,HTTP Request,Non HTTP response code: org.apache.http.NoHttpResponseException,Non HTTP response message: localhost:8079 failed to respond,Tim 1-233,text,false,,2068,0,594,594,http://localhost:8079/?token=518473098&user=-1355039501&config=3,0,0,0
1777971607252,13505,HTTP Request,Non HTTP response code: org.apache.http.NoHttpResponseException,Non HTTP response message: localhost:8079 failed to respond,Tim 1-308,text,false,,2068,0,594,594,http://localhost:8079/?token=518473098&user=-1355039501&config=3,0,0,0
1777971607244,13513,HTTP Request,Non HTTP response code: org.apache.http.NoHttpResponseException,Non HTTP response message: localhost:8079 failed to respond,Tim 1-270,text,false,,2068,0,592,592,http://localhost:8079/?token=518473098&user=-1355039501&config=3,0,0,0
1777971607244,13513,HTTP Request,Non HTTP response code: org.apache.http.NoHttpResponseException,Non HTTP response message: localhost:8079 failed to respond,Tim 1-246,text,false,,2068,0,592,592,http://localhost:8079/?token=518473098&user=-1355039501&config=3,0,0,0
1777971607245,13512,HTTP Request,Non HTTP response code: org.apache.http.NoHttpResponseException,Non HTTP response message: localhost:8079 failed to respond,Tim 1-301,text,false,,2068,0,592,592,http://localhost:8079/?token=518473098&user=-1355039501&config=3,0,0,0
1777971607243,13514,HTTP Request,Non HTTP response code: org.apache.http.NoHttpResponseException,Non HTTP response message: localhost:8079 failed to respond,Tim 1-254,text,false,,2068,0,592,592,http://localhost:8079/?token=518473098&user=-1355039501&config=3,0,0,0
1777971607244,13513,HTTP Request,Non HTTP response code: org.apache.http.NoHttpResponseException,Non HTTP response message: localhost:8079 failed to respond,Tim 1-287,text,false,,2068,0,592,592,http://localhost:8079/?token=518473098&user=-1355039501&config=3,0,0,0
1777971602018,18741,HTTP Request,200,OK,Tim 1-370,text,true,,231,158,576,576,http://localhost:8079/?token=518473098&user=-1355039501&config=3,18741,0,0
1777971601841,29675,HTTP Request,200,OK,Tim 1-74,text,true,,231,158,575,575,http://localhost:8079/?token=518473098&user=-1355039501&config=3,29675,0,0
1777971601841,29675,HTTP Request,200,OK,Tim 1-219,text,true,,231,158,575,575,http://localhost:8079/?token=518473098&user=-1355039501&config=3,29675,0,1
1777971601844,29672,HTTP Request,200,OK,Tim 1-407,text,true,,231,158,575,575,http://localhost:8079/?token=518473098&user=-1355039501&config=3,29672,0,0
1777971601845,29672,HTTP Request,200,OK,Tim 1-4,text,true,,231,158,575,575,http://localhost:8079/?token=518473098&user=-1355039501&config=3,29672,0,0
1777971601845,29672,HTTP Request,200,OK,Tim 1-146,text,true,,231,158,575,575,http://localhost:8079/?token=518473098&user=-1355039501&config=3,29672,0,0
1777971601845,29672,HTTP Request,200,OK,Tim 1-145,text,true,,231,158,575,575,http://localhost:8079/?token=518473098&user=-1355039501&config=3,29672,0,0
1777971601844,29673,HTTP Request,200,OK,Tim 1-426,text,true,,231,158,575,575,http://localhost:8079/?token=518473098&user=-1355039501&config=3,29673,0,1
1777971601845,29672,HTTP Request,200,OK,Tim 1-220,text,true,,231,158,575,575,http://localhost:8079/?token=518473098&user=-1355039501&config=3,29672,0,0
1777971601850,29667,HTTP Request,200,OK,Tim 1-109,text,true,,231,158,575,575,http://localhost:8079/?token=518473098&user=-1355039501&config=3,29667,0,0
1777971601845,29672,HTTP Request,200,OK,Tim 1-222,text,true,,231,158,575,575,http://localhost:8079/?token=518473098&user=-1355039501&config=3,29672,0,0
1777971601850,29667,HTTP Request,200,OK,Tim 1-416,text,true,,231,158,575,575,http://localhost:8079/?token=518473098&user=-1355039501&config=3,29667,0,0
1777971601850,29667,HTTP Request,200,OK,Tim 1-178,text,true,,231,158,575,575,http://localhost:8079/?token=518473098&user=-1355039501&config=3,29667,0,0
1777971601850,29667,HTTP Request,200,OK,Tim 1-420,text,true,,231,158,574,574,http://localhost:8079/?token=518473098&user=-1355039501&config=3,29667,0,0
1777971601850,29667,HTTP Request,200,OK,Tim 1-418,text,true,,231,158,574,574,http://localhost:8079/?token=518473098&user=-1355039501&config=3,29667,0,0
1777971601850,29667,HTTP Request,200,OK,Tim 1-415,text,true,,231,158,574,574,http://localhost:8079/?token=518473098&user=-1355039501&config=3,29667,0,0
1777971601850,29667,HTTP Request,200,OK,Tim 1-419,text,true,,231,158,574,574,http://localhost:8079/?token=518473098&user=-1355039501&config=3,29667,0,0
1777971601850,29667,HTTP Request,200,OK,Tim 1-417,text,true,,231,158,574,574,http://localhost:8079/?token=518473098&user=-1355039501&config=3,29667,0,0
1777971601850,29667,HTTP Request,200,OK,Tim 1-429,text,true,,231,158,573,573,http://localhost:8079/?token=518473098&user=-1355039501&config=3,29667,0,0
1777971601850,29667,HTTP Request,200,OK,Tim 1-421,text,true,,231,158,573,573,http://localhost:8079/?token=518473098&user=-1355039501&config=3,29667,0,0
1777971601850,29667,HTTP Request,200,OK,Tim 1-427,text,true,,231,158,572,572,http://localhost:8079/?token=518473098&user=-1355039501&config=3,29667,0,0
1777971601850,29667,HTTP Request,200,OK,Tim 1-430,text,true,,231,158,572,572,http://localhost:8079/?token=518473098&user=-1355039501&config=3,29667,0,0
1777971601850,29667,HTTP Request,200,OK,Tim 1-422,text,true,,231,158,572,572,http://localhost:8079/?token=518473098&user=-1355039501&config=3,29667,0,0
1777971601850,29667,HTTP Request,200,OK,Tim 1-428,text,true,,231,158,572,572,http://localhost:8079/?token=518473098&user=-1355039501&config=3,29667,0,0
1777971601850,29667,HTTP Request,200,OK,Tim 1-449,text,true,,231,158,572,572,http://localhost:8079/?token=518473098&user=-1355039501&config=3,29667,0,0
1777971601850,29667,HTTP Request,200,OK,Tim 1-433,text,true,,231,158,571,571,http://localhost:8079/?token=518473098&user=-1355039501&config=3,29667,0,1
1777971601850,29667,HTTP Request,200,OK,Tim 1-437,text,true,,231,158,571,571,http://localhost:8079/?token=518473098&user=-1355039501&config=3,29667,0,1
1777971601850,29667,HTTP Request,200,OK,Tim 1-470,text,true,,231,158,571,571,http://localhost:8079/?token=518473098&user=-1355039501&config=3,29667,0,1
1777971601850,29667,HTTP Request,200,OK,Tim 1-431,text,true,,231,158,571,571,http://localhost:8079/?token=518473098&user=-1355039501&config=3,29667,0,0
1777971601850,29668,HTTP Request,200,OK,Tim 1-452,text,true,,231,158,569,569,http://localhost:8079/?token=518473098&user=-1355039501&config=3,29668,0,1
1777971601851,29667,HTTP Request,200,OK,Tim 1-472,text,true,,231,158,569,569,http://localhost:8079/?token=518473098&user=-1355039501&config=3,29667,0,0
1777971601850,29668,HTTP Request,200,OK,Tim 1-467,text,true,,231,158,568,568,http://localhost:8079/?token=518473098&user=-1355039501&config=3,29668,0,1
1777971601851,29667,HTTP Request,200,OK,Tim 1-471,text,true,,231,158,568,568,http://localhost:8079/?token=518473098&user=-1355039501&config=3,29667,0,0
1777971601850,29668,HTTP Request,200,OK,Tim 1-469,text,true,,231,158,568,568,http://localhost:8079/?token=518473098&user=-1355039501&config=3,29668,0,1
1777971601851,29667,HTTP Request,200,OK,Tim 1-475,text,true,,231,158,568,568,http://localhost:8079/?token=518473098&user=-1355039501&config=3,29667,0,0
1777971601851,29667,HTTP Request,200,OK,Tim 1-483,text,true,,231,158,568,568,http://localhost:8079/?token=518473098&user=-1355039501&config=3,29667,0,0
1777971601851,29667,HTTP Request,200,OK,Tim 1-487,text,true,,231,158,568,568,http://localhost:8079/?token=518473098&user=-1355039501&config=3,29667,0,0
1777971601854,29664,HTTP Request,200,OK,Tim 1-54,text,true,,231,158,568,568,http://localhost:8079/?token=518473098&user=-1355039501&config=3,29664,0,0
1777971601854,29664,HTTP Request,200,OK,Tim 1-193,text,true,,231,158,568,568,http://localhost:8079/?token=518473098&user=-1355039501&config=3,29664,0,0
1777971601851,29667,HTTP Request,200,OK,Tim 1-489,text,true,,231,158,568,568,http://localhost:8079/?token=518473098&user=-1355039501&config=3,29667,0,0
1777971601850,29668,HTTP Request,200,OK,Tim 1-432,text,true,,231,158,568,568,http://localhost:8079/?token=518473098&user=-1355039501&config=3,29668,0,1
1777971601854,29664,HTTP Request,200,OK,Tim 1-447,text,true,,231,158,568,568,http://localhost:8079/?token=518473098&user=-1355039501&config=3,29664,0,1
1777971601854,29664,HTTP Request,200,OK,Tim 1-441,text,true,,231,158,568,568,http://localhost:8079/?token=518473098&user=-1355039501&config=3,29664,0,1
1777971601855,29663,HTTP Request,200,OK,Tim 1-450,text,true,,231,158,568,568,http://localhost:8079/?token=518473098&user=-1355039501&config=3,29663,0,0
1777971601851,29667,HTTP Request,200,OK,Tim 1-480,text,true,,231,158,568,568,http://localhost:8079/?token=518473098&user=-1355039501&config=3,29667,0,0
1777971601854,29664,HTTP Request,200,OK,Tim 1-436,text,true,,231,158,568,568,http://localhost:8079/?token=518473098&user=-1355039501&config=3,29664,0,1
1777971601855,29663,HTTP Request,200,OK,Tim 1-454,text,true,,231,158,568,568,http://localhost:8079/?token=518473098&user=-1355039501&config=3,29663,0,0
1777971601855,29663,HTTP Request,200,OK,Tim 1-442,text,true,,231,158,568,568,http://localhost:8079/?token=518473098&user=-1355039501&config=3,29663,0,0
1777971601873,29645,HTTP Request,200,OK,Tim 1-71,text,true,,231,158,568,568,http://localhost:8079/?token=518473098&user=-1355039501&config=3,29645,0,0
1777971601850,29668,HTTP Request,200,OK,Tim 1-468,text,true,,231,158,568,568,http://localhost:8079/?token=518473098&user=-1355039501&config=3,29668,0,1
1777971601873,29645,HTTP Request,200,OK,Tim 1-72,text,true,,231,158,568,568,http://localhost:8079/?token=518473098&user=-1355039501&config=3,29645,0,0
1777971601873,29645,HTTP Request,200,OK,Tim 1-137,text,true,,231,158,568,568,http://localhost:8079/?token=518473098&user=-1355039501&config=3,29645,0,0
1777971601873,29645,HTTP Request,200,OK,Tim 1-209,text,true,,231,158,568,568,http://localhost:8079/?token=518473098&user=-1355039501&config=3,29645,0,1
1777971601873,29645,HTTP Request,200,OK,Tim 1-206,text,true,,231,158,568,568,http://localhost:8079/?token=518473098&user=-1355039501&config=3,29645,0,0
1777971601841,29680,HTTP Request,200,OK,Tim 1-10,text,true,,231,158,543,543,http://localhost:8079/?token=518473098&user=-1355039501&config=3,29680,0,0
1777971601841,29680,HTTP Request,200,OK,Tim 1-79,text,true,,231,158,543,543,http://localhost:8079/?token=518473098&user=-1355039501&config=3,29680,0,0
1777971601841,29680,HTTP Request,200,OK,Tim 1-143,text,true,,231,158,541,541,http://localhost:8079/?token=518473098&user=-1355039501&config=3,29680,0,0
1777971601841,29680,HTTP Request,200,OK,Tim 1-75,text,true,,231,158,541,541,http://localhost:8079/?token=518473098&user=-1355039501&config=3,29680,0,0
1777971601841,29680,HTTP Request,200,OK,Tim 1-144,text,true,,231,158,541,541,http://localhost:8079/?token=518473098&user=-1355039501&config=3,29680,0,0
1777971601844,29677,HTTP Request,200,OK,Tim 1-409,text,true,,231,158,539,539,http://localhost:8079/?token=518473098&user=-1355039501&config=3,29677,0,0
1777971601844,29677,HTTP Request,200,OK,Tim 1-402,text,true,,231,158,539,539,http://localhost:8079/?token=518473098&user=-1355039501&config=3,29677,0,0
1777971601844,29677,HTTP Request,200,OK,Tim 1-120,text,true,,231,158,539,539,http://localhost:8079/?token=518473098&user=-1355039501&config=3,29677,0,0
1777971601844,29677,HTTP Request,200,OK,Tim 1-408,text,true,,231,158,539,539,http://localhost:8079/?token=518473098&user=-1355039501&config=3,29677,0,0
1777971601844,29677,HTTP Request,200,OK,Tim 1-410,text,true,,231,158,539,539,http://localhost:8079/?token=518473098&user=-1355039501&config=3,29677,0,0
1777971601844,29677,HTTP Request,200,OK,Tim 1-121,text,true,,231,158,539,539,http://localhost:8079/?token=518473098&user=-1355039501&config=3,29677,0,0
1777971601844,29677,HTTP Request,200,OK,Tim 1-424,text,true,,231,158,537,537,http://localhost:8079/?token=518473098&user=-1355039501&config=3,29677,0,1
1777971601844,29677,HTTP Request,200,OK,Tim 1-425,text,true,,231,158,537,537,http://localhost:8079/?token=518473098&user=-1355039501&config=3,29677,0,1
1777971601844,29677,HTTP Request,200,OK,Tim 1-414,text,true,,231,158,537,537,http://localhost:8079/?token=518473098&user=-1355039501&config=3,29677,0,1
1777971601844,29677,HTTP Request,200,OK,Tim 1-411,text,true,,231,158,537,537,http://localhost:8079/?token=518473098&user=-1355039501&config=3,29677,0,0
1777971601845,29676,HTTP Request,200,OK,Tim 1-397,text,true,,231,158,535,535,http://localhost:8079/?token=518473098&user=-1355039501&config=3,29676,0,0
1777971601845,29677,HTTP Request,200,OK,Tim 1-6,text,true,,231,158,530,530,http://localhost:8079/?token=518473098&user=-1355039501&config=3,29677,0,0
1777971601845,29677,HTTP Request,200,OK,Tim 1-214,text,true,,231,158,530,530,http://localhost:8079/?token=518473098&user=-1355039501&config=3,29677,0,0
1777971601845,29677,HTTP Request,200,OK,Tim 1-223,text,true,,231,158,530,530,http://localhost:8079/?token=518473098&user=-1355039501&config=3,29677,0,0
1777971601845,29677,HTTP Request,200,OK,Tim 1-148,text,true,,231,158,530,530,http://localhost:8079/?token=518473098&user=-1355039501&config=3,29677,0,0
1777971601850,29672,HTTP Request,200,OK,Tim 1-413,text,true,,231,158,530,530,http://localhost:8079/?token=518473098&user=-1355039501&config=3,29672,0,0
1777971601850,29672,HTTP Request,200,OK,Tim 1-455,text,true,,231,158,529,529,http://localhost:8079/?token=518473098&user=-1355039501&config=3,29672,0,1
1777971601850,29672,HTTP Request,200,OK,Tim 1-451,text,true,,231,158,529,529,http://localhost:8079/?token=518473098&user=-1355039501&config=3,29672,0,1
1777971601850,29672,HTTP Request,200,OK,Tim 1-412,text,true,,231,158,529,529,http://localhost:8079/?token=518473098&user=-1355039501&config=3,29672,0,0
1777971601851,29671,HTTP Request,200,OK,Tim 1-479,text,true,,231,158,528,528,http://localhost:8079/?token=518473098&user=-1355039501&config=3,29671,0,0
1777971601851,29671,HTTP Request,200,OK,Tim 1-476,text,true,,231,158,528,528,http://localhost:8079/?token=518473098&user=-1355039501&config=3,29671,0,0
1777971601851,29671,HTTP Request,200,OK,Tim 1-482,text,true,,231,158,528,528,http://localhost:8079/?token=518473098&user=-1355039501&config=3,29671,0,0
1777971601851,29671,HTTP Request,200,OK,Tim 1-496,text,true,,231,158,528,528,http://localhost:8079/?token=518473098&user=-1355039501&config=3,29671,0,0
1777971601851,29671,HTTP Request,200,OK,Tim 1-494,text,true,,231,158,528,528,http://localhost:8079/?token=518473098&user=-1355039501&config=3,29671,0,0
1777971601851,29671,HTTP Request,200,OK,Tim 1-473,text,true,,231,158,528,528,http://localhost:8079/?token=518473098&user=-1355039501&config=3,29671,0,0
1777971601851,29671,HTTP Request,200,OK,Tim 1-490,text,true,,231,158,527,527,http://localhost:8079/?token=518473098&user=-1355039501&config=3,29671,0,0
1777971601854,29668,HTTP Request,200,OK,Tim 1-52,text,true,,231,158,526,526,http://localhost:8079/?token=518473098&user=-1355039501&config=3,29668,0,0
1777971601854,29668,HTTP Request,200,OK,Tim 1-55,text,true,,231,158,525,525,http://localhost:8079/?token=518473098&user=-1355039501&config=3,29668,0,0
1777971601854,29668,HTTP Request,200,OK,Tim 1-127,text,true,,231,158,525,525,http://localhost:8079/?token=518473098&user=-1355039501&config=3,29668,0,0
1777971601854,29668,HTTP Request,200,OK,Tim 1-434,text,true,,231,158,525,525,http://localhost:8079/?token=518473098&user=-1355039501&config=3,29668,0,1
1777971601854,29668,HTTP Request,200,OK,Tim 1-440,text,true,,231,158,525,525,http://localhost:8079/?token=518473098&user=-1355039501&config=3,29668,0,1
1777971601854,29668,HTTP Request,200,OK,Tim 1-122,text,true,,231,158,525,525,http://localhost:8079/?token=518473098&user=-1355039501&config=3,29668,0,0
1777971601854,29668,HTTP Request,200,OK,Tim 1-435,text,true,,231,158,525,525,http://localhost:8079/?token=518473098&user=-1355039501&config=3,29668,0,1
1777971601854,29668,HTTP Request,200,OK,Tim 1-445,text,true,,231,158,525,525,http://localhost:8079/?token=518473098&user=-1355039501&config=3,29668,0,1
1777971601854,29668,HTTP Request,200,OK,Tim 1-439,text,true,,231,158,525,525,http://localhost:8079/?token=518473098&user=-1355039501&config=3,29668,0,1
1777971601854,29668,HTTP Request,200,OK,Tim 1-438,text,true,,231,158,524,524,http://localhost:8079/?token=518473098&user=-1355039501&config=3,29668,0,1
1777971601854,29668,HTTP Request,200,OK,Tim 1-446,text,true,,231,158,524,524,http://localhost:8079/?token=518473098&user=-1355039501&config=3,29668,0,1
1777971601854,29668,HTTP Request,200,OK,Tim 1-448,text,true,,231,158,521,521,http://localhost:8079/?token=518473098&user=-1355039501&config=3,29668,0,1
1777971601855,29667,HTTP Request,200,OK,Tim 1-456,text,true,,231,158,521,521,http://localhost:8079/?token=518473098&user=-1355039501&config=3,29667,0,0
1777971601855,29667,HTTP Request,200,OK,Tim 1-459,text,true,,231,158,521,521,http://localhost:8079/?token=518473098&user=-1355039501&config=3,29667,0,0
1777971601855,29667,HTTP Request,200,OK,Tim 1-453,text,true,,231,158,519,519,http://localhost:8079/?token=518473098&user=-1355039501&config=3,29667,0,0
1777971601855,29667,HTTP Request,200,OK,Tim 1-458,text,true,,231,158,519,519,http://localhost:8079/?token=518473098&user=-1355039501&config=3,29667,0,0
1777971601860,29662,HTTP Request,200,OK,Tim 1-1,text,true,,231,158,516,516,http://localhost:8079/?token=518473098&user=-1355039501&config=3,29662,0,0
1777971601860,29662,HTTP Request,200,OK,Tim 1-3,text,true,,231,158,516,516,http://localhost:8079/?token=518473098&user=-1355039501&config=3,29662,0,0
1777971601855,29667,HTTP Request,200,OK,Tim 1-457,text,true,,231,158,515,515,http://localhost:8079/?token=518473098&user=-1355039501&config=3,29667,0,0
1777971601860,29662,HTTP Request,200,OK,Tim 1-53,text,true,,231,158,515,515,http://localhost:8079/?token=518473098&user=-1355039501&config=3,29662,0,0
1777971601860,29662,HTTP Request,200,OK,Tim 1-56,text,true,,231,158,515,515,http://localhost:8079/?token=518473098&user=-1355039501&config=3,29662,0,0
1777971601873,29650,HTTP Request,200,OK,Tim 1-141,text,true,,231,158,513,513,http://localhost:8079/?token=518473098&user=-1355039501&config=3,29650,0,0
1777971601873,29650,HTTP Request,200,OK,Tim 1-66,text,true,,231,158,513,513,http://localhost:8079/?token=518473098&user=-1355039501&config=3,29650,0,0
1777971601873,29650,HTTP Request,200,OK,Tim 1-70,text,true,,231,158,513,513,http://localhost:8079/?token=518473098&user=-1355039501&config=3,29650,0,0
1777971601873,29650,HTTP Request,200,OK,Tim 1-140,text,true,,231,158,513,513,http://localhost:8079/?token=518473098&user=-1355039501&config=3,29650,0,0
1777971601873,29650,HTTP Request,200,OK,Tim 1-2,text,true,,231,158,513,513,http://localhost:8079/?token=518473098&user=-1355039501&config=3,29650,0,0
1777971601873,29650,HTTP Request,200,OK,Tim 1-142,text,true,,231,158,512,512,http://localhost:8079/?token=518473098&user=-1355039501&config=3,29650,0,0
1777971601873,29650,HTTP Request,200,OK,Tim 1-207,text,true,,231,158,512,512,http://localhost:8079/?token=518473098&user=-1355039501&config=3,29650,0,0
1777971601873,29650,HTTP Request,200,OK,Tim 1-138,text,true,,231,158,512,512,http://localhost:8079/?token=518473098&user=-1355039501&config=3,29650,0,0
1777971601873,29650,HTTP Request,200,OK,Tim 1-204,text,true,,231,158,511,511,http://localhost:8079/?token=518473098&user=-1355039501&config=3,29650,0,0
1777971601873,29650,HTTP Request,200,OK,Tim 1-210,text,true,,231,158,512,512,http://localhost:8079/?token=518473098&user=-1355039501&config=3,29650,0,1
1777971601873,29650,HTTP Request,200,OK,Tim 1-136,text,true,,231,158,511,511,http://localhost:8079/?token=518473098&user=-1355039501&config=3,29650,0,0
1777971601873,29650,HTTP Request,200,OK,Tim 1-212,text,true,,231,158,510,510,http://localhost:8079/?token=518473098&user=-1355039501&config=3,29650,0,1
1777971602017,29518,HTTP Request,200,OK,Tim 1-337,text,true,,231,158,460,460,http://localhost:8079/?token=518473098&user=-1355039501&config=3,29518,0,0
1777971602017,29518,HTTP Request,200,OK,Tim 1-366,text,true,,231,158,460,460,http://localhost:8079/?token=518473098&user=-1355039501&config=3,29518,0,0
1777971602016,29519,HTTP Request,200,OK,Tim 1-89,text,true,,231,158,460,460,http://localhost:8079/?token=518473098&user=-1355039501&config=3,29519,0,1
1777971602017,29518,HTTP Request,200,OK,Tim 1-329,text,true,,231,158,460,460,http://localhost:8079/?token=518473098&user=-1355039501&config=3,29518,0,0
1777971602017,29518,HTTP Request,200,OK,Tim 1-269,text,true,,231,158,460,460,http://localhost:8079/?token=518473098&user=-1355039501&config=3,29518,0,0
1777971602017,29518,HTTP Request,200,OK,Tim 1-311,text,true,,231,158,460,460,http://localhost:8079/?token=518473098&user=-1355039501&config=3,29518,0,0
1777971602017,29518,HTTP Request,200,OK,Tim 1-322,text,true,,231,158,460,460,http://localhost:8079/?token=518473098&user=-1355039501&config=3,29518,0,0
1777971602017,29518,HTTP Request,200,OK,Tim 1-339,text,true,,231,158,460,460,http://localhost:8079/?token=518473098&user=-1355039501&config=3,29518,0,0
1777971601860,29675,HTTP Request,200,OK,Tim 1-57,text,true,,231,158,460,460,http://localhost:8079/?token=518473098&user=-1355039501&config=3,29675,0,0
1777971601861,29674,HTTP Request,200,OK,Tim 1-125,text,true,,231,158,460,460,http://localhost:8079/?token=518473098&user=-1355039501&config=3,29674,0,1048
1777971602017,29518,HTTP Request,200,OK,Tim 1-327,text,true,,231,158,460,460,http://localhost:8079/?token=518473098&user=-1355039501&config=3,29518,0,0
1777971602017,29518,HTTP Request,200,OK,Tim 1-333,text,true,,231,158,460,460,http://localhost:8079/?token=518473098&user=-1355039501&config=3,29518,0,0
1777971601861,29674,HTTP Request,200,OK,Tim 1-128,text,true,,231,158,460,460,http://localhost:8079/?token=518473098&user=-1355039501&config=3,29674,0,1048
1777971601855,29680,HTTP Request,200,OK,Tim 1-465,text,true,,231,158,460,460,http://localhost:8079/?token=518473098&user=-1355039501&config=3,29680,0,1054
1777971602017,29519,HTTP Request,200,OK,Tim 1-367,text,true,,231,158,460,460,http://localhost:8079/?token=518473098&user=-1355039501&config=3,29519,0,0
1777971602017,29519,HTTP Request,200,OK,Tim 1-312,text,true,,231,158,460,460,http://localhost:8079/?token=518473098&user=-1355039501&config=3,29519,0,0
1777971601860,29676,HTTP Request,200,OK,Tim 1-67,text,true,,231,158,460,460,http://localhost:8079/?token=518473098&user=-1355039501&config=3,29676,0,1049
1777971602017,29519,HTTP Request,200,OK,Tim 1-346,text,true,,231,158,460,460,http://localhost:8079/?token=518473098&user=-1355039501&config=3,29519,0,0
1777971602017,29519,HTTP Request,200,OK,Tim 1-351,text,true,,231,158,460,460,http://localhost:8079/?token=518473098&user=-1355039501&config=3,29519,0,0
1777971602017,29519,HTTP Request,200,OK,Tim 1-360,text,true,,231,158,460,460,http://localhost:8079/?token=518473098&user=-1355039501&config=3,29519,0,0
1777971602017,29519,HTTP Request,200,OK,Tim 1-341,text,true,,231,158,460,460,http://localhost:8079/?token=518473098&user=-1355039501&config=3,29519,0,0
1777971602017,29519,HTTP Request,200,OK,Tim 1-356,text,true,,231,158,460,460,http://localhost:8079/?token=518473098&user=-1355039501&config=3,29519,0,0
1777971602017,29519,HTTP Request,200,OK,Tim 1-361,text,true,,231,158,460,460,http://localhost:8079/?token=518473098&user=-1355039501&config=3,29519,0,0
1777971602017,29519,HTTP Request,200,OK,Tim 1-359,text,true,,231,158,460,460,http://localhost:8079/?token=518473098&user=-1355039501&config=3,29519,0,0
1777971602017,29519,HTTP Request,200,OK,Tim 1-357,text,true,,231,158,460,460,http://localhost:8079/?token=518473098&user=-1355039501&config=3,29519,0,0
1777971602017,29519,HTTP Request,200,OK,Tim 1-344,text,true,,231,158,460,460,http://localhost:8079/?token=518473098&user=-1355039501&config=3,29519,0,0
1777971602017,29519,HTTP Request,200,OK,Tim 1-342,text,true,,231,158,460,460,http://localhost:8079/?token=518473098&user=-1355039501&config=3,29519,0,0
1777971602017,29519,HTTP Request,200,OK,Tim 1-358,text,true,,231,158,460,460,http://localhost:8079/?token=518473098&user=-1355039501&config=3,29519,0,1
1777971602017,29519,HTTP Request,200,OK,Tim 1-343,text,true,,231,158,460,460,http://localhost:8079/?token=518473098&user=-1355039501&config=3,29519,0,0
1777971602017,29519,HTTP Request,200,OK,Tim 1-365,text,true,,231,158,460,460,http://localhost:8079/?token=518473098&user=-1355039501&config=3,29519,0,0
1777971602018,29518,HTTP Request,200,OK,Tim 1-700,text,true,,231,158,460,460,http://localhost:8079/?token=518473098&user=-1355039501&config=3,29518,0,0
1777971601860,29676,HTTP Request,200,OK,Tim 1-58,text,true,,231,158,460,460,http://localhost:8079/?token=518473098&user=-1355039501&config=3,29676,0,0
1777971601861,29675,HTTP Request,200,OK,Tim 1-199,text,true,,231,158,460,460,http://localhost:8079/?token=518473098&user=-1355039501&config=3,29675,0,1048
1777971601855,29681,HTTP Request,200,OK,Tim 1-495,text,true,,231,158,460,460,http://localhost:8079/?token=518473098&user=-1355039501&config=3,29681,0,1054
1777971601860,29676,HTTP Request,200,OK,Tim 1-62,text,true,,231,158,460,460,http://localhost:8079/?token=518473098&user=-1355039501&config=3,29676,0,1049
1777971601860,29676,HTTP Request,200,OK,Tim 1-124,text,true,,231,158,454,454,http://localhost:8079/?token=518473098&user=-1355039501&config=3,29676,0,1049
1777971601861,29675,HTTP Request,200,OK,Tim 1-208,text,true,,231,158,454,454,http://localhost:8079/?token=518473098&user=-1355039501&config=3,29675,0,1048
1777971601861,29675,HTTP Request,200,OK,Tim 1-132,text,true,,231,158,454,454,http://localhost:8079/?token=518473098&user=-1355039501&config=3,29675,0,1048
1777971602017,29518,HTTP Request,200,OK,Tim 1-320,text,true,,231,158,460,460,http://localhost:8079/?token=518473098&user=-1355039501&config=3,29518,0,0
1777971601855,29682,HTTP Request,200,OK,Tim 1-493,text,true,,231,158,451,451,http://localhost:8079/?token=518473098&user=-1355039501&config=3,29682,0,1054
1777971601860,29677,HTTP Request,200,OK,Tim 1-69,text,true,,231,158,451,451,http://localhost:8079/?token=518473098&user=-1355039501&config=3,29677,0,1049
1777971601861,29676,HTTP Request,200,OK,Tim 1-129,text,true,,231,158,451,451,http://localhost:8079/?token=518473098&user=-1355039501&config=3,29676,0,1048
1777971601861,29676,HTTP Request,200,OK,Tim 1-198,text,true,,231,158,451,451,http://localhost:8079/?token=518473098&user=-1355039501&config=3,29676,0,1048
1777971601855,29682,HTTP Request,200,OK,Tim 1-474,text,true,,231,158,450,450,http://localhost:8079/?token=518473098&user=-1355039501&config=3,29682,0,1054
1777971601860,29677,HTTP Request,200,OK,Tim 1-68,text,true,,231,158,450,450,http://localhost:8079/?token=518473098&user=-1355039501&config=3,29677,0,1049
1777971601861,29676,HTTP Request,200,OK,Tim 1-205,text,true,,231,158,450,450,http://localhost:8079/?token=518473098&user=-1355039501&config=3,29676,0,1048
1777971601861,29676,HTTP Request,200,OK,Tim 1-133,text,true,,231,158,450,450,http://localhost:8079/?token=518473098&user=-1355039501&config=3,29676,0,1048
1777971602017,29518,HTTP Request,200,OK,Tim 1-340,text,true,,231,158,460,460,http://localhost:8079/?token=518473098&user=-1355039501&config=3,29518,0,0
1777971602017,29518,HTTP Request,200,OK,Tim 1-305,text,true,,231,158,460,460,http://localhost:8079/?token=518473098&user=-1355039501&config=3,29518,0,0
1777971602016,29521,HTTP Request,200,OK,Tim 1-229,text,true,,231,158,448,448,http://localhost:8079/?token=518473098&user=-1355039501&config=3,29521,0,0
1777971602016,29521,HTTP Request,200,OK,Tim 1-156,text,true,,231,158,446,446,http://localhost:8079/?token=518473098&user=-1355039501&config=3,29521,0,0
1777971602016,29521,HTTP Request,200,OK,Tim 1-160,text,true,,231,158,446,446,http://localhost:8079/?token=518473098&user=-1355039501&config=3,29521,0,0
1777971602016,29521,HTTP Request,200,OK,Tim 1-90,text,true,,231,158,445,445,http://localhost:8079/?token=518473098&user=-1355039501&config=3,29521,0,0
1777971602017,29518,HTTP Request,200,OK,Tim 1-318,text,true,,231,158,460,460,http://localhost:8079/?token=518473098&user=-1355039501&config=3,29518,0,0
1777971602017,29518,HTTP Request,200,OK,Tim 1-232,text,true,,231,158,460,460,http://localhost:8079/?token=518473098&user=-1355039501&config=3,29518,0,0
1777971602017,29518,HTTP Request,200,OK,Tim 1-230,text,true,,231,158,460,460,http://localhost:8079/?token=518473098&user=-1355039501&config=3,29518,0,0
1777971602016,29521,HTTP Request,200,OK,Tim 1-93,text,true,,231,158,444,444,http://localhost:8079/?token=518473098&user=-1355039501&config=3,29521,0,0
1777971602016,29521,HTTP Request,200,OK,Tim 1-162,text,true,,231,158,444,444,http://localhost:8079/?token=518473098&user=-1355039501&config=3,29521,0,0
1777971602016,29521,HTTP Request,200,OK,Tim 1-20,text,true,,231,158,444,444,http://localhost:8079/?token=518473098&user=-1355039501&config=3,29521,0,0
1777971602017,29518,HTTP Request,200,OK,Tim 1-231,text,true,,231,158,460,460,http://localhost:8079/?token=518473098&user=-1355039501&config=3,29518,0,0
1777971602016,29521,HTTP Request,200,OK,Tim 1-227,text,true,,231,158,444,444,http://localhost:8079/?token=518473098&user=-1355039501&config=3,29521,0,0
1777971602017,29518,HTTP Request,200,OK,Tim 1-310,text,true,,231,158,460,460,http://localhost:8079/?token=518473098&user=-1355039501&config=3,29518,0,0
1777971602017,29519,HTTP Request,200,OK,Tim 1-368,text,true,,231,158,460,460,http://localhost:8079/?token=518473098&user=-1355039501&config=3,29519,0,0
1777971602016,29522,HTTP Request,200,OK,Tim 1-161,text,true,,231,158,441,441,http://localhost:8079/?token=518473098&user=-1355039501&config=3,29522,0,0
1777971602016,29522,HTTP Request,200,OK,Tim 1-226,text,true,,231,158,441,441,http://localhost:8079/?token=518473098&user=-1355039501&config=3,29522,0,0
1777971602016,29522,HTTP Request,200,OK,Tim 1-18,text,true,,231,158,441,441,http://localhost:8079/?token=518473098&user=-1355039501&config=3,29522,0,0
1777971602016,29522,HTTP Request,200,OK,Tim 1-158,text,true,,231,158,441,441,http://localhost:8079/?token=518473098&user=-1355039501&config=3,29522,0,0
1777971602016,29522,HTTP Request,200,OK,Tim 1-228,text,true,,231,158,441,441,http://localhost:8079/?token=518473098&user=-1355039501&config=3,29522,0,0
1777971602016,29522,HTTP Request,200,OK,Tim 1-159,text,true,,231,158,440,440,http://localhost:8079/?token=518473098&user=-1355039501&config=3,29522,0,0
1777971602016,29523,HTTP Request,200,OK,Tim 1-92,text,true,,231,158,428,428,http://localhost:8079/?token=518473098&user=-1355039501&config=3,29523,0,1
1777971602016,29523,HTTP Request,200,OK,Tim 1-91,text,true,,231,158,428,428,http://localhost:8079/?token=518473098&user=-1355039501&config=3,29523,0,1
1777971602016,29523,HTTP Request,200,OK,Tim 1-157,text,true,,231,158,427,427,http://localhost:8079/?token=518473098&user=-1355039501&config=3,29523,0,1
1777971606131,25559,HTTP Request,200,OK,Tim 1-635,text,true,,231,158,386,386,http://localhost:8079/?token=518473098&user=-1355039501&config=3,25559,0,0
1777971606123,25567,HTTP Request,200,OK,Tim 1-335,text,true,,231,158,386,386,http://localhost:8079/?token=518473098&user=-1355039501&config=3,25567,0,0
1777971606123,25567,HTTP Request,200,OK,Tim 1-321,text,true,,231,158,386,386,http://localhost:8079/?token=518473098&user=-1355039501&config=3,25567,0,0
1777971606123,25567,HTTP Request,200,OK,Tim 1-200,text,true,,231,158,386,386,http://localhost:8079/?token=518473098&user=-1355039501&config=3,25567,0,0
1777971606123,25567,HTTP Request,200,OK,Tim 1-481,text,true,,231,158,386,386,http://localhost:8079/?token=518473098&user=-1355039501&config=3,25567,0,0
1777971606124,25566,HTTP Request,200,OK,Tim 1-203,text,true,,231,158,386,386,http://localhost:8079/?token=518473098&user=-1355039501&config=3,25566,0,0
1777971606123,25567,HTTP Request,200,OK,Tim 1-195,text,true,,231,158,386,386,http://localhost:8079/?token=518473098&user=-1355039501&config=3,25567,0,0
1777971606124,25566,HTTP Request,200,OK,Tim 1-60,text,true,,231,158,386,386,http://localhost:8079/?token=518473098&user=-1355039501&config=3,25566,0,0
1777971606123,25567,HTTP Request,200,OK,Tim 1-139,text,true,,231,158,386,386,http://localhost:8079/?token=518473098&user=-1355039501&config=3,25567,0,0
1777971606123,25568,HTTP Request,200,OK,Tim 1-192,text,true,,231,158,386,386,http://localhost:8079/?token=518473098&user=-1355039501&config=3,25567,0,0
1777971606123,25568,HTTP Request,200,OK,Tim 1-63,text,true,,231,158,386,386,http://localhost:8079/?token=518473098&user=-1355039501&config=3,25567,0,0
1777971606124,25567,HTTP Request,200,OK,Tim 1-444,text,true,,231,158,386,386,http://localhost:8079/?token=518473098&user=-1355039501&config=3,25567,0,0
1777971606123,25567,HTTP Request,200,OK,Tim 1-126,text,true,,231,158,386,386,http://localhost:8079/?token=518473098&user=-1355039501&config=3,25567,0,0
1777971606124,25567,HTTP Request,200,OK,Tim 1-478,text,true,,231,158,386,386,http://localhost:8079/?token=518473098&user=-1355039501&config=3,25567,0,0
1777971606124,25567,HTTP Request,200,OK,Tim 1-194,text,true,,231,158,386,386,http://localhost:8079/?token=518473098&user=-1355039501&config=3,25567,0,0
1777971606124,25567,HTTP Request,200,OK,Tim 1-61,text,true,,231,158,386,386,http://localhost:8079/?token=518473098&user=-1355039501&config=3,25567,0,0
1777971606123,25567,HTTP Request,200,OK,Tim 1-201,text,true,,231,158,386,386,http://localhost:8079/?token=518473098&user=-1355039501&config=3,25567,0,0
1777971606124,25567,HTTP Request,200,OK,Tim 1-134,text,true,,231,158,386,386,http://localhost:8079/?token=518473098&user=-1355039501&config=3,25567,0,0
1777971606123,25567,HTTP Request,200,OK,Tim 1-461,text,true,,231,158,386,386,http://localhost:8079/?token=518473098&user=-1355039501&config=3,25567,0,0
1777971606124,25567,HTTP Request,200,OK,Tim 1-59,text,true,,231,158,386,386,http://localhost:8079/?token=518473098&user=-1355039501&config=3,25567,0,0
1777971606127,25564,HTTP Request,200,OK,Tim 1-196,text,true,,231,158,386,386,http://localhost:8079/?token=518473098&user=-1355039501&config=3,25564,0,0
1777971606123,25567,HTTP Request,200,OK,Tim 1-202,text,true,,231,158,386,386,http://localhost:8079/?token=518473098&user=-1355039501&config=3,25567,0,0
1777971606127,25564,HTTP Request,200,OK,Tim 1-123,text,true,,231,158,386,386,http://localhost:8079/?token=518473098&user=-1355039501&config=3,25564,0,0
1777971606123,25567,HTTP Request,200,OK,Tim 1-485,text,true,,231,158,386,386,http://localhost:8079/?token=518473098&user=-1355039501&config=3,25567,0,0
1777971606124,25567,HTTP Request,200,OK,Tim 1-130,text,true,,231,158,386,386,http://localhost:8079/?token=518473098&user=-1355039501&config=3,25567,0,0
1777971606124,25567,HTTP Request,200,OK,Tim 1-488,text,true,,231,158,386,386,http://localhost:8079/?token=518473098&user=-1355039501&config=3,25567,0,0
1777971606123,25567,HTTP Request,200,OK,Tim 1-486,text,true,,231,158,386,386,http://localhost:8079/?token=518473098&user=-1355039501&config=3,25567,0,0
1777971606125,25566,HTTP Request,200,OK,Tim 1-460,text,true,,231,158,386,386,http://localhost:8079/?token=518473098&user=-1355039501&config=3,25566,0,0
1777971606125,25566,HTTP Request,200,OK,Tim 1-73,text,true,,231,158,386,386,http://localhost:8079/?token=518473098&user=-1355039501&config=3,25566,0,0
1777971606126,25565,HTTP Request,200,OK,Tim 1-492,text,true,,231,158,386,386,http://localhost:8079/?token=518473098&user=-1355039501&config=3,25565,0,0
1777971606125,25566,HTTP Request,200,OK,Tim 1-477,text,true,,231,158,386,386,http://localhost:8079/?token=518473098&user=-1355039501&config=3,25566,0,0
1777971606123,25567,HTTP Request,200,OK,Tim 1-135,text,true,,231,158,386,386,http://localhost:8079/?token=518473098&user=-1355039501&config=3,25567,0,0
1777971606123,25567,HTTP Request,200,OK,Tim 1-462,text,true,,231,158,386,386,http://localhost:8079/?token=518473098&user=-1355039501&config=3,25567,0,0
1777971606123,25567,HTTP Request,200,OK,Tim 1-65,text,true,,231,158,386,386,http://localhost:8079/?token=518473098&user=-1355039501&config=3,25567,0,0
1777971606127,25564,HTTP Request,200,OK,Tim 1-464,text,true,,231,158,386,383,http://localhost:8079/?token=518473098&user=-1355039501&config=3,25564,0,0
1777971606123,25567,HTTP Request,200,OK,Tim 1-197,text,true,,231,158,386,386,http://localhost:8079/?token=518473098&user=-1355039501&config=3,25567,0,0
1777971606123,25567,HTTP Request,200,OK,Tim 1-319,text,true,,231,158,386,386,http://localhost:8079/?token=518473098&user=-1355039501&config=3,25567,0,0
1777971606123,25567,HTTP Request,200,OK,Tim 1-326,text,true,,231,158,386,386,http://localhost:8079/?token=518473098&user=-1355039501&config=3,25567,0,0
1777971606123,25567,HTTP Request,200,OK,Tim 1-325,text,true,,231,158,386,386,http://localhost:8079/?token=518473098&user=-1355039501&config=3,25567,0,0
1777971606123,25567,HTTP Request,200,OK,Tim 1-352,text,true,,231,158,386,386,http://localhost:8079/?token=518473098&user=-1355039501&config=3,25567,0,0
1777971606153,25540,HTTP Request,200,OK,Tim 1-639,text,true,,231,158,359,359,http://localhost:8079/?token=518473098&user=-1355039501&config=3,25540,0,0
1777971606153,25540,HTTP Request,200,OK,Tim 1-640,text,true,,231,158,359,359,http://localhost:8079/?token=518473098&user=-1355039501&config=3,25540,0,0
1777971606154,25539,HTTP Request,200,OK,Tim 1-498,text,true,,231,158,358,358,http://localhost:8079/?token=518473098&user=-1355039501&config=3,25539,0,0
1777971606131,25562,HTTP Request,200,OK,Tim 1-328,text,true,,231,158,357,357,http://localhost:8079/?token=518473098&user=-1355039501&config=3,25562,0,0
1777971606132,25561,HTTP Request,200,OK,Tim 1-323,text,true,,231,158,357,357,http://localhost:8079/?token=518473098&user=-1355039501&config=3,25561,0,0
1777971606154,25539,HTTP Request,200,OK,Tim 1-497,text,true,,231,158,355,355,http://localhost:8079/?token=518473098&user=-1355039501&config=3,25539,0,0
1777971606132,25561,HTTP Request,200,OK,Tim 1-362,text,true,,231,158,354,354,http://localhost:8079/?token=518473098&user=-1355039501&config=3,25561,0,0
1777971606154,25539,HTTP Request,200,OK,Tim 1-500,text,true,,231,158,353,353,http://localhost:8079/?token=518473098&user=-1355039501&config=3,25539,0,0
1777971606154,25539,HTTP Request,200,OK,Tim 1-505,text,true,,231,158,353,353,http://localhost:8079/?token=518473098&user=-1355039501&config=3,25539,0,0
1777971606154,25539,HTTP Request,200,OK,Tim 1-508,text,true,,231,158,352,352,http://localhost:8079/?token=518473098&user=-1355039501&config=3,25539,0,0
1777971606153,25540,HTTP Request,200,OK,Tim 1-630,text,true,,231,158,351,351,http://localhost:8079/?token=518473098&user=-1355039501&config=3,25540,0,0
1777971606153,25540,HTTP Request,200,OK,Tim 1-169,text,true,,231,158,351,351,http://localhost:8079/?token=518473098&user=-1355039501&config=3,25540,0,0
1777971606153,25540,HTTP Request,200,OK,Tim 1-631,text,true,,231,158,350,350,http://localhost:8079/?token=518473098&user=-1355039501&config=3,25540,0,0
1777971606132,25561,HTTP Request,200,OK,Tim 1-637,text,true,,231,158,348,348,http://localhost:8079/?token=518473098&user=-1355039501&config=3,25561,0,0
1777971606154,25539,HTTP Request,200,OK,Tim 1-510,text,true,,231,158,347,347,http://localhost:8079/?token=518473098&user=-1355039501&config=3,25539,0,0
1777971606154,25539,HTTP Request,200,OK,Tim 1-502,text,true,,231,158,346,346,http://localhost:8079/?token=518473098&user=-1355039501&config=3,25539,0,0
1777971606132,25561,HTTP Request,200,OK,Tim 1-338,text,true,,231,158,346,346,http://localhost:8079/?token=518473098&user=-1355039501&config=3,25561,0,0
1777971606154,25539,HTTP Request,200,OK,Tim 1-520,text,true,,231,158,346,346,http://localhost:8079/?token=518473098&user=-1355039501&config=3,25539,0,0
1777971606154,25539,HTTP Request,200,OK,Tim 1-506,text,true,,231,158,346,346,http://localhost:8079/?token=518473098&user=-1355039501&config=3,25539,0,0
1777971606154,25539,HTTP Request,200,OK,Tim 1-517,text,true,,231,158,346,346,http://localhost:8079/?token=518473098&user=-1355039501&config=3,25539,0,0
1777971606154,25539,HTTP Request,200,OK,Tim 1-503,text,true,,231,158,345,345,http://localhost:8079/?token=518473098&user=-1355039501&config=3,25539,0,0
1777971606153,25540,HTTP Request,200,OK,Tim 1-648,text,true,,231,158,345,345,http://localhost:8079/?token=518473098&user=-1355039501&config=3,25540,0,0
1777971606153,25540,HTTP Request,200,OK,Tim 1-647,text,true,,231,158,343,343,http://localhost:8079/?token=518473098&user=-1355039501&config=3,25540,0,0
1777971606147,25546,HTTP Request,200,OK,Tim 1-636,text,true,,231,158,342,342,http://localhost:8079/?token=518473098&user=-1355039501&config=3,25546,0,0
1777971606154,25539,HTTP Request,200,OK,Tim 1-507,text,true,,231,158,345,345,http://localhost:8079/?token=518473098&user=-1355039501&config=3,25539,0,0
1777971606143,25550,HTTP Request,200,OK,Tim 1-638,text,true,,231,158,342,342,http://localhost:8079/?token=518473098&user=-1355039501&config=3,25550,0,0
1777971606153,25540,HTTP Request,200,OK,Tim 1-643,text,true,,231,158,342,342,http://localhost:8079/?token=518473098&user=-1355039501&config=3,25540,0,0
1777971606132,25561,HTTP Request,200,OK,Tim 1-99,text,true,,231,158,342,342,http://localhost:8079/?token=518473098&user=-1355039501&config=3,25561,0,0
1777971606154,25540,HTTP Request,200,OK,Tim 1-531,text,true,,231,158,341,341,http://localhost:8079/?token=518473098&user=-1355039501&config=3,25540,0,1
1777971606153,25541,HTTP Request,200,OK,Tim 1-645,text,true,,231,158,341,341,http://localhost:8079/?token=518473098&user=-1355039501&config=3,25541,0,0
1777971606154,25540,HTTP Request,200,OK,Tim 1-530,text,true,,231,158,341,341,http://localhost:8079/?token=518473098&user=-1355039501&config=3,25540,0,1
1777971606154,25540,HTTP Request,200,OK,Tim 1-644,text,true,,231,158,339,339,http://localhost:8079/?token=518473098&user=-1355039501&config=3,25540,0,0
1777971606132,25562,HTTP Request,200,OK,Tim 1-396,text,true,,231,158,339,339,http://localhost:8079/?token=518473098&user=-1355039501&config=3,25562,0,0
1777971606154,25540,HTTP Request,200,OK,Tim 1-632,text,true,,231,158,339,339,http://localhost:8079/?token=518473098&user=-1355039501&config=3,25540,0,0
1777971606132,25562,HTTP Request,200,OK,Tim 1-650,text,true,,231,158,336,336,http://localhost:8079/?token=518473098&user=-1355039501&config=3,25562,0,0
1777971606154,25540,HTTP Request,200,OK,Tim 1-649,text,true,,231,158,336,336,http://localhost:8079/?token=518473098&user=-1355039501&config=3,25540,0,0
1777971606132,25562,HTTP Request,200,OK,Tim 1-652,text,true,,231,158,336,336,http://localhost:8079/?token=518473098&user=-1355039501&config=3,25562,0,0
1777971606154,25540,HTTP Request,200,OK,Tim 1-651,text,true,,231,158,336,336,http://localhost:8079/?token=518473098&user=-1355039501&config=3,25540,0,0
1777971606132,25562,HTTP Request,200,OK,Tim 1-336,text,true,,231,158,335,335,http://localhost:8079/?token=518473098&user=-1355039501&config=3,25562,0,0
1777971606132,25562,HTTP Request,200,OK,Tim 1-316,text,true,,231,158,331,331,http://localhost:8079/?token=518473098&user=-1355039501&config=3,25562,0,0
1777971606132,25562,HTTP Request,200,OK,Tim 1-363,text,true,,231,158,331,331,http://localhost:8079/?token=518473098&user=-1355039501&config=3,25562,0,0
1777971606132,25562,HTTP Request,200,OK,Tim 1-646,text,true,,231,158,330,330,http://localhost:8079/?token=518473098&user=-1355039501&config=3,25562,0,0
1777971606132,25562,HTTP Request,200,OK,Tim 1-315,text,true,,231,158,329,329,http://localhost:8079/?token=518473098&user=-1355039501&config=3,25562,0,0
1777971606132,25562,HTTP Request,200,OK,Tim 1-314,text,true,,231,158,328,328,http://localhost:8079/?token=518473098&user=-1355039501&config=3,25562,0,0
1777971606132,25562,HTTP Request,200,OK,Tim 1-313,text,true,,231,158,327,327,http://localhost:8079/?token=518473098&user=-1355039501&config=3,25562,0,0
1777971606132,25562,HTTP Request,200,OK,Tim 1-349,text,true,,231,158,327,327,http://localhost:8079/?token=518473098&user=-1355039501&config=3,25562,0,0
1777971606132,25562,HTTP Request,200,OK,Tim 1-324,text,true,,231,158,327,327,http://localhost:8079/?token=518473098&user=-1355039501&config=3,25562,0,0
1777971606132,25562,HTTP Request,200,OK,Tim 1-317,text,true,,231,158,325,324,http://localhost:8079/?token=518473098&user=-1355039501&config=3,25562,0,0
1777971606132,25562,HTTP Request,200,OK,Tim 1-330,text,true,,231,158,323,323,http://localhost:8079/?token=518473098&user=-1355039501&config=3,25562,0,0
1777971606132,25562,HTTP Request,200,OK,Tim 1-345,text,true,,231,158,323,323,http://localhost:8079/?token=518473098&user=-1355039501&config=3,25562,0,0
1777971606132,25562,HTTP Request,200,OK,Tim 1-355,text,true,,231,158,321,321,http://localhost:8079/?token=518473098&user=-1355039501&config=3,25562,0,0
1777971606132,25562,HTTP Request,200,OK,Tim 1-348,text,true,,231,158,321,321,http://localhost:8079/?token=518473098&user=-1355039501&config=3,25562,0,0
1777971606132,25562,HTTP Request,200,OK,Tim 1-353,text,true,,231,158,318,318,http://localhost:8079/?token=518473098&user=-1355039501&config=3,25562,0,0
1777971606132,25562,HTTP Request,200,OK,Tim 1-331,text,true,,231,158,318,318,http://localhost:8079/?token=518473098&user=-1355039501&config=3,25562,0,0
1777971606132,25562,HTTP Request,200,OK,Tim 1-350,text,true,,231,158,316,316,http://localhost:8079/?token=518473098&user=-1355039501&config=3,25562,0,0
1777971606132,25562,HTTP Request,200,OK,Tim 1-347,text,true,,231,158,315,315,http://localhost:8079/?token=518473098&user=-1355039501&config=3,25562,0,0
1777971606132,25563,HTTP Request,200,OK,Tim 1-332,text,true,,231,158,315,315,http://localhost:8079/?token=518473098&user=-1355039501&config=3,25563,0,0
1777971606132,25563,HTTP Request,200,OK,Tim 1-364,text,true,,231,158,315,315,http://localhost:8079/?token=518473098&user=-1355039501&config=3,25563,0,0
1777971606133,25562,HTTP Request,200,OK,Tim 1-384,text,true,,231,158,315,315,http://localhost:8079/?token=518473098&user=-1355039501&config=3,25562,0,0
1777971606154,25541,HTTP Request,200,OK,Tim 1-374,text,true,,231,158,314,314,http://localhost:8079/?token=518473098&user=-1355039501&config=3,25541,0,0
1777971606133,25562,HTTP Request,200,OK,Tim 1-390,text,true,,231,158,313,313,http://localhost:8079/?token=518473098&user=-1355039501&config=3,25562,0,0
1777971606133,25562,HTTP Request,200,OK,Tim 1-383,text,true,,231,158,313,313,http://localhost:8079/?token=518473098&user=-1355039501&config=3,25562,0,0
1777971606133,25562,HTTP Request,200,OK,Tim 1-380,text,true,,231,158,313,313,http://localhost:8079/?token=518473098&user=-1355039501&config=3,25562,0,0
1777971606132,25563,HTTP Request,200,OK,Tim 1-354,text,true,,231,158,313,313,http://localhost:8079/?token=518473098&user=-1355039501&config=3,25563,0,0
1777971606133,25562,HTTP Request,200,OK,Tim 1-626,text,true,,231,158,311,311,http://localhost:8079/?token=518473098&user=-1355039501&config=3,25562,0,0
1777971606155,25540,HTTP Request,200,OK,Tim 1-391,text,true,,231,158,311,311,http://localhost:8079/?token=518473098&user=-1355039501&config=3,25540,0,0
1777971606133,25562,HTTP Request,200,OK,Tim 1-484,text,true,,231,158,309,309,http://localhost:8079/?token=518473098&user=-1355039501&config=3,25562,0,0
1777971606133,25562,HTTP Request,200,OK,Tim 1-211,text,true,,231,158,309,308,http://localhost:8079/?token=518473098&user=-1355039501&config=3,25562,0,0
1777971606154,25541,HTTP Request,200,OK,Tim 1-387,text,true,,231,158,309,309,http://localhost:8079/?token=518473098&user=-1355039501&config=3,25541,0,0
1777971606133,25562,HTTP Request,200,OK,Tim 1-378,text,true,,231,158,306,306,http://localhost:8079/?token=518473098&user=-1355039501&config=3,25562,0,0
1777971607237,24459,HTTP Request,200,OK,Tim 1-165,text,true,,231,158,276,276,http://localhost:8079/?token=518473098&user=-1355039501&config=3,24459,0,0
1777971607237,24459,HTTP Request,200,OK,Tim 1-26,text,true,,231,158,276,276,http://localhost:8079/?token=518473098&user=-1355039501&config=3,24459,0,0
1777971607237,24460,HTTP Request,200,OK,Tim 1-166,text,true,,231,158,276,276,http://localhost:8079/?token=518473098&user=-1355039501&config=3,24459,0,0
1777971607237,24460,HTTP Request,200,OK,Tim 1-25,text,true,,231,158,276,276,http://localhost:8079/?token=518473098&user=-1355039501&config=3,24460,0,0
1777971607237,24460,HTTP Request,200,OK,Tim 1-168,text,true,,231,158,276,276,http://localhost:8079/?token=518473098&user=-1355039501&config=3,24460,0,0
1777971607237,24460,HTTP Request,200,OK,Tim 1-95,text,true,,231,158,276,276,http://localhost:8079/?token=518473098&user=-1355039501&config=3,24459,0,0
1777971607237,24460,HTTP Request,200,OK,Tim 1-94,text,true,,231,158,276,276,http://localhost:8079/?token=518473098&user=-1355039501&config=3,24460,0,0
1777971606154,25543,HTTP Request,200,OK,Tim 1-499,text,true,,231,158,275,275,http://localhost:8079/?token=518473098&user=-1355039501&config=3,25543,0,0
1777971607237,24460,HTTP Request,200,OK,Tim 1-27,text,true,,231,158,275,275,http://localhost:8079/?token=518473098&user=-1355039501&config=3,24460,0,0
1777971606154,25543,HTTP Request,200,OK,Tim 1-501,text,true,,231,158,275,275,http://localhost:8079/?token=518473098&user=-1355039501&config=3,25543,0,0
1777971606154,25543,HTTP Request,200,OK,Tim 1-504,text,true,,231,158,275,275,http://localhost:8079/?token=518473098&user=-1355039501&config=3,25543,0,0
1777971607237,24460,HTTP Request,200,OK,Tim 1-28,text,true,,231,158,275,275,http://localhost:8079/?token=518473098&user=-1355039501&config=3,24460,0,0
1777971607237,24460,HTTP Request,200,OK,Tim 1-97,text,true,,231,158,275,275,http://localhost:8079/?token=518473098&user=-1355039501&config=3,24460,0,0
1777971607237,24460,HTTP Request,200,OK,Tim 1-96,text,true,,231,158,275,275,http://localhost:8079/?token=518473098&user=-1355039501&config=3,24460,0,0
1777971606154,25543,HTTP Request,200,OK,Tim 1-511,text,true,,231,158,268,268,http://localhost:8079/?token=518473098&user=-1355039501&config=3,25543,0,0
1777971606154,25543,HTTP Request,200,OK,Tim 1-524,text,true,,231,158,267,267,http://localhost:8079/?token=518473098&user=-1355039501&config=3,25543,0,0
1777971606154,25543,HTTP Request,200,OK,Tim 1-525,text,true,,231,158,267,267,http://localhost:8079/?token=518473098&user=-1355039501&config=3,25543,0,0
1777971607238,24459,HTTP Request,200,OK,Tim 1-167,text,true,,231,158,260,260,http://localhost:8079/?token=518473098&user=-1355039501&config=3,24459,0,0
1777971606154,25543,HTTP Request,200,OK,Tim 1-536,text,true,,231,158,260,260,http://localhost:8079/?token=518473098&user=-1355039501&config=3,25543,0,0
1777971606154,25543,HTTP Request,200,OK,Tim 1-557,text,true,,231,158,260,260,http://localhost:8079/?token=518473098&user=-1355039501&config=3,25543,0,1
1777971606154,25543,HTTP Request,200,OK,Tim 1-538,text,true,,231,158,260,260,http://localhost:8079/?token=518473098&user=-1355039501&config=3,25543,0,1
1777971606154,25543,HTTP Request,200,OK,Tim 1-532,text,true,,231,158,260,260,http://localhost:8079/?token=518473098&user=-1355039501&config=3,25543,0,0
1777971606154,25543,HTTP Request,200,OK,Tim 1-571,text,true,,231,158,259,259,http://localhost:8079/?token=518473098&user=-1355039501&config=3,25543,0,1
1777971606154,25543,HTTP Request,200,OK,Tim 1-545,text,true,,231,158,259,259,http://localhost:8079/?token=518473098&user=-1355039501&config=3,25543,0,1
1777971606154,25543,HTTP Request,200,OK,Tim 1-539,text,true,,231,158,257,257,http://localhost:8079/?token=518473098&user=-1355039501&config=3,25543,0,1
1777971606154,25543,HTTP Request,200,OK,Tim 1-554,text,true,,231,158,256,256,http://localhost:8079/?token=518473098&user=-1355039501&config=3,25543,0,1
1777971606154,25544,HTTP Request,200,OK,Tim 1-541,text,true,,231,158,255,255,http://localhost:8079/?token=518473098&user=-1355039501&config=3,25544,0,1
1777971607238,24460,HTTP Request,200,OK,Tim 1-12,text,true,,231,158,251,251,http://localhost:8079/?token=518473098&user=-1355039501&config=3,24460,0,0
1777971607238,24460,HTTP Request,200,OK,Tim 1-151,text,true,,231,158,249,249,http://localhost:8079/?token=518473098&user=-1355039501&config=3,24460,0,0
1777971607238,24460,HTTP Request,200,OK,Tim 1-81,text,true,,231,158,248,248,http://localhost:8079/?token=518473098&user=-1355039501&config=3,24460,0,0
1777971607238,24460,HTTP Request,200,OK,Tim 1-80,text,true,,231,158,248,248,http://localhost:8079/?token=518473098&user=-1355039501&config=3,24460,0,0
1777971607238,24460,HTTP Request,200,OK,Tim 1-85,text,true,,231,158,248,248,http://localhost:8079/?token=518473098&user=-1355039501&config=3,24460,0,0
1777971607238,24460,HTTP Request,200,OK,Tim 1-82,text,true,,231,158,248,248,http://localhost:8079/?token=518473098&user=-1355039501&config=3,24460,0,0
1777971607238,24460,HTTP Request,200,OK,Tim 1-153,text,true,,231,158,247,247,http://localhost:8079/?token=518473098&user=-1355039501&config=3,24460,0,0
1777971607238,24460,HTTP Request,200,OK,Tim 1-152,text,true,,231,158,246,246,http://localhost:8079/?token=518473098&user=-1355039501&config=3,24460,0,0
1777971607238,24460,HTTP Request,200,OK,Tim 1-617,text,true,,231,158,246,246,http://localhost:8079/?token=518473098&user=-1355039501&config=3,24460,0,0
1777971607238,24460,HTTP Request,200,OK,Tim 1-104,text,true,,231,158,244,244,http://localhost:8079/?token=518473098&user=-1355039501&config=3,24460,0,0
1777971607239,24459,HTTP Request,200,OK,Tim 1-36,text,true,,231,158,242,242,http://localhost:8079/?token=518473098&user=-1355039501&config=3,24459,0,0
1777971607238,24460,HTTP Request,200,OK,Tim 1-175,text,true,,231,158,240,240,http://localhost:8079/?token=518473098&user=-1355039501&config=3,24460,0,0
1777971607238,24460,HTTP Request,200,OK,Tim 1-173,text,true,,231,158,241,241,http://localhost:8079/?token=518473098&user=-1355039501&config=3,24460,0,0
1777971607238,24460,HTTP Request,200,OK,Tim 1-580,text,true,,231,158,238,238,http://localhost:8079/?token=518473098&user=-1355039501&config=3,24460,0,0
1777971607241,24457,HTTP Request,200,OK,Tim 1-107,text,true,,231,158,238,238,http://localhost:8079/?token=518473098&user=-1355039501&config=3,24457,0,0
1777971607238,24460,HTTP Request,200,OK,Tim 1-575,text,true,,231,158,237,237,http://localhost:8079/?token=518473098&user=-1355039501&config=3,24460,0,0
1777971607238,24460,HTTP Request,200,OK,Tim 1-585,text,true,,231,158,235,235,http://localhost:8079/?token=518473098&user=-1355039501&config=3,24460,0,0
1777971607317,24383,HTTP Request,500,Internal Server Error,Tim 1-552,text,false,,233,158,232,232,http://localhost:8079/?token=518473098&user=-1355039501&config=3,24383,0,0
1777971607317,24383,HTTP Request,500,Internal Server Error,Tim 1-87,text,false,,233,158,232,232,http://localhost:8079/?token=518473098&user=-1355039501&config=3,24383,0,0
1777971607317,24383,HTTP Request,500,Internal Server Error,Tim 1-17,text,false,,233,158,232,232,http://localhost:8079/?token=518473098&user=-1355039501&config=3,24383,0,0
1777971607317,24383,HTTP Request,500,Internal Server Error,Tim 1-549,text,false,,233,158,232,232,http://localhost:8079/?token=518473098&user=-1355039501&config=3,24383,0,0
1777971607317,24383,HTTP Request,500,Internal Server Error,Tim 1-567,text,false,,233,158,232,232,http://localhost:8079/?token=518473098&user=-1355039501&config=3,24383,0,0
1777971607317,24383,HTTP Request,500,Internal Server Error,Tim 1-559,text,false,,233,158,231,231,http://localhost:8079/?token=518473098&user=-1355039501&config=3,24383,0,0
1777971607317,24383,HTTP Request,500,Internal Server Error,Tim 1-572,text,false,,233,158,229,229,http://localhost:8079/?token=518473098&user=-1355039501&config=3,24383,0,0
1777971607317,24383,HTTP Request,500,Internal Server Error,Tim 1-563,text,false,,233,158,228,228,http://localhost:8079/?token=518473098&user=-1355039501&config=3,24383,0,0
1777971607317,24383,HTTP Request,500,Internal Server Error,Tim 1-574,text,false,,233,158,226,226,http://localhost:8079/?token=518473098&user=-1355039501&config=3,24383,0,0
1777971607317,24383,HTTP Request,500,Internal Server Error,Tim 1-576,text,false,,233,158,225,225,http://localhost:8079/?token=518473098&user=-1355039501&config=3,24383,0,0
1777971607317,24384,HTTP Request,500,Internal Server Error,Tim 1-179,text,false,,233,158,222,222,http://localhost:8079/?token=518473098&user=-1355039501&config=3,24384,0,0
1777971607318,24383,HTTP Request,500,Internal Server Error,Tim 1-183,text,false,,233,158,222,222,http://localhost:8079/?token=518473098&user=-1355039501&config=3,24383,0,0
1777971607318,24383,HTTP Request,500,Internal Server Error,Tim 1-181,text,false,,233,158,220,220,http://localhost:8079/?token=518473098&user=-1355039501&config=3,24383,0,0
1777971607319,24382,HTTP Request,500,Internal Server Error,Tim 1-101,text,false,,233,158,220,220,http://localhost:8079/?token=518473098&user=-1355039501&config=3,24382,0,0
1777971607317,24384,HTTP Request,500,Internal Server Error,Tim 1-43,text,false,,233,158,220,220,http://localhost:8079/?token=518473098&user=-1355039501&config=3,24384,0,0
1777971607317,24387,HTTP Request,500,Internal Server Error,Tim 1-23,text,false,,233,158,217,217,http://localhost:8079/?token=518473098&user=-1355039501&config=3,24387,0,0
1777971607317,24387,HTTP Request,500,Internal Server Error,Tim 1-22,text,false,,233,158,217,217,http://localhost:8079/?token=518473098&user=-1355039501&config=3,24387,0,0
1777971607317,24388,HTTP Request,500,Internal Server Error,Tim 1-558,text,false,,233,158,217,217,http://localhost:8079/?token=518473098&user=-1355039501&config=3,24387,0,0
1777971607317,24388,HTTP Request,500,Internal Server Error,Tim 1-21,text,false,,233,158,217,217,http://localhost:8079/?token=518473098&user=-1355039501&config=3,24387,0,0
1777971607317,24388,HTTP Request,500,Internal Server Error,Tim 1-564,text,false,,233,158,217,217,http://localhost:8079/?token=518473098&user=-1355039501&config=3,24387,0,0
1777971607318,24387,HTTP Request,500,Internal Server Error,Tim 1-182,text,false,,233,158,216,216,http://localhost:8079/?token=518473098&user=-1355039501&config=3,24387,0,0
1777971607318,24387,HTTP Request,500,Internal Server Error,Tim 1-40,text,false,,233,158,212,212,http://localhost:8079/?token=518473098&user=-1355039501&config=3,24387,0,0
1777971607237,24471,HTTP Request,200,OK,Tim 1-24,text,true,,231,158,210,210,http://localhost:8079/?token=518473098&user=-1355039501&config=3,24471,0,0
1777971607237,24471,HTTP Request,200,OK,Tim 1-29,text,true,,231,158,210,210,http://localhost:8079/?token=518473098&user=-1355039501&config=3,24471,0,0
1777971607237,24471,HTTP Request,200,OK,Tim 1-164,text,true,,231,158,210,210,http://localhost:8079/?token=518473098&user=-1355039501&config=3,24471,0,0
1777971607237,24471,HTTP Request,200,OK,Tim 1-634,text,true,,231,158,210,210,http://localhost:8079/?token=518473098&user=-1355039501&config=3,24471,0,0
1777971607237,24471,HTTP Request,200,OK,Tim 1-655,text,true,,231,158,210,210,http://localhost:8079/?token=518473098&user=-1355039501&config=3,24471,0,0
1777971607237,24471,HTTP Request,200,OK,Tim 1-656,text,true,,231,158,209,209,http://localhost:8079/?token=518473098&user=-1355039501&config=3,24471,0,0
1777971607243,24465,HTTP Request,200,OK,Tim 1-657,text,true,,231,158,209,209,http://localhost:8079/?token=518473098&user=-1355039501&config=3,24465,0,0
1777971607243,24465,HTTP Request,200,OK,Tim 1-234,text,true,,231,158,209,209,http://localhost:8079/?token=518473098&user=-1355039501&config=3,24465,0,0
1777971607243,24465,HTTP Request,200,OK,Tim 1-245,text,true,,231,158,209,209,http://localhost:8079/?token=518473098&user=-1355039501&config=3,24465,0,0
1777971607237,24471,HTTP Request,200,OK,Tim 1-163,text,true,,231,158,209,209,http://localhost:8079/?token=518473098&user=-1355039501&config=3,24471,0,0
1777971607237,24471,HTTP Request,200,OK,Tim 1-98,text,true,,231,158,209,209,http://localhost:8079/?token=518473098&user=-1355039501&config=3,24471,0,0
1777971607243,24465,HTTP Request,200,OK,Tim 1-235,text,true,,231,158,209,209,http://localhost:8079/?token=518473098&user=-1355039501&config=3,24465,0,0
1777971607243,24465,HTTP Request,200,OK,Tim 1-248,text,true,,231,158,207,207,http://localhost:8079/?token=518473098&user=-1355039501&config=3,24465,0,0
1777971607243,24465,HTTP Request,200,OK,Tim 1-249,text,true,,231,158,207,207,http://localhost:8079/?token=518473098&user=-1355039501&config=3,24465,0,0
1777971607243,24465,HTTP Request,200,OK,Tim 1-251,text,true,,231,158,207,207,http://localhost:8079/?token=518473098&user=-1355039501&config=3,24465,0,0
1777971607243,24465,HTTP Request,200,OK,Tim 1-237,text,true,,231,158,207,207,http://localhost:8079/?token=518473098&user=-1355039501&config=3,24465,0,0
1777971607243,24465,HTTP Request,200,OK,Tim 1-250,text,true,,231,158,207,207,http://localhost:8079/?token=518473098&user=-1355039501&config=3,24465,0,0
1777971607243,24465,HTTP Request,200,OK,Tim 1-256,text,true,,231,158,207,207,http://localhost:8079/?token=518473098&user=-1355039501&config=3,24465,0,0
1777971607244,24464,HTTP Request,200,OK,Tim 1-247,text,true,,231,158,207,207,http://localhost:8079/?token=518473098&user=-1355039501&config=3,24464,0,0
1777971607243,24465,HTTP Request,200,OK,Tim 1-252,text,true,,231,158,207,207,http://localhost:8079/?token=518473098&user=-1355039501&config=3,24465,0,0
1777971607244,24464,HTTP Request,200,OK,Tim 1-260,text,true,,231,158,207,207,http://localhost:8079/?token=518473098&user=-1355039501&config=3,24464,0,0
1777971607244,24464,HTTP Request,200,OK,Tim 1-259,text,true,,231,158,207,207,http://localhost:8079/?token=518473098&user=-1355039501&config=3,24464,0,0
1777971607244,24464,HTTP Request,200,OK,Tim 1-244,text,true,,231,158,207,207,http://localhost:8079/?token=518473098&user=-1355039501&config=3,24464,0,0
1777971607244,24464,HTTP Request,200,OK,Tim 1-265,text,true,,231,158,204,204,http://localhost:8079/?token=518473098&user=-1355039501&config=3,24464,0,0
1777971607244,24464,HTTP Request,200,OK,Tim 1-267,text,true,,231,158,204,204,http://localhost:8079/?token=518473098&user=-1355039501&config=3,24464,0,0
1777971607244,24464,HTTP Request,200,OK,Tim 1-268,text,true,,231,158,204,204,http://localhost:8079/?token=518473098&user=-1355039501&config=3,24464,0,0
1777971607317,24391,HTTP Request,500,Internal Server Error,Tim 1-550,text,false,,233,158,203,202,http://localhost:8079/?token=518473098&user=-1355039501&config=3,24391,0,0
1777971607244,24464,HTTP Request,200,OK,Tim 1-271,text,true,,231,158,202,202,http://localhost:8079/?token=518473098&user=-1355039501&config=3,24464,0,0
1777971607317,24391,HTTP Request,500,Internal Server Error,Tim 1-560,text,false,,233,158,202,202,http://localhost:8079/?token=518473098&user=-1355039501&config=3,24391,0,0
1777971607243,24465,HTTP Request,200,OK,Tim 1-255,text,true,,231,158,202,202,http://localhost:8079/?token=518473098&user=-1355039501&config=3,24465,0,0
1777971607244,24464,HTTP Request,200,OK,Tim 1-257,text,true,,231,158,202,202,http://localhost:8079/?token=518473098&user=-1355039501&config=3,24464,0,0
1777971607244,24464,HTTP Request,200,OK,Tim 1-240,text,true,,231,158,202,202,http://localhost:8079/?token=518473098&user=-1355039501&config=3,24464,0,0
1777971607244,24464,HTTP Request,200,OK,Tim 1-241,text,true,,231,158,202,202,http://localhost:8079/?token=518473098&user=-1355039501&config=3,24464,0,0
1777971607244,24465,HTTP Request,200,OK,Tim 1-274,text,true,,231,158,200,200,http://localhost:8079/?token=518473098&user=-1355039501&config=3,24465,0,0
1777971607244,24464,HTTP Request,200,OK,Tim 1-272,text,true,,231,158,201,201,http://localhost:8079/?token=518473098&user=-1355039501&config=3,24464,0,0
1777971607244,24465,HTTP Request,200,OK,Tim 1-242,text,true,,231,158,200,200,http://localhost:8079/?token=518473098&user=-1355039501&config=3,24465,0,0
1777971607244,24465,HTTP Request,200,OK,Tim 1-278,text,true,,231,158,200,200,http://localhost:8079/?token=518473098&user=-1355039501&config=3,24465,0,0
1777971607244,24464,HTTP Request,200,OK,Tim 1-276,text,true,,231,158,201,201,http://localhost:8079/?token=518473098&user=-1355039501&config=3,24464,0,0
1777971607244,24465,HTTP Request,200,OK,Tim 1-264,text,true,,231,158,198,198,http://localhost:8079/?token=518473098&user=-1355039501&config=3,24465,0,0
1777971607244,24465,HTTP Request,200,OK,Tim 1-238,text,true,,231,158,198,198,http://localhost:8079/?token=518473098&user=-1355039501&config=3,24465,0,0
1777971607244,24465,HTTP Request,200,OK,Tim 1-277,text,true,,231,158,198,198,http://localhost:8079/?token=518473098&user=-1355039501&config=3,24465,0,0
1777971607244,24465,HTTP Request,200,OK,Tim 1-280,text,true,,231,158,198,198,http://localhost:8079/?token=518473098&user=-1355039501&config=3,24465,0,0
1777971607243,24466,HTTP Request,200,OK,Tim 1-262,text,true,,231,158,198,198,http://localhost:8079/?token=518473098&user=-1355039501&config=3,24466,0,0
1777971607244,24465,HTTP Request,200,OK,Tim 1-288,text,true,,231,158,198,198,http://localhost:8079/?token=518473098&user=-1355039501&config=3,24465,0,0
1777971607244,24465,HTTP Request,200,OK,Tim 1-281,text,true,,231,158,197,197,http://localhost:8079/?token=518473098&user=-1355039501&config=3,24465,0,0
1777971607244,24465,HTTP Request,200,OK,Tim 1-289,text,true,,231,158,197,197,http://localhost:8079/?token=518473098&user=-1355039501&config=3,24465,0,0
1777971607244,24465,HTTP Request,200,OK,Tim 1-285,text,true,,231,158,196,196,http://localhost:8079/?token=518473098&user=-1355039501&config=3,24465,0,0
1777971607244,24465,HTTP Request,200,OK,Tim 1-291,text,true,,231,158,196,196,http://localhost:8079/?token=518473098&user=-1355039501&config=3,24465,0,0
1777971607244,24465,HTTP Request,200,OK,Tim 1-293,text,true,,231,158,196,196,http://localhost:8079/?token=518473098&user=-1355039501&config=3,24465,0,0
1777971607238,24471,HTTP Request,200,OK,Tim 1-566,text,true,,231,158,195,195,http://localhost:8079/?token=518473098&user=-1355039501&config=3,24471,0,0
1777971607238,24471,HTTP Request,200,OK,Tim 1-565,text,true,,231,158,195,195,http://localhost:8079/?token=518473098&user=-1355039501&config=3,24471,0,0
1777971607238,24471,HTTP Request,200,OK,Tim 1-583,text,true,,231,158,194,194,http://localhost:8079/?token=518473098&user=-1355039501&config=3,24471,0,0
1777971607252,24457,HTTP Request,500,Internal Server Error,Tim 1-671,text,false,,233,158,194,194,http://localhost:8079/?token=518473098&user=-1355039501&config=3,24457,0,0
1777971607238,24471,HTTP Request,200,OK,Tim 1-570,text,true,,231,158,194,194,http://localhost:8079/?token=518473098&user=-1355039501&config=3,24471,0,0
1777971607245,24464,HTTP Request,200,OK,Tim 1-283,text,true,,231,158,194,194,http://localhost:8079/?token=518473098&user=-1355039501&config=3,24464,0,0
1777971607245,24464,HTTP Request,200,OK,Tim 1-302,text,true,,231,158,194,194,http://localhost:8079/?token=518473098&user=-1355039501&config=3,24464,0,0
1777971607245,24464,HTTP Request,200,OK,Tim 1-296,text,true,,231,158,193,192,http://localhost:8079/?token=518473098&user=-1355039501&config=3,24464,0,0
1777971607245,24464,HTTP Request,200,OK,Tim 1-298,text,true,,231,158,192,192,http://localhost:8079/?token=518473098&user=-1355039501&config=3,24464,0,0
1777971607245,24464,HTTP Request,200,OK,Tim 1-297,text,true,,231,158,192,192,http://localhost:8079/?token=518473098&user=-1355039501&config=3,24464,0,0
1777971607245,24464,HTTP Request,200,OK,Tim 1-294,text,true,,231,158,192,192,http://localhost:8079/?token=518473098&user=-1355039501&config=3,24464,0,0
1777971607245,24464,HTTP Request,200,OK,Tim 1-299,text,true,,231,158,192,192,http://localhost:8079/?token=518473098&user=-1355039501&config=3,24464,0,0
1777971607245,24464,HTTP Request,200,OK,Tim 1-295,text,true,,231,158,191,191,http://localhost:8079/?token=518473098&user=-1355039501&config=3,24464,0,0
1777971607237,24472,HTTP Request,200,OK,Tim 1-83,text,true,,231,158,191,191,http://localhost:8079/?token=518473098&user=-1355039501&config=3,24472,0,0
1777971607238,24471,HTTP Request,200,OK,Tim 1-150,text,true,,231,158,191,191,http://localhost:8079/?token=518473098&user=-1355039501&config=3,24471,0,0
1777971607238,24471,HTTP Request,200,OK,Tim 1-84,text,true,,231,158,191,191,http://localhost:8079/?token=518473098&user=-1355039501&config=3,24471,0,0
1777971614825,16884,HTTP Request,500,Internal Server Error,Tim 1-46,text,false,,233,158,191,191,http://localhost:8079/?token=518473098&user=-1355039501&config=3,16884,0,0
1777971607238,24471,HTTP Request,200,OK,Tim 1-86,text,true,,231,158,191,191,http://localhost:8079/?token=518473098&user=-1355039501&config=3,24471,0,0
1777971607238,24471,HTTP Request,200,OK,Tim 1-14,text,true,,231,158,191,191,http://localhost:8079/?token=518473098&user=-1355039501&config=3,24471,0,0
1777971607238,24472,HTTP Request,200,OK,Tim 1-15,text,true,,231,158,186,186,http://localhost:8079/?token=518473098&user=-1355039501&config=3,24471,0,0
1777971607238,24472,HTTP Request,200,OK,Tim 1-618,text,true,,231,158,186,186,http://localhost:8079/?token=518473098&user=-1355039501&config=3,24472,0,0
1777971607245,24465,HTTP Request,200,OK,Tim 1-225,text,true,,231,158,186,186,http://localhost:8079/?token=518473098&user=-1355039501&config=3,24465,0,0
1777971607238,24472,HTTP Request,200,OK,Tim 1-155,text,true,,231,158,186,186,http://localhost:8079/?token=518473098&user=-1355039501&config=3,24472,0,0
1777971607238,24472,HTTP Request,200,OK,Tim 1-154,text,true,,231,158,186,186,http://localhost:8079/?token=518473098&user=-1355039501&config=3,24472,0,0
1777971607238,24472,HTTP Request,200,OK,Tim 1-16,text,true,,231,158,186,186,http://localhost:8079/?token=518473098&user=-1355039501&config=3,24472,0,0
1777971607245,24465,HTTP Request,200,OK,Tim 1-224,text,true,,231,158,185,185,http://localhost:8079/?token=518473098&user=-1355039501&config=3,24465,0,0
1777971607238,24472,HTTP Request,200,OK,Tim 1-106,text,true,,231,158,182,182,http://localhost:8079/?token=518473098&user=-1355039501&config=3,24472,0,0
1777971607238,24472,HTTP Request,200,OK,Tim 1-105,text,true,,231,158,182,182,http://localhost:8079/?token=518473098&user=-1355039501&config=3,24472,0,0
1777971607238,24472,HTTP Request,200,OK,Tim 1-35,text,true,,231,158,182,182,http://localhost:8079/?token=518473098&user=-1355039501&config=3,24472,0,0
1777971607238,24472,HTTP Request,200,OK,Tim 1-174,text,true,,231,158,182,182,http://localhost:8079/?token=518473098&user=-1355039501&config=3,24472,0,0
1777971607238,24472,HTTP Request,200,OK,Tim 1-103,text,true,,231,158,182,182,http://localhost:8079/?token=518473098&user=-1355039501&config=3,24472,0,0
1777971607253,24457,HTTP Request,500,Internal Server Error,Tim 1-34,text,false,,233,158,182,182,http://localhost:8079/?token=518473098&user=-1355039501&config=3,24457,0,0
1777971607238,24472,HTTP Request,200,OK,Tim 1-37,text,true,,231,158,182,182,http://localhost:8079/?token=518473098&user=-1355039501&config=3,24472,0,0
1777971607238,24472,HTTP Request,500,Internal Server Error,Tim 1-172,text,false,,233,158,177,177,http://localhost:8079/?token=518473098&user=-1355039501&config=3,24472,0,0
1777971607238,24472,HTTP Request,200,OK,Tim 1-171,text,true,,231,158,177,177,http://localhost:8079/?token=518473098&user=-1355039501&config=3,24472,0,0
1777971607245,24465,HTTP Request,200,OK,Tim 1-177,text,true,,231,158,177,177,http://localhost:8079/?token=518473098&user=-1355039501&config=3,24465,0,0
1777971607255,24455,HTTP Request,500,Internal Server Error,Tim 1-683,text,false,,233,158,174,174,http://localhost:8079/?token=518473098&user=-1355039501&config=3,24455,0,0
1777971607318,24392,HTTP Request,500,Internal Server Error,Tim 1-102,text,false,,233,158,174,174,http://localhost:8079/?token=518473098&user=-1355039501&config=3,24392,0,0
1777971607238,24472,HTTP Request,200,OK,Tim 1-577,text,true,,231,158,174,174,http://localhost:8079/?token=518473098&user=-1355039501&config=3,24472,0,0
1777971607319,24391,HTTP Request,500,Internal Server Error,Tim 1-170,text,false,,233,158,169,169,http://localhost:8079/?token=518473098&user=-1355039501&config=3,24391,0,0
1777971607237,24473,HTTP Request,200,OK,Tim 1-584,text,true,,231,158,169,169,http://localhost:8079/?token=518473098&user=-1355039501&config=3,24473,0,0
1777971607238,24472,HTTP Request,200,OK,Tim 1-556,text,true,,231,158,174,174,http://localhost:8079/?token=518473098&user=-1355039501&config=3,24472,0,0
1777971607238,24473,HTTP Request,200,OK,Tim 1-581,text,true,,231,158,169,169,http://localhost:8079/?token=518473098&user=-1355039501&config=3,24473,0,0
1777971607251,24470,HTTP Request,200,OK,Tim 1-633,text,true,,231,158,118,118,http://localhost:8079/?token=518473098&user=-1355039501&config=3,24470,0,0
1777971607251,24470,HTTP Request,200,OK,Tim 1-658,text,true,,231,158,118,118,http://localhost:8079/?token=518473098&user=-1355039501&config=3,24470,0,0
1777971607251,24470,HTTP Request,200,OK,Tim 1-628,text,true,,231,158,118,118,http://localhost:8079/?token=518473098&user=-1355039501&config=3,24470,0,0
1777971607243,24478,HTTP Request,200,OK,Tim 1-236,text,true,,231,158,118,118,http://localhost:8079/?token=518473098&user=-1355039501&config=3,24478,0,0
1777971607251,24470,HTTP Request,200,OK,Tim 1-641,text,true,,231,158,118,118,http://localhost:8079/?token=518473098&user=-1355039501&config=3,24470,0,0
1777971607251,24470,HTTP Request,200,OK,Tim 1-659,text,true,,231,158,118,118,http://localhost:8079/?token=518473098&user=-1355039501&config=3,24470,0,0
1777971607251,24470,HTTP Request,200,OK,Tim 1-660,text,true,,231,158,118,118,http://localhost:8079/?token=518473098&user=-1355039501&config=3,24470,0,0
1777971607252,24469,HTTP Request,200,OK,Tim 1-663,text,true,,231,158,118,118,http://localhost:8079/?token=518473098&user=-1355039501&config=3,24469,0,0
1777971607251,24470,HTTP Request,200,OK,Tim 1-100,text,true,,231,158,118,118,http://localhost:8079/?token=518473098&user=-1355039501&config=3,24470,0,0
1777971607251,24470,HTTP Request,200,OK,Tim 1-661,text,true,,231,158,118,118,http://localhost:8079/?token=518473098&user=-1355039501&config=3,24470,0,0
1777971607252,24469,HTTP Request,200,OK,Tim 1-664,text,true,,231,158,118,118,http://localhost:8079/?token=518473098&user=-1355039501&config=3,24469,0,0
1777971607244,24477,HTTP Request,200,OK,Tim 1-239,text,true,,231,158,118,118,http://localhost:8079/?token=518473098&user=-1355039501&config=3,24477,0,0
1777971607251,24470,HTTP Request,200,OK,Tim 1-662,text,true,,231,158,118,118,http://localhost:8079/?token=518473098&user=-1355039501&config=3,24470,0,0
1777971607244,24477,HTTP Request,200,OK,Tim 1-273,text,true,,231,158,116,116,http://localhost:8079/?token=518473098&user=-1355039501&config=3,24477,0,0
1777971607244,24477,HTTP Request,200,OK,Tim 1-258,text,true,,231,158,116,116,http://localhost:8079/?token=518473098&user=-1355039501&config=3,24477,0,0
1777971607252,24469,HTTP Request,200,OK,Tim 1-666,text,true,,231,158,116,116,http://localhost:8079/?token=518473098&user=-1355039501&config=3,24469,0,0
1777971607244,24477,HTTP Request,200,OK,Tim 1-279,text,true,,231,158,116,116,http://localhost:8079/?token=518473098&user=-1355039501&config=3,24477,0,0
1777971607252,24469,HTTP Request,200,OK,Tim 1-395,text,true,,231,158,116,116,http://localhost:8079/?token=518473098&user=-1355039501&config=3,24469,0,0
1777971607252,24469,HTTP Request,200,OK,Tim 1-667,text,true,,231,158,116,116,http://localhost:8079/?token=518473098&user=-1355039501&config=3,24469,0,0
1777971607252,24469,HTTP Request,200,OK,Tim 1-669,text,true,,231,158,116,116,http://localhost:8079/?token=518473098&user=-1355039501&config=3,24469,0,0
1777971607252,24469,HTTP Request,200,OK,Tim 1-32,text,true,,231,158,115,115,http://localhost:8079/?token=518473098&user=-1355039501&config=3,24469,0,0
1777971607252,24469,HTTP Request,200,OK,Tim 1-670,text,true,,231,158,115,115,http://localhost:8079/?token=518473098&user=-1355039501&config=3,24469,0,0
1777971607252,24469,HTTP Request,200,OK,Tim 1-668,text,true,,231,158,115,115,http://localhost:8079/?token=518473098&user=-1355039501&config=3,24469,0,0
1777971607245,24476,HTTP Request,200,OK,Tim 1-300,text,true,,231,158,113,113,http://localhost:8079/?token=518473098&user=-1355039501&config=3,24476,0,0
1777971607251,24470,HTTP Request,200,OK,Tim 1-309,text,true,,231,158,112,112,http://localhost:8079/?token=518473098&user=-1355039501&config=3,24470,0,0
1777971607252,24469,HTTP Request,200,OK,Tim 1-307,text,true,,231,158,112,112,http://localhost:8079/?token=518473098&user=-1355039501&config=3,24469,0,0
1777971607248,24473,HTTP Request,200,OK,Tim 1-303,text,true,,231,158,112,112,http://localhost:8079/?token=518473098&user=-1355039501&config=3,24473,0,0
1777971607252,24469,HTTP Request,200,OK,Tim 1-304,text,true,,231,158,112,112,http://localhost:8079/?token=518473098&user=-1355039501&config=3,24469,0,0
1777971607252,24469,HTTP Request,200,OK,Tim 1-306,text,true,,231,158,111,111,http://localhost:8079/?token=518473098&user=-1355039501&config=3,24469,0,0
1777971607252,24469,HTTP Request,200,OK,Tim 1-604,text,true,,231,158,109,109,http://localhost:8079/?token=518473098&user=-1355039501&config=3,24469,0,0
1777971607252,24469,HTTP Request,200,OK,Tim 1-595,text,true,,231,158,109,109,http://localhost:8079/?token=518473098&user=-1355039501&config=3,24469,0,0
1777971607252,24469,HTTP Request,200,OK,Tim 1-609,text,true,,231,158,109,109,http://localhost:8079/?token=518473098&user=-1355039501&config=3,24469,0,0
1777971607252,24469,HTTP Request,200,OK,Tim 1-608,text,true,,231,158,109,109,http://localhost:8079/?token=518473098&user=-1355039501&config=3,24469,0,0
1777971607252,24469,HTTP Request,200,OK,Tim 1-607,text,true,,231,158,109,109,http://localhost:8079/?token=518473098&user=-1355039501&config=3,24469,0,0
1777971607252,24469,HTTP Request,200,OK,Tim 1-600,text,true,,231,158,109,109,http://localhost:8079/?token=518473098&user=-1355039501&config=3,24469,0,0
1777971607252,24470,HTTP Request,200,OK,Tim 1-606,text,true,,231,158,107,107,http://localhost:8079/?token=518473098&user=-1355039501&config=3,24470,0,0
1777971607252,24470,HTTP Request,200,OK,Tim 1-612,text,true,,231,158,107,107,http://localhost:8079/?token=518473098&user=-1355039501&config=3,24470,0,0
1777971607252,24470,HTTP Request,200,OK,Tim 1-586,text,true,,231,158,107,107,http://localhost:8079/?token=518473098&user=-1355039501&config=3,24470,0,0
1777971607252,24470,HTTP Request,200,OK,Tim 1-593,text,true,,231,158,107,107,http://localhost:8079/?token=518473098&user=-1355039501&config=3,24470,0,0
1777971607252,24470,HTTP Request,200,OK,Tim 1-597,text,true,,231,158,103,103,http://localhost:8079/?token=518473098&user=-1355039501&config=3,24470,0,0
1777971607252,24470,HTTP Request,200,OK,Tim 1-594,text,true,,231,158,103,103,http://localhost:8079/?token=518473098&user=-1355039501&config=3,24470,0,0
1777971607252,24470,HTTP Request,200,OK,Tim 1-605,text,true,,231,158,102,102,http://localhost:8079/?token=518473098&user=-1355039501&config=3,24470,0,0
1777971607252,24470,HTTP Request,200,OK,Tim 1-603,text,true,,231,158,101,101,http://localhost:8079/?token=518473098&user=-1355039501&config=3,24470,0,0
1777971607252,24470,HTTP Request,200,OK,Tim 1-592,text,true,,231,158,101,101,http://localhost:8079/?token=518473098&user=-1355039501&config=3,24470,0,0
1777971607245,24477,HTTP Request,200,OK,Tim 1-613,text,true,,231,158,99,99,http://localhost:8079/?token=518473098&user=-1355039501&config=3,24477,0,0
1777971607252,24470,HTTP Request,200,OK,Tim 1-599,text,true,,231,158,99,99,http://localhost:8079/?token=518473098&user=-1355039501&config=3,24470,0,0
1777971607252,24470,HTTP Request,200,OK,Tim 1-602,text,true,,231,158,99,99,http://localhost:8079/?token=518473098&user=-1355039501&config=3,24470,0,0
1777971607252,24470,HTTP Request,200,OK,Tim 1-598,text,true,,231,158,98,98,http://localhost:8079/?token=518473098&user=-1355039501&config=3,24470,0,0
1777971607252,24470,HTTP Request,200,OK,Tim 1-616,text,true,,231,158,98,98,http://localhost:8079/?token=518473098&user=-1355039501&config=3,24470,0,0
1777971607252,24470,HTTP Request,200,OK,Tim 1-611,text,true,,231,158,97,97,http://localhost:8079/?token=518473098&user=-1355039501&config=3,24470,0,0
1777971607253,24469,HTTP Request,200,OK,Tim 1-11,text,true,,231,158,96,96,http://localhost:8079/?token=518473098&user=-1355039501&config=3,24469,0,0
1777971607252,24470,HTTP Request,200,OK,Tim 1-13,text,true,,231,158,96,96,http://localhost:8079/?token=518473098&user=-1355039501&config=3,24470,0,0
1777971607253,24469,HTTP Request,200,OK,Tim 1-619,text,true,,231,158,94,94,http://localhost:8079/?token=518473098&user=-1355039501&config=3,24469,0,0
1777971607253,24469,HTTP Request,200,OK,Tim 1-620,text,true,,231,158,94,94,http://localhost:8079/?token=518473098&user=-1355039501&config=3,24469,0,0
1777971607253,24469,HTTP Request,200,OK,Tim 1-621,text,true,,231,158,92,92,http://localhost:8079/?token=518473098&user=-1355039501&config=3,24469,0,0
1777971607253,24470,HTTP Request,200,OK,Tim 1-654,text,true,,231,158,89,89,http://localhost:8079/?token=518473098&user=-1355039501&config=3,24469,0,0
1777971607317,24407,HTTP Request,200,OK,Tim 1-19,text,true,,231,158,62,62,http://localhost:8079/?token=518473098&user=-1355039501&config=3,24407,0,0
1777971607317,24407,HTTP Request,200,OK,Tim 1-88,text,true,,231,158,62,62,http://localhost:8079/?token=518473098&user=-1355039501&config=3,24407,0,0
1777971607252,24472,HTTP Request,200,OK,Tim 1-642,text,true,,231,158,62,62,http://localhost:8079/?token=518473098&user=-1355039501&config=3,24472,0,0
1777971607317,24408,HTTP Request,200,OK,Tim 1-562,text,true,,231,158,62,62,http://localhost:8079/?token=518473098&user=-1355039501&config=3,24408,0,0
1777971607252,24473,HTTP Request,200,OK,Tim 1-665,text,true,,231,158,62,62,http://localhost:8079/?token=518473098&user=-1355039501&config=3,24473,0,0
1777971607252,24473,HTTP Request,200,OK,Tim 1-590,text,true,,231,158,60,60,http://localhost:8079/?token=518473098&user=-1355039501&config=3,24473,0,0
1777971607252,24473,HTTP Request,200,OK,Tim 1-601,text,true,,231,158,57,57,http://localhost:8079/?token=518473098&user=-1355039501&config=3,24473,0,0
1777971607252,24473,HTTP Request,200,OK,Tim 1-591,text,true,,231,158,57,57,http://localhost:8079/?token=518473098&user=-1355039501&config=3,24473,0,0
1777971607252,24473,HTTP Request,200,OK,Tim 1-176,text,true,,231,158,57,57,http://localhost:8079/?token=518473098&user=-1355039501&config=3,24473,0,0
1777971607252,24473,HTTP Request,200,OK,Tim 1-614,text,true,,231,158,57,57,http://localhost:8079/?token=518473098&user=-1355039501&config=3,24473,0,0
1777971607252,24473,HTTP Request,200,OK,Tim 1-596,text,true,,231,158,56,56,http://localhost:8079/?token=518473098&user=-1355039501&config=3,24473,0,0
1777971607252,24473,HTTP Request,200,OK,Tim 1-588,text,true,,231,158,56,56,http://localhost:8079/?token=518473098&user=-1355039501&config=3,24473,0,0
1777971607252,24473,HTTP Request,200,OK,Tim 1-610,text,true,,231,158,56,56,http://localhost:8079/?token=518473098&user=-1355039501&config=3,24473,0,0
1777971607252,24473,HTTP Request,200,OK,Tim 1-615,text,true,,231,158,53,53,http://localhost:8079/?token=518473098&user=-1355039501&config=3,24473,0,0
1777971607253,24472,HTTP Request,200,OK,Tim 1-30,text,true,,231,158,49,49,http://localhost:8079/?token=518473098&user=-1355039501&config=3,24472,0,0
1777971607253,24472,HTTP Request,200,OK,Tim 1-623,text,true,,231,158,49,49,http://localhost:8079/?token=518473098&user=-1355039501&config=3,24472,0,0
1777971607253,24472,HTTP Request,200,OK,Tim 1-622,text,true,,231,158,49,49,http://localhost:8079/?token=518473098&user=-1355039501&config=3,24472,0,0
1777971607253,24472,HTTP Request,200,OK,Tim 1-653,text,true,,231,158,49,49,http://localhost:8079/?token=518473098&user=-1355039501&config=3,24472,0,0
1777971607253,24472,HTTP Request,200,OK,Tim 1-33,text,true,,231,158,47,47,http://localhost:8079/?token=518473098&user=-1355039501&config=3,24472,0,0
1777971607253,24472,HTTP Request,200,OK,Tim 1-38,text,true,,231,158,47,47,http://localhost:8079/?token=518473098&user=-1355039501&config=3,24472,0,0
1777971607253,24473,HTTP Request,200,OK,Tim 1-673,text,true,,231,158,44,43,http://localhost:8079/?token=518473098&user=-1355039501&config=3,24473,0,0
1777971607253,24473,HTTP Request,200,OK,Tim 1-672,text,true,,231,158,44,44,http://localhost:8079/?token=518473098&user=-1355039501&config=3,24473,0,0
1777971607254,24472,HTTP Request,200,OK,Tim 1-676,text,true,,231,158,42,42,http://localhost:8079/?token=518473098&user=-1355039501&config=3,24472,0,0
1777971607254,24472,HTTP Request,200,OK,Tim 1-674,text,true,,231,158,42,42,http://localhost:8079/?token=518473098&user=-1355039501&config=3,24472,0,0
1777971607254,24472,HTTP Request,200,OK,Tim 1-675,text,true,,231,158,42,42,http://localhost:8079/?token=518473098&user=-1355039501&config=3,24472,0,0
1777971607254,24472,HTTP Request,200,OK,Tim 1-679,text,true,,231,158,42,42,http://localhost:8079/?token=518473098&user=-1355039501&config=3,24472,0,0
1777971607254,24472,HTTP Request,200,OK,Tim 1-678,text,true,,231,158,42,42,http://localhost:8079/?token=518473098&user=-1355039501&config=3,24472,0,0
1777971607254,24472,HTTP Request,200,OK,Tim 1-680,text,true,,231,158,42,42,http://localhost:8079/?token=518473098&user=-1355039501&config=3,24472,0,0
1777971607254,24472,HTTP Request,200,OK,Tim 1-681,text,true,,231,158,42,42,http://localhost:8079/?token=518473098&user=-1355039501&config=3,24472,0,0
1777971607254,24472,HTTP Request,200,OK,Tim 1-677,text,true,,231,158,41,41,http://localhost:8079/?token=518473098&user=-1355039501&config=3,24472,0,0
1777971607254,24472,HTTP Request,200,OK,Tim 1-684,text,true,,231,158,40,40,http://localhost:8079/?token=518473098&user=-1355039501&config=3,24472,0,0
1777971607254,24472,HTTP Request,200,OK,Tim 1-682,text,true,,231,158,40,40,http://localhost:8079/?token=518473098&user=-1355039501&config=3,24472,0,0
1777971607255,24471,HTTP Request,200,OK,Tim 1-686,text,true,,231,158,39,39,http://localhost:8079/?token=518473098&user=-1355039501&config=3,24471,0,0
1777971607255,24471,HTTP Request,200,OK,Tim 1-685,text,true,,231,158,39,39,http://localhost:8079/?token=518473098&user=-1355039501&config=3,24471,0,0
1777971607255,24471,HTTP Request,200,OK,Tim 1-687,text,true,,231,158,36,36,http://localhost:8079/?token=518473098&user=-1355039501&config=3,24471,0,0
1777971607254,24472,HTTP Request,200,OK,Tim 1-689,text,true,,231,158,34,34,http://localhost:8079/?token=518473098&user=-1355039501&config=3,24472,0,0
1777971607255,24471,HTTP Request,200,OK,Tim 1-688,text,true,,231,158,34,34,http://localhost:8079/?token=518473098&user=-1355039501&config=3,24471,0,0
1777971607255,24471,HTTP Request,200,OK,Tim 1-690,text,true,,231,158,34,34,http://localhost:8079/?token=518473098&user=-1355039501&config=3,24471,0,0
1777971607257,24469,HTTP Request,200,OK,Tim 1-692,text,true,,231,158,32,32,http://localhost:8079/?token=518473098&user=-1355039501&config=3,24469,0,0
1777971607257,24469,HTTP Request,200,OK,Tim 1-694,text,true,,231,158,30,30,http://localhost:8079/?token=518473098&user=-1355039501&config=3,24469,0,0
1777971607257,24469,HTTP Request,200,OK,Tim 1-697,text,true,,231,158,27,27,http://localhost:8079/?token=518473098&user=-1355039501&config=3,24469,0,0
1777971607257,24469,HTTP Request,200,OK,Tim 1-699,text,true,,231,158,27,27,http://localhost:8079/?token=518473098&user=-1355039501&config=3,24469,0,0
1777971607257,24469,HTTP Request,200,OK,Tim 1-698,text,true,,231,158,27,27,http://localhost:8079/?token=518473098&user=-1355039501&config=3,24469,0,0
1777971607257,24469,HTTP Request,200,OK,Tim 1-693,text,true,,231,158,27,27,http://localhost:8079/?token=518473098&user=-1355039501&config=3,24469,0,0
1777971607257,24470,HTTP Request,200,OK,Tim 1-589,text,true,,231,158,26,26,http://localhost:8079/?token=518473098&user=-1355039501&config=3,24470,0,0
1777971607257,24470,HTTP Request,200,OK,Tim 1-587,text,true,,231,158,26,26,http://localhost:8079/?token=518473098&user=-1355039501&config=3,24470,0,0
1777971607257,24470,HTTP Request,200,OK,Tim 1-31,text,true,,231,158,25,25,http://localhost:8079/?token=518473098&user=-1355039501&config=3,24470,0,0
1777971607257,24469,HTTP Request,200,OK,Tim 1-695,text,true,,231,158,27,27,http://localhost:8079/?token=518473098&user=-1355039501&config=3,24469,0,0
1777971607256,24471,HTTP Request,200,OK,Tim 1-691,text,true,,231,158,22,22,http://localhost:8079/?token=518473098&user=-1355039501&config=3,24471,0,0
1777971607257,24469,HTTP Request,200,OK,Tim 1-696,text,true,,231,158,27,27,http://localhost:8079/?token=518473098&user=-1355039501&config=3,24469,0,0
1777971607257,24470,HTTP Request,200,OK,Tim 1-113,text,true,,231,158,12,12,http://localhost:8079/?token=518473098&user=-1355039501&config=3,24470,0,0
1777971607257,24470,HTTP Request,200,OK,Tim 1-45,text,true,,231,158,12,12,http://localhost:8079/?token=518473098&user=-1355039501&config=3,24470,0,0
1777971607257,24470,HTTP Request,200,OK,Tim 1-111,text,true,,231,158,12,12,http://localhost:8079/?token=518473098&user=-1355039501&config=3,24470,0,0
1777971607257,24470,HTTP Request,200,OK,Tim 1-41,text,true,,231,158,11,11,http://localhost:8079/?token=518473098&user=-1355039501&config=3,24470,0,0
1777971607257,24470,HTTP Request,200,OK,Tim 1-42,text,true,,231,158,11,11,http://localhost:8079/?token=518473098&user=-1355039501&config=3,24470,0,0
1777971607257,24471,HTTP Request,200,OK,Tim 1-117,text,true,,231,158,10,10,http://localhost:8079/?token=518473098&user=-1355039501&config=3,24471,0,0
1777971607257,24470,HTTP Request,200,OK,Tim 1-114,text,true,,231,158,10,10,http://localhost:8079/?token=518473098&user=-1355039501&config=3,24470,0,0
1777971607257,24471,HTTP Request,200,OK,Tim 1-44,text,true,,231,158,10,10,http://localhost:8079/?token=518473098&user=-1355039501&config=3,24471,0,0
1777971607257,24471,HTTP Request,200,OK,Tim 1-115,text,true,,231,158,9,9,http://localhost:8079/?token=518473098&user=-1355039501&config=3,24471,0,0
1777971607257,24471,HTTP Request,200,OK,Tim 1-110,text,true,,231,158,9,9,http://localhost:8079/?token=518473098&user=-1355039501&config=3,24471,0,0
1777971607317,24411,HTTP Request,200,OK,Tim 1-112,text,true,,231,158,9,9,http://localhost:8079/?token=518473098&user=-1355039501&config=3,24411,0,0
1777971607257,24471,HTTP Request,200,OK,Tim 1-180,text,true,,231,158,9,9,http://localhost:8079/?token=518473098&user=-1355039501&config=3,24471,0,0
