2026-05-04 21:10:23,651 INFO o.a.j.u.JMeterUtils: Setting Locale to ru_RU
2026-05-04 21:10:23,660 ERROR o.a.j.u.JMeterUtils: Could not find resources for 'ru_RU'
2026-05-04 21:10:23,660 INFO o.a.j.JMeter: Loading user properties from: /home/maxim/Загрузки/apache-jmeter-5.6.3/bin/user.properties
2026-05-04 21:10:23,660 INFO o.a.j.JMeter: Loading system properties from: /home/maxim/Загрузки/apache-jmeter-5.6.3/bin/system.properties
2026-05-04 21:10:23,663 INFO o.a.j.JMeter: Copyright (c) 1998-2024 The Apache Software Foundation
2026-05-04 21:10:23,663 INFO o.a.j.JMeter: Version 5.6.3
2026-05-04 21:10:23,663 INFO o.a.j.JMeter: java.version=22.0.1
2026-05-04 21:10:23,663 INFO o.a.j.JMeter: java.vm.name=OpenJDK 64-Bit Server VM
2026-05-04 21:10:23,663 INFO o.a.j.JMeter: os.name=Linux
2026-05-04 21:10:23,663 INFO o.a.j.JMeter: os.arch=amd64
2026-05-04 21:10:23,663 INFO o.a.j.JMeter: os.version=6.17.0-22-generic
2026-05-04 21:10:23,663 INFO o.a.j.JMeter: file.encoding=UTF-8
2026-05-04 21:10:23,663 INFO o.a.j.JMeter: java.awt.headless=null
2026-05-04 21:10:23,663 INFO o.a.j.JMeter: Max memory     =4120903680
2026-05-04 21:10:23,664 INFO o.a.j.JMeter: Available Processors =20
2026-05-04 21:10:23,668 INFO o.a.j.JMeter: Default Locale=русский (Россия)
2026-05-04 21:10:23,668 INFO o.a.j.JMeter: JMeter  Locale=русский (Россия)
2026-05-04 21:10:23,668 INFO o.a.j.JMeter: JMeterHome=/home/maxim/Загрузки/apache-jmeter-5.6.3
2026-05-04 21:10:23,668 INFO o.a.j.JMeter: user.dir  =/home/maxim/tpo4
2026-05-04 21:10:23,668 INFO o.a.j.JMeter: PWD       =/home/maxim/tpo4
2026-05-04 21:10:23,668 INFO o.a.j.JMeter: IP: 127.0.1.1 Name: maxim-RLEF-XX FullName: maxim-RLEF-XX
2026-05-04 21:10:23,675 INFO o.a.j.JMeter: Loaded icon properties from org/apache/jmeter/images/icon.properties
2026-05-04 21:10:23,785 INFO o.a.j.JMeterGuiLauncher: Setting LAF to: com.github.weisj.darklaf.DarkLaf:com.github.weisj.darklaf.theme.DarculaTheme
2026-05-04 21:10:30,519 INFO o.a.j.s.FileServer: Default base='/home/maxim/tpo4'
2026-05-04 21:10:30,521 INFO o.a.j.g.a.Load: Loading file: /home/maxim/tpo4/Stress.jmx
2026-05-04 21:10:30,521 INFO o.a.j.s.FileServer: Set new base='/home/maxim/tpo4'
2026-05-04 21:10:30,613 INFO o.a.j.s.SaveService: Testplan (JMX) version: 2.2. Testlog (JTL) version: 2.2
2026-05-04 21:10:30,627 INFO o.a.j.s.SaveService: Using SaveService properties version 5.0
2026-05-04 21:10:30,628 INFO o.a.j.s.SaveService: Using SaveService properties file encoding UTF-8
2026-05-04 21:10:30,628 INFO o.a.j.s.SaveService: Loading file: /home/maxim/tpo4/Stress.jmx
2026-05-04 21:10:30,643 INFO o.a.j.p.h.s.HTTPSamplerBase: Parser for text/html is org.apache.jmeter.protocol.http.parser.LagartoBasedHtmlParser
2026-05-04 21:10:30,644 INFO o.a.j.p.h.s.HTTPSamplerBase: Parser for application/xhtml+xml is org.apache.jmeter.protocol.http.parser.LagartoBasedHtmlParser
2026-05-04 21:10:30,644 INFO o.a.j.p.h.s.HTTPSamplerBase: Parser for application/xml is org.apache.jmeter.protocol.http.parser.LagartoBasedHtmlParser
2026-05-04 21:10:30,644 INFO o.a.j.p.h.s.HTTPSamplerBase: Parser for text/xml is org.apache.jmeter.protocol.http.parser.LagartoBasedHtmlParser
2026-05-04 21:10:30,644 INFO o.a.j.p.h.s.HTTPSamplerBase: Parser for text/vnd.wap.wml is org.apache.jmeter.protocol.http.parser.RegexpHTMLParser
2026-05-04 21:10:30,644 INFO o.a.j.p.h.s.HTTPSamplerBase: Parser for text/css is org.apache.jmeter.protocol.http.parser.CssParser
2026-05-04 21:10:30,761 INFO o.a.j.s.SampleResult: Note: Sample TimeStamps are START times
2026-05-04 21:10:30,762 INFO o.a.j.s.SampleResult: sampleresult.default.encoding is set to UTF-8
2026-05-04 21:10:30,762 INFO o.a.j.s.SampleResult: sampleresult.useNanoTime=true
2026-05-04 21:10:30,762 INFO o.a.j.s.SampleResult: sampleresult.nanoThreadSleep=5000
2026-05-04 21:10:30,937 INFO o.a.j.s.FileServer: Set new base='/home/maxim/tpo4'
2026-05-04 21:12:49,580 INFO o.a.j.e.u.CompoundVariable: Note: Function class names must contain the string: '.functions.'
2026-05-04 21:12:49,580 INFO o.a.j.e.u.CompoundVariable: Note: Function class names must not contain the string: '.gui.'
2026-05-04 21:16:26,075 INFO o.a.j.e.StandardJMeterEngine: Running the test!
2026-05-04 21:16:26,075 INFO o.a.j.s.SampleEvent: List of sample_variables: []
2026-05-04 21:16:26,075 INFO o.a.j.s.SampleEvent: List of sample_variables: []
2026-05-04 21:16:26,076 INFO o.a.j.g.u.JMeterMenuBar: setRunning(true, *local*)
2026-05-04 21:16:26,109 INFO o.a.j.e.StandardJMeterEngine: No enabled thread groups found
2026-05-04 21:16:26,110 INFO o.a.j.e.StandardJMeterEngine: Notifying test listeners of end of test
2026-05-04 21:16:26,110 INFO o.a.j.g.u.JMeterMenuBar: setRunning(false, *local*)
2026-05-04 21:16:30,271 INFO o.a.j.e.StandardJMeterEngine: Running the test!
2026-05-04 21:16:30,272 INFO o.a.j.s.SampleEvent: List of sample_variables: []
2026-05-04 21:16:30,272 INFO o.a.j.g.u.JMeterMenuBar: setRunning(true, *local*)
2026-05-04 21:16:30,307 INFO o.a.j.e.StandardJMeterEngine: No enabled thread groups found
2026-05-04 21:16:30,307 INFO o.a.j.e.StandardJMeterEngine: Notifying test listeners of end of test
2026-05-04 21:16:30,307 INFO o.a.j.g.u.JMeterMenuBar: setRunning(false, *local*)
2026-05-04 21:16:32,350 INFO o.a.j.e.StandardJMeterEngine: Running the test!
2026-05-04 21:16:32,350 INFO o.a.j.s.SampleEvent: List of sample_variables: []
2026-05-04 21:16:32,350 INFO o.a.j.g.u.JMeterMenuBar: setRunning(true, *local*)
2026-05-04 21:16:32,395 INFO o.a.j.e.StandardJMeterEngine: No enabled thread groups found
2026-05-04 21:16:32,395 INFO o.a.j.e.StandardJMeterEngine: Notifying test listeners of end of test
2026-05-04 21:16:32,395 INFO o.a.j.g.u.JMeterMenuBar: setRunning(false, *local*)
2026-05-04 21:16:39,527 INFO o.a.j.e.StandardJMeterEngine: Running the test!
2026-05-04 21:16:39,527 INFO o.a.j.s.SampleEvent: List of sample_variables: []
2026-05-04 21:16:39,532 INFO o.a.j.g.u.JMeterMenuBar: setRunning(true, *local*)
2026-05-04 21:16:39,571 INFO o.a.j.e.StandardJMeterEngine: Starting ThreadGroup: 1 : Config 3: Exp1
2026-05-04 21:16:39,572 INFO o.a.j.e.StandardJMeterEngine: Starting 10 threads for group Config 3: Exp1.
2026-05-04 21:16:39,572 INFO o.a.j.e.StandardJMeterEngine: Thread will continue on error
2026-05-04 21:16:39,572 INFO o.a.j.t.ThreadGroup: Starting thread group... number=1 threads=10 ramp-up=100 delayedStart=false
2026-05-04 21:16:39,575 INFO o.a.j.t.JMeterThread: Thread started: Config 3: Exp1 1-1
2026-05-04 21:16:39,577 INFO o.a.j.t.ThreadGroup: Started thread group number 1
2026-05-04 21:16:39,577 INFO o.a.j.e.StandardJMeterEngine: All thread groups have been started
2026-05-04 21:16:39,588 INFO o.a.j.p.h.s.HTTPHCAbstractImpl: Local host = maxim-RLEF-XX
2026-05-04 21:16:39,592 INFO o.a.j.p.h.s.HTTPHC4Impl: HTTP request retry count = 0
2026-05-04 21:16:49,574 INFO o.a.j.t.JMeterThread: Thread started: Config 3: Exp1 1-2
2026-05-04 21:16:59,573 INFO o.a.j.t.JMeterThread: Thread started: Config 3: Exp1 1-3
2026-05-04 21:17:09,574 INFO o.a.j.t.JMeterThread: Thread started: Config 3: Exp1 1-4
2026-05-04 21:17:19,573 INFO o.a.j.t.JMeterThread: Thread started: Config 3: Exp1 1-5
2026-05-04 21:17:29,573 INFO o.a.j.t.JMeterThread: Thread started: Config 3: Exp1 1-6
2026-05-04 21:17:39,574 INFO o.a.j.t.JMeterThread: Thread started: Config 3: Exp1 1-7
2026-05-04 21:17:49,574 INFO o.a.j.t.JMeterThread: Thread started: Config 3: Exp1 1-8
2026-05-04 21:17:59,572 INFO o.a.j.t.JMeterThread: Thread started: Config 3: Exp1 1-9
2026-05-04 21:18:09,572 INFO o.a.j.t.JMeterThread: Thread started: Config 3: Exp1 1-10
2026-05-04 21:18:17,121 INFO o.a.j.t.JMeterThread: Thread finished: Config 3: Exp1 1-2
2026-05-04 21:18:18,121 INFO o.a.j.t.JMeterThread: Thread finished: Config 3: Exp1 1-9
2026-05-04 21:18:18,121 INFO o.a.j.t.JMeterThread: Thread finished: Config 3: Exp1 1-6
2026-05-04 21:18:18,124 INFO o.a.j.t.JMeterThread: Thread finished: Config 3: Exp1 1-3
2026-05-04 21:18:19,122 INFO o.a.j.t.JMeterThread: Thread finished: Config 3: Exp1 1-7
2026-05-04 21:18:19,122 INFO o.a.j.t.JMeterThread: Thread finished: Config 3: Exp1 1-10
2026-05-04 21:18:19,126 INFO o.a.j.t.JMeterThread: Thread finished: Config 3: Exp1 1-4
2026-05-04 21:18:19,141 INFO o.a.j.t.JMeterThread: Thread finished: Config 3: Exp1 1-1
2026-05-04 21:18:20,123 INFO o.a.j.t.JMeterThread: Stopping because end time detected by thread: Config 3: Exp1 1-5
2026-05-04 21:18:20,123 INFO o.a.j.t.JMeterThread: Stopping because end time detected by thread: Config 3: Exp1 1-8
2026-05-04 21:18:20,123 INFO o.a.j.t.JMeterThread: Thread finished: Config 3: Exp1 1-5
2026-05-04 21:18:20,123 INFO o.a.j.t.JMeterThread: Thread finished: Config 3: Exp1 1-8
2026-05-04 21:18:20,124 INFO o.a.j.e.StandardJMeterEngine: Notifying test listeners of end of test
2026-05-04 21:18:20,125 INFO o.a.j.g.u.JMeterMenuBar: setRunning(false, *local*)
2026-05-04 21:19:49,053 INFO o.a.j.e.StandardJMeterEngine: Running the test!
2026-05-04 21:19:49,053 INFO o.a.j.s.SampleEvent: List of sample_variables: []
2026-05-04 21:19:49,054 INFO o.a.j.g.u.JMeterMenuBar: setRunning(true, *local*)
2026-05-04 21:19:49,082 INFO o.a.j.e.StandardJMeterEngine: Starting ThreadGroup: 1 : Config 3: Exp2
2026-05-04 21:19:49,082 INFO o.a.j.e.StandardJMeterEngine: Starting 20 threads for group Config 3: Exp2.
2026-05-04 21:19:49,082 INFO o.a.j.e.StandardJMeterEngine: Thread will continue on error
2026-05-04 21:19:49,082 INFO o.a.j.t.ThreadGroup: Starting thread group... number=1 threads=20 ramp-up=100 delayedStart=false
2026-05-04 21:19:49,083 INFO o.a.j.t.JMeterThread: Thread started: Config 3: Exp2 1-1
2026-05-04 21:19:49,088 INFO o.a.j.t.ThreadGroup: Started thread group number 1
2026-05-04 21:19:49,088 INFO o.a.j.e.StandardJMeterEngine: All thread groups have been started
2026-05-04 21:19:54,082 INFO o.a.j.t.JMeterThread: Thread started: Config 3: Exp2 1-2
2026-05-04 21:19:59,082 INFO o.a.j.t.JMeterThread: Thread started: Config 3: Exp2 1-3
2026-05-04 21:20:04,083 INFO o.a.j.t.JMeterThread: Thread started: Config 3: Exp2 1-4
2026-05-04 21:20:09,084 INFO o.a.j.t.JMeterThread: Thread started: Config 3: Exp2 1-5
2026-05-04 21:20:14,083 INFO o.a.j.t.JMeterThread: Thread started: Config 3: Exp2 1-6
2026-05-04 21:20:19,082 INFO o.a.j.t.JMeterThread: Thread started: Config 3: Exp2 1-7
2026-05-04 21:20:24,083 INFO o.a.j.t.JMeterThread: Thread started: Config 3: Exp2 1-8
2026-05-04 21:20:29,083 INFO o.a.j.t.JMeterThread: Thread started: Config 3: Exp2 1-9
2026-05-04 21:20:34,083 INFO o.a.j.t.JMeterThread: Thread started: Config 3: Exp2 1-10
2026-05-04 21:20:39,084 INFO o.a.j.t.JMeterThread: Thread started: Config 3: Exp2 1-11
2026-05-04 21:20:44,084 INFO o.a.j.t.JMeterThread: Thread started: Config 3: Exp2 1-12
2026-05-04 21:20:49,082 INFO o.a.j.t.JMeterThread: Thread started: Config 3: Exp2 1-13
2026-05-04 21:20:54,083 INFO o.a.j.t.JMeterThread: Thread started: Config 3: Exp2 1-14
2026-05-04 21:20:59,082 INFO o.a.j.t.JMeterThread: Thread started: Config 3: Exp2 1-15
2026-05-04 21:21:04,083 INFO o.a.j.t.JMeterThread: Thread started: Config 3: Exp2 1-16
2026-05-04 21:21:09,082 INFO o.a.j.t.JMeterThread: Thread started: Config 3: Exp2 1-17
2026-05-04 21:21:14,083 INFO o.a.j.t.JMeterThread: Thread started: Config 3: Exp2 1-18
2026-05-04 21:21:19,083 INFO o.a.j.t.JMeterThread: Thread started: Config 3: Exp2 1-19
2026-05-04 21:21:24,084 INFO o.a.j.t.JMeterThread: Thread started: Config 3: Exp2 1-20
2026-05-04 21:21:29,358 INFO o.a.j.t.JMeterThread: Stopping because end time detected by thread: Config 3: Exp2 1-4
2026-05-04 21:21:29,358 INFO o.a.j.t.JMeterThread: Stopping because end time detected by thread: Config 3: Exp2 1-6
2026-05-04 21:21:29,358 INFO o.a.j.t.JMeterThread: Stopping because end time detected by thread: Config 3: Exp2 1-14
2026-05-04 21:21:29,358 INFO o.a.j.t.JMeterThread: Stopping because end time detected by thread: Config 3: Exp2 1-12
2026-05-04 21:21:29,358 INFO o.a.j.t.JMeterThread: Stopping because end time detected by thread: Config 3: Exp2 1-7
2026-05-04 21:21:29,358 INFO o.a.j.t.JMeterThread: Thread finished: Config 3: Exp2 1-4
2026-05-04 21:21:29,358 INFO o.a.j.t.JMeterThread: Stopping because end time detected by thread: Config 3: Exp2 1-2
2026-05-04 21:21:29,359 INFO o.a.j.t.JMeterThread: Stopping because end time detected by thread: Config 3: Exp2 1-17
2026-05-04 21:21:29,359 INFO o.a.j.t.JMeterThread: Stopping because end time detected by thread: Config 3: Exp2 1-10
2026-05-04 21:21:29,358 INFO o.a.j.t.JMeterThread: Stopping because end time detected by thread: Config 3: Exp2 1-5
2026-05-04 21:21:29,359 INFO o.a.j.t.JMeterThread: Thread finished: Config 3: Exp2 1-2
2026-05-04 21:21:29,359 INFO o.a.j.t.JMeterThread: Thread finished: Config 3: Exp2 1-17
2026-05-04 21:21:29,359 INFO o.a.j.t.JMeterThread: Thread finished: Config 3: Exp2 1-10
2026-05-04 21:21:29,359 INFO o.a.j.t.JMeterThread: Stopping because end time detected by thread: Config 3: Exp2 1-3
2026-05-04 21:21:29,359 INFO o.a.j.t.JMeterThread: Thread finished: Config 3: Exp2 1-7
2026-05-04 21:21:29,359 INFO o.a.j.t.JMeterThread: Stopping because end time detected by thread: Config 3: Exp2 1-9
2026-05-04 21:21:29,359 INFO o.a.j.t.JMeterThread: Thread finished: Config 3: Exp2 1-12
2026-05-04 21:21:29,359 INFO o.a.j.t.JMeterThread: Thread finished: Config 3: Exp2 1-6
2026-05-04 21:21:29,359 INFO o.a.j.t.JMeterThread: Thread finished: Config 3: Exp2 1-3
2026-05-04 21:21:29,359 INFO o.a.j.t.JMeterThread: Thread finished: Config 3: Exp2 1-14
2026-05-04 21:21:29,359 INFO o.a.j.t.JMeterThread: Thread finished: Config 3: Exp2 1-9
2026-05-04 21:21:29,358 INFO o.a.j.t.JMeterThread: Stopping because end time detected by thread: Config 3: Exp2 1-1
2026-05-04 21:21:29,359 INFO o.a.j.t.JMeterThread: Thread finished: Config 3: Exp2 1-5
2026-05-04 21:21:29,360 INFO o.a.j.t.JMeterThread: Thread finished: Config 3: Exp2 1-1
2026-05-04 21:21:34,479 INFO o.a.j.t.JMeterThread: Stopping because end time detected by thread: Config 3: Exp2 1-19
2026-05-04 21:21:34,479 INFO o.a.j.t.JMeterThread: Stopping because end time detected by thread: Config 3: Exp2 1-15
2026-05-04 21:21:34,479 INFO o.a.j.t.JMeterThread: Stopping because end time detected by thread: Config 3: Exp2 1-11
2026-05-04 21:21:34,479 INFO o.a.j.t.JMeterThread: Stopping because end time detected by thread: Config 3: Exp2 1-18
2026-05-04 21:21:34,480 INFO o.a.j.t.JMeterThread: Thread finished: Config 3: Exp2 1-19
2026-05-04 21:21:34,479 INFO o.a.j.t.JMeterThread: Stopping because end time detected by thread: Config 3: Exp2 1-13
2026-05-04 21:21:34,480 INFO o.a.j.t.JMeterThread: Thread finished: Config 3: Exp2 1-15
2026-05-04 21:21:34,480 INFO o.a.j.t.JMeterThread: Thread finished: Config 3: Exp2 1-11
2026-05-04 21:21:34,480 INFO o.a.j.t.JMeterThread: Thread finished: Config 3: Exp2 1-18
2026-05-04 21:21:34,479 INFO o.a.j.t.JMeterThread: Stopping because end time detected by thread: Config 3: Exp2 1-16
2026-05-04 21:21:34,480 INFO o.a.j.t.JMeterThread: Thread finished: Config 3: Exp2 1-13
2026-05-04 21:21:34,479 INFO o.a.j.t.JMeterThread: Stopping because end time detected by thread: Config 3: Exp2 1-8
2026-05-04 21:21:34,481 INFO o.a.j.t.JMeterThread: Thread finished: Config 3: Exp2 1-16
2026-05-04 21:21:34,481 INFO o.a.j.t.JMeterThread: Thread finished: Config 3: Exp2 1-8
2026-05-04 21:21:37,344 INFO o.a.j.t.JMeterThread: Stopping because end time detected by thread: Config 3: Exp2 1-20
2026-05-04 21:21:37,344 INFO o.a.j.t.JMeterThread: Thread finished: Config 3: Exp2 1-20
2026-05-04 21:21:37,345 INFO o.a.j.e.StandardJMeterEngine: Notifying test listeners of end of test
2026-05-04 21:21:37,346 INFO o.a.j.g.u.JMeterMenuBar: setRunning(false, *local*)
2026-05-04 21:23:11,693 INFO o.a.j.e.StandardJMeterEngine: Running the test!
2026-05-04 21:23:11,693 INFO o.a.j.s.SampleEvent: List of sample_variables: []
2026-05-04 21:23:11,694 INFO o.a.j.g.u.JMeterMenuBar: setRunning(true, *local*)
2026-05-04 21:23:11,724 INFO o.a.j.e.StandardJMeterEngine: Starting ThreadGroup: 1 : Config 3: Exp3
2026-05-04 21:23:11,724 INFO o.a.j.e.StandardJMeterEngine: Starting 40 threads for group Config 3: Exp3.
2026-05-04 21:23:11,724 INFO o.a.j.e.StandardJMeterEngine: Thread will continue on error
2026-05-04 21:23:11,724 INFO o.a.j.t.ThreadGroup: Starting thread group... number=1 threads=40 ramp-up=100 delayedStart=false
2026-05-04 21:23:11,725 INFO o.a.j.t.JMeterThread: Thread started: Config 3: Exp3 1-1
2026-05-04 21:23:11,739 INFO o.a.j.t.ThreadGroup: Started thread group number 1
2026-05-04 21:23:11,739 INFO o.a.j.e.StandardJMeterEngine: All thread groups have been started
2026-05-04 21:23:14,224 INFO o.a.j.t.JMeterThread: Thread started: Config 3: Exp3 1-2
2026-05-04 21:23:16,725 INFO o.a.j.t.JMeterThread: Thread started: Config 3: Exp3 1-3
2026-05-04 21:23:19,225 INFO o.a.j.t.JMeterThread: Thread started: Config 3: Exp3 1-4
2026-05-04 21:23:21,725 INFO o.a.j.t.JMeterThread: Thread started: Config 3: Exp3 1-5
2026-05-04 21:23:24,225 INFO o.a.j.t.JMeterThread: Thread started: Config 3: Exp3 1-6
2026-05-04 21:23:26,726 INFO o.a.j.t.JMeterThread: Thread started: Config 3: Exp3 1-7
2026-05-04 21:23:29,226 INFO o.a.j.t.JMeterThread: Thread started: Config 3: Exp3 1-8
2026-05-04 21:23:31,724 INFO o.a.j.t.JMeterThread: Thread started: Config 3: Exp3 1-9
2026-05-04 21:23:34,225 INFO o.a.j.t.JMeterThread: Thread started: Config 3: Exp3 1-10
2026-05-04 21:23:36,725 INFO o.a.j.t.JMeterThread: Thread started: Config 3: Exp3 1-11
2026-05-04 21:23:39,225 INFO o.a.j.t.JMeterThread: Thread started: Config 3: Exp3 1-12
2026-05-04 21:23:41,725 INFO o.a.j.t.JMeterThread: Thread started: Config 3: Exp3 1-13
2026-05-04 21:23:44,225 INFO o.a.j.t.JMeterThread: Thread started: Config 3: Exp3 1-14
2026-05-04 21:23:46,725 INFO o.a.j.t.JMeterThread: Thread started: Config 3: Exp3 1-15
2026-05-04 21:23:49,224 INFO o.a.j.t.JMeterThread: Thread started: Config 3: Exp3 1-16
2026-05-04 21:23:51,726 INFO o.a.j.t.JMeterThread: Thread started: Config 3: Exp3 1-17
2026-05-04 21:23:54,225 INFO o.a.j.t.JMeterThread: Thread started: Config 3: Exp3 1-18
2026-05-04 21:23:56,725 INFO o.a.j.t.JMeterThread: Thread started: Config 3: Exp3 1-19
2026-05-04 21:23:59,224 INFO o.a.j.t.JMeterThread: Thread started: Config 3: Exp3 1-20
2026-05-04 21:24:01,725 INFO o.a.j.t.JMeterThread: Thread started: Config 3: Exp3 1-21
2026-05-04 21:24:04,226 INFO o.a.j.t.JMeterThread: Thread started: Config 3: Exp3 1-22
2026-05-04 21:24:06,724 INFO o.a.j.t.JMeterThread: Thread started: Config 3: Exp3 1-23
2026-05-04 21:24:09,225 INFO o.a.j.t.JMeterThread: Thread started: Config 3: Exp3 1-24
2026-05-04 21:24:11,724 INFO o.a.j.t.JMeterThread: Thread started: Config 3: Exp3 1-25
2026-05-04 21:24:14,225 INFO o.a.j.t.JMeterThread: Thread started: Config 3: Exp3 1-26
2026-05-04 21:24:16,725 INFO o.a.j.t.JMeterThread: Thread started: Config 3: Exp3 1-27
2026-05-04 21:24:19,224 INFO o.a.j.t.JMeterThread: Thread started: Config 3: Exp3 1-28
2026-05-04 21:24:21,725 INFO o.a.j.t.JMeterThread: Thread started: Config 3: Exp3 1-29
2026-05-04 21:24:24,224 INFO o.a.j.t.JMeterThread: Thread started: Config 3: Exp3 1-30
2026-05-04 21:24:26,725 INFO o.a.j.t.JMeterThread: Thread started: Config 3: Exp3 1-31
2026-05-04 21:24:29,226 INFO o.a.j.t.JMeterThread: Thread started: Config 3: Exp3 1-32
2026-05-04 21:24:31,725 INFO o.a.j.t.JMeterThread: Thread started: Config 3: Exp3 1-33
2026-05-04 21:24:34,225 INFO o.a.j.t.JMeterThread: Thread started: Config 3: Exp3 1-34
2026-05-04 21:24:36,725 INFO o.a.j.t.JMeterThread: Thread started: Config 3: Exp3 1-35
2026-05-04 21:24:39,224 INFO o.a.j.t.JMeterThread: Thread started: Config 3: Exp3 1-36
2026-05-04 21:24:41,725 INFO o.a.j.t.JMeterThread: Thread started: Config 3: Exp3 1-37
2026-05-04 21:24:44,225 INFO o.a.j.t.JMeterThread: Thread started: Config 3: Exp3 1-38
2026-05-04 21:24:46,725 INFO o.a.j.t.JMeterThread: Thread started: Config 3: Exp3 1-39
2026-05-04 21:24:49,224 INFO o.a.j.t.JMeterThread: Thread started: Config 3: Exp3 1-40
2026-05-04 21:24:53,646 INFO o.a.j.t.JMeterThread: Stopping because end time detected by thread: Config 3: Exp3 1-15
2026-05-04 21:24:53,646 INFO o.a.j.t.JMeterThread: Thread finished: Config 3: Exp3 1-15
2026-05-04 21:24:54,645 INFO o.a.j.t.JMeterThread: Stopping because end time detected by thread: Config 3: Exp3 1-7
2026-05-04 21:24:54,646 INFO o.a.j.t.JMeterThread: Thread finished: Config 3: Exp3 1-7
2026-05-04 21:24:55,284 INFO o.a.j.t.JMeterThread: Stopping because end time detected by thread: Config 3: Exp3 1-37
2026-05-04 21:24:55,284 INFO o.a.j.t.JMeterThread: Stopping because end time detected by thread: Config 3: Exp3 1-38
2026-05-04 21:24:55,284 INFO o.a.j.t.JMeterThread: Stopping because end time detected by thread: Config 3: Exp3 1-11
2026-05-04 21:24:55,284 INFO o.a.j.t.JMeterThread: Stopping because end time detected by thread: Config 3: Exp3 1-2
2026-05-04 21:24:55,284 INFO o.a.j.t.JMeterThread: Thread finished: Config 3: Exp3 1-37
2026-05-04 21:24:55,284 INFO o.a.j.t.JMeterThread: Thread finished: Config 3: Exp3 1-38
2026-05-04 21:24:55,285 INFO o.a.j.t.JMeterThread: Stopping because end time detected by thread: Config 3: Exp3 1-27
2026-05-04 21:24:55,285 INFO o.a.j.t.JMeterThread: Thread finished: Config 3: Exp3 1-2
2026-05-04 21:24:55,285 INFO o.a.j.t.JMeterThread: Thread finished: Config 3: Exp3 1-11
2026-05-04 21:24:55,285 INFO o.a.j.t.JMeterThread: Stopping because end time detected by thread: Config 3: Exp3 1-28
2026-05-04 21:24:55,285 INFO o.a.j.t.JMeterThread: Stopping because end time detected by thread: Config 3: Exp3 1-22
2026-05-04 21:24:55,285 INFO o.a.j.t.JMeterThread: Thread finished: Config 3: Exp3 1-27
2026-05-04 21:24:55,285 INFO o.a.j.t.JMeterThread: Thread finished: Config 3: Exp3 1-28
2026-05-04 21:24:55,286 INFO o.a.j.t.JMeterThread: Thread finished: Config 3: Exp3 1-22
2026-05-04 21:24:58,204 INFO o.a.j.t.JMeterThread: Stopping because end time detected by thread: Config 3: Exp3 1-35
2026-05-04 21:24:58,205 INFO o.a.j.t.JMeterThread: Thread finished: Config 3: Exp3 1-35
2026-05-04 21:25:00,591 INFO o.a.j.t.JMeterThread: Stopping because end time detected by thread: Config 3: Exp3 1-31
2026-05-04 21:25:00,591 INFO o.a.j.t.JMeterThread: Stopping because end time detected by thread: Config 3: Exp3 1-26
2026-05-04 21:25:00,591 INFO o.a.j.t.JMeterThread: Stopping because end time detected by thread: Config 3: Exp3 1-34
2026-05-04 21:25:00,592 INFO o.a.j.t.JMeterThread: Stopping because end time detected by thread: Config 3: Exp3 1-30
2026-05-04 21:25:00,592 INFO o.a.j.t.JMeterThread: Stopping because end time detected by thread: Config 3: Exp3 1-13
2026-05-04 21:25:00,592 INFO o.a.j.t.JMeterThread: Thread finished: Config 3: Exp3 1-26
2026-05-04 21:25:00,592 INFO o.a.j.t.JMeterThread: Stopping because end time detected by thread: Config 3: Exp3 1-24
2026-05-04 21:25:00,592 INFO o.a.j.t.JMeterThread: Stopping because end time detected by thread: Config 3: Exp3 1-23
2026-05-04 21:25:00,592 INFO o.a.j.t.JMeterThread: Thread finished: Config 3: Exp3 1-30
2026-05-04 21:25:00,592 INFO o.a.j.t.JMeterThread: Thread finished: Config 3: Exp3 1-13
2026-05-04 21:25:00,592 INFO o.a.j.t.JMeterThread: Stopping because end time detected by thread: Config 3: Exp3 1-18
2026-05-04 21:25:00,592 INFO o.a.j.t.JMeterThread: Thread finished: Config 3: Exp3 1-34
2026-05-04 21:25:00,592 INFO o.a.j.t.JMeterThread: Stopping because end time detected by thread: Config 3: Exp3 1-25
2026-05-04 21:25:00,592 INFO o.a.j.t.JMeterThread: Stopping because end time detected by thread: Config 3: Exp3 1-39
2026-05-04 21:25:00,592 INFO o.a.j.t.JMeterThread: Thread finished: Config 3: Exp3 1-24
2026-05-04 21:25:00,592 INFO o.a.j.t.JMeterThread: Thread finished: Config 3: Exp3 1-18
2026-05-04 21:25:00,592 INFO o.a.j.t.JMeterThread: Thread finished: Config 3: Exp3 1-31
2026-05-04 21:25:00,592 INFO o.a.j.t.JMeterThread: Thread finished: Config 3: Exp3 1-39
2026-05-04 21:25:00,592 INFO o.a.j.t.JMeterThread: Thread finished: Config 3: Exp3 1-23
2026-05-04 21:25:00,593 INFO o.a.j.t.JMeterThread: Thread finished: Config 3: Exp3 1-25
2026-05-04 21:25:00,617 INFO o.a.j.t.JMeterThread: Stopping because end time detected by thread: Config 3: Exp3 1-29
2026-05-04 21:25:00,617 INFO o.a.j.t.JMeterThread: Thread finished: Config 3: Exp3 1-29
2026-05-04 21:25:02,123 INFO o.a.j.t.JMeterThread: Stopping because end time detected by thread: Config 3: Exp3 1-8
2026-05-04 21:25:02,123 INFO o.a.j.t.JMeterThread: Thread finished: Config 3: Exp3 1-8
2026-05-04 21:25:02,124 INFO o.a.j.t.JMeterThread: Stopping because end time detected by thread: Config 3: Exp3 1-32
2026-05-04 21:25:02,124 INFO o.a.j.t.JMeterThread: Thread finished: Config 3: Exp3 1-32
2026-05-04 21:25:02,125 INFO o.a.j.t.JMeterThread: Stopping because end time detected by thread: Config 3: Exp3 1-19
2026-05-04 21:25:02,125 INFO o.a.j.t.JMeterThread: Thread finished: Config 3: Exp3 1-19
2026-05-04 21:25:02,125 INFO o.a.j.t.JMeterThread: Stopping because end time detected by thread: Config 3: Exp3 1-10
2026-05-04 21:25:02,125 INFO o.a.j.t.JMeterThread: Thread finished: Config 3: Exp3 1-10
2026-05-04 21:25:02,125 INFO o.a.j.t.JMeterThread: Stopping because end time detected by thread: Config 3: Exp3 1-14
2026-05-04 21:25:02,125 INFO o.a.j.t.JMeterThread: Stopping because end time detected by thread: Config 3: Exp3 1-4
2026-05-04 21:25:02,125 INFO o.a.j.t.JMeterThread: Stopping because end time detected by thread: Config 3: Exp3 1-1
2026-05-04 21:25:02,125 INFO o.a.j.t.JMeterThread: Thread finished: Config 3: Exp3 1-14
2026-05-04 21:25:02,125 INFO o.a.j.t.JMeterThread: Stopping because end time detected by thread: Config 3: Exp3 1-9
2026-05-04 21:25:02,125 INFO o.a.j.t.JMeterThread: Thread finished: Config 3: Exp3 1-4
2026-05-04 21:25:02,125 INFO o.a.j.t.JMeterThread: Stopping because end time detected by thread: Config 3: Exp3 1-5
2026-05-04 21:25:02,126 INFO o.a.j.t.JMeterThread: Thread finished: Config 3: Exp3 1-1
2026-05-04 21:25:02,126 INFO o.a.j.t.JMeterThread: Thread finished: Config 3: Exp3 1-9
2026-05-04 21:25:02,126 INFO o.a.j.t.JMeterThread: Thread finished: Config 3: Exp3 1-5
2026-05-04 21:25:03,681 INFO o.a.j.t.JMeterThread: Stopping because end time detected by thread: Config 3: Exp3 1-16
2026-05-04 21:25:03,681 INFO o.a.j.t.JMeterThread: Stopping because end time detected by thread: Config 3: Exp3 1-20
2026-05-04 21:25:03,681 INFO o.a.j.t.JMeterThread: Thread finished: Config 3: Exp3 1-16
2026-05-04 21:25:03,681 INFO o.a.j.t.JMeterThread: Thread finished: Config 3: Exp3 1-20
2026-05-04 21:25:03,682 INFO o.a.j.t.JMeterThread: Stopping because end time detected by thread: Config 3: Exp3 1-33
2026-05-04 21:25:03,682 INFO o.a.j.t.JMeterThread: Stopping because end time detected by thread: Config 3: Exp3 1-12
2026-05-04 21:25:03,682 INFO o.a.j.t.JMeterThread: Stopping because end time detected by thread: Config 3: Exp3 1-6
2026-05-04 21:25:03,682 INFO o.a.j.t.JMeterThread: Stopping because end time detected by thread: Config 3: Exp3 1-36
2026-05-04 21:25:03,682 INFO o.a.j.t.JMeterThread: Thread finished: Config 3: Exp3 1-12
2026-05-04 21:25:03,682 INFO o.a.j.t.JMeterThread: Thread finished: Config 3: Exp3 1-33
2026-05-04 21:25:03,682 INFO o.a.j.t.JMeterThread: Stopping because end time detected by thread: Config 3: Exp3 1-40
2026-05-04 21:25:03,682 INFO o.a.j.t.JMeterThread: Stopping because end time detected by thread: Config 3: Exp3 1-3
2026-05-04 21:25:03,683 INFO o.a.j.t.JMeterThread: Thread finished: Config 3: Exp3 1-36
2026-05-04 21:25:03,682 INFO o.a.j.t.JMeterThread: Stopping because end time detected by thread: Config 3: Exp3 1-21
2026-05-04 21:25:03,683 INFO o.a.j.t.JMeterThread: Thread finished: Config 3: Exp3 1-40
2026-05-04 21:25:03,682 INFO o.a.j.t.JMeterThread: Stopping because end time detected by thread: Config 3: Exp3 1-17
2026-05-04 21:25:03,683 INFO o.a.j.t.JMeterThread: Thread finished: Config 3: Exp3 1-21
2026-05-04 21:25:03,683 INFO o.a.j.t.JMeterThread: Thread finished: Config 3: Exp3 1-17
2026-05-04 21:25:03,682 INFO o.a.j.t.JMeterThread: Thread finished: Config 3: Exp3 1-6
2026-05-04 21:25:03,683 INFO o.a.j.t.JMeterThread: Thread finished: Config 3: Exp3 1-3
2026-05-04 21:25:03,683 INFO o.a.j.e.StandardJMeterEngine: Notifying test listeners of end of test
2026-05-04 21:25:03,684 INFO o.a.j.g.u.JMeterMenuBar: setRunning(false, *local*)
2026-05-04 21:27:39,695 INFO o.a.j.e.StandardJMeterEngine: Running the test!
2026-05-04 21:27:39,695 INFO o.a.j.s.SampleEvent: List of sample_variables: []
2026-05-04 21:27:39,696 INFO o.a.j.g.u.JMeterMenuBar: setRunning(true, *local*)
2026-05-04 21:27:39,731 INFO o.a.j.e.StandardJMeterEngine: Starting ThreadGroup: 1 : Config 3: Exp1.5
2026-05-04 21:27:39,731 INFO o.a.j.e.StandardJMeterEngine: Starting 15 threads for group Config 3: Exp1.5.
2026-05-04 21:27:39,731 INFO o.a.j.e.StandardJMeterEngine: Thread will continue on error
2026-05-04 21:27:39,731 INFO o.a.j.t.ThreadGroup: Starting thread group... number=1 threads=15 ramp-up=100 delayedStart=false
2026-05-04 21:27:39,732 INFO o.a.j.t.JMeterThread: Thread started: Config 3: Exp1.5 1-1
2026-05-04 21:27:39,735 INFO o.a.j.t.ThreadGroup: Started thread group number 1
2026-05-04 21:27:39,735 INFO o.a.j.e.StandardJMeterEngine: All thread groups have been started
2026-05-04 21:27:46,398 INFO o.a.j.t.JMeterThread: Thread started: Config 3: Exp1.5 1-2
2026-05-04 21:27:53,066 INFO o.a.j.t.JMeterThread: Thread started: Config 3: Exp1.5 1-3
2026-05-04 21:27:59,732 INFO o.a.j.t.JMeterThread: Thread started: Config 3: Exp1.5 1-4
2026-05-04 21:28:06,399 INFO o.a.j.t.JMeterThread: Thread started: Config 3: Exp1.5 1-5
2026-05-04 21:28:13,068 INFO o.a.j.t.JMeterThread: Thread started: Config 3: Exp1.5 1-6
2026-05-04 21:28:19,733 INFO o.a.j.t.JMeterThread: Thread started: Config 3: Exp1.5 1-7
2026-05-04 21:28:26,400 INFO o.a.j.t.JMeterThread: Thread started: Config 3: Exp1.5 1-8
2026-05-04 21:28:33,067 INFO o.a.j.t.JMeterThread: Thread started: Config 3: Exp1.5 1-9
2026-05-04 21:28:39,736 INFO o.a.j.t.JMeterThread: Thread started: Config 3: Exp1.5 1-10
2026-05-04 21:28:46,401 INFO o.a.j.t.JMeterThread: Thread started: Config 3: Exp1.5 1-11
2026-05-04 21:28:53,069 INFO o.a.j.t.JMeterThread: Thread started: Config 3: Exp1.5 1-12
2026-05-04 21:28:59,735 INFO o.a.j.t.JMeterThread: Thread started: Config 3: Exp1.5 1-13
2026-05-04 21:29:06,403 INFO o.a.j.t.JMeterThread: Thread started: Config 3: Exp1.5 1-14
2026-05-04 21:29:13,069 INFO o.a.j.t.JMeterThread: Thread started: Config 3: Exp1.5 1-15
2026-05-04 21:29:18,963 INFO o.a.j.t.JMeterThread: Thread finished: Config 3: Exp1.5 1-14
2026-05-04 21:29:19,368 INFO o.a.j.t.JMeterThread: Thread finished: Config 3: Exp1.5 1-3
2026-05-04 21:29:19,369 INFO o.a.j.t.JMeterThread: Thread finished: Config 3: Exp1.5 1-5
2026-05-04 21:29:19,370 INFO o.a.j.t.JMeterThread: Thread finished: Config 3: Exp1.5 1-2
2026-05-04 21:29:19,371 INFO o.a.j.t.JMeterThread: Thread finished: Config 3: Exp1.5 1-6
2026-05-04 21:29:19,371 INFO o.a.j.t.JMeterThread: Thread finished: Config 3: Exp1.5 1-4
2026-05-04 21:29:19,372 INFO o.a.j.t.JMeterThread: Thread finished: Config 3: Exp1.5 1-1
2026-05-04 21:29:19,373 INFO o.a.j.t.JMeterThread: Thread finished: Config 3: Exp1.5 1-7
2026-05-04 21:29:19,375 INFO o.a.j.t.JMeterThread: Thread finished: Config 3: Exp1.5 1-11
2026-05-04 21:29:19,513 INFO o.a.j.t.JMeterThread: Thread finished: Config 3: Exp1.5 1-12
2026-05-04 21:29:19,639 INFO o.a.j.t.JMeterThread: Thread finished: Config 3: Exp1.5 1-15
2026-05-04 21:29:19,890 INFO o.a.j.t.JMeterThread: Stopping because end time detected by thread: Config 3: Exp1.5 1-8
2026-05-04 21:29:19,890 INFO o.a.j.t.JMeterThread: Thread finished: Config 3: Exp1.5 1-8
2026-05-04 21:29:19,956 INFO o.a.j.t.JMeterThread: Stopping because end time detected by thread: Config 3: Exp1.5 1-10
2026-05-04 21:29:19,956 INFO o.a.j.t.JMeterThread: Thread finished: Config 3: Exp1.5 1-10
2026-05-04 21:29:19,969 INFO o.a.j.t.JMeterThread: Stopping because end time detected by thread: Config 3: Exp1.5 1-9
2026-05-04 21:29:19,969 INFO o.a.j.t.JMeterThread: Thread finished: Config 3: Exp1.5 1-9
2026-05-04 21:29:19,970 INFO o.a.j.t.JMeterThread: Stopping because end time detected by thread: Config 3: Exp1.5 1-13
2026-05-04 21:29:19,970 INFO o.a.j.t.JMeterThread: Thread finished: Config 3: Exp1.5 1-13
2026-05-04 21:29:19,971 INFO o.a.j.e.StandardJMeterEngine: Notifying test listeners of end of test
2026-05-04 21:29:19,971 INFO o.a.j.g.u.JMeterMenuBar: setRunning(false, *local*)
2026-05-04 21:32:28,151 INFO o.a.j.e.StandardJMeterEngine: Running the test!
2026-05-04 21:32:28,151 INFO o.a.j.s.SampleEvent: List of sample_variables: []
2026-05-04 21:32:28,152 INFO o.a.j.g.u.JMeterMenuBar: setRunning(true, *local*)
2026-05-04 21:32:28,189 INFO o.a.j.e.StandardJMeterEngine: Starting ThreadGroup: 1 : Config 3: Exp1.3
2026-05-04 21:32:28,189 INFO o.a.j.e.StandardJMeterEngine: Starting 13 threads for group Config 3: Exp1.3.
2026-05-04 21:32:28,189 INFO o.a.j.e.StandardJMeterEngine: Thread will continue on error
2026-05-04 21:32:28,189 INFO o.a.j.t.ThreadGroup: Starting thread group... number=1 threads=13 ramp-up=100 delayedStart=false
2026-05-04 21:32:28,190 INFO o.a.j.t.JMeterThread: Thread started: Config 3: Exp1.3 1-1
2026-05-04 21:32:28,194 INFO o.a.j.t.ThreadGroup: Started thread group number 1
2026-05-04 21:32:28,194 INFO o.a.j.e.StandardJMeterEngine: All thread groups have been started
2026-05-04 21:32:35,881 INFO o.a.j.t.JMeterThread: Thread started: Config 3: Exp1.3 1-2
2026-05-04 21:32:43,574 INFO o.a.j.t.JMeterThread: Thread started: Config 3: Exp1.3 1-3
2026-05-04 21:32:51,267 INFO o.a.j.t.JMeterThread: Thread started: Config 3: Exp1.3 1-4
2026-05-04 21:32:58,958 INFO o.a.j.t.JMeterThread: Thread started: Config 3: Exp1.3 1-5
2026-05-04 21:33:06,650 INFO o.a.j.t.JMeterThread: Thread started: Config 3: Exp1.3 1-6
2026-05-04 21:33:14,342 INFO o.a.j.t.JMeterThread: Thread started: Config 3: Exp1.3 1-7
2026-05-04 21:33:22,035 INFO o.a.j.t.JMeterThread: Thread started: Config 3: Exp1.3 1-8
2026-05-04 21:33:29,726 INFO o.a.j.t.JMeterThread: Thread started: Config 3: Exp1.3 1-9
2026-05-04 21:33:37,417 INFO o.a.j.t.JMeterThread: Thread started: Config 3: Exp1.3 1-10
2026-05-04 21:33:45,110 INFO o.a.j.t.JMeterThread: Thread started: Config 3: Exp1.3 1-11
2026-05-04 21:33:52,802 INFO o.a.j.t.JMeterThread: Thread started: Config 3: Exp1.3 1-12
2026-05-04 21:34:00,494 INFO o.a.j.t.JMeterThread: Thread started: Config 3: Exp1.3 1-13
2026-05-04 21:34:05,897 INFO o.a.j.t.JMeterThread: Thread finished: Config 3: Exp1.3 1-7
2026-05-04 21:34:06,281 INFO o.a.j.t.JMeterThread: Thread finished: Config 3: Exp1.3 1-9
2026-05-04 21:34:06,443 INFO o.a.j.t.JMeterThread: Thread finished: Config 3: Exp1.3 1-2
2026-05-04 21:34:06,666 INFO o.a.j.t.JMeterThread: Thread finished: Config 3: Exp1.3 1-11
2026-05-04 21:34:06,826 INFO o.a.j.t.JMeterThread: Thread finished: Config 3: Exp1.3 1-4
2026-05-04 21:34:07,048 INFO o.a.j.t.JMeterThread: Thread finished: Config 3: Exp1.3 1-13
2026-05-04 21:34:07,211 INFO o.a.j.t.JMeterThread: Thread finished: Config 3: Exp1.3 1-6
2026-05-04 21:34:07,598 INFO o.a.j.t.JMeterThread: Thread finished: Config 3: Exp1.3 1-8
2026-05-04 21:34:07,761 INFO o.a.j.t.JMeterThread: Thread finished: Config 3: Exp1.3 1-1
2026-05-04 21:34:07,985 INFO o.a.j.t.JMeterThread: Thread finished: Config 3: Exp1.3 1-10
2026-05-04 21:34:08,144 INFO o.a.j.t.JMeterThread: Thread finished: Config 3: Exp1.3 1-3
2026-05-04 21:34:08,365 INFO o.a.j.t.JMeterThread: Stopping because end time detected by thread: Config 3: Exp1.3 1-12
2026-05-04 21:34:08,365 INFO o.a.j.t.JMeterThread: Thread finished: Config 3: Exp1.3 1-12
2026-05-04 21:34:08,528 INFO o.a.j.t.JMeterThread: Stopping because end time detected by thread: Config 3: Exp1.3 1-5
2026-05-04 21:34:08,528 INFO o.a.j.t.JMeterThread: Thread finished: Config 3: Exp1.3 1-5
2026-05-04 21:34:08,529 INFO o.a.j.e.StandardJMeterEngine: Notifying test listeners of end of test
2026-05-04 21:34:08,530 INFO o.a.j.g.u.JMeterMenuBar: setRunning(false, *local*)
2026-05-04 21:36:27,974 INFO o.a.j.e.StandardJMeterEngine: Running the test!
2026-05-04 21:36:27,975 INFO o.a.j.s.SampleEvent: List of sample_variables: []
2026-05-04 21:36:27,977 INFO o.a.j.g.u.JMeterMenuBar: setRunning(true, *local*)
2026-05-04 21:36:28,013 INFO o.a.j.e.StandardJMeterEngine: Starting ThreadGroup: 1 : Config 3: Exp1.4
2026-05-04 21:36:28,013 INFO o.a.j.e.StandardJMeterEngine: Starting 14 threads for group Config 3: Exp1.4.
2026-05-04 21:36:28,013 INFO o.a.j.e.StandardJMeterEngine: Thread will continue on error
2026-05-04 21:36:28,013 INFO o.a.j.t.ThreadGroup: Starting thread group... number=1 threads=14 ramp-up=100 delayedStart=false
2026-05-04 21:36:28,014 INFO o.a.j.t.JMeterThread: Thread started: Config 3: Exp1.4 1-1
2026-05-04 21:36:28,017 INFO o.a.j.t.ThreadGroup: Started thread group number 1
2026-05-04 21:36:28,017 INFO o.a.j.e.StandardJMeterEngine: All thread groups have been started
2026-05-04 21:36:35,157 INFO o.a.j.t.JMeterThread: Thread started: Config 3: Exp1.4 1-2
2026-05-04 21:36:42,301 INFO o.a.j.t.JMeterThread: Thread started: Config 3: Exp1.4 1-3
2026-05-04 21:36:49,444 INFO o.a.j.t.JMeterThread: Thread started: Config 3: Exp1.4 1-4
2026-05-04 21:36:56,585 INFO o.a.j.t.JMeterThread: Thread started: Config 3: Exp1.4 1-5
2026-05-04 21:37:03,729 INFO o.a.j.t.JMeterThread: Thread started: Config 3: Exp1.4 1-6
2026-05-04 21:37:10,873 INFO o.a.j.t.JMeterThread: Thread started: Config 3: Exp1.4 1-7
2026-05-04 21:37:18,015 INFO o.a.j.t.JMeterThread: Thread started: Config 3: Exp1.4 1-8
2026-05-04 21:37:25,157 INFO o.a.j.t.JMeterThread: Thread started: Config 3: Exp1.4 1-9
2026-05-04 21:37:32,300 INFO o.a.j.t.JMeterThread: Thread started: Config 3: Exp1.4 1-10
2026-05-04 21:37:39,445 INFO o.a.j.t.JMeterThread: Thread started: Config 3: Exp1.4 1-11
2026-05-04 21:37:46,586 INFO o.a.j.t.JMeterThread: Thread started: Config 3: Exp1.4 1-12
2026-05-04 21:37:53,730 INFO o.a.j.t.JMeterThread: Thread started: Config 3: Exp1.4 1-13
2026-05-04 21:38:00,872 INFO o.a.j.t.JMeterThread: Thread started: Config 3: Exp1.4 1-14
2026-05-04 21:38:05,728 INFO o.a.j.t.JMeterThread: Thread finished: Config 3: Exp1.4 1-2
2026-05-04 21:38:05,872 INFO o.a.j.t.JMeterThread: Thread finished: Config 3: Exp1.4 1-10
2026-05-04 21:38:06,160 INFO o.a.j.t.JMeterThread: Thread finished: Config 3: Exp1.4 1-5
2026-05-04 21:38:06,286 INFO o.a.j.t.JMeterThread: Thread finished: Config 3: Exp1.4 1-13
2026-05-04 21:38:06,578 INFO o.a.j.t.JMeterThread: Thread finished: Config 3: Exp1.4 1-8
2026-05-04 21:38:06,875 INFO o.a.j.t.JMeterThread: Thread finished: Config 3: Exp1.4 1-3
2026-05-04 21:38:07,019 INFO o.a.j.t.JMeterThread: Thread finished: Config 3: Exp1.4 1-11
2026-05-04 21:38:07,304 INFO o.a.j.t.JMeterThread: Thread finished: Config 3: Exp1.4 1-6
2026-05-04 21:38:07,434 INFO o.a.j.t.JMeterThread: Thread finished: Config 3: Exp1.4 1-14
2026-05-04 21:38:07,588 INFO o.a.j.t.JMeterThread: Thread finished: Config 3: Exp1.4 1-1
2026-05-04 21:38:07,729 INFO o.a.j.t.JMeterThread: Thread finished: Config 3: Exp1.4 1-9
2026-05-04 21:38:08,036 INFO o.a.j.t.JMeterThread: Stopping because end time detected by thread: Config 3: Exp1.4 1-4
2026-05-04 21:38:08,036 INFO o.a.j.t.JMeterThread: Thread finished: Config 3: Exp1.4 1-4
2026-05-04 21:38:08,166 INFO o.a.j.t.JMeterThread: Stopping because end time detected by thread: Config 3: Exp1.4 1-12
2026-05-04 21:38:08,167 INFO o.a.j.t.JMeterThread: Thread finished: Config 3: Exp1.4 1-12
2026-05-04 21:38:08,451 INFO o.a.j.t.JMeterThread: Stopping because end time detected by thread: Config 3: Exp1.4 1-7
2026-05-04 21:38:08,451 INFO o.a.j.t.JMeterThread: Thread finished: Config 3: Exp1.4 1-7
2026-05-04 21:38:08,452 INFO o.a.j.e.StandardJMeterEngine: Notifying test listeners of end of test
2026-05-04 21:38:08,453 INFO o.a.j.g.u.JMeterMenuBar: setRunning(false, *local*)
2026-05-04 21:43:10,799 INFO o.a.j.e.StandardJMeterEngine: Running the test!
2026-05-04 21:43:10,799 INFO o.a.j.s.SampleEvent: List of sample_variables: []
2026-05-04 21:43:10,799 INFO o.a.j.g.u.JMeterMenuBar: setRunning(true, *local*)
2026-05-04 21:43:10,840 INFO o.a.j.e.StandardJMeterEngine: No enabled thread groups found
2026-05-04 21:43:10,840 INFO o.a.j.e.StandardJMeterEngine: Notifying test listeners of end of test
2026-05-04 21:43:10,840 INFO o.a.j.g.u.JMeterMenuBar: setRunning(false, *local*)
2026-05-04 21:43:19,053 INFO o.a.j.e.StandardJMeterEngine: Running the test!
2026-05-04 21:43:19,053 INFO o.a.j.s.SampleEvent: List of sample_variables: []
2026-05-04 21:43:19,053 INFO o.a.j.g.u.JMeterMenuBar: setRunning(true, *local*)
2026-05-04 21:43:19,093 INFO o.a.j.e.StandardJMeterEngine: Starting ThreadGroup: 1 : Config 3: Exp4
2026-05-04 21:43:19,093 INFO o.a.j.e.StandardJMeterEngine: Starting 80 threads for group Config 3: Exp4.
2026-05-04 21:43:19,094 INFO o.a.j.e.StandardJMeterEngine: Thread will continue on error
2026-05-04 21:43:19,094 INFO o.a.j.t.ThreadGroup: Starting thread group... number=1 threads=80 ramp-up=100 delayedStart=false
2026-05-04 21:43:19,094 INFO o.a.j.t.JMeterThread: Thread started: Config 3: Exp4 1-1
2026-05-04 21:43:19,107 INFO o.a.j.t.ThreadGroup: Started thread group number 1
2026-05-04 21:43:19,107 INFO o.a.j.e.StandardJMeterEngine: All thread groups have been started
2026-05-04 21:43:20,345 INFO o.a.j.t.JMeterThread: Thread started: Config 3: Exp4 1-2
2026-05-04 21:43:21,595 INFO o.a.j.t.JMeterThread: Thread started: Config 3: Exp4 1-3
2026-05-04 21:43:22,844 INFO o.a.j.t.JMeterThread: Thread started: Config 3: Exp4 1-4
2026-05-04 21:43:24,095 INFO o.a.j.t.JMeterThread: Thread started: Config 3: Exp4 1-5
2026-05-04 21:43:25,345 INFO o.a.j.t.JMeterThread: Thread started: Config 3: Exp4 1-6
2026-05-04 21:43:26,594 INFO o.a.j.t.JMeterThread: Thread started: Config 3: Exp4 1-7
2026-05-04 21:43:27,844 INFO o.a.j.t.JMeterThread: Thread started: Config 3: Exp4 1-8
2026-05-04 21:43:29,094 INFO o.a.j.t.JMeterThread: Thread started: Config 3: Exp4 1-9
2026-05-04 21:43:30,344 INFO o.a.j.t.JMeterThread: Thread started: Config 3: Exp4 1-10
2026-05-04 21:43:31,596 INFO o.a.j.t.JMeterThread: Thread started: Config 3: Exp4 1-11
2026-05-04 21:43:32,845 INFO o.a.j.t.JMeterThread: Thread started: Config 3: Exp4 1-12
2026-05-04 21:43:34,094 INFO o.a.j.t.JMeterThread: Thread started: Config 3: Exp4 1-13
2026-05-04 21:43:35,345 INFO o.a.j.t.JMeterThread: Thread started: Config 3: Exp4 1-14
2026-05-04 21:43:36,594 INFO o.a.j.t.JMeterThread: Thread started: Config 3: Exp4 1-15
2026-05-04 21:43:37,845 INFO o.a.j.t.JMeterThread: Thread started: Config 3: Exp4 1-16
2026-05-04 21:43:39,096 INFO o.a.j.t.JMeterThread: Thread started: Config 3: Exp4 1-17
2026-05-04 21:43:40,344 INFO o.a.j.t.JMeterThread: Thread started: Config 3: Exp4 1-18
2026-05-04 21:43:41,595 INFO o.a.j.t.JMeterThread: Thread started: Config 3: Exp4 1-19
2026-05-04 21:43:42,844 INFO o.a.j.t.JMeterThread: Thread started: Config 3: Exp4 1-20
2026-05-04 21:43:44,096 INFO o.a.j.t.JMeterThread: Thread started: Config 3: Exp4 1-21
2026-05-04 21:43:45,346 INFO o.a.j.t.JMeterThread: Thread started: Config 3: Exp4 1-22
2026-05-04 21:43:46,594 INFO o.a.j.t.JMeterThread: Thread started: Config 3: Exp4 1-23
2026-05-04 21:43:47,845 INFO o.a.j.t.JMeterThread: Thread started: Config 3: Exp4 1-24
2026-05-04 21:43:49,096 INFO o.a.j.t.JMeterThread: Thread started: Config 3: Exp4 1-25
2026-05-04 21:43:50,344 INFO o.a.j.t.JMeterThread: Thread started: Config 3: Exp4 1-26
2026-05-04 21:43:51,595 INFO o.a.j.t.JMeterThread: Thread started: Config 3: Exp4 1-27
2026-05-04 21:43:52,845 INFO o.a.j.t.JMeterThread: Thread started: Config 3: Exp4 1-28
2026-05-04 21:43:54,095 INFO o.a.j.t.JMeterThread: Thread started: Config 3: Exp4 1-29
2026-05-04 21:43:55,345 INFO o.a.j.t.JMeterThread: Thread started: Config 3: Exp4 1-30
2026-05-04 21:43:56,596 INFO o.a.j.t.JMeterThread: Thread started: Config 3: Exp4 1-31
2026-05-04 21:43:57,845 INFO o.a.j.t.JMeterThread: Thread started: Config 3: Exp4 1-32
2026-05-04 21:43:59,094 INFO o.a.j.t.JMeterThread: Thread started: Config 3: Exp4 1-33
2026-05-04 21:44:00,345 INFO o.a.j.t.JMeterThread: Thread started: Config 3: Exp4 1-34
2026-05-04 21:44:01,595 INFO o.a.j.t.JMeterThread: Thread started: Config 3: Exp4 1-35
2026-05-04 21:44:02,844 INFO o.a.j.t.JMeterThread: Thread started: Config 3: Exp4 1-36
2026-05-04 21:44:04,094 INFO o.a.j.t.JMeterThread: Thread started: Config 3: Exp4 1-37
2026-05-04 21:44:05,344 INFO o.a.j.t.JMeterThread: Thread started: Config 3: Exp4 1-38
2026-05-04 21:44:06,594 INFO o.a.j.t.JMeterThread: Thread started: Config 3: Exp4 1-39
2026-05-04 21:44:07,845 INFO o.a.j.t.JMeterThread: Thread started: Config 3: Exp4 1-40
2026-05-04 21:44:09,095 INFO o.a.j.t.JMeterThread: Thread started: Config 3: Exp4 1-41
2026-05-04 21:44:10,345 INFO o.a.j.t.JMeterThread: Thread started: Config 3: Exp4 1-42
2026-05-04 21:44:11,595 INFO o.a.j.t.JMeterThread: Thread started: Config 3: Exp4 1-43
2026-05-04 21:44:12,844 INFO o.a.j.t.JMeterThread: Thread started: Config 3: Exp4 1-44
2026-05-04 21:44:14,095 INFO o.a.j.t.JMeterThread: Thread started: Config 3: Exp4 1-45
2026-05-04 21:44:15,344 INFO o.a.j.t.JMeterThread: Thread started: Config 3: Exp4 1-46
2026-05-04 21:44:16,595 INFO o.a.j.t.JMeterThread: Thread started: Config 3: Exp4 1-47
2026-05-04 21:44:17,844 INFO o.a.j.t.JMeterThread: Thread started: Config 3: Exp4 1-48
2026-05-04 21:44:19,095 INFO o.a.j.t.JMeterThread: Thread started: Config 3: Exp4 1-49
2026-05-04 21:44:20,344 INFO o.a.j.t.JMeterThread: Thread started: Config 3: Exp4 1-50
2026-05-04 21:44:21,594 INFO o.a.j.t.JMeterThread: Thread started: Config 3: Exp4 1-51
2026-05-04 21:44:22,844 INFO o.a.j.t.JMeterThread: Thread started: Config 3: Exp4 1-52
2026-05-04 21:44:24,095 INFO o.a.j.t.JMeterThread: Thread started: Config 3: Exp4 1-53
2026-05-04 21:44:25,345 INFO o.a.j.t.JMeterThread: Thread started: Config 3: Exp4 1-54
2026-05-04 21:44:26,595 INFO o.a.j.t.JMeterThread: Thread started: Config 3: Exp4 1-55
2026-05-04 21:44:27,845 INFO o.a.j.t.JMeterThread: Thread started: Config 3: Exp4 1-56
2026-05-04 21:44:29,095 INFO o.a.j.t.JMeterThread: Thread started: Config 3: Exp4 1-57
2026-05-04 21:44:30,344 INFO o.a.j.t.JMeterThread: Thread started: Config 3: Exp4 1-58
2026-05-04 21:44:31,594 INFO o.a.j.t.JMeterThread: Thread started: Config 3: Exp4 1-59
2026-05-04 21:44:32,844 INFO o.a.j.t.JMeterThread: Thread started: Config 3: Exp4 1-60
2026-05-04 21:44:34,094 INFO o.a.j.t.JMeterThread: Thread started: Config 3: Exp4 1-61
2026-05-04 21:44:35,345 INFO o.a.j.t.JMeterThread: Thread started: Config 3: Exp4 1-62
2026-05-04 21:44:36,595 INFO o.a.j.t.JMeterThread: Thread started: Config 3: Exp4 1-63
2026-05-04 21:44:37,845 INFO o.a.j.t.JMeterThread: Thread started: Config 3: Exp4 1-64
2026-05-04 21:44:39,094 INFO o.a.j.t.JMeterThread: Thread started: Config 3: Exp4 1-65
2026-05-04 21:44:40,344 INFO o.a.j.t.JMeterThread: Thread started: Config 3: Exp4 1-66
2026-05-04 21:44:41,595 INFO o.a.j.t.JMeterThread: Thread started: Config 3: Exp4 1-67
2026-05-04 21:44:42,844 INFO o.a.j.t.JMeterThread: Thread started: Config 3: Exp4 1-68
2026-05-04 21:44:44,095 INFO o.a.j.t.JMeterThread: Thread started: Config 3: Exp4 1-69
2026-05-04 21:44:45,345 INFO o.a.j.t.JMeterThread: Thread started: Config 3: Exp4 1-70
2026-05-04 21:44:46,595 INFO o.a.j.t.JMeterThread: Thread started: Config 3: Exp4 1-71
2026-05-04 21:44:47,844 INFO o.a.j.t.JMeterThread: Thread started: Config 3: Exp4 1-72
2026-05-04 21:44:49,094 INFO o.a.j.t.JMeterThread: Thread started: Config 3: Exp4 1-73
2026-05-04 21:44:50,344 INFO o.a.j.t.JMeterThread: Thread started: Config 3: Exp4 1-74
2026-05-04 21:44:51,594 INFO o.a.j.t.JMeterThread: Thread started: Config 3: Exp4 1-75
2026-05-04 21:44:52,844 INFO o.a.j.t.JMeterThread: Thread started: Config 3: Exp4 1-76
2026-05-04 21:44:54,095 INFO o.a.j.t.JMeterThread: Thread started: Config 3: Exp4 1-77
2026-05-04 21:44:55,344 INFO o.a.j.t.JMeterThread: Thread started: Config 3: Exp4 1-78
2026-05-04 21:44:56,594 INFO o.a.j.t.JMeterThread: Thread started: Config 3: Exp4 1-79
2026-05-04 21:44:57,845 INFO o.a.j.t.JMeterThread: Thread started: Config 3: Exp4 1-80
2026-05-04 21:45:53,069 INFO o.a.j.t.JMeterThread: Stopping because end time detected by thread: Config 3: Exp4 1-45
2026-05-04 21:45:53,069 INFO o.a.j.t.JMeterThread: Stopping because end time detected by thread: Config 3: Exp4 1-26
2026-05-04 21:45:53,069 INFO o.a.j.t.JMeterThread: Stopping because end time detected by thread: Config 3: Exp4 1-34
2026-05-04 21:45:53,070 INFO o.a.j.t.JMeterThread: Stopping because end time detected by thread: Config 3: Exp4 1-66
2026-05-04 21:45:53,070 INFO o.a.j.t.JMeterThread: Thread finished: Config 3: Exp4 1-34
2026-05-04 21:45:53,070 INFO o.a.j.t.JMeterThread: Thread finished: Config 3: Exp4 1-66
2026-05-04 21:45:53,070 INFO o.a.j.t.JMeterThread: Stopping because end time detected by thread: Config 3: Exp4 1-49
2026-05-04 21:45:53,072 INFO o.a.j.t.JMeterThread: Stopping because end time detected by thread: Config 3: Exp4 1-54
2026-05-04 21:45:53,069 INFO o.a.j.t.JMeterThread: Stopping because end time detected by thread: Config 3: Exp4 1-21
2026-05-04 21:45:53,072 INFO o.a.j.t.JMeterThread: Thread finished: Config 3: Exp4 1-49
2026-05-04 21:45:53,069 INFO o.a.j.t.JMeterThread: Stopping because end time detected by thread: Config 3: Exp4 1-76
2026-05-04 21:45:53,072 INFO o.a.j.t.JMeterThread: Thread finished: Config 3: Exp4 1-21
2026-05-04 21:45:53,072 INFO o.a.j.t.JMeterThread: Stopping because end time detected by thread: Config 3: Exp4 1-42
2026-05-04 21:45:53,072 INFO o.a.j.t.JMeterThread: Stopping because end time detected by thread: Config 3: Exp4 1-64
2026-05-04 21:45:53,072 INFO o.a.j.t.JMeterThread: Stopping because end time detected by thread: Config 3: Exp4 1-20
2026-05-04 21:45:53,072 INFO o.a.j.t.JMeterThread: Thread finished: Config 3: Exp4 1-42
2026-05-04 21:45:53,072 INFO o.a.j.t.JMeterThread: Stopping because end time detected by thread: Config 3: Exp4 1-57
2026-05-04 21:45:53,072 INFO o.a.j.t.JMeterThread: Thread finished: Config 3: Exp4 1-20
2026-05-04 21:45:53,072 INFO o.a.j.t.JMeterThread: Thread finished: Config 3: Exp4 1-57
2026-05-04 21:45:53,072 INFO o.a.j.t.JMeterThread: Stopping because end time detected by thread: Config 3: Exp4 1-22
2026-05-04 21:45:53,072 INFO o.a.j.t.JMeterThread: Stopping because end time detected by thread: Config 3: Exp4 1-24
2026-05-04 21:45:53,072 INFO o.a.j.t.JMeterThread: Thread finished: Config 3: Exp4 1-54
2026-05-04 21:45:53,072 INFO o.a.j.t.JMeterThread: Stopping because end time detected by thread: Config 3: Exp4 1-40
2026-05-04 21:45:53,072 INFO o.a.j.t.JMeterThread: Thread finished: Config 3: Exp4 1-24
2026-05-04 21:45:53,072 INFO o.a.j.t.JMeterThread: Stopping because end time detected by thread: Config 3: Exp4 1-78
2026-05-04 21:45:53,072 INFO o.a.j.t.JMeterThread: Thread finished: Config 3: Exp4 1-78
2026-05-04 21:45:53,072 INFO o.a.j.t.JMeterThread: Stopping because end time detected by thread: Config 3: Exp4 1-11
2026-05-04 21:45:53,072 INFO o.a.j.t.JMeterThread: Stopping because end time detected by thread: Config 3: Exp4 1-79
2026-05-04 21:45:53,072 INFO o.a.j.t.JMeterThread: Thread finished: Config 3: Exp4 1-11
2026-05-04 21:45:53,072 INFO o.a.j.t.JMeterThread: Stopping because end time detected by thread: Config 3: Exp4 1-77
2026-05-04 21:45:53,072 INFO o.a.j.t.JMeterThread: Stopping because end time detected by thread: Config 3: Exp4 1-38
2026-05-04 21:45:53,072 INFO o.a.j.t.JMeterThread: Thread finished: Config 3: Exp4 1-79
2026-05-04 21:45:53,072 INFO o.a.j.t.JMeterThread: Stopping because end time detected by thread: Config 3: Exp4 1-68
2026-05-04 21:45:53,072 INFO o.a.j.t.JMeterThread: Thread finished: Config 3: Exp4 1-77
2026-05-04 21:45:53,072 INFO o.a.j.t.JMeterThread: Stopping because end time detected by thread: Config 3: Exp4 1-36
2026-05-04 21:45:53,072 INFO o.a.j.t.JMeterThread: Stopping because end time detected by thread: Config 3: Exp4 1-28
2026-05-04 21:45:53,072 INFO o.a.j.t.JMeterThread: Thread finished: Config 3: Exp4 1-68
2026-05-04 21:45:53,071 INFO o.a.j.t.JMeterThread: Stopping because end time detected by thread: Config 3: Exp4 1-60
2026-05-04 21:45:53,069 INFO o.a.j.t.JMeterThread: Stopping because end time detected by thread: Config 3: Exp4 1-33
2026-05-04 21:45:53,072 INFO o.a.j.t.JMeterThread: Thread finished: Config 3: Exp4 1-36
2026-05-04 21:45:53,071 INFO o.a.j.t.JMeterThread: Stopping because end time detected by thread: Config 3: Exp4 1-1
2026-05-04 21:45:53,071 INFO o.a.j.t.JMeterThread: Stopping because end time detected by thread: Config 3: Exp4 1-7
2026-05-04 21:45:53,072 INFO o.a.j.t.JMeterThread: Thread finished: Config 3: Exp4 1-60
2026-05-04 21:45:53,071 INFO o.a.j.t.JMeterThread: Stopping because end time detected by thread: Config 3: Exp4 1-62
2026-05-04 21:45:53,072 INFO o.a.j.t.JMeterThread: Thread finished: Config 3: Exp4 1-62
2026-05-04 21:45:53,071 INFO o.a.j.t.JMeterThread: Stopping because end time detected by thread: Config 3: Exp4 1-23
2026-05-04 21:45:53,071 INFO o.a.j.t.JMeterThread: Stopping because end time detected by thread: Config 3: Exp4 1-6
2026-05-04 21:45:53,072 INFO o.a.j.t.JMeterThread: Thread finished: Config 3: Exp4 1-23
2026-05-04 21:45:53,071 INFO o.a.j.t.JMeterThread: Stopping because end time detected by thread: Config 3: Exp4 1-52
2026-05-04 21:45:53,071 INFO o.a.j.t.JMeterThread: Stopping because end time detected by thread: Config 3: Exp4 1-61
2026-05-04 21:45:53,071 INFO o.a.j.t.JMeterThread: Stopping because end time detected by thread: Config 3: Exp4 1-43
2026-05-04 21:45:53,073 INFO o.a.j.t.JMeterThread: Thread finished: Config 3: Exp4 1-52
2026-05-04 21:45:53,071 INFO o.a.j.t.JMeterThread: Stopping because end time detected by thread: Config 3: Exp4 1-75
2026-05-04 21:45:53,071 INFO o.a.j.t.JMeterThread: Stopping because end time detected by thread: Config 3: Exp4 1-50
2026-05-04 21:45:53,069 INFO o.a.j.t.JMeterThread: Stopping because end time detected by thread: Config 3: Exp4 1-16
2026-05-04 21:45:53,071 INFO o.a.j.t.JMeterThread: Stopping because end time detected by thread: Config 3: Exp4 1-70
2026-05-04 21:45:53,073 INFO o.a.j.t.JMeterThread: Thread finished: Config 3: Exp4 1-61
2026-05-04 21:45:53,071 INFO o.a.j.t.JMeterThread: Stopping because end time detected by thread: Config 3: Exp4 1-31
2026-05-04 21:45:53,071 INFO o.a.j.t.JMeterThread: Stopping because end time detected by thread: Config 3: Exp4 1-5
2026-05-04 21:45:53,073 INFO o.a.j.t.JMeterThread: Thread finished: Config 3: Exp4 1-16
2026-05-04 21:45:53,071 INFO o.a.j.t.JMeterThread: Stopping because end time detected by thread: Config 3: Exp4 1-47
2026-05-04 21:45:53,073 INFO o.a.j.t.JMeterThread: Thread finished: Config 3: Exp4 1-5
2026-05-04 21:45:53,073 INFO o.a.j.t.JMeterThread: Thread finished: Config 3: Exp4 1-47
2026-05-04 21:45:53,073 INFO o.a.j.t.JMeterThread: Thread finished: Config 3: Exp4 1-50
2026-05-04 21:45:53,071 INFO o.a.j.t.JMeterThread: Stopping because end time detected by thread: Config 3: Exp4 1-72
2026-05-04 21:45:53,071 INFO o.a.j.t.JMeterThread: Stopping because end time detected by thread: Config 3: Exp4 1-18
2026-05-04 21:45:53,071 INFO o.a.j.t.JMeterThread: Stopping because end time detected by thread: Config 3: Exp4 1-35
2026-05-04 21:45:53,071 INFO o.a.j.t.JMeterThread: Stopping because end time detected by thread: Config 3: Exp4 1-8
2026-05-04 21:45:53,071 INFO o.a.j.t.JMeterThread: Stopping because end time detected by thread: Config 3: Exp4 1-14
2026-05-04 21:45:53,071 INFO o.a.j.t.JMeterThread: Stopping because end time detected by thread: Config 3: Exp4 1-10
2026-05-04 21:45:53,071 INFO o.a.j.t.JMeterThread: Stopping because end time detected by thread: Config 3: Exp4 1-37
2026-05-04 21:45:53,071 INFO o.a.j.t.JMeterThread: Stopping because end time detected by thread: Config 3: Exp4 1-17
2026-05-04 21:45:53,073 INFO o.a.j.t.JMeterThread: Thread finished: Config 3: Exp4 1-14
2026-05-04 21:45:53,071 INFO o.a.j.t.JMeterThread: Stopping because end time detected by thread: Config 3: Exp4 1-9
2026-05-04 21:45:53,073 INFO o.a.j.t.JMeterThread: Thread finished: Config 3: Exp4 1-8
2026-05-04 21:45:53,073 INFO o.a.j.t.JMeterThread: Thread finished: Config 3: Exp4 1-10
2026-05-04 21:45:53,073 INFO o.a.j.t.JMeterThread: Thread finished: Config 3: Exp4 1-37
2026-05-04 21:45:53,073 INFO o.a.j.t.JMeterThread: Thread finished: Config 3: Exp4 1-17
2026-05-04 21:45:53,071 INFO o.a.j.t.JMeterThread: Stopping because end time detected by thread: Config 3: Exp4 1-53
2026-05-04 21:45:53,071 INFO o.a.j.t.JMeterThread: Stopping because end time detected by thread: Config 3: Exp4 1-71
2026-05-04 21:45:53,069 INFO o.a.j.t.JMeterThread: Stopping because end time detected by thread: Config 3: Exp4 1-44
2026-05-04 21:45:53,069 INFO o.a.j.t.JMeterThread: Stopping because end time detected by thread: Config 3: Exp4 1-39
2026-05-04 21:45:53,071 INFO o.a.j.t.JMeterThread: Stopping because end time detected by thread: Config 3: Exp4 1-30
2026-05-04 21:45:53,073 INFO o.a.j.t.JMeterThread: Thread finished: Config 3: Exp4 1-71
2026-05-04 21:45:53,071 INFO o.a.j.t.JMeterThread: Stopping because end time detected by thread: Config 3: Exp4 1-32
2026-05-04 21:45:53,071 INFO o.a.j.t.JMeterThread: Stopping because end time detected by thread: Config 3: Exp4 1-3
2026-05-04 21:45:53,071 INFO o.a.j.t.JMeterThread: Stopping because end time detected by thread: Config 3: Exp4 1-63
2026-05-04 21:45:53,071 INFO o.a.j.t.JMeterThread: Stopping because end time detected by thread: Config 3: Exp4 1-56
2026-05-04 21:45:53,069 INFO o.a.j.t.JMeterThread: Stopping because end time detected by thread: Config 3: Exp4 1-19
2026-05-04 21:45:53,073 INFO o.a.j.t.JMeterThread: Thread finished: Config 3: Exp4 1-30
2026-05-04 21:45:53,069 INFO o.a.j.t.JMeterThread: Stopping because end time detected by thread: Config 3: Exp4 1-74
2026-05-04 21:45:53,073 INFO o.a.j.t.JMeterThread: Thread finished: Config 3: Exp4 1-56
2026-05-04 21:45:53,071 INFO o.a.j.t.JMeterThread: Stopping because end time detected by thread: Config 3: Exp4 1-2
2026-05-04 21:45:53,069 INFO o.a.j.t.JMeterThread: Stopping because end time detected by thread: Config 3: Exp4 1-80
2026-05-04 21:45:53,073 INFO o.a.j.t.JMeterThread: Thread finished: Config 3: Exp4 1-74
2026-05-04 21:45:53,071 INFO o.a.j.t.JMeterThread: Stopping because end time detected by thread: Config 3: Exp4 1-27
2026-05-04 21:45:53,071 INFO o.a.j.t.JMeterThread: Stopping because end time detected by thread: Config 3: Exp4 1-41
2026-05-04 21:45:53,071 INFO o.a.j.t.JMeterThread: Stopping because end time detected by thread: Config 3: Exp4 1-55
2026-05-04 21:45:53,071 INFO o.a.j.t.JMeterThread: Stopping because end time detected by thread: Config 3: Exp4 1-73
2026-05-04 21:45:53,073 INFO o.a.j.t.JMeterThread: Thread finished: Config 3: Exp4 1-41
2026-05-04 21:45:53,073 INFO o.a.j.t.JMeterThread: Thread finished: Config 3: Exp4 1-55
2026-05-04 21:45:53,071 INFO o.a.j.t.JMeterThread: Stopping because end time detected by thread: Config 3: Exp4 1-12
2026-05-04 21:45:53,073 INFO o.a.j.t.JMeterThread: Thread finished: Config 3: Exp4 1-27
2026-05-04 21:45:53,070 INFO o.a.j.t.JMeterThread: Stopping because end time detected by thread: Config 3: Exp4 1-48
2026-05-04 21:45:53,070 INFO o.a.j.t.JMeterThread: Stopping because end time detected by thread: Config 3: Exp4 1-51
2026-05-04 21:45:53,073 INFO o.a.j.t.JMeterThread: Thread finished: Config 3: Exp4 1-73
2026-05-04 21:45:53,073 INFO o.a.j.t.JMeterThread: Thread finished: Config 3: Exp4 1-48
2026-05-04 21:45:53,073 INFO o.a.j.t.JMeterThread: Thread finished: Config 3: Exp4 1-51
2026-05-04 21:45:53,070 INFO o.a.j.t.JMeterThread: Stopping because end time detected by thread: Config 3: Exp4 1-65
2026-05-04 21:45:53,070 INFO o.a.j.t.JMeterThread: Stopping because end time detected by thread: Config 3: Exp4 1-29
2026-05-04 21:45:53,073 INFO o.a.j.t.JMeterThread: Thread finished: Config 3: Exp4 1-65
2026-05-04 21:45:53,070 INFO o.a.j.t.JMeterThread: Stopping because end time detected by thread: Config 3: Exp4 1-25
2026-05-04 21:45:53,070 INFO o.a.j.t.JMeterThread: Stopping because end time detected by thread: Config 3: Exp4 1-58
2026-05-04 21:45:53,073 INFO o.a.j.t.JMeterThread: Thread finished: Config 3: Exp4 1-25
2026-05-04 21:45:53,070 INFO o.a.j.t.JMeterThread: Stopping because end time detected by thread: Config 3: Exp4 1-69
2026-05-04 21:45:53,070 INFO o.a.j.t.JMeterThread: Stopping because end time detected by thread: Config 3: Exp4 1-59
2026-05-04 21:45:53,070 INFO o.a.j.t.JMeterThread: Stopping because end time detected by thread: Config 3: Exp4 1-46
2026-05-04 21:45:53,070 INFO o.a.j.t.JMeterThread: Thread finished: Config 3: Exp4 1-26
2026-05-04 21:45:53,074 INFO o.a.j.t.JMeterThread: Thread finished: Config 3: Exp4 1-46
2026-05-04 21:45:53,074 INFO o.a.j.t.JMeterThread: Thread finished: Config 3: Exp4 1-58
2026-05-04 21:45:53,074 INFO o.a.j.t.JMeterThread: Thread finished: Config 3: Exp4 1-45
2026-05-04 21:45:53,074 INFO o.a.j.t.JMeterThread: Thread finished: Config 3: Exp4 1-69
2026-05-04 21:45:53,073 INFO o.a.j.t.JMeterThread: Thread finished: Config 3: Exp4 1-29
2026-05-04 21:45:53,074 INFO o.a.j.t.JMeterThread: Thread finished: Config 3: Exp4 1-59
2026-05-04 21:45:53,073 INFO o.a.j.t.JMeterThread: Thread finished: Config 3: Exp4 1-2
2026-05-04 21:45:53,073 INFO o.a.j.t.JMeterThread: Thread finished: Config 3: Exp4 1-3
2026-05-04 21:45:53,073 INFO o.a.j.t.JMeterThread: Thread finished: Config 3: Exp4 1-63
2026-05-04 21:45:53,074 INFO o.a.j.t.JMeterThread: Thread finished: Config 3: Exp4 1-80
2026-05-04 21:45:53,074 INFO o.a.j.t.JMeterThread: Thread finished: Config 3: Exp4 1-19
2026-05-04 21:45:53,073 INFO o.a.j.t.JMeterThread: Thread finished: Config 3: Exp4 1-32
2026-05-04 21:45:53,073 INFO o.a.j.t.JMeterThread: Thread finished: Config 3: Exp4 1-39
2026-05-04 21:45:53,073 INFO o.a.j.t.JMeterThread: Thread finished: Config 3: Exp4 1-44
2026-05-04 21:45:53,073 INFO o.a.j.t.JMeterThread: Thread finished: Config 3: Exp4 1-53
2026-05-04 21:45:53,073 INFO o.a.j.t.JMeterThread: Thread finished: Config 3: Exp4 1-9
2026-05-04 21:45:53,073 INFO o.a.j.t.JMeterThread: Thread finished: Config 3: Exp4 1-35
2026-05-04 21:45:53,073 INFO o.a.j.t.JMeterThread: Thread finished: Config 3: Exp4 1-18
2026-05-04 21:45:53,073 INFO o.a.j.t.JMeterThread: Thread finished: Config 3: Exp4 1-72
2026-05-04 21:45:53,073 INFO o.a.j.t.JMeterThread: Thread finished: Config 3: Exp4 1-75
2026-05-04 21:45:53,072 INFO o.a.j.t.JMeterThread: Thread finished: Config 3: Exp4 1-1
2026-05-04 21:45:53,074 INFO o.a.j.t.JMeterThread: Thread finished: Config 3: Exp4 1-43
2026-05-04 21:45:53,074 INFO o.a.j.t.JMeterThread: Thread finished: Config 3: Exp4 1-6
2026-05-04 21:45:53,072 INFO o.a.j.t.JMeterThread: Thread finished: Config 3: Exp4 1-38
2026-05-04 21:45:53,072 INFO o.a.j.t.JMeterThread: Stopping because end time detected by thread: Config 3: Exp4 1-15
2026-05-04 21:45:53,072 INFO o.a.j.t.JMeterThread: Thread finished: Config 3: Exp4 1-40
2026-05-04 21:45:53,074 INFO o.a.j.t.JMeterThread: Thread finished: Config 3: Exp4 1-7
2026-05-04 21:45:53,074 INFO o.a.j.t.JMeterThread: Thread finished: Config 3: Exp4 1-15
2026-05-04 21:45:53,072 INFO o.a.j.t.JMeterThread: Stopping because end time detected by thread: Config 3: Exp4 1-13
2026-05-04 21:45:53,072 INFO o.a.j.t.JMeterThread: Stopping because end time detected by thread: Config 3: Exp4 1-67
2026-05-04 21:45:53,074 INFO o.a.j.t.JMeterThread: Thread finished: Config 3: Exp4 1-13
2026-05-04 21:45:53,074 INFO o.a.j.t.JMeterThread: Thread finished: Config 3: Exp4 1-22
2026-05-04 21:45:53,072 INFO o.a.j.t.JMeterThread: Stopping because end time detected by thread: Config 3: Exp4 1-4
2026-05-04 21:45:53,074 INFO o.a.j.t.JMeterThread: Thread finished: Config 3: Exp4 1-64
2026-05-04 21:45:53,074 INFO o.a.j.t.JMeterThread: Thread finished: Config 3: Exp4 1-67
2026-05-04 21:45:53,074 INFO o.a.j.t.JMeterThread: Thread finished: Config 3: Exp4 1-28
2026-05-04 21:45:53,074 INFO o.a.j.t.JMeterThread: Thread finished: Config 3: Exp4 1-4
2026-05-04 21:45:53,074 INFO o.a.j.t.JMeterThread: Thread finished: Config 3: Exp4 1-33
2026-05-04 21:45:53,074 INFO o.a.j.t.JMeterThread: Thread finished: Config 3: Exp4 1-76
2026-05-04 21:45:53,074 INFO o.a.j.t.JMeterThread: Thread finished: Config 3: Exp4 1-70
2026-05-04 21:45:53,074 INFO o.a.j.t.JMeterThread: Thread finished: Config 3: Exp4 1-31
2026-05-04 21:45:53,074 INFO o.a.j.t.JMeterThread: Thread finished: Config 3: Exp4 1-12
2026-05-04 21:45:53,075 INFO o.a.j.e.StandardJMeterEngine: Notifying test listeners of end of test
2026-05-04 21:45:53,075 INFO o.a.j.g.u.JMeterMenuBar: setRunning(false, *local*)
2026-05-04 21:46:20,855 INFO o.a.j.e.StandardJMeterEngine: Running the test!
2026-05-04 21:46:20,855 INFO o.a.j.s.SampleEvent: List of sample_variables: []
2026-05-04 21:46:20,857 INFO o.a.j.g.u.JMeterMenuBar: setRunning(true, *local*)
2026-05-04 21:46:20,898 INFO o.a.j.e.StandardJMeterEngine: Starting ThreadGroup: 1 : Config 3: Exp4
2026-05-04 21:46:20,898 INFO o.a.j.e.StandardJMeterEngine: Starting 80 threads for group Config 3: Exp4.
2026-05-04 21:46:20,898 INFO o.a.j.e.StandardJMeterEngine: Thread will continue on error
2026-05-04 21:46:20,898 INFO o.a.j.t.ThreadGroup: Starting thread group... number=1 threads=80 ramp-up=100 delayedStart=false
2026-05-04 21:46:20,899 INFO o.a.j.t.JMeterThread: Thread started: Config 3: Exp4 1-1
2026-05-04 21:46:20,905 INFO o.a.j.t.ThreadGroup: Started thread group number 1
2026-05-04 21:46:20,905 INFO o.a.j.e.StandardJMeterEngine: All thread groups have been started
2026-05-04 21:46:22,149 INFO o.a.j.t.JMeterThread: Thread started: Config 3: Exp4 1-2
2026-05-04 21:46:23,398 INFO o.a.j.t.JMeterThread: Thread started: Config 3: Exp4 1-3
2026-05-04 21:46:24,648 INFO o.a.j.t.JMeterThread: Thread started: Config 3: Exp4 1-4
2026-05-04 21:46:25,898 INFO o.a.j.t.JMeterThread: Thread started: Config 3: Exp4 1-5
2026-05-04 21:46:27,149 INFO o.a.j.t.JMeterThread: Thread started: Config 3: Exp4 1-6
2026-05-04 21:46:28,400 INFO o.a.j.t.JMeterThread: Thread started: Config 3: Exp4 1-7
2026-05-04 21:46:29,648 INFO o.a.j.t.JMeterThread: Thread started: Config 3: Exp4 1-8
2026-05-04 21:46:30,898 INFO o.a.j.t.JMeterThread: Thread started: Config 3: Exp4 1-9
2026-05-04 21:46:32,149 INFO o.a.j.t.JMeterThread: Thread started: Config 3: Exp4 1-10
2026-05-04 21:46:33,398 INFO o.a.j.t.JMeterThread: Thread started: Config 3: Exp4 1-11
2026-05-04 21:46:34,648 INFO o.a.j.t.JMeterThread: Thread started: Config 3: Exp4 1-12
2026-05-04 21:46:35,898 INFO o.a.j.t.JMeterThread: Thread started: Config 3: Exp4 1-13
2026-05-04 21:46:37,148 INFO o.a.j.t.JMeterThread: Thread started: Config 3: Exp4 1-14
2026-05-04 21:46:38,398 INFO o.a.j.t.JMeterThread: Thread started: Config 3: Exp4 1-15
2026-05-04 21:46:39,648 INFO o.a.j.t.JMeterThread: Thread started: Config 3: Exp4 1-16
2026-05-04 21:46:40,900 INFO o.a.j.t.JMeterThread: Thread started: Config 3: Exp4 1-17
2026-05-04 21:46:42,149 INFO o.a.j.t.JMeterThread: Thread started: Config 3: Exp4 1-18
2026-05-04 21:46:43,398 INFO o.a.j.t.JMeterThread: Thread started: Config 3: Exp4 1-19
2026-05-04 21:46:44,648 INFO o.a.j.t.JMeterThread: Thread started: Config 3: Exp4 1-20
2026-05-04 21:46:45,898 INFO o.a.j.t.JMeterThread: Thread started: Config 3: Exp4 1-21
2026-05-04 21:46:47,148 INFO o.a.j.t.JMeterThread: Thread started: Config 3: Exp4 1-22
2026-05-04 21:46:48,398 INFO o.a.j.t.JMeterThread: Thread started: Config 3: Exp4 1-23
2026-05-04 21:46:49,649 INFO o.a.j.t.JMeterThread: Thread started: Config 3: Exp4 1-24
2026-05-04 21:46:50,898 INFO o.a.j.t.JMeterThread: Thread started: Config 3: Exp4 1-25
2026-05-04 21:46:52,149 INFO o.a.j.t.JMeterThread: Thread started: Config 3: Exp4 1-26
2026-05-04 21:46:53,398 INFO o.a.j.t.JMeterThread: Thread started: Config 3: Exp4 1-27
2026-05-04 21:46:54,649 INFO o.a.j.t.JMeterThread: Thread started: Config 3: Exp4 1-28
2026-05-04 21:46:55,899 INFO o.a.j.t.JMeterThread: Thread started: Config 3: Exp4 1-29
2026-05-04 21:46:57,149 INFO o.a.j.t.JMeterThread: Thread started: Config 3: Exp4 1-30
2026-05-04 21:46:58,398 INFO o.a.j.t.JMeterThread: Thread started: Config 3: Exp4 1-31
2026-05-04 21:46:59,648 INFO o.a.j.t.JMeterThread: Thread started: Config 3: Exp4 1-32
2026-05-04 21:47:00,899 INFO o.a.j.t.JMeterThread: Thread started: Config 3: Exp4 1-33
2026-05-04 21:47:02,148 INFO o.a.j.t.JMeterThread: Thread started: Config 3: Exp4 1-34
2026-05-04 21:47:03,399 INFO o.a.j.t.JMeterThread: Thread started: Config 3: Exp4 1-35
2026-05-04 21:47:04,648 INFO o.a.j.t.JMeterThread: Thread started: Config 3: Exp4 1-36
2026-05-04 21:47:05,898 INFO o.a.j.t.JMeterThread: Thread started: Config 3: Exp4 1-37
2026-05-04 21:47:07,148 INFO o.a.j.t.JMeterThread: Thread started: Config 3: Exp4 1-38
2026-05-04 21:47:08,398 INFO o.a.j.t.JMeterThread: Thread started: Config 3: Exp4 1-39
2026-05-04 21:47:09,648 INFO o.a.j.t.JMeterThread: Thread started: Config 3: Exp4 1-40
2026-05-04 21:47:10,898 INFO o.a.j.t.JMeterThread: Thread started: Config 3: Exp4 1-41
2026-05-04 21:47:12,148 INFO o.a.j.t.JMeterThread: Thread started: Config 3: Exp4 1-42
2026-05-04 21:47:13,399 INFO o.a.j.t.JMeterThread: Thread started: Config 3: Exp4 1-43
2026-05-04 21:47:14,649 INFO o.a.j.t.JMeterThread: Thread started: Config 3: Exp4 1-44
2026-05-04 21:47:15,899 INFO o.a.j.t.JMeterThread: Thread started: Config 3: Exp4 1-45
2026-05-04 21:47:17,148 INFO o.a.j.t.JMeterThread: Thread started: Config 3: Exp4 1-46
2026-05-04 21:47:18,399 INFO o.a.j.t.JMeterThread: Thread started: Config 3: Exp4 1-47
2026-05-04 21:47:19,648 INFO o.a.j.t.JMeterThread: Thread started: Config 3: Exp4 1-48
2026-05-04 21:47:20,898 INFO o.a.j.t.JMeterThread: Thread started: Config 3: Exp4 1-49
2026-05-04 21:47:22,148 INFO o.a.j.t.JMeterThread: Thread started: Config 3: Exp4 1-50
2026-05-04 21:47:23,398 INFO o.a.j.t.JMeterThread: Thread started: Config 3: Exp4 1-51
2026-05-04 21:47:24,648 INFO o.a.j.t.JMeterThread: Thread started: Config 3: Exp4 1-52
2026-05-04 21:47:25,898 INFO o.a.j.t.JMeterThread: Thread started: Config 3: Exp4 1-53
2026-05-04 21:47:27,149 INFO o.a.j.t.JMeterThread: Thread started: Config 3: Exp4 1-54
2026-05-04 21:47:28,399 INFO o.a.j.t.JMeterThread: Thread started: Config 3: Exp4 1-55
2026-05-04 21:47:29,650 INFO o.a.j.t.JMeterThread: Thread started: Config 3: Exp4 1-56
2026-05-04 21:47:30,900 INFO o.a.j.t.JMeterThread: Thread started: Config 3: Exp4 1-57
2026-05-04 21:47:32,148 INFO o.a.j.t.JMeterThread: Thread started: Config 3: Exp4 1-58
2026-05-04 21:47:33,399 INFO o.a.j.t.JMeterThread: Thread started: Config 3: Exp4 1-59
2026-05-04 21:47:34,649 INFO o.a.j.t.JMeterThread: Thread started: Config 3: Exp4 1-60
2026-05-04 21:47:35,899 INFO o.a.j.t.JMeterThread: Thread started: Config 3: Exp4 1-61
2026-05-04 21:47:37,148 INFO o.a.j.t.JMeterThread: Thread started: Config 3: Exp4 1-62
2026-05-04 21:47:38,398 INFO o.a.j.t.JMeterThread: Thread started: Config 3: Exp4 1-63
2026-05-04 21:47:39,649 INFO o.a.j.t.JMeterThread: Thread started: Config 3: Exp4 1-64
2026-05-04 21:47:40,899 INFO o.a.j.t.JMeterThread: Thread started: Config 3: Exp4 1-65
2026-05-04 21:47:42,148 INFO o.a.j.t.JMeterThread: Thread started: Config 3: Exp4 1-66
2026-05-04 21:47:43,398 INFO o.a.j.t.JMeterThread: Thread started: Config 3: Exp4 1-67
2026-05-04 21:47:44,649 INFO o.a.j.t.JMeterThread: Thread started: Config 3: Exp4 1-68
2026-05-04 21:47:45,899 INFO o.a.j.t.JMeterThread: Thread started: Config 3: Exp4 1-69
2026-05-04 21:47:47,149 INFO o.a.j.t.JMeterThread: Thread started: Config 3: Exp4 1-70
2026-05-04 21:47:48,398 INFO o.a.j.t.JMeterThread: Thread started: Config 3: Exp4 1-71
2026-05-04 21:47:49,650 INFO o.a.j.t.JMeterThread: Thread started: Config 3: Exp4 1-72
2026-05-04 21:47:50,900 INFO o.a.j.t.JMeterThread: Thread started: Config 3: Exp4 1-73
2026-05-04 21:47:52,148 INFO o.a.j.t.JMeterThread: Thread started: Config 3: Exp4 1-74
2026-05-04 21:47:53,399 INFO o.a.j.t.JMeterThread: Thread started: Config 3: Exp4 1-75
2026-05-04 21:47:54,648 INFO o.a.j.t.JMeterThread: Thread started: Config 3: Exp4 1-76
2026-05-04 21:47:55,899 INFO o.a.j.t.JMeterThread: Thread started: Config 3: Exp4 1-77
2026-05-04 21:47:57,148 INFO o.a.j.t.JMeterThread: Thread started: Config 3: Exp4 1-78
2026-05-04 21:47:58,398 INFO o.a.j.t.JMeterThread: Thread started: Config 3: Exp4 1-79
2026-05-04 21:47:59,126 INFO o.a.j.t.JMeterThread: Thread finished: Config 3: Exp4 1-62
2026-05-04 21:47:59,127 INFO o.a.j.t.JMeterThread: Thread finished: Config 3: Exp4 1-74
2026-05-04 21:47:59,127 INFO o.a.j.t.JMeterThread: Thread finished: Config 3: Exp4 1-50
2026-05-04 21:47:59,127 INFO o.a.j.t.JMeterThread: Thread finished: Config 3: Exp4 1-38
2026-05-04 21:47:59,340 INFO o.a.j.t.JMeterThread: Thread finished: Config 3: Exp4 1-67
2026-05-04 21:47:59,352 INFO o.a.j.t.JMeterThread: Thread finished: Config 3: Exp4 1-55
2026-05-04 21:47:59,352 INFO o.a.j.t.JMeterThread: Thread finished: Config 3: Exp4 1-31
2026-05-04 21:47:59,352 INFO o.a.j.t.JMeterThread: Thread finished: Config 3: Exp4 1-43
2026-05-04 21:47:59,372 INFO o.a.j.t.JMeterThread: Thread finished: Config 3: Exp4 1-79
2026-05-04 21:47:59,649 INFO o.a.j.t.JMeterThread: Thread started: Config 3: Exp4 1-80
2026-05-04 21:47:59,653 INFO o.a.j.t.JMeterThread: Thread finished: Config 3: Exp4 1-36
2026-05-04 21:47:59,655 INFO o.a.j.t.JMeterThread: Thread finished: Config 3: Exp4 1-48
2026-05-04 21:47:59,655 INFO o.a.j.t.JMeterThread: Thread finished: Config 3: Exp4 1-72
2026-05-04 21:47:59,655 INFO o.a.j.t.JMeterThread: Thread finished: Config 3: Exp4 1-60
2026-05-04 21:47:59,849 INFO o.a.j.t.JMeterThread: Thread finished: Config 3: Exp4 1-65
2026-05-04 21:48:00,104 INFO o.a.j.t.JMeterThread: Thread finished: Config 3: Exp4 1-77
2026-05-04 21:48:00,104 INFO o.a.j.t.JMeterThread: Thread finished: Config 3: Exp4 1-41
2026-05-04 21:48:00,105 INFO o.a.j.t.JMeterThread: Thread finished: Config 3: Exp4 1-53
2026-05-04 21:48:00,105 INFO o.a.j.t.JMeterThread: Thread finished: Config 3: Exp4 1-13
2026-05-04 21:48:00,106 INFO o.a.j.t.JMeterThread: Thread finished: Config 3: Exp4 1-6
2026-05-04 21:48:00,106 INFO o.a.j.t.JMeterThread: Thread finished: Config 3: Exp4 1-4
2026-05-04 21:48:00,106 INFO o.a.j.t.JMeterThread: Thread finished: Config 3: Exp4 1-11
2026-05-04 21:48:00,106 INFO o.a.j.t.JMeterThread: Thread finished: Config 3: Exp4 1-15
2026-05-04 21:48:00,106 INFO o.a.j.t.JMeterThread: Thread finished: Config 3: Exp4 1-20
2026-05-04 21:48:00,106 INFO o.a.j.t.JMeterThread: Thread finished: Config 3: Exp4 1-3
2026-05-04 21:48:00,106 INFO o.a.j.t.JMeterThread: Thread finished: Config 3: Exp4 1-1
2026-05-04 21:48:00,106 INFO o.a.j.t.JMeterThread: Thread finished: Config 3: Exp4 1-16
2026-05-04 21:48:00,129 INFO o.a.j.t.JMeterThread: Thread finished: Config 3: Exp4 1-23
2026-05-04 21:48:00,129 INFO o.a.j.t.JMeterThread: Thread finished: Config 3: Exp4 1-9
2026-05-04 21:48:00,131 INFO o.a.j.t.JMeterThread: Thread finished: Config 3: Exp4 1-18
2026-05-04 21:48:00,131 INFO o.a.j.t.JMeterThread: Thread finished: Config 3: Exp4 1-24
2026-05-04 21:48:00,131 INFO o.a.j.t.JMeterThread: Thread finished: Config 3: Exp4 1-8
2026-05-04 21:48:00,131 INFO o.a.j.t.JMeterThread: Thread finished: Config 3: Exp4 1-25
2026-05-04 21:48:00,146 INFO o.a.j.t.JMeterThread: Thread finished: Config 3: Exp4 1-34
2026-05-04 21:48:00,151 INFO o.a.j.t.JMeterThread: Thread finished: Config 3: Exp4 1-70
2026-05-04 21:48:00,155 INFO o.a.j.t.JMeterThread: Thread finished: Config 3: Exp4 1-58
2026-05-04 21:48:00,160 INFO o.a.j.t.JMeterThread: Thread finished: Config 3: Exp4 1-46
2026-05-04 21:48:00,332 INFO o.a.j.t.JMeterThread: Thread finished: Config 3: Exp4 1-21
2026-05-04 21:48:00,338 INFO o.a.j.t.JMeterThread: Thread finished: Config 3: Exp4 1-27
2026-05-04 21:48:00,345 INFO o.a.j.t.JMeterThread: Thread finished: Config 3: Exp4 1-26
2026-05-04 21:48:00,357 INFO o.a.j.t.JMeterThread: Thread finished: Config 3: Exp4 1-28
2026-05-04 21:48:00,413 INFO o.a.j.t.JMeterThread: Thread finished: Config 3: Exp4 1-75
2026-05-04 21:48:00,583 INFO o.a.j.t.JMeterThread: Thread finished: Config 3: Exp4 1-39
2026-05-04 21:48:00,589 INFO o.a.j.t.JMeterThread: Thread finished: Config 3: Exp4 1-63
2026-05-04 21:48:00,596 INFO o.a.j.t.JMeterThread: Thread finished: Config 3: Exp4 1-51
2026-05-04 21:48:00,665 INFO o.a.j.t.JMeterThread: Thread finished: Config 3: Exp4 1-56
2026-05-04 21:48:00,844 INFO o.a.j.t.JMeterThread: Thread finished: Config 3: Exp4 1-68
2026-05-04 21:48:00,851 INFO o.a.j.t.JMeterThread: Thread finished: Config 3: Exp4 1-44
2026-05-04 21:48:00,857 INFO o.a.j.t.JMeterThread: Thread finished: Config 3: Exp4 1-32
2026-05-04 21:48:00,865 INFO o.a.j.t.JMeterThread: Thread finished: Config 3: Exp4 1-80
2026-05-04 21:48:01,084 INFO o.a.j.t.JMeterThread: Stopping because end time detected by thread: Config 3: Exp4 1-29
2026-05-04 21:48:01,084 INFO o.a.j.t.JMeterThread: Thread finished: Config 3: Exp4 1-29
2026-05-04 21:48:01,091 INFO o.a.j.t.JMeterThread: Stopping because end time detected by thread: Config 3: Exp4 1-19
2026-05-04 21:48:01,092 INFO o.a.j.t.JMeterThread: Thread finished: Config 3: Exp4 1-19
2026-05-04 21:48:01,100 INFO o.a.j.t.JMeterThread: Stopping because end time detected by thread: Config 3: Exp4 1-14
2026-05-04 21:48:01,100 INFO o.a.j.t.JMeterThread: Thread finished: Config 3: Exp4 1-14
2026-05-04 21:48:01,107 INFO o.a.j.t.JMeterThread: Stopping because end time detected by thread: Config 3: Exp4 1-10
2026-05-04 21:48:01,107 INFO o.a.j.t.JMeterThread: Thread finished: Config 3: Exp4 1-10
2026-05-04 21:48:01,115 INFO o.a.j.t.JMeterThread: Stopping because end time detected by thread: Config 3: Exp4 1-5
2026-05-04 21:48:01,115 INFO o.a.j.t.JMeterThread: Thread finished: Config 3: Exp4 1-5
2026-05-04 21:48:01,122 INFO o.a.j.t.JMeterThread: Stopping because end time detected by thread: Config 3: Exp4 1-2
2026-05-04 21:48:01,122 INFO o.a.j.t.JMeterThread: Thread finished: Config 3: Exp4 1-2
2026-05-04 21:48:01,132 INFO o.a.j.t.JMeterThread: Stopping because end time detected by thread: Config 3: Exp4 1-12
2026-05-04 21:48:01,132 INFO o.a.j.t.JMeterThread: Thread finished: Config 3: Exp4 1-12
2026-05-04 21:48:01,136 INFO o.a.j.t.JMeterThread: Stopping because end time detected by thread: Config 3: Exp4 1-22
2026-05-04 21:48:01,136 INFO o.a.j.t.JMeterThread: Thread finished: Config 3: Exp4 1-22
2026-05-04 21:48:01,140 INFO o.a.j.t.JMeterThread: Stopping because end time detected by thread: Config 3: Exp4 1-17
2026-05-04 21:48:01,140 INFO o.a.j.t.JMeterThread: Thread finished: Config 3: Exp4 1-17
2026-05-04 21:48:01,144 INFO o.a.j.t.JMeterThread: Stopping because end time detected by thread: Config 3: Exp4 1-7
2026-05-04 21:48:01,144 INFO o.a.j.t.JMeterThread: Thread finished: Config 3: Exp4 1-7
2026-05-04 21:48:01,151 INFO o.a.j.t.JMeterThread: Stopping because end time detected by thread: Config 3: Exp4 1-61
2026-05-04 21:48:01,151 INFO o.a.j.t.JMeterThread: Thread finished: Config 3: Exp4 1-61
2026-05-04 21:48:01,158 INFO o.a.j.t.JMeterThread: Stopping because end time detected by thread: Config 3: Exp4 1-66
2026-05-04 21:48:01,158 INFO o.a.j.t.JMeterThread: Thread finished: Config 3: Exp4 1-66
2026-05-04 21:48:01,159 INFO o.a.j.t.JMeterThread: Stopping because end time detected by thread: Config 3: Exp4 1-37
2026-05-04 21:48:01,159 INFO o.a.j.t.JMeterThread: Thread finished: Config 3: Exp4 1-37
2026-05-04 21:48:01,162 INFO o.a.j.t.JMeterThread: Stopping because end time detected by thread: Config 3: Exp4 1-54
2026-05-04 21:48:01,162 INFO o.a.j.t.JMeterThread: Thread finished: Config 3: Exp4 1-54
2026-05-04 21:48:01,168 INFO o.a.j.t.JMeterThread: Stopping because end time detected by thread: Config 3: Exp4 1-42
2026-05-04 21:48:01,168 INFO o.a.j.t.JMeterThread: Stopping because end time detected by thread: Config 3: Exp4 1-49
2026-05-04 21:48:01,168 INFO o.a.j.t.JMeterThread: Thread finished: Config 3: Exp4 1-42
2026-05-04 21:48:01,168 INFO o.a.j.t.JMeterThread: Thread finished: Config 3: Exp4 1-49
2026-05-04 21:48:01,171 INFO o.a.j.t.JMeterThread: Stopping because end time detected by thread: Config 3: Exp4 1-78
2026-05-04 21:48:01,171 INFO o.a.j.t.JMeterThread: Thread finished: Config 3: Exp4 1-78
2026-05-04 21:48:01,176 INFO o.a.j.t.JMeterThread: Stopping because end time detected by thread: Config 3: Exp4 1-73
2026-05-04 21:48:01,176 INFO o.a.j.t.JMeterThread: Thread finished: Config 3: Exp4 1-73
2026-05-04 21:48:01,194 INFO o.a.j.t.JMeterThread: Stopping because end time detected by thread: Config 3: Exp4 1-30
2026-05-04 21:48:01,195 INFO o.a.j.t.JMeterThread: Thread finished: Config 3: Exp4 1-30
2026-05-04 21:48:01,400 INFO o.a.j.t.JMeterThread: Stopping because end time detected by thread: Config 3: Exp4 1-71
2026-05-04 21:48:01,400 INFO o.a.j.t.JMeterThread: Thread finished: Config 3: Exp4 1-71
2026-05-04 21:48:01,404 INFO o.a.j.t.JMeterThread: Stopping because end time detected by thread: Config 3: Exp4 1-35
2026-05-04 21:48:01,404 INFO o.a.j.t.JMeterThread: Thread finished: Config 3: Exp4 1-35
2026-05-04 21:48:01,407 INFO o.a.j.t.JMeterThread: Stopping because end time detected by thread: Config 3: Exp4 1-47
2026-05-04 21:48:01,407 INFO o.a.j.t.JMeterThread: Thread finished: Config 3: Exp4 1-47
2026-05-04 21:48:01,418 INFO o.a.j.t.JMeterThread: Stopping because end time detected by thread: Config 3: Exp4 1-59
2026-05-04 21:48:01,418 INFO o.a.j.t.JMeterThread: Thread finished: Config 3: Exp4 1-59
2026-05-04 21:48:01,648 INFO o.a.j.t.JMeterThread: Stopping because end time detected by thread: Config 3: Exp4 1-76
2026-05-04 21:48:01,648 INFO o.a.j.t.JMeterThread: Thread finished: Config 3: Exp4 1-76
2026-05-04 21:48:01,651 INFO o.a.j.t.JMeterThread: Stopping because end time detected by thread: Config 3: Exp4 1-64
2026-05-04 21:48:01,651 INFO o.a.j.t.JMeterThread: Thread finished: Config 3: Exp4 1-64
2026-05-04 21:48:01,654 INFO o.a.j.t.JMeterThread: Stopping because end time detected by thread: Config 3: Exp4 1-52
2026-05-04 21:48:01,654 INFO o.a.j.t.JMeterThread: Thread finished: Config 3: Exp4 1-52
2026-05-04 21:48:01,658 INFO o.a.j.t.JMeterThread: Stopping because end time detected by thread: Config 3: Exp4 1-40
2026-05-04 21:48:01,658 INFO o.a.j.t.JMeterThread: Thread finished: Config 3: Exp4 1-40
2026-05-04 21:48:01,915 INFO o.a.j.t.JMeterThread: Stopping because end time detected by thread: Config 3: Exp4 1-69
2026-05-04 21:48:01,915 INFO o.a.j.t.JMeterThread: Stopping because end time detected by thread: Config 3: Exp4 1-45
2026-05-04 21:48:01,915 INFO o.a.j.t.JMeterThread: Thread finished: Config 3: Exp4 1-69
2026-05-04 21:48:01,915 INFO o.a.j.t.JMeterThread: Thread finished: Config 3: Exp4 1-45
2026-05-04 21:48:01,916 INFO o.a.j.t.JMeterThread: Stopping because end time detected by thread: Config 3: Exp4 1-33
2026-05-04 21:48:01,916 INFO o.a.j.t.JMeterThread: Thread finished: Config 3: Exp4 1-33
2026-05-04 21:48:01,916 INFO o.a.j.t.JMeterThread: Stopping because end time detected by thread: Config 3: Exp4 1-57
2026-05-04 21:48:01,916 INFO o.a.j.t.JMeterThread: Thread finished: Config 3: Exp4 1-57
2026-05-04 21:48:01,916 INFO o.a.j.e.StandardJMeterEngine: Notifying test listeners of end of test
2026-05-04 21:48:01,917 INFO o.a.j.g.u.JMeterMenuBar: setRunning(false, *local*)
2026-05-04 21:55:12,443 INFO o.a.j.e.StandardJMeterEngine: Running the test!
2026-05-04 21:55:12,444 INFO o.a.j.s.SampleEvent: List of sample_variables: []
2026-05-04 21:55:12,445 INFO o.a.j.g.u.JMeterMenuBar: setRunning(true, *local*)
2026-05-04 21:55:12,483 INFO o.a.j.e.StandardJMeterEngine: Starting ThreadGroup: 1 : Config 3: Exp4
2026-05-04 21:55:12,483 INFO o.a.j.e.StandardJMeterEngine: Starting 80 threads for group Config 3: Exp4.
2026-05-04 21:55:12,483 INFO o.a.j.e.StandardJMeterEngine: Thread will continue on error
2026-05-04 21:55:12,483 INFO o.a.j.t.ThreadGroup: Starting thread group... number=1 threads=80 ramp-up=100 delayedStart=false
2026-05-04 21:55:12,484 INFO o.a.j.t.JMeterThread: Thread started: Config 3: Exp4 1-1
2026-05-04 21:55:12,492 INFO o.a.j.t.ThreadGroup: Started thread group number 1
2026-05-04 21:55:12,492 INFO o.a.j.e.StandardJMeterEngine: All thread groups have been started
2026-05-04 21:55:13,733 INFO o.a.j.t.JMeterThread: Thread started: Config 3: Exp4 1-2
2026-05-04 21:55:14,985 INFO o.a.j.t.JMeterThread: Thread started: Config 3: Exp4 1-3
2026-05-04 21:55:16,234 INFO o.a.j.t.JMeterThread: Thread started: Config 3: Exp4 1-4
2026-05-04 21:55:17,483 INFO o.a.j.t.JMeterThread: Thread started: Config 3: Exp4 1-5
2026-05-04 21:55:18,733 INFO o.a.j.t.JMeterThread: Thread started: Config 3: Exp4 1-6
2026-05-04 21:55:19,984 INFO o.a.j.t.JMeterThread: Thread started: Config 3: Exp4 1-7
2026-05-04 21:55:21,233 INFO o.a.j.t.JMeterThread: Thread started: Config 3: Exp4 1-8
2026-05-04 21:55:22,483 INFO o.a.j.t.JMeterThread: Thread started: Config 3: Exp4 1-9
2026-05-04 21:55:23,733 INFO o.a.j.t.JMeterThread: Thread started: Config 3: Exp4 1-10
2026-05-04 21:55:24,985 INFO o.a.j.t.JMeterThread: Thread started: Config 3: Exp4 1-11
2026-05-04 21:55:26,234 INFO o.a.j.t.JMeterThread: Thread started: Config 3: Exp4 1-12
2026-05-04 21:55:27,483 INFO o.a.j.t.JMeterThread: Thread started: Config 3: Exp4 1-13
2026-05-04 21:55:28,733 INFO o.a.j.t.JMeterThread: Thread started: Config 3: Exp4 1-14
2026-05-04 21:55:29,983 INFO o.a.j.t.JMeterThread: Thread started: Config 3: Exp4 1-15
2026-05-04 21:55:31,234 INFO o.a.j.t.JMeterThread: Thread started: Config 3: Exp4 1-16
2026-05-04 21:55:32,150 INFO o.a.j.g.a.Start: Shutting test down
2026-05-04 21:55:32,157 INFO o.a.j.t.JMeterThread: Stopping: Config 3: Exp4 1-20
2026-05-04 21:55:32,157 INFO o.a.j.t.JMeterThread: Stopping: Config 3: Exp4 1-40
2026-05-04 21:55:32,157 INFO o.a.j.t.JMeterThread: Stopping: Config 3: Exp4 1-33
2026-05-04 21:55:32,157 INFO o.a.j.t.JMeterThread: Stopping: Config 3: Exp4 1-11
2026-05-04 21:55:32,157 INFO o.a.j.t.JMeterThread: Stopping: Config 3: Exp4 1-27
2026-05-04 21:55:32,157 INFO o.a.j.t.JMeterThread: Stopping: Config 3: Exp4 1-22
2026-05-04 21:55:32,157 INFO o.a.j.t.JMeterThread: Stopping: Config 3: Exp4 1-19
2026-05-04 21:55:32,157 INFO o.a.j.t.JMeterThread: Stopping: Config 3: Exp4 1-62
2026-05-04 21:55:32,157 INFO o.a.j.t.JMeterThread: Stopping: Config 3: Exp4 1-32
2026-05-04 21:55:32,157 INFO o.a.j.t.JMeterThread: Stopping: Config 3: Exp4 1-66
2026-05-04 21:55:32,157 INFO o.a.j.t.JMeterThread: Stopping: Config 3: Exp4 1-10
2026-05-04 21:55:32,157 INFO o.a.j.t.JMeterThread: Stopping: Config 3: Exp4 1-59
2026-05-04 21:55:32,157 INFO o.a.j.t.JMeterThread: Stopping: Config 3: Exp4 1-77
2026-05-04 21:55:32,157 INFO o.a.j.t.JMeterThread: Stopping: Config 3: Exp4 1-28
2026-05-04 21:55:32,157 INFO o.a.j.t.JMeterThread: Stopping: Config 3: Exp4 1-48
2026-05-04 21:55:32,158 INFO o.a.j.t.JMeterThread: Stopping: Config 3: Exp4 1-24
2026-05-04 21:55:32,158 INFO o.a.j.t.JMeterThread: Stopping: Config 3: Exp4 1-38
2026-05-04 21:55:32,158 INFO o.a.j.t.JMeterThread: Stopping: Config 3: Exp4 1-9
2026-05-04 21:55:32,158 INFO o.a.j.t.JMeterThread: Stopping: Config 3: Exp4 1-43
2026-05-04 21:55:32,158 INFO o.a.j.t.JMeterThread: Stopping: Config 3: Exp4 1-52
2026-05-04 21:55:32,158 INFO o.a.j.t.JMeterThread: Stopping: Config 3: Exp4 1-12
2026-05-04 21:55:32,158 INFO o.a.j.t.JMeterThread: Stopping: Config 3: Exp4 1-57
2026-05-04 21:55:32,158 INFO o.a.j.t.JMeterThread: Stopping: Config 3: Exp4 1-71
2026-05-04 21:55:32,158 INFO o.a.j.t.JMeterThread: Stopping: Config 3: Exp4 1-15
2026-05-04 21:55:32,158 INFO o.a.j.t.JMeterThread: Stopping: Config 3: Exp4 1-25
2026-05-04 21:55:32,158 INFO o.a.j.t.JMeterThread: Stopping: Config 3: Exp4 1-79
2026-05-04 21:55:32,158 INFO o.a.j.t.JMeterThread: Stopping: Config 3: Exp4 1-26
2026-05-04 21:55:32,158 INFO o.a.j.t.JMeterThread: Stopping: Config 3: Exp4 1-5
2026-05-04 21:55:32,158 INFO o.a.j.t.JMeterThread: Stopping: Config 3: Exp4 1-76
2026-05-04 21:55:32,158 INFO o.a.j.t.JMeterThread: Stopping: Config 3: Exp4 1-73
2026-05-04 21:55:32,158 INFO o.a.j.t.JMeterThread: Stopping: Config 3: Exp4 1-6
2026-05-04 21:55:32,158 INFO o.a.j.t.JMeterThread: Stopping: Config 3: Exp4 1-14
2026-05-04 21:55:32,158 INFO o.a.j.t.JMeterThread: Stopping: Config 3: Exp4 1-34
2026-05-04 21:55:32,158 INFO o.a.j.t.JMeterThread: Stopping: Config 3: Exp4 1-63
2026-05-04 21:55:32,158 INFO o.a.j.t.JMeterThread: Stopping: Config 3: Exp4 1-61
2026-05-04 21:55:32,158 INFO o.a.j.t.JMeterThread: Stopping: Config 3: Exp4 1-8
2026-05-04 21:55:32,158 INFO o.a.j.t.JMeterThread: Stopping: Config 3: Exp4 1-70
2026-05-04 21:55:32,158 INFO o.a.j.t.JMeterThread: Stopping: Config 3: Exp4 1-51
2026-05-04 21:55:32,158 INFO o.a.j.t.JMeterThread: Stopping: Config 3: Exp4 1-37
2026-05-04 21:55:32,158 INFO o.a.j.t.JMeterThread: Stopping: Config 3: Exp4 1-74
2026-05-04 21:55:32,158 INFO o.a.j.t.JMeterThread: Stopping: Config 3: Exp4 1-64
2026-05-04 21:55:32,158 INFO o.a.j.t.JMeterThread: Stopping: Config 3: Exp4 1-2
2026-05-04 21:55:32,158 INFO o.a.j.t.JMeterThread: Stopping: Config 3: Exp4 1-67
2026-05-04 21:55:32,158 INFO o.a.j.t.JMeterThread: Stopping: Config 3: Exp4 1-42
2026-05-04 21:55:32,158 INFO o.a.j.t.JMeterThread: Stopping: Config 3: Exp4 1-31
2026-05-04 21:55:32,158 INFO o.a.j.t.JMeterThread: Stopping: Config 3: Exp4 1-30
2026-05-04 21:55:32,158 INFO o.a.j.t.JMeterThread: Stopping: Config 3: Exp4 1-45
2026-05-04 21:55:32,158 INFO o.a.j.t.JMeterThread: Stopping: Config 3: Exp4 1-56
2026-05-04 21:55:32,158 INFO o.a.j.t.JMeterThread: Stopping: Config 3: Exp4 1-78
2026-05-04 21:55:32,158 INFO o.a.j.t.JMeterThread: Stopping: Config 3: Exp4 1-4
2026-05-04 21:55:32,158 INFO o.a.j.t.JMeterThread: Stopping: Config 3: Exp4 1-21
2026-05-04 21:55:32,158 INFO o.a.j.t.JMeterThread: Stopping: Config 3: Exp4 1-23
2026-05-04 21:55:32,158 INFO o.a.j.t.JMeterThread: Stopping: Config 3: Exp4 1-47
2026-05-04 21:55:32,158 INFO o.a.j.t.JMeterThread: Stopping: Config 3: Exp4 1-49
2026-05-04 21:55:32,158 INFO o.a.j.t.JMeterThread: Stopping: Config 3: Exp4 1-75
2026-05-04 21:55:32,158 INFO o.a.j.t.JMeterThread: Stopping: Config 3: Exp4 1-54
2026-05-04 21:55:32,158 INFO o.a.j.t.JMeterThread: Stopping: Config 3: Exp4 1-35
2026-05-04 21:55:32,158 INFO o.a.j.t.JMeterThread: Stopping: Config 3: Exp4 1-53
2026-05-04 21:55:32,158 INFO o.a.j.t.JMeterThread: Stopping: Config 3: Exp4 1-18
2026-05-04 21:55:32,158 INFO o.a.j.t.JMeterThread: Stopping: Config 3: Exp4 1-55
2026-05-04 21:55:32,158 INFO o.a.j.t.JMeterThread: Stopping: Config 3: Exp4 1-16
2026-05-04 21:55:32,158 INFO o.a.j.t.JMeterThread: Stopping: Config 3: Exp4 1-29
2026-05-04 21:55:32,159 INFO o.a.j.t.JMeterThread: Stopping: Config 3: Exp4 1-3
2026-05-04 21:55:32,159 INFO o.a.j.t.JMeterThread: Stopping: Config 3: Exp4 1-46
2026-05-04 21:55:32,159 INFO o.a.j.t.JMeterThread: Stopping: Config 3: Exp4 1-41
2026-05-04 21:55:32,159 INFO o.a.j.t.JMeterThread: Stopping: Config 3: Exp4 1-68
2026-05-04 21:55:32,159 INFO o.a.j.t.JMeterThread: Stopping: Config 3: Exp4 1-39
2026-05-04 21:55:32,159 INFO o.a.j.t.JMeterThread: Stopping: Config 3: Exp4 1-17
2026-05-04 21:55:32,159 INFO o.a.j.t.JMeterThread: Stopping: Config 3: Exp4 1-80
2026-05-04 21:55:32,159 INFO o.a.j.t.JMeterThread: Stopping: Config 3: Exp4 1-7
2026-05-04 21:55:32,159 INFO o.a.j.t.JMeterThread: Stopping: Config 3: Exp4 1-60
2026-05-04 21:55:32,159 INFO o.a.j.t.JMeterThread: Stopping: Config 3: Exp4 1-69
2026-05-04 21:55:32,159 INFO o.a.j.t.JMeterThread: Stopping: Config 3: Exp4 1-36
2026-05-04 21:55:32,159 INFO o.a.j.t.JMeterThread: Stopping: Config 3: Exp4 1-65
2026-05-04 21:55:32,159 INFO o.a.j.t.JMeterThread: Stopping: Config 3: Exp4 1-13
2026-05-04 21:55:32,159 INFO o.a.j.t.JMeterThread: Stopping: Config 3: Exp4 1-44
2026-05-04 21:55:32,159 INFO o.a.j.t.JMeterThread: Stopping: Config 3: Exp4 1-58
2026-05-04 21:55:32,159 INFO o.a.j.t.JMeterThread: Stopping: Config 3: Exp4 1-50
2026-05-04 21:55:32,159 INFO o.a.j.t.JMeterThread: Stopping: Config 3: Exp4 1-1
2026-05-04 21:55:32,159 INFO o.a.j.t.JMeterThread: Stopping: Config 3: Exp4 1-72
2026-05-04 21:55:32,483 INFO o.a.j.t.JMeterThread: Thread started: Config 3: Exp4 1-17
2026-05-04 21:55:32,484 INFO o.a.j.t.JMeterThread: Thread finished: Config 3: Exp4 1-17
2026-05-04 21:55:32,489 INFO o.a.j.t.JMeterThread: Thread started: Config 3: Exp4 1-18
2026-05-04 21:55:32,489 INFO o.a.j.t.JMeterThread: Thread started: Config 3: Exp4 1-24
2026-05-04 21:55:32,489 INFO o.a.j.t.JMeterThread: Thread started: Config 3: Exp4 1-29
2026-05-04 21:55:32,489 INFO o.a.j.t.JMeterThread: Thread started: Config 3: Exp4 1-28
2026-05-04 21:55:32,489 INFO o.a.j.t.JMeterThread: Thread started: Config 3: Exp4 1-26
2026-05-04 21:55:32,489 INFO o.a.j.t.JMeterThread: Thread started: Config 3: Exp4 1-31
2026-05-04 21:55:32,489 INFO o.a.j.t.JMeterThread: Thread started: Config 3: Exp4 1-30
2026-05-04 21:55:32,489 INFO o.a.j.t.JMeterThread: Thread started: Config 3: Exp4 1-22
2026-05-04 21:55:32,489 INFO o.a.j.t.JMeterThread: Thread finished: Config 3: Exp4 1-28
2026-05-04 21:55:32,489 INFO o.a.j.t.JMeterThread: Thread started: Config 3: Exp4 1-27
2026-05-04 21:55:32,489 INFO o.a.j.t.JMeterThread: Thread finished: Config 3: Exp4 1-26
2026-05-04 21:55:32,489 INFO o.a.j.t.JMeterThread: Thread finished: Config 3: Exp4 1-31
2026-05-04 21:55:32,489 INFO o.a.j.t.JMeterThread: Thread started: Config 3: Exp4 1-34
2026-05-04 21:55:32,489 INFO o.a.j.t.JMeterThread: Thread started: Config 3: Exp4 1-33
2026-05-04 21:55:32,490 INFO o.a.j.t.JMeterThread: Thread finished: Config 3: Exp4 1-24
2026-05-04 21:55:32,490 INFO o.a.j.t.JMeterThread: Thread finished: Config 3: Exp4 1-34
2026-05-04 21:55:32,490 INFO o.a.j.t.JMeterThread: Thread started: Config 3: Exp4 1-38
2026-05-04 21:55:32,490 INFO o.a.j.t.JMeterThread: Thread finished: Config 3: Exp4 1-33
2026-05-04 21:55:32,490 INFO o.a.j.t.JMeterThread: Thread started: Config 3: Exp4 1-39
2026-05-04 21:55:32,489 INFO o.a.j.t.JMeterThread: Thread started: Config 3: Exp4 1-25
2026-05-04 21:55:32,490 INFO o.a.j.t.JMeterThread: Thread finished: Config 3: Exp4 1-22
2026-05-04 21:55:32,489 INFO o.a.j.t.JMeterThread: Thread started: Config 3: Exp4 1-19
2026-05-04 21:55:32,489 INFO o.a.j.t.JMeterThread: Thread started: Config 3: Exp4 1-21
2026-05-04 21:55:32,489 INFO o.a.j.t.JMeterThread: Thread finished: Config 3: Exp4 1-29
2026-05-04 21:55:32,490 INFO o.a.j.t.JMeterThread: Thread started: Config 3: Exp4 1-35
2026-05-04 21:55:32,490 INFO o.a.j.t.JMeterThread: Thread started: Config 3: Exp4 1-36
2026-05-04 21:55:32,490 INFO o.a.j.t.JMeterThread: Thread finished: Config 3: Exp4 1-21
2026-05-04 21:55:32,490 INFO o.a.j.t.JMeterThread: Thread started: Config 3: Exp4 1-42
2026-05-04 21:55:32,489 INFO o.a.j.t.JMeterThread: Thread started: Config 3: Exp4 1-23
2026-05-04 21:55:32,490 INFO o.a.j.t.JMeterThread: Thread finished: Config 3: Exp4 1-30
2026-05-04 21:55:32,490 INFO o.a.j.t.JMeterThread: Thread started: Config 3: Exp4 1-43
2026-05-04 21:55:32,489 INFO o.a.j.t.JMeterThread: Thread finished: Config 3: Exp4 1-18
2026-05-04 21:55:32,490 INFO o.a.j.t.JMeterThread: Thread finished: Config 3: Exp4 1-36
2026-05-04 21:55:32,490 INFO o.a.j.t.JMeterThread: Thread started: Config 3: Exp4 1-20
2026-05-04 21:55:32,490 INFO o.a.j.t.JMeterThread: Thread started: Config 3: Exp4 1-44
2026-05-04 21:55:32,490 INFO o.a.j.t.JMeterThread: Thread finished: Config 3: Exp4 1-43
2026-05-04 21:55:32,490 INFO o.a.j.t.JMeterThread: Thread started: Config 3: Exp4 1-45
2026-05-04 21:55:32,490 INFO o.a.j.t.JMeterThread: Thread finished: Config 3: Exp4 1-19
2026-05-04 21:55:32,490 INFO o.a.j.t.JMeterThread: Thread finished: Config 3: Exp4 1-44
2026-05-04 21:55:32,490 INFO o.a.j.t.JMeterThread: Thread finished: Config 3: Exp4 1-39
2026-05-04 21:55:32,490 INFO o.a.j.t.JMeterThread: Thread finished: Config 3: Exp4 1-45
2026-05-04 21:55:32,490 INFO o.a.j.t.JMeterThread: Thread started: Config 3: Exp4 1-40
2026-05-04 21:55:32,491 INFO o.a.j.t.JMeterThread: Thread finished: Config 3: Exp4 1-35
2026-05-04 21:55:32,491 INFO o.a.j.t.JMeterThread: Thread finished: Config 3: Exp4 1-40
2026-05-04 21:55:32,489 INFO o.a.j.t.JMeterThread: Thread started: Config 3: Exp4 1-37
2026-05-04 21:55:32,489 INFO o.a.j.t.JMeterThread: Thread finished: Config 3: Exp4 1-27
2026-05-04 21:55:32,491 INFO o.a.j.t.JMeterThread: Thread finished: Config 3: Exp4 1-25
2026-05-04 21:55:32,491 INFO o.a.j.t.JMeterThread: Thread finished: Config 3: Exp4 1-38
2026-05-04 21:55:32,490 INFO o.a.j.t.JMeterThread: Thread finished: Config 3: Exp4 1-23
2026-05-04 21:55:32,491 INFO o.a.j.t.JMeterThread: Thread started: Config 3: Exp4 1-50
2026-05-04 21:55:32,491 INFO o.a.j.t.JMeterThread: Thread finished: Config 3: Exp4 1-37
2026-05-04 21:55:32,490 INFO o.a.j.t.JMeterThread: Thread started: Config 3: Exp4 1-41
2026-05-04 21:55:32,490 INFO o.a.j.t.JMeterThread: Thread finished: Config 3: Exp4 1-42
2026-05-04 21:55:32,491 INFO o.a.j.t.JMeterThread: Thread started: Config 3: Exp4 1-46
2026-05-04 21:55:32,491 INFO o.a.j.t.JMeterThread: Thread finished: Config 3: Exp4 1-41
2026-05-04 21:55:32,491 INFO o.a.j.t.JMeterThread: Thread started: Config 3: Exp4 1-47
2026-05-04 21:55:32,491 INFO o.a.j.t.JMeterThread: Thread finished: Config 3: Exp4 1-46
2026-05-04 21:55:32,491 INFO o.a.j.t.JMeterThread: Thread started: Config 3: Exp4 1-53
2026-05-04 21:55:32,491 INFO o.a.j.t.JMeterThread: Thread finished: Config 3: Exp4 1-20
2026-05-04 21:55:32,491 INFO o.a.j.t.JMeterThread: Thread finished: Config 3: Exp4 1-50
2026-05-04 21:55:32,491 INFO o.a.j.t.JMeterThread: Thread started: Config 3: Exp4 1-52
2026-05-04 21:55:32,491 INFO o.a.j.t.JMeterThread: Thread started: Config 3: Exp4 1-54
2026-05-04 21:55:32,491 INFO o.a.j.t.JMeterThread: Thread started: Config 3: Exp4 1-51
2026-05-04 21:55:32,491 INFO o.a.j.t.JMeterThread: Thread finished: Config 3: Exp4 1-47
2026-05-04 21:55:32,491 INFO o.a.j.t.JMeterThread: Thread started: Config 3: Exp4 1-49
2026-05-04 21:55:32,491 INFO o.a.j.t.JMeterThread: Thread finished: Config 3: Exp4 1-53
2026-05-04 21:55:32,491 INFO o.a.j.t.JMeterThread: Thread started: Config 3: Exp4 1-55
2026-05-04 21:55:32,491 INFO o.a.j.t.JMeterThread: Thread finished: Config 3: Exp4 1-54
2026-05-04 21:55:32,491 INFO o.a.j.t.JMeterThread: Thread started: Config 3: Exp4 1-57
2026-05-04 21:55:32,491 INFO o.a.j.t.JMeterThread: Thread finished: Config 3: Exp4 1-52
2026-05-04 21:55:32,492 INFO o.a.j.t.JMeterThread: Thread finished: Config 3: Exp4 1-51
2026-05-04 21:55:32,491 INFO o.a.j.t.JMeterThread: Thread started: Config 3: Exp4 1-32
2026-05-04 21:55:32,492 INFO o.a.j.t.JMeterThread: Thread started: Config 3: Exp4 1-56
2026-05-04 21:55:32,492 INFO o.a.j.t.JMeterThread: Thread started: Config 3: Exp4 1-58
2026-05-04 21:55:32,492 INFO o.a.j.t.JMeterThread: Thread finished: Config 3: Exp4 1-55
2026-05-04 21:55:32,491 INFO o.a.j.t.JMeterThread: Thread finished: Config 3: Exp4 1-49
2026-05-04 21:55:32,492 INFO o.a.j.t.JMeterThread: Thread finished: Config 3: Exp4 1-57
2026-05-04 21:55:32,492 INFO o.a.j.t.JMeterThread: Thread started: Config 3: Exp4 1-59
2026-05-04 21:55:32,492 INFO o.a.j.t.JMeterThread: Thread finished: Config 3: Exp4 1-32
2026-05-04 21:55:32,492 INFO o.a.j.t.JMeterThread: Thread finished: Config 3: Exp4 1-58
2026-05-04 21:55:32,492 INFO o.a.j.t.JMeterThread: Thread finished: Config 3: Exp4 1-59
2026-05-04 21:55:32,491 INFO o.a.j.t.JMeterThread: Thread started: Config 3: Exp4 1-48
2026-05-04 21:55:32,492 INFO o.a.j.t.JMeterThread: Thread started: Config 3: Exp4 1-60
2026-05-04 21:55:32,492 INFO o.a.j.t.JMeterThread: Thread finished: Config 3: Exp4 1-48
2026-05-04 21:55:32,492 INFO o.a.j.t.JMeterThread: Thread started: Config 3: Exp4 1-61
2026-05-04 21:55:32,492 INFO o.a.j.t.JMeterThread: Thread finished: Config 3: Exp4 1-56
2026-05-04 21:55:32,492 INFO o.a.j.t.JMeterThread: Thread started: Config 3: Exp4 1-62
2026-05-04 21:55:32,492 INFO o.a.j.t.JMeterThread: Thread finished: Config 3: Exp4 1-60
2026-05-04 21:55:32,492 INFO o.a.j.t.JMeterThread: Thread finished: Config 3: Exp4 1-62
2026-05-04 21:55:32,492 INFO o.a.j.t.JMeterThread: Thread finished: Config 3: Exp4 1-61
2026-05-04 21:55:32,492 INFO o.a.j.t.JMeterThread: Thread started: Config 3: Exp4 1-63
2026-05-04 21:55:32,492 INFO o.a.j.t.JMeterThread: Thread finished: Config 3: Exp4 1-63
2026-05-04 21:55:32,492 INFO o.a.j.t.JMeterThread: Thread started: Config 3: Exp4 1-65
2026-05-04 21:55:32,492 INFO o.a.j.t.JMeterThread: Thread started: Config 3: Exp4 1-66
2026-05-04 21:55:32,492 INFO o.a.j.t.JMeterThread: Thread finished: Config 3: Exp4 1-65
2026-05-04 21:55:32,492 INFO o.a.j.t.JMeterThread: Thread started: Config 3: Exp4 1-67
2026-05-04 21:55:32,492 INFO o.a.j.t.JMeterThread: Thread finished: Config 3: Exp4 1-66
2026-05-04 21:55:32,493 INFO o.a.j.t.JMeterThread: Thread finished: Config 3: Exp4 1-67
2026-05-04 21:55:32,493 INFO o.a.j.t.JMeterThread: Thread started: Config 3: Exp4 1-69
2026-05-04 21:55:32,493 INFO o.a.j.t.JMeterThread: Thread finished: Config 3: Exp4 1-69
2026-05-04 21:55:32,493 INFO o.a.j.t.JMeterThread: Thread started: Config 3: Exp4 1-72
2026-05-04 21:55:32,493 INFO o.a.j.t.JMeterThread: Thread started: Config 3: Exp4 1-73
2026-05-04 21:55:32,493 INFO o.a.j.t.JMeterThread: Thread started: Config 3: Exp4 1-70
2026-05-04 21:55:32,493 INFO o.a.j.t.JMeterThread: Thread finished: Config 3: Exp4 1-72
2026-05-04 21:55:32,493 INFO o.a.j.t.JMeterThread: Thread finished: Config 3: Exp4 1-73
2026-05-04 21:55:32,493 INFO o.a.j.t.JMeterThread: Thread finished: Config 3: Exp4 1-70
2026-05-04 21:55:32,493 INFO o.a.j.t.JMeterThread: Thread started: Config 3: Exp4 1-74
2026-05-04 21:55:32,493 INFO o.a.j.t.JMeterThread: Thread finished: Config 3: Exp4 1-74
2026-05-04 21:55:32,494 INFO o.a.j.t.JMeterThread: Thread started: Config 3: Exp4 1-78
2026-05-04 21:55:32,494 INFO o.a.j.t.JMeterThread: Thread finished: Config 3: Exp4 1-78
2026-05-04 21:55:32,494 INFO o.a.j.t.JMeterThread: Thread started: Config 3: Exp4 1-68
2026-05-04 21:55:32,494 INFO o.a.j.t.JMeterThread: Thread started: Config 3: Exp4 1-64
2026-05-04 21:55:32,494 INFO o.a.j.t.JMeterThread: Thread started: Config 3: Exp4 1-71
2026-05-04 21:55:32,495 INFO o.a.j.t.JMeterThread: Thread finished: Config 3: Exp4 1-68
2026-05-04 21:55:32,494 INFO o.a.j.t.JMeterThread: Thread started: Config 3: Exp4 1-76
2026-05-04 21:55:32,494 INFO o.a.j.t.JMeterThread: Thread started: Config 3: Exp4 1-77
2026-05-04 21:55:32,495 INFO o.a.j.t.JMeterThread: Thread started: Config 3: Exp4 1-79
2026-05-04 21:55:32,495 INFO o.a.j.t.JMeterThread: Thread finished: Config 3: Exp4 1-64
2026-05-04 21:55:32,494 INFO o.a.j.t.JMeterThread: Thread started: Config 3: Exp4 1-75
2026-05-04 21:55:32,495 INFO o.a.j.t.JMeterThread: Thread finished: Config 3: Exp4 1-71
2026-05-04 21:55:32,495 INFO o.a.j.t.JMeterThread: Thread finished: Config 3: Exp4 1-79
2026-05-04 21:55:32,495 INFO o.a.j.t.JMeterThread: Thread finished: Config 3: Exp4 1-77
2026-05-04 21:55:32,495 INFO o.a.j.t.JMeterThread: Thread finished: Config 3: Exp4 1-75
2026-05-04 21:55:32,495 INFO o.a.j.t.JMeterThread: Thread finished: Config 3: Exp4 1-76
2026-05-04 21:55:32,496 INFO o.a.j.t.JMeterThread: Thread started: Config 3: Exp4 1-80
2026-05-04 21:55:32,496 INFO o.a.j.t.JMeterThread: Thread finished: Config 3: Exp4 1-80
2026-05-04 21:55:37,772 INFO o.a.j.g.a.Start: Shutting test down
2026-05-04 21:55:41,792 INFO o.a.j.g.a.Start: Stopping test
2026-05-04 21:55:41,800 INFO o.a.j.t.JMeterThread: Stopping: Config 3: Exp4 1-11
2026-05-04 21:55:41,800 WARN o.a.j.t.JMeterThread: Interrupting: Config 3: Exp4 1-11 sampler: HTTP Request
2026-05-04 21:55:41,801 INFO o.a.j.t.JMeterThread: Stopping: Config 3: Exp4 1-10
2026-05-04 21:55:41,801 WARN o.a.j.t.JMeterThread: Interrupting: Config 3: Exp4 1-10 sampler: HTTP Request
2026-05-04 21:55:41,801 INFO o.a.j.t.JMeterThread: Stopping: Config 3: Exp4 1-9
2026-05-04 21:55:41,801 WARN o.a.j.t.JMeterThread: Interrupting: Config 3: Exp4 1-9 sampler: HTTP Request
2026-05-04 21:55:41,801 INFO o.a.j.t.JMeterThread: Stopping: Config 3: Exp4 1-12
2026-05-04 21:55:41,801 WARN o.a.j.t.JMeterThread: Interrupting: Config 3: Exp4 1-12 sampler: HTTP Request
2026-05-04 21:55:41,801 INFO o.a.j.t.JMeterThread: Stopping: Config 3: Exp4 1-15
2026-05-04 21:55:41,801 WARN o.a.j.t.JMeterThread: Interrupting: Config 3: Exp4 1-15 sampler: HTTP Request
2026-05-04 21:55:41,801 INFO o.a.j.t.JMeterThread: Stopping: Config 3: Exp4 1-5
2026-05-04 21:55:41,801 WARN o.a.j.t.JMeterThread: Interrupting: Config 3: Exp4 1-5 sampler: HTTP Request
2026-05-04 21:55:41,801 INFO o.a.j.t.JMeterThread: Stopping: Config 3: Exp4 1-6
2026-05-04 21:55:41,801 WARN o.a.j.t.JMeterThread: Interrupting: Config 3: Exp4 1-6 sampler: HTTP Request
2026-05-04 21:55:41,801 INFO o.a.j.t.JMeterThread: Stopping: Config 3: Exp4 1-14
2026-05-04 21:55:41,801 WARN o.a.j.t.JMeterThread: Interrupting: Config 3: Exp4 1-14 sampler: HTTP Request
2026-05-04 21:55:41,801 INFO o.a.j.t.JMeterThread: Stopping: Config 3: Exp4 1-8
2026-05-04 21:55:41,801 WARN o.a.j.t.JMeterThread: Interrupting: Config 3: Exp4 1-8 sampler: HTTP Request
2026-05-04 21:55:41,801 INFO o.a.j.t.JMeterThread: Stopping: Config 3: Exp4 1-2
2026-05-04 21:55:41,801 WARN o.a.j.t.JMeterThread: Interrupting: Config 3: Exp4 1-2 sampler: HTTP Request
2026-05-04 21:55:41,801 INFO o.a.j.t.JMeterThread: Stopping: Config 3: Exp4 1-4
2026-05-04 21:55:41,801 WARN o.a.j.t.JMeterThread: Interrupting: Config 3: Exp4 1-4 sampler: HTTP Request
2026-05-04 21:55:41,801 INFO o.a.j.t.JMeterThread: Stopping: Config 3: Exp4 1-16
2026-05-04 21:55:41,801 WARN o.a.j.t.JMeterThread: Interrupting: Config 3: Exp4 1-16 sampler: HTTP Request
2026-05-04 21:55:41,801 INFO o.a.j.t.JMeterThread: Stopping: Config 3: Exp4 1-3
2026-05-04 21:55:41,801 WARN o.a.j.t.JMeterThread: Interrupting: Config 3: Exp4 1-3 sampler: HTTP Request
2026-05-04 21:55:41,801 INFO o.a.j.t.JMeterThread: Stopping: Config 3: Exp4 1-7
2026-05-04 21:55:41,801 WARN o.a.j.t.JMeterThread: Interrupting: Config 3: Exp4 1-7 sampler: HTTP Request
2026-05-04 21:55:41,802 INFO o.a.j.t.JMeterThread: Stopping: Config 3: Exp4 1-13
2026-05-04 21:55:41,802 WARN o.a.j.t.JMeterThread: Interrupting: Config 3: Exp4 1-13 sampler: HTTP Request
2026-05-04 21:55:41,802 INFO o.a.j.t.JMeterThread: Stopping: Config 3: Exp4 1-1
2026-05-04 21:55:41,802 WARN o.a.j.t.JMeterThread: Interrupting: Config 3: Exp4 1-1 sampler: HTTP Request
2026-05-04 21:55:41,803 INFO o.a.j.t.JMeterThread: Thread finished: Config 3: Exp4 1-11
2026-05-04 21:55:41,803 INFO o.a.j.t.JMeterThread: Thread finished: Config 3: Exp4 1-8
2026-05-04 21:55:41,803 INFO o.a.j.t.JMeterThread: Thread finished: Config 3: Exp4 1-6
2026-05-04 21:55:41,803 INFO o.a.j.t.JMeterThread: Thread finished: Config 3: Exp4 1-15
2026-05-04 21:55:41,804 INFO o.a.j.t.JMeterThread: Thread finished: Config 3: Exp4 1-16
2026-05-04 21:55:41,804 INFO o.a.j.t.JMeterThread: Thread finished: Config 3: Exp4 1-7
2026-05-04 21:55:41,804 INFO o.a.j.t.JMeterThread: Thread finished: Config 3: Exp4 1-12
2026-05-04 21:55:41,803 INFO o.a.j.t.JMeterThread: Thread finished: Config 3: Exp4 1-9
2026-05-04 21:55:41,803 INFO o.a.j.t.JMeterThread: Thread finished: Config 3: Exp4 1-2
2026-05-04 21:55:41,804 INFO o.a.j.t.JMeterThread: Thread finished: Config 3: Exp4 1-10
2026-05-04 21:55:41,804 INFO o.a.j.t.JMeterThread: Thread finished: Config 3: Exp4 1-13
2026-05-04 21:55:41,804 INFO o.a.j.t.JMeterThread: Thread finished: Config 3: Exp4 1-1
2026-05-04 21:55:41,804 INFO o.a.j.t.JMeterThread: Thread finished: Config 3: Exp4 1-3
2026-05-04 21:55:41,804 INFO o.a.j.t.JMeterThread: Thread finished: Config 3: Exp4 1-5
2026-05-04 21:55:41,804 INFO o.a.j.t.JMeterThread: Thread finished: Config 3: Exp4 1-4
2026-05-04 21:55:41,803 INFO o.a.j.t.JMeterThread: Thread finished: Config 3: Exp4 1-14
2026-05-04 21:55:41,805 INFO o.a.j.e.StandardJMeterEngine: Notifying test listeners of end of test
2026-05-04 21:55:41,805 INFO o.a.j.g.u.JMeterMenuBar: setRunning(false, *local*)
2026-05-04 21:56:09,070 INFO o.a.j.e.StandardJMeterEngine: Running the test!
2026-05-04 21:56:09,071 INFO o.a.j.s.SampleEvent: List of sample_variables: []
2026-05-04 21:56:09,072 INFO o.a.j.g.u.JMeterMenuBar: setRunning(true, *local*)
2026-05-04 21:56:09,139 INFO o.a.j.e.StandardJMeterEngine: Starting ThreadGroup: 1 : Config 3: Exp4
2026-05-04 21:56:09,140 INFO o.a.j.e.StandardJMeterEngine: Starting 80 threads for group Config 3: Exp4.
2026-05-04 21:56:09,140 INFO o.a.j.e.StandardJMeterEngine: Thread will continue on error
2026-05-04 21:56:09,140 INFO o.a.j.t.ThreadGroup: Starting thread group... number=1 threads=80 ramp-up=100 delayedStart=false
2026-05-04 21:56:09,141 INFO o.a.j.t.JMeterThread: Thread started: Config 3: Exp4 1-1
2026-05-04 21:56:09,148 INFO o.a.j.t.ThreadGroup: Started thread group number 1
2026-05-04 21:56:09,148 INFO o.a.j.e.StandardJMeterEngine: All thread groups have been started
2026-05-04 21:56:10,391 INFO o.a.j.t.JMeterThread: Thread started: Config 3: Exp4 1-2
2026-05-04 21:56:11,641 INFO o.a.j.t.JMeterThread: Thread started: Config 3: Exp4 1-3
2026-05-04 21:56:12,890 INFO o.a.j.t.JMeterThread: Thread started: Config 3: Exp4 1-4
2026-05-04 21:56:14,140 INFO o.a.j.t.JMeterThread: Thread started: Config 3: Exp4 1-5
2026-05-04 21:56:15,391 INFO o.a.j.t.JMeterThread: Thread started: Config 3: Exp4 1-6
2026-05-04 21:56:16,640 INFO o.a.j.t.JMeterThread: Thread started: Config 3: Exp4 1-7
2026-05-04 21:56:17,890 INFO o.a.j.t.JMeterThread: Thread started: Config 3: Exp4 1-8
2026-05-04 21:56:19,141 INFO o.a.j.t.JMeterThread: Thread started: Config 3: Exp4 1-9
2026-05-04 21:56:20,392 INFO o.a.j.t.JMeterThread: Thread started: Config 3: Exp4 1-10
2026-05-04 21:56:21,640 INFO o.a.j.t.JMeterThread: Thread started: Config 3: Exp4 1-11
2026-05-04 21:56:22,890 INFO o.a.j.t.JMeterThread: Thread started: Config 3: Exp4 1-12
2026-05-04 21:56:24,140 INFO o.a.j.t.JMeterThread: Thread started: Config 3: Exp4 1-13
2026-05-04 21:56:25,391 INFO o.a.j.t.JMeterThread: Thread started: Config 3: Exp4 1-14
2026-05-04 21:56:26,640 INFO o.a.j.t.JMeterThread: Thread started: Config 3: Exp4 1-15
2026-05-04 21:56:27,891 INFO o.a.j.t.JMeterThread: Thread started: Config 3: Exp4 1-16
2026-05-04 21:56:28,116 INFO o.a.j.g.a.Start: Stopping test
2026-05-04 21:56:28,118 INFO o.a.j.t.JMeterThread: Stopping: Config 3: Exp4 1-59
2026-05-04 21:56:28,118 INFO o.a.j.t.JMeterThread: Stopping: Config 3: Exp4 1-5
2026-05-04 21:56:28,118 INFO o.a.j.t.JMeterThread: Stopping: Config 3: Exp4 1-63
2026-05-04 21:56:28,118 INFO o.a.j.t.JMeterThread: Stopping: Config 3: Exp4 1-50
2026-05-04 21:56:28,118 INFO o.a.j.t.JMeterThread: Stopping: Config 3: Exp4 1-62
2026-05-04 21:56:28,118 INFO o.a.j.t.JMeterThread: Stopping: Config 3: Exp4 1-11
2026-05-04 21:56:28,118 WARN o.a.j.t.JMeterThread: Interrupting: Config 3: Exp4 1-11 sampler: HTTP Request
2026-05-04 21:56:28,119 INFO o.a.j.t.JMeterThread: Stopping: Config 3: Exp4 1-13
2026-05-04 21:56:28,119 INFO o.a.j.t.JMeterThread: Stopping: Config 3: Exp4 1-4
2026-05-04 21:56:28,119 WARN o.a.j.t.JMeterThread: Interrupting: Config 3: Exp4 1-4 sampler: HTTP Request
2026-05-04 21:56:28,119 INFO o.a.j.t.JMeterThread: Stopping: Config 3: Exp4 1-33
2026-05-04 21:56:28,119 INFO o.a.j.t.JMeterThread: Stopping: Config 3: Exp4 1-52
2026-05-04 21:56:28,119 INFO o.a.j.t.JMeterThread: Stopping: Config 3: Exp4 1-41
2026-05-04 21:56:28,119 INFO o.a.j.t.JMeterThread: Stopping: Config 3: Exp4 1-45
2026-05-04 21:56:28,119 INFO o.a.j.t.JMeterThread: Stopping: Config 3: Exp4 1-20
2026-05-04 21:56:28,119 INFO o.a.j.t.JMeterThread: Stopping: Config 3: Exp4 1-51
2026-05-04 21:56:28,119 INFO o.a.j.t.JMeterThread: Stopping: Config 3: Exp4 1-54
2026-05-04 21:56:28,119 INFO o.a.j.t.JMeterThread: Stopping: Config 3: Exp4 1-79
2026-05-04 21:56:28,119 INFO o.a.j.t.JMeterThread: Stopping: Config 3: Exp4 1-21
2026-05-04 21:56:28,119 INFO o.a.j.t.JMeterThread: Stopping: Config 3: Exp4 1-8
2026-05-04 21:56:28,119 INFO o.a.j.t.JMeterThread: Stopping: Config 3: Exp4 1-49
2026-05-04 21:56:28,119 INFO o.a.j.t.JMeterThread: Thread started: Config 3: Exp4 1-59
2026-05-04 21:56:28,119 INFO o.a.j.t.JMeterThread: Stopping: Config 3: Exp4 1-74
2026-05-04 21:56:28,119 WARN o.a.j.t.JMeterThread: The delay timer was interrupted - probably did not wait as long as intended.
2026-05-04 21:56:28,119 INFO o.a.j.t.JMeterThread: Stopping: Config 3: Exp4 1-10
2026-05-04 21:56:28,119 INFO o.a.j.t.JMeterThread: Thread started: Config 3: Exp4 1-54
2026-05-04 21:56:28,119 INFO o.a.j.t.JMeterThread: Stopping: Config 3: Exp4 1-27
2026-05-04 21:56:28,119 INFO o.a.j.t.JMeterThread: Thread started: Config 3: Exp4 1-51
2026-05-04 21:56:28,119 INFO o.a.j.t.JMeterThread: Thread finished: Config 3: Exp4 1-5
2026-05-04 21:56:28,119 INFO o.a.j.t.JMeterThread: Thread finished: Config 3: Exp4 1-54
2026-05-04 21:56:28,119 WARN o.a.j.t.JMeterThread: The delay timer was interrupted - probably did not wait as long as intended.
2026-05-04 21:56:28,119 WARN o.a.j.t.JMeterThread: The delay timer was interrupted - probably did not wait as long as intended.
2026-05-04 21:56:28,119 INFO o.a.j.t.JMeterThread: Thread finished: Config 3: Exp4 1-51
2026-05-04 21:56:28,119 INFO o.a.j.t.JMeterThread: Thread finished: Config 3: Exp4 1-13
2026-05-04 21:56:28,119 INFO o.a.j.t.JMeterThread: Thread started: Config 3: Exp4 1-50
2026-05-04 21:56:28,119 INFO o.a.j.t.JMeterThread: Thread started: Config 3: Exp4 1-20
2026-05-04 21:56:28,119 INFO o.a.j.t.JMeterThread: Thread finished: Config 3: Exp4 1-20
2026-05-04 21:56:28,119 INFO o.a.j.t.JMeterThread: Thread finished: Config 3: Exp4 1-50
2026-05-04 21:56:28,119 INFO o.a.j.t.JMeterThread: Thread started: Config 3: Exp4 1-62
2026-05-04 21:56:28,119 INFO o.a.j.t.JMeterThread: Thread started: Config 3: Exp4 1-33
2026-05-04 21:56:28,119 INFO o.a.j.t.JMeterThread: Thread finished: Config 3: Exp4 1-62
2026-05-04 21:56:28,119 INFO o.a.j.t.JMeterThread: Thread started: Config 3: Exp4 1-63
2026-05-04 21:56:28,119 INFO o.a.j.t.JMeterThread: Thread started: Config 3: Exp4 1-45
2026-05-04 21:56:28,119 INFO o.a.j.t.JMeterThread: Thread finished: Config 3: Exp4 1-33
2026-05-04 21:56:28,119 INFO o.a.j.t.JMeterThread: Thread finished: Config 3: Exp4 1-45
2026-05-04 21:56:28,119 INFO o.a.j.t.JMeterThread: Thread finished: Config 3: Exp4 1-63
2026-05-04 21:56:28,119 INFO o.a.j.t.JMeterThread: Thread finished: Config 3: Exp4 1-4
2026-05-04 21:56:28,119 INFO o.a.j.t.JMeterThread: Thread started: Config 3: Exp4 1-49
2026-05-04 21:56:28,119 INFO o.a.j.t.JMeterThread: Thread finished: Config 3: Exp4 1-49
2026-05-04 21:56:28,119 INFO o.a.j.t.JMeterThread: Thread started: Config 3: Exp4 1-79
2026-05-04 21:56:28,119 INFO o.a.j.t.JMeterThread: Thread started: Config 3: Exp4 1-74
2026-05-04 21:56:28,119 INFO o.a.j.t.JMeterThread: Thread finished: Config 3: Exp4 1-79
2026-05-04 21:56:28,120 INFO o.a.j.t.JMeterThread: Thread finished: Config 3: Exp4 1-8
2026-05-04 21:56:28,119 INFO o.a.j.t.JMeterThread: Thread finished: Config 3: Exp4 1-59
2026-05-04 21:56:28,120 INFO o.a.j.t.JMeterThread: Thread finished: Config 3: Exp4 1-74
2026-05-04 21:56:28,119 WARN o.a.j.t.JMeterThread: The delay timer was interrupted - probably did not wait as long as intended.
2026-05-04 21:56:28,120 INFO o.a.j.t.JMeterThread: Thread finished: Config 3: Exp4 1-10
2026-05-04 21:56:28,119 INFO o.a.j.t.JMeterThread: Thread started: Config 3: Exp4 1-52
2026-05-04 21:56:28,119 INFO o.a.j.t.JMeterThread: Thread started: Config 3: Exp4 1-41
2026-05-04 21:56:28,119 INFO o.a.j.t.JMeterThread: Thread started: Config 3: Exp4 1-21
2026-05-04 21:56:28,120 INFO o.a.j.t.JMeterThread: Thread finished: Config 3: Exp4 1-52
2026-05-04 21:56:28,120 INFO o.a.j.t.JMeterThread: Thread finished: Config 3: Exp4 1-41
2026-05-04 21:56:28,120 INFO o.a.j.t.JMeterThread: Stopping: Config 3: Exp4 1-76
2026-05-04 21:56:28,120 INFO o.a.j.t.JMeterThread: Stopping: Config 3: Exp4 1-65
2026-05-04 21:56:28,119 INFO o.a.j.t.JMeterThread: Thread finished: Config 3: Exp4 1-11
2026-05-04 21:56:28,120 INFO o.a.j.t.JMeterThread: Stopping: Config 3: Exp4 1-2
2026-05-04 21:56:28,120 INFO o.a.j.t.JMeterThread: Thread started: Config 3: Exp4 1-27
2026-05-04 21:56:28,120 INFO o.a.j.t.JMeterThread: Thread finished: Config 3: Exp4 1-21
2026-05-04 21:56:28,120 INFO o.a.j.t.JMeterThread: Stopping: Config 3: Exp4 1-40
2026-05-04 21:56:28,120 INFO o.a.j.t.JMeterThread: Stopping: Config 3: Exp4 1-61
2026-05-04 21:56:28,120 INFO o.a.j.t.JMeterThread: Stopping: Config 3: Exp4 1-9
2026-05-04 21:56:28,120 INFO o.a.j.t.JMeterThread: Stopping: Config 3: Exp4 1-18
2026-05-04 21:56:28,120 INFO o.a.j.t.JMeterThread: Thread finished: Config 3: Exp4 1-27
2026-05-04 21:56:28,120 INFO o.a.j.t.JMeterThread: Stopping: Config 3: Exp4 1-39
2026-05-04 21:56:28,120 INFO o.a.j.t.JMeterThread: Thread started: Config 3: Exp4 1-65
2026-05-04 21:56:28,120 WARN o.a.j.t.JMeterThread: The delay timer was interrupted - probably did not wait as long as intended.
2026-05-04 21:56:28,120 INFO o.a.j.t.JMeterThread: Stopping: Config 3: Exp4 1-43
2026-05-04 21:56:28,120 WARN o.a.j.t.JMeterThread: The delay timer was interrupted - probably did not wait as long as intended.
2026-05-04 21:56:28,120 INFO o.a.j.t.JMeterThread: Stopping: Config 3: Exp4 1-44
2026-05-04 21:56:28,120 INFO o.a.j.t.JMeterThread: Thread started: Config 3: Exp4 1-76
2026-05-04 21:56:28,120 INFO o.a.j.t.JMeterThread: Stopping: Config 3: Exp4 1-37
2026-05-04 21:56:28,120 INFO o.a.j.t.JMeterThread: Thread started: Config 3: Exp4 1-40
2026-05-04 21:56:28,120 INFO o.a.j.t.JMeterThread: Thread finished: Config 3: Exp4 1-65
2026-05-04 21:56:28,120 INFO o.a.j.t.JMeterThread: Thread started: Config 3: Exp4 1-61
2026-05-04 21:56:28,120 INFO o.a.j.t.JMeterThread: Thread started: Config 3: Exp4 1-44
2026-05-04 21:56:28,120 INFO o.a.j.t.JMeterThread: Thread started: Config 3: Exp4 1-39
2026-05-04 21:56:28,120 INFO o.a.j.t.JMeterThread: Thread finished: Config 3: Exp4 1-9
2026-05-04 21:56:28,121 INFO o.a.j.t.JMeterThread: Thread started: Config 3: Exp4 1-43
2026-05-04 21:56:28,120 INFO o.a.j.t.JMeterThread: Thread started: Config 3: Exp4 1-18
2026-05-04 21:56:28,121 INFO o.a.j.t.JMeterThread: Thread finished: Config 3: Exp4 1-44
2026-05-04 21:56:28,121 INFO o.a.j.t.JMeterThread: Thread finished: Config 3: Exp4 1-76
2026-05-04 21:56:28,121 INFO o.a.j.t.JMeterThread: Thread finished: Config 3: Exp4 1-61
2026-05-04 21:56:28,121 INFO o.a.j.t.JMeterThread: Thread finished: Config 3: Exp4 1-40
2026-05-04 21:56:28,121 INFO o.a.j.t.JMeterThread: Stopping: Config 3: Exp4 1-26
2026-05-04 21:56:28,121 INFO o.a.j.t.JMeterThread: Stopping: Config 3: Exp4 1-53
2026-05-04 21:56:28,121 INFO o.a.j.t.JMeterThread: Thread finished: Config 3: Exp4 1-43
2026-05-04 21:56:28,121 INFO o.a.j.t.JMeterThread: Thread finished: Config 3: Exp4 1-18
2026-05-04 21:56:28,121 INFO o.a.j.t.JMeterThread: Thread started: Config 3: Exp4 1-37
2026-05-04 21:56:28,121 INFO o.a.j.t.JMeterThread: Stopping: Config 3: Exp4 1-46
2026-05-04 21:56:28,121 INFO o.a.j.t.JMeterThread: Thread finished: Config 3: Exp4 1-39
2026-05-04 21:56:28,121 INFO o.a.j.t.JMeterThread: Stopping: Config 3: Exp4 1-55
2026-05-04 21:56:28,121 INFO o.a.j.t.JMeterThread: Thread started: Config 3: Exp4 1-26
2026-05-04 21:56:28,121 INFO o.a.j.t.JMeterThread: Stopping: Config 3: Exp4 1-17
2026-05-04 21:56:28,121 INFO o.a.j.t.JMeterThread: Thread finished: Config 3: Exp4 1-2
2026-05-04 21:56:28,121 INFO o.a.j.t.JMeterThread: Stopping: Config 3: Exp4 1-29
2026-05-04 21:56:28,121 INFO o.a.j.t.JMeterThread: Thread started: Config 3: Exp4 1-53
2026-05-04 21:56:28,121 INFO o.a.j.t.JMeterThread: Thread started: Config 3: Exp4 1-46
2026-05-04 21:56:28,121 INFO o.a.j.t.JMeterThread: Thread started: Config 3: Exp4 1-55
2026-05-04 21:56:28,121 INFO o.a.j.t.JMeterThread: Stopping: Config 3: Exp4 1-35
2026-05-04 21:56:28,121 INFO o.a.j.t.JMeterThread: Thread started: Config 3: Exp4 1-17
2026-05-04 21:56:28,122 INFO o.a.j.t.JMeterThread: Thread finished: Config 3: Exp4 1-53
2026-05-04 21:56:28,121 INFO o.a.j.t.JMeterThread: Thread started: Config 3: Exp4 1-29
2026-05-04 21:56:28,122 INFO o.a.j.t.JMeterThread: Thread finished: Config 3: Exp4 1-37
2026-05-04 21:56:28,121 INFO o.a.j.t.JMeterThread: Stopping: Config 3: Exp4 1-56
2026-05-04 21:56:28,122 INFO o.a.j.t.JMeterThread: Stopping: Config 3: Exp4 1-67
2026-05-04 21:56:28,121 INFO o.a.j.t.JMeterThread: Thread finished: Config 3: Exp4 1-26
2026-05-04 21:56:28,122 INFO o.a.j.t.JMeterThread: Thread finished: Config 3: Exp4 1-17
2026-05-04 21:56:28,122 INFO o.a.j.t.JMeterThread: Thread started: Config 3: Exp4 1-35
2026-05-04 21:56:28,122 INFO o.a.j.t.JMeterThread: Thread finished: Config 3: Exp4 1-55
2026-05-04 21:56:28,122 INFO o.a.j.t.JMeterThread: Stopping: Config 3: Exp4 1-25
2026-05-04 21:56:28,122 INFO o.a.j.t.JMeterThread: Thread finished: Config 3: Exp4 1-29
2026-05-04 21:56:28,122 INFO o.a.j.t.JMeterThread: Thread started: Config 3: Exp4 1-67
2026-05-04 21:56:28,122 INFO o.a.j.t.JMeterThread: Stopping: Config 3: Exp4 1-73
2026-05-04 21:56:28,122 INFO o.a.j.t.JMeterThread: Thread finished: Config 3: Exp4 1-35
2026-05-04 21:56:28,122 INFO o.a.j.t.JMeterThread: Thread finished: Config 3: Exp4 1-67
2026-05-04 21:56:28,122 INFO o.a.j.t.JMeterThread: Thread finished: Config 3: Exp4 1-46
2026-05-04 21:56:28,122 INFO o.a.j.t.JMeterThread: Stopping: Config 3: Exp4 1-24
2026-05-04 21:56:28,122 INFO o.a.j.t.JMeterThread: Stopping: Config 3: Exp4 1-47
2026-05-04 21:56:28,122 INFO o.a.j.t.JMeterThread: Thread started: Config 3: Exp4 1-56
2026-05-04 21:56:28,122 INFO o.a.j.t.JMeterThread: Stopping: Config 3: Exp4 1-31
2026-05-04 21:56:28,122 INFO o.a.j.t.JMeterThread: Thread started: Config 3: Exp4 1-73
2026-05-04 21:56:28,122 INFO o.a.j.t.JMeterThread: Thread started: Config 3: Exp4 1-25
2026-05-04 21:56:28,122 INFO o.a.j.t.JMeterThread: Stopping: Config 3: Exp4 1-12
2026-05-04 21:56:28,122 INFO o.a.j.t.JMeterThread: Stopping: Config 3: Exp4 1-7
2026-05-04 21:56:28,122 INFO o.a.j.t.JMeterThread: Stopping: Config 3: Exp4 1-69
2026-05-04 21:56:28,122 WARN o.a.j.t.JMeterThread: The delay timer was interrupted - probably did not wait as long as intended.
2026-05-04 21:56:28,122 INFO o.a.j.t.JMeterThread: Thread started: Config 3: Exp4 1-24
2026-05-04 21:56:28,122 INFO o.a.j.t.JMeterThread: Stopping: Config 3: Exp4 1-14
2026-05-04 21:56:28,122 INFO o.a.j.t.JMeterThread: Thread started: Config 3: Exp4 1-31
2026-05-04 21:56:28,122 INFO o.a.j.t.JMeterThread: Thread finished: Config 3: Exp4 1-24
2026-05-04 21:56:28,122 INFO o.a.j.t.JMeterThread: Thread started: Config 3: Exp4 1-47
2026-05-04 21:56:28,122 INFO o.a.j.t.JMeterThread: Stopping: Config 3: Exp4 1-77
2026-05-04 21:56:28,122 INFO o.a.j.t.JMeterThread: Thread finished: Config 3: Exp4 1-73
2026-05-04 21:56:28,123 WARN o.a.j.t.JMeterThread: The delay timer was interrupted - probably did not wait as long as intended.
2026-05-04 21:56:28,122 INFO o.a.j.t.JMeterThread: Thread finished: Config 3: Exp4 1-12
2026-05-04 21:56:28,123 INFO o.a.j.t.JMeterThread: Thread finished: Config 3: Exp4 1-31
2026-05-04 21:56:28,123 INFO o.a.j.t.JMeterThread: Thread finished: Config 3: Exp4 1-14
2026-05-04 21:56:28,122 INFO o.a.j.t.JMeterThread: Thread finished: Config 3: Exp4 1-25
2026-05-04 21:56:28,123 INFO o.a.j.t.JMeterThread: Thread started: Config 3: Exp4 1-77
2026-05-04 21:56:28,122 INFO o.a.j.t.JMeterThread: Thread finished: Config 3: Exp4 1-56
2026-05-04 21:56:28,123 INFO o.a.j.t.JMeterThread: Thread finished: Config 3: Exp4 1-47
2026-05-04 21:56:28,122 INFO o.a.j.t.JMeterThread: Thread started: Config 3: Exp4 1-69
2026-05-04 21:56:28,123 INFO o.a.j.t.JMeterThread: Stopping: Config 3: Exp4 1-75
2026-05-04 21:56:28,122 WARN o.a.j.t.JMeterThread: The delay timer was interrupted - probably did not wait as long as intended.
2026-05-04 21:56:28,123 INFO o.a.j.t.JMeterThread: Thread finished: Config 3: Exp4 1-77
2026-05-04 21:56:28,123 INFO o.a.j.t.JMeterThread: Stopping: Config 3: Exp4 1-48
2026-05-04 21:56:28,123 INFO o.a.j.t.JMeterThread: Thread finished: Config 3: Exp4 1-69
2026-05-04 21:56:28,123 INFO o.a.j.t.JMeterThread: Stopping: Config 3: Exp4 1-72
2026-05-04 21:56:28,123 INFO o.a.j.t.JMeterThread: Thread finished: Config 3: Exp4 1-7
2026-05-04 21:56:28,123 INFO o.a.j.t.JMeterThread: Stopping: Config 3: Exp4 1-78
2026-05-04 21:56:28,123 INFO o.a.j.t.JMeterThread: Stopping: Config 3: Exp4 1-6
2026-05-04 21:56:28,123 INFO o.a.j.t.JMeterThread: Stopping: Config 3: Exp4 1-71
2026-05-04 21:56:28,123 INFO o.a.j.t.JMeterThread: Thread started: Config 3: Exp4 1-75
2026-05-04 21:56:28,123 INFO o.a.j.t.JMeterThread: Stopping: Config 3: Exp4 1-60
2026-05-04 21:56:28,123 INFO o.a.j.t.JMeterThread: Thread started: Config 3: Exp4 1-48
2026-05-04 21:56:28,123 WARN o.a.j.t.JMeterThread: The delay timer was interrupted - probably did not wait as long as intended.
2026-05-04 21:56:28,123 INFO o.a.j.t.JMeterThread: Thread started: Config 3: Exp4 1-78
2026-05-04 21:56:28,123 INFO o.a.j.t.JMeterThread: Stopping: Config 3: Exp4 1-16
2026-05-04 21:56:28,123 INFO o.a.j.t.JMeterThread: Thread finished: Config 3: Exp4 1-6
2026-05-04 21:56:28,123 INFO o.a.j.t.JMeterThread: Thread finished: Config 3: Exp4 1-75
2026-05-04 21:56:28,123 INFO o.a.j.t.JMeterThread: Thread started: Config 3: Exp4 1-72
2026-05-04 21:56:28,123 WARN o.a.j.t.JMeterThread: Interrupting: Config 3: Exp4 1-16 sampler: HTTP Request
2026-05-04 21:56:28,123 INFO o.a.j.t.JMeterThread: Thread started: Config 3: Exp4 1-71
2026-05-04 21:56:28,123 INFO o.a.j.t.JMeterThread: Thread finished: Config 3: Exp4 1-48
2026-05-04 21:56:28,123 INFO o.a.j.t.JMeterThread: Stopping: Config 3: Exp4 1-36
2026-05-04 21:56:28,123 INFO o.a.j.t.JMeterThread: Thread started: Config 3: Exp4 1-60
2026-05-04 21:56:28,123 INFO o.a.j.t.JMeterThread: Thread finished: Config 3: Exp4 1-78
2026-05-04 21:56:28,124 INFO o.a.j.t.JMeterThread: Stopping: Config 3: Exp4 1-38
2026-05-04 21:56:28,124 INFO o.a.j.t.JMeterThread: Thread finished: Config 3: Exp4 1-71
2026-05-04 21:56:28,124 INFO o.a.j.t.JMeterThread: Stopping: Config 3: Exp4 1-23
2026-05-04 21:56:28,124 INFO o.a.j.t.JMeterThread: Thread finished: Config 3: Exp4 1-72
2026-05-04 21:56:28,124 INFO o.a.j.t.JMeterThread: Stopping: Config 3: Exp4 1-1
2026-05-04 21:56:28,124 INFO o.a.j.t.JMeterThread: Thread finished: Config 3: Exp4 1-60
2026-05-04 21:56:28,124 INFO o.a.j.t.JMeterThread: Stopping: Config 3: Exp4 1-57
2026-05-04 21:56:28,124 INFO o.a.j.t.JMeterThread: Thread started: Config 3: Exp4 1-36
2026-05-04 21:56:28,124 INFO o.a.j.t.JMeterThread: Thread started: Config 3: Exp4 1-23
2026-05-04 21:56:28,124 INFO o.a.j.t.JMeterThread: Stopping: Config 3: Exp4 1-32
2026-05-04 21:56:28,124 WARN o.a.j.t.JMeterThread: The delay timer was interrupted - probably did not wait as long as intended.
2026-05-04 21:56:28,124 INFO o.a.j.t.JMeterThread: Thread started: Config 3: Exp4 1-38
2026-05-04 21:56:28,124 INFO o.a.j.t.JMeterThread: Thread finished: Config 3: Exp4 1-23
2026-05-04 21:56:28,124 INFO o.a.j.t.JMeterThread: Thread finished: Config 3: Exp4 1-36
2026-05-04 21:56:28,124 INFO o.a.j.t.JMeterThread: Stopping: Config 3: Exp4 1-3
2026-05-04 21:56:28,124 INFO o.a.j.t.JMeterThread: Thread started: Config 3: Exp4 1-32
2026-05-04 21:56:28,124 INFO o.a.j.t.JMeterThread: Stopping: Config 3: Exp4 1-42
2026-05-04 21:56:28,124 INFO o.a.j.t.JMeterThread: Thread started: Config 3: Exp4 1-57
2026-05-04 21:56:28,124 INFO o.a.j.t.JMeterThread: Stopping: Config 3: Exp4 1-28
2026-05-04 21:56:28,124 INFO o.a.j.t.JMeterThread: Thread finished: Config 3: Exp4 1-38
2026-05-04 21:56:28,124 INFO o.a.j.t.JMeterThread: Thread finished: Config 3: Exp4 1-1
2026-05-04 21:56:28,124 INFO o.a.j.t.JMeterThread: Thread finished: Config 3: Exp4 1-32
2026-05-04 21:56:28,124 INFO o.a.j.t.JMeterThread: Stopping: Config 3: Exp4 1-58
2026-05-04 21:56:28,124 WARN o.a.j.t.JMeterThread: The delay timer was interrupted - probably did not wait as long as intended.
2026-05-04 21:56:28,124 INFO o.a.j.t.JMeterThread: Stopping: Config 3: Exp4 1-80
2026-05-04 21:56:28,124 INFO o.a.j.t.JMeterThread: Thread finished: Config 3: Exp4 1-57
2026-05-04 21:56:28,124 INFO o.a.j.t.JMeterThread: Stopping: Config 3: Exp4 1-30
2026-05-04 21:56:28,124 INFO o.a.j.t.JMeterThread: Thread finished: Config 3: Exp4 1-3
2026-05-04 21:56:28,124 INFO o.a.j.t.JMeterThread: Thread finished: Config 3: Exp4 1-16
2026-05-04 21:56:28,124 INFO o.a.j.t.JMeterThread: Stopping: Config 3: Exp4 1-68
2026-05-04 21:56:28,124 INFO o.a.j.t.JMeterThread: Thread started: Config 3: Exp4 1-42
2026-05-04 21:56:28,124 INFO o.a.j.t.JMeterThread: Thread started: Config 3: Exp4 1-28
2026-05-04 21:56:28,124 INFO o.a.j.t.JMeterThread: Stopping: Config 3: Exp4 1-22
2026-05-04 21:56:28,124 INFO o.a.j.t.JMeterThread: Thread started: Config 3: Exp4 1-80
2026-05-04 21:56:28,124 INFO o.a.j.t.JMeterThread: Stopping: Config 3: Exp4 1-34
2026-05-04 21:56:28,124 INFO o.a.j.t.JMeterThread: Thread started: Config 3: Exp4 1-58
2026-05-04 21:56:28,125 INFO o.a.j.t.JMeterThread: Stopping: Config 3: Exp4 1-15
2026-05-04 21:56:28,125 INFO o.a.j.t.JMeterThread: Thread finished: Config 3: Exp4 1-80
2026-05-04 21:56:28,125 INFO o.a.j.t.JMeterThread: Thread finished: Config 3: Exp4 1-28
2026-05-04 21:56:28,125 INFO o.a.j.t.JMeterThread: Thread started: Config 3: Exp4 1-68
2026-05-04 21:56:28,124 INFO o.a.j.t.JMeterThread: Thread started: Config 3: Exp4 1-30
2026-05-04 21:56:28,125 INFO o.a.j.t.JMeterThread: Thread finished: Config 3: Exp4 1-42
2026-05-04 21:56:28,125 INFO o.a.j.t.JMeterThread: Thread started: Config 3: Exp4 1-22
2026-05-04 21:56:28,125 INFO o.a.j.t.JMeterThread: Thread finished: Config 3: Exp4 1-58
2026-05-04 21:56:28,125 INFO o.a.j.t.JMeterThread: Thread finished: Config 3: Exp4 1-68
2026-05-04 21:56:28,125 INFO o.a.j.t.JMeterThread: Thread finished: Config 3: Exp4 1-30
2026-05-04 21:56:28,125 INFO o.a.j.t.JMeterThread: Stopping: Config 3: Exp4 1-19
2026-05-04 21:56:28,125 INFO o.a.j.t.JMeterThread: Thread finished: Config 3: Exp4 1-22
2026-05-04 21:56:28,125 WARN o.a.j.t.JMeterThread: The delay timer was interrupted - probably did not wait as long as intended.
2026-05-04 21:56:28,125 INFO o.a.j.t.JMeterThread: Thread started: Config 3: Exp4 1-34
2026-05-04 21:56:28,125 INFO o.a.j.t.JMeterThread: Stopping: Config 3: Exp4 1-64
2026-05-04 21:56:28,125 INFO o.a.j.t.JMeterThread: Thread finished: Config 3: Exp4 1-34
2026-05-04 21:56:28,125 INFO o.a.j.t.JMeterThread: Stopping: Config 3: Exp4 1-66
2026-05-04 21:56:28,125 INFO o.a.j.t.JMeterThread: Stopping: Config 3: Exp4 1-70
2026-05-04 21:56:28,125 INFO o.a.j.t.JMeterThread: Thread finished: Config 3: Exp4 1-15
2026-05-04 21:56:28,125 INFO o.a.j.t.JMeterThread: Thread started: Config 3: Exp4 1-19
2026-05-04 21:56:28,125 INFO o.a.j.t.JMeterThread: Thread started: Config 3: Exp4 1-64
2026-05-04 21:56:28,125 INFO o.a.j.t.JMeterThread: Thread started: Config 3: Exp4 1-70
2026-05-04 21:56:28,125 INFO o.a.j.t.JMeterThread: Thread started: Config 3: Exp4 1-66
2026-05-04 21:56:28,125 INFO o.a.j.t.JMeterThread: Thread finished: Config 3: Exp4 1-70
2026-05-04 21:56:28,125 INFO o.a.j.t.JMeterThread: Thread finished: Config 3: Exp4 1-19
2026-05-04 21:56:28,125 INFO o.a.j.t.JMeterThread: Thread finished: Config 3: Exp4 1-64
2026-05-04 21:56:28,125 INFO o.a.j.t.JMeterThread: Thread finished: Config 3: Exp4 1-66
2026-05-04 21:56:28,125 INFO o.a.j.e.StandardJMeterEngine: Notifying test listeners of end of test
2026-05-04 21:56:28,125 INFO o.a.j.g.u.JMeterMenuBar: setRunning(false, *local*)
2026-05-04 21:56:43,295 INFO o.a.j.e.StandardJMeterEngine: Running the test!
2026-05-04 21:56:43,295 INFO o.a.j.s.SampleEvent: List of sample_variables: []
2026-05-04 21:56:43,296 INFO o.a.j.g.u.JMeterMenuBar: setRunning(true, *local*)
2026-05-04 21:56:43,332 INFO o.a.j.e.StandardJMeterEngine: Starting ThreadGroup: 1 : Config 3: Exp4
2026-05-04 21:56:43,332 INFO o.a.j.e.StandardJMeterEngine: Starting 80 threads for group Config 3: Exp4.
2026-05-04 21:56:43,333 INFO o.a.j.e.StandardJMeterEngine: Thread will continue on error
2026-05-04 21:56:43,333 INFO o.a.j.t.ThreadGroup: Starting thread group... number=1 threads=80 ramp-up=100 delayedStart=false
2026-05-04 21:56:43,333 INFO o.a.j.t.JMeterThread: Thread started: Config 3: Exp4 1-1
2026-05-04 21:56:43,339 INFO o.a.j.t.ThreadGroup: Started thread group number 1
2026-05-04 21:56:43,339 INFO o.a.j.e.StandardJMeterEngine: All thread groups have been started
2026-05-04 21:56:44,584 INFO o.a.j.t.JMeterThread: Thread started: Config 3: Exp4 1-2
2026-05-04 21:56:45,833 INFO o.a.j.t.JMeterThread: Thread started: Config 3: Exp4 1-3
2026-05-04 21:56:47,085 INFO o.a.j.t.JMeterThread: Thread started: Config 3: Exp4 1-4
2026-05-04 21:56:48,334 INFO o.a.j.t.JMeterThread: Thread started: Config 3: Exp4 1-5
2026-05-04 21:56:49,583 INFO o.a.j.t.JMeterThread: Thread started: Config 3: Exp4 1-6
2026-05-04 21:56:50,833 INFO o.a.j.t.JMeterThread: Thread started: Config 3: Exp4 1-7
2026-05-04 21:56:52,084 INFO o.a.j.t.JMeterThread: Thread started: Config 3: Exp4 1-8
2026-05-04 21:56:53,333 INFO o.a.j.t.JMeterThread: Thread started: Config 3: Exp4 1-9
2026-05-04 21:56:54,583 INFO o.a.j.t.JMeterThread: Thread started: Config 3: Exp4 1-10
2026-05-04 21:56:55,834 INFO o.a.j.t.JMeterThread: Thread started: Config 3: Exp4 1-11
2026-05-04 21:56:57,084 INFO o.a.j.t.JMeterThread: Thread started: Config 3: Exp4 1-12
2026-05-04 21:56:58,333 INFO o.a.j.t.JMeterThread: Thread started: Config 3: Exp4 1-13
2026-05-04 21:56:59,583 INFO o.a.j.t.JMeterThread: Thread started: Config 3: Exp4 1-14
2026-05-04 21:57:00,833 INFO o.a.j.t.JMeterThread: Thread started: Config 3: Exp4 1-15
2026-05-04 21:57:02,083 INFO o.a.j.t.JMeterThread: Thread started: Config 3: Exp4 1-16
2026-05-04 21:57:03,333 INFO o.a.j.t.JMeterThread: Thread started: Config 3: Exp4 1-17
2026-05-04 21:57:04,583 INFO o.a.j.t.JMeterThread: Thread started: Config 3: Exp4 1-18
2026-05-04 21:57:05,835 INFO o.a.j.t.JMeterThread: Thread started: Config 3: Exp4 1-19
2026-05-04 21:57:07,083 INFO o.a.j.t.JMeterThread: Thread started: Config 3: Exp4 1-20
2026-05-04 21:57:08,333 INFO o.a.j.t.JMeterThread: Thread started: Config 3: Exp4 1-21
2026-05-04 21:57:09,583 INFO o.a.j.t.JMeterThread: Thread started: Config 3: Exp4 1-22
2026-05-04 21:57:10,834 INFO o.a.j.t.JMeterThread: Thread started: Config 3: Exp4 1-23
2026-05-04 21:57:12,083 INFO o.a.j.t.JMeterThread: Thread started: Config 3: Exp4 1-24
2026-05-04 21:57:13,333 INFO o.a.j.t.JMeterThread: Thread started: Config 3: Exp4 1-25
2026-05-04 21:57:14,583 INFO o.a.j.t.JMeterThread: Thread started: Config 3: Exp4 1-26
2026-05-04 21:57:15,834 INFO o.a.j.t.JMeterThread: Thread started: Config 3: Exp4 1-27
2026-05-04 21:57:17,084 INFO o.a.j.t.JMeterThread: Thread started: Config 3: Exp4 1-28
2026-05-04 21:57:18,333 INFO o.a.j.t.JMeterThread: Thread started: Config 3: Exp4 1-29
2026-05-04 21:57:19,584 INFO o.a.j.t.JMeterThread: Thread started: Config 3: Exp4 1-30
2026-05-04 21:57:20,834 INFO o.a.j.t.JMeterThread: Thread started: Config 3: Exp4 1-31
2026-05-04 21:57:22,084 INFO o.a.j.t.JMeterThread: Thread started: Config 3: Exp4 1-32
2026-05-04 21:57:23,333 INFO o.a.j.t.JMeterThread: Thread started: Config 3: Exp4 1-33
2026-05-04 21:57:24,583 INFO o.a.j.t.JMeterThread: Thread started: Config 3: Exp4 1-34
2026-05-04 21:57:25,833 INFO o.a.j.t.JMeterThread: Thread started: Config 3: Exp4 1-35
2026-05-04 21:57:27,083 INFO o.a.j.t.JMeterThread: Thread started: Config 3: Exp4 1-36
2026-05-04 21:57:28,333 INFO o.a.j.t.JMeterThread: Thread started: Config 3: Exp4 1-37
2026-05-04 21:57:29,583 INFO o.a.j.t.JMeterThread: Thread started: Config 3: Exp4 1-38
2026-05-04 21:57:30,833 INFO o.a.j.t.JMeterThread: Thread started: Config 3: Exp4 1-39
2026-05-04 21:57:32,083 INFO o.a.j.t.JMeterThread: Thread started: Config 3: Exp4 1-40
2026-05-04 21:57:33,333 INFO o.a.j.t.JMeterThread: Thread started: Config 3: Exp4 1-41
2026-05-04 21:57:34,584 INFO o.a.j.t.JMeterThread: Thread started: Config 3: Exp4 1-42
2026-05-04 21:57:35,834 INFO o.a.j.t.JMeterThread: Thread started: Config 3: Exp4 1-43
2026-05-04 21:57:37,083 INFO o.a.j.t.JMeterThread: Thread started: Config 3: Exp4 1-44
2026-05-04 21:57:38,333 INFO o.a.j.t.JMeterThread: Thread started: Config 3: Exp4 1-45
2026-05-04 21:57:39,583 INFO o.a.j.t.JMeterThread: Thread started: Config 3: Exp4 1-46
2026-05-04 21:57:40,833 INFO o.a.j.t.JMeterThread: Thread started: Config 3: Exp4 1-47
2026-05-04 21:57:42,084 INFO o.a.j.t.JMeterThread: Thread started: Config 3: Exp4 1-48
2026-05-04 21:57:43,333 INFO o.a.j.t.JMeterThread: Thread started: Config 3: Exp4 1-49
2026-05-04 21:57:44,584 INFO o.a.j.t.JMeterThread: Thread started: Config 3: Exp4 1-50
2026-05-04 21:57:45,835 INFO o.a.j.t.JMeterThread: Thread started: Config 3: Exp4 1-51
2026-05-04 21:57:47,084 INFO o.a.j.t.JMeterThread: Thread started: Config 3: Exp4 1-52
2026-05-04 21:57:48,333 INFO o.a.j.t.JMeterThread: Thread started: Config 3: Exp4 1-53
2026-05-04 21:57:49,583 INFO o.a.j.t.JMeterThread: Thread started: Config 3: Exp4 1-54
2026-05-04 21:57:50,833 INFO o.a.j.t.JMeterThread: Thread started: Config 3: Exp4 1-55
2026-05-04 21:57:52,084 INFO o.a.j.t.JMeterThread: Thread started: Config 3: Exp4 1-56
2026-05-04 21:57:53,333 INFO o.a.j.t.JMeterThread: Thread started: Config 3: Exp4 1-57
2026-05-04 21:57:54,583 INFO o.a.j.t.JMeterThread: Thread started: Config 3: Exp4 1-58
2026-05-04 21:57:55,833 INFO o.a.j.t.JMeterThread: Thread started: Config 3: Exp4 1-59
2026-05-04 21:57:57,083 INFO o.a.j.t.JMeterThread: Thread started: Config 3: Exp4 1-60
2026-05-04 21:57:58,333 INFO o.a.j.t.JMeterThread: Thread started: Config 3: Exp4 1-61
2026-05-04 21:57:59,583 INFO o.a.j.t.JMeterThread: Thread started: Config 3: Exp4 1-62
2026-05-04 21:58:00,833 INFO o.a.j.t.JMeterThread: Thread started: Config 3: Exp4 1-63
2026-05-04 21:58:02,084 INFO o.a.j.t.JMeterThread: Thread started: Config 3: Exp4 1-64
2026-05-04 21:58:03,333 INFO o.a.j.t.JMeterThread: Thread started: Config 3: Exp4 1-65
2026-05-04 21:58:04,588 INFO o.a.j.t.JMeterThread: Thread started: Config 3: Exp4 1-66
2026-05-04 21:58:05,833 INFO o.a.j.t.JMeterThread: Thread started: Config 3: Exp4 1-67
2026-05-04 21:58:07,083 INFO o.a.j.t.JMeterThread: Thread started: Config 3: Exp4 1-68
2026-05-04 21:58:08,333 INFO o.a.j.t.JMeterThread: Thread started: Config 3: Exp4 1-69
2026-05-04 21:58:09,583 INFO o.a.j.t.JMeterThread: Thread started: Config 3: Exp4 1-70
2026-05-04 21:58:10,834 INFO o.a.j.t.JMeterThread: Thread started: Config 3: Exp4 1-71
2026-05-04 21:58:12,084 INFO o.a.j.t.JMeterThread: Thread started: Config 3: Exp4 1-72
2026-05-04 21:58:13,334 INFO o.a.j.t.JMeterThread: Thread started: Config 3: Exp4 1-73
2026-05-04 21:58:14,584 INFO o.a.j.t.JMeterThread: Thread started: Config 3: Exp4 1-74
2026-05-04 21:58:15,834 INFO o.a.j.t.JMeterThread: Thread started: Config 3: Exp4 1-75
2026-05-04 21:58:17,083 INFO o.a.j.t.JMeterThread: Thread started: Config 3: Exp4 1-76
2026-05-04 21:58:18,334 INFO o.a.j.t.JMeterThread: Thread started: Config 3: Exp4 1-77
2026-05-04 21:58:19,583 INFO o.a.j.t.JMeterThread: Thread started: Config 3: Exp4 1-78
2026-05-04 21:58:20,833 INFO o.a.j.t.JMeterThread: Thread started: Config 3: Exp4 1-79
2026-05-04 21:58:21,768 INFO o.a.j.t.JMeterThread: Thread finished: Config 3: Exp4 1-9
2026-05-04 21:58:21,768 INFO o.a.j.t.JMeterThread: Thread finished: Config 3: Exp4 1-62
2026-05-04 21:58:21,770 INFO o.a.j.t.JMeterThread: Thread finished: Config 3: Exp4 1-26
2026-05-04 21:58:21,770 INFO o.a.j.t.JMeterThread: Thread finished: Config 3: Exp4 1-38
2026-05-04 21:58:21,770 INFO o.a.j.t.JMeterThread: Thread finished: Config 3: Exp4 1-74
2026-05-04 21:58:22,066 INFO o.a.j.t.JMeterThread: Thread finished: Config 3: Exp4 1-14
2026-05-04 21:58:22,066 INFO o.a.j.t.JMeterThread: Thread finished: Config 3: Exp4 1-50
2026-05-04 21:58:22,067 INFO o.a.j.t.JMeterThread: Thread finished: Config 3: Exp4 1-2
2026-05-04 21:58:22,067 INFO o.a.j.t.JMeterThread: Thread finished: Config 3: Exp4 1-67
2026-05-04 21:58:22,068 INFO o.a.j.t.JMeterThread: Thread finished: Config 3: Exp4 1-55
2026-05-04 21:58:22,068 INFO o.a.j.t.JMeterThread: Thread finished: Config 3: Exp4 1-7
2026-05-04 21:58:22,068 INFO o.a.j.t.JMeterThread: Thread finished: Config 3: Exp4 1-43
2026-05-04 21:58:22,083 INFO o.a.j.t.JMeterThread: Thread started: Config 3: Exp4 1-80
2026-05-04 21:58:22,284 INFO o.a.j.t.JMeterThread: Thread finished: Config 3: Exp4 1-19
2026-05-04 21:58:22,285 INFO o.a.j.t.JMeterThread: Thread finished: Config 3: Exp4 1-79
2026-05-04 21:58:22,285 INFO o.a.j.t.JMeterThread: Thread finished: Config 3: Exp4 1-48
2026-05-04 21:58:22,285 INFO o.a.j.t.JMeterThread: Thread finished: Config 3: Exp4 1-60
2026-05-04 21:58:22,285 INFO o.a.j.t.JMeterThread: Thread finished: Config 3: Exp4 1-24
2026-05-04 21:58:22,285 INFO o.a.j.t.JMeterThread: Thread finished: Config 3: Exp4 1-12
2026-05-04 21:58:22,285 INFO o.a.j.t.JMeterThread: Thread finished: Config 3: Exp4 1-31
2026-05-04 21:58:22,286 INFO o.a.j.t.JMeterThread: Thread finished: Config 3: Exp4 1-36
2026-05-04 21:58:22,659 INFO o.a.j.t.JMeterThread: Thread finished: Config 3: Exp4 1-72
2026-05-04 21:58:22,660 INFO o.a.j.t.JMeterThread: Thread finished: Config 3: Exp4 1-29
2026-05-04 21:58:22,660 INFO o.a.j.t.JMeterThread: Thread finished: Config 3: Exp4 1-53
2026-05-04 21:58:22,660 INFO o.a.j.t.JMeterThread: Thread finished: Config 3: Exp4 1-41
2026-05-04 21:58:22,660 INFO o.a.j.t.JMeterThread: Thread finished: Config 3: Exp4 1-77
2026-05-04 21:58:22,660 INFO o.a.j.t.JMeterThread: Thread finished: Config 3: Exp4 1-5
2026-05-04 21:58:22,660 INFO o.a.j.t.JMeterThread: Thread finished: Config 3: Exp4 1-65
2026-05-04 21:58:23,114 INFO o.a.j.t.JMeterThread: Thread finished: Config 3: Exp4 1-17
2026-05-04 21:58:23,114 INFO o.a.j.t.JMeterThread: Thread finished: Config 3: Exp4 1-70
2026-05-04 21:58:23,114 INFO o.a.j.t.JMeterThread: Thread finished: Config 3: Exp4 1-34
2026-05-04 21:58:23,115 INFO o.a.j.t.JMeterThread: Thread finished: Config 3: Exp4 1-22
2026-05-04 21:58:23,115 INFO o.a.j.t.JMeterThread: Thread finished: Config 3: Exp4 1-46
2026-05-04 21:58:23,115 INFO o.a.j.t.JMeterThread: Thread finished: Config 3: Exp4 1-10
2026-05-04 21:58:23,115 INFO o.a.j.t.JMeterThread: Thread finished: Config 3: Exp4 1-58
2026-05-04 21:58:23,116 INFO o.a.j.t.JMeterThread: Thread finished: Config 3: Exp4 1-39
2026-05-04 21:58:23,116 INFO o.a.j.t.JMeterThread: Thread finished: Config 3: Exp4 1-63
2026-05-04 21:58:23,117 INFO o.a.j.t.JMeterThread: Thread finished: Config 3: Exp4 1-27
2026-05-04 21:58:23,118 INFO o.a.j.t.JMeterThread: Thread finished: Config 3: Exp4 1-3
2026-05-04 21:58:23,650 INFO o.a.j.t.JMeterThread: Stopping because end time detected by thread: Config 3: Exp4 1-15
2026-05-04 21:58:23,650 INFO o.a.j.t.JMeterThread: Thread finished: Config 3: Exp4 1-15
2026-05-04 21:58:23,650 INFO o.a.j.t.JMeterThread: Stopping because end time detected by thread: Config 3: Exp4 1-51
2026-05-04 21:58:23,650 INFO o.a.j.t.JMeterThread: Thread finished: Config 3: Exp4 1-51
2026-05-04 21:58:23,651 INFO o.a.j.t.JMeterThread: Stopping because end time detected by thread: Config 3: Exp4 1-75
2026-05-04 21:58:23,651 INFO o.a.j.t.JMeterThread: Stopping because end time detected by thread: Config 3: Exp4 1-32
2026-05-04 21:58:23,651 INFO o.a.j.t.JMeterThread: Thread finished: Config 3: Exp4 1-75
2026-05-04 21:58:23,651 INFO o.a.j.t.JMeterThread: Thread finished: Config 3: Exp4 1-32
2026-05-04 21:58:23,651 INFO o.a.j.t.JMeterThread: Stopping because end time detected by thread: Config 3: Exp4 1-68
2026-05-04 21:58:23,651 INFO o.a.j.t.JMeterThread: Thread finished: Config 3: Exp4 1-68
2026-05-04 21:58:23,652 INFO o.a.j.t.JMeterThread: Stopping because end time detected by thread: Config 3: Exp4 1-20
2026-05-04 21:58:23,652 INFO o.a.j.t.JMeterThread: Stopping because end time detected by thread: Config 3: Exp4 1-8
2026-05-04 21:58:23,652 INFO o.a.j.t.JMeterThread: Thread finished: Config 3: Exp4 1-20
2026-05-04 21:58:23,652 INFO o.a.j.t.JMeterThread: Stopping because end time detected by thread: Config 3: Exp4 1-44
2026-05-04 21:58:23,652 INFO o.a.j.t.JMeterThread: Thread finished: Config 3: Exp4 1-8
2026-05-04 21:58:23,652 INFO o.a.j.t.JMeterThread: Thread finished: Config 3: Exp4 1-44
2026-05-04 21:58:23,652 INFO o.a.j.t.JMeterThread: Stopping because end time detected by thread: Config 3: Exp4 1-56
2026-05-04 21:58:23,652 INFO o.a.j.t.JMeterThread: Stopping because end time detected by thread: Config 3: Exp4 1-80
2026-05-04 21:58:23,652 INFO o.a.j.t.JMeterThread: Thread finished: Config 3: Exp4 1-56
2026-05-04 21:58:23,652 INFO o.a.j.t.JMeterThread: Thread finished: Config 3: Exp4 1-80
2026-05-04 21:58:23,652 INFO o.a.j.t.JMeterThread: Stopping because end time detected by thread: Config 3: Exp4 1-37
2026-05-04 21:58:23,652 INFO o.a.j.t.JMeterThread: Stopping because end time detected by thread: Config 3: Exp4 1-49
2026-05-04 21:58:23,652 INFO o.a.j.t.JMeterThread: Stopping because end time detected by thread: Config 3: Exp4 1-25
2026-05-04 21:58:23,652 INFO o.a.j.t.JMeterThread: Thread finished: Config 3: Exp4 1-49
2026-05-04 21:58:23,652 INFO o.a.j.t.JMeterThread: Thread finished: Config 3: Exp4 1-25
2026-05-04 21:58:23,652 INFO o.a.j.t.JMeterThread: Thread finished: Config 3: Exp4 1-37
2026-05-04 21:58:24,008 INFO o.a.j.t.JMeterThread: Stopping because end time detected by thread: Config 3: Exp4 1-13
2026-05-04 21:58:24,008 INFO o.a.j.t.JMeterThread: Thread finished: Config 3: Exp4 1-13
2026-05-04 21:58:24,009 INFO o.a.j.t.JMeterThread: Stopping because end time detected by thread: Config 3: Exp4 1-1
2026-05-04 21:58:24,009 INFO o.a.j.t.JMeterThread: Stopping because end time detected by thread: Config 3: Exp4 1-42
2026-05-04 21:58:24,009 INFO o.a.j.t.JMeterThread: Stopping because end time detected by thread: Config 3: Exp4 1-54
2026-05-04 21:58:24,009 INFO o.a.j.t.JMeterThread: Thread finished: Config 3: Exp4 1-1
2026-05-04 21:58:24,009 INFO o.a.j.t.JMeterThread: Thread finished: Config 3: Exp4 1-42
2026-05-04 21:58:24,009 INFO o.a.j.t.JMeterThread: Stopping because end time detected by thread: Config 3: Exp4 1-73
2026-05-04 21:58:24,009 INFO o.a.j.t.JMeterThread: Stopping because end time detected by thread: Config 3: Exp4 1-61
2026-05-04 21:58:24,009 INFO o.a.j.t.JMeterThread: Thread finished: Config 3: Exp4 1-54
2026-05-04 21:58:24,009 INFO o.a.j.t.JMeterThread: Stopping because end time detected by thread: Config 3: Exp4 1-66
2026-05-04 21:58:24,009 INFO o.a.j.t.JMeterThread: Thread finished: Config 3: Exp4 1-73
2026-05-04 21:58:24,009 INFO o.a.j.t.JMeterThread: Thread finished: Config 3: Exp4 1-66
2026-05-04 21:58:24,009 INFO o.a.j.t.JMeterThread: Stopping because end time detected by thread: Config 3: Exp4 1-6
2026-05-04 21:58:24,009 INFO o.a.j.t.JMeterThread: Stopping because end time detected by thread: Config 3: Exp4 1-78
2026-05-04 21:58:24,009 INFO o.a.j.t.JMeterThread: Thread finished: Config 3: Exp4 1-61
2026-05-04 21:58:24,010 INFO o.a.j.t.JMeterThread: Thread finished: Config 3: Exp4 1-6
2026-05-04 21:58:24,010 INFO o.a.j.t.JMeterThread: Thread finished: Config 3: Exp4 1-78
2026-05-04 21:58:24,085 INFO o.a.j.t.JMeterThread: Stopping because end time detected by thread: Config 3: Exp4 1-18
2026-05-04 21:58:24,085 INFO o.a.j.t.JMeterThread: Thread finished: Config 3: Exp4 1-18
2026-05-04 21:58:24,085 INFO o.a.j.t.JMeterThread: Stopping because end time detected by thread: Config 3: Exp4 1-30
2026-05-04 21:58:24,085 INFO o.a.j.t.JMeterThread: Thread finished: Config 3: Exp4 1-30
2026-05-04 21:58:24,117 INFO o.a.j.t.JMeterThread: Stopping because end time detected by thread: Config 3: Exp4 1-11
2026-05-04 21:58:24,117 INFO o.a.j.t.JMeterThread: Thread finished: Config 3: Exp4 1-11
2026-05-04 21:58:24,196 INFO o.a.j.t.JMeterThread: Stopping because end time detected by thread: Config 3: Exp4 1-35
2026-05-04 21:58:24,197 INFO o.a.j.t.JMeterThread: Thread finished: Config 3: Exp4 1-35
2026-05-04 21:58:24,208 INFO o.a.j.t.JMeterThread: Stopping because end time detected by thread: Config 3: Exp4 1-59
2026-05-04 21:58:24,208 INFO o.a.j.t.JMeterThread: Thread finished: Config 3: Exp4 1-59
2026-05-04 21:58:24,223 INFO o.a.j.t.JMeterThread: Stopping because end time detected by thread: Config 3: Exp4 1-47
2026-05-04 21:58:24,223 INFO o.a.j.t.JMeterThread: Thread finished: Config 3: Exp4 1-47
2026-05-04 21:58:24,243 INFO o.a.j.t.JMeterThread: Stopping because end time detected by thread: Config 3: Exp4 1-23
2026-05-04 21:58:24,244 INFO o.a.j.t.JMeterThread: Thread finished: Config 3: Exp4 1-23
2026-05-04 21:58:24,328 INFO o.a.j.t.JMeterThread: Stopping because end time detected by thread: Config 3: Exp4 1-71
2026-05-04 21:58:24,328 INFO o.a.j.t.JMeterThread: Thread finished: Config 3: Exp4 1-71
2026-05-04 21:58:24,409 INFO o.a.j.t.JMeterThread: Stopping because end time detected by thread: Config 3: Exp4 1-52
2026-05-04 21:58:24,409 INFO o.a.j.t.JMeterThread: Thread finished: Config 3: Exp4 1-52
2026-05-04 21:58:24,417 INFO o.a.j.t.JMeterThread: Stopping because end time detected by thread: Config 3: Exp4 1-16
2026-05-04 21:58:24,417 INFO o.a.j.t.JMeterThread: Thread finished: Config 3: Exp4 1-16
2026-05-04 21:58:24,436 INFO o.a.j.t.JMeterThread: Stopping because end time detected by thread: Config 3: Exp4 1-40
2026-05-04 21:58:24,436 INFO o.a.j.t.JMeterThread: Thread finished: Config 3: Exp4 1-40
2026-05-04 21:58:24,472 INFO o.a.j.t.JMeterThread: Stopping because end time detected by thread: Config 3: Exp4 1-76
2026-05-04 21:58:24,472 INFO o.a.j.t.JMeterThread: Thread finished: Config 3: Exp4 1-76
2026-05-04 21:58:24,555 INFO o.a.j.t.JMeterThread: Stopping because end time detected by thread: Config 3: Exp4 1-4
2026-05-04 21:58:24,555 INFO o.a.j.t.JMeterThread: Thread finished: Config 3: Exp4 1-4
2026-05-04 21:58:24,576 INFO o.a.j.t.JMeterThread: Stopping because end time detected by thread: Config 3: Exp4 1-64
2026-05-04 21:58:24,576 INFO o.a.j.t.JMeterThread: Thread finished: Config 3: Exp4 1-64
2026-05-04 21:58:24,602 INFO o.a.j.t.JMeterThread: Stopping because end time detected by thread: Config 3: Exp4 1-28
2026-05-04 21:58:24,602 INFO o.a.j.t.JMeterThread: Thread finished: Config 3: Exp4 1-28
2026-05-04 21:58:24,667 INFO o.a.j.t.JMeterThread: Stopping because end time detected by thread: Config 3: Exp4 1-45
2026-05-04 21:58:24,667 INFO o.a.j.t.JMeterThread: Thread finished: Config 3: Exp4 1-45
2026-05-04 21:58:24,705 INFO o.a.j.t.JMeterThread: Stopping because end time detected by thread: Config 3: Exp4 1-57
2026-05-04 21:58:24,705 INFO o.a.j.t.JMeterThread: Thread finished: Config 3: Exp4 1-57
2026-05-04 21:58:24,721 INFO o.a.j.t.JMeterThread: Stopping because end time detected by thread: Config 3: Exp4 1-21
2026-05-04 21:58:24,721 INFO o.a.j.t.JMeterThread: Thread finished: Config 3: Exp4 1-21
2026-05-04 21:58:24,729 INFO o.a.j.t.JMeterThread: Stopping because end time detected by thread: Config 3: Exp4 1-69
2026-05-04 21:58:24,730 INFO o.a.j.t.JMeterThread: Thread finished: Config 3: Exp4 1-69
2026-05-04 21:58:24,735 INFO o.a.j.t.JMeterThread: Stopping because end time detected by thread: Config 3: Exp4 1-33
2026-05-04 21:58:24,736 INFO o.a.j.t.JMeterThread: Thread finished: Config 3: Exp4 1-33
2026-05-04 21:58:24,736 INFO o.a.j.e.StandardJMeterEngine: Notifying test listeners of end of test
2026-05-04 21:58:24,736 INFO o.a.j.g.u.JMeterMenuBar: setRunning(false, *local*)
2026-05-04 22:00:06,256 INFO o.a.j.e.StandardJMeterEngine: Running the test!
2026-05-04 22:00:06,256 INFO o.a.j.s.SampleEvent: List of sample_variables: []
2026-05-04 22:00:06,257 INFO o.a.j.g.u.JMeterMenuBar: setRunning(true, *local*)
2026-05-04 22:00:06,288 INFO o.a.j.e.StandardJMeterEngine: Starting ThreadGroup: 1 : Config 3: Exp5
2026-05-04 22:00:06,288 INFO o.a.j.e.StandardJMeterEngine: Starting 160 threads for group Config 3: Exp5.
2026-05-04 22:00:06,288 INFO o.a.j.e.StandardJMeterEngine: Thread will continue on error
2026-05-04 22:00:06,288 INFO o.a.j.t.ThreadGroup: Starting thread group... number=1 threads=160 ramp-up=100 delayedStart=false
2026-05-04 22:00:06,289 INFO o.a.j.t.JMeterThread: Thread started: Config 3: Exp5 1-1
2026-05-04 22:00:06,300 INFO o.a.j.t.ThreadGroup: Started thread group number 1
2026-05-04 22:00:06,300 INFO o.a.j.e.StandardJMeterEngine: All thread groups have been started
2026-05-04 22:00:06,913 INFO o.a.j.t.JMeterThread: Thread started: Config 3: Exp5 1-2
2026-05-04 22:00:07,539 INFO o.a.j.t.JMeterThread: Thread started: Config 3: Exp5 1-3
2026-05-04 22:00:08,164 INFO o.a.j.t.JMeterThread: Thread started: Config 3: Exp5 1-4
2026-05-04 22:00:08,789 INFO o.a.j.t.JMeterThread: Thread started: Config 3: Exp5 1-5
2026-05-04 22:00:09,415 INFO o.a.j.t.JMeterThread: Thread started: Config 3: Exp5 1-6
2026-05-04 22:00:10,038 INFO o.a.j.t.JMeterThread: Thread started: Config 3: Exp5 1-7
2026-05-04 22:00:10,665 INFO o.a.j.t.JMeterThread: Thread started: Config 3: Exp5 1-8
2026-05-04 22:00:11,289 INFO o.a.j.t.JMeterThread: Thread started: Config 3: Exp5 1-9
2026-05-04 22:00:11,913 INFO o.a.j.t.JMeterThread: Thread started: Config 3: Exp5 1-10
2026-05-04 22:00:12,539 INFO o.a.j.t.JMeterThread: Thread started: Config 3: Exp5 1-11
2026-05-04 22:00:13,163 INFO o.a.j.t.JMeterThread: Thread started: Config 3: Exp5 1-12
2026-05-04 22:00:13,790 INFO o.a.j.t.JMeterThread: Thread started: Config 3: Exp5 1-13
2026-05-04 22:00:14,413 INFO o.a.j.t.JMeterThread: Thread started: Config 3: Exp5 1-14
2026-05-04 22:00:15,038 INFO o.a.j.t.JMeterThread: Thread started: Config 3: Exp5 1-15
2026-05-04 22:00:15,663 INFO o.a.j.t.JMeterThread: Thread started: Config 3: Exp5 1-16
2026-05-04 22:00:16,288 INFO o.a.j.t.JMeterThread: Thread started: Config 3: Exp5 1-17
2026-05-04 22:00:16,914 INFO o.a.j.t.JMeterThread: Thread started: Config 3: Exp5 1-18
2026-05-04 22:00:17,539 INFO o.a.j.t.JMeterThread: Thread started: Config 3: Exp5 1-19
2026-05-04 22:00:18,163 INFO o.a.j.t.JMeterThread: Thread started: Config 3: Exp5 1-20
2026-05-04 22:00:18,789 INFO o.a.j.t.JMeterThread: Thread started: Config 3: Exp5 1-21
2026-05-04 22:00:19,414 INFO o.a.j.t.JMeterThread: Thread started: Config 3: Exp5 1-22
2026-05-04 22:00:20,039 INFO o.a.j.t.JMeterThread: Thread started: Config 3: Exp5 1-23
2026-05-04 22:00:20,663 INFO o.a.j.t.JMeterThread: Thread started: Config 3: Exp5 1-24
2026-05-04 22:00:21,290 INFO o.a.j.t.JMeterThread: Thread started: Config 3: Exp5 1-25
2026-05-04 22:00:21,913 INFO o.a.j.t.JMeterThread: Thread started: Config 3: Exp5 1-26
2026-05-04 22:00:22,539 INFO o.a.j.t.JMeterThread: Thread started: Config 3: Exp5 1-27
2026-05-04 22:00:23,164 INFO o.a.j.t.JMeterThread: Thread started: Config 3: Exp5 1-28
2026-05-04 22:00:23,789 INFO o.a.j.t.JMeterThread: Thread started: Config 3: Exp5 1-29
2026-05-04 22:00:24,413 INFO o.a.j.t.JMeterThread: Thread started: Config 3: Exp5 1-30
2026-05-04 22:00:25,038 INFO o.a.j.t.JMeterThread: Thread started: Config 3: Exp5 1-31
2026-05-04 22:00:25,663 INFO o.a.j.t.JMeterThread: Thread started: Config 3: Exp5 1-32
2026-05-04 22:00:26,288 INFO o.a.j.t.JMeterThread: Thread started: Config 3: Exp5 1-33
2026-05-04 22:00:26,913 INFO o.a.j.t.JMeterThread: Thread started: Config 3: Exp5 1-34
2026-05-04 22:00:27,538 INFO o.a.j.t.JMeterThread: Thread started: Config 3: Exp5 1-35
2026-05-04 22:00:28,163 INFO o.a.j.t.JMeterThread: Thread started: Config 3: Exp5 1-36
2026-05-04 22:00:28,788 INFO o.a.j.t.JMeterThread: Thread started: Config 3: Exp5 1-37
2026-05-04 22:00:29,413 INFO o.a.j.t.JMeterThread: Thread started: Config 3: Exp5 1-38
2026-05-04 22:00:30,040 INFO o.a.j.t.JMeterThread: Thread started: Config 3: Exp5 1-39
2026-05-04 22:00:30,664 INFO o.a.j.t.JMeterThread: Thread started: Config 3: Exp5 1-40
2026-05-04 22:00:31,289 INFO o.a.j.t.JMeterThread: Thread started: Config 3: Exp5 1-41
2026-05-04 22:00:31,914 INFO o.a.j.t.JMeterThread: Thread started: Config 3: Exp5 1-42
2026-05-04 22:00:32,538 INFO o.a.j.t.JMeterThread: Thread started: Config 3: Exp5 1-43
2026-05-04 22:00:33,163 INFO o.a.j.t.JMeterThread: Thread started: Config 3: Exp5 1-44
2026-05-04 22:00:33,788 INFO o.a.j.t.JMeterThread: Thread started: Config 3: Exp5 1-45
2026-05-04 22:00:34,413 INFO o.a.j.t.JMeterThread: Thread started: Config 3: Exp5 1-46
2026-05-04 22:00:35,038 INFO o.a.j.t.JMeterThread: Thread started: Config 3: Exp5 1-47
2026-05-04 22:00:35,663 INFO o.a.j.t.JMeterThread: Thread started: Config 3: Exp5 1-48
2026-05-04 22:00:36,289 INFO o.a.j.t.JMeterThread: Thread started: Config 3: Exp5 1-49
2026-05-04 22:00:36,918 INFO o.a.j.t.JMeterThread: Thread started: Config 3: Exp5 1-50
2026-05-04 22:00:37,538 INFO o.a.j.t.JMeterThread: Thread started: Config 3: Exp5 1-51
2026-05-04 22:00:38,163 INFO o.a.j.t.JMeterThread: Thread started: Config 3: Exp5 1-52
2026-05-04 22:00:38,788 INFO o.a.j.t.JMeterThread: Thread started: Config 3: Exp5 1-53
2026-05-04 22:00:39,413 INFO o.a.j.t.JMeterThread: Thread started: Config 3: Exp5 1-54
2026-05-04 22:00:40,038 INFO o.a.j.t.JMeterThread: Thread started: Config 3: Exp5 1-55
2026-05-04 22:00:40,665 INFO o.a.j.t.JMeterThread: Thread started: Config 3: Exp5 1-56
2026-05-04 22:00:41,289 INFO o.a.j.t.JMeterThread: Thread started: Config 3: Exp5 1-57
2026-05-04 22:00:41,914 INFO o.a.j.t.JMeterThread: Thread started: Config 3: Exp5 1-58
2026-05-04 22:00:42,539 INFO o.a.j.t.JMeterThread: Thread started: Config 3: Exp5 1-59
2026-05-04 22:00:43,164 INFO o.a.j.t.JMeterThread: Thread started: Config 3: Exp5 1-60
2026-05-04 22:00:43,788 INFO o.a.j.t.JMeterThread: Thread started: Config 3: Exp5 1-61
2026-05-04 22:00:44,413 INFO o.a.j.t.JMeterThread: Thread started: Config 3: Exp5 1-62
2026-05-04 22:00:45,038 INFO o.a.j.t.JMeterThread: Thread started: Config 3: Exp5 1-63
2026-05-04 22:00:45,663 INFO o.a.j.t.JMeterThread: Thread started: Config 3: Exp5 1-64
2026-05-04 22:00:46,288 INFO o.a.j.t.JMeterThread: Thread started: Config 3: Exp5 1-65
2026-05-04 22:00:46,913 INFO o.a.j.t.JMeterThread: Thread started: Config 3: Exp5 1-66
2026-05-04 22:00:47,539 INFO o.a.j.t.JMeterThread: Thread started: Config 3: Exp5 1-67
2026-05-04 22:00:48,163 INFO o.a.j.t.JMeterThread: Thread started: Config 3: Exp5 1-68
2026-05-04 22:00:48,789 INFO o.a.j.t.JMeterThread: Thread started: Config 3: Exp5 1-69
2026-05-04 22:00:49,414 INFO o.a.j.t.JMeterThread: Thread started: Config 3: Exp5 1-70
2026-05-04 22:00:50,039 INFO o.a.j.t.JMeterThread: Thread started: Config 3: Exp5 1-71
2026-05-04 22:00:50,663 INFO o.a.j.t.JMeterThread: Thread started: Config 3: Exp5 1-72
2026-05-04 22:00:51,288 INFO o.a.j.t.JMeterThread: Thread started: Config 3: Exp5 1-73
2026-05-04 22:00:51,913 INFO o.a.j.t.JMeterThread: Thread started: Config 3: Exp5 1-74
2026-05-04 22:00:52,538 INFO o.a.j.t.JMeterThread: Thread started: Config 3: Exp5 1-75
2026-05-04 22:00:53,163 INFO o.a.j.t.JMeterThread: Thread started: Config 3: Exp5 1-76
2026-05-04 22:00:53,788 INFO o.a.j.t.JMeterThread: Thread started: Config 3: Exp5 1-77
2026-05-04 22:00:54,414 INFO o.a.j.t.JMeterThread: Thread started: Config 3: Exp5 1-78
2026-05-04 22:00:55,039 INFO o.a.j.t.JMeterThread: Thread started: Config 3: Exp5 1-79
2026-05-04 22:00:55,663 INFO o.a.j.t.JMeterThread: Thread started: Config 3: Exp5 1-80
2026-05-04 22:00:56,288 INFO o.a.j.t.JMeterThread: Thread started: Config 3: Exp5 1-81
2026-05-04 22:00:56,913 INFO o.a.j.t.JMeterThread: Thread started: Config 3: Exp5 1-82
2026-05-04 22:00:57,539 INFO o.a.j.t.JMeterThread: Thread started: Config 3: Exp5 1-83
2026-05-04 22:00:58,164 INFO o.a.j.t.JMeterThread: Thread started: Config 3: Exp5 1-84
2026-05-04 22:00:58,789 INFO o.a.j.t.JMeterThread: Thread started: Config 3: Exp5 1-85
2026-05-04 22:00:59,413 INFO o.a.j.t.JMeterThread: Thread started: Config 3: Exp5 1-86
2026-05-04 22:01:00,038 INFO o.a.j.t.JMeterThread: Thread started: Config 3: Exp5 1-87
2026-05-04 22:01:00,663 INFO o.a.j.t.JMeterThread: Thread started: Config 3: Exp5 1-88
2026-05-04 22:01:01,288 INFO o.a.j.t.JMeterThread: Thread started: Config 3: Exp5 1-89
2026-05-04 22:01:01,914 INFO o.a.j.t.JMeterThread: Thread started: Config 3: Exp5 1-90
2026-05-04 22:01:02,538 INFO o.a.j.t.JMeterThread: Thread started: Config 3: Exp5 1-91
2026-05-04 22:01:03,163 INFO o.a.j.t.JMeterThread: Thread started: Config 3: Exp5 1-92
2026-05-04 22:01:03,788 INFO o.a.j.t.JMeterThread: Thread started: Config 3: Exp5 1-93
2026-05-04 22:01:04,414 INFO o.a.j.t.JMeterThread: Thread started: Config 3: Exp5 1-94
2026-05-04 22:01:05,038 INFO o.a.j.t.JMeterThread: Thread started: Config 3: Exp5 1-95
2026-05-04 22:01:05,664 INFO o.a.j.t.JMeterThread: Thread started: Config 3: Exp5 1-96
2026-05-04 22:01:06,289 INFO o.a.j.t.JMeterThread: Thread started: Config 3: Exp5 1-97
2026-05-04 22:01:06,913 INFO o.a.j.t.JMeterThread: Thread started: Config 3: Exp5 1-98
2026-05-04 22:01:07,540 INFO o.a.j.t.JMeterThread: Thread started: Config 3: Exp5 1-99
2026-05-04 22:01:08,164 INFO o.a.j.t.JMeterThread: Thread started: Config 3: Exp5 1-100
2026-05-04 22:01:08,788 INFO o.a.j.t.JMeterThread: Thread started: Config 3: Exp5 1-101
2026-05-04 22:01:09,414 INFO o.a.j.t.JMeterThread: Thread started: Config 3: Exp5 1-102
2026-05-04 22:01:10,039 INFO o.a.j.t.JMeterThread: Thread started: Config 3: Exp5 1-103
2026-05-04 22:01:10,664 INFO o.a.j.t.JMeterThread: Thread started: Config 3: Exp5 1-104
2026-05-04 22:01:11,289 INFO o.a.j.t.JMeterThread: Thread started: Config 3: Exp5 1-105
2026-05-04 22:01:11,913 INFO o.a.j.t.JMeterThread: Thread started: Config 3: Exp5 1-106
2026-05-04 22:01:12,538 INFO o.a.j.t.JMeterThread: Thread started: Config 3: Exp5 1-107
2026-05-04 22:01:13,164 INFO o.a.j.t.JMeterThread: Thread started: Config 3: Exp5 1-108
2026-05-04 22:01:13,789 INFO o.a.j.t.JMeterThread: Thread started: Config 3: Exp5 1-109
2026-05-04 22:01:14,413 INFO o.a.j.t.JMeterThread: Thread started: Config 3: Exp5 1-110
2026-05-04 22:01:15,038 INFO o.a.j.t.JMeterThread: Thread started: Config 3: Exp5 1-111
2026-05-04 22:01:15,664 INFO o.a.j.t.JMeterThread: Thread started: Config 3: Exp5 1-112
2026-05-04 22:01:16,289 INFO o.a.j.t.JMeterThread: Thread started: Config 3: Exp5 1-113
2026-05-04 22:01:16,913 INFO o.a.j.t.JMeterThread: Thread started: Config 3: Exp5 1-114
2026-05-04 22:01:17,538 INFO o.a.j.t.JMeterThread: Thread started: Config 3: Exp5 1-115
2026-05-04 22:01:18,163 INFO o.a.j.t.JMeterThread: Thread started: Config 3: Exp5 1-116
2026-05-04 22:01:18,788 INFO o.a.j.t.JMeterThread: Thread started: Config 3: Exp5 1-117
2026-05-04 22:01:19,413 INFO o.a.j.t.JMeterThread: Thread started: Config 3: Exp5 1-118
2026-05-04 22:01:20,038 INFO o.a.j.t.JMeterThread: Thread started: Config 3: Exp5 1-119
2026-05-04 22:01:20,665 INFO o.a.j.t.JMeterThread: Thread started: Config 3: Exp5 1-120
2026-05-04 22:01:21,288 INFO o.a.j.t.JMeterThread: Thread started: Config 3: Exp5 1-121
2026-05-04 22:01:21,913 INFO o.a.j.t.JMeterThread: Thread started: Config 3: Exp5 1-122
2026-05-04 22:01:22,538 INFO o.a.j.t.JMeterThread: Thread started: Config 3: Exp5 1-123
2026-05-04 22:01:23,164 INFO o.a.j.t.JMeterThread: Thread started: Config 3: Exp5 1-124
2026-05-04 22:01:23,788 INFO o.a.j.t.JMeterThread: Thread started: Config 3: Exp5 1-125
2026-05-04 22:01:24,413 INFO o.a.j.t.JMeterThread: Thread started: Config 3: Exp5 1-126
2026-05-04 22:01:25,038 INFO o.a.j.t.JMeterThread: Thread started: Config 3: Exp5 1-127
2026-05-04 22:01:25,663 INFO o.a.j.t.JMeterThread: Thread started: Config 3: Exp5 1-128
2026-05-04 22:01:26,289 INFO o.a.j.t.JMeterThread: Thread started: Config 3: Exp5 1-129
2026-05-04 22:01:26,913 INFO o.a.j.t.JMeterThread: Thread started: Config 3: Exp5 1-130
2026-05-04 22:01:27,538 INFO o.a.j.t.JMeterThread: Thread started: Config 3: Exp5 1-131
2026-05-04 22:01:28,164 INFO o.a.j.t.JMeterThread: Thread started: Config 3: Exp5 1-132
2026-05-04 22:01:28,789 INFO o.a.j.t.JMeterThread: Thread started: Config 3: Exp5 1-133
2026-05-04 22:01:29,414 INFO o.a.j.t.JMeterThread: Thread started: Config 3: Exp5 1-134
2026-05-04 22:01:30,038 INFO o.a.j.t.JMeterThread: Thread started: Config 3: Exp5 1-135
2026-05-04 22:01:30,663 INFO o.a.j.t.JMeterThread: Thread started: Config 3: Exp5 1-136
2026-05-04 22:01:31,288 INFO o.a.j.t.JMeterThread: Thread started: Config 3: Exp5 1-137
2026-05-04 22:01:31,913 INFO o.a.j.t.JMeterThread: Thread started: Config 3: Exp5 1-138
2026-05-04 22:01:32,538 INFO o.a.j.t.JMeterThread: Thread started: Config 3: Exp5 1-139
2026-05-04 22:01:33,163 INFO o.a.j.t.JMeterThread: Thread started: Config 3: Exp5 1-140
2026-05-04 22:01:33,788 INFO o.a.j.t.JMeterThread: Thread started: Config 3: Exp5 1-141
2026-05-04 22:01:34,413 INFO o.a.j.t.JMeterThread: Thread started: Config 3: Exp5 1-142
2026-05-04 22:01:35,040 INFO o.a.j.t.JMeterThread: Thread started: Config 3: Exp5 1-143
2026-05-04 22:01:35,664 INFO o.a.j.t.JMeterThread: Thread started: Config 3: Exp5 1-144
2026-05-04 22:01:36,289 INFO o.a.j.t.JMeterThread: Thread started: Config 3: Exp5 1-145
2026-05-04 22:01:36,913 INFO o.a.j.t.JMeterThread: Thread started: Config 3: Exp5 1-146
2026-05-04 22:01:37,538 INFO o.a.j.t.JMeterThread: Thread started: Config 3: Exp5 1-147
2026-05-04 22:01:38,164 INFO o.a.j.t.JMeterThread: Thread started: Config 3: Exp5 1-148
2026-05-04 22:01:38,788 INFO o.a.j.t.JMeterThread: Thread started: Config 3: Exp5 1-149
2026-05-04 22:01:39,414 INFO o.a.j.t.JMeterThread: Thread started: Config 3: Exp5 1-150
2026-05-04 22:01:40,038 INFO o.a.j.t.JMeterThread: Thread started: Config 3: Exp5 1-151
2026-05-04 22:01:40,663 INFO o.a.j.t.JMeterThread: Thread started: Config 3: Exp5 1-152
2026-05-04 22:01:41,288 INFO o.a.j.t.JMeterThread: Thread started: Config 3: Exp5 1-153
2026-05-04 22:01:41,913 INFO o.a.j.t.JMeterThread: Thread started: Config 3: Exp5 1-154
2026-05-04 22:01:42,538 INFO o.a.j.t.JMeterThread: Thread started: Config 3: Exp5 1-155
2026-05-04 22:01:43,164 INFO o.a.j.t.JMeterThread: Thread started: Config 3: Exp5 1-156
2026-05-04 22:01:43,789 INFO o.a.j.t.JMeterThread: Thread started: Config 3: Exp5 1-157
2026-05-04 22:01:44,413 INFO o.a.j.t.JMeterThread: Thread started: Config 3: Exp5 1-158
2026-05-04 22:01:45,039 INFO o.a.j.t.JMeterThread: Thread started: Config 3: Exp5 1-159
2026-05-04 22:01:45,663 INFO o.a.j.t.JMeterThread: Thread started: Config 3: Exp5 1-160
2026-05-04 22:01:47,083 INFO o.a.j.t.JMeterThread: Stopping because end time detected by thread: Config 3: Exp5 1-127
2026-05-04 22:01:47,083 INFO o.a.j.t.JMeterThread: Thread finished: Config 3: Exp5 1-127
2026-05-04 22:01:47,083 INFO o.a.j.t.JMeterThread: Stopping because end time detected by thread: Config 3: Exp5 1-17
2026-05-04 22:01:47,083 INFO o.a.j.t.JMeterThread: Thread finished: Config 3: Exp5 1-17
2026-05-04 22:01:47,083 INFO o.a.j.t.JMeterThread: Stopping because end time detected by thread: Config 3: Exp5 1-80
2026-05-04 22:01:47,083 INFO o.a.j.t.JMeterThread: Stopping because end time detected by thread: Config 3: Exp5 1-89
2026-05-04 22:01:47,083 INFO o.a.j.t.JMeterThread: Thread finished: Config 3: Exp5 1-80
2026-05-04 22:01:47,083 INFO o.a.j.t.JMeterThread: Thread finished: Config 3: Exp5 1-89
2026-05-04 22:01:47,084 INFO o.a.j.t.JMeterThread: Stopping because end time detected by thread: Config 3: Exp5 1-60
2026-05-04 22:01:47,084 INFO o.a.j.t.JMeterThread: Thread finished: Config 3: Exp5 1-60
2026-05-04 22:01:47,085 INFO o.a.j.t.JMeterThread: Stopping because end time detected by thread: Config 3: Exp5 1-26
2026-05-04 22:01:47,085 INFO o.a.j.t.JMeterThread: Thread finished: Config 3: Exp5 1-26
2026-05-04 22:01:47,086 INFO o.a.j.t.JMeterThread: Stopping because end time detected by thread: Config 3: Exp5 1-101
2026-05-04 22:01:47,086 INFO o.a.j.t.JMeterThread: Stopping because end time detected by thread: Config 3: Exp5 1-107
2026-05-04 22:01:47,086 INFO o.a.j.t.JMeterThread: Thread finished: Config 3: Exp5 1-101
2026-05-04 22:01:47,086 INFO o.a.j.t.JMeterThread: Thread finished: Config 3: Exp5 1-107
2026-05-04 22:01:47,086 INFO o.a.j.t.JMeterThread: Stopping because end time detected by thread: Config 3: Exp5 1-121
2026-05-04 22:01:47,086 INFO o.a.j.t.JMeterThread: Stopping because end time detected by thread: Config 3: Exp5 1-88
2026-05-04 22:01:47,086 INFO o.a.j.t.JMeterThread: Thread finished: Config 3: Exp5 1-121
2026-05-04 22:01:47,086 INFO o.a.j.t.JMeterThread: Stopping because end time detected by thread: Config 3: Exp5 1-51
2026-05-04 22:01:47,086 INFO o.a.j.t.JMeterThread: Thread finished: Config 3: Exp5 1-88
2026-05-04 22:01:47,086 INFO o.a.j.t.JMeterThread: Thread finished: Config 3: Exp5 1-51
2026-05-04 22:01:48,503 INFO o.a.j.t.JMeterThread: Stopping because end time detected by thread: Config 3: Exp5 1-46
2026-05-04 22:01:48,504 INFO o.a.j.t.JMeterThread: Thread finished: Config 3: Exp5 1-46
2026-05-04 22:01:48,504 INFO o.a.j.t.JMeterThread: Stopping because end time detected by thread: Config 3: Exp5 1-61
2026-05-04 22:01:48,504 INFO o.a.j.t.JMeterThread: Stopping because end time detected by thread: Config 3: Exp5 1-67
2026-05-04 22:01:48,504 INFO o.a.j.t.JMeterThread: Stopping because end time detected by thread: Config 3: Exp5 1-23
2026-05-04 22:01:48,504 INFO o.a.j.t.JMeterThread: Thread finished: Config 3: Exp5 1-61
2026-05-04 22:01:48,504 INFO o.a.j.t.JMeterThread: Stopping because end time detected by thread: Config 3: Exp5 1-96
2026-05-04 22:01:48,504 INFO o.a.j.t.JMeterThread: Stopping because end time detected by thread: Config 3: Exp5 1-8
2026-05-04 22:01:48,504 INFO o.a.j.t.JMeterThread: Thread finished: Config 3: Exp5 1-23
2026-05-04 22:01:48,504 INFO o.a.j.t.JMeterThread: Stopping because end time detected by thread: Config 3: Exp5 1-77
2026-05-04 22:01:48,504 INFO o.a.j.t.JMeterThread: Thread finished: Config 3: Exp5 1-67
2026-05-04 22:01:48,504 INFO o.a.j.t.JMeterThread: Stopping because end time detected by thread: Config 3: Exp5 1-129
2026-05-04 22:01:48,504 INFO o.a.j.t.JMeterThread: Thread finished: Config 3: Exp5 1-8
2026-05-04 22:01:48,504 INFO o.a.j.t.JMeterThread: Stopping because end time detected by thread: Config 3: Exp5 1-9
2026-05-04 22:01:48,504 INFO o.a.j.t.JMeterThread: Stopping because end time detected by thread: Config 3: Exp5 1-136
2026-05-04 22:01:48,505 INFO o.a.j.t.JMeterThread: Thread finished: Config 3: Exp5 1-96
2026-05-04 22:01:48,504 INFO o.a.j.t.JMeterThread: Stopping because end time detected by thread: Config 3: Exp5 1-47
2026-05-04 22:01:48,505 INFO o.a.j.t.JMeterThread: Stopping because end time detected by thread: Config 3: Exp5 1-42
2026-05-04 22:01:48,505 INFO o.a.j.t.JMeterThread: Thread finished: Config 3: Exp5 1-136
2026-05-04 22:01:48,504 INFO o.a.j.t.JMeterThread: Stopping because end time detected by thread: Config 3: Exp5 1-48
2026-05-04 22:01:48,505 INFO o.a.j.t.JMeterThread: Thread finished: Config 3: Exp5 1-42
2026-05-04 22:01:48,505 INFO o.a.j.t.JMeterThread: Thread finished: Config 3: Exp5 1-47
2026-05-04 22:01:48,504 INFO o.a.j.t.JMeterThread: Stopping because end time detected by thread: Config 3: Exp5 1-27
2026-05-04 22:01:48,505 INFO o.a.j.t.JMeterThread: Thread finished: Config 3: Exp5 1-27
2026-05-04 22:01:48,505 INFO o.a.j.t.JMeterThread: Thread finished: Config 3: Exp5 1-9
2026-05-04 22:01:48,504 INFO o.a.j.t.JMeterThread: Thread finished: Config 3: Exp5 1-77
2026-05-04 22:01:48,504 INFO o.a.j.t.JMeterThread: Stopping because end time detected by thread: Config 3: Exp5 1-82
2026-05-04 22:01:48,505 INFO o.a.j.t.JMeterThread: Thread finished: Config 3: Exp5 1-129
2026-05-04 22:01:48,505 INFO o.a.j.t.JMeterThread: Thread finished: Config 3: Exp5 1-48
2026-05-04 22:01:48,505 INFO o.a.j.t.JMeterThread: Stopping because end time detected by thread: Config 3: Exp5 1-95
2026-05-04 22:01:48,506 INFO o.a.j.t.JMeterThread: Thread finished: Config 3: Exp5 1-82
2026-05-04 22:01:48,506 INFO o.a.j.t.JMeterThread: Thread finished: Config 3: Exp5 1-95
2026-05-04 22:01:49,527 INFO o.a.j.t.JMeterThread: Stopping because end time detected by thread: Config 3: Exp5 1-152
2026-05-04 22:01:49,527 INFO o.a.j.t.JMeterThread: Stopping because end time detected by thread: Config 3: Exp5 1-153
2026-05-04 22:01:49,527 INFO o.a.j.t.JMeterThread: Thread finished: Config 3: Exp5 1-152
2026-05-04 22:01:49,527 INFO o.a.j.t.JMeterThread: Thread finished: Config 3: Exp5 1-153
2026-05-04 22:01:49,544 INFO o.a.j.t.JMeterThread: Stopping because end time detected by thread: Config 3: Exp5 1-28
2026-05-04 22:01:49,544 INFO o.a.j.t.JMeterThread: Thread finished: Config 3: Exp5 1-28
2026-05-04 22:01:49,600 INFO o.a.j.t.JMeterThread: Stopping because end time detected by thread: Config 3: Exp5 1-97
2026-05-04 22:01:49,600 INFO o.a.j.t.JMeterThread: Thread finished: Config 3: Exp5 1-97
2026-05-04 22:01:49,601 INFO o.a.j.t.JMeterThread: Stopping because end time detected by thread: Config 3: Exp5 1-81
2026-05-04 22:01:49,601 INFO o.a.j.t.JMeterThread: Stopping because end time detected by thread: Config 3: Exp5 1-14
2026-05-04 22:01:49,601 INFO o.a.j.t.JMeterThread: Thread finished: Config 3: Exp5 1-81
2026-05-04 22:01:49,601 INFO o.a.j.t.JMeterThread: Thread finished: Config 3: Exp5 1-14
2026-05-04 22:01:49,601 INFO o.a.j.t.JMeterThread: Stopping because end time detected by thread: Config 3: Exp5 1-115
2026-05-04 22:01:49,601 INFO o.a.j.t.JMeterThread: Stopping because end time detected by thread: Config 3: Exp5 1-130
2026-05-04 22:01:49,601 INFO o.a.j.t.JMeterThread: Thread finished: Config 3: Exp5 1-115
2026-05-04 22:01:49,601 INFO o.a.j.t.JMeterThread: Thread finished: Config 3: Exp5 1-130
2026-05-04 22:01:49,602 INFO o.a.j.t.JMeterThread: Stopping because end time detected by thread: Config 3: Exp5 1-37
2026-05-04 22:01:49,602 INFO o.a.j.t.JMeterThread: Thread finished: Config 3: Exp5 1-37
2026-05-04 22:01:49,603 INFO o.a.j.t.JMeterThread: Stopping because end time detected by thread: Config 3: Exp5 1-146
2026-05-04 22:01:49,603 INFO o.a.j.t.JMeterThread: Stopping because end time detected by thread: Config 3: Exp5 1-70
2026-05-04 22:01:49,603 INFO o.a.j.t.JMeterThread: Thread finished: Config 3: Exp5 1-146
2026-05-04 22:01:49,603 INFO o.a.j.t.JMeterThread: Stopping because end time detected by thread: Config 3: Exp5 1-38
2026-05-04 22:01:49,603 INFO o.a.j.t.JMeterThread: Thread finished: Config 3: Exp5 1-38
2026-05-04 22:01:49,603 INFO o.a.j.t.JMeterThread: Stopping because end time detected by thread: Config 3: Exp5 1-58
2026-05-04 22:01:49,603 INFO o.a.j.t.JMeterThread: Thread finished: Config 3: Exp5 1-58
2026-05-04 22:01:49,603 INFO o.a.j.t.JMeterThread: Stopping because end time detected by thread: Config 3: Exp5 1-110
2026-05-04 22:01:49,603 INFO o.a.j.t.JMeterThread: Thread finished: Config 3: Exp5 1-110
2026-05-04 22:01:49,603 INFO o.a.j.t.JMeterThread: Stopping because end time detected by thread: Config 3: Exp5 1-137
2026-05-04 22:01:49,603 INFO o.a.j.t.JMeterThread: Stopping because end time detected by thread: Config 3: Exp5 1-13
2026-05-04 22:01:49,603 INFO o.a.j.t.JMeterThread: Stopping because end time detected by thread: Config 3: Exp5 1-56
2026-05-04 22:01:49,603 INFO o.a.j.t.JMeterThread: Thread finished: Config 3: Exp5 1-13
2026-05-04 22:01:49,603 INFO o.a.j.t.JMeterThread: Thread finished: Config 3: Exp5 1-70
2026-05-04 22:01:49,603 INFO o.a.j.t.JMeterThread: Stopping because end time detected by thread: Config 3: Exp5 1-155
2026-05-04 22:01:49,603 INFO o.a.j.t.JMeterThread: Thread finished: Config 3: Exp5 1-155
2026-05-04 22:01:49,603 INFO o.a.j.t.JMeterThread: Thread finished: Config 3: Exp5 1-137
2026-05-04 22:01:49,603 INFO o.a.j.t.JMeterThread: Stopping because end time detected by thread: Config 3: Exp5 1-57
2026-05-04 22:01:49,603 INFO o.a.j.t.JMeterThread: Thread finished: Config 3: Exp5 1-56
2026-05-04 22:01:49,603 INFO o.a.j.t.JMeterThread: Thread finished: Config 3: Exp5 1-57
2026-05-04 22:01:49,604 INFO o.a.j.t.JMeterThread: Stopping because end time detected by thread: Config 3: Exp5 1-64
2026-05-04 22:01:49,604 INFO o.a.j.t.JMeterThread: Thread finished: Config 3: Exp5 1-64
2026-05-04 22:01:49,605 INFO o.a.j.t.JMeterThread: Stopping because end time detected by thread: Config 3: Exp5 1-91
2026-05-04 22:01:49,605 INFO o.a.j.t.JMeterThread: Thread finished: Config 3: Exp5 1-91
2026-05-04 22:01:49,605 INFO o.a.j.t.JMeterThread: Stopping because end time detected by thread: Config 3: Exp5 1-43
2026-05-04 22:01:49,605 INFO o.a.j.t.JMeterThread: Thread finished: Config 3: Exp5 1-43
2026-05-04 22:01:49,607 INFO o.a.j.t.JMeterThread: Stopping because end time detected by thread: Config 3: Exp5 1-123
2026-05-04 22:01:49,607 INFO o.a.j.t.JMeterThread: Thread finished: Config 3: Exp5 1-123
2026-05-04 22:01:49,608 INFO o.a.j.t.JMeterThread: Stopping because end time detected by thread: Config 3: Exp5 1-139
2026-05-04 22:01:49,608 INFO o.a.j.t.JMeterThread: Stopping because end time detected by thread: Config 3: Exp5 1-19
2026-05-04 22:01:49,608 INFO o.a.j.t.JMeterThread: Stopping because end time detected by thread: Config 3: Exp5 1-138
2026-05-04 22:01:49,608 INFO o.a.j.t.JMeterThread: Thread finished: Config 3: Exp5 1-19
2026-05-04 22:01:49,608 INFO o.a.j.t.JMeterThread: Thread finished: Config 3: Exp5 1-139
2026-05-04 22:01:49,608 INFO o.a.j.t.JMeterThread: Thread finished: Config 3: Exp5 1-138
2026-05-04 22:01:49,608 INFO o.a.j.t.JMeterThread: Stopping because end time detected by thread: Config 3: Exp5 1-86
2026-05-04 22:01:49,608 INFO o.a.j.t.JMeterThread: Thread finished: Config 3: Exp5 1-86
2026-05-04 22:01:49,608 INFO o.a.j.t.JMeterThread: Stopping because end time detected by thread: Config 3: Exp5 1-116
2026-05-04 22:01:49,608 INFO o.a.j.t.JMeterThread: Stopping because end time detected by thread: Config 3: Exp5 1-109
2026-05-04 22:01:49,608 INFO o.a.j.t.JMeterThread: Thread finished: Config 3: Exp5 1-116
2026-05-04 22:01:49,608 INFO o.a.j.t.JMeterThread: Stopping because end time detected by thread: Config 3: Exp5 1-147
2026-05-04 22:01:49,608 INFO o.a.j.t.JMeterThread: Stopping because end time detected by thread: Config 3: Exp5 1-34
2026-05-04 22:01:49,608 INFO o.a.j.t.JMeterThread: Stopping because end time detected by thread: Config 3: Exp5 1-131
2026-05-04 22:01:49,608 INFO o.a.j.t.JMeterThread: Thread finished: Config 3: Exp5 1-147
2026-05-04 22:01:49,608 INFO o.a.j.t.JMeterThread: Thread finished: Config 3: Exp5 1-109
2026-05-04 22:01:49,608 INFO o.a.j.t.JMeterThread: Thread finished: Config 3: Exp5 1-34
2026-05-04 22:01:49,608 INFO o.a.j.t.JMeterThread: Thread finished: Config 3: Exp5 1-131
2026-05-04 22:01:49,608 INFO o.a.j.t.JMeterThread: Stopping because end time detected by thread: Config 3: Exp5 1-49
2026-05-04 22:01:49,608 INFO o.a.j.t.JMeterThread: Thread finished: Config 3: Exp5 1-49
2026-05-04 22:01:49,608 INFO o.a.j.t.JMeterThread: Stopping because end time detected by thread: Config 3: Exp5 1-76
2026-05-04 22:01:49,608 INFO o.a.j.t.JMeterThread: Stopping because end time detected by thread: Config 3: Exp5 1-124
2026-05-04 22:01:49,609 INFO o.a.j.t.JMeterThread: Thread finished: Config 3: Exp5 1-124
2026-05-04 22:01:49,609 INFO o.a.j.t.JMeterThread: Thread finished: Config 3: Exp5 1-76
2026-05-04 22:01:51,371 INFO o.a.j.t.JMeterThread: Stopping because end time detected by thread: Config 3: Exp5 1-122
2026-05-04 22:01:51,371 INFO o.a.j.t.JMeterThread: Stopping because end time detected by thread: Config 3: Exp5 1-108
2026-05-04 22:01:51,371 INFO o.a.j.t.JMeterThread: Stopping because end time detected by thread: Config 3: Exp5 1-52
2026-05-04 22:01:51,371 INFO o.a.j.t.JMeterThread: Stopping because end time detected by thread: Config 3: Exp5 1-154
2026-05-04 22:01:51,372 INFO o.a.j.t.JMeterThread: Stopping because end time detected by thread: Config 3: Exp5 1-71
2026-05-04 22:01:51,372 INFO o.a.j.t.JMeterThread: Thread finished: Config 3: Exp5 1-71
2026-05-04 22:01:51,372 INFO o.a.j.t.JMeterThread: Thread finished: Config 3: Exp5 1-52
2026-05-04 22:01:51,371 INFO o.a.j.t.JMeterThread: Stopping because end time detected by thread: Config 3: Exp5 1-102
2026-05-04 22:01:51,372 INFO o.a.j.t.JMeterThread: Thread finished: Config 3: Exp5 1-108
2026-05-04 22:01:51,371 INFO o.a.j.t.JMeterThread: Stopping because end time detected by thread: Config 3: Exp5 1-90
2026-05-04 22:01:51,371 INFO o.a.j.t.JMeterThread: Stopping because end time detected by thread: Config 3: Exp5 1-72
2026-05-04 22:01:51,372 INFO o.a.j.t.JMeterThread: Thread finished: Config 3: Exp5 1-90
2026-05-04 22:01:51,372 INFO o.a.j.t.JMeterThread: Thread finished: Config 3: Exp5 1-154
2026-05-04 22:01:51,372 INFO o.a.j.t.JMeterThread: Thread finished: Config 3: Exp5 1-102
2026-05-04 22:01:51,372 INFO o.a.j.t.JMeterThread: Thread finished: Config 3: Exp5 1-122
2026-05-04 22:01:51,372 INFO o.a.j.t.JMeterThread: Stopping because end time detected by thread: Config 3: Exp5 1-66
2026-05-04 22:01:51,373 INFO o.a.j.t.JMeterThread: Thread finished: Config 3: Exp5 1-72
2026-05-04 22:01:51,373 INFO o.a.j.t.JMeterThread: Thread finished: Config 3: Exp5 1-66
2026-05-04 22:01:51,574 INFO o.a.j.t.JMeterThread: Stopping because end time detected by thread: Config 3: Exp5 1-33
2026-05-04 22:01:51,575 INFO o.a.j.t.JMeterThread: Thread finished: Config 3: Exp5 1-33
2026-05-04 22:01:51,575 INFO o.a.j.t.JMeterThread: Stopping because end time detected by thread: Config 3: Exp5 1-62
2026-05-04 22:01:51,575 INFO o.a.j.t.JMeterThread: Thread finished: Config 3: Exp5 1-62
2026-05-04 22:01:51,575 INFO o.a.j.t.JMeterThread: Stopping because end time detected by thread: Config 3: Exp5 1-53
2026-05-04 22:01:51,575 INFO o.a.j.t.JMeterThread: Stopping because end time detected by thread: Config 3: Exp5 1-104
2026-05-04 22:01:51,575 INFO o.a.j.t.JMeterThread: Thread finished: Config 3: Exp5 1-53
2026-05-04 22:01:51,575 INFO o.a.j.t.JMeterThread: Thread finished: Config 3: Exp5 1-104
2026-05-04 22:01:51,577 INFO o.a.j.t.JMeterThread: Stopping because end time detected by thread: Config 3: Exp5 1-148
2026-05-04 22:01:51,577 INFO o.a.j.t.JMeterThread: Thread finished: Config 3: Exp5 1-148
2026-05-04 22:01:51,577 INFO o.a.j.t.JMeterThread: Stopping because end time detected by thread: Config 3: Exp5 1-98
2026-05-04 22:01:51,577 INFO o.a.j.t.JMeterThread: Thread finished: Config 3: Exp5 1-98
2026-05-04 22:01:51,578 INFO o.a.j.t.JMeterThread: Stopping because end time detected by thread: Config 3: Exp5 1-25
2026-05-04 22:01:51,578 INFO o.a.j.t.JMeterThread: Stopping because end time detected by thread: Config 3: Exp5 1-103
2026-05-04 22:01:51,578 INFO o.a.j.t.JMeterThread: Thread finished: Config 3: Exp5 1-25
2026-05-04 22:01:51,578 INFO o.a.j.t.JMeterThread: Stopping because end time detected by thread: Config 3: Exp5 1-92
2026-05-04 22:01:51,578 INFO o.a.j.t.JMeterThread: Thread finished: Config 3: Exp5 1-103
2026-05-04 22:01:51,578 INFO o.a.j.t.JMeterThread: Thread finished: Config 3: Exp5 1-92
2026-05-04 22:01:51,579 INFO o.a.j.t.JMeterThread: Stopping because end time detected by thread: Config 3: Exp5 1-117
2026-05-04 22:01:51,579 INFO o.a.j.t.JMeterThread: Stopping because end time detected by thread: Config 3: Exp5 1-4
2026-05-04 22:01:51,579 INFO o.a.j.t.JMeterThread: Thread finished: Config 3: Exp5 1-117
2026-05-04 22:01:51,579 INFO o.a.j.t.JMeterThread: Stopping because end time detected by thread: Config 3: Exp5 1-140
2026-05-04 22:01:51,579 INFO o.a.j.t.JMeterThread: Thread finished: Config 3: Exp5 1-4
2026-05-04 22:01:51,579 INFO o.a.j.t.JMeterThread: Thread finished: Config 3: Exp5 1-140
2026-05-04 22:01:51,579 INFO o.a.j.t.JMeterThread: Stopping because end time detected by thread: Config 3: Exp5 1-1
2026-05-04 22:01:51,579 INFO o.a.j.t.JMeterThread: Stopping because end time detected by thread: Config 3: Exp5 1-149
2026-05-04 22:01:51,579 INFO o.a.j.t.JMeterThread: Thread finished: Config 3: Exp5 1-1
2026-05-04 22:01:51,579 INFO o.a.j.t.JMeterThread: Thread finished: Config 3: Exp5 1-149
2026-05-04 22:01:51,580 INFO o.a.j.t.JMeterThread: Stopping because end time detected by thread: Config 3: Exp5 1-111
2026-05-04 22:01:51,580 INFO o.a.j.t.JMeterThread: Stopping because end time detected by thread: Config 3: Exp5 1-68
2026-05-04 22:01:51,580 INFO o.a.j.t.JMeterThread: Stopping because end time detected by thread: Config 3: Exp5 1-93
2026-05-04 22:01:51,580 INFO o.a.j.t.JMeterThread: Stopping because end time detected by thread: Config 3: Exp5 1-141
2026-05-04 22:01:51,580 INFO o.a.j.t.JMeterThread: Thread finished: Config 3: Exp5 1-111
2026-05-04 22:01:51,580 INFO o.a.j.t.JMeterThread: Stopping because end time detected by thread: Config 3: Exp5 1-50
2026-05-04 22:01:51,580 INFO o.a.j.t.JMeterThread: Stopping because end time detected by thread: Config 3: Exp5 1-63
2026-05-04 22:01:51,580 INFO o.a.j.t.JMeterThread: Thread finished: Config 3: Exp5 1-141
2026-05-04 22:01:51,580 INFO o.a.j.t.JMeterThread: Thread finished: Config 3: Exp5 1-68
2026-05-04 22:01:51,580 INFO o.a.j.t.JMeterThread: Thread finished: Config 3: Exp5 1-50
2026-05-04 22:01:51,580 INFO o.a.j.t.JMeterThread: Thread finished: Config 3: Exp5 1-93
2026-05-04 22:01:51,580 INFO o.a.j.t.JMeterThread: Thread finished: Config 3: Exp5 1-63
2026-05-04 22:01:52,226 INFO o.a.j.t.JMeterThread: Stopping because end time detected by thread: Config 3: Exp5 1-156
2026-05-04 22:01:52,226 INFO o.a.j.t.JMeterThread: Stopping because end time detected by thread: Config 3: Exp5 1-144
2026-05-04 22:01:52,226 INFO o.a.j.t.JMeterThread: Thread finished: Config 3: Exp5 1-156
2026-05-04 22:01:52,226 INFO o.a.j.t.JMeterThread: Thread finished: Config 3: Exp5 1-144
2026-05-04 22:01:52,496 INFO o.a.j.t.JMeterThread: Stopping because end time detected by thread: Config 3: Exp5 1-125
2026-05-04 22:01:52,496 INFO o.a.j.t.JMeterThread: Thread finished: Config 3: Exp5 1-125
2026-05-04 22:01:52,496 INFO o.a.j.t.JMeterThread: Stopping because end time detected by thread: Config 3: Exp5 1-150
2026-05-04 22:01:52,496 INFO o.a.j.t.JMeterThread: Thread finished: Config 3: Exp5 1-150
2026-05-04 22:01:52,497 INFO o.a.j.t.JMeterThread: Stopping because end time detected by thread: Config 3: Exp5 1-112
2026-05-04 22:01:52,497 INFO o.a.j.t.JMeterThread: Thread finished: Config 3: Exp5 1-112
2026-05-04 22:01:52,497 INFO o.a.j.t.JMeterThread: Stopping because end time detected by thread: Config 3: Exp5 1-119
2026-05-04 22:01:52,497 INFO o.a.j.t.JMeterThread: Stopping because end time detected by thread: Config 3: Exp5 1-2
2026-05-04 22:01:52,497 INFO o.a.j.t.JMeterThread: Thread finished: Config 3: Exp5 1-119
2026-05-04 22:01:52,497 INFO o.a.j.t.JMeterThread: Stopping because end time detected by thread: Config 3: Exp5 1-20
2026-05-04 22:01:52,497 INFO o.a.j.t.JMeterThread: Thread finished: Config 3: Exp5 1-2
2026-05-04 22:01:52,497 INFO o.a.j.t.JMeterThread: Thread finished: Config 3: Exp5 1-20
2026-05-04 22:01:52,497 INFO o.a.j.t.JMeterThread: Stopping because end time detected by thread: Config 3: Exp5 1-65
2026-05-04 22:01:52,497 INFO o.a.j.t.JMeterThread: Stopping because end time detected by thread: Config 3: Exp5 1-134
2026-05-04 22:01:52,497 INFO o.a.j.t.JMeterThread: Stopping because end time detected by thread: Config 3: Exp5 1-133
2026-05-04 22:01:52,497 INFO o.a.j.t.JMeterThread: Stopping because end time detected by thread: Config 3: Exp5 1-30
2026-05-04 22:01:52,497 INFO o.a.j.t.JMeterThread: Stopping because end time detected by thread: Config 3: Exp5 1-135
2026-05-04 22:01:52,497 INFO o.a.j.t.JMeterThread: Stopping because end time detected by thread: Config 3: Exp5 1-12
2026-05-04 22:01:52,497 INFO o.a.j.t.JMeterThread: Thread finished: Config 3: Exp5 1-133
2026-05-04 22:01:52,497 INFO o.a.j.t.JMeterThread: Stopping because end time detected by thread: Config 3: Exp5 1-142
2026-05-04 22:01:52,497 INFO o.a.j.t.JMeterThread: Stopping because end time detected by thread: Config 3: Exp5 1-79
2026-05-04 22:01:52,497 INFO o.a.j.t.JMeterThread: Thread finished: Config 3: Exp5 1-12
2026-05-04 22:01:52,497 INFO o.a.j.t.JMeterThread: Stopping because end time detected by thread: Config 3: Exp5 1-40
2026-05-04 22:01:52,497 INFO o.a.j.t.JMeterThread: Stopping because end time detected by thread: Config 3: Exp5 1-105
2026-05-04 22:01:52,497 INFO o.a.j.t.JMeterThread: Stopping because end time detected by thread: Config 3: Exp5 1-44
2026-05-04 22:01:52,497 INFO o.a.j.t.JMeterThread: Thread finished: Config 3: Exp5 1-142
2026-05-04 22:01:52,497 INFO o.a.j.t.JMeterThread: Thread finished: Config 3: Exp5 1-79
2026-05-04 22:01:52,497 INFO o.a.j.t.JMeterThread: Thread finished: Config 3: Exp5 1-44
2026-05-04 22:01:52,497 INFO o.a.j.t.JMeterThread: Thread finished: Config 3: Exp5 1-135
2026-05-04 22:01:52,497 INFO o.a.j.t.JMeterThread: Stopping because end time detected by thread: Config 3: Exp5 1-113
2026-05-04 22:01:52,497 INFO o.a.j.t.JMeterThread: Stopping because end time detected by thread: Config 3: Exp5 1-100
2026-05-04 22:01:52,497 INFO o.a.j.t.JMeterThread: Thread finished: Config 3: Exp5 1-65
2026-05-04 22:01:52,497 INFO o.a.j.t.JMeterThread: Thread finished: Config 3: Exp5 1-113
2026-05-04 22:01:52,497 INFO o.a.j.t.JMeterThread: Stopping because end time detected by thread: Config 3: Exp5 1-45
2026-05-04 22:01:52,497 INFO o.a.j.t.JMeterThread: Stopping because end time detected by thread: Config 3: Exp5 1-29
2026-05-04 22:01:52,497 INFO o.a.j.t.JMeterThread: Stopping because end time detected by thread: Config 3: Exp5 1-83
2026-05-04 22:01:52,497 INFO o.a.j.t.JMeterThread: Stopping because end time detected by thread: Config 3: Exp5 1-78
2026-05-04 22:01:52,497 INFO o.a.j.t.JMeterThread: Stopping because end time detected by thread: Config 3: Exp5 1-85
2026-05-04 22:01:52,497 INFO o.a.j.t.JMeterThread: Thread finished: Config 3: Exp5 1-83
2026-05-04 22:01:52,497 INFO o.a.j.t.JMeterThread: Thread finished: Config 3: Exp5 1-85
2026-05-04 22:01:52,497 INFO o.a.j.t.JMeterThread: Thread finished: Config 3: Exp5 1-30
2026-05-04 22:01:52,497 INFO o.a.j.t.JMeterThread: Stopping because end time detected by thread: Config 3: Exp5 1-118
2026-05-04 22:01:52,498 INFO o.a.j.t.JMeterThread: Thread finished: Config 3: Exp5 1-118
2026-05-04 22:01:52,498 INFO o.a.j.t.JMeterThread: Stopping because end time detected by thread: Config 3: Exp5 1-73
2026-05-04 22:01:52,498 INFO o.a.j.t.JMeterThread: Stopping because end time detected by thread: Config 3: Exp5 1-74
2026-05-04 22:01:52,498 INFO o.a.j.t.JMeterThread: Stopping because end time detected by thread: Config 3: Exp5 1-15
2026-05-04 22:01:52,497 INFO o.a.j.t.JMeterThread: Stopping because end time detected by thread: Config 3: Exp5 1-132
2026-05-04 22:01:52,498 INFO o.a.j.t.JMeterThread: Thread finished: Config 3: Exp5 1-73
2026-05-04 22:01:52,497 INFO o.a.j.t.JMeterThread: Stopping because end time detected by thread: Config 3: Exp5 1-21
2026-05-04 22:01:52,498 INFO o.a.j.t.JMeterThread: Thread finished: Config 3: Exp5 1-132
2026-05-04 22:01:52,497 INFO o.a.j.t.JMeterThread: Stopping because end time detected by thread: Config 3: Exp5 1-10
2026-05-04 22:01:52,498 INFO o.a.j.t.JMeterThread: Stopping because end time detected by thread: Config 3: Exp5 1-114
2026-05-04 22:01:52,497 INFO o.a.j.t.JMeterThread: Stopping because end time detected by thread: Config 3: Exp5 1-5
2026-05-04 22:01:52,498 INFO o.a.j.t.JMeterThread: Thread finished: Config 3: Exp5 1-10
2026-05-04 22:01:52,498 INFO o.a.j.t.JMeterThread: Stopping because end time detected by thread: Config 3: Exp5 1-32
2026-05-04 22:01:52,498 INFO o.a.j.t.JMeterThread: Thread finished: Config 3: Exp5 1-114
2026-05-04 22:01:52,498 INFO o.a.j.t.JMeterThread: Thread finished: Config 3: Exp5 1-32
2026-05-04 22:01:52,498 INFO o.a.j.t.JMeterThread: Thread finished: Config 3: Exp5 1-134
2026-05-04 22:01:52,497 INFO o.a.j.t.JMeterThread: Stopping because end time detected by thread: Config 3: Exp5 1-87
2026-05-04 22:01:52,497 INFO o.a.j.t.JMeterThread: Stopping because end time detected by thread: Config 3: Exp5 1-106
2026-05-04 22:01:52,498 INFO o.a.j.t.JMeterThread: Thread finished: Config 3: Exp5 1-106
2026-05-04 22:01:52,498 INFO o.a.j.t.JMeterThread: Thread finished: Config 3: Exp5 1-87
2026-05-04 22:01:52,498 INFO o.a.j.t.JMeterThread: Thread finished: Config 3: Exp5 1-15
2026-05-04 22:01:52,498 INFO o.a.j.t.JMeterThread: Thread finished: Config 3: Exp5 1-21
2026-05-04 22:01:52,498 INFO o.a.j.t.JMeterThread: Thread finished: Config 3: Exp5 1-5
2026-05-04 22:01:52,498 INFO o.a.j.t.JMeterThread: Stopping because end time detected by thread: Config 3: Exp5 1-35
2026-05-04 22:01:52,498 INFO o.a.j.t.JMeterThread: Stopping because end time detected by thread: Config 3: Exp5 1-75
2026-05-04 22:01:52,498 INFO o.a.j.t.JMeterThread: Stopping because end time detected by thread: Config 3: Exp5 1-18
2026-05-04 22:01:52,498 INFO o.a.j.t.JMeterThread: Stopping because end time detected by thread: Config 3: Exp5 1-6
2026-05-04 22:01:52,497 INFO o.a.j.t.JMeterThread: Stopping because end time detected by thread: Config 3: Exp5 1-7
2026-05-04 22:01:52,497 INFO o.a.j.t.JMeterThread: Thread finished: Config 3: Exp5 1-45
2026-05-04 22:01:52,499 INFO o.a.j.t.JMeterThread: Thread finished: Config 3: Exp5 1-6
2026-05-04 22:01:52,499 INFO o.a.j.t.JMeterThread: Thread finished: Config 3: Exp5 1-74
2026-05-04 22:01:52,499 INFO o.a.j.t.JMeterThread: Thread finished: Config 3: Exp5 1-7
2026-05-04 22:01:52,497 INFO o.a.j.t.JMeterThread: Thread finished: Config 3: Exp5 1-100
2026-05-04 22:01:52,497 INFO o.a.j.t.JMeterThread: Stopping because end time detected by thread: Config 3: Exp5 1-151
2026-05-04 22:01:52,499 INFO o.a.j.t.JMeterThread: Thread finished: Config 3: Exp5 1-105
2026-05-04 22:01:52,499 INFO o.a.j.t.JMeterThread: Thread finished: Config 3: Exp5 1-151
2026-05-04 22:01:52,497 INFO o.a.j.t.JMeterThread: Stopping because end time detected by thread: Config 3: Exp5 1-41
2026-05-04 22:01:52,497 INFO o.a.j.t.JMeterThread: Stopping because end time detected by thread: Config 3: Exp5 1-11
2026-05-04 22:01:52,497 INFO o.a.j.t.JMeterThread: Stopping because end time detected by thread: Config 3: Exp5 1-39
2026-05-04 22:01:52,497 INFO o.a.j.t.JMeterThread: Stopping because end time detected by thread: Config 3: Exp5 1-69
2026-05-04 22:01:52,497 INFO o.a.j.t.JMeterThread: Stopping because end time detected by thread: Config 3: Exp5 1-99
2026-05-04 22:01:52,500 INFO o.a.j.t.JMeterThread: Thread finished: Config 3: Exp5 1-39
2026-05-04 22:01:52,500 INFO o.a.j.t.JMeterThread: Thread finished: Config 3: Exp5 1-11
2026-05-04 22:01:52,499 INFO o.a.j.t.JMeterThread: Thread finished: Config 3: Exp5 1-29
2026-05-04 22:01:52,500 INFO o.a.j.t.JMeterThread: Thread finished: Config 3: Exp5 1-69
2026-05-04 22:01:52,500 INFO o.a.j.t.JMeterThread: Thread finished: Config 3: Exp5 1-40
2026-05-04 22:01:52,499 INFO o.a.j.t.JMeterThread: Thread finished: Config 3: Exp5 1-78
2026-05-04 22:01:52,498 INFO o.a.j.t.JMeterThread: Thread finished: Config 3: Exp5 1-35
2026-05-04 22:01:52,500 INFO o.a.j.t.JMeterThread: Thread finished: Config 3: Exp5 1-41
2026-05-04 22:01:52,500 INFO o.a.j.t.JMeterThread: Thread finished: Config 3: Exp5 1-18
2026-05-04 22:01:52,500 INFO o.a.j.t.JMeterThread: Thread finished: Config 3: Exp5 1-99
2026-05-04 22:01:52,500 INFO o.a.j.t.JMeterThread: Thread finished: Config 3: Exp5 1-75
2026-05-04 22:01:52,906 INFO o.a.j.t.JMeterThread: Stopping because end time detected by thread: Config 3: Exp5 1-157
2026-05-04 22:01:52,906 INFO o.a.j.t.JMeterThread: Stopping because end time detected by thread: Config 3: Exp5 1-158
2026-05-04 22:01:52,907 INFO o.a.j.t.JMeterThread: Thread finished: Config 3: Exp5 1-158
2026-05-04 22:01:52,907 INFO o.a.j.t.JMeterThread: Thread finished: Config 3: Exp5 1-157
2026-05-04 22:01:52,907 INFO o.a.j.t.JMeterThread: Stopping because end time detected by thread: Config 3: Exp5 1-145
2026-05-04 22:01:52,907 INFO o.a.j.t.JMeterThread: Thread finished: Config 3: Exp5 1-145
2026-05-04 22:01:54,145 INFO o.a.j.t.JMeterThread: Stopping because end time detected by thread: Config 3: Exp5 1-24
2026-05-04 22:01:54,145 INFO o.a.j.t.JMeterThread: Thread finished: Config 3: Exp5 1-24
2026-05-04 22:01:54,145 INFO o.a.j.t.JMeterThread: Stopping because end time detected by thread: Config 3: Exp5 1-159
2026-05-04 22:01:54,145 INFO o.a.j.t.JMeterThread: Thread finished: Config 3: Exp5 1-159
2026-05-04 22:01:54,158 INFO o.a.j.t.JMeterThread: Stopping because end time detected by thread: Config 3: Exp5 1-160
2026-05-04 22:01:54,158 INFO o.a.j.t.JMeterThread: Thread finished: Config 3: Exp5 1-160
2026-05-04 22:01:54,544 INFO o.a.j.t.JMeterThread: Stopping because end time detected by thread: Config 3: Exp5 1-120
2026-05-04 22:01:54,544 INFO o.a.j.t.JMeterThread: Stopping because end time detected by thread: Config 3: Exp5 1-54
2026-05-04 22:01:54,544 INFO o.a.j.t.JMeterThread: Thread finished: Config 3: Exp5 1-54
2026-05-04 22:01:54,544 INFO o.a.j.t.JMeterThread: Thread finished: Config 3: Exp5 1-120
2026-05-04 22:01:54,545 INFO o.a.j.t.JMeterThread: Stopping because end time detected by thread: Config 3: Exp5 1-31
2026-05-04 22:01:54,545 INFO o.a.j.t.JMeterThread: Stopping because end time detected by thread: Config 3: Exp5 1-143
2026-05-04 22:01:54,545 INFO o.a.j.t.JMeterThread: Thread finished: Config 3: Exp5 1-31
2026-05-04 22:01:54,545 INFO o.a.j.t.JMeterThread: Stopping because end time detected by thread: Config 3: Exp5 1-16
2026-05-04 22:01:54,545 INFO o.a.j.t.JMeterThread: Stopping because end time detected by thread: Config 3: Exp5 1-128
2026-05-04 22:01:54,545 INFO o.a.j.t.JMeterThread: Thread finished: Config 3: Exp5 1-143
2026-05-04 22:01:54,545 INFO o.a.j.t.JMeterThread: Stopping because end time detected by thread: Config 3: Exp5 1-3
2026-05-04 22:01:54,545 INFO o.a.j.t.JMeterThread: Stopping because end time detected by thread: Config 3: Exp5 1-94
2026-05-04 22:01:54,545 INFO o.a.j.t.JMeterThread: Stopping because end time detected by thread: Config 3: Exp5 1-84
2026-05-04 22:01:54,545 INFO o.a.j.t.JMeterThread: Thread finished: Config 3: Exp5 1-128
2026-05-04 22:01:54,545 INFO o.a.j.t.JMeterThread: Thread finished: Config 3: Exp5 1-94
2026-05-04 22:01:54,545 INFO o.a.j.t.JMeterThread: Stopping because end time detected by thread: Config 3: Exp5 1-55
2026-05-04 22:01:54,545 INFO o.a.j.t.JMeterThread: Stopping because end time detected by thread: Config 3: Exp5 1-126
2026-05-04 22:01:54,545 INFO o.a.j.t.JMeterThread: Stopping because end time detected by thread: Config 3: Exp5 1-59
2026-05-04 22:01:54,545 INFO o.a.j.t.JMeterThread: Thread finished: Config 3: Exp5 1-55
2026-05-04 22:01:54,545 INFO o.a.j.t.JMeterThread: Thread finished: Config 3: Exp5 1-59
2026-05-04 22:01:54,545 INFO o.a.j.t.JMeterThread: Stopping because end time detected by thread: Config 3: Exp5 1-22
2026-05-04 22:01:54,545 INFO o.a.j.t.JMeterThread: Stopping because end time detected by thread: Config 3: Exp5 1-36
2026-05-04 22:01:54,545 INFO o.a.j.t.JMeterThread: Thread finished: Config 3: Exp5 1-22
2026-05-04 22:01:54,545 INFO o.a.j.t.JMeterThread: Thread finished: Config 3: Exp5 1-36
2026-05-04 22:01:54,545 INFO o.a.j.t.JMeterThread: Thread finished: Config 3: Exp5 1-16
2026-05-04 22:01:54,545 INFO o.a.j.t.JMeterThread: Thread finished: Config 3: Exp5 1-84
2026-05-04 22:01:54,545 INFO o.a.j.t.JMeterThread: Thread finished: Config 3: Exp5 1-3
2026-05-04 22:01:54,545 INFO o.a.j.t.JMeterThread: Thread finished: Config 3: Exp5 1-126
2026-05-04 22:01:54,545 INFO o.a.j.e.StandardJMeterEngine: Notifying test listeners of end of test
2026-05-04 22:01:54,545 INFO o.a.j.g.u.JMeterMenuBar: setRunning(false, *local*)
2026-05-04 22:03:13,351 INFO o.a.j.e.StandardJMeterEngine: Running the test!
2026-05-04 22:03:13,351 INFO o.a.j.s.SampleEvent: List of sample_variables: []
2026-05-04 22:03:13,352 INFO o.a.j.g.u.JMeterMenuBar: setRunning(true, *local*)
2026-05-04 22:03:13,389 INFO o.a.j.e.StandardJMeterEngine: Starting ThreadGroup: 1 : Config 3: Exp6
2026-05-04 22:03:13,389 INFO o.a.j.e.StandardJMeterEngine: Starting 320 threads for group Config 3: Exp6.
2026-05-04 22:03:13,389 INFO o.a.j.e.StandardJMeterEngine: Thread will continue on error
2026-05-04 22:03:13,389 INFO o.a.j.t.ThreadGroup: Starting thread group... number=1 threads=320 ramp-up=100 delayedStart=false
2026-05-04 22:03:13,390 INFO o.a.j.t.JMeterThread: Thread started: Config 3: Exp6 1-1
2026-05-04 22:03:13,409 INFO o.a.j.t.ThreadGroup: Started thread group number 1
2026-05-04 22:03:13,409 INFO o.a.j.e.StandardJMeterEngine: All thread groups have been started
2026-05-04 22:03:13,703 INFO o.a.j.t.JMeterThread: Thread started: Config 3: Exp6 1-2
2026-05-04 22:03:14,015 INFO o.a.j.t.JMeterThread: Thread started: Config 3: Exp6 1-3
2026-05-04 22:03:14,329 INFO o.a.j.t.JMeterThread: Thread started: Config 3: Exp6 1-4
2026-05-04 22:03:14,641 INFO o.a.j.t.JMeterThread: Thread started: Config 3: Exp6 1-5
2026-05-04 22:03:14,955 INFO o.a.j.t.JMeterThread: Thread started: Config 3: Exp6 1-6
2026-05-04 22:03:15,267 INFO o.a.j.t.JMeterThread: Thread started: Config 3: Exp6 1-7
2026-05-04 22:03:15,580 INFO o.a.j.t.JMeterThread: Thread started: Config 3: Exp6 1-8
2026-05-04 22:03:15,893 INFO o.a.j.t.JMeterThread: Thread started: Config 3: Exp6 1-9
2026-05-04 22:03:16,207 INFO o.a.j.t.JMeterThread: Thread started: Config 3: Exp6 1-10
2026-05-04 22:03:16,519 INFO o.a.j.t.JMeterThread: Thread started: Config 3: Exp6 1-11
2026-05-04 22:03:16,832 INFO o.a.j.t.JMeterThread: Thread started: Config 3: Exp6 1-12
2026-05-04 22:03:17,145 INFO o.a.j.t.JMeterThread: Thread started: Config 3: Exp6 1-13
2026-05-04 22:03:17,459 INFO o.a.j.t.JMeterThread: Thread started: Config 3: Exp6 1-14
2026-05-04 22:03:17,773 INFO o.a.j.t.JMeterThread: Thread started: Config 3: Exp6 1-15
2026-05-04 22:03:18,085 INFO o.a.j.t.JMeterThread: Thread started: Config 3: Exp6 1-16
2026-05-04 22:03:18,397 INFO o.a.j.t.JMeterThread: Thread started: Config 3: Exp6 1-17
2026-05-04 22:03:18,710 INFO o.a.j.t.JMeterThread: Thread started: Config 3: Exp6 1-18
2026-05-04 22:03:19,023 INFO o.a.j.t.JMeterThread: Thread started: Config 3: Exp6 1-19
2026-05-04 22:03:19,337 INFO o.a.j.t.JMeterThread: Thread started: Config 3: Exp6 1-20
2026-05-04 22:03:19,649 INFO o.a.j.t.JMeterThread: Thread started: Config 3: Exp6 1-21
2026-05-04 22:03:19,962 INFO o.a.j.t.JMeterThread: Thread started: Config 3: Exp6 1-22
2026-05-04 22:03:20,275 INFO o.a.j.t.JMeterThread: Thread started: Config 3: Exp6 1-23
2026-05-04 22:03:20,588 INFO o.a.j.t.JMeterThread: Thread started: Config 3: Exp6 1-24
2026-05-04 22:03:20,902 INFO o.a.j.t.JMeterThread: Thread started: Config 3: Exp6 1-25
2026-05-04 22:03:21,214 INFO o.a.j.t.JMeterThread: Thread started: Config 3: Exp6 1-26
2026-05-04 22:03:21,528 INFO o.a.j.t.JMeterThread: Thread started: Config 3: Exp6 1-27
2026-05-04 22:03:21,841 INFO o.a.j.t.JMeterThread: Thread started: Config 3: Exp6 1-28
2026-05-04 22:03:22,155 INFO o.a.j.t.JMeterThread: Thread started: Config 3: Exp6 1-29
2026-05-04 22:03:22,466 INFO o.a.j.t.JMeterThread: Thread started: Config 3: Exp6 1-30
2026-05-04 22:03:22,779 INFO o.a.j.t.JMeterThread: Thread started: Config 3: Exp6 1-31
2026-05-04 22:03:23,093 INFO o.a.j.t.JMeterThread: Thread started: Config 3: Exp6 1-32
2026-05-04 22:03:23,405 INFO o.a.j.t.JMeterThread: Thread started: Config 3: Exp6 1-33
2026-05-04 22:03:23,718 INFO o.a.j.t.JMeterThread: Thread started: Config 3: Exp6 1-34
2026-05-04 22:03:24,031 INFO o.a.j.t.JMeterThread: Thread started: Config 3: Exp6 1-35
2026-05-04 22:03:24,344 INFO o.a.j.t.JMeterThread: Thread started: Config 3: Exp6 1-36
2026-05-04 22:03:24,657 INFO o.a.j.t.JMeterThread: Thread started: Config 3: Exp6 1-37
2026-05-04 22:03:24,971 INFO o.a.j.t.JMeterThread: Thread started: Config 3: Exp6 1-38
2026-05-04 22:03:25,284 INFO o.a.j.t.JMeterThread: Thread started: Config 3: Exp6 1-39
2026-05-04 22:03:25,596 INFO o.a.j.t.JMeterThread: Thread started: Config 3: Exp6 1-40
2026-05-04 22:03:25,909 INFO o.a.j.t.JMeterThread: Thread started: Config 3: Exp6 1-41
2026-05-04 22:03:26,223 INFO o.a.j.t.JMeterThread: Thread started: Config 3: Exp6 1-42
2026-05-04 22:03:26,536 INFO o.a.j.t.JMeterThread: Thread started: Config 3: Exp6 1-43
2026-05-04 22:03:26,849 INFO o.a.j.t.JMeterThread: Thread started: Config 3: Exp6 1-44
2026-05-04 22:03:27,162 INFO o.a.j.t.JMeterThread: Thread started: Config 3: Exp6 1-45
2026-05-04 22:03:27,474 INFO o.a.j.t.JMeterThread: Thread started: Config 3: Exp6 1-46
2026-05-04 22:03:27,787 INFO o.a.j.t.JMeterThread: Thread started: Config 3: Exp6 1-47
2026-05-04 22:03:28,100 INFO o.a.j.t.JMeterThread: Thread started: Config 3: Exp6 1-48
2026-05-04 22:03:28,414 INFO o.a.j.t.JMeterThread: Thread started: Config 3: Exp6 1-49
2026-05-04 22:03:28,726 INFO o.a.j.t.JMeterThread: Thread started: Config 3: Exp6 1-50
2026-05-04 22:03:29,040 INFO o.a.j.t.JMeterThread: Thread started: Config 3: Exp6 1-51
2026-05-04 22:03:29,352 INFO o.a.j.t.JMeterThread: Thread started: Config 3: Exp6 1-52
2026-05-04 22:03:29,666 INFO o.a.j.t.JMeterThread: Thread started: Config 3: Exp6 1-53
2026-05-04 22:03:29,979 INFO o.a.j.t.JMeterThread: Thread started: Config 3: Exp6 1-54
2026-05-04 22:03:30,291 INFO o.a.j.t.JMeterThread: Thread started: Config 3: Exp6 1-55
2026-05-04 22:03:30,605 INFO o.a.j.t.JMeterThread: Thread started: Config 3: Exp6 1-56
2026-05-04 22:03:30,918 INFO o.a.j.t.JMeterThread: Thread started: Config 3: Exp6 1-57
2026-05-04 22:03:31,230 INFO o.a.j.t.JMeterThread: Thread started: Config 3: Exp6 1-58
2026-05-04 22:03:31,543 INFO o.a.j.t.JMeterThread: Thread started: Config 3: Exp6 1-59
2026-05-04 22:03:31,856 INFO o.a.j.t.JMeterThread: Thread started: Config 3: Exp6 1-60
2026-05-04 22:03:32,169 INFO o.a.j.t.JMeterThread: Thread started: Config 3: Exp6 1-61
2026-05-04 22:03:32,483 INFO o.a.j.t.JMeterThread: Thread started: Config 3: Exp6 1-62
2026-05-04 22:03:32,796 INFO o.a.j.t.JMeterThread: Thread started: Config 3: Exp6 1-63
2026-05-04 22:03:33,108 INFO o.a.j.t.JMeterThread: Thread started: Config 3: Exp6 1-64
2026-05-04 22:03:33,422 INFO o.a.j.t.JMeterThread: Thread started: Config 3: Exp6 1-65
2026-05-04 22:03:33,735 INFO o.a.j.t.JMeterThread: Thread started: Config 3: Exp6 1-66
2026-05-04 22:03:34,048 INFO o.a.j.t.JMeterThread: Thread started: Config 3: Exp6 1-67
2026-05-04 22:03:34,361 INFO o.a.j.t.JMeterThread: Thread started: Config 3: Exp6 1-68
2026-05-04 22:03:34,674 INFO o.a.j.t.JMeterThread: Thread started: Config 3: Exp6 1-69
2026-05-04 22:03:34,987 INFO o.a.j.t.JMeterThread: Thread started: Config 3: Exp6 1-70
2026-05-04 22:03:35,300 INFO o.a.j.t.JMeterThread: Thread started: Config 3: Exp6 1-71
2026-05-04 22:03:35,612 INFO o.a.j.t.JMeterThread: Thread started: Config 3: Exp6 1-72
2026-05-04 22:03:35,926 INFO o.a.j.t.JMeterThread: Thread started: Config 3: Exp6 1-73
2026-05-04 22:03:36,238 INFO o.a.j.t.JMeterThread: Thread started: Config 3: Exp6 1-74
2026-05-04 22:03:36,551 INFO o.a.j.t.JMeterThread: Thread started: Config 3: Exp6 1-75
2026-05-04 22:03:36,864 INFO o.a.j.t.JMeterThread: Thread started: Config 3: Exp6 1-76
2026-05-04 22:03:37,177 INFO o.a.j.t.JMeterThread: Thread started: Config 3: Exp6 1-77
2026-05-04 22:03:37,490 INFO o.a.j.t.JMeterThread: Thread started: Config 3: Exp6 1-78
2026-05-04 22:03:37,803 INFO o.a.j.t.JMeterThread: Thread started: Config 3: Exp6 1-79
2026-05-04 22:03:38,116 INFO o.a.j.t.JMeterThread: Thread started: Config 3: Exp6 1-80
2026-05-04 22:03:38,430 INFO o.a.j.t.JMeterThread: Thread started: Config 3: Exp6 1-81
2026-05-04 22:03:38,742 INFO o.a.j.t.JMeterThread: Thread started: Config 3: Exp6 1-82
2026-05-04 22:03:39,055 INFO o.a.j.t.JMeterThread: Thread started: Config 3: Exp6 1-83
2026-05-04 22:03:39,369 INFO o.a.j.t.JMeterThread: Thread started: Config 3: Exp6 1-84
2026-05-04 22:03:39,682 INFO o.a.j.t.JMeterThread: Thread started: Config 3: Exp6 1-85
2026-05-04 22:03:39,994 INFO o.a.j.t.JMeterThread: Thread started: Config 3: Exp6 1-86
2026-05-04 22:03:40,308 INFO o.a.j.t.JMeterThread: Thread started: Config 3: Exp6 1-87
2026-05-04 22:03:40,620 INFO o.a.j.t.JMeterThread: Thread started: Config 3: Exp6 1-88
2026-05-04 22:03:40,933 INFO o.a.j.t.JMeterThread: Thread started: Config 3: Exp6 1-89
2026-05-04 22:03:41,246 INFO o.a.j.t.JMeterThread: Thread started: Config 3: Exp6 1-90
2026-05-04 22:03:41,559 INFO o.a.j.t.JMeterThread: Thread started: Config 3: Exp6 1-91
2026-05-04 22:03:41,873 INFO o.a.j.t.JMeterThread: Thread started: Config 3: Exp6 1-92
2026-05-04 22:03:42,186 INFO o.a.j.t.JMeterThread: Thread started: Config 3: Exp6 1-93
2026-05-04 22:03:42,498 INFO o.a.j.t.JMeterThread: Thread started: Config 3: Exp6 1-94
2026-05-04 22:03:42,811 INFO o.a.j.t.JMeterThread: Thread started: Config 3: Exp6 1-95
2026-05-04 22:03:43,124 INFO o.a.j.t.JMeterThread: Thread started: Config 3: Exp6 1-96
2026-05-04 22:03:43,438 INFO o.a.j.t.JMeterThread: Thread started: Config 3: Exp6 1-97
2026-05-04 22:03:43,750 INFO o.a.j.t.JMeterThread: Thread started: Config 3: Exp6 1-98
2026-05-04 22:03:44,064 INFO o.a.j.t.JMeterThread: Thread started: Config 3: Exp6 1-99
2026-05-04 22:03:44,377 INFO o.a.j.t.JMeterThread: Thread started: Config 3: Exp6 1-100
2026-05-04 22:03:44,689 INFO o.a.j.t.JMeterThread: Thread started: Config 3: Exp6 1-101
2026-05-04 22:03:45,003 INFO o.a.j.t.JMeterThread: Thread started: Config 3: Exp6 1-102
2026-05-04 22:03:45,316 INFO o.a.j.t.JMeterThread: Thread started: Config 3: Exp6 1-103
2026-05-04 22:03:45,628 INFO o.a.j.t.JMeterThread: Thread started: Config 3: Exp6 1-104
2026-05-04 22:03:45,941 INFO o.a.j.t.JMeterThread: Thread started: Config 3: Exp6 1-105
2026-05-04 22:03:46,254 INFO o.a.j.t.JMeterThread: Thread started: Config 3: Exp6 1-106
2026-05-04 22:03:46,567 INFO o.a.j.t.JMeterThread: Thread started: Config 3: Exp6 1-107
2026-05-04 22:03:46,880 INFO o.a.j.t.JMeterThread: Thread started: Config 3: Exp6 1-108
2026-05-04 22:03:47,193 INFO o.a.j.t.JMeterThread: Thread started: Config 3: Exp6 1-109
2026-05-04 22:03:47,506 INFO o.a.j.t.JMeterThread: Thread started: Config 3: Exp6 1-110
2026-05-04 22:03:47,820 INFO o.a.j.t.JMeterThread: Thread started: Config 3: Exp6 1-111
2026-05-04 22:03:48,133 INFO o.a.j.t.JMeterThread: Thread started: Config 3: Exp6 1-112
2026-05-04 22:03:48,445 INFO o.a.j.t.JMeterThread: Thread started: Config 3: Exp6 1-113
2026-05-04 22:03:48,759 INFO o.a.j.t.JMeterThread: Thread started: Config 3: Exp6 1-114
2026-05-04 22:03:49,071 INFO o.a.j.t.JMeterThread: Thread started: Config 3: Exp6 1-115
2026-05-04 22:03:49,385 INFO o.a.j.t.JMeterThread: Thread started: Config 3: Exp6 1-116
2026-05-04 22:03:49,698 INFO o.a.j.t.JMeterThread: Thread started: Config 3: Exp6 1-117
2026-05-04 22:03:50,010 INFO o.a.j.t.JMeterThread: Thread started: Config 3: Exp6 1-118
2026-05-04 22:03:50,323 INFO o.a.j.t.JMeterThread: Thread started: Config 3: Exp6 1-119
2026-05-04 22:03:50,637 INFO o.a.j.t.JMeterThread: Thread started: Config 3: Exp6 1-120
2026-05-04 22:03:50,949 INFO o.a.j.t.JMeterThread: Thread started: Config 3: Exp6 1-121
2026-05-04 22:03:51,262 INFO o.a.j.t.JMeterThread: Thread started: Config 3: Exp6 1-122
2026-05-04 22:03:51,575 INFO o.a.j.t.JMeterThread: Thread started: Config 3: Exp6 1-123
2026-05-04 22:03:51,888 INFO o.a.j.t.JMeterThread: Thread started: Config 3: Exp6 1-124
2026-05-04 22:03:52,201 INFO o.a.j.t.JMeterThread: Thread started: Config 3: Exp6 1-125
2026-05-04 22:03:52,514 INFO o.a.j.t.JMeterThread: Thread started: Config 3: Exp6 1-126
2026-05-04 22:03:52,828 INFO o.a.j.t.JMeterThread: Thread started: Config 3: Exp6 1-127
2026-05-04 22:03:53,141 INFO o.a.j.t.JMeterThread: Thread started: Config 3: Exp6 1-128
2026-05-04 22:03:53,454 INFO o.a.j.t.JMeterThread: Thread started: Config 3: Exp6 1-129
2026-05-04 22:03:53,767 INFO o.a.j.t.JMeterThread: Thread started: Config 3: Exp6 1-130
2026-05-04 22:03:54,080 INFO o.a.j.t.JMeterThread: Thread started: Config 3: Exp6 1-131
2026-05-04 22:03:54,393 INFO o.a.j.t.JMeterThread: Thread started: Config 3: Exp6 1-132
2026-05-04 22:03:54,705 INFO o.a.j.t.JMeterThread: Thread started: Config 3: Exp6 1-133
2026-05-04 22:03:55,018 INFO o.a.j.t.JMeterThread: Thread started: Config 3: Exp6 1-134
2026-05-04 22:03:55,331 INFO o.a.j.t.JMeterThread: Thread started: Config 3: Exp6 1-135
2026-05-04 22:03:55,644 INFO o.a.j.t.JMeterThread: Thread started: Config 3: Exp6 1-136
2026-05-04 22:03:55,957 INFO o.a.j.t.JMeterThread: Thread started: Config 3: Exp6 1-137
2026-05-04 22:03:56,270 INFO o.a.j.t.JMeterThread: Thread started: Config 3: Exp6 1-138
2026-05-04 22:03:56,584 INFO o.a.j.t.JMeterThread: Thread started: Config 3: Exp6 1-139
2026-05-04 22:03:56,896 INFO o.a.j.t.JMeterThread: Thread started: Config 3: Exp6 1-140
2026-05-04 22:03:57,209 INFO o.a.j.t.JMeterThread: Thread started: Config 3: Exp6 1-141
2026-05-04 22:03:57,523 INFO o.a.j.t.JMeterThread: Thread started: Config 3: Exp6 1-142
2026-05-04 22:03:57,836 INFO o.a.j.t.JMeterThread: Thread started: Config 3: Exp6 1-143
2026-05-04 22:03:58,148 INFO o.a.j.t.JMeterThread: Thread started: Config 3: Exp6 1-144
2026-05-04 22:03:58,461 INFO o.a.j.t.JMeterThread: Thread started: Config 3: Exp6 1-145
2026-05-04 22:03:58,774 INFO o.a.j.t.JMeterThread: Thread started: Config 3: Exp6 1-146
2026-05-04 22:03:59,087 INFO o.a.j.t.JMeterThread: Thread started: Config 3: Exp6 1-147
2026-05-04 22:03:59,401 INFO o.a.j.t.JMeterThread: Thread started: Config 3: Exp6 1-148
2026-05-04 22:03:59,714 INFO o.a.j.t.JMeterThread: Thread started: Config 3: Exp6 1-149
2026-05-04 22:04:00,027 INFO o.a.j.t.JMeterThread: Thread started: Config 3: Exp6 1-150
2026-05-04 22:04:00,339 INFO o.a.j.t.JMeterThread: Thread started: Config 3: Exp6 1-151
2026-05-04 22:04:00,653 INFO o.a.j.t.JMeterThread: Thread started: Config 3: Exp6 1-152
2026-05-04 22:04:00,966 INFO o.a.j.t.JMeterThread: Thread started: Config 3: Exp6 1-153
2026-05-04 22:04:01,279 INFO o.a.j.t.JMeterThread: Thread started: Config 3: Exp6 1-154
2026-05-04 22:04:01,592 INFO o.a.j.t.JMeterThread: Thread started: Config 3: Exp6 1-155
2026-05-04 22:04:01,904 INFO o.a.j.t.JMeterThread: Thread started: Config 3: Exp6 1-156
2026-05-04 22:04:02,217 INFO o.a.j.t.JMeterThread: Thread started: Config 3: Exp6 1-157
2026-05-04 22:04:02,531 INFO o.a.j.t.JMeterThread: Thread started: Config 3: Exp6 1-158
2026-05-04 22:04:02,844 INFO o.a.j.t.JMeterThread: Thread started: Config 3: Exp6 1-159
2026-05-04 22:04:03,156 INFO o.a.j.t.JMeterThread: Thread started: Config 3: Exp6 1-160
2026-05-04 22:04:03,469 INFO o.a.j.t.JMeterThread: Thread started: Config 3: Exp6 1-161
2026-05-04 22:04:03,782 INFO o.a.j.t.JMeterThread: Thread started: Config 3: Exp6 1-162
2026-05-04 22:04:04,095 INFO o.a.j.t.JMeterThread: Thread started: Config 3: Exp6 1-163
2026-05-04 22:04:04,408 INFO o.a.j.t.JMeterThread: Thread started: Config 3: Exp6 1-164
2026-05-04 22:04:04,722 INFO o.a.j.t.JMeterThread: Thread started: Config 3: Exp6 1-165
2026-05-04 22:04:05,035 INFO o.a.j.t.JMeterThread: Thread started: Config 3: Exp6 1-166
2026-05-04 22:04:05,347 INFO o.a.j.t.JMeterThread: Thread started: Config 3: Exp6 1-167
2026-05-04 22:04:05,660 INFO o.a.j.t.JMeterThread: Thread started: Config 3: Exp6 1-168
2026-05-04 22:04:05,973 INFO o.a.j.t.JMeterThread: Thread started: Config 3: Exp6 1-169
2026-05-04 22:04:06,286 INFO o.a.j.t.JMeterThread: Thread started: Config 3: Exp6 1-170
2026-05-04 22:04:06,599 INFO o.a.j.t.JMeterThread: Thread started: Config 3: Exp6 1-171
2026-05-04 22:04:06,912 INFO o.a.j.t.JMeterThread: Thread started: Config 3: Exp6 1-172
2026-05-04 22:04:07,225 INFO o.a.j.t.JMeterThread: Thread started: Config 3: Exp6 1-173
2026-05-04 22:04:07,539 INFO o.a.j.t.JMeterThread: Thread started: Config 3: Exp6 1-174
2026-05-04 22:04:07,852 INFO o.a.j.t.JMeterThread: Thread started: Config 3: Exp6 1-175
2026-05-04 22:04:08,165 INFO o.a.j.t.JMeterThread: Thread started: Config 3: Exp6 1-176
2026-05-04 22:04:08,479 INFO o.a.j.t.JMeterThread: Thread started: Config 3: Exp6 1-177
2026-05-04 22:04:08,791 INFO o.a.j.t.JMeterThread: Thread started: Config 3: Exp6 1-178
2026-05-04 22:04:09,103 INFO o.a.j.t.JMeterThread: Thread started: Config 3: Exp6 1-179
2026-05-04 22:04:09,417 INFO o.a.j.t.JMeterThread: Thread started: Config 3: Exp6 1-180
2026-05-04 22:04:09,729 INFO o.a.j.t.JMeterThread: Thread started: Config 3: Exp6 1-181
2026-05-04 22:04:10,042 INFO o.a.j.t.JMeterThread: Thread started: Config 3: Exp6 1-182
2026-05-04 22:04:10,355 INFO o.a.j.t.JMeterThread: Thread started: Config 3: Exp6 1-183
2026-05-04 22:04:10,668 INFO o.a.j.t.JMeterThread: Thread started: Config 3: Exp6 1-184
2026-05-04 22:04:10,981 INFO o.a.j.t.JMeterThread: Thread started: Config 3: Exp6 1-185
2026-05-04 22:04:11,294 INFO o.a.j.t.JMeterThread: Thread started: Config 3: Exp6 1-186
2026-05-04 22:04:11,607 INFO o.a.j.t.JMeterThread: Thread started: Config 3: Exp6 1-187
2026-05-04 22:04:11,921 INFO o.a.j.t.JMeterThread: Thread started: Config 3: Exp6 1-188
2026-05-04 22:04:12,234 INFO o.a.j.t.JMeterThread: Thread started: Config 3: Exp6 1-189
2026-05-04 22:04:12,546 INFO o.a.j.t.JMeterThread: Thread started: Config 3: Exp6 1-190
2026-05-04 22:04:12,860 INFO o.a.j.t.JMeterThread: Thread started: Config 3: Exp6 1-191
2026-05-04 22:04:13,172 INFO o.a.j.t.JMeterThread: Thread started: Config 3: Exp6 1-192
2026-05-04 22:04:13,486 INFO o.a.j.t.JMeterThread: Thread started: Config 3: Exp6 1-193
2026-05-04 22:04:13,798 INFO o.a.j.t.JMeterThread: Thread started: Config 3: Exp6 1-194
2026-05-04 22:04:14,112 INFO o.a.j.t.JMeterThread: Thread started: Config 3: Exp6 1-195
2026-05-04 22:04:14,425 INFO o.a.j.t.JMeterThread: Thread started: Config 3: Exp6 1-196
2026-05-04 22:04:14,737 INFO o.a.j.t.JMeterThread: Thread started: Config 3: Exp6 1-197
2026-05-04 22:04:15,050 INFO o.a.j.t.JMeterThread: Thread started: Config 3: Exp6 1-198
2026-05-04 22:04:15,364 INFO o.a.j.t.JMeterThread: Thread started: Config 3: Exp6 1-199
2026-05-04 22:04:15,676 INFO o.a.j.t.JMeterThread: Thread started: Config 3: Exp6 1-200
2026-05-04 22:04:15,989 INFO o.a.j.t.JMeterThread: Thread started: Config 3: Exp6 1-201
2026-05-04 22:04:16,302 INFO o.a.j.t.JMeterThread: Thread started: Config 3: Exp6 1-202
2026-05-04 22:04:16,616 INFO o.a.j.t.JMeterThread: Thread started: Config 3: Exp6 1-203
2026-05-04 22:04:16,929 INFO o.a.j.t.JMeterThread: Thread started: Config 3: Exp6 1-204
2026-05-04 22:04:17,243 INFO o.a.j.t.JMeterThread: Thread started: Config 3: Exp6 1-205
2026-05-04 22:04:17,555 INFO o.a.j.t.JMeterThread: Thread started: Config 3: Exp6 1-206
2026-05-04 22:04:17,868 INFO o.a.j.t.JMeterThread: Thread started: Config 3: Exp6 1-207
2026-05-04 22:04:18,180 INFO o.a.j.t.JMeterThread: Thread started: Config 3: Exp6 1-208
2026-05-04 22:04:18,493 INFO o.a.j.t.JMeterThread: Thread started: Config 3: Exp6 1-209
2026-05-04 22:04:18,806 INFO o.a.j.t.JMeterThread: Thread started: Config 3: Exp6 1-210
2026-05-04 22:04:19,119 INFO o.a.j.t.JMeterThread: Thread started: Config 3: Exp6 1-211
2026-05-04 22:04:19,432 INFO o.a.j.t.JMeterThread: Thread started: Config 3: Exp6 1-212
2026-05-04 22:04:19,745 INFO o.a.j.t.JMeterThread: Thread started: Config 3: Exp6 1-213
2026-05-04 22:04:20,058 INFO o.a.j.t.JMeterThread: Thread started: Config 3: Exp6 1-214
2026-05-04 22:04:20,371 INFO o.a.j.t.JMeterThread: Thread started: Config 3: Exp6 1-215
2026-05-04 22:04:20,686 INFO o.a.j.t.JMeterThread: Thread started: Config 3: Exp6 1-216
2026-05-04 22:04:20,999 INFO o.a.j.t.JMeterThread: Thread started: Config 3: Exp6 1-217
2026-05-04 22:04:21,310 INFO o.a.j.t.JMeterThread: Thread started: Config 3: Exp6 1-218
2026-05-04 22:04:21,623 INFO o.a.j.t.JMeterThread: Thread started: Config 3: Exp6 1-219
2026-05-04 22:04:21,936 INFO o.a.j.t.JMeterThread: Thread started: Config 3: Exp6 1-220
2026-05-04 22:04:22,249 INFO o.a.j.t.JMeterThread: Thread started: Config 3: Exp6 1-221
2026-05-04 22:04:22,563 INFO o.a.j.t.JMeterThread: Thread started: Config 3: Exp6 1-222
2026-05-04 22:04:22,876 INFO o.a.j.t.JMeterThread: Thread started: Config 3: Exp6 1-223
2026-05-04 22:04:23,189 INFO o.a.j.t.JMeterThread: Thread started: Config 3: Exp6 1-224
2026-05-04 22:04:23,502 INFO o.a.j.t.JMeterThread: Thread started: Config 3: Exp6 1-225
2026-05-04 22:04:23,815 INFO o.a.j.t.JMeterThread: Thread started: Config 3: Exp6 1-226
2026-05-04 22:04:24,128 INFO o.a.j.t.JMeterThread: Thread started: Config 3: Exp6 1-227
2026-05-04 22:04:24,442 INFO o.a.j.t.JMeterThread: Thread started: Config 3: Exp6 1-228
2026-05-04 22:04:24,753 INFO o.a.j.t.JMeterThread: Thread started: Config 3: Exp6 1-229
2026-05-04 22:04:25,067 INFO o.a.j.t.JMeterThread: Thread started: Config 3: Exp6 1-230
2026-05-04 22:04:25,379 INFO o.a.j.t.JMeterThread: Thread started: Config 3: Exp6 1-231
2026-05-04 22:04:25,693 INFO o.a.j.t.JMeterThread: Thread started: Config 3: Exp6 1-232
2026-05-04 22:04:26,005 INFO o.a.j.t.JMeterThread: Thread started: Config 3: Exp6 1-233
2026-05-04 22:04:26,319 INFO o.a.j.t.JMeterThread: Thread started: Config 3: Exp6 1-234
2026-05-04 22:04:26,631 INFO o.a.j.t.JMeterThread: Thread started: Config 3: Exp6 1-235
2026-05-04 22:04:26,945 INFO o.a.j.t.JMeterThread: Thread started: Config 3: Exp6 1-236
2026-05-04 22:04:27,257 INFO o.a.j.t.JMeterThread: Thread started: Config 3: Exp6 1-237
2026-05-04 22:04:27,571 INFO o.a.j.t.JMeterThread: Thread started: Config 3: Exp6 1-238
2026-05-04 22:04:27,883 INFO o.a.j.t.JMeterThread: Thread started: Config 3: Exp6 1-239
2026-05-04 22:04:28,196 INFO o.a.j.t.JMeterThread: Thread started: Config 3: Exp6 1-240
2026-05-04 22:04:28,509 INFO o.a.j.t.JMeterThread: Thread started: Config 3: Exp6 1-241
2026-05-04 22:04:28,822 INFO o.a.j.t.JMeterThread: Thread started: Config 3: Exp6 1-242
2026-05-04 22:04:29,136 INFO o.a.j.t.JMeterThread: Thread started: Config 3: Exp6 1-243
2026-05-04 22:04:29,448 INFO o.a.j.t.JMeterThread: Thread started: Config 3: Exp6 1-244
2026-05-04 22:04:29,761 INFO o.a.j.t.JMeterThread: Thread started: Config 3: Exp6 1-245
2026-05-04 22:04:30,075 INFO o.a.j.t.JMeterThread: Thread started: Config 3: Exp6 1-246
2026-05-04 22:04:30,388 INFO o.a.j.t.JMeterThread: Thread started: Config 3: Exp6 1-247
2026-05-04 22:04:30,700 INFO o.a.j.t.JMeterThread: Thread started: Config 3: Exp6 1-248
2026-05-04 22:04:31,014 INFO o.a.j.t.JMeterThread: Thread started: Config 3: Exp6 1-249
2026-05-04 22:04:31,327 INFO o.a.j.t.JMeterThread: Thread started: Config 3: Exp6 1-250
2026-05-04 22:04:31,639 INFO o.a.j.t.JMeterThread: Thread started: Config 3: Exp6 1-251
2026-05-04 22:04:31,953 INFO o.a.j.t.JMeterThread: Thread started: Config 3: Exp6 1-252
2026-05-04 22:04:32,265 INFO o.a.j.t.JMeterThread: Thread started: Config 3: Exp6 1-253
2026-05-04 22:04:32,578 INFO o.a.j.t.JMeterThread: Thread started: Config 3: Exp6 1-254
2026-05-04 22:04:32,891 INFO o.a.j.t.JMeterThread: Thread started: Config 3: Exp6 1-255
2026-05-04 22:04:33,204 INFO o.a.j.t.JMeterThread: Thread started: Config 3: Exp6 1-256
2026-05-04 22:04:33,517 INFO o.a.j.t.JMeterThread: Thread started: Config 3: Exp6 1-257
2026-05-04 22:04:33,830 INFO o.a.j.t.JMeterThread: Thread started: Config 3: Exp6 1-258
2026-05-04 22:04:34,143 INFO o.a.j.t.JMeterThread: Thread started: Config 3: Exp6 1-259
2026-05-04 22:04:34,456 INFO o.a.j.t.JMeterThread: Thread started: Config 3: Exp6 1-260
2026-05-04 22:04:34,769 INFO o.a.j.t.JMeterThread: Thread started: Config 3: Exp6 1-261
2026-05-04 22:04:35,083 INFO o.a.j.t.JMeterThread: Thread started: Config 3: Exp6 1-262
2026-05-04 22:04:35,395 INFO o.a.j.t.JMeterThread: Thread started: Config 3: Exp6 1-263
2026-05-04 22:04:35,708 INFO o.a.j.t.JMeterThread: Thread started: Config 3: Exp6 1-264
2026-05-04 22:04:36,022 INFO o.a.j.t.JMeterThread: Thread started: Config 3: Exp6 1-265
2026-05-04 22:04:36,336 INFO o.a.j.t.JMeterThread: Thread started: Config 3: Exp6 1-266
2026-05-04 22:04:36,647 INFO o.a.j.t.JMeterThread: Thread started: Config 3: Exp6 1-267
2026-05-04 22:04:36,960 INFO o.a.j.t.JMeterThread: Thread started: Config 3: Exp6 1-268
2026-05-04 22:04:37,274 INFO o.a.j.t.JMeterThread: Thread started: Config 3: Exp6 1-269
2026-05-04 22:04:37,586 INFO o.a.j.t.JMeterThread: Thread started: Config 3: Exp6 1-270
2026-05-04 22:04:37,899 INFO o.a.j.t.JMeterThread: Thread started: Config 3: Exp6 1-271
2026-05-04 22:04:38,212 INFO o.a.j.t.JMeterThread: Thread started: Config 3: Exp6 1-272
2026-05-04 22:04:38,533 INFO o.a.j.t.JMeterThread: Thread started: Config 3: Exp6 1-273
2026-05-04 22:04:38,838 INFO o.a.j.t.JMeterThread: Thread started: Config 3: Exp6 1-274
2026-05-04 22:04:39,151 INFO o.a.j.t.JMeterThread: Thread started: Config 3: Exp6 1-275
2026-05-04 22:04:39,464 INFO o.a.j.t.JMeterThread: Thread started: Config 3: Exp6 1-276
2026-05-04 22:04:39,777 INFO o.a.j.t.JMeterThread: Thread started: Config 3: Exp6 1-277
2026-05-04 22:04:40,090 INFO o.a.j.t.JMeterThread: Thread started: Config 3: Exp6 1-278
2026-05-04 22:04:40,404 INFO o.a.j.t.JMeterThread: Thread started: Config 3: Exp6 1-279
2026-05-04 22:04:40,718 INFO o.a.j.t.JMeterThread: Thread started: Config 3: Exp6 1-280
2026-05-04 22:04:41,030 INFO o.a.j.t.JMeterThread: Thread started: Config 3: Exp6 1-281
2026-05-04 22:04:41,343 INFO o.a.j.t.JMeterThread: Thread started: Config 3: Exp6 1-282
2026-05-04 22:04:41,656 INFO o.a.j.t.JMeterThread: Thread started: Config 3: Exp6 1-283
2026-05-04 22:04:41,968 INFO o.a.j.t.JMeterThread: Thread started: Config 3: Exp6 1-284
2026-05-04 22:04:42,282 INFO o.a.j.t.JMeterThread: Thread started: Config 3: Exp6 1-285
2026-05-04 22:04:42,594 INFO o.a.j.t.JMeterThread: Thread started: Config 3: Exp6 1-286
2026-05-04 22:04:42,907 INFO o.a.j.t.JMeterThread: Thread started: Config 3: Exp6 1-287
2026-05-04 22:04:43,220 INFO o.a.j.t.JMeterThread: Thread started: Config 3: Exp6 1-288
2026-05-04 22:04:43,533 INFO o.a.j.t.JMeterThread: Thread started: Config 3: Exp6 1-289
2026-05-04 22:04:43,846 INFO o.a.j.t.JMeterThread: Thread started: Config 3: Exp6 1-290
2026-05-04 22:04:44,159 INFO o.a.j.t.JMeterThread: Thread started: Config 3: Exp6 1-291
2026-05-04 22:04:44,472 INFO o.a.j.t.JMeterThread: Thread started: Config 3: Exp6 1-292
2026-05-04 22:04:44,785 INFO o.a.j.t.JMeterThread: Thread started: Config 3: Exp6 1-293
2026-05-04 22:04:45,099 INFO o.a.j.t.JMeterThread: Thread started: Config 3: Exp6 1-294
2026-05-04 22:04:45,411 INFO o.a.j.t.JMeterThread: Thread started: Config 3: Exp6 1-295
2026-05-04 22:04:45,725 INFO o.a.j.t.JMeterThread: Thread started: Config 3: Exp6 1-296
2026-05-04 22:04:46,038 INFO o.a.j.t.JMeterThread: Thread started: Config 3: Exp6 1-297
2026-05-04 22:04:46,351 INFO o.a.j.t.JMeterThread: Thread started: Config 3: Exp6 1-298
2026-05-04 22:04:46,663 INFO o.a.j.t.JMeterThread: Thread started: Config 3: Exp6 1-299
2026-05-04 22:04:46,977 INFO o.a.j.t.JMeterThread: Thread started: Config 3: Exp6 1-300
2026-05-04 22:04:47,290 INFO o.a.j.t.JMeterThread: Thread started: Config 3: Exp6 1-301
2026-05-04 22:04:47,603 INFO o.a.j.t.JMeterThread: Thread started: Config 3: Exp6 1-302
2026-05-04 22:04:47,915 INFO o.a.j.t.JMeterThread: Thread started: Config 3: Exp6 1-303
2026-05-04 22:04:48,229 INFO o.a.j.t.JMeterThread: Thread started: Config 3: Exp6 1-304
2026-05-04 22:04:48,541 INFO o.a.j.t.JMeterThread: Thread started: Config 3: Exp6 1-305
2026-05-04 22:04:48,854 INFO o.a.j.t.JMeterThread: Thread started: Config 3: Exp6 1-306
2026-05-04 22:04:49,167 INFO o.a.j.t.JMeterThread: Thread started: Config 3: Exp6 1-307
2026-05-04 22:04:49,487 INFO o.a.j.t.JMeterThread: Thread started: Config 3: Exp6 1-308
2026-05-04 22:04:49,794 INFO o.a.j.t.JMeterThread: Thread started: Config 3: Exp6 1-309
2026-05-04 22:04:50,106 INFO o.a.j.t.JMeterThread: Thread started: Config 3: Exp6 1-310
2026-05-04 22:04:50,419 INFO o.a.j.t.JMeterThread: Thread started: Config 3: Exp6 1-311
2026-05-04 22:04:50,733 INFO o.a.j.t.JMeterThread: Thread started: Config 3: Exp6 1-312
2026-05-04 22:04:51,046 INFO o.a.j.t.JMeterThread: Thread started: Config 3: Exp6 1-313
2026-05-04 22:04:51,359 INFO o.a.j.t.JMeterThread: Thread started: Config 3: Exp6 1-314
2026-05-04 22:04:51,671 INFO o.a.j.t.JMeterThread: Thread started: Config 3: Exp6 1-315
2026-05-04 22:04:51,985 INFO o.a.j.t.JMeterThread: Thread started: Config 3: Exp6 1-316
2026-05-04 22:04:52,298 INFO o.a.j.t.JMeterThread: Thread started: Config 3: Exp6 1-317
2026-05-04 22:04:52,610 INFO o.a.j.t.JMeterThread: Thread started: Config 3: Exp6 1-318
2026-05-04 22:04:52,923 INFO o.a.j.t.JMeterThread: Thread started: Config 3: Exp6 1-319
2026-05-04 22:04:53,236 INFO o.a.j.t.JMeterThread: Thread started: Config 3: Exp6 1-320
2026-05-04 22:04:53,531 INFO o.a.j.t.JMeterThread: Stopping because end time detected by thread: Config 3: Exp6 1-199
2026-05-04 22:04:53,531 INFO o.a.j.t.JMeterThread: Stopping because end time detected by thread: Config 3: Exp6 1-4
2026-05-04 22:04:53,531 INFO o.a.j.t.JMeterThread: Thread finished: Config 3: Exp6 1-199
2026-05-04 22:04:53,531 INFO o.a.j.t.JMeterThread: Thread finished: Config 3: Exp6 1-4
2026-05-04 22:04:54,375 INFO o.a.j.t.JMeterThread: Stopping because end time detected by thread: Config 3: Exp6 1-285
2026-05-04 22:04:54,376 INFO o.a.j.t.JMeterThread: Thread finished: Config 3: Exp6 1-285
2026-05-04 22:04:54,376 INFO o.a.j.t.JMeterThread: Stopping because end time detected by thread: Config 3: Exp6 1-286
2026-05-04 22:04:54,376 INFO o.a.j.t.JMeterThread: Thread finished: Config 3: Exp6 1-286
2026-05-04 22:04:54,493 INFO o.a.j.t.JMeterThread: Stopping because end time detected by thread: Config 3: Exp6 1-78
2026-05-04 22:04:54,493 INFO o.a.j.t.JMeterThread: Stopping because end time detected by thread: Config 3: Exp6 1-90
2026-05-04 22:04:54,493 INFO o.a.j.t.JMeterThread: Thread finished: Config 3: Exp6 1-78
2026-05-04 22:04:54,493 INFO o.a.j.t.JMeterThread: Thread finished: Config 3: Exp6 1-90
2026-05-04 22:04:54,493 INFO o.a.j.t.JMeterThread: Stopping because end time detected by thread: Config 3: Exp6 1-69
2026-05-04 22:04:54,493 INFO o.a.j.t.JMeterThread: Thread finished: Config 3: Exp6 1-69
2026-05-04 22:04:54,493 INFO o.a.j.t.JMeterThread: Stopping because end time detected by thread: Config 3: Exp6 1-97
2026-05-04 22:04:54,493 INFO o.a.j.t.JMeterThread: Stopping because end time detected by thread: Config 3: Exp6 1-294
2026-05-04 22:04:54,493 INFO o.a.j.t.JMeterThread: Stopping because end time detected by thread: Config 3: Exp6 1-81
2026-05-04 22:04:54,493 INFO o.a.j.t.JMeterThread: Thread finished: Config 3: Exp6 1-97
2026-05-04 22:04:54,493 INFO o.a.j.t.JMeterThread: Thread finished: Config 3: Exp6 1-294
2026-05-04 22:04:54,493 INFO o.a.j.t.JMeterThread: Thread finished: Config 3: Exp6 1-81
2026-05-04 22:04:54,494 INFO o.a.j.t.JMeterThread: Stopping because end time detected by thread: Config 3: Exp6 1-295
2026-05-04 22:04:54,494 INFO o.a.j.t.JMeterThread: Stopping because end time detected by thread: Config 3: Exp6 1-296
2026-05-04 22:04:54,494 INFO o.a.j.t.JMeterThread: Thread finished: Config 3: Exp6 1-295
2026-05-04 22:04:54,494 INFO o.a.j.t.JMeterThread: Thread finished: Config 3: Exp6 1-296
2026-05-04 22:04:54,494 INFO o.a.j.t.JMeterThread: Stopping because end time detected by thread: Config 3: Exp6 1-24
2026-05-04 22:04:54,494 INFO o.a.j.t.JMeterThread: Stopping because end time detected by thread: Config 3: Exp6 1-234
2026-05-04 22:04:54,494 INFO o.a.j.t.JMeterThread: Stopping because end time detected by thread: Config 3: Exp6 1-298
2026-05-04 22:04:54,494 INFO o.a.j.t.JMeterThread: Stopping because end time detected by thread: Config 3: Exp6 1-297
2026-05-04 22:04:54,495 INFO o.a.j.t.JMeterThread: Stopping because end time detected by thread: Config 3: Exp6 1-144
2026-05-04 22:04:54,495 INFO o.a.j.t.JMeterThread: Thread finished: Config 3: Exp6 1-24
2026-05-04 22:04:54,495 INFO o.a.j.t.JMeterThread: Thread finished: Config 3: Exp6 1-298
2026-05-04 22:04:54,495 INFO o.a.j.t.JMeterThread: Thread finished: Config 3: Exp6 1-144
2026-05-04 22:04:54,495 INFO o.a.j.t.JMeterThread: Stopping because end time detected by thread: Config 3: Exp6 1-262
2026-05-04 22:04:54,495 INFO o.a.j.t.JMeterThread: Stopping because end time detected by thread: Config 3: Exp6 1-184
2026-05-04 22:04:54,495 INFO o.a.j.t.JMeterThread: Thread finished: Config 3: Exp6 1-262
2026-05-04 22:04:54,495 INFO o.a.j.t.JMeterThread: Thread finished: Config 3: Exp6 1-297
2026-05-04 22:04:54,495 INFO o.a.j.t.JMeterThread: Stopping because end time detected by thread: Config 3: Exp6 1-14
2026-05-04 22:04:54,495 INFO o.a.j.t.JMeterThread: Stopping because end time detected by thread: Config 3: Exp6 1-207
2026-05-04 22:04:54,495 INFO o.a.j.t.JMeterThread: Stopping because end time detected by thread: Config 3: Exp6 1-209
2026-05-04 22:04:54,495 INFO o.a.j.t.JMeterThread: Thread finished: Config 3: Exp6 1-207
2026-05-04 22:04:54,495 INFO o.a.j.t.JMeterThread: Thread finished: Config 3: Exp6 1-234
2026-05-04 22:04:54,495 INFO o.a.j.t.JMeterThread: Thread finished: Config 3: Exp6 1-209
2026-05-04 22:04:54,495 INFO o.a.j.t.JMeterThread: Stopping because end time detected by thread: Config 3: Exp6 1-208
2026-05-04 22:04:54,495 INFO o.a.j.t.JMeterThread: Stopping because end time detected by thread: Config 3: Exp6 1-100
2026-05-04 22:04:54,495 INFO o.a.j.t.JMeterThread: Stopping because end time detected by thread: Config 3: Exp6 1-143
2026-05-04 22:04:54,495 INFO o.a.j.t.JMeterThread: Stopping because end time detected by thread: Config 3: Exp6 1-206
2026-05-04 22:04:54,495 INFO o.a.j.t.JMeterThread: Thread finished: Config 3: Exp6 1-184
2026-05-04 22:04:54,495 INFO o.a.j.t.JMeterThread: Thread finished: Config 3: Exp6 1-206
2026-05-04 22:04:54,495 INFO o.a.j.t.JMeterThread: Stopping because end time detected by thread: Config 3: Exp6 1-61
2026-05-04 22:04:54,495 INFO o.a.j.t.JMeterThread: Thread finished: Config 3: Exp6 1-14
2026-05-04 22:04:54,495 INFO o.a.j.t.JMeterThread: Thread finished: Config 3: Exp6 1-208
2026-05-04 22:04:54,495 INFO o.a.j.t.JMeterThread: Thread finished: Config 3: Exp6 1-61
2026-05-04 22:04:54,495 INFO o.a.j.t.JMeterThread: Thread finished: Config 3: Exp6 1-143
2026-05-04 22:04:54,496 INFO o.a.j.t.JMeterThread: Thread finished: Config 3: Exp6 1-100
2026-05-04 22:04:54,496 INFO o.a.j.t.JMeterThread: Stopping because end time detected by thread: Config 3: Exp6 1-130
2026-05-04 22:04:54,497 INFO o.a.j.t.JMeterThread: Thread finished: Config 3: Exp6 1-130
2026-05-04 22:04:54,517 INFO o.a.j.t.JMeterThread: Stopping because end time detected by thread: Config 3: Exp6 1-299
2026-05-04 22:04:54,517 INFO o.a.j.t.JMeterThread: Thread finished: Config 3: Exp6 1-299
2026-05-04 22:04:54,588 INFO o.a.j.t.JMeterThread: Stopping because end time detected by thread: Config 3: Exp6 1-147
2026-05-04 22:04:54,588 INFO o.a.j.t.JMeterThread: Thread finished: Config 3: Exp6 1-147
2026-05-04 22:04:54,637 INFO o.a.j.t.JMeterThread: Stopping because end time detected by thread: Config 3: Exp6 1-300
2026-05-04 22:04:54,637 INFO o.a.j.t.JMeterThread: Stopping because end time detected by thread: Config 3: Exp6 1-183
2026-05-04 22:04:54,637 INFO o.a.j.t.JMeterThread: Thread finished: Config 3: Exp6 1-300
2026-05-04 22:04:54,637 INFO o.a.j.t.JMeterThread: Thread finished: Config 3: Exp6 1-183
2026-05-04 22:04:54,696 INFO o.a.j.t.JMeterThread: Stopping because end time detected by thread: Config 3: Exp6 1-263
2026-05-04 22:04:54,697 INFO o.a.j.t.JMeterThread: Stopping because end time detected by thread: Config 3: Exp6 1-235
2026-05-04 22:04:54,697 INFO o.a.j.t.JMeterThread: Stopping because end time detected by thread: Config 3: Exp6 1-80
2026-05-04 22:04:54,697 INFO o.a.j.t.JMeterThread: Thread finished: Config 3: Exp6 1-263
2026-05-04 22:04:54,697 INFO o.a.j.t.JMeterThread: Thread finished: Config 3: Exp6 1-235
2026-05-04 22:04:54,697 INFO o.a.j.t.JMeterThread: Thread finished: Config 3: Exp6 1-80
2026-05-04 22:04:54,717 INFO o.a.j.t.JMeterThread: Stopping because end time detected by thread: Config 3: Exp6 1-73
2026-05-04 22:04:54,717 INFO o.a.j.t.JMeterThread: Thread finished: Config 3: Exp6 1-73
2026-05-04 22:04:54,789 INFO o.a.j.t.JMeterThread: Stopping because end time detected by thread: Config 3: Exp6 1-22
2026-05-04 22:04:54,789 INFO o.a.j.t.JMeterThread: Stopping because end time detected by thread: Config 3: Exp6 1-72
2026-05-04 22:04:54,789 INFO o.a.j.t.JMeterThread: Thread finished: Config 3: Exp6 1-22
2026-05-04 22:04:54,789 INFO o.a.j.t.JMeterThread: Thread finished: Config 3: Exp6 1-72
2026-05-04 22:04:54,812 INFO o.a.j.t.JMeterThread: Stopping because end time detected by thread: Config 3: Exp6 1-35
2026-05-04 22:04:54,812 INFO o.a.j.t.JMeterThread: Thread finished: Config 3: Exp6 1-35
2026-05-04 22:04:54,871 INFO o.a.j.t.JMeterThread: Stopping because end time detected by thread: Config 3: Exp6 1-116
2026-05-04 22:04:54,871 INFO o.a.j.t.JMeterThread: Thread finished: Config 3: Exp6 1-116
2026-05-04 22:04:55,012 INFO o.a.j.t.JMeterThread: Stopping because end time detected by thread: Config 3: Exp6 1-118
2026-05-04 22:04:55,012 INFO o.a.j.t.JMeterThread: Thread finished: Config 3: Exp6 1-118
2026-05-04 22:04:55,035 INFO o.a.j.t.JMeterThread: Stopping because end time detected by thread: Config 3: Exp6 1-148
2026-05-04 22:04:55,035 INFO o.a.j.t.JMeterThread: Thread finished: Config 3: Exp6 1-148
2026-05-04 22:04:55,068 INFO o.a.j.t.JMeterThread: Stopping because end time detected by thread: Config 3: Exp6 1-92
2026-05-04 22:04:55,068 INFO o.a.j.t.JMeterThread: Stopping because end time detected by thread: Config 3: Exp6 1-131
2026-05-04 22:04:55,069 INFO o.a.j.t.JMeterThread: Stopping because end time detected by thread: Config 3: Exp6 1-212
2026-05-04 22:04:55,068 INFO o.a.j.t.JMeterThread: Stopping because end time detected by thread: Config 3: Exp6 1-7
2026-05-04 22:04:55,069 INFO o.a.j.t.JMeterThread: Thread finished: Config 3: Exp6 1-212
2026-05-04 22:04:55,069 INFO o.a.j.t.JMeterThread: Thread finished: Config 3: Exp6 1-7
2026-05-04 22:04:55,069 INFO o.a.j.t.JMeterThread: Thread finished: Config 3: Exp6 1-131
2026-05-04 22:04:55,068 INFO o.a.j.t.JMeterThread: Stopping because end time detected by thread: Config 3: Exp6 1-164
2026-05-04 22:04:55,069 INFO o.a.j.t.JMeterThread: Thread finished: Config 3: Exp6 1-92
2026-05-04 22:04:55,069 INFO o.a.j.t.JMeterThread: Stopping because end time detected by thread: Config 3: Exp6 1-6
2026-05-04 22:04:55,069 INFO o.a.j.t.JMeterThread: Stopping because end time detected by thread: Config 3: Exp6 1-5
2026-05-04 22:04:55,069 INFO o.a.j.t.JMeterThread: Stopping because end time detected by thread: Config 3: Exp6 1-55
2026-05-04 22:04:55,069 INFO o.a.j.t.JMeterThread: Thread finished: Config 3: Exp6 1-5
2026-05-04 22:04:55,069 INFO o.a.j.t.JMeterThread: Thread finished: Config 3: Exp6 1-6
2026-05-04 22:04:55,069 INFO o.a.j.t.JMeterThread: Thread finished: Config 3: Exp6 1-164
2026-05-04 22:04:55,069 INFO o.a.j.t.JMeterThread: Thread finished: Config 3: Exp6 1-55
2026-05-04 22:04:56,173 INFO o.a.j.t.JMeterThread: Stopping because end time detected by thread: Config 3: Exp6 1-287
2026-05-04 22:04:56,173 INFO o.a.j.t.JMeterThread: Thread finished: Config 3: Exp6 1-287
2026-05-04 22:04:59,214 INFO o.a.j.t.JMeterThread: Stopping because end time detected by thread: Config 3: Exp6 1-202
2026-05-04 22:04:59,214 INFO o.a.j.t.JMeterThread: Stopping because end time detected by thread: Config 3: Exp6 1-117
2026-05-04 22:04:59,214 INFO o.a.j.t.JMeterThread: Thread finished: Config 3: Exp6 1-202
2026-05-04 22:04:59,214 INFO o.a.j.t.JMeterThread: Stopping because end time detected by thread: Config 3: Exp6 1-301
2026-05-04 22:04:59,214 INFO o.a.j.t.JMeterThread: Stopping because end time detected by thread: Config 3: Exp6 1-33
2026-05-04 22:04:59,214 INFO o.a.j.t.JMeterThread: Thread finished: Config 3: Exp6 1-117
2026-05-04 22:04:59,214 INFO o.a.j.t.JMeterThread: Stopping because end time detected by thread: Config 3: Exp6 1-103
2026-05-04 22:04:59,214 INFO o.a.j.t.JMeterThread: Thread finished: Config 3: Exp6 1-103
2026-05-04 22:04:59,214 INFO o.a.j.t.JMeterThread: Stopping because end time detected by thread: Config 3: Exp6 1-231
2026-05-04 22:04:59,214 INFO o.a.j.t.JMeterThread: Stopping because end time detected by thread: Config 3: Exp6 1-83
2026-05-04 22:04:59,215 INFO o.a.j.t.JMeterThread: Thread finished: Config 3: Exp6 1-33
2026-05-04 22:04:59,214 INFO o.a.j.t.JMeterThread: Stopping because end time detected by thread: Config 3: Exp6 1-105
2026-05-04 22:04:59,215 INFO o.a.j.t.JMeterThread: Stopping because end time detected by thread: Config 3: Exp6 1-303
2026-05-04 22:04:59,215 INFO o.a.j.t.JMeterThread: Thread finished: Config 3: Exp6 1-231
2026-05-04 22:04:59,215 INFO o.a.j.t.JMeterThread: Stopping because end time detected by thread: Config 3: Exp6 1-129
2026-05-04 22:04:59,215 INFO o.a.j.t.JMeterThread: Stopping because end time detected by thread: Config 3: Exp6 1-204
2026-05-04 22:04:59,215 INFO o.a.j.t.JMeterThread: Stopping because end time detected by thread: Config 3: Exp6 1-52
2026-05-04 22:04:59,214 INFO o.a.j.t.JMeterThread: Stopping because end time detected by thread: Config 3: Exp6 1-16
2026-05-04 22:04:59,215 INFO o.a.j.t.JMeterThread: Stopping because end time detected by thread: Config 3: Exp6 1-99
2026-05-04 22:04:59,215 INFO o.a.j.t.JMeterThread: Thread finished: Config 3: Exp6 1-52
2026-05-04 22:04:59,215 INFO o.a.j.t.JMeterThread: Thread finished: Config 3: Exp6 1-105
2026-05-04 22:04:59,215 INFO o.a.j.t.JMeterThread: Thread finished: Config 3: Exp6 1-99
2026-05-04 22:04:59,215 INFO o.a.j.t.JMeterThread: Stopping because end time detected by thread: Config 3: Exp6 1-182
2026-05-04 22:04:59,215 INFO o.a.j.t.JMeterThread: Thread finished: Config 3: Exp6 1-16
2026-05-04 22:04:59,215 INFO o.a.j.t.JMeterThread: Thread finished: Config 3: Exp6 1-182
2026-05-04 22:04:59,215 INFO o.a.j.t.JMeterThread: Thread finished: Config 3: Exp6 1-204
2026-05-04 22:04:59,216 INFO o.a.j.t.JMeterThread: Thread finished: Config 3: Exp6 1-303
2026-05-04 22:04:59,215 INFO o.a.j.t.JMeterThread: Stopping because end time detected by thread: Config 3: Exp6 1-302
2026-05-04 22:04:59,215 INFO o.a.j.t.JMeterThread: Stopping because end time detected by thread: Config 3: Exp6 1-32
2026-05-04 22:04:59,216 INFO o.a.j.t.JMeterThread: Thread finished: Config 3: Exp6 1-83
2026-05-04 22:04:59,216 INFO o.a.j.t.JMeterThread: Stopping because end time detected by thread: Config 3: Exp6 1-240
2026-05-04 22:04:59,216 INFO o.a.j.t.JMeterThread: Stopping because end time detected by thread: Config 3: Exp6 1-115
2026-05-04 22:04:59,216 INFO o.a.j.t.JMeterThread: Thread finished: Config 3: Exp6 1-32
2026-05-04 22:04:59,214 INFO o.a.j.t.JMeterThread: Thread finished: Config 3: Exp6 1-301
2026-05-04 22:04:59,216 INFO o.a.j.t.JMeterThread: Thread finished: Config 3: Exp6 1-240
2026-05-04 22:04:59,216 INFO o.a.j.t.JMeterThread: Stopping because end time detected by thread: Config 3: Exp6 1-203
2026-05-04 22:04:59,216 INFO o.a.j.t.JMeterThread: Stopping because end time detected by thread: Config 3: Exp6 1-54
2026-05-04 22:04:59,216 INFO o.a.j.t.JMeterThread: Thread finished: Config 3: Exp6 1-203
2026-05-04 22:04:59,216 INFO o.a.j.t.JMeterThread: Stopping because end time detected by thread: Config 3: Exp6 1-53
2026-05-04 22:04:59,216 INFO o.a.j.t.JMeterThread: Stopping because end time detected by thread: Config 3: Exp6 1-71
2026-05-04 22:04:59,216 INFO o.a.j.t.JMeterThread: Thread finished: Config 3: Exp6 1-302
2026-05-04 22:04:59,216 INFO o.a.j.t.JMeterThread: Thread finished: Config 3: Exp6 1-53
2026-05-04 22:04:59,217 INFO o.a.j.t.JMeterThread: Thread finished: Config 3: Exp6 1-71
2026-05-04 22:04:59,216 INFO o.a.j.t.JMeterThread: Stopping because end time detected by thread: Config 3: Exp6 1-230
2026-05-04 22:04:59,215 INFO o.a.j.t.JMeterThread: Thread finished: Config 3: Exp6 1-129
2026-05-04 22:04:59,217 INFO o.a.j.t.JMeterThread: Thread finished: Config 3: Exp6 1-230
2026-05-04 22:04:59,217 INFO o.a.j.t.JMeterThread: Thread finished: Config 3: Exp6 1-115
2026-05-04 22:04:59,216 INFO o.a.j.t.JMeterThread: Thread finished: Config 3: Exp6 1-54
2026-05-04 22:04:59,216 INFO o.a.j.t.JMeterThread: Stopping because end time detected by thread: Config 3: Exp6 1-181
2026-05-04 22:04:59,217 INFO o.a.j.t.JMeterThread: Thread finished: Config 3: Exp6 1-181
2026-05-04 22:04:59,218 INFO o.a.j.t.JMeterThread: Stopping because end time detected by thread: Config 3: Exp6 1-241
2026-05-04 22:04:59,218 INFO o.a.j.t.JMeterThread: Stopping because end time detected by thread: Config 3: Exp6 1-265
2026-05-04 22:04:59,218 INFO o.a.j.t.JMeterThread: Stopping because end time detected by thread: Config 3: Exp6 1-267
2026-05-04 22:04:59,218 INFO o.a.j.t.JMeterThread: Stopping because end time detected by thread: Config 3: Exp6 1-266
2026-05-04 22:04:59,218 INFO o.a.j.t.JMeterThread: Stopping because end time detected by thread: Config 3: Exp6 1-171
2026-05-04 22:04:59,218 INFO o.a.j.t.JMeterThread: Thread finished: Config 3: Exp6 1-266
2026-05-04 22:04:59,218 INFO o.a.j.t.JMeterThread: Thread finished: Config 3: Exp6 1-265
2026-05-04 22:04:59,218 INFO o.a.j.t.JMeterThread: Thread finished: Config 3: Exp6 1-241
2026-05-04 22:04:59,218 INFO o.a.j.t.JMeterThread: Stopping because end time detected by thread: Config 3: Exp6 1-165
2026-05-04 22:04:59,218 INFO o.a.j.t.JMeterThread: Stopping because end time detected by thread: Config 3: Exp6 1-218
2026-05-04 22:04:59,218 INFO o.a.j.t.JMeterThread: Stopping because end time detected by thread: Config 3: Exp6 1-18
2026-05-04 22:04:59,218 INFO o.a.j.t.JMeterThread: Thread finished: Config 3: Exp6 1-267
2026-05-04 22:04:59,218 INFO o.a.j.t.JMeterThread: Thread finished: Config 3: Exp6 1-218
2026-05-04 22:04:59,218 INFO o.a.j.t.JMeterThread: Thread finished: Config 3: Exp6 1-171
2026-05-04 22:04:59,218 INFO o.a.j.t.JMeterThread: Stopping because end time detected by thread: Config 3: Exp6 1-36
2026-05-04 22:04:59,218 INFO o.a.j.t.JMeterThread: Stopping because end time detected by thread: Config 3: Exp6 1-185
2026-05-04 22:04:59,218 INFO o.a.j.t.JMeterThread: Thread finished: Config 3: Exp6 1-185
2026-05-04 22:04:59,218 INFO o.a.j.t.JMeterThread: Stopping because end time detected by thread: Config 3: Exp6 1-139
2026-05-04 22:04:59,218 INFO o.a.j.t.JMeterThread: Stopping because end time detected by thread: Config 3: Exp6 1-170
2026-05-04 22:04:59,218 INFO o.a.j.t.JMeterThread: Stopping because end time detected by thread: Config 3: Exp6 1-49
2026-05-04 22:04:59,218 INFO o.a.j.t.JMeterThread: Stopping because end time detected by thread: Config 3: Exp6 1-39
2026-05-04 22:04:59,218 INFO o.a.j.t.JMeterThread: Stopping because end time detected by thread: Config 3: Exp6 1-46
2026-05-04 22:04:59,219 INFO o.a.j.t.JMeterThread: Stopping because end time detected by thread: Config 3: Exp6 1-40
2026-05-04 22:04:59,219 INFO o.a.j.t.JMeterThread: Thread finished: Config 3: Exp6 1-49
2026-05-04 22:04:59,218 INFO o.a.j.t.JMeterThread: Stopping because end time detected by thread: Config 3: Exp6 1-26
2026-05-04 22:04:59,218 INFO o.a.j.t.JMeterThread: Thread finished: Config 3: Exp6 1-36
2026-05-04 22:04:59,219 INFO o.a.j.t.JMeterThread: Thread finished: Config 3: Exp6 1-26
2026-05-04 22:04:59,218 INFO o.a.j.t.JMeterThread: Thread finished: Config 3: Exp6 1-165
2026-05-04 22:04:59,218 INFO o.a.j.t.JMeterThread: Stopping because end time detected by thread: Config 3: Exp6 1-205
2026-05-04 22:04:59,218 INFO o.a.j.t.JMeterThread: Stopping because end time detected by thread: Config 3: Exp6 1-187
2026-05-04 22:04:59,219 INFO o.a.j.t.JMeterThread: Stopping because end time detected by thread: Config 3: Exp6 1-213
2026-05-04 22:04:59,219 INFO o.a.j.t.JMeterThread: Thread finished: Config 3: Exp6 1-205
2026-05-04 22:04:59,219 INFO o.a.j.t.JMeterThread: Thread finished: Config 3: Exp6 1-139
2026-05-04 22:04:59,219 INFO o.a.j.t.JMeterThread: Stopping because end time detected by thread: Config 3: Exp6 1-188
2026-05-04 22:04:59,219 INFO o.a.j.t.JMeterThread: Thread finished: Config 3: Exp6 1-40
2026-05-04 22:04:59,219 INFO o.a.j.t.JMeterThread: Stopping because end time detected by thread: Config 3: Exp6 1-17
2026-05-04 22:04:59,219 INFO o.a.j.t.JMeterThread: Thread finished: Config 3: Exp6 1-46
2026-05-04 22:04:59,219 INFO o.a.j.t.JMeterThread: Stopping because end time detected by thread: Config 3: Exp6 1-189
2026-05-04 22:04:59,218 INFO o.a.j.t.JMeterThread: Stopping because end time detected by thread: Config 3: Exp6 1-264
2026-05-04 22:04:59,219 INFO o.a.j.t.JMeterThread: Thread finished: Config 3: Exp6 1-170
2026-05-04 22:04:59,219 INFO o.a.j.t.JMeterThread: Stopping because end time detected by thread: Config 3: Exp6 1-245
2026-05-04 22:04:59,219 INFO o.a.j.t.JMeterThread: Thread finished: Config 3: Exp6 1-264
2026-05-04 22:04:59,219 INFO o.a.j.t.JMeterThread: Thread finished: Config 3: Exp6 1-39
2026-05-04 22:04:59,219 INFO o.a.j.t.JMeterThread: Thread finished: Config 3: Exp6 1-188
2026-05-04 22:04:59,220 INFO o.a.j.t.JMeterThread: Thread finished: Config 3: Exp6 1-189
2026-05-04 22:04:59,220 INFO o.a.j.t.JMeterThread: Thread finished: Config 3: Exp6 1-17
2026-05-04 22:04:59,219 INFO o.a.j.t.JMeterThread: Stopping because end time detected by thread: Config 3: Exp6 1-217
2026-05-04 22:04:59,219 INFO o.a.j.t.JMeterThread: Thread finished: Config 3: Exp6 1-187
2026-05-04 22:04:59,219 INFO o.a.j.t.JMeterThread: Thread finished: Config 3: Exp6 1-18
2026-05-04 22:04:59,220 INFO o.a.j.t.JMeterThread: Thread finished: Config 3: Exp6 1-245
2026-05-04 22:04:59,220 INFO o.a.j.t.JMeterThread: Thread finished: Config 3: Exp6 1-213
2026-05-04 22:04:59,219 INFO o.a.j.t.JMeterThread: Stopping because end time detected by thread: Config 3: Exp6 1-244
2026-05-04 22:04:59,220 INFO o.a.j.t.JMeterThread: Thread finished: Config 3: Exp6 1-244
2026-05-04 22:04:59,220 INFO o.a.j.t.JMeterThread: Thread finished: Config 3: Exp6 1-217
2026-05-04 22:04:59,229 INFO o.a.j.t.JMeterThread: Stopping because end time detected by thread: Config 3: Exp6 1-104
2026-05-04 22:04:59,229 INFO o.a.j.t.JMeterThread: Thread finished: Config 3: Exp6 1-104
2026-05-04 22:04:59,246 INFO o.a.j.t.JMeterThread: Stopping because end time detected by thread: Config 3: Exp6 1-304
2026-05-04 22:04:59,246 INFO o.a.j.t.JMeterThread: Thread finished: Config 3: Exp6 1-304
2026-05-04 22:04:59,422 INFO o.a.j.t.JMeterThread: Stopping because end time detected by thread: Config 3: Exp6 1-62
2026-05-04 22:04:59,422 INFO o.a.j.t.JMeterThread: Thread finished: Config 3: Exp6 1-62
2026-05-04 22:04:59,422 INFO o.a.j.t.JMeterThread: Stopping because end time detected by thread: Config 3: Exp6 1-21
2026-05-04 22:04:59,422 INFO o.a.j.t.JMeterThread: Thread finished: Config 3: Exp6 1-21
2026-05-04 22:04:59,892 INFO o.a.j.t.JMeterThread: Stopping because end time detected by thread: Config 3: Exp6 1-56
2026-05-04 22:04:59,892 INFO o.a.j.t.JMeterThread: Stopping because end time detected by thread: Config 3: Exp6 1-214
2026-05-04 22:04:59,892 INFO o.a.j.t.JMeterThread: Thread finished: Config 3: Exp6 1-56
2026-05-04 22:04:59,893 INFO o.a.j.t.JMeterThread: Stopping because end time detected by thread: Config 3: Exp6 1-109
2026-05-04 22:04:59,893 INFO o.a.j.t.JMeterThread: Stopping because end time detected by thread: Config 3: Exp6 1-122
2026-05-04 22:04:59,893 INFO o.a.j.t.JMeterThread: Stopping because end time detected by thread: Config 3: Exp6 1-91
2026-05-04 22:04:59,893 INFO o.a.j.t.JMeterThread: Stopping because end time detected by thread: Config 3: Exp6 1-93
2026-05-04 22:04:59,893 INFO o.a.j.t.JMeterThread: Stopping because end time detected by thread: Config 3: Exp6 1-110
2026-05-04 22:04:59,893 INFO o.a.j.t.JMeterThread: Stopping because end time detected by thread: Config 3: Exp6 1-138
2026-05-04 22:04:59,893 INFO o.a.j.t.JMeterThread: Stopping because end time detected by thread: Config 3: Exp6 1-228
2026-05-04 22:04:59,893 INFO o.a.j.t.JMeterThread: Thread finished: Config 3: Exp6 1-109
2026-05-04 22:04:59,893 INFO o.a.j.t.JMeterThread: Thread finished: Config 3: Exp6 1-228
2026-05-04 22:04:59,893 INFO o.a.j.t.JMeterThread: Thread finished: Config 3: Exp6 1-138
2026-05-04 22:04:59,893 INFO o.a.j.t.JMeterThread: Thread finished: Config 3: Exp6 1-91
2026-05-04 22:04:59,893 INFO o.a.j.t.JMeterThread: Thread finished: Config 3: Exp6 1-214
2026-05-04 22:04:59,893 INFO o.a.j.t.JMeterThread: Thread finished: Config 3: Exp6 1-122
2026-05-04 22:04:59,893 INFO o.a.j.t.JMeterThread: Stopping because end time detected by thread: Config 3: Exp6 1-161
2026-05-04 22:04:59,893 INFO o.a.j.t.JMeterThread: Thread finished: Config 3: Exp6 1-161
2026-05-04 22:04:59,893 INFO o.a.j.t.JMeterThread: Thread finished: Config 3: Exp6 1-110
2026-05-04 22:04:59,893 INFO o.a.j.t.JMeterThread: Thread finished: Config 3: Exp6 1-93
2026-05-04 22:05:00,916 INFO o.a.j.t.JMeterThread: Stopping because end time detected by thread: Config 3: Exp6 1-269
2026-05-04 22:05:00,916 INFO o.a.j.t.JMeterThread: Stopping because end time detected by thread: Config 3: Exp6 1-268
2026-05-04 22:05:00,916 INFO o.a.j.t.JMeterThread: Thread finished: Config 3: Exp6 1-269
2026-05-04 22:05:00,916 INFO o.a.j.t.JMeterThread: Thread finished: Config 3: Exp6 1-268
2026-05-04 22:05:00,968 INFO o.a.j.t.JMeterThread: Stopping because end time detected by thread: Config 3: Exp6 1-236
2026-05-04 22:05:00,968 INFO o.a.j.t.JMeterThread: Stopping because end time detected by thread: Config 3: Exp6 1-305
2026-05-04 22:05:00,968 INFO o.a.j.t.JMeterThread: Thread finished: Config 3: Exp6 1-236
2026-05-04 22:05:00,968 INFO o.a.j.t.JMeterThread: Thread finished: Config 3: Exp6 1-305
2026-05-04 22:05:00,969 INFO o.a.j.t.JMeterThread: Stopping because end time detected by thread: Config 3: Exp6 1-237
2026-05-04 22:05:00,969 INFO o.a.j.t.JMeterThread: Stopping because end time detected by thread: Config 3: Exp6 1-37
2026-05-04 22:05:00,969 INFO o.a.j.t.JMeterThread: Thread finished: Config 3: Exp6 1-237
2026-05-04 22:05:00,969 INFO o.a.j.t.JMeterThread: Thread finished: Config 3: Exp6 1-37
2026-05-04 22:05:00,969 INFO o.a.j.t.JMeterThread: Stopping because end time detected by thread: Config 3: Exp6 1-270
2026-05-04 22:05:00,969 INFO o.a.j.t.JMeterThread: Thread finished: Config 3: Exp6 1-270
2026-05-04 22:05:00,969 INFO o.a.j.t.JMeterThread: Stopping because end time detected by thread: Config 3: Exp6 1-43
2026-05-04 22:05:00,969 INFO o.a.j.t.JMeterThread: Stopping because end time detected by thread: Config 3: Exp6 1-238
2026-05-04 22:05:00,969 INFO o.a.j.t.JMeterThread: Thread finished: Config 3: Exp6 1-238
2026-05-04 22:05:00,969 INFO o.a.j.t.JMeterThread: Thread finished: Config 3: Exp6 1-43
2026-05-04 22:05:00,970 INFO o.a.j.t.JMeterThread: Stopping because end time detected by thread: Config 3: Exp6 1-242
2026-05-04 22:05:00,970 INFO o.a.j.t.JMeterThread: Stopping because end time detected by thread: Config 3: Exp6 1-146
2026-05-04 22:05:00,970 INFO o.a.j.t.JMeterThread: Stopping because end time detected by thread: Config 3: Exp6 1-15
2026-05-04 22:05:00,970 INFO o.a.j.t.JMeterThread: Thread finished: Config 3: Exp6 1-242
2026-05-04 22:05:00,970 INFO o.a.j.t.JMeterThread: Stopping because end time detected by thread: Config 3: Exp6 1-239
2026-05-04 22:05:00,970 INFO o.a.j.t.JMeterThread: Thread finished: Config 3: Exp6 1-15
2026-05-04 22:05:00,970 INFO o.a.j.t.JMeterThread: Stopping because end time detected by thread: Config 3: Exp6 1-134
2026-05-04 22:05:00,970 INFO o.a.j.t.JMeterThread: Thread finished: Config 3: Exp6 1-134
2026-05-04 22:05:00,970 INFO o.a.j.t.JMeterThread: Thread finished: Config 3: Exp6 1-239
2026-05-04 22:05:00,970 INFO o.a.j.t.JMeterThread: Stopping because end time detected by thread: Config 3: Exp6 1-102
2026-05-04 22:05:00,970 INFO o.a.j.t.JMeterThread: Thread finished: Config 3: Exp6 1-146
2026-05-04 22:05:00,970 INFO o.a.j.t.JMeterThread: Stopping because end time detected by thread: Config 3: Exp6 1-45
2026-05-04 22:05:00,970 INFO o.a.j.t.JMeterThread: Stopping because end time detected by thread: Config 3: Exp6 1-136
2026-05-04 22:05:00,971 INFO o.a.j.t.JMeterThread: Thread finished: Config 3: Exp6 1-136
2026-05-04 22:05:00,970 INFO o.a.j.t.JMeterThread: Stopping because end time detected by thread: Config 3: Exp6 1-27
2026-05-04 22:05:00,970 INFO o.a.j.t.JMeterThread: Stopping because end time detected by thread: Config 3: Exp6 1-42
2026-05-04 22:05:00,971 INFO o.a.j.t.JMeterThread: Thread finished: Config 3: Exp6 1-45
2026-05-04 22:05:00,971 INFO o.a.j.t.JMeterThread: Thread finished: Config 3: Exp6 1-27
2026-05-04 22:05:00,970 INFO o.a.j.t.JMeterThread: Stopping because end time detected by thread: Config 3: Exp6 1-190
2026-05-04 22:05:00,970 INFO o.a.j.t.JMeterThread: Thread finished: Config 3: Exp6 1-102
2026-05-04 22:05:00,971 INFO o.a.j.t.JMeterThread: Thread finished: Config 3: Exp6 1-42
2026-05-04 22:05:00,970 INFO o.a.j.t.JMeterThread: Stopping because end time detected by thread: Config 3: Exp6 1-64
2026-05-04 22:05:00,970 INFO o.a.j.t.JMeterThread: Stopping because end time detected by thread: Config 3: Exp6 1-101
2026-05-04 22:05:00,971 INFO o.a.j.t.JMeterThread: Thread finished: Config 3: Exp6 1-64
2026-05-04 22:05:00,971 INFO o.a.j.t.JMeterThread: Stopping because end time detected by thread: Config 3: Exp6 1-66
2026-05-04 22:05:00,970 INFO o.a.j.t.JMeterThread: Stopping because end time detected by thread: Config 3: Exp6 1-34
2026-05-04 22:05:00,971 INFO o.a.j.t.JMeterThread: Thread finished: Config 3: Exp6 1-66
2026-05-04 22:05:00,971 INFO o.a.j.t.JMeterThread: Stopping because end time detected by thread: Config 3: Exp6 1-271
2026-05-04 22:05:00,971 INFO o.a.j.t.JMeterThread: Thread finished: Config 3: Exp6 1-190
2026-05-04 22:05:00,971 INFO o.a.j.t.JMeterThread: Thread finished: Config 3: Exp6 1-101
2026-05-04 22:05:00,971 INFO o.a.j.t.JMeterThread: Stopping because end time detected by thread: Config 3: Exp6 1-219
2026-05-04 22:05:00,971 INFO o.a.j.t.JMeterThread: Thread finished: Config 3: Exp6 1-219
2026-05-04 22:05:00,971 INFO o.a.j.t.JMeterThread: Thread finished: Config 3: Exp6 1-271
2026-05-04 22:05:00,971 INFO o.a.j.t.JMeterThread: Thread finished: Config 3: Exp6 1-34
2026-05-04 22:05:00,972 INFO o.a.j.t.JMeterThread: Stopping because end time detected by thread: Config 3: Exp6 1-48
2026-05-04 22:05:00,972 INFO o.a.j.t.JMeterThread: Stopping because end time detected by thread: Config 3: Exp6 1-47
2026-05-04 22:05:00,972 INFO o.a.j.t.JMeterThread: Stopping because end time detected by thread: Config 3: Exp6 1-243
2026-05-04 22:05:00,972 INFO o.a.j.t.JMeterThread: Thread finished: Config 3: Exp6 1-48
2026-05-04 22:05:00,972 INFO o.a.j.t.JMeterThread: Stopping because end time detected by thread: Config 3: Exp6 1-151
2026-05-04 22:05:00,972 INFO o.a.j.t.JMeterThread: Thread finished: Config 3: Exp6 1-243
2026-05-04 22:05:00,972 INFO o.a.j.t.JMeterThread: Stopping because end time detected by thread: Config 3: Exp6 1-192
2026-05-04 22:05:00,972 INFO o.a.j.t.JMeterThread: Thread finished: Config 3: Exp6 1-192
2026-05-04 22:05:00,972 INFO o.a.j.t.JMeterThread: Stopping because end time detected by thread: Config 3: Exp6 1-220
2026-05-04 22:05:00,972 INFO o.a.j.t.JMeterThread: Thread finished: Config 3: Exp6 1-151
2026-05-04 22:05:00,972 INFO o.a.j.t.JMeterThread: Stopping because end time detected by thread: Config 3: Exp6 1-193
2026-05-04 22:05:00,972 INFO o.a.j.t.JMeterThread: Stopping because end time detected by thread: Config 3: Exp6 1-150
2026-05-04 22:05:00,972 INFO o.a.j.t.JMeterThread: Thread finished: Config 3: Exp6 1-220
2026-05-04 22:05:00,972 INFO o.a.j.t.JMeterThread: Thread finished: Config 3: Exp6 1-193
2026-05-04 22:05:00,972 INFO o.a.j.t.JMeterThread: Stopping because end time detected by thread: Config 3: Exp6 1-191
2026-05-04 22:05:00,972 INFO o.a.j.t.JMeterThread: Thread finished: Config 3: Exp6 1-150
2026-05-04 22:05:00,972 INFO o.a.j.t.JMeterThread: Stopping because end time detected by thread: Config 3: Exp6 1-221
2026-05-04 22:05:00,972 INFO o.a.j.t.JMeterThread: Thread finished: Config 3: Exp6 1-221
2026-05-04 22:05:00,972 INFO o.a.j.t.JMeterThread: Thread finished: Config 3: Exp6 1-47
2026-05-04 22:05:00,972 INFO o.a.j.t.JMeterThread: Stopping because end time detected by thread: Config 3: Exp6 1-169
2026-05-04 22:05:00,973 INFO o.a.j.t.JMeterThread: Thread finished: Config 3: Exp6 1-169
2026-05-04 22:05:00,973 INFO o.a.j.t.JMeterThread: Thread finished: Config 3: Exp6 1-191
2026-05-04 22:05:00,973 INFO o.a.j.t.JMeterThread: Stopping because end time detected by thread: Config 3: Exp6 1-58
2026-05-04 22:05:00,973 INFO o.a.j.t.JMeterThread: Stopping because end time detected by thread: Config 3: Exp6 1-306
2026-05-04 22:05:00,973 INFO o.a.j.t.JMeterThread: Stopping because end time detected by thread: Config 3: Exp6 1-273
2026-05-04 22:05:00,973 INFO o.a.j.t.JMeterThread: Thread finished: Config 3: Exp6 1-58
2026-05-04 22:05:00,973 INFO o.a.j.t.JMeterThread: Stopping because end time detected by thread: Config 3: Exp6 1-84
2026-05-04 22:05:00,973 INFO o.a.j.t.JMeterThread: Thread finished: Config 3: Exp6 1-306
2026-05-04 22:05:00,973 INFO o.a.j.t.JMeterThread: Stopping because end time detected by thread: Config 3: Exp6 1-126
2026-05-04 22:05:00,973 INFO o.a.j.t.JMeterThread: Stopping because end time detected by thread: Config 3: Exp6 1-120
2026-05-04 22:05:00,973 INFO o.a.j.t.JMeterThread: Thread finished: Config 3: Exp6 1-84
2026-05-04 22:05:00,973 INFO o.a.j.t.JMeterThread: Thread finished: Config 3: Exp6 1-273
2026-05-04 22:05:00,973 INFO o.a.j.t.JMeterThread: Thread finished: Config 3: Exp6 1-126
2026-05-04 22:05:00,973 INFO o.a.j.t.JMeterThread: Stopping because end time detected by thread: Config 3: Exp6 1-119
2026-05-04 22:05:00,974 INFO o.a.j.t.JMeterThread: Stopping because end time detected by thread: Config 3: Exp6 1-152
2026-05-04 22:05:00,974 INFO o.a.j.t.JMeterThread: Stopping because end time detected by thread: Config 3: Exp6 1-159
2026-05-04 22:05:00,973 INFO o.a.j.t.JMeterThread: Stopping because end time detected by thread: Config 3: Exp6 1-94
2026-05-04 22:05:00,974 INFO o.a.j.t.JMeterThread: Stopping because end time detected by thread: Config 3: Exp6 1-166
2026-05-04 22:05:00,974 INFO o.a.j.t.JMeterThread: Thread finished: Config 3: Exp6 1-152
2026-05-04 22:05:00,974 INFO o.a.j.t.JMeterThread: Thread finished: Config 3: Exp6 1-159
2026-05-04 22:05:00,974 INFO o.a.j.t.JMeterThread: Thread finished: Config 3: Exp6 1-94
2026-05-04 22:05:00,974 INFO o.a.j.t.JMeterThread: Stopping because end time detected by thread: Config 3: Exp6 1-167
2026-05-04 22:05:00,974 INFO o.a.j.t.JMeterThread: Thread finished: Config 3: Exp6 1-166
2026-05-04 22:05:00,974 INFO o.a.j.t.JMeterThread: Thread finished: Config 3: Exp6 1-119
2026-05-04 22:05:00,973 INFO o.a.j.t.JMeterThread: Stopping because end time detected by thread: Config 3: Exp6 1-125
2026-05-04 22:05:00,974 INFO o.a.j.t.JMeterThread: Thread finished: Config 3: Exp6 1-167
2026-05-04 22:05:00,974 INFO o.a.j.t.JMeterThread: Stopping because end time detected by thread: Config 3: Exp6 1-86
2026-05-04 22:05:00,974 INFO o.a.j.t.JMeterThread: Thread finished: Config 3: Exp6 1-86
2026-05-04 22:05:00,974 INFO o.a.j.t.JMeterThread: Thread finished: Config 3: Exp6 1-120
2026-05-04 22:05:00,974 INFO o.a.j.t.JMeterThread: Stopping because end time detected by thread: Config 3: Exp6 1-74
2026-05-04 22:05:00,974 INFO o.a.j.t.JMeterThread: Thread finished: Config 3: Exp6 1-125
2026-05-04 22:05:00,974 INFO o.a.j.t.JMeterThread: Stopping because end time detected by thread: Config 3: Exp6 1-95
2026-05-04 22:05:00,974 INFO o.a.j.t.JMeterThread: Thread finished: Config 3: Exp6 1-74
2026-05-04 22:05:00,974 INFO o.a.j.t.JMeterThread: Stopping because end time detected by thread: Config 3: Exp6 1-65
2026-05-04 22:05:00,974 INFO o.a.j.t.JMeterThread: Stopping because end time detected by thread: Config 3: Exp6 1-77
2026-05-04 22:05:00,974 INFO o.a.j.t.JMeterThread: Thread finished: Config 3: Exp6 1-65
2026-05-04 22:05:00,974 INFO o.a.j.t.JMeterThread: Stopping because end time detected by thread: Config 3: Exp6 1-67
2026-05-04 22:05:00,974 INFO o.a.j.t.JMeterThread: Thread finished: Config 3: Exp6 1-77
2026-05-04 22:05:00,974 INFO o.a.j.t.JMeterThread: Thread finished: Config 3: Exp6 1-67
2026-05-04 22:05:00,974 INFO o.a.j.t.JMeterThread: Thread finished: Config 3: Exp6 1-95
2026-05-04 22:05:00,985 INFO o.a.j.t.JMeterThread: Stopping because end time detected by thread: Config 3: Exp6 1-157
2026-05-04 22:05:00,985 INFO o.a.j.t.JMeterThread: Stopping because end time detected by thread: Config 3: Exp6 1-140
2026-05-04 22:05:00,985 INFO o.a.j.t.JMeterThread: Thread finished: Config 3: Exp6 1-157
2026-05-04 22:05:00,985 INFO o.a.j.t.JMeterThread: Thread finished: Config 3: Exp6 1-140
2026-05-04 22:05:00,985 INFO o.a.j.t.JMeterThread: Stopping because end time detected by thread: Config 3: Exp6 1-155
2026-05-04 22:05:00,985 INFO o.a.j.t.JMeterThread: Stopping because end time detected by thread: Config 3: Exp6 1-154
2026-05-04 22:05:00,985 INFO o.a.j.t.JMeterThread: Stopping because end time detected by thread: Config 3: Exp6 1-272
2026-05-04 22:05:00,985 INFO o.a.j.t.JMeterThread: Thread finished: Config 3: Exp6 1-272
2026-05-04 22:05:00,985 INFO o.a.j.t.JMeterThread: Thread finished: Config 3: Exp6 1-154
2026-05-04 22:05:00,985 INFO o.a.j.t.JMeterThread: Stopping because end time detected by thread: Config 3: Exp6 1-141
2026-05-04 22:05:00,985 INFO o.a.j.t.JMeterThread: Thread finished: Config 3: Exp6 1-155
2026-05-04 22:05:00,985 INFO o.a.j.t.JMeterThread: Stopping because end time detected by thread: Config 3: Exp6 1-153
2026-05-04 22:05:00,985 INFO o.a.j.t.JMeterThread: Stopping because end time detected by thread: Config 3: Exp6 1-123
2026-05-04 22:05:00,985 INFO o.a.j.t.JMeterThread: Stopping because end time detected by thread: Config 3: Exp6 1-135
2026-05-04 22:05:00,985 INFO o.a.j.t.JMeterThread: Thread finished: Config 3: Exp6 1-153
2026-05-04 22:05:00,985 INFO o.a.j.t.JMeterThread: Stopping because end time detected by thread: Config 3: Exp6 1-96
2026-05-04 22:05:00,985 INFO o.a.j.t.JMeterThread: Thread finished: Config 3: Exp6 1-123
2026-05-04 22:05:00,985 INFO o.a.j.t.JMeterThread: Thread finished: Config 3: Exp6 1-141
2026-05-04 22:05:00,985 INFO o.a.j.t.JMeterThread: Thread finished: Config 3: Exp6 1-96
2026-05-04 22:05:00,985 INFO o.a.j.t.JMeterThread: Thread finished: Config 3: Exp6 1-135
2026-05-04 22:05:00,985 INFO o.a.j.t.JMeterThread: Stopping because end time detected by thread: Config 3: Exp6 1-282
2026-05-04 22:05:00,985 INFO o.a.j.t.JMeterThread: Thread finished: Config 3: Exp6 1-282
2026-05-04 22:05:00,985 INFO o.a.j.t.JMeterThread: Stopping because end time detected by thread: Config 3: Exp6 1-106
2026-05-04 22:05:00,985 INFO o.a.j.t.JMeterThread: Stopping because end time detected by thread: Config 3: Exp6 1-108
2026-05-04 22:05:00,985 INFO o.a.j.t.JMeterThread: Stopping because end time detected by thread: Config 3: Exp6 1-87
2026-05-04 22:05:00,985 INFO o.a.j.t.JMeterThread: Stopping because end time detected by thread: Config 3: Exp6 1-281
2026-05-04 22:05:00,985 INFO o.a.j.t.JMeterThread: Thread finished: Config 3: Exp6 1-106
2026-05-04 22:05:00,985 INFO o.a.j.t.JMeterThread: Thread finished: Config 3: Exp6 1-87
2026-05-04 22:05:00,985 INFO o.a.j.t.JMeterThread: Thread finished: Config 3: Exp6 1-108
2026-05-04 22:05:00,985 INFO o.a.j.t.JMeterThread: Thread finished: Config 3: Exp6 1-281
2026-05-04 22:05:00,986 INFO o.a.j.t.JMeterThread: Stopping because end time detected by thread: Config 3: Exp6 1-19
2026-05-04 22:05:00,986 INFO o.a.j.t.JMeterThread: Stopping because end time detected by thread: Config 3: Exp6 1-308
2026-05-04 22:05:00,986 INFO o.a.j.t.JMeterThread: Thread finished: Config 3: Exp6 1-19
2026-05-04 22:05:00,986 INFO o.a.j.t.JMeterThread: Stopping because end time detected by thread: Config 3: Exp6 1-307
2026-05-04 22:05:00,986 INFO o.a.j.t.JMeterThread: Stopping because end time detected by thread: Config 3: Exp6 1-249
2026-05-04 22:05:00,986 INFO o.a.j.t.JMeterThread: Thread finished: Config 3: Exp6 1-308
2026-05-04 22:05:00,986 INFO o.a.j.t.JMeterThread: Stopping because end time detected by thread: Config 3: Exp6 1-224
2026-05-04 22:05:00,986 INFO o.a.j.t.JMeterThread: Thread finished: Config 3: Exp6 1-307
2026-05-04 22:05:00,986 INFO o.a.j.t.JMeterThread: Stopping because end time detected by thread: Config 3: Exp6 1-10
2026-05-04 22:05:00,986 INFO o.a.j.t.JMeterThread: Stopping because end time detected by thread: Config 3: Exp6 1-250
2026-05-04 22:05:00,986 INFO o.a.j.t.JMeterThread: Stopping because end time detected by thread: Config 3: Exp6 1-223
2026-05-04 22:05:00,986 INFO o.a.j.t.JMeterThread: Stopping because end time detected by thread: Config 3: Exp6 1-133
2026-05-04 22:05:00,986 INFO o.a.j.t.JMeterThread: Stopping because end time detected by thread: Config 3: Exp6 1-215
2026-05-04 22:05:00,986 INFO o.a.j.t.JMeterThread: Stopping because end time detected by thread: Config 3: Exp6 1-75
2026-05-04 22:05:00,986 INFO o.a.j.t.JMeterThread: Thread finished: Config 3: Exp6 1-10
2026-05-04 22:05:00,986 INFO o.a.j.t.JMeterThread: Stopping because end time detected by thread: Config 3: Exp6 1-283
2026-05-04 22:05:00,986 INFO o.a.j.t.JMeterThread: Stopping because end time detected by thread: Config 3: Exp6 1-284
2026-05-04 22:05:00,986 INFO o.a.j.t.JMeterThread: Stopping because end time detected by thread: Config 3: Exp6 1-20
2026-05-04 22:05:00,986 INFO o.a.j.t.JMeterThread: Thread finished: Config 3: Exp6 1-75
2026-05-04 22:05:00,986 INFO o.a.j.t.JMeterThread: Stopping because end time detected by thread: Config 3: Exp6 1-255
2026-05-04 22:05:00,986 INFO o.a.j.t.JMeterThread: Stopping because end time detected by thread: Config 3: Exp6 1-168
2026-05-04 22:05:00,986 INFO o.a.j.t.JMeterThread: Stopping because end time detected by thread: Config 3: Exp6 1-89
2026-05-04 22:05:00,986 INFO o.a.j.t.JMeterThread: Thread finished: Config 3: Exp6 1-133
2026-05-04 22:05:00,986 INFO o.a.j.t.JMeterThread: Thread finished: Config 3: Exp6 1-224
2026-05-04 22:05:00,986 INFO o.a.j.t.JMeterThread: Thread finished: Config 3: Exp6 1-89
2026-05-04 22:05:00,986 INFO o.a.j.t.JMeterThread: Stopping because end time detected by thread: Config 3: Exp6 1-63
2026-05-04 22:05:00,987 INFO o.a.j.t.JMeterThread: Thread finished: Config 3: Exp6 1-215
2026-05-04 22:05:00,986 INFO o.a.j.t.JMeterThread: Stopping because end time detected by thread: Config 3: Exp6 1-195
2026-05-04 22:05:00,987 INFO o.a.j.t.JMeterThread: Thread finished: Config 3: Exp6 1-250
2026-05-04 22:05:00,987 INFO o.a.j.t.JMeterThread: Thread finished: Config 3: Exp6 1-63
2026-05-04 22:05:00,986 INFO o.a.j.t.JMeterThread: Stopping because end time detected by thread: Config 3: Exp6 1-222
2026-05-04 22:05:00,986 INFO o.a.j.t.JMeterThread: Stopping because end time detected by thread: Config 3: Exp6 1-275
2026-05-04 22:05:00,986 INFO o.a.j.t.JMeterThread: Stopping because end time detected by thread: Config 3: Exp6 1-274
2026-05-04 22:05:00,986 INFO o.a.j.t.JMeterThread: Stopping because end time detected by thread: Config 3: Exp6 1-29
2026-05-04 22:05:00,987 INFO o.a.j.t.JMeterThread: Thread finished: Config 3: Exp6 1-275
2026-05-04 22:05:00,987 INFO o.a.j.t.JMeterThread: Thread finished: Config 3: Exp6 1-29
2026-05-04 22:05:00,986 INFO o.a.j.t.JMeterThread: Stopping because end time detected by thread: Config 3: Exp6 1-309
2026-05-04 22:05:00,987 INFO o.a.j.t.JMeterThread: Thread finished: Config 3: Exp6 1-274
2026-05-04 22:05:00,987 INFO o.a.j.t.JMeterThread: Thread finished: Config 3: Exp6 1-249
2026-05-04 22:05:00,987 INFO o.a.j.t.JMeterThread: Thread finished: Config 3: Exp6 1-309
2026-05-04 22:05:00,987 INFO o.a.j.t.JMeterThread: Thread finished: Config 3: Exp6 1-195
2026-05-04 22:05:00,987 INFO o.a.j.t.JMeterThread: Thread finished: Config 3: Exp6 1-222
2026-05-04 22:05:00,986 INFO o.a.j.t.JMeterThread: Thread finished: Config 3: Exp6 1-255
2026-05-04 22:05:00,986 INFO o.a.j.t.JMeterThread: Thread finished: Config 3: Exp6 1-284
2026-05-04 22:05:00,986 INFO o.a.j.t.JMeterThread: Stopping because end time detected by thread: Config 3: Exp6 1-178
2026-05-04 22:05:00,987 INFO o.a.j.t.JMeterThread: Thread finished: Config 3: Exp6 1-168
2026-05-04 22:05:00,986 INFO o.a.j.t.JMeterThread: Thread finished: Config 3: Exp6 1-223
2026-05-04 22:05:00,987 INFO o.a.j.t.JMeterThread: Thread finished: Config 3: Exp6 1-178
2026-05-04 22:05:00,986 INFO o.a.j.t.JMeterThread: Stopping because end time detected by thread: Config 3: Exp6 1-1
2026-05-04 22:05:00,987 INFO o.a.j.t.JMeterThread: Thread finished: Config 3: Exp6 1-1
2026-05-04 22:05:00,988 INFO o.a.j.t.JMeterThread: Thread finished: Config 3: Exp6 1-283
2026-05-04 22:05:00,988 INFO o.a.j.t.JMeterThread: Thread finished: Config 3: Exp6 1-20
2026-05-04 22:05:00,988 INFO o.a.j.t.JMeterThread: Stopping because end time detected by thread: Config 3: Exp6 1-9
2026-05-04 22:05:00,988 INFO o.a.j.t.JMeterThread: Thread finished: Config 3: Exp6 1-9
2026-05-04 22:05:00,988 INFO o.a.j.t.JMeterThread: Stopping because end time detected by thread: Config 3: Exp6 1-121
2026-05-04 22:05:00,988 INFO o.a.j.t.JMeterThread: Stopping because end time detected by thread: Config 3: Exp6 1-276
2026-05-04 22:05:00,988 INFO o.a.j.t.JMeterThread: Thread finished: Config 3: Exp6 1-121
2026-05-04 22:05:00,988 INFO o.a.j.t.JMeterThread: Stopping because end time detected by thread: Config 3: Exp6 1-68
2026-05-04 22:05:00,989 INFO o.a.j.t.JMeterThread: Stopping because end time detected by thread: Config 3: Exp6 1-251
2026-05-04 22:05:00,989 INFO o.a.j.t.JMeterThread: Thread finished: Config 3: Exp6 1-68
2026-05-04 22:05:00,989 INFO o.a.j.t.JMeterThread: Stopping because end time detected by thread: Config 3: Exp6 1-179
2026-05-04 22:05:00,989 INFO o.a.j.t.JMeterThread: Stopping because end time detected by thread: Config 3: Exp6 1-248
2026-05-04 22:05:00,989 INFO o.a.j.t.JMeterThread: Thread finished: Config 3: Exp6 1-248
2026-05-04 22:05:00,989 INFO o.a.j.t.JMeterThread: Stopping because end time detected by thread: Config 3: Exp6 1-156
2026-05-04 22:05:00,989 INFO o.a.j.t.JMeterThread: Thread finished: Config 3: Exp6 1-276
2026-05-04 22:05:00,989 INFO o.a.j.t.JMeterThread: Stopping because end time detected by thread: Config 3: Exp6 1-196
2026-05-04 22:05:00,989 INFO o.a.j.t.JMeterThread: Stopping because end time detected by thread: Config 3: Exp6 1-173
2026-05-04 22:05:00,989 INFO o.a.j.t.JMeterThread: Thread finished: Config 3: Exp6 1-251
2026-05-04 22:05:00,989 INFO o.a.j.t.JMeterThread: Stopping because end time detected by thread: Config 3: Exp6 1-246
2026-05-04 22:05:00,989 INFO o.a.j.t.JMeterThread: Thread finished: Config 3: Exp6 1-173
2026-05-04 22:05:00,989 INFO o.a.j.t.JMeterThread: Thread finished: Config 3: Exp6 1-156
2026-05-04 22:05:00,989 INFO o.a.j.t.JMeterThread: Thread finished: Config 3: Exp6 1-179
2026-05-04 22:05:00,989 INFO o.a.j.t.JMeterThread: Thread finished: Config 3: Exp6 1-196
2026-05-04 22:05:00,989 INFO o.a.j.t.JMeterThread: Thread finished: Config 3: Exp6 1-246
2026-05-04 22:05:00,990 INFO o.a.j.t.JMeterThread: Stopping because end time detected by thread: Config 3: Exp6 1-226
2026-05-04 22:05:00,990 INFO o.a.j.t.JMeterThread: Stopping because end time detected by thread: Config 3: Exp6 1-227
2026-05-04 22:05:00,990 INFO o.a.j.t.JMeterThread: Stopping because end time detected by thread: Config 3: Exp6 1-28
2026-05-04 22:05:00,990 INFO o.a.j.t.JMeterThread: Stopping because end time detected by thread: Config 3: Exp6 1-70
2026-05-04 22:05:00,990 INFO o.a.j.t.JMeterThread: Stopping because end time detected by thread: Config 3: Exp6 1-12
2026-05-04 22:05:00,990 INFO o.a.j.t.JMeterThread: Stopping because end time detected by thread: Config 3: Exp6 1-253
2026-05-04 22:05:00,990 INFO o.a.j.t.JMeterThread: Stopping because end time detected by thread: Config 3: Exp6 1-277
2026-05-04 22:05:00,995 INFO o.a.j.t.JMeterThread: Thread finished: Config 3: Exp6 1-28
2026-05-04 22:05:00,995 INFO o.a.j.t.JMeterThread: Stopping because end time detected by thread: Config 3: Exp6 1-278
2026-05-04 22:05:00,995 INFO o.a.j.t.JMeterThread: Stopping because end time detected by thread: Config 3: Exp6 1-76
2026-05-04 22:05:00,995 INFO o.a.j.t.JMeterThread: Stopping because end time detected by thread: Config 3: Exp6 1-313
2026-05-04 22:05:00,995 INFO o.a.j.t.JMeterThread: Stopping because end time detected by thread: Config 3: Exp6 1-30
2026-05-04 22:05:00,995 INFO o.a.j.t.JMeterThread: Stopping because end time detected by thread: Config 3: Exp6 1-128
2026-05-04 22:05:00,995 INFO o.a.j.t.JMeterThread: Thread finished: Config 3: Exp6 1-76
2026-05-04 22:05:00,995 INFO o.a.j.t.JMeterThread: Stopping because end time detected by thread: Config 3: Exp6 1-114
2026-05-04 22:05:00,995 INFO o.a.j.t.JMeterThread: Stopping because end time detected by thread: Config 3: Exp6 1-41
2026-05-04 22:05:00,995 INFO o.a.j.t.JMeterThread: Stopping because end time detected by thread: Config 3: Exp6 1-177
2026-05-04 22:05:00,995 INFO o.a.j.t.JMeterThread: Stopping because end time detected by thread: Config 3: Exp6 1-79
2026-05-04 22:05:00,995 INFO o.a.j.t.JMeterThread: Stopping because end time detected by thread: Config 3: Exp6 1-23
2026-05-04 22:05:00,995 INFO o.a.j.t.JMeterThread: Stopping because end time detected by thread: Config 3: Exp6 1-162
2026-05-04 22:05:00,995 INFO o.a.j.t.JMeterThread: Thread finished: Config 3: Exp6 1-79
2026-05-04 22:05:00,995 INFO o.a.j.t.JMeterThread: Stopping because end time detected by thread: Config 3: Exp6 1-194
2026-05-04 22:05:00,995 INFO o.a.j.t.JMeterThread: Stopping because end time detected by thread: Config 3: Exp6 1-13
2026-05-04 22:05:00,995 INFO o.a.j.t.JMeterThread: Stopping because end time detected by thread: Config 3: Exp6 1-31
2026-05-04 22:05:00,996 INFO o.a.j.t.JMeterThread: Stopping because end time detected by thread: Config 3: Exp6 1-111
2026-05-04 22:05:00,996 INFO o.a.j.t.JMeterThread: Thread finished: Config 3: Exp6 1-162
2026-05-04 22:05:00,996 INFO o.a.j.t.JMeterThread: Thread finished: Config 3: Exp6 1-111
2026-05-04 22:05:00,990 INFO o.a.j.t.JMeterThread: Stopping because end time detected by thread: Config 3: Exp6 1-225
2026-05-04 22:05:00,996 INFO o.a.j.t.JMeterThread: Thread finished: Config 3: Exp6 1-31
2026-05-04 22:05:00,996 INFO o.a.j.t.JMeterThread: Thread finished: Config 3: Exp6 1-13
2026-05-04 22:05:00,996 INFO o.a.j.t.JMeterThread: Thread finished: Config 3: Exp6 1-225
2026-05-04 22:05:00,996 INFO o.a.j.t.JMeterThread: Stopping because end time detected by thread: Config 3: Exp6 1-57
2026-05-04 22:05:00,996 INFO o.a.j.t.JMeterThread: Thread finished: Config 3: Exp6 1-57
2026-05-04 22:05:00,990 INFO o.a.j.t.JMeterThread: Thread finished: Config 3: Exp6 1-226
2026-05-04 22:05:00,996 INFO o.a.j.t.JMeterThread: Stopping because end time detected by thread: Config 3: Exp6 1-38
2026-05-04 22:05:00,996 INFO o.a.j.t.JMeterThread: Thread finished: Config 3: Exp6 1-23
2026-05-04 22:05:00,997 INFO o.a.j.t.JMeterThread: Thread finished: Config 3: Exp6 1-38
2026-05-04 22:05:00,995 INFO o.a.j.t.JMeterThread: Stopping because end time detected by thread: Config 3: Exp6 1-107
2026-05-04 22:05:00,995 INFO o.a.j.t.JMeterThread: Stopping because end time detected by thread: Config 3: Exp6 1-174
2026-05-04 22:05:00,997 INFO o.a.j.t.JMeterThread: Thread finished: Config 3: Exp6 1-107
2026-05-04 22:05:00,997 INFO o.a.j.t.JMeterThread: Thread finished: Config 3: Exp6 1-174
2026-05-04 22:05:00,995 INFO o.a.j.t.JMeterThread: Thread finished: Config 3: Exp6 1-177
2026-05-04 22:05:00,997 INFO o.a.j.t.JMeterThread: Thread finished: Config 3: Exp6 1-194
2026-05-04 22:05:00,995 INFO o.a.j.t.JMeterThread: Stopping because end time detected by thread: Config 3: Exp6 1-113
2026-05-04 22:05:00,995 INFO o.a.j.t.JMeterThread: Stopping because end time detected by thread: Config 3: Exp6 1-88
2026-05-04 22:05:00,995 INFO o.a.j.t.JMeterThread: Thread finished: Config 3: Exp6 1-114
2026-05-04 22:05:00,997 INFO o.a.j.t.JMeterThread: Thread finished: Config 3: Exp6 1-88
2026-05-04 22:05:00,995 INFO o.a.j.t.JMeterThread: Stopping because end time detected by thread: Config 3: Exp6 1-176
2026-05-04 22:05:00,995 INFO o.a.j.t.JMeterThread: Thread finished: Config 3: Exp6 1-128
2026-05-04 22:05:00,995 INFO o.a.j.t.JMeterThread: Stopping because end time detected by thread: Config 3: Exp6 1-254
2026-05-04 22:05:00,995 INFO o.a.j.t.JMeterThread: Stopping because end time detected by thread: Config 3: Exp6 1-172
2026-05-04 22:05:00,997 INFO o.a.j.t.JMeterThread: Thread finished: Config 3: Exp6 1-254
2026-05-04 22:05:00,995 INFO o.a.j.t.JMeterThread: Stopping because end time detected by thread: Config 3: Exp6 1-98
2026-05-04 22:05:00,995 INFO o.a.j.t.JMeterThread: Stopping because end time detected by thread: Config 3: Exp6 1-279
2026-05-04 22:05:00,995 INFO o.a.j.t.JMeterThread: Stopping because end time detected by thread: Config 3: Exp6 1-149
2026-05-04 22:05:00,997 INFO o.a.j.t.JMeterThread: Thread finished: Config 3: Exp6 1-172
2026-05-04 22:05:00,997 INFO o.a.j.t.JMeterThread: Thread finished: Config 3: Exp6 1-279
2026-05-04 22:05:00,995 INFO o.a.j.t.JMeterThread: Stopping because end time detected by thread: Config 3: Exp6 1-252
2026-05-04 22:05:00,997 INFO o.a.j.t.JMeterThread: Thread finished: Config 3: Exp6 1-98
2026-05-04 22:05:00,995 INFO o.a.j.t.JMeterThread: Stopping because end time detected by thread: Config 3: Exp6 1-311
2026-05-04 22:05:00,998 INFO o.a.j.t.JMeterThread: Thread finished: Config 3: Exp6 1-149
2026-05-04 22:05:00,998 INFO o.a.j.t.JMeterThread: Thread finished: Config 3: Exp6 1-252
2026-05-04 22:05:00,998 INFO o.a.j.t.JMeterThread: Thread finished: Config 3: Exp6 1-30
2026-05-04 22:05:00,995 INFO o.a.j.t.JMeterThread: Thread finished: Config 3: Exp6 1-278
2026-05-04 22:05:00,995 INFO o.a.j.t.JMeterThread: Stopping because end time detected by thread: Config 3: Exp6 1-175
2026-05-04 22:05:00,998 INFO o.a.j.t.JMeterThread: Thread finished: Config 3: Exp6 1-311
2026-05-04 22:05:00,995 INFO o.a.j.t.JMeterThread: Stopping because end time detected by thread: Config 3: Exp6 1-85
2026-05-04 22:05:00,995 INFO o.a.j.t.JMeterThread: Stopping because end time detected by thread: Config 3: Exp6 1-314
2026-05-04 22:05:00,995 INFO o.a.j.t.JMeterThread: Stopping because end time detected by thread: Config 3: Exp6 1-142
2026-05-04 22:05:00,995 INFO o.a.j.t.JMeterThread: Thread finished: Config 3: Exp6 1-253
2026-05-04 22:05:00,995 INFO o.a.j.t.JMeterThread: Stopping because end time detected by thread: Config 3: Exp6 1-124
2026-05-04 22:05:00,998 INFO o.a.j.t.JMeterThread: Thread finished: Config 3: Exp6 1-314
2026-05-04 22:05:00,998 INFO o.a.j.t.JMeterThread: Thread finished: Config 3: Exp6 1-124
2026-05-04 22:05:00,995 INFO o.a.j.t.JMeterThread: Stopping because end time detected by thread: Config 3: Exp6 1-127
2026-05-04 22:05:00,995 INFO o.a.j.t.JMeterThread: Stopping because end time detected by thread: Config 3: Exp6 1-112
2026-05-04 22:05:00,998 INFO o.a.j.t.JMeterThread: Thread finished: Config 3: Exp6 1-127
2026-05-04 22:05:00,995 INFO o.a.j.t.JMeterThread: Stopping because end time detected by thread: Config 3: Exp6 1-137
2026-05-04 22:05:00,995 INFO o.a.j.t.JMeterThread: Stopping because end time detected by thread: Config 3: Exp6 1-310
2026-05-04 22:05:00,995 INFO o.a.j.t.JMeterThread: Stopping because end time detected by thread: Config 3: Exp6 1-312
2026-05-04 22:05:00,998 INFO o.a.j.t.JMeterThread: Thread finished: Config 3: Exp6 1-112
2026-05-04 22:05:00,998 INFO o.a.j.t.JMeterThread: Thread finished: Config 3: Exp6 1-137
2026-05-04 22:05:00,995 INFO o.a.j.t.JMeterThread: Thread finished: Config 3: Exp6 1-70
2026-05-04 22:05:00,990 INFO o.a.j.t.JMeterThread: Thread finished: Config 3: Exp6 1-227
2026-05-04 22:05:00,990 INFO o.a.j.t.JMeterThread: Stopping because end time detected by thread: Config 3: Exp6 1-280
2026-05-04 22:05:00,999 INFO o.a.j.t.JMeterThread: Thread finished: Config 3: Exp6 1-277
2026-05-04 22:05:00,999 INFO o.a.j.t.JMeterThread: Thread finished: Config 3: Exp6 1-280
2026-05-04 22:05:00,990 INFO o.a.j.t.JMeterThread: Stopping because end time detected by thread: Config 3: Exp6 1-247
2026-05-04 22:05:00,998 INFO o.a.j.t.JMeterThread: Thread finished: Config 3: Exp6 1-313
2026-05-04 22:05:00,998 INFO o.a.j.t.JMeterThread: Thread finished: Config 3: Exp6 1-310
2026-05-04 22:05:00,998 INFO o.a.j.t.JMeterThread: Thread finished: Config 3: Exp6 1-142
2026-05-04 22:05:00,998 INFO o.a.j.t.JMeterThread: Thread finished: Config 3: Exp6 1-85
2026-05-04 22:05:00,999 INFO o.a.j.t.JMeterThread: Thread finished: Config 3: Exp6 1-247
2026-05-04 22:05:00,999 INFO o.a.j.t.JMeterThread: Thread finished: Config 3: Exp6 1-312
2026-05-04 22:05:00,997 INFO o.a.j.t.JMeterThread: Thread finished: Config 3: Exp6 1-41
2026-05-04 22:05:00,999 INFO o.a.j.t.JMeterThread: Thread finished: Config 3: Exp6 1-175
2026-05-04 22:05:00,997 INFO o.a.j.t.JMeterThread: Thread finished: Config 3: Exp6 1-176
2026-05-04 22:05:00,997 INFO o.a.j.t.JMeterThread: Thread finished: Config 3: Exp6 1-113
2026-05-04 22:05:00,999 INFO o.a.j.t.JMeterThread: Thread finished: Config 3: Exp6 1-12
2026-05-04 22:05:01,001 INFO o.a.j.t.JMeterThread: Stopping because end time detected by thread: Config 3: Exp6 1-8
2026-05-04 22:05:01,001 INFO o.a.j.t.JMeterThread: Stopping because end time detected by thread: Config 3: Exp6 1-25
2026-05-04 22:05:01,001 INFO o.a.j.t.JMeterThread: Stopping because end time detected by thread: Config 3: Exp6 1-216
2026-05-04 22:05:01,001 INFO o.a.j.t.JMeterThread: Stopping because end time detected by thread: Config 3: Exp6 1-82
2026-05-04 22:05:01,001 INFO o.a.j.t.JMeterThread: Thread finished: Config 3: Exp6 1-25
2026-05-04 22:05:01,001 INFO o.a.j.t.JMeterThread: Stopping because end time detected by thread: Config 3: Exp6 1-44
2026-05-04 22:05:01,001 INFO o.a.j.t.JMeterThread: Thread finished: Config 3: Exp6 1-216
2026-05-04 22:05:01,001 INFO o.a.j.t.JMeterThread: Thread finished: Config 3: Exp6 1-8
2026-05-04 22:05:01,001 INFO o.a.j.t.JMeterThread: Thread finished: Config 3: Exp6 1-82
2026-05-04 22:05:01,001 INFO o.a.j.t.JMeterThread: Thread finished: Config 3: Exp6 1-44
2026-05-04 22:05:01,001 INFO o.a.j.t.JMeterThread: Stopping because end time detected by thread: Config 3: Exp6 1-132
2026-05-04 22:05:01,001 INFO o.a.j.t.JMeterThread: Stopping because end time detected by thread: Config 3: Exp6 1-229
2026-05-04 22:05:01,001 INFO o.a.j.t.JMeterThread: Stopping because end time detected by thread: Config 3: Exp6 1-292
2026-05-04 22:05:01,001 INFO o.a.j.t.JMeterThread: Stopping because end time detected by thread: Config 3: Exp6 1-210
2026-05-04 22:05:01,001 INFO o.a.j.t.JMeterThread: Thread finished: Config 3: Exp6 1-229
2026-05-04 22:05:01,001 INFO o.a.j.t.JMeterThread: Stopping because end time detected by thread: Config 3: Exp6 1-232
2026-05-04 22:05:01,001 INFO o.a.j.t.JMeterThread: Thread finished: Config 3: Exp6 1-132
2026-05-04 22:05:01,001 INFO o.a.j.t.JMeterThread: Thread finished: Config 3: Exp6 1-210
2026-05-04 22:05:01,001 INFO o.a.j.t.JMeterThread: Thread finished: Config 3: Exp6 1-292
2026-05-04 22:05:01,002 INFO o.a.j.t.JMeterThread: Thread finished: Config 3: Exp6 1-232
2026-05-04 22:05:01,002 INFO o.a.j.t.JMeterThread: Stopping because end time detected by thread: Config 3: Exp6 1-163
2026-05-04 22:05:01,002 INFO o.a.j.t.JMeterThread: Thread finished: Config 3: Exp6 1-163
2026-05-04 22:05:01,002 INFO o.a.j.t.JMeterThread: Stopping because end time detected by thread: Config 3: Exp6 1-256
2026-05-04 22:05:01,002 INFO o.a.j.t.JMeterThread: Stopping because end time detected by thread: Config 3: Exp6 1-50
2026-05-04 22:05:01,002 INFO o.a.j.t.JMeterThread: Stopping because end time detected by thread: Config 3: Exp6 1-180
2026-05-04 22:05:01,002 INFO o.a.j.t.JMeterThread: Stopping because end time detected by thread: Config 3: Exp6 1-2
2026-05-04 22:05:01,002 INFO o.a.j.t.JMeterThread: Thread finished: Config 3: Exp6 1-256
2026-05-04 22:05:01,002 INFO o.a.j.t.JMeterThread: Stopping because end time detected by thread: Config 3: Exp6 1-211
2026-05-04 22:05:01,002 INFO o.a.j.t.JMeterThread: Thread finished: Config 3: Exp6 1-180
2026-05-04 22:05:01,002 INFO o.a.j.t.JMeterThread: Thread finished: Config 3: Exp6 1-2
2026-05-04 22:05:01,002 INFO o.a.j.t.JMeterThread: Thread finished: Config 3: Exp6 1-211
2026-05-04 22:05:01,002 INFO o.a.j.t.JMeterThread: Stopping because end time detected by thread: Config 3: Exp6 1-259
2026-05-04 22:05:01,002 INFO o.a.j.t.JMeterThread: Thread finished: Config 3: Exp6 1-50
2026-05-04 22:05:01,002 INFO o.a.j.t.JMeterThread: Stopping because end time detected by thread: Config 3: Exp6 1-290
2026-05-04 22:05:01,002 INFO o.a.j.t.JMeterThread: Stopping because end time detected by thread: Config 3: Exp6 1-293
2026-05-04 22:05:01,002 INFO o.a.j.t.JMeterThread: Thread finished: Config 3: Exp6 1-259
2026-05-04 22:05:01,002 INFO o.a.j.t.JMeterThread: Thread finished: Config 3: Exp6 1-290
2026-05-04 22:05:01,002 INFO o.a.j.t.JMeterThread: Thread finished: Config 3: Exp6 1-293
2026-05-04 22:05:01,003 INFO o.a.j.t.JMeterThread: Stopping because end time detected by thread: Config 3: Exp6 1-198
2026-05-04 22:05:01,003 INFO o.a.j.t.JMeterThread: Thread finished: Config 3: Exp6 1-198
2026-05-04 22:05:01,003 INFO o.a.j.t.JMeterThread: Stopping because end time detected by thread: Config 3: Exp6 1-3
2026-05-04 22:05:01,003 INFO o.a.j.t.JMeterThread: Stopping because end time detected by thread: Config 3: Exp6 1-186
2026-05-04 22:05:01,003 INFO o.a.j.t.JMeterThread: Stopping because end time detected by thread: Config 3: Exp6 1-201
2026-05-04 22:05:01,003 INFO o.a.j.t.JMeterThread: Thread finished: Config 3: Exp6 1-3
2026-05-04 22:05:01,003 INFO o.a.j.t.JMeterThread: Thread finished: Config 3: Exp6 1-186
2026-05-04 22:05:01,003 INFO o.a.j.t.JMeterThread: Thread finished: Config 3: Exp6 1-201
2026-05-04 22:05:01,005 INFO o.a.j.t.JMeterThread: Stopping because end time detected by thread: Config 3: Exp6 1-317
2026-05-04 22:05:01,005 INFO o.a.j.t.JMeterThread: Stopping because end time detected by thread: Config 3: Exp6 1-318
2026-05-04 22:05:01,005 INFO o.a.j.t.JMeterThread: Stopping because end time detected by thread: Config 3: Exp6 1-316
2026-05-04 22:05:01,005 INFO o.a.j.t.JMeterThread: Stopping because end time detected by thread: Config 3: Exp6 1-315
2026-05-04 22:05:01,005 INFO o.a.j.t.JMeterThread: Thread finished: Config 3: Exp6 1-318
2026-05-04 22:05:01,005 INFO o.a.j.t.JMeterThread: Thread finished: Config 3: Exp6 1-316
2026-05-04 22:05:01,005 INFO o.a.j.t.JMeterThread: Thread finished: Config 3: Exp6 1-315
2026-05-04 22:05:01,005 INFO o.a.j.t.JMeterThread: Stopping because end time detected by thread: Config 3: Exp6 1-257
2026-05-04 22:05:01,005 INFO o.a.j.t.JMeterThread: Thread finished: Config 3: Exp6 1-317
2026-05-04 22:05:01,005 INFO o.a.j.t.JMeterThread: Stopping because end time detected by thread: Config 3: Exp6 1-11
2026-05-04 22:05:01,005 INFO o.a.j.t.JMeterThread: Stopping because end time detected by thread: Config 3: Exp6 1-261
2026-05-04 22:05:01,005 INFO o.a.j.t.JMeterThread: Stopping because end time detected by thread: Config 3: Exp6 1-197
2026-05-04 22:05:01,005 INFO o.a.j.t.JMeterThread: Stopping because end time detected by thread: Config 3: Exp6 1-158
2026-05-04 22:05:01,005 INFO o.a.j.t.JMeterThread: Stopping because end time detected by thread: Config 3: Exp6 1-160
2026-05-04 22:05:01,005 INFO o.a.j.t.JMeterThread: Thread finished: Config 3: Exp6 1-158
2026-05-04 22:05:01,005 INFO o.a.j.t.JMeterThread: Thread finished: Config 3: Exp6 1-257
2026-05-04 22:05:01,005 INFO o.a.j.t.JMeterThread: Stopping because end time detected by thread: Config 3: Exp6 1-260
2026-05-04 22:05:01,005 INFO o.a.j.t.JMeterThread: Thread finished: Config 3: Exp6 1-160
2026-05-04 22:05:01,005 INFO o.a.j.t.JMeterThread: Stopping because end time detected by thread: Config 3: Exp6 1-320
2026-05-04 22:05:01,005 INFO o.a.j.t.JMeterThread: Stopping because end time detected by thread: Config 3: Exp6 1-200
2026-05-04 22:05:01,005 INFO o.a.j.t.JMeterThread: Thread finished: Config 3: Exp6 1-320
2026-05-04 22:05:01,005 INFO o.a.j.t.JMeterThread: Thread finished: Config 3: Exp6 1-261
2026-05-04 22:05:01,005 INFO o.a.j.t.JMeterThread: Stopping because end time detected by thread: Config 3: Exp6 1-258
2026-05-04 22:05:01,005 INFO o.a.j.t.JMeterThread: Thread finished: Config 3: Exp6 1-11
2026-05-04 22:05:01,005 INFO o.a.j.t.JMeterThread: Thread finished: Config 3: Exp6 1-258
2026-05-04 22:05:01,005 INFO o.a.j.t.JMeterThread: Stopping because end time detected by thread: Config 3: Exp6 1-319
2026-05-04 22:05:01,005 INFO o.a.j.t.JMeterThread: Thread finished: Config 3: Exp6 1-200
2026-05-04 22:05:01,006 INFO o.a.j.t.JMeterThread: Thread finished: Config 3: Exp6 1-197
2026-05-04 22:05:01,006 INFO o.a.j.t.JMeterThread: Thread finished: Config 3: Exp6 1-319
2026-05-04 22:05:01,005 INFO o.a.j.t.JMeterThread: Thread finished: Config 3: Exp6 1-260
2026-05-04 22:05:01,029 INFO o.a.j.t.JMeterThread: Stopping because end time detected by thread: Config 3: Exp6 1-59
2026-05-04 22:05:01,029 INFO o.a.j.t.JMeterThread: Thread finished: Config 3: Exp6 1-59
2026-05-04 22:05:01,029 INFO o.a.j.t.JMeterThread: Stopping because end time detected by thread: Config 3: Exp6 1-51
2026-05-04 22:05:01,029 INFO o.a.j.t.JMeterThread: Thread finished: Config 3: Exp6 1-51
2026-05-04 22:05:01,029 INFO o.a.j.t.JMeterThread: Stopping because end time detected by thread: Config 3: Exp6 1-233
2026-05-04 22:05:01,029 INFO o.a.j.t.JMeterThread: Stopping because end time detected by thread: Config 3: Exp6 1-60
2026-05-04 22:05:01,029 INFO o.a.j.t.JMeterThread: Thread finished: Config 3: Exp6 1-233
2026-05-04 22:05:01,029 INFO o.a.j.t.JMeterThread: Thread finished: Config 3: Exp6 1-60
2026-05-04 22:05:01,030 INFO o.a.j.t.JMeterThread: Stopping because end time detected by thread: Config 3: Exp6 1-289
2026-05-04 22:05:01,030 INFO o.a.j.t.JMeterThread: Thread finished: Config 3: Exp6 1-289
2026-05-04 22:05:01,031 INFO o.a.j.t.JMeterThread: Stopping because end time detected by thread: Config 3: Exp6 1-288
2026-05-04 22:05:01,031 INFO o.a.j.t.JMeterThread: Thread finished: Config 3: Exp6 1-288
2026-05-04 22:05:01,031 INFO o.a.j.t.JMeterThread: Stopping because end time detected by thread: Config 3: Exp6 1-291
2026-05-04 22:05:01,031 INFO o.a.j.t.JMeterThread: Stopping because end time detected by thread: Config 3: Exp6 1-145
2026-05-04 22:05:01,031 INFO o.a.j.t.JMeterThread: Thread finished: Config 3: Exp6 1-291
2026-05-04 22:05:01,031 INFO o.a.j.t.JMeterThread: Thread finished: Config 3: Exp6 1-145
2026-05-04 22:05:01,031 INFO o.a.j.e.StandardJMeterEngine: Notifying test listeners of end of test
2026-05-04 22:05:01,031 INFO o.a.j.g.u.JMeterMenuBar: setRunning(false, *local*)
2026-05-04 22:07:42,065 INFO o.a.j.e.StandardJMeterEngine: Running the test!
2026-05-04 22:07:42,065 INFO o.a.j.s.SampleEvent: List of sample_variables: []
2026-05-04 22:07:42,066 INFO o.a.j.g.u.JMeterMenuBar: setRunning(true, *local*)
2026-05-04 22:07:42,108 INFO o.a.j.e.StandardJMeterEngine: Starting ThreadGroup: 1 : Config 3: Exp7
2026-05-04 22:07:42,108 INFO o.a.j.e.StandardJMeterEngine: Starting 640 threads for group Config 3: Exp7.
2026-05-04 22:07:42,108 INFO o.a.j.e.StandardJMeterEngine: Thread will continue on error
2026-05-04 22:07:42,108 INFO o.a.j.t.ThreadGroup: Starting thread group... number=1 threads=640 ramp-up=100 delayedStart=false
2026-05-04 22:07:42,109 INFO o.a.j.t.JMeterThread: Thread started: Config 3: Exp7 1-1
2026-05-04 22:07:42,156 INFO o.a.j.t.ThreadGroup: Started thread group number 1
2026-05-04 22:07:42,156 INFO o.a.j.e.StandardJMeterEngine: All thread groups have been started
2026-05-04 22:07:42,265 INFO o.a.j.t.JMeterThread: Thread started: Config 3: Exp7 1-2
2026-05-04 22:07:42,420 INFO o.a.j.t.JMeterThread: Thread started: Config 3: Exp7 1-3
2026-05-04 22:07:42,576 INFO o.a.j.t.JMeterThread: Thread started: Config 3: Exp7 1-4
2026-05-04 22:07:42,733 INFO o.a.j.t.JMeterThread: Thread started: Config 3: Exp7 1-5
2026-05-04 22:07:42,889 INFO o.a.j.t.JMeterThread: Thread started: Config 3: Exp7 1-6
2026-05-04 22:07:43,045 INFO o.a.j.t.JMeterThread: Thread started: Config 3: Exp7 1-7
2026-05-04 22:07:43,200 INFO o.a.j.t.JMeterThread: Thread started: Config 3: Exp7 1-8
2026-05-04 22:07:43,357 INFO o.a.j.t.JMeterThread: Thread started: Config 3: Exp7 1-9
2026-05-04 22:07:43,512 INFO o.a.j.t.JMeterThread: Thread started: Config 3: Exp7 1-10
2026-05-04 22:07:43,668 INFO o.a.j.t.JMeterThread: Thread started: Config 3: Exp7 1-11
2026-05-04 22:07:43,824 INFO o.a.j.t.JMeterThread: Thread started: Config 3: Exp7 1-12
2026-05-04 22:07:43,980 INFO o.a.j.t.JMeterThread: Thread started: Config 3: Exp7 1-13
2026-05-04 22:07:44,136 INFO o.a.j.t.JMeterThread: Thread started: Config 3: Exp7 1-14
2026-05-04 22:07:44,293 INFO o.a.j.t.JMeterThread: Thread started: Config 3: Exp7 1-15
2026-05-04 22:07:44,448 INFO o.a.j.t.JMeterThread: Thread started: Config 3: Exp7 1-16
2026-05-04 22:07:44,605 INFO o.a.j.t.JMeterThread: Thread started: Config 3: Exp7 1-17
2026-05-04 22:07:44,760 INFO o.a.j.t.JMeterThread: Thread started: Config 3: Exp7 1-18
2026-05-04 22:07:44,917 INFO o.a.j.t.JMeterThread: Thread started: Config 3: Exp7 1-19
2026-05-04 22:07:45,073 INFO o.a.j.t.JMeterThread: Thread started: Config 3: Exp7 1-20
2026-05-04 22:07:45,228 INFO o.a.j.t.JMeterThread: Thread started: Config 3: Exp7 1-21
2026-05-04 22:07:45,384 INFO o.a.j.t.JMeterThread: Thread started: Config 3: Exp7 1-22
2026-05-04 22:07:45,541 INFO o.a.j.t.JMeterThread: Thread started: Config 3: Exp7 1-23
2026-05-04 22:07:45,696 INFO o.a.j.t.JMeterThread: Thread started: Config 3: Exp7 1-24
2026-05-04 22:07:45,852 INFO o.a.j.t.JMeterThread: Thread started: Config 3: Exp7 1-25
2026-05-04 22:07:46,009 INFO o.a.j.t.JMeterThread: Thread started: Config 3: Exp7 1-26
2026-05-04 22:07:46,165 INFO o.a.j.t.JMeterThread: Thread started: Config 3: Exp7 1-27
2026-05-04 22:07:46,321 INFO o.a.j.t.JMeterThread: Thread started: Config 3: Exp7 1-28
2026-05-04 22:07:46,476 INFO o.a.j.t.JMeterThread: Thread started: Config 3: Exp7 1-29
2026-05-04 22:07:46,632 INFO o.a.j.t.JMeterThread: Thread started: Config 3: Exp7 1-30
2026-05-04 22:07:46,788 INFO o.a.j.t.JMeterThread: Thread started: Config 3: Exp7 1-31
2026-05-04 22:07:46,945 INFO o.a.j.t.JMeterThread: Thread started: Config 3: Exp7 1-32
2026-05-04 22:07:47,100 INFO o.a.j.t.JMeterThread: Thread started: Config 3: Exp7 1-33
2026-05-04 22:07:47,257 INFO o.a.j.t.JMeterThread: Thread started: Config 3: Exp7 1-34
2026-05-04 22:07:47,412 INFO o.a.j.t.JMeterThread: Thread started: Config 3: Exp7 1-35
2026-05-04 22:07:47,568 INFO o.a.j.t.JMeterThread: Thread started: Config 3: Exp7 1-36
2026-05-04 22:07:47,724 INFO o.a.j.t.JMeterThread: Thread started: Config 3: Exp7 1-37
2026-05-04 22:07:47,880 INFO o.a.j.t.JMeterThread: Thread started: Config 3: Exp7 1-38
2026-05-04 22:07:48,036 INFO o.a.j.t.JMeterThread: Thread started: Config 3: Exp7 1-39
2026-05-04 22:07:48,192 INFO o.a.j.t.JMeterThread: Thread started: Config 3: Exp7 1-40
2026-05-04 22:07:48,348 INFO o.a.j.t.JMeterThread: Thread started: Config 3: Exp7 1-41
2026-05-04 22:07:48,504 INFO o.a.j.t.JMeterThread: Thread started: Config 3: Exp7 1-42
2026-05-04 22:07:48,660 INFO o.a.j.t.JMeterThread: Thread started: Config 3: Exp7 1-43
2026-05-04 22:07:48,816 INFO o.a.j.t.JMeterThread: Thread started: Config 3: Exp7 1-44
2026-05-04 22:07:48,973 INFO o.a.j.t.JMeterThread: Thread started: Config 3: Exp7 1-45
2026-05-04 22:07:49,129 INFO o.a.j.t.JMeterThread: Thread started: Config 3: Exp7 1-46
2026-05-04 22:07:49,285 INFO o.a.j.t.JMeterThread: Thread started: Config 3: Exp7 1-47
2026-05-04 22:07:49,441 INFO o.a.j.t.JMeterThread: Thread started: Config 3: Exp7 1-48
2026-05-04 22:07:49,596 INFO o.a.j.t.JMeterThread: Thread started: Config 3: Exp7 1-49
2026-05-04 22:07:49,753 INFO o.a.j.t.JMeterThread: Thread started: Config 3: Exp7 1-50
2026-05-04 22:07:49,909 INFO o.a.j.t.JMeterThread: Thread started: Config 3: Exp7 1-51
2026-05-04 22:07:50,064 INFO o.a.j.t.JMeterThread: Thread started: Config 3: Exp7 1-52
2026-05-04 22:07:50,220 INFO o.a.j.t.JMeterThread: Thread started: Config 3: Exp7 1-53
2026-05-04 22:07:50,376 INFO o.a.j.t.JMeterThread: Thread started: Config 3: Exp7 1-54
2026-05-04 22:07:50,532 INFO o.a.j.t.JMeterThread: Thread started: Config 3: Exp7 1-55
2026-05-04 22:07:50,688 INFO o.a.j.t.JMeterThread: Thread started: Config 3: Exp7 1-56
2026-05-04 22:07:50,844 INFO o.a.j.t.JMeterThread: Thread started: Config 3: Exp7 1-57
2026-05-04 22:07:51,000 INFO o.a.j.t.JMeterThread: Thread started: Config 3: Exp7 1-58
2026-05-04 22:07:51,156 INFO o.a.j.t.JMeterThread: Thread started: Config 3: Exp7 1-59
2026-05-04 22:07:51,313 INFO o.a.j.t.JMeterThread: Thread started: Config 3: Exp7 1-60
2026-05-04 22:07:51,469 INFO o.a.j.t.JMeterThread: Thread started: Config 3: Exp7 1-61
2026-05-04 22:07:51,626 INFO o.a.j.t.JMeterThread: Thread started: Config 3: Exp7 1-62
2026-05-04 22:07:51,781 INFO o.a.j.t.JMeterThread: Thread started: Config 3: Exp7 1-63
2026-05-04 22:07:51,937 INFO o.a.j.t.JMeterThread: Thread started: Config 3: Exp7 1-64
2026-05-04 22:07:52,093 INFO o.a.j.t.JMeterThread: Thread started: Config 3: Exp7 1-65
2026-05-04 22:07:52,248 INFO o.a.j.t.JMeterThread: Thread started: Config 3: Exp7 1-66
2026-05-04 22:07:52,404 INFO o.a.j.t.JMeterThread: Thread started: Config 3: Exp7 1-67
2026-05-04 22:07:52,560 INFO o.a.j.t.JMeterThread: Thread started: Config 3: Exp7 1-68
2026-05-04 22:07:52,716 INFO o.a.j.t.JMeterThread: Thread started: Config 3: Exp7 1-69
2026-05-04 22:07:52,872 INFO o.a.j.t.JMeterThread: Thread started: Config 3: Exp7 1-70
2026-05-04 22:07:53,028 INFO o.a.j.t.JMeterThread: Thread started: Config 3: Exp7 1-71
2026-05-04 22:07:53,184 INFO o.a.j.t.JMeterThread: Thread started: Config 3: Exp7 1-72
2026-05-04 22:07:53,340 INFO o.a.j.t.JMeterThread: Thread started: Config 3: Exp7 1-73
2026-05-04 22:07:53,496 INFO o.a.j.t.JMeterThread: Thread started: Config 3: Exp7 1-74
2026-05-04 22:07:53,652 INFO o.a.j.t.JMeterThread: Thread started: Config 3: Exp7 1-75
2026-05-04 22:07:53,808 INFO o.a.j.t.JMeterThread: Thread started: Config 3: Exp7 1-76
2026-05-04 22:07:53,965 INFO o.a.j.t.JMeterThread: Thread started: Config 3: Exp7 1-77
2026-05-04 22:07:54,120 INFO o.a.j.t.JMeterThread: Thread started: Config 3: Exp7 1-78
2026-05-04 22:07:54,277 INFO o.a.j.t.JMeterThread: Thread started: Config 3: Exp7 1-79
2026-05-04 22:07:54,432 INFO o.a.j.t.JMeterThread: Thread started: Config 3: Exp7 1-80
2026-05-04 22:07:54,590 INFO o.a.j.t.JMeterThread: Thread started: Config 3: Exp7 1-81
2026-05-04 22:07:54,745 INFO o.a.j.t.JMeterThread: Thread started: Config 3: Exp7 1-82
2026-05-04 22:07:54,901 INFO o.a.j.t.JMeterThread: Thread started: Config 3: Exp7 1-83
2026-05-04 22:07:55,056 INFO o.a.j.t.JMeterThread: Thread started: Config 3: Exp7 1-84
2026-05-04 22:07:55,212 INFO o.a.j.t.JMeterThread: Thread started: Config 3: Exp7 1-85
2026-05-04 22:07:55,368 INFO o.a.j.t.JMeterThread: Thread started: Config 3: Exp7 1-86
2026-05-04 22:07:55,524 INFO o.a.j.t.JMeterThread: Thread started: Config 3: Exp7 1-87
2026-05-04 22:07:55,680 INFO o.a.j.t.JMeterThread: Thread started: Config 3: Exp7 1-88
2026-05-04 22:07:55,837 INFO o.a.j.t.JMeterThread: Thread started: Config 3: Exp7 1-89
2026-05-04 22:07:55,992 INFO o.a.j.t.JMeterThread: Thread started: Config 3: Exp7 1-90
2026-05-04 22:07:56,148 INFO o.a.j.t.JMeterThread: Thread started: Config 3: Exp7 1-91
2026-05-04 22:07:56,304 INFO o.a.j.t.JMeterThread: Thread started: Config 3: Exp7 1-92
2026-05-04 22:07:56,460 INFO o.a.j.t.JMeterThread: Thread started: Config 3: Exp7 1-93
2026-05-04 22:07:56,616 INFO o.a.j.t.JMeterThread: Thread started: Config 3: Exp7 1-94
2026-05-04 22:07:56,772 INFO o.a.j.t.JMeterThread: Thread started: Config 3: Exp7 1-95
2026-05-04 22:07:56,928 INFO o.a.j.t.JMeterThread: Thread started: Config 3: Exp7 1-96
2026-05-04 22:07:57,084 INFO o.a.j.t.JMeterThread: Thread started: Config 3: Exp7 1-97
2026-05-04 22:07:57,241 INFO o.a.j.t.JMeterThread: Thread started: Config 3: Exp7 1-98
2026-05-04 22:07:57,396 INFO o.a.j.t.JMeterThread: Thread started: Config 3: Exp7 1-99
2026-05-04 22:07:57,553 INFO o.a.j.t.JMeterThread: Thread started: Config 3: Exp7 1-100
2026-05-04 22:07:57,709 INFO o.a.j.t.JMeterThread: Thread started: Config 3: Exp7 1-101
2026-05-04 22:07:57,865 INFO o.a.j.t.JMeterThread: Thread started: Config 3: Exp7 1-102
2026-05-04 22:07:58,021 INFO o.a.j.t.JMeterThread: Thread started: Config 3: Exp7 1-103
2026-05-04 22:07:58,177 INFO o.a.j.t.JMeterThread: Thread started: Config 3: Exp7 1-104
2026-05-04 22:07:58,332 INFO o.a.j.t.JMeterThread: Thread started: Config 3: Exp7 1-105
2026-05-04 22:07:58,488 INFO o.a.j.t.JMeterThread: Thread started: Config 3: Exp7 1-106
2026-05-04 22:07:58,645 INFO o.a.j.t.JMeterThread: Thread started: Config 3: Exp7 1-107
2026-05-04 22:07:58,801 INFO o.a.j.t.JMeterThread: Thread started: Config 3: Exp7 1-108
2026-05-04 22:07:58,957 INFO o.a.j.t.JMeterThread: Thread started: Config 3: Exp7 1-109
2026-05-04 22:07:59,113 INFO o.a.j.t.JMeterThread: Thread started: Config 3: Exp7 1-110
2026-05-04 22:07:59,269 INFO o.a.j.t.JMeterThread: Thread started: Config 3: Exp7 1-111
2026-05-04 22:07:59,425 INFO o.a.j.t.JMeterThread: Thread started: Config 3: Exp7 1-112
2026-05-04 22:07:59,581 INFO o.a.j.t.JMeterThread: Thread started: Config 3: Exp7 1-113
2026-05-04 22:07:59,736 INFO o.a.j.t.JMeterThread: Thread started: Config 3: Exp7 1-114
2026-05-04 22:07:59,892 INFO o.a.j.t.JMeterThread: Thread started: Config 3: Exp7 1-115
2026-05-04 22:08:00,049 INFO o.a.j.t.JMeterThread: Thread started: Config 3: Exp7 1-116
2026-05-04 22:08:00,204 INFO o.a.j.t.JMeterThread: Thread started: Config 3: Exp7 1-117
2026-05-04 22:08:00,360 INFO o.a.j.t.JMeterThread: Thread started: Config 3: Exp7 1-118
2026-05-04 22:08:00,516 INFO o.a.j.t.JMeterThread: Thread started: Config 3: Exp7 1-119
2026-05-04 22:08:00,672 INFO o.a.j.t.JMeterThread: Thread started: Config 3: Exp7 1-120
2026-05-04 22:08:00,828 INFO o.a.j.t.JMeterThread: Thread started: Config 3: Exp7 1-121
2026-05-04 22:08:00,985 INFO o.a.j.t.JMeterThread: Thread started: Config 3: Exp7 1-122
2026-05-04 22:08:01,140 INFO o.a.j.t.JMeterThread: Thread started: Config 3: Exp7 1-123
2026-05-04 22:08:01,296 INFO o.a.j.t.JMeterThread: Thread started: Config 3: Exp7 1-124
2026-05-04 22:08:01,452 INFO o.a.j.t.JMeterThread: Thread started: Config 3: Exp7 1-125
2026-05-04 22:08:01,608 INFO o.a.j.t.JMeterThread: Thread started: Config 3: Exp7 1-126
2026-05-04 22:08:01,764 INFO o.a.j.t.JMeterThread: Thread started: Config 3: Exp7 1-127
2026-05-04 22:08:01,922 INFO o.a.j.t.JMeterThread: Thread started: Config 3: Exp7 1-128
2026-05-04 22:08:02,077 INFO o.a.j.t.JMeterThread: Thread started: Config 3: Exp7 1-129
2026-05-04 22:08:02,233 INFO o.a.j.t.JMeterThread: Thread started: Config 3: Exp7 1-130
2026-05-04 22:08:02,388 INFO o.a.j.t.JMeterThread: Thread started: Config 3: Exp7 1-131
2026-05-04 22:08:02,545 INFO o.a.j.t.JMeterThread: Thread started: Config 3: Exp7 1-132
2026-05-04 22:08:02,700 INFO o.a.j.t.JMeterThread: Thread started: Config 3: Exp7 1-133
2026-05-04 22:08:02,857 INFO o.a.j.t.JMeterThread: Thread started: Config 3: Exp7 1-134
2026-05-04 22:08:03,013 INFO o.a.j.t.JMeterThread: Thread started: Config 3: Exp7 1-135
2026-05-04 22:08:03,168 INFO o.a.j.t.JMeterThread: Thread started: Config 3: Exp7 1-136
2026-05-04 22:08:03,324 INFO o.a.j.t.JMeterThread: Thread started: Config 3: Exp7 1-137
2026-05-04 22:08:03,480 INFO o.a.j.t.JMeterThread: Thread started: Config 3: Exp7 1-138
2026-05-04 22:08:03,636 INFO o.a.j.t.JMeterThread: Thread started: Config 3: Exp7 1-139
2026-05-04 22:08:03,792 INFO o.a.j.t.JMeterThread: Thread started: Config 3: Exp7 1-140
2026-05-04 22:08:03,948 INFO o.a.j.t.JMeterThread: Thread started: Config 3: Exp7 1-141
2026-05-04 22:08:04,104 INFO o.a.j.t.JMeterThread: Thread started: Config 3: Exp7 1-142
2026-05-04 22:08:04,260 INFO o.a.j.t.JMeterThread: Thread started: Config 3: Exp7 1-143
2026-05-04 22:08:04,416 INFO o.a.j.t.JMeterThread: Thread started: Config 3: Exp7 1-144
2026-05-04 22:08:04,572 INFO o.a.j.t.JMeterThread: Thread started: Config 3: Exp7 1-145
2026-05-04 22:08:04,729 INFO o.a.j.t.JMeterThread: Thread started: Config 3: Exp7 1-146
2026-05-04 22:08:04,884 INFO o.a.j.t.JMeterThread: Thread started: Config 3: Exp7 1-147
2026-05-04 22:08:05,041 INFO o.a.j.t.JMeterThread: Thread started: Config 3: Exp7 1-148
2026-05-04 22:08:05,197 INFO o.a.j.t.JMeterThread: Thread started: Config 3: Exp7 1-149
2026-05-04 22:08:05,353 INFO o.a.j.t.JMeterThread: Thread started: Config 3: Exp7 1-150
2026-05-04 22:08:05,510 INFO o.a.j.t.JMeterThread: Thread started: Config 3: Exp7 1-151
2026-05-04 22:08:05,666 INFO o.a.j.t.JMeterThread: Thread started: Config 3: Exp7 1-152
2026-05-04 22:08:05,820 INFO o.a.j.t.JMeterThread: Thread started: Config 3: Exp7 1-153
2026-05-04 22:08:05,976 INFO o.a.j.t.JMeterThread: Thread started: Config 3: Exp7 1-154
2026-05-04 22:08:06,132 INFO o.a.j.t.JMeterThread: Thread started: Config 3: Exp7 1-155
2026-05-04 22:08:06,288 INFO o.a.j.t.JMeterThread: Thread started: Config 3: Exp7 1-156
2026-05-04 22:08:06,444 INFO o.a.j.t.JMeterThread: Thread started: Config 3: Exp7 1-157
2026-05-04 22:08:06,600 INFO o.a.j.t.JMeterThread: Thread started: Config 3: Exp7 1-158
2026-05-04 22:08:06,756 INFO o.a.j.t.JMeterThread: Thread started: Config 3: Exp7 1-159
2026-05-04 22:08:06,912 INFO o.a.j.t.JMeterThread: Thread started: Config 3: Exp7 1-160
2026-05-04 22:08:07,068 INFO o.a.j.t.JMeterThread: Thread started: Config 3: Exp7 1-161
2026-05-04 22:08:07,224 INFO o.a.j.t.JMeterThread: Thread started: Config 3: Exp7 1-162
2026-05-04 22:08:07,381 INFO o.a.j.t.JMeterThread: Thread started: Config 3: Exp7 1-163
2026-05-04 22:08:07,537 INFO o.a.j.t.JMeterThread: Thread started: Config 3: Exp7 1-164
2026-05-04 22:08:07,693 INFO o.a.j.t.JMeterThread: Thread started: Config 3: Exp7 1-165
2026-05-04 22:08:07,848 INFO o.a.j.t.JMeterThread: Thread started: Config 3: Exp7 1-166
2026-05-04 22:08:08,004 INFO o.a.j.t.JMeterThread: Thread started: Config 3: Exp7 1-167
2026-05-04 22:08:08,160 INFO o.a.j.t.JMeterThread: Thread started: Config 3: Exp7 1-168
2026-05-04 22:08:08,317 INFO o.a.j.t.JMeterThread: Thread started: Config 3: Exp7 1-169
2026-05-04 22:08:08,473 INFO o.a.j.t.JMeterThread: Thread started: Config 3: Exp7 1-170
2026-05-04 22:08:08,629 INFO o.a.j.t.JMeterThread: Thread started: Config 3: Exp7 1-171
2026-05-04 22:08:08,786 INFO o.a.j.t.JMeterThread: Thread started: Config 3: Exp7 1-172
2026-05-04 22:08:08,941 INFO o.a.j.t.JMeterThread: Thread started: Config 3: Exp7 1-173
2026-05-04 22:08:09,096 INFO o.a.j.t.JMeterThread: Thread started: Config 3: Exp7 1-174
2026-05-04 22:08:09,252 INFO o.a.j.t.JMeterThread: Thread started: Config 3: Exp7 1-175
2026-05-04 22:08:09,408 INFO o.a.j.t.JMeterThread: Thread started: Config 3: Exp7 1-176
2026-05-04 22:08:09,564 INFO o.a.j.t.JMeterThread: Thread started: Config 3: Exp7 1-177
2026-05-04 22:08:09,720 INFO o.a.j.t.JMeterThread: Thread started: Config 3: Exp7 1-178
2026-05-04 22:08:09,877 INFO o.a.j.t.JMeterThread: Thread started: Config 3: Exp7 1-179
2026-05-04 22:08:10,034 INFO o.a.j.t.JMeterThread: Thread started: Config 3: Exp7 1-180
2026-05-04 22:08:10,188 INFO o.a.j.t.JMeterThread: Thread started: Config 3: Exp7 1-181
2026-05-04 22:08:10,344 INFO o.a.j.t.JMeterThread: Thread started: Config 3: Exp7 1-182
2026-05-04 22:08:10,500 INFO o.a.j.t.JMeterThread: Thread started: Config 3: Exp7 1-183
2026-05-04 22:08:10,656 INFO o.a.j.t.JMeterThread: Thread started: Config 3: Exp7 1-184
2026-05-04 22:08:10,812 INFO o.a.j.t.JMeterThread: Thread started: Config 3: Exp7 1-185
2026-05-04 22:08:10,969 INFO o.a.j.t.JMeterThread: Thread started: Config 3: Exp7 1-186
2026-05-04 22:08:11,124 INFO o.a.j.t.JMeterThread: Thread started: Config 3: Exp7 1-187
2026-05-04 22:08:11,280 INFO o.a.j.t.JMeterThread: Thread started: Config 3: Exp7 1-188
2026-05-04 22:08:11,437 INFO o.a.j.t.JMeterThread: Thread started: Config 3: Exp7 1-189
2026-05-04 22:08:11,593 INFO o.a.j.t.JMeterThread: Thread started: Config 3: Exp7 1-190
2026-05-04 22:08:11,748 INFO o.a.j.t.JMeterThread: Thread started: Config 3: Exp7 1-191
2026-05-04 22:08:11,904 INFO o.a.j.t.JMeterThread: Thread started: Config 3: Exp7 1-192
2026-05-04 22:08:12,060 INFO o.a.j.t.JMeterThread: Thread started: Config 3: Exp7 1-193
2026-05-04 22:08:12,216 INFO o.a.j.t.JMeterThread: Thread started: Config 3: Exp7 1-194
2026-05-04 22:08:12,372 INFO o.a.j.t.JMeterThread: Thread started: Config 3: Exp7 1-195
2026-05-04 22:08:12,528 INFO o.a.j.t.JMeterThread: Thread started: Config 3: Exp7 1-196
2026-05-04 22:08:12,684 INFO o.a.j.t.JMeterThread: Thread started: Config 3: Exp7 1-197
2026-05-04 22:08:12,840 INFO o.a.j.t.JMeterThread: Thread started: Config 3: Exp7 1-198
2026-05-04 22:08:12,997 INFO o.a.j.t.JMeterThread: Thread started: Config 3: Exp7 1-199
2026-05-04 22:08:13,153 INFO o.a.j.t.JMeterThread: Thread started: Config 3: Exp7 1-200
2026-05-04 22:08:13,310 INFO o.a.j.t.JMeterThread: Thread started: Config 3: Exp7 1-201
2026-05-04 22:08:13,465 INFO o.a.j.t.JMeterThread: Thread started: Config 3: Exp7 1-202
2026-05-04 22:08:13,620 INFO o.a.j.t.JMeterThread: Thread started: Config 3: Exp7 1-203
2026-05-04 22:08:13,776 INFO o.a.j.t.JMeterThread: Thread started: Config 3: Exp7 1-204
2026-05-04 22:08:13,932 INFO o.a.j.t.JMeterThread: Thread started: Config 3: Exp7 1-205
2026-05-04 22:08:14,088 INFO o.a.j.t.JMeterThread: Thread started: Config 3: Exp7 1-206
2026-05-04 22:08:14,244 INFO o.a.j.t.JMeterThread: Thread started: Config 3: Exp7 1-207
2026-05-04 22:08:14,400 INFO o.a.j.t.JMeterThread: Thread started: Config 3: Exp7 1-208
2026-05-04 22:08:14,556 INFO o.a.j.t.JMeterThread: Thread started: Config 3: Exp7 1-209
2026-05-04 22:08:14,712 INFO o.a.j.t.JMeterThread: Thread started: Config 3: Exp7 1-210
2026-05-04 22:08:14,870 INFO o.a.j.t.JMeterThread: Thread started: Config 3: Exp7 1-211
2026-05-04 22:08:15,024 INFO o.a.j.t.JMeterThread: Thread started: Config 3: Exp7 1-212
2026-05-04 22:08:15,180 INFO o.a.j.t.JMeterThread: Thread started: Config 3: Exp7 1-213
2026-05-04 22:08:15,336 INFO o.a.j.t.JMeterThread: Thread started: Config 3: Exp7 1-214
2026-05-04 22:08:15,492 INFO o.a.j.t.JMeterThread: Thread started: Config 3: Exp7 1-215
2026-05-04 22:08:15,648 INFO o.a.j.t.JMeterThread: Thread started: Config 3: Exp7 1-216
2026-05-04 22:08:15,804 INFO o.a.j.t.JMeterThread: Thread started: Config 3: Exp7 1-217
2026-05-04 22:08:15,960 INFO o.a.j.t.JMeterThread: Thread started: Config 3: Exp7 1-218
2026-05-04 22:08:16,116 INFO o.a.j.t.JMeterThread: Thread started: Config 3: Exp7 1-219
2026-05-04 22:08:16,272 INFO o.a.j.t.JMeterThread: Thread started: Config 3: Exp7 1-220
2026-05-04 22:08:16,429 INFO o.a.j.t.JMeterThread: Thread started: Config 3: Exp7 1-221
2026-05-04 22:08:16,584 INFO o.a.j.t.JMeterThread: Thread started: Config 3: Exp7 1-222
2026-05-04 22:08:16,740 INFO o.a.j.t.JMeterThread: Thread started: Config 3: Exp7 1-223
2026-05-04 22:08:16,897 INFO o.a.j.t.JMeterThread: Thread started: Config 3: Exp7 1-224
2026-05-04 22:08:17,053 INFO o.a.j.t.JMeterThread: Thread started: Config 3: Exp7 1-225
2026-05-04 22:08:17,209 INFO o.a.j.t.JMeterThread: Thread started: Config 3: Exp7 1-226
2026-05-04 22:08:17,365 INFO o.a.j.t.JMeterThread: Thread started: Config 3: Exp7 1-227
2026-05-04 22:08:17,520 INFO o.a.j.t.JMeterThread: Thread started: Config 3: Exp7 1-228
2026-05-04 22:08:17,676 INFO o.a.j.t.JMeterThread: Thread started: Config 3: Exp7 1-229
2026-05-04 22:08:17,833 INFO o.a.j.t.JMeterThread: Thread started: Config 3: Exp7 1-230
2026-05-04 22:08:17,989 INFO o.a.j.t.JMeterThread: Thread started: Config 3: Exp7 1-231
2026-05-04 22:08:18,145 INFO o.a.j.t.JMeterThread: Thread started: Config 3: Exp7 1-232
2026-05-04 22:08:18,301 INFO o.a.j.t.JMeterThread: Thread started: Config 3: Exp7 1-233
2026-05-04 22:08:18,458 INFO o.a.j.t.JMeterThread: Thread started: Config 3: Exp7 1-234
2026-05-04 22:08:18,613 INFO o.a.j.t.JMeterThread: Thread started: Config 3: Exp7 1-235
2026-05-04 22:08:18,769 INFO o.a.j.t.JMeterThread: Thread started: Config 3: Exp7 1-236
2026-05-04 22:08:18,925 INFO o.a.j.t.JMeterThread: Thread started: Config 3: Exp7 1-237
2026-05-04 22:08:19,081 INFO o.a.j.t.JMeterThread: Thread started: Config 3: Exp7 1-238
2026-05-04 22:08:19,237 INFO o.a.j.t.JMeterThread: Thread started: Config 3: Exp7 1-239
2026-05-04 22:08:19,392 INFO o.a.j.t.JMeterThread: Thread started: Config 3: Exp7 1-240
2026-05-04 22:08:19,548 INFO o.a.j.t.JMeterThread: Thread started: Config 3: Exp7 1-241
2026-05-04 22:08:19,705 INFO o.a.j.t.JMeterThread: Thread started: Config 3: Exp7 1-242
2026-05-04 22:08:19,861 INFO o.a.j.t.JMeterThread: Thread started: Config 3: Exp7 1-243
2026-05-04 22:08:20,016 INFO o.a.j.t.JMeterThread: Thread started: Config 3: Exp7 1-244
2026-05-04 22:08:20,172 INFO o.a.j.t.JMeterThread: Thread started: Config 3: Exp7 1-245
2026-05-04 22:08:20,328 INFO o.a.j.t.JMeterThread: Thread started: Config 3: Exp7 1-246
2026-05-04 22:08:20,484 INFO o.a.j.t.JMeterThread: Thread started: Config 3: Exp7 1-247
2026-05-04 22:08:20,640 INFO o.a.j.t.JMeterThread: Thread started: Config 3: Exp7 1-248
2026-05-04 22:08:20,796 INFO o.a.j.t.JMeterThread: Thread started: Config 3: Exp7 1-249
2026-05-04 22:08:20,952 INFO o.a.j.t.JMeterThread: Thread started: Config 3: Exp7 1-250
2026-05-04 22:08:21,109 INFO o.a.j.t.JMeterThread: Thread started: Config 3: Exp7 1-251
2026-05-04 22:08:21,264 INFO o.a.j.t.JMeterThread: Thread started: Config 3: Exp7 1-252
2026-05-04 22:08:21,423 INFO o.a.j.t.JMeterThread: Thread started: Config 3: Exp7 1-253
2026-05-04 22:08:21,579 INFO o.a.j.t.JMeterThread: Thread started: Config 3: Exp7 1-254
2026-05-04 22:08:21,735 INFO o.a.j.t.JMeterThread: Thread started: Config 3: Exp7 1-255
2026-05-04 22:08:21,891 INFO o.a.j.t.JMeterThread: Thread started: Config 3: Exp7 1-256
2026-05-04 22:08:22,046 INFO o.a.j.t.JMeterThread: Thread started: Config 3: Exp7 1-257
2026-05-04 22:08:22,203 INFO o.a.j.t.JMeterThread: Thread started: Config 3: Exp7 1-258
2026-05-04 22:08:22,359 INFO o.a.j.t.JMeterThread: Thread started: Config 3: Exp7 1-259
2026-05-04 22:08:22,514 INFO o.a.j.t.JMeterThread: Thread started: Config 3: Exp7 1-260
2026-05-04 22:08:22,670 INFO o.a.j.t.JMeterThread: Thread started: Config 3: Exp7 1-261
2026-05-04 22:08:22,826 INFO o.a.j.t.JMeterThread: Thread started: Config 3: Exp7 1-262
2026-05-04 22:08:22,982 INFO o.a.j.t.JMeterThread: Thread started: Config 3: Exp7 1-263
2026-05-04 22:08:23,138 INFO o.a.j.t.JMeterThread: Thread started: Config 3: Exp7 1-264
2026-05-04 22:08:23,294 INFO o.a.j.t.JMeterThread: Thread started: Config 3: Exp7 1-265
2026-05-04 22:08:23,449 INFO o.a.j.t.JMeterThread: Thread started: Config 3: Exp7 1-266
2026-05-04 22:08:23,605 INFO o.a.j.t.JMeterThread: Thread started: Config 3: Exp7 1-267
2026-05-04 22:08:23,761 INFO o.a.j.t.JMeterThread: Thread started: Config 3: Exp7 1-268
2026-05-04 22:08:23,916 INFO o.a.j.t.JMeterThread: Thread started: Config 3: Exp7 1-269
2026-05-04 22:08:24,073 INFO o.a.j.t.JMeterThread: Thread started: Config 3: Exp7 1-270
2026-05-04 22:08:24,229 INFO o.a.j.t.JMeterThread: Thread started: Config 3: Exp7 1-271
2026-05-04 22:08:24,384 INFO o.a.j.t.JMeterThread: Thread started: Config 3: Exp7 1-272
2026-05-04 22:08:24,540 INFO o.a.j.t.JMeterThread: Thread started: Config 3: Exp7 1-273
2026-05-04 22:08:24,697 INFO o.a.j.t.JMeterThread: Thread started: Config 3: Exp7 1-274
2026-05-04 22:08:24,853 INFO o.a.j.t.JMeterThread: Thread started: Config 3: Exp7 1-275
2026-05-04 22:08:25,009 INFO o.a.j.t.JMeterThread: Thread started: Config 3: Exp7 1-276
2026-05-04 22:08:25,165 INFO o.a.j.t.JMeterThread: Thread started: Config 3: Exp7 1-277
2026-05-04 22:08:25,320 INFO o.a.j.t.JMeterThread: Thread started: Config 3: Exp7 1-278
2026-05-04 22:08:25,476 INFO o.a.j.t.JMeterThread: Thread started: Config 3: Exp7 1-279
2026-05-04 22:08:25,632 INFO o.a.j.t.JMeterThread: Thread started: Config 3: Exp7 1-280
2026-05-04 22:08:25,788 INFO o.a.j.t.JMeterThread: Thread started: Config 3: Exp7 1-281
2026-05-04 22:08:25,944 INFO o.a.j.t.JMeterThread: Thread started: Config 3: Exp7 1-282
2026-05-04 22:08:26,100 INFO o.a.j.t.JMeterThread: Thread started: Config 3: Exp7 1-283
2026-05-04 22:08:26,256 INFO o.a.j.t.JMeterThread: Thread started: Config 3: Exp7 1-284
2026-05-04 22:08:26,412 INFO o.a.j.t.JMeterThread: Thread started: Config 3: Exp7 1-285
2026-05-04 22:08:26,568 INFO o.a.j.t.JMeterThread: Thread started: Config 3: Exp7 1-286
2026-05-04 22:08:26,724 INFO o.a.j.t.JMeterThread: Thread started: Config 3: Exp7 1-287
2026-05-04 22:08:26,880 INFO o.a.j.t.JMeterThread: Thread started: Config 3: Exp7 1-288
2026-05-04 22:08:27,036 INFO o.a.j.t.JMeterThread: Thread started: Config 3: Exp7 1-289
2026-05-04 22:08:27,192 INFO o.a.j.t.JMeterThread: Thread started: Config 3: Exp7 1-290
2026-05-04 22:08:27,350 INFO o.a.j.t.JMeterThread: Thread started: Config 3: Exp7 1-291
2026-05-04 22:08:27,506 INFO o.a.j.t.JMeterThread: Thread started: Config 3: Exp7 1-292
2026-05-04 22:08:27,660 INFO o.a.j.t.JMeterThread: Thread started: Config 3: Exp7 1-293
2026-05-04 22:08:27,816 INFO o.a.j.t.JMeterThread: Thread started: Config 3: Exp7 1-294
2026-05-04 22:08:27,972 INFO o.a.j.t.JMeterThread: Thread started: Config 3: Exp7 1-295
2026-05-04 22:08:28,128 INFO o.a.j.t.JMeterThread: Thread started: Config 3: Exp7 1-296
2026-05-04 22:08:28,285 INFO o.a.j.t.JMeterThread: Thread started: Config 3: Exp7 1-297
2026-05-04 22:08:28,440 INFO o.a.j.t.JMeterThread: Thread started: Config 3: Exp7 1-298
2026-05-04 22:08:28,596 INFO o.a.j.t.JMeterThread: Thread started: Config 3: Exp7 1-299
2026-05-04 22:08:28,752 INFO o.a.j.t.JMeterThread: Thread started: Config 3: Exp7 1-300
2026-05-04 22:08:28,908 INFO o.a.j.t.JMeterThread: Thread started: Config 3: Exp7 1-301
2026-05-04 22:08:29,065 INFO o.a.j.t.JMeterThread: Thread started: Config 3: Exp7 1-302
2026-05-04 22:08:29,220 INFO o.a.j.t.JMeterThread: Thread started: Config 3: Exp7 1-303
2026-05-04 22:08:29,376 INFO o.a.j.t.JMeterThread: Thread started: Config 3: Exp7 1-304
2026-05-04 22:08:29,532 INFO o.a.j.t.JMeterThread: Thread started: Config 3: Exp7 1-305
2026-05-04 22:08:29,688 INFO o.a.j.t.JMeterThread: Thread started: Config 3: Exp7 1-306
2026-05-04 22:08:29,846 INFO o.a.j.t.JMeterThread: Thread started: Config 3: Exp7 1-307
2026-05-04 22:08:30,001 INFO o.a.j.t.JMeterThread: Thread started: Config 3: Exp7 1-308
2026-05-04 22:08:30,156 INFO o.a.j.t.JMeterThread: Thread started: Config 3: Exp7 1-309
2026-05-04 22:08:30,312 INFO o.a.j.t.JMeterThread: Thread started: Config 3: Exp7 1-310
2026-05-04 22:08:30,468 INFO o.a.j.t.JMeterThread: Thread started: Config 3: Exp7 1-311
2026-05-04 22:08:30,625 INFO o.a.j.t.JMeterThread: Thread started: Config 3: Exp7 1-312
2026-05-04 22:08:30,780 INFO o.a.j.t.JMeterThread: Thread started: Config 3: Exp7 1-313
2026-05-04 22:08:30,936 INFO o.a.j.t.JMeterThread: Thread started: Config 3: Exp7 1-314
2026-05-04 22:08:31,093 INFO o.a.j.t.JMeterThread: Thread started: Config 3: Exp7 1-315
2026-05-04 22:08:31,248 INFO o.a.j.t.JMeterThread: Thread started: Config 3: Exp7 1-316
2026-05-04 22:08:31,404 INFO o.a.j.t.JMeterThread: Thread started: Config 3: Exp7 1-317
2026-05-04 22:08:31,561 INFO o.a.j.t.JMeterThread: Thread started: Config 3: Exp7 1-318
2026-05-04 22:08:31,717 INFO o.a.j.t.JMeterThread: Thread started: Config 3: Exp7 1-319
2026-05-04 22:08:31,872 INFO o.a.j.t.JMeterThread: Thread started: Config 3: Exp7 1-320
2026-05-04 22:08:32,028 INFO o.a.j.t.JMeterThread: Thread started: Config 3: Exp7 1-321
2026-05-04 22:08:32,184 INFO o.a.j.t.JMeterThread: Thread started: Config 3: Exp7 1-322
2026-05-04 22:08:32,340 INFO o.a.j.t.JMeterThread: Thread started: Config 3: Exp7 1-323
2026-05-04 22:08:32,496 INFO o.a.j.t.JMeterThread: Thread started: Config 3: Exp7 1-324
2026-05-04 22:08:32,653 INFO o.a.j.t.JMeterThread: Thread started: Config 3: Exp7 1-325
2026-05-04 22:08:32,808 INFO o.a.j.t.JMeterThread: Thread started: Config 3: Exp7 1-326
2026-05-04 22:08:32,964 INFO o.a.j.t.JMeterThread: Thread started: Config 3: Exp7 1-327
2026-05-04 22:08:33,121 INFO o.a.j.t.JMeterThread: Thread started: Config 3: Exp7 1-328
2026-05-04 22:08:33,276 INFO o.a.j.t.JMeterThread: Thread started: Config 3: Exp7 1-329
2026-05-04 22:08:33,432 INFO o.a.j.t.JMeterThread: Thread started: Config 3: Exp7 1-330
2026-05-04 22:08:33,588 INFO o.a.j.t.JMeterThread: Thread started: Config 3: Exp7 1-331
2026-05-04 22:08:33,744 INFO o.a.j.t.JMeterThread: Thread started: Config 3: Exp7 1-332
2026-05-04 22:08:33,900 INFO o.a.j.t.JMeterThread: Thread started: Config 3: Exp7 1-333
2026-05-04 22:08:34,056 INFO o.a.j.t.JMeterThread: Thread started: Config 3: Exp7 1-334
2026-05-04 22:08:34,212 INFO o.a.j.t.JMeterThread: Thread started: Config 3: Exp7 1-335
2026-05-04 22:08:34,369 INFO o.a.j.t.JMeterThread: Thread started: Config 3: Exp7 1-336
2026-05-04 22:08:34,524 INFO o.a.j.t.JMeterThread: Thread started: Config 3: Exp7 1-337
2026-05-04 22:08:34,680 INFO o.a.j.t.JMeterThread: Thread started: Config 3: Exp7 1-338
2026-05-04 22:08:34,836 INFO o.a.j.t.JMeterThread: Thread started: Config 3: Exp7 1-339
2026-05-04 22:08:34,992 INFO o.a.j.t.JMeterThread: Thread started: Config 3: Exp7 1-340
2026-05-04 22:08:35,148 INFO o.a.j.t.JMeterThread: Thread started: Config 3: Exp7 1-341
2026-05-04 22:08:35,305 INFO o.a.j.t.JMeterThread: Thread started: Config 3: Exp7 1-342
2026-05-04 22:08:35,461 INFO o.a.j.t.JMeterThread: Thread started: Config 3: Exp7 1-343
2026-05-04 22:08:35,617 INFO o.a.j.t.JMeterThread: Thread started: Config 3: Exp7 1-344
2026-05-04 22:08:35,773 INFO o.a.j.t.JMeterThread: Thread started: Config 3: Exp7 1-345
2026-05-04 22:08:35,929 INFO o.a.j.t.JMeterThread: Thread started: Config 3: Exp7 1-346
2026-05-04 22:08:36,085 INFO o.a.j.t.JMeterThread: Thread started: Config 3: Exp7 1-347
2026-05-04 22:08:36,240 INFO o.a.j.t.JMeterThread: Thread started: Config 3: Exp7 1-348
2026-05-04 22:08:36,397 INFO o.a.j.t.JMeterThread: Thread started: Config 3: Exp7 1-349
2026-05-04 22:08:36,553 INFO o.a.j.t.JMeterThread: Thread started: Config 3: Exp7 1-350
2026-05-04 22:08:36,709 INFO o.a.j.t.JMeterThread: Thread started: Config 3: Exp7 1-351
2026-05-04 22:08:36,865 INFO o.a.j.t.JMeterThread: Thread started: Config 3: Exp7 1-352
2026-05-04 22:08:37,021 INFO o.a.j.t.JMeterThread: Thread started: Config 3: Exp7 1-353
2026-05-04 22:08:37,177 INFO o.a.j.t.JMeterThread: Thread started: Config 3: Exp7 1-354
2026-05-04 22:08:37,333 INFO o.a.j.t.JMeterThread: Thread started: Config 3: Exp7 1-355
2026-05-04 22:08:37,489 INFO o.a.j.t.JMeterThread: Thread started: Config 3: Exp7 1-356
2026-05-04 22:08:37,645 INFO o.a.j.t.JMeterThread: Thread started: Config 3: Exp7 1-357
2026-05-04 22:08:37,801 INFO o.a.j.t.JMeterThread: Thread started: Config 3: Exp7 1-358
2026-05-04 22:08:37,957 INFO o.a.j.t.JMeterThread: Thread started: Config 3: Exp7 1-359
2026-05-04 22:08:38,113 INFO o.a.j.t.JMeterThread: Thread started: Config 3: Exp7 1-360
2026-05-04 22:08:38,268 INFO o.a.j.t.JMeterThread: Thread started: Config 3: Exp7 1-361
2026-05-04 22:08:38,424 INFO o.a.j.t.JMeterThread: Thread started: Config 3: Exp7 1-362
2026-05-04 22:08:38,580 INFO o.a.j.t.JMeterThread: Thread started: Config 3: Exp7 1-363
2026-05-04 22:08:38,737 INFO o.a.j.t.JMeterThread: Thread started: Config 3: Exp7 1-364
2026-05-04 22:08:38,893 INFO o.a.j.t.JMeterThread: Thread started: Config 3: Exp7 1-365
2026-05-04 22:08:39,048 INFO o.a.j.t.JMeterThread: Thread started: Config 3: Exp7 1-366
2026-05-04 22:08:39,204 INFO o.a.j.t.JMeterThread: Thread started: Config 3: Exp7 1-367
2026-05-04 22:08:39,360 INFO o.a.j.t.JMeterThread: Thread started: Config 3: Exp7 1-368
2026-05-04 22:08:39,516 INFO o.a.j.t.JMeterThread: Thread started: Config 3: Exp7 1-369
2026-05-04 22:08:39,672 INFO o.a.j.t.JMeterThread: Thread started: Config 3: Exp7 1-370
2026-05-04 22:08:39,828 INFO o.a.j.t.JMeterThread: Thread started: Config 3: Exp7 1-371
2026-05-04 22:08:39,984 INFO o.a.j.t.JMeterThread: Thread started: Config 3: Exp7 1-372
2026-05-04 22:08:40,140 INFO o.a.j.t.JMeterThread: Thread started: Config 3: Exp7 1-373
2026-05-04 22:08:40,296 INFO o.a.j.t.JMeterThread: Thread started: Config 3: Exp7 1-374
2026-05-04 22:08:40,452 INFO o.a.j.t.JMeterThread: Thread started: Config 3: Exp7 1-375
2026-05-04 22:08:40,608 INFO o.a.j.t.JMeterThread: Thread started: Config 3: Exp7 1-376
2026-05-04 22:08:40,764 INFO o.a.j.t.JMeterThread: Thread started: Config 3: Exp7 1-377
2026-05-04 22:08:40,920 INFO o.a.j.t.JMeterThread: Thread started: Config 3: Exp7 1-378
2026-05-04 22:08:41,076 INFO o.a.j.t.JMeterThread: Thread started: Config 3: Exp7 1-379
2026-05-04 22:08:41,233 INFO o.a.j.t.JMeterThread: Thread started: Config 3: Exp7 1-380
2026-05-04 22:08:41,389 INFO o.a.j.t.JMeterThread: Thread started: Config 3: Exp7 1-381
2026-05-04 22:08:41,544 INFO o.a.j.t.JMeterThread: Thread started: Config 3: Exp7 1-382
2026-05-04 22:08:41,700 INFO o.a.j.t.JMeterThread: Thread started: Config 3: Exp7 1-383
2026-05-04 22:08:41,856 INFO o.a.j.t.JMeterThread: Thread started: Config 3: Exp7 1-384
2026-05-04 22:08:42,013 INFO o.a.j.t.JMeterThread: Thread started: Config 3: Exp7 1-385
2026-05-04 22:08:42,168 INFO o.a.j.t.JMeterThread: Thread started: Config 3: Exp7 1-386
2026-05-04 22:08:42,325 INFO o.a.j.t.JMeterThread: Thread started: Config 3: Exp7 1-387
2026-05-04 22:08:42,480 INFO o.a.j.t.JMeterThread: Thread started: Config 3: Exp7 1-388
2026-05-04 22:08:42,636 INFO o.a.j.t.JMeterThread: Thread started: Config 3: Exp7 1-389
2026-05-04 22:08:42,793 INFO o.a.j.t.JMeterThread: Thread started: Config 3: Exp7 1-390
2026-05-04 22:08:42,949 INFO o.a.j.t.JMeterThread: Thread started: Config 3: Exp7 1-391
2026-05-04 22:08:43,105 INFO o.a.j.t.JMeterThread: Thread started: Config 3: Exp7 1-392
2026-05-04 22:08:43,261 INFO o.a.j.t.JMeterThread: Thread started: Config 3: Exp7 1-393
2026-05-04 22:08:43,416 INFO o.a.j.t.JMeterThread: Thread started: Config 3: Exp7 1-394
2026-05-04 22:08:43,572 INFO o.a.j.t.JMeterThread: Thread started: Config 3: Exp7 1-395
2026-05-04 22:08:43,729 INFO o.a.j.t.JMeterThread: Thread started: Config 3: Exp7 1-396
2026-05-04 22:08:43,885 INFO o.a.j.t.JMeterThread: Thread started: Config 3: Exp7 1-397
2026-05-04 22:08:44,041 INFO o.a.j.t.JMeterThread: Thread started: Config 3: Exp7 1-398
2026-05-04 22:08:44,203 INFO o.a.j.t.JMeterThread: Thread started: Config 3: Exp7 1-399
2026-05-04 22:08:44,352 INFO o.a.j.t.JMeterThread: Thread started: Config 3: Exp7 1-400
2026-05-04 22:08:44,508 INFO o.a.j.t.JMeterThread: Thread started: Config 3: Exp7 1-401
2026-05-04 22:08:44,664 INFO o.a.j.t.JMeterThread: Thread started: Config 3: Exp7 1-402
2026-05-04 22:08:44,820 INFO o.a.j.t.JMeterThread: Thread started: Config 3: Exp7 1-403
2026-05-04 22:08:44,977 INFO o.a.j.t.JMeterThread: Thread started: Config 3: Exp7 1-404
2026-05-04 22:08:45,132 INFO o.a.j.t.JMeterThread: Thread started: Config 3: Exp7 1-405
2026-05-04 22:08:45,288 INFO o.a.j.t.JMeterThread: Thread started: Config 3: Exp7 1-406
2026-05-04 22:08:45,444 INFO o.a.j.t.JMeterThread: Thread started: Config 3: Exp7 1-407
2026-05-04 22:08:45,600 INFO o.a.j.t.JMeterThread: Thread started: Config 3: Exp7 1-408
2026-05-04 22:08:45,756 INFO o.a.j.t.JMeterThread: Thread started: Config 3: Exp7 1-409
2026-05-04 22:08:45,912 INFO o.a.j.t.JMeterThread: Thread started: Config 3: Exp7 1-410
2026-05-04 22:08:46,068 INFO o.a.j.t.JMeterThread: Thread started: Config 3: Exp7 1-411
2026-05-04 22:08:46,225 INFO o.a.j.t.JMeterThread: Thread started: Config 3: Exp7 1-412
2026-05-04 22:08:46,380 INFO o.a.j.t.JMeterThread: Thread started: Config 3: Exp7 1-413
2026-05-04 22:08:46,536 INFO o.a.j.t.JMeterThread: Thread started: Config 3: Exp7 1-414
2026-05-04 22:08:46,693 INFO o.a.j.t.JMeterThread: Thread started: Config 3: Exp7 1-415
2026-05-04 22:08:46,848 INFO o.a.j.t.JMeterThread: Thread started: Config 3: Exp7 1-416
2026-05-04 22:08:47,004 INFO o.a.j.t.JMeterThread: Thread started: Config 3: Exp7 1-417
2026-05-04 22:08:47,160 INFO o.a.j.t.JMeterThread: Thread started: Config 3: Exp7 1-418
2026-05-04 22:08:47,317 INFO o.a.j.t.JMeterThread: Thread started: Config 3: Exp7 1-419
2026-05-04 22:08:47,473 INFO o.a.j.t.JMeterThread: Thread started: Config 3: Exp7 1-420
2026-05-04 22:08:47,628 INFO o.a.j.t.JMeterThread: Thread started: Config 3: Exp7 1-421
2026-05-04 22:08:47,785 INFO o.a.j.t.JMeterThread: Thread started: Config 3: Exp7 1-422
2026-05-04 22:08:47,941 INFO o.a.j.t.JMeterThread: Thread started: Config 3: Exp7 1-423
2026-05-04 22:08:48,098 INFO o.a.j.t.JMeterThread: Thread started: Config 3: Exp7 1-424
2026-05-04 22:08:48,253 INFO o.a.j.t.JMeterThread: Thread started: Config 3: Exp7 1-425
2026-05-04 22:08:48,408 INFO o.a.j.t.JMeterThread: Thread started: Config 3: Exp7 1-426
2026-05-04 22:08:48,564 INFO o.a.j.t.JMeterThread: Thread started: Config 3: Exp7 1-427
2026-05-04 22:08:48,720 INFO o.a.j.t.JMeterThread: Thread started: Config 3: Exp7 1-428
2026-05-04 22:08:48,876 INFO o.a.j.t.JMeterThread: Thread started: Config 3: Exp7 1-429
2026-05-04 22:08:49,032 INFO o.a.j.t.JMeterThread: Thread started: Config 3: Exp7 1-430
2026-05-04 22:08:49,188 INFO o.a.j.t.JMeterThread: Thread started: Config 3: Exp7 1-431
2026-05-04 22:08:49,344 INFO o.a.j.t.JMeterThread: Thread started: Config 3: Exp7 1-432
2026-05-04 22:08:49,500 INFO o.a.j.t.JMeterThread: Thread started: Config 3: Exp7 1-433
2026-05-04 22:08:49,656 INFO o.a.j.t.JMeterThread: Thread started: Config 3: Exp7 1-434
2026-05-04 22:08:49,812 INFO o.a.j.t.JMeterThread: Thread started: Config 3: Exp7 1-435
2026-05-04 22:08:49,968 INFO o.a.j.t.JMeterThread: Thread started: Config 3: Exp7 1-436
2026-05-04 22:08:50,124 INFO o.a.j.t.JMeterThread: Thread started: Config 3: Exp7 1-437
2026-05-04 22:08:50,280 INFO o.a.j.t.JMeterThread: Thread started: Config 3: Exp7 1-438
2026-05-04 22:08:50,436 INFO o.a.j.t.JMeterThread: Thread started: Config 3: Exp7 1-439
2026-05-04 22:08:50,592 INFO o.a.j.t.JMeterThread: Thread started: Config 3: Exp7 1-440
2026-05-04 22:08:50,748 INFO o.a.j.t.JMeterThread: Thread started: Config 3: Exp7 1-441
2026-05-04 22:08:50,904 INFO o.a.j.t.JMeterThread: Thread started: Config 3: Exp7 1-442
2026-05-04 22:08:51,061 INFO o.a.j.t.JMeterThread: Thread started: Config 3: Exp7 1-443
2026-05-04 22:08:51,217 INFO o.a.j.t.JMeterThread: Thread started: Config 3: Exp7 1-444
2026-05-04 22:08:51,372 INFO o.a.j.t.JMeterThread: Thread started: Config 3: Exp7 1-445
2026-05-04 22:08:51,530 INFO o.a.j.t.JMeterThread: Thread started: Config 3: Exp7 1-446
2026-05-04 22:08:51,684 INFO o.a.j.t.JMeterThread: Thread started: Config 3: Exp7 1-447
2026-05-04 22:08:51,840 INFO o.a.j.t.JMeterThread: Thread started: Config 3: Exp7 1-448
2026-05-04 22:08:51,996 INFO o.a.j.t.JMeterThread: Thread started: Config 3: Exp7 1-449
2026-05-04 22:08:52,153 INFO o.a.j.t.JMeterThread: Thread started: Config 3: Exp7 1-450
2026-05-04 22:08:52,309 INFO o.a.j.t.JMeterThread: Thread started: Config 3: Exp7 1-451
2026-05-04 22:08:52,465 INFO o.a.j.t.JMeterThread: Thread started: Config 3: Exp7 1-452
2026-05-04 22:08:52,621 INFO o.a.j.t.JMeterThread: Thread started: Config 3: Exp7 1-453
2026-05-04 22:08:52,777 INFO o.a.j.t.JMeterThread: Thread started: Config 3: Exp7 1-454
2026-05-04 22:08:52,933 INFO o.a.j.t.JMeterThread: Thread started: Config 3: Exp7 1-455
2026-05-04 22:08:53,089 INFO o.a.j.t.JMeterThread: Thread started: Config 3: Exp7 1-456
2026-05-04 22:08:53,244 INFO o.a.j.t.JMeterThread: Thread started: Config 3: Exp7 1-457
2026-05-04 22:08:53,401 INFO o.a.j.t.JMeterThread: Thread started: Config 3: Exp7 1-458
2026-05-04 22:08:53,556 INFO o.a.j.t.JMeterThread: Thread started: Config 3: Exp7 1-459
2026-05-04 22:08:53,713 INFO o.a.j.t.JMeterThread: Thread started: Config 3: Exp7 1-460
2026-05-04 22:08:53,869 INFO o.a.j.t.JMeterThread: Thread started: Config 3: Exp7 1-461
2026-05-04 22:08:54,025 INFO o.a.j.t.JMeterThread: Thread started: Config 3: Exp7 1-462
2026-05-04 22:08:54,180 INFO o.a.j.t.JMeterThread: Thread started: Config 3: Exp7 1-463
2026-05-04 22:08:54,336 INFO o.a.j.t.JMeterThread: Thread started: Config 3: Exp7 1-464
2026-05-04 22:08:54,492 INFO o.a.j.t.JMeterThread: Thread started: Config 3: Exp7 1-465
2026-05-04 22:08:54,649 INFO o.a.j.t.JMeterThread: Thread started: Config 3: Exp7 1-466
2026-05-04 22:08:54,805 INFO o.a.j.t.JMeterThread: Thread started: Config 3: Exp7 1-467
2026-05-04 22:08:54,960 INFO o.a.j.t.JMeterThread: Thread started: Config 3: Exp7 1-468
2026-05-04 22:08:55,116 INFO o.a.j.t.JMeterThread: Thread started: Config 3: Exp7 1-469
2026-05-04 22:08:55,272 INFO o.a.j.t.JMeterThread: Thread started: Config 3: Exp7 1-470
2026-05-04 22:08:55,428 INFO o.a.j.t.JMeterThread: Thread started: Config 3: Exp7 1-471
2026-05-04 22:08:55,584 INFO o.a.j.t.JMeterThread: Thread started: Config 3: Exp7 1-472
2026-05-04 22:08:55,740 INFO o.a.j.t.JMeterThread: Thread started: Config 3: Exp7 1-473
2026-05-04 22:08:55,896 INFO o.a.j.t.JMeterThread: Thread started: Config 3: Exp7 1-474
2026-05-04 22:08:56,052 INFO o.a.j.t.JMeterThread: Thread started: Config 3: Exp7 1-475
2026-05-04 22:08:56,208 INFO o.a.j.t.JMeterThread: Thread started: Config 3: Exp7 1-476
2026-05-04 22:08:56,365 INFO o.a.j.t.JMeterThread: Thread started: Config 3: Exp7 1-477
2026-05-04 22:08:56,520 INFO o.a.j.t.JMeterThread: Thread started: Config 3: Exp7 1-478
2026-05-04 22:08:56,677 INFO o.a.j.t.JMeterThread: Thread started: Config 3: Exp7 1-479
2026-05-04 22:08:56,832 INFO o.a.j.t.JMeterThread: Thread started: Config 3: Exp7 1-480
2026-05-04 22:08:56,990 INFO o.a.j.t.JMeterThread: Thread started: Config 3: Exp7 1-481
2026-05-04 22:08:57,145 INFO o.a.j.t.JMeterThread: Thread started: Config 3: Exp7 1-482
2026-05-04 22:08:57,300 INFO o.a.j.t.JMeterThread: Thread started: Config 3: Exp7 1-483
2026-05-04 22:08:57,457 INFO o.a.j.t.JMeterThread: Thread started: Config 3: Exp7 1-484
2026-05-04 22:08:57,613 INFO o.a.j.t.JMeterThread: Thread started: Config 3: Exp7 1-485
2026-05-04 22:08:57,769 INFO o.a.j.t.JMeterThread: Thread started: Config 3: Exp7 1-486
2026-05-04 22:08:57,925 INFO o.a.j.t.JMeterThread: Thread started: Config 3: Exp7 1-487
2026-05-04 22:08:58,080 INFO o.a.j.t.JMeterThread: Thread started: Config 3: Exp7 1-488
2026-05-04 22:08:58,238 INFO o.a.j.t.JMeterThread: Thread started: Config 3: Exp7 1-489
2026-05-04 22:08:58,393 INFO o.a.j.t.JMeterThread: Thread started: Config 3: Exp7 1-490
2026-05-04 22:08:58,549 INFO o.a.j.t.JMeterThread: Thread started: Config 3: Exp7 1-491
2026-05-04 22:08:58,704 INFO o.a.j.t.JMeterThread: Thread started: Config 3: Exp7 1-492
2026-05-04 22:08:58,861 INFO o.a.j.t.JMeterThread: Thread started: Config 3: Exp7 1-493
2026-05-04 22:08:59,016 INFO o.a.j.t.JMeterThread: Thread started: Config 3: Exp7 1-494
2026-05-04 22:08:59,172 INFO o.a.j.t.JMeterThread: Thread started: Config 3: Exp7 1-495
2026-05-04 22:08:59,328 INFO o.a.j.t.JMeterThread: Thread started: Config 3: Exp7 1-496
2026-05-04 22:08:59,484 INFO o.a.j.t.JMeterThread: Thread started: Config 3: Exp7 1-497
2026-05-04 22:08:59,640 INFO o.a.j.t.JMeterThread: Thread started: Config 3: Exp7 1-498
2026-05-04 22:08:59,796 INFO o.a.j.t.JMeterThread: Thread started: Config 3: Exp7 1-499
2026-05-04 22:08:59,953 INFO o.a.j.t.JMeterThread: Thread started: Config 3: Exp7 1-500
2026-05-04 22:09:00,108 INFO o.a.j.t.JMeterThread: Thread started: Config 3: Exp7 1-501
2026-05-04 22:09:00,264 INFO o.a.j.t.JMeterThread: Thread started: Config 3: Exp7 1-502
2026-05-04 22:09:00,420 INFO o.a.j.t.JMeterThread: Thread started: Config 3: Exp7 1-503
2026-05-04 22:09:00,576 INFO o.a.j.t.JMeterThread: Thread started: Config 3: Exp7 1-504
2026-05-04 22:09:00,732 INFO o.a.j.t.JMeterThread: Thread started: Config 3: Exp7 1-505
2026-05-04 22:09:00,888 INFO o.a.j.t.JMeterThread: Thread started: Config 3: Exp7 1-506
2026-05-04 22:09:01,044 INFO o.a.j.t.JMeterThread: Thread started: Config 3: Exp7 1-507
2026-05-04 22:09:01,201 INFO o.a.j.t.JMeterThread: Thread started: Config 3: Exp7 1-508
2026-05-04 22:09:01,356 INFO o.a.j.t.JMeterThread: Thread started: Config 3: Exp7 1-509
2026-05-04 22:09:01,514 INFO o.a.j.t.JMeterThread: Thread started: Config 3: Exp7 1-510
2026-05-04 22:09:01,669 INFO o.a.j.t.JMeterThread: Thread started: Config 3: Exp7 1-511
2026-05-04 22:09:01,824 INFO o.a.j.t.JMeterThread: Thread started: Config 3: Exp7 1-512
2026-05-04 22:09:01,980 INFO o.a.j.t.JMeterThread: Thread started: Config 3: Exp7 1-513
2026-05-04 22:09:02,136 INFO o.a.j.t.JMeterThread: Thread started: Config 3: Exp7 1-514
2026-05-04 22:09:02,293 INFO o.a.j.t.JMeterThread: Thread started: Config 3: Exp7 1-515
2026-05-04 22:09:02,449 INFO o.a.j.t.JMeterThread: Thread started: Config 3: Exp7 1-516
2026-05-04 22:09:02,605 INFO o.a.j.t.JMeterThread: Thread started: Config 3: Exp7 1-517
2026-05-04 22:09:02,762 INFO o.a.j.t.JMeterThread: Thread started: Config 3: Exp7 1-518
2026-05-04 22:09:02,916 INFO o.a.j.t.JMeterThread: Thread started: Config 3: Exp7 1-519
2026-05-04 22:09:03,073 INFO o.a.j.t.JMeterThread: Thread started: Config 3: Exp7 1-520
2026-05-04 22:09:03,228 INFO o.a.j.t.JMeterThread: Thread started: Config 3: Exp7 1-521
2026-05-04 22:09:03,386 INFO o.a.j.t.JMeterThread: Thread started: Config 3: Exp7 1-522
2026-05-04 22:09:03,542 INFO o.a.j.t.JMeterThread: Thread started: Config 3: Exp7 1-523
2026-05-04 22:09:03,696 INFO o.a.j.t.JMeterThread: Thread started: Config 3: Exp7 1-524
2026-05-04 22:09:03,852 INFO o.a.j.t.JMeterThread: Thread started: Config 3: Exp7 1-525
2026-05-04 22:09:04,008 INFO o.a.j.t.JMeterThread: Thread started: Config 3: Exp7 1-526
2026-05-04 22:09:04,164 INFO o.a.j.t.JMeterThread: Thread started: Config 3: Exp7 1-527
2026-05-04 22:09:04,321 INFO o.a.j.t.JMeterThread: Thread started: Config 3: Exp7 1-528
2026-05-04 22:09:04,477 INFO o.a.j.t.JMeterThread: Thread started: Config 3: Exp7 1-529
2026-05-04 22:09:04,633 INFO o.a.j.t.JMeterThread: Thread started: Config 3: Exp7 1-530
2026-05-04 22:09:04,789 INFO o.a.j.t.JMeterThread: Thread started: Config 3: Exp7 1-531
2026-05-04 22:09:04,945 INFO o.a.j.t.JMeterThread: Thread started: Config 3: Exp7 1-532
2026-05-04 22:09:05,102 INFO o.a.j.t.JMeterThread: Thread started: Config 3: Exp7 1-533
2026-05-04 22:09:05,257 INFO o.a.j.t.JMeterThread: Thread started: Config 3: Exp7 1-534
2026-05-04 22:09:05,412 INFO o.a.j.t.JMeterThread: Thread started: Config 3: Exp7 1-535
2026-05-04 22:09:05,568 INFO o.a.j.t.JMeterThread: Thread started: Config 3: Exp7 1-536
2026-05-04 22:09:05,724 INFO o.a.j.t.JMeterThread: Thread started: Config 3: Exp7 1-537
2026-05-04 22:09:05,880 INFO o.a.j.t.JMeterThread: Thread started: Config 3: Exp7 1-538
2026-05-04 22:09:06,037 INFO o.a.j.t.JMeterThread: Thread started: Config 3: Exp7 1-539
2026-05-04 22:09:06,192 INFO o.a.j.t.JMeterThread: Thread started: Config 3: Exp7 1-540
2026-05-04 22:09:06,348 INFO o.a.j.t.JMeterThread: Thread started: Config 3: Exp7 1-541
2026-05-04 22:09:06,504 INFO o.a.j.t.JMeterThread: Thread started: Config 3: Exp7 1-542
2026-05-04 22:09:06,660 INFO o.a.j.t.JMeterThread: Thread started: Config 3: Exp7 1-543
2026-05-04 22:09:06,817 INFO o.a.j.t.JMeterThread: Thread started: Config 3: Exp7 1-544
2026-05-04 22:09:06,973 INFO o.a.j.t.JMeterThread: Thread started: Config 3: Exp7 1-545
2026-05-04 22:09:07,134 INFO o.a.j.t.JMeterThread: Thread started: Config 3: Exp7 1-546
2026-05-04 22:09:07,284 INFO o.a.j.t.JMeterThread: Thread started: Config 3: Exp7 1-547
2026-05-04 22:09:07,441 INFO o.a.j.t.JMeterThread: Thread started: Config 3: Exp7 1-548
2026-05-04 22:09:07,596 INFO o.a.j.t.JMeterThread: Thread started: Config 3: Exp7 1-549
2026-05-04 22:09:07,752 INFO o.a.j.t.JMeterThread: Thread started: Config 3: Exp7 1-550
2026-05-04 22:09:07,908 INFO o.a.j.t.JMeterThread: Thread started: Config 3: Exp7 1-551
2026-05-04 22:09:08,064 INFO o.a.j.t.JMeterThread: Thread started: Config 3: Exp7 1-552
2026-05-04 22:09:08,220 INFO o.a.j.t.JMeterThread: Thread started: Config 3: Exp7 1-553
2026-05-04 22:09:08,376 INFO o.a.j.t.JMeterThread: Thread started: Config 3: Exp7 1-554
2026-05-04 22:09:08,533 INFO o.a.j.t.JMeterThread: Thread started: Config 3: Exp7 1-555
2026-05-04 22:09:08,689 INFO o.a.j.t.JMeterThread: Thread started: Config 3: Exp7 1-556
2026-05-04 22:09:08,846 INFO o.a.j.t.JMeterThread: Thread started: Config 3: Exp7 1-557
2026-05-04 22:09:09,000 INFO o.a.j.t.JMeterThread: Thread started: Config 3: Exp7 1-558
2026-05-04 22:09:09,157 INFO o.a.j.t.JMeterThread: Thread started: Config 3: Exp7 1-559
2026-05-04 22:09:09,313 INFO o.a.j.t.JMeterThread: Thread started: Config 3: Exp7 1-560
2026-05-04 22:09:09,469 INFO o.a.j.t.JMeterThread: Thread started: Config 3: Exp7 1-561
2026-05-04 22:09:09,624 INFO o.a.j.t.JMeterThread: Thread started: Config 3: Exp7 1-562
2026-05-04 22:09:09,781 INFO o.a.j.t.JMeterThread: Thread started: Config 3: Exp7 1-563
2026-05-04 22:09:09,936 INFO o.a.j.t.JMeterThread: Thread started: Config 3: Exp7 1-564
2026-05-04 22:09:10,092 INFO o.a.j.t.JMeterThread: Thread started: Config 3: Exp7 1-565
2026-05-04 22:09:10,249 INFO o.a.j.t.JMeterThread: Thread started: Config 3: Exp7 1-566
2026-05-04 22:09:10,404 INFO o.a.j.t.JMeterThread: Thread started: Config 3: Exp7 1-567
2026-05-04 22:09:10,562 INFO o.a.j.t.JMeterThread: Thread started: Config 3: Exp7 1-568
2026-05-04 22:09:10,717 INFO o.a.j.t.JMeterThread: Thread started: Config 3: Exp7 1-569
2026-05-04 22:09:10,872 INFO o.a.j.t.JMeterThread: Thread started: Config 3: Exp7 1-570
2026-05-04 22:09:11,029 INFO o.a.j.t.JMeterThread: Thread started: Config 3: Exp7 1-571
2026-05-04 22:09:11,184 INFO o.a.j.t.JMeterThread: Thread started: Config 3: Exp7 1-572
2026-05-04 22:09:11,341 INFO o.a.j.t.JMeterThread: Thread started: Config 3: Exp7 1-573
2026-05-04 22:09:11,496 INFO o.a.j.t.JMeterThread: Thread started: Config 3: Exp7 1-574
2026-05-04 22:09:11,653 INFO o.a.j.t.JMeterThread: Thread started: Config 3: Exp7 1-575
2026-05-04 22:09:11,809 INFO o.a.j.t.JMeterThread: Thread started: Config 3: Exp7 1-576
2026-05-04 22:09:11,965 INFO o.a.j.t.JMeterThread: Thread started: Config 3: Exp7 1-577
2026-05-04 22:09:12,120 INFO o.a.j.t.JMeterThread: Thread started: Config 3: Exp7 1-578
2026-05-04 22:09:12,276 INFO o.a.j.t.JMeterThread: Thread started: Config 3: Exp7 1-579
2026-05-04 22:09:12,433 INFO o.a.j.t.JMeterThread: Thread started: Config 3: Exp7 1-580
2026-05-04 22:09:12,588 INFO o.a.j.t.JMeterThread: Thread started: Config 3: Exp7 1-581
2026-05-04 22:09:12,744 INFO o.a.j.t.JMeterThread: Thread started: Config 3: Exp7 1-582
2026-05-04 22:09:12,901 INFO o.a.j.t.JMeterThread: Thread started: Config 3: Exp7 1-583
2026-05-04 22:09:13,056 INFO o.a.j.t.JMeterThread: Thread started: Config 3: Exp7 1-584
2026-05-04 22:09:13,213 INFO o.a.j.t.JMeterThread: Thread started: Config 3: Exp7 1-585
2026-05-04 22:09:13,369 INFO o.a.j.t.JMeterThread: Thread started: Config 3: Exp7 1-586
2026-05-04 22:09:13,524 INFO o.a.j.t.JMeterThread: Thread started: Config 3: Exp7 1-587
2026-05-04 22:09:13,680 INFO o.a.j.t.JMeterThread: Thread started: Config 3: Exp7 1-588
2026-05-04 22:09:13,836 INFO o.a.j.t.JMeterThread: Thread started: Config 3: Exp7 1-589
2026-05-04 22:09:13,993 INFO o.a.j.t.JMeterThread: Thread started: Config 3: Exp7 1-590
2026-05-04 22:09:14,148 INFO o.a.j.t.JMeterThread: Thread started: Config 3: Exp7 1-591
2026-05-04 22:09:14,305 INFO o.a.j.t.JMeterThread: Thread started: Config 3: Exp7 1-592
2026-05-04 22:09:14,460 INFO o.a.j.t.JMeterThread: Thread started: Config 3: Exp7 1-593
2026-05-04 22:09:14,616 INFO o.a.j.t.JMeterThread: Thread started: Config 3: Exp7 1-594
2026-05-04 22:09:14,773 INFO o.a.j.t.JMeterThread: Thread started: Config 3: Exp7 1-595
2026-05-04 22:09:14,928 INFO o.a.j.t.JMeterThread: Thread started: Config 3: Exp7 1-596
2026-05-04 22:09:15,084 INFO o.a.j.t.JMeterThread: Thread started: Config 3: Exp7 1-597
2026-05-04 22:09:15,240 INFO o.a.j.t.JMeterThread: Thread started: Config 3: Exp7 1-598
2026-05-04 22:09:15,397 INFO o.a.j.t.JMeterThread: Thread started: Config 3: Exp7 1-599
2026-05-04 22:09:15,552 INFO o.a.j.t.JMeterThread: Thread started: Config 3: Exp7 1-600
2026-05-04 22:09:15,709 INFO o.a.j.t.JMeterThread: Thread started: Config 3: Exp7 1-601
2026-05-04 22:09:15,865 INFO o.a.j.t.JMeterThread: Thread started: Config 3: Exp7 1-602
2026-05-04 22:09:16,022 INFO o.a.j.t.JMeterThread: Thread started: Config 3: Exp7 1-603
2026-05-04 22:09:16,177 INFO o.a.j.t.JMeterThread: Thread started: Config 3: Exp7 1-604
2026-05-04 22:09:16,333 INFO o.a.j.t.JMeterThread: Thread started: Config 3: Exp7 1-605
2026-05-04 22:09:16,489 INFO o.a.j.t.JMeterThread: Thread started: Config 3: Exp7 1-606
2026-05-04 22:09:16,644 INFO o.a.j.t.JMeterThread: Thread started: Config 3: Exp7 1-607
2026-05-04 22:09:16,800 INFO o.a.j.t.JMeterThread: Thread started: Config 3: Exp7 1-608
2026-05-04 22:09:16,956 INFO o.a.j.t.JMeterThread: Thread started: Config 3: Exp7 1-609
2026-05-04 22:09:17,113 INFO o.a.j.t.JMeterThread: Thread started: Config 3: Exp7 1-610
2026-05-04 22:09:17,269 INFO o.a.j.t.JMeterThread: Thread started: Config 3: Exp7 1-611
2026-05-04 22:09:17,425 INFO o.a.j.t.JMeterThread: Thread started: Config 3: Exp7 1-612
2026-05-04 22:09:17,581 INFO o.a.j.t.JMeterThread: Thread started: Config 3: Exp7 1-613
2026-05-04 22:09:17,736 INFO o.a.j.t.JMeterThread: Thread started: Config 3: Exp7 1-614
2026-05-04 22:09:17,893 INFO o.a.j.t.JMeterThread: Thread started: Config 3: Exp7 1-615
2026-05-04 22:09:18,049 INFO o.a.j.t.JMeterThread: Thread started: Config 3: Exp7 1-616
2026-05-04 22:09:18,205 INFO o.a.j.t.JMeterThread: Thread started: Config 3: Exp7 1-617
2026-05-04 22:09:18,360 INFO o.a.j.t.JMeterThread: Thread started: Config 3: Exp7 1-618
2026-05-04 22:09:18,517 INFO o.a.j.t.JMeterThread: Thread started: Config 3: Exp7 1-619
2026-05-04 22:09:18,672 INFO o.a.j.t.JMeterThread: Thread started: Config 3: Exp7 1-620
2026-05-04 22:09:18,828 INFO o.a.j.t.JMeterThread: Thread started: Config 3: Exp7 1-621
2026-05-04 22:09:18,984 INFO o.a.j.t.JMeterThread: Thread started: Config 3: Exp7 1-622
2026-05-04 22:09:19,140 INFO o.a.j.t.JMeterThread: Thread started: Config 3: Exp7 1-623
2026-05-04 22:09:19,296 INFO o.a.j.t.JMeterThread: Thread started: Config 3: Exp7 1-624
2026-05-04 22:09:19,453 INFO o.a.j.t.JMeterThread: Thread started: Config 3: Exp7 1-625
2026-05-04 22:09:19,608 INFO o.a.j.t.JMeterThread: Thread started: Config 3: Exp7 1-626
2026-05-04 22:09:19,765 INFO o.a.j.t.JMeterThread: Thread started: Config 3: Exp7 1-627
2026-05-04 22:09:19,922 INFO o.a.j.t.JMeterThread: Thread started: Config 3: Exp7 1-628
2026-05-04 22:09:20,076 INFO o.a.j.t.JMeterThread: Thread started: Config 3: Exp7 1-629
2026-05-04 22:09:20,232 INFO o.a.j.t.JMeterThread: Thread started: Config 3: Exp7 1-630
2026-05-04 22:09:20,388 INFO o.a.j.t.JMeterThread: Thread started: Config 3: Exp7 1-631
2026-05-04 22:09:20,544 INFO o.a.j.t.JMeterThread: Thread started: Config 3: Exp7 1-632
2026-05-04 22:09:20,701 INFO o.a.j.t.JMeterThread: Thread started: Config 3: Exp7 1-633
2026-05-04 22:09:20,856 INFO o.a.j.t.JMeterThread: Thread started: Config 3: Exp7 1-634
2026-05-04 22:09:21,012 INFO o.a.j.t.JMeterThread: Thread started: Config 3: Exp7 1-635
2026-05-04 22:09:21,168 INFO o.a.j.t.JMeterThread: Thread started: Config 3: Exp7 1-636
2026-05-04 22:09:21,324 INFO o.a.j.t.JMeterThread: Thread started: Config 3: Exp7 1-637
2026-05-04 22:09:21,481 INFO o.a.j.t.JMeterThread: Thread started: Config 3: Exp7 1-638
2026-05-04 22:09:21,637 INFO o.a.j.t.JMeterThread: Thread started: Config 3: Exp7 1-639
2026-05-04 22:09:21,792 INFO o.a.j.t.JMeterThread: Thread started: Config 3: Exp7 1-640
2026-05-04 22:09:25,076 INFO o.a.j.t.JMeterThread: Stopping because end time detected by thread: Config 3: Exp7 1-518
2026-05-04 22:09:25,076 INFO o.a.j.t.JMeterThread: Stopping because end time detected by thread: Config 3: Exp7 1-519
2026-05-04 22:09:25,076 INFO o.a.j.t.JMeterThread: Thread finished: Config 3: Exp7 1-518
2026-05-04 22:09:25,076 INFO o.a.j.t.JMeterThread: Stopping because end time detected by thread: Config 3: Exp7 1-517
2026-05-04 22:09:25,076 INFO o.a.j.t.JMeterThread: Thread finished: Config 3: Exp7 1-519
2026-05-04 22:09:25,076 INFO o.a.j.t.JMeterThread: Stopping because end time detected by thread: Config 3: Exp7 1-520
2026-05-04 22:09:25,076 INFO o.a.j.t.JMeterThread: Thread finished: Config 3: Exp7 1-517
2026-05-04 22:09:25,076 INFO o.a.j.t.JMeterThread: Thread finished: Config 3: Exp7 1-520
2026-05-04 22:09:25,105 INFO o.a.j.t.JMeterThread: Stopping because end time detected by thread: Config 3: Exp7 1-521
2026-05-04 22:09:25,105 INFO o.a.j.t.JMeterThread: Stopping because end time detected by thread: Config 3: Exp7 1-522
2026-05-04 22:09:25,105 INFO o.a.j.t.JMeterThread: Thread finished: Config 3: Exp7 1-521
2026-05-04 22:09:25,105 INFO o.a.j.t.JMeterThread: Thread finished: Config 3: Exp7 1-522
2026-05-04 22:09:25,234 INFO o.a.j.t.JMeterThread: Stopping because end time detected by thread: Config 3: Exp7 1-400
2026-05-04 22:09:25,234 INFO o.a.j.t.JMeterThread: Stopping because end time detected by thread: Config 3: Exp7 1-273
2026-05-04 22:09:25,234 INFO o.a.j.t.JMeterThread: Thread finished: Config 3: Exp7 1-400
2026-05-04 22:09:25,234 INFO o.a.j.t.JMeterThread: Thread finished: Config 3: Exp7 1-273
2026-05-04 22:09:25,234 INFO o.a.j.t.JMeterThread: Stopping because end time detected by thread: Config 3: Exp7 1-523
2026-05-04 22:09:25,235 INFO o.a.j.t.JMeterThread: Stopping because end time detected by thread: Config 3: Exp7 1-524
2026-05-04 22:09:25,235 INFO o.a.j.t.JMeterThread: Thread finished: Config 3: Exp7 1-523
2026-05-04 22:09:25,235 INFO o.a.j.t.JMeterThread: Thread finished: Config 3: Exp7 1-524
2026-05-04 22:09:25,306 INFO o.a.j.t.JMeterThread: Stopping because end time detected by thread: Config 3: Exp7 1-272
2026-05-04 22:09:25,306 INFO o.a.j.t.JMeterThread: Stopping because end time detected by thread: Config 3: Exp7 1-274
2026-05-04 22:09:25,306 INFO o.a.j.t.JMeterThread: Stopping because end time detected by thread: Config 3: Exp7 1-357
2026-05-04 22:09:25,306 INFO o.a.j.t.JMeterThread: Thread finished: Config 3: Exp7 1-274
2026-05-04 22:09:25,306 INFO o.a.j.t.JMeterThread: Thread finished: Config 3: Exp7 1-272
2026-05-04 22:09:25,306 INFO o.a.j.t.JMeterThread: Thread finished: Config 3: Exp7 1-357
2026-05-04 22:09:25,455 INFO o.a.j.t.JMeterThread: Stopping because end time detected by thread: Config 3: Exp7 1-317
2026-05-04 22:09:25,455 INFO o.a.j.t.JMeterThread: Stopping because end time detected by thread: Config 3: Exp7 1-526
2026-05-04 22:09:25,455 INFO o.a.j.t.JMeterThread: Thread finished: Config 3: Exp7 1-317
2026-05-04 22:09:25,455 INFO o.a.j.t.JMeterThread: Thread finished: Config 3: Exp7 1-526
2026-05-04 22:09:25,585 INFO o.a.j.t.JMeterThread: Stopping because end time detected by thread: Config 3: Exp7 1-528
2026-05-04 22:09:25,585 INFO o.a.j.t.JMeterThread: Stopping because end time detected by thread: Config 3: Exp7 1-417
2026-05-04 22:09:25,585 INFO o.a.j.t.JMeterThread: Stopping because end time detected by thread: Config 3: Exp7 1-463
2026-05-04 22:09:25,585 INFO o.a.j.t.JMeterThread: Thread finished: Config 3: Exp7 1-417
2026-05-04 22:09:25,585 INFO o.a.j.t.JMeterThread: Stopping because end time detected by thread: Config 3: Exp7 1-196
2026-05-04 22:09:25,586 INFO o.a.j.t.JMeterThread: Stopping because end time detected by thread: Config 3: Exp7 1-392
2026-05-04 22:09:25,586 INFO o.a.j.t.JMeterThread: Stopping because end time detected by thread: Config 3: Exp7 1-130
2026-05-04 22:09:25,586 INFO o.a.j.t.JMeterThread: Stopping because end time detected by thread: Config 3: Exp7 1-458
2026-05-04 22:09:25,585 INFO o.a.j.t.JMeterThread: Stopping because end time detected by thread: Config 3: Exp7 1-331
2026-05-04 22:09:25,586 INFO o.a.j.t.JMeterThread: Thread finished: Config 3: Exp7 1-458
2026-05-04 22:09:25,585 INFO o.a.j.t.JMeterThread: Stopping because end time detected by thread: Config 3: Exp7 1-328
2026-05-04 22:09:25,585 INFO o.a.j.t.JMeterThread: Stopping because end time detected by thread: Config 3: Exp7 1-334
2026-05-04 22:09:25,586 INFO o.a.j.t.JMeterThread: Thread finished: Config 3: Exp7 1-334
2026-05-04 22:09:25,585 INFO o.a.j.t.JMeterThread: Stopping because end time detected by thread: Config 3: Exp7 1-154
2026-05-04 22:09:25,586 INFO o.a.j.t.JMeterThread: Thread finished: Config 3: Exp7 1-328
2026-05-04 22:09:25,586 INFO o.a.j.t.JMeterThread: Thread finished: Config 3: Exp7 1-331
2026-05-04 22:09:25,586 INFO o.a.j.t.JMeterThread: Thread finished: Config 3: Exp7 1-130
2026-05-04 22:09:25,586 INFO o.a.j.t.JMeterThread: Thread finished: Config 3: Exp7 1-392
2026-05-04 22:09:25,586 INFO o.a.j.t.JMeterThread: Stopping because end time detected by thread: Config 3: Exp7 1-395
2026-05-04 22:09:25,586 INFO o.a.j.t.JMeterThread: Stopping because end time detected by thread: Config 3: Exp7 1-464
2026-05-04 22:09:25,587 INFO o.a.j.t.JMeterThread: Thread finished: Config 3: Exp7 1-395
2026-05-04 22:09:25,586 INFO o.a.j.t.JMeterThread: Stopping because end time detected by thread: Config 3: Exp7 1-459
2026-05-04 22:09:25,587 INFO o.a.j.t.JMeterThread: Thread finished: Config 3: Exp7 1-464
2026-05-04 22:09:25,587 INFO o.a.j.t.JMeterThread: Thread finished: Config 3: Exp7 1-459
2026-05-04 22:09:25,586 INFO o.a.j.t.JMeterThread: Stopping because end time detected by thread: Config 3: Exp7 1-393
2026-05-04 22:09:25,587 INFO o.a.j.t.JMeterThread: Stopping because end time detected by thread: Config 3: Exp7 1-255
2026-05-04 22:09:25,587 INFO o.a.j.t.JMeterThread: Stopping because end time detected by thread: Config 3: Exp7 1-195
2026-05-04 22:09:25,587 INFO o.a.j.t.JMeterThread: Thread finished: Config 3: Exp7 1-393
2026-05-04 22:09:25,587 INFO o.a.j.t.JMeterThread: Thread finished: Config 3: Exp7 1-195
2026-05-04 22:09:25,586 INFO o.a.j.t.JMeterThread: Thread finished: Config 3: Exp7 1-196
2026-05-04 22:09:25,586 INFO o.a.j.t.JMeterThread: Stopping because end time detected by thread: Config 3: Exp7 1-462
2026-05-04 22:09:25,587 INFO o.a.j.t.JMeterThread: Stopping because end time detected by thread: Config 3: Exp7 1-415
2026-05-04 22:09:25,587 INFO o.a.j.t.JMeterThread: Stopping because end time detected by thread: Config 3: Exp7 1-14
2026-05-04 22:09:25,587 INFO o.a.j.t.JMeterThread: Thread finished: Config 3: Exp7 1-462
2026-05-04 22:09:25,587 INFO o.a.j.t.JMeterThread: Stopping because end time detected by thread: Config 3: Exp7 1-422
2026-05-04 22:09:25,587 INFO o.a.j.t.JMeterThread: Thread finished: Config 3: Exp7 1-14
2026-05-04 22:09:25,587 INFO o.a.j.t.JMeterThread: Stopping because end time detected by thread: Config 3: Exp7 1-429
2026-05-04 22:09:25,587 INFO o.a.j.t.JMeterThread: Stopping because end time detected by thread: Config 3: Exp7 1-264
2026-05-04 22:09:25,587 INFO o.a.j.t.JMeterThread: Stopping because end time detected by thread: Config 3: Exp7 1-266
2026-05-04 22:09:25,587 INFO o.a.j.t.JMeterThread: Stopping because end time detected by thread: Config 3: Exp7 1-260
2026-05-04 22:09:25,587 INFO o.a.j.t.JMeterThread: Stopping because end time detected by thread: Config 3: Exp7 1-197
2026-05-04 22:09:25,586 INFO o.a.j.t.JMeterThread: Stopping because end time detected by thread: Config 3: Exp7 1-461
2026-05-04 22:09:25,585 INFO o.a.j.t.JMeterThread: Thread finished: Config 3: Exp7 1-463
2026-05-04 22:09:25,588 INFO o.a.j.t.JMeterThread: Thread finished: Config 3: Exp7 1-461
2026-05-04 22:09:25,585 INFO o.a.j.t.JMeterThread: Stopping because end time detected by thread: Config 3: Exp7 1-460
2026-05-04 22:09:25,585 INFO o.a.j.t.JMeterThread: Thread finished: Config 3: Exp7 1-528
2026-05-04 22:09:25,588 INFO o.a.j.t.JMeterThread: Thread finished: Config 3: Exp7 1-197
2026-05-04 22:09:25,588 INFO o.a.j.t.JMeterThread: Thread finished: Config 3: Exp7 1-260
2026-05-04 22:09:25,588 INFO o.a.j.t.JMeterThread: Stopping because end time detected by thread: Config 3: Exp7 1-263
2026-05-04 22:09:25,588 INFO o.a.j.t.JMeterThread: Thread finished: Config 3: Exp7 1-264
2026-05-04 22:09:25,587 INFO o.a.j.t.JMeterThread: Thread finished: Config 3: Exp7 1-429
2026-05-04 22:09:25,587 INFO o.a.j.t.JMeterThread: Thread finished: Config 3: Exp7 1-422
2026-05-04 22:09:25,587 INFO o.a.j.t.JMeterThread: Stopping because end time detected by thread: Config 3: Exp7 1-427
2026-05-04 22:09:25,587 INFO o.a.j.t.JMeterThread: Thread finished: Config 3: Exp7 1-415
2026-05-04 22:09:25,588 INFO o.a.j.t.JMeterThread: Thread finished: Config 3: Exp7 1-427
2026-05-04 22:09:25,587 INFO o.a.j.t.JMeterThread: Stopping because end time detected by thread: Config 3: Exp7 1-265
2026-05-04 22:09:25,588 INFO o.a.j.t.JMeterThread: Stopping because end time detected by thread: Config 3: Exp7 1-416
2026-05-04 22:09:25,587 INFO o.a.j.t.JMeterThread: Stopping because end time detected by thread: Config 3: Exp7 1-326
2026-05-04 22:09:25,588 INFO o.a.j.t.JMeterThread: Thread finished: Config 3: Exp7 1-265
2026-05-04 22:09:25,588 INFO o.a.j.t.JMeterThread: Thread finished: Config 3: Exp7 1-416
2026-05-04 22:09:25,587 INFO o.a.j.t.JMeterThread: Stopping because end time detected by thread: Config 3: Exp7 1-421
2026-05-04 22:09:25,588 INFO o.a.j.t.JMeterThread: Thread finished: Config 3: Exp7 1-326
2026-05-04 22:09:25,587 INFO o.a.j.t.JMeterThread: Stopping because end time detected by thread: Config 3: Exp7 1-8
2026-05-04 22:09:25,588 INFO o.a.j.t.JMeterThread: Thread finished: Config 3: Exp7 1-421
2026-05-04 22:09:25,587 INFO o.a.j.t.JMeterThread: Stopping because end time detected by thread: Config 3: Exp7 1-420
2026-05-04 22:09:25,588 INFO o.a.j.t.JMeterThread: Stopping because end time detected by thread: Config 3: Exp7 1-9
2026-05-04 22:09:25,588 INFO o.a.j.t.JMeterThread: Stopping because end time detected by thread: Config 3: Exp7 1-333
2026-05-04 22:09:25,587 INFO o.a.j.t.JMeterThread: Stopping because end time detected by thread: Config 3: Exp7 1-426
2026-05-04 22:09:25,587 INFO o.a.j.t.JMeterThread: Stopping because end time detected by thread: Config 3: Exp7 1-259
2026-05-04 22:09:25,589 INFO o.a.j.t.JMeterThread: Stopping because end time detected by thread: Config 3: Exp7 1-327
2026-05-04 22:09:25,589 INFO o.a.j.t.JMeterThread: Thread finished: Config 3: Exp7 1-255
2026-05-04 22:09:25,589 INFO o.a.j.t.JMeterThread: Thread finished: Config 3: Exp7 1-327
2026-05-04 22:09:25,587 INFO o.a.j.t.JMeterThread: Stopping because end time detected by thread: Config 3: Exp7 1-198
2026-05-04 22:09:25,589 INFO o.a.j.t.JMeterThread: Thread finished: Config 3: Exp7 1-259
2026-05-04 22:09:25,589 INFO o.a.j.t.JMeterThread: Thread finished: Config 3: Exp7 1-198
2026-05-04 22:09:25,586 INFO o.a.j.t.JMeterThread: Thread finished: Config 3: Exp7 1-154
2026-05-04 22:09:25,589 INFO o.a.j.t.JMeterThread: Thread finished: Config 3: Exp7 1-426
2026-05-04 22:09:25,589 INFO o.a.j.t.JMeterThread: Stopping because end time detected by thread: Config 3: Exp7 1-428
2026-05-04 22:09:25,589 INFO o.a.j.t.JMeterThread: Thread finished: Config 3: Exp7 1-420
2026-05-04 22:09:25,589 INFO o.a.j.t.JMeterThread: Thread finished: Config 3: Exp7 1-428
2026-05-04 22:09:25,589 INFO o.a.j.t.JMeterThread: Thread finished: Config 3: Exp7 1-333
2026-05-04 22:09:25,588 INFO o.a.j.t.JMeterThread: Thread finished: Config 3: Exp7 1-8
2026-05-04 22:09:25,588 INFO o.a.j.t.JMeterThread: Stopping because end time detected by thread: Config 3: Exp7 1-261
2026-05-04 22:09:25,589 INFO o.a.j.t.JMeterThread: Thread finished: Config 3: Exp7 1-9
2026-05-04 22:09:25,589 INFO o.a.j.t.JMeterThread: Thread finished: Config 3: Exp7 1-261
2026-05-04 22:09:25,588 INFO o.a.j.t.JMeterThread: Stopping because end time detected by thread: Config 3: Exp7 1-418
2026-05-04 22:09:25,588 INFO o.a.j.t.JMeterThread: Thread finished: Config 3: Exp7 1-266
2026-05-04 22:09:25,588 INFO o.a.j.t.JMeterThread: Thread finished: Config 3: Exp7 1-263
2026-05-04 22:09:25,588 INFO o.a.j.t.JMeterThread: Thread finished: Config 3: Exp7 1-460
2026-05-04 22:09:25,589 INFO o.a.j.t.JMeterThread: Thread finished: Config 3: Exp7 1-418
2026-05-04 22:09:25,681 INFO o.a.j.t.JMeterThread: Stopping because end time detected by thread: Config 3: Exp7 1-497
2026-05-04 22:09:25,681 INFO o.a.j.t.JMeterThread: Stopping because end time detected by thread: Config 3: Exp7 1-228
2026-05-04 22:09:25,681 INFO o.a.j.t.JMeterThread: Stopping because end time detected by thread: Config 3: Exp7 1-498
2026-05-04 22:09:25,681 INFO o.a.j.t.JMeterThread: Thread finished: Config 3: Exp7 1-228
2026-05-04 22:09:25,681 INFO o.a.j.t.JMeterThread: Thread finished: Config 3: Exp7 1-498
2026-05-04 22:09:25,681 INFO o.a.j.t.JMeterThread: Stopping because end time detected by thread: Config 3: Exp7 1-26
2026-05-04 22:09:25,681 INFO o.a.j.t.JMeterThread: Stopping because end time detected by thread: Config 3: Exp7 1-79
2026-05-04 22:09:25,681 INFO o.a.j.t.JMeterThread: Thread finished: Config 3: Exp7 1-26
2026-05-04 22:09:25,681 INFO o.a.j.t.JMeterThread: Thread finished: Config 3: Exp7 1-79
2026-05-04 22:09:25,681 INFO o.a.j.t.JMeterThread: Stopping because end time detected by thread: Config 3: Exp7 1-508
2026-05-04 22:09:25,681 INFO o.a.j.t.JMeterThread: Stopping because end time detected by thread: Config 3: Exp7 1-491
2026-05-04 22:09:25,681 INFO o.a.j.t.JMeterThread: Stopping because end time detected by thread: Config 3: Exp7 1-495
2026-05-04 22:09:25,681 INFO o.a.j.t.JMeterThread: Stopping because end time detected by thread: Config 3: Exp7 1-496
2026-05-04 22:09:25,681 INFO o.a.j.t.JMeterThread: Thread finished: Config 3: Exp7 1-491
2026-05-04 22:09:25,681 INFO o.a.j.t.JMeterThread: Thread finished: Config 3: Exp7 1-496
2026-05-04 22:09:25,681 INFO o.a.j.t.JMeterThread: Stopping because end time detected by thread: Config 3: Exp7 1-188
2026-05-04 22:09:25,681 INFO o.a.j.t.JMeterThread: Stopping because end time detected by thread: Config 3: Exp7 1-150
2026-05-04 22:09:25,681 INFO o.a.j.t.JMeterThread: Thread finished: Config 3: Exp7 1-188
2026-05-04 22:09:25,681 INFO o.a.j.t.JMeterThread: Thread finished: Config 3: Exp7 1-150
2026-05-04 22:09:25,681 INFO o.a.j.t.JMeterThread: Thread finished: Config 3: Exp7 1-508
2026-05-04 22:09:25,682 INFO o.a.j.t.JMeterThread: Stopping because end time detected by thread: Config 3: Exp7 1-200
2026-05-04 22:09:25,682 INFO o.a.j.t.JMeterThread: Thread finished: Config 3: Exp7 1-200
2026-05-04 22:09:25,682 INFO o.a.j.t.JMeterThread: Stopping because end time detected by thread: Config 3: Exp7 1-136
2026-05-04 22:09:25,682 INFO o.a.j.t.JMeterThread: Thread finished: Config 3: Exp7 1-136
2026-05-04 22:09:25,681 INFO o.a.j.t.JMeterThread: Stopping because end time detected by thread: Config 3: Exp7 1-245
2026-05-04 22:09:25,682 INFO o.a.j.t.JMeterThread: Stopping because end time detected by thread: Config 3: Exp7 1-106
2026-05-04 22:09:25,682 INFO o.a.j.t.JMeterThread: Stopping because end time detected by thread: Config 3: Exp7 1-117
2026-05-04 22:09:25,682 INFO o.a.j.t.JMeterThread: Stopping because end time detected by thread: Config 3: Exp7 1-175
2026-05-04 22:09:25,682 INFO o.a.j.t.JMeterThread: Thread finished: Config 3: Exp7 1-175
2026-05-04 22:09:25,682 INFO o.a.j.t.JMeterThread: Stopping because end time detected by thread: Config 3: Exp7 1-226
2026-05-04 22:09:25,682 INFO o.a.j.t.JMeterThread: Stopping because end time detected by thread: Config 3: Exp7 1-507
2026-05-04 22:09:25,682 INFO o.a.j.t.JMeterThread: Stopping because end time detected by thread: Config 3: Exp7 1-53
2026-05-04 22:09:25,682 INFO o.a.j.t.JMeterThread: Stopping because end time detected by thread: Config 3: Exp7 1-191
2026-05-04 22:09:25,681 INFO o.a.j.t.JMeterThread: Stopping because end time detected by thread: Config 3: Exp7 1-172
2026-05-04 22:09:25,682 INFO o.a.j.t.JMeterThread: Thread finished: Config 3: Exp7 1-53
2026-05-04 22:09:25,682 INFO o.a.j.t.JMeterThread: Stopping because end time detected by thread: Config 3: Exp7 1-224
2026-05-04 22:09:25,681 INFO o.a.j.t.JMeterThread: Thread finished: Config 3: Exp7 1-497
2026-05-04 22:09:25,682 INFO o.a.j.t.JMeterThread: Thread finished: Config 3: Exp7 1-224
2026-05-04 22:09:25,682 INFO o.a.j.t.JMeterThread: Stopping because end time detected by thread: Config 3: Exp7 1-493
2026-05-04 22:09:25,682 INFO o.a.j.t.JMeterThread: Thread finished: Config 3: Exp7 1-493
2026-05-04 22:09:25,682 INFO o.a.j.t.JMeterThread: Stopping because end time detected by thread: Config 3: Exp7 1-494
2026-05-04 22:09:25,682 INFO o.a.j.t.JMeterThread: Stopping because end time detected by thread: Config 3: Exp7 1-492
2026-05-04 22:09:25,682 INFO o.a.j.t.JMeterThread: Thread finished: Config 3: Exp7 1-494
2026-05-04 22:09:25,682 INFO o.a.j.t.JMeterThread: Thread finished: Config 3: Exp7 1-492
2026-05-04 22:09:25,682 INFO o.a.j.t.JMeterThread: Thread finished: Config 3: Exp7 1-172
2026-05-04 22:09:25,682 INFO o.a.j.t.JMeterThread: Thread finished: Config 3: Exp7 1-191
2026-05-04 22:09:25,682 INFO o.a.j.t.JMeterThread: Thread finished: Config 3: Exp7 1-226
2026-05-04 22:09:25,682 INFO o.a.j.t.JMeterThread: Thread finished: Config 3: Exp7 1-507
2026-05-04 22:09:25,682 INFO o.a.j.t.JMeterThread: Stopping because end time detected by thread: Config 3: Exp7 1-204
2026-05-04 22:09:25,682 INFO o.a.j.t.JMeterThread: Stopping because end time detected by thread: Config 3: Exp7 1-187
2026-05-04 22:09:25,682 INFO o.a.j.t.JMeterThread: Thread finished: Config 3: Exp7 1-204
2026-05-04 22:09:25,682 INFO o.a.j.t.JMeterThread: Stopping because end time detected by thread: Config 3: Exp7 1-2
2026-05-04 22:09:25,682 INFO o.a.j.t.JMeterThread: Stopping because end time detected by thread: Config 3: Exp7 1-257
2026-05-04 22:09:25,682 INFO o.a.j.t.JMeterThread: Thread finished: Config 3: Exp7 1-117
2026-05-04 22:09:25,682 INFO o.a.j.t.JMeterThread: Stopping because end time detected by thread: Config 3: Exp7 1-223
2026-05-04 22:09:25,682 INFO o.a.j.t.JMeterThread: Stopping because end time detected by thread: Config 3: Exp7 1-504
2026-05-04 22:09:25,682 INFO o.a.j.t.JMeterThread: Stopping because end time detected by thread: Config 3: Exp7 1-202
2026-05-04 22:09:25,682 INFO o.a.j.t.JMeterThread: Thread finished: Config 3: Exp7 1-106
2026-05-04 22:09:25,682 INFO o.a.j.t.JMeterThread: Thread finished: Config 3: Exp7 1-504
2026-05-04 22:09:25,682 INFO o.a.j.t.JMeterThread: Stopping because end time detected by thread: Config 3: Exp7 1-62
2026-05-04 22:09:25,682 INFO o.a.j.t.JMeterThread: Thread finished: Config 3: Exp7 1-245
2026-05-04 22:09:25,682 INFO o.a.j.t.JMeterThread: Thread finished: Config 3: Exp7 1-62
2026-05-04 22:09:25,682 INFO o.a.j.t.JMeterThread: Stopping because end time detected by thread: Config 3: Exp7 1-173
2026-05-04 22:09:25,682 INFO o.a.j.t.JMeterThread: Stopping because end time detected by thread: Config 3: Exp7 1-152
2026-05-04 22:09:25,682 INFO o.a.j.t.JMeterThread: Stopping because end time detected by thread: Config 3: Exp7 1-192
2026-05-04 22:09:25,682 INFO o.a.j.t.JMeterThread: Stopping because end time detected by thread: Config 3: Exp7 1-383
2026-05-04 22:09:25,681 INFO o.a.j.t.JMeterThread: Thread finished: Config 3: Exp7 1-495
2026-05-04 22:09:25,682 INFO o.a.j.t.JMeterThread: Thread finished: Config 3: Exp7 1-383
2026-05-04 22:09:25,682 INFO o.a.j.t.JMeterThread: Thread finished: Config 3: Exp7 1-192
2026-05-04 22:09:25,682 INFO o.a.j.t.JMeterThread: Stopping because end time detected by thread: Config 3: Exp7 1-122
2026-05-04 22:09:25,682 INFO o.a.j.t.JMeterThread: Stopping because end time detected by thread: Config 3: Exp7 1-193
2026-05-04 22:09:25,682 INFO o.a.j.t.JMeterThread: Thread finished: Config 3: Exp7 1-193
2026-05-04 22:09:25,682 INFO o.a.j.t.JMeterThread: Thread finished: Config 3: Exp7 1-122
2026-05-04 22:09:25,682 INFO o.a.j.t.JMeterThread: Stopping because end time detected by thread: Config 3: Exp7 1-145
2026-05-04 22:09:25,682 INFO o.a.j.t.JMeterThread: Thread finished: Config 3: Exp7 1-145
2026-05-04 22:09:25,682 INFO o.a.j.t.JMeterThread: Stopping because end time detected by thread: Config 3: Exp7 1-142
2026-05-04 22:09:25,682 INFO o.a.j.t.JMeterThread: Thread finished: Config 3: Exp7 1-142
2026-05-04 22:09:25,682 INFO o.a.j.t.JMeterThread: Stopping because end time detected by thread: Config 3: Exp7 1-201
2026-05-04 22:09:25,682 INFO o.a.j.t.JMeterThread: Stopping because end time detected by thread: Config 3: Exp7 1-176
2026-05-04 22:09:25,682 INFO o.a.j.t.JMeterThread: Thread finished: Config 3: Exp7 1-201
2026-05-04 22:09:25,682 INFO o.a.j.t.JMeterThread: Stopping because end time detected by thread: Config 3: Exp7 1-231
2026-05-04 22:09:25,682 INFO o.a.j.t.JMeterThread: Thread finished: Config 3: Exp7 1-176
2026-05-04 22:09:25,683 INFO o.a.j.t.JMeterThread: Stopping because end time detected by thread: Config 3: Exp7 1-239
2026-05-04 22:09:25,683 INFO o.a.j.t.JMeterThread: Stopping because end time detected by thread: Config 3: Exp7 1-119
2026-05-04 22:09:25,682 INFO o.a.j.t.JMeterThread: Thread finished: Config 3: Exp7 1-152
2026-05-04 22:09:25,683 INFO o.a.j.t.JMeterThread: Stopping because end time detected by thread: Config 3: Exp7 1-80
2026-05-04 22:09:25,683 INFO o.a.j.t.JMeterThread: Thread finished: Config 3: Exp7 1-119
2026-05-04 22:09:25,683 INFO o.a.j.t.JMeterThread: Thread finished: Config 3: Exp7 1-80
2026-05-04 22:09:25,683 INFO o.a.j.t.JMeterThread: Stopping because end time detected by thread: Config 3: Exp7 1-30
2026-05-04 22:09:25,683 INFO o.a.j.t.JMeterThread: Thread finished: Config 3: Exp7 1-30
2026-05-04 22:09:25,682 INFO o.a.j.t.JMeterThread: Stopping because end time detected by thread: Config 3: Exp7 1-149
2026-05-04 22:09:25,683 INFO o.a.j.t.JMeterThread: Thread finished: Config 3: Exp7 1-149
2026-05-04 22:09:25,683 INFO o.a.j.t.JMeterThread: Stopping because end time detected by thread: Config 3: Exp7 1-375
2026-05-04 22:09:25,683 INFO o.a.j.t.JMeterThread: Stopping because end time detected by thread: Config 3: Exp7 1-240
2026-05-04 22:09:25,683 INFO o.a.j.t.JMeterThread: Thread finished: Config 3: Exp7 1-375
2026-05-04 22:09:25,683 INFO o.a.j.t.JMeterThread: Thread finished: Config 3: Exp7 1-240
2026-05-04 22:09:25,683 INFO o.a.j.t.JMeterThread: Stopping because end time detected by thread: Config 3: Exp7 1-101
2026-05-04 22:09:25,682 INFO o.a.j.t.JMeterThread: Thread finished: Config 3: Exp7 1-173
2026-05-04 22:09:25,683 INFO o.a.j.t.JMeterThread: Stopping because end time detected by thread: Config 3: Exp7 1-378
2026-05-04 22:09:25,683 INFO o.a.j.t.JMeterThread: Stopping because end time detected by thread: Config 3: Exp7 1-381
2026-05-04 22:09:25,683 INFO o.a.j.t.JMeterThread: Thread finished: Config 3: Exp7 1-378
2026-05-04 22:09:25,683 INFO o.a.j.t.JMeterThread: Thread finished: Config 3: Exp7 1-381
2026-05-04 22:09:25,683 INFO o.a.j.t.JMeterThread: Stopping because end time detected by thread: Config 3: Exp7 1-370
2026-05-04 22:09:25,683 INFO o.a.j.t.JMeterThread: Stopping because end time detected by thread: Config 3: Exp7 1-294
2026-05-04 22:09:25,682 INFO o.a.j.t.JMeterThread: Stopping because end time detected by thread: Config 3: Exp7 1-256
2026-05-04 22:09:25,683 INFO o.a.j.t.JMeterThread: Thread finished: Config 3: Exp7 1-370
2026-05-04 22:09:25,683 INFO o.a.j.t.JMeterThread: Thread finished: Config 3: Exp7 1-294
2026-05-04 22:09:25,683 INFO o.a.j.t.JMeterThread: Stopping because end time detected by thread: Config 3: Exp7 1-203
2026-05-04 22:09:25,683 INFO o.a.j.t.JMeterThread: Thread finished: Config 3: Exp7 1-256
2026-05-04 22:09:25,683 INFO o.a.j.t.JMeterThread: Thread finished: Config 3: Exp7 1-203
2026-05-04 22:09:25,683 INFO o.a.j.t.JMeterThread: Stopping because end time detected by thread: Config 3: Exp7 1-103
2026-05-04 22:09:25,683 INFO o.a.j.t.JMeterThread: Stopping because end time detected by thread: Config 3: Exp7 1-499
2026-05-04 22:09:25,683 INFO o.a.j.t.JMeterThread: Stopping because end time detected by thread: Config 3: Exp7 1-156
2026-05-04 22:09:25,683 INFO o.a.j.t.JMeterThread: Thread finished: Config 3: Exp7 1-156
2026-05-04 22:09:25,682 INFO o.a.j.t.JMeterThread: Stopping because end time detected by thread: Config 3: Exp7 1-186
2026-05-04 22:09:25,683 INFO o.a.j.t.JMeterThread: Stopping because end time detected by thread: Config 3: Exp7 1-109
2026-05-04 22:09:25,682 INFO o.a.j.t.JMeterThread: Thread finished: Config 3: Exp7 1-202
2026-05-04 22:09:25,683 INFO o.a.j.t.JMeterThread: Stopping because end time detected by thread: Config 3: Exp7 1-478
2026-05-04 22:09:25,682 INFO o.a.j.t.JMeterThread: Stopping because end time detected by thread: Config 3: Exp7 1-120
2026-05-04 22:09:25,682 INFO o.a.j.t.JMeterThread: Thread finished: Config 3: Exp7 1-223
2026-05-04 22:09:25,683 INFO o.a.j.t.JMeterThread: Thread finished: Config 3: Exp7 1-478
2026-05-04 22:09:25,683 INFO o.a.j.t.JMeterThread: Stopping because end time detected by thread: Config 3: Exp7 1-380
2026-05-04 22:09:25,682 INFO o.a.j.t.JMeterThread: Thread finished: Config 3: Exp7 1-2
2026-05-04 22:09:25,682 INFO o.a.j.t.JMeterThread: Thread finished: Config 3: Exp7 1-257
2026-05-04 22:09:25,683 INFO o.a.j.t.JMeterThread: Stopping because end time detected by thread: Config 3: Exp7 1-387
2026-05-04 22:09:25,682 INFO o.a.j.t.JMeterThread: Stopping because end time detected by thread: Config 3: Exp7 1-237
2026-05-04 22:09:25,683 INFO o.a.j.t.JMeterThread: Thread finished: Config 3: Exp7 1-387
2026-05-04 22:09:25,683 INFO o.a.j.t.JMeterThread: Thread finished: Config 3: Exp7 1-237
2026-05-04 22:09:25,682 INFO o.a.j.t.JMeterThread: Thread finished: Config 3: Exp7 1-187
2026-05-04 22:09:25,683 INFO o.a.j.t.JMeterThread: Stopping because end time detected by thread: Config 3: Exp7 1-35
2026-05-04 22:09:25,682 INFO o.a.j.t.JMeterThread: Stopping because end time detected by thread: Config 3: Exp7 1-174
2026-05-04 22:09:25,683 INFO o.a.j.t.JMeterThread: Stopping because end time detected by thread: Config 3: Exp7 1-5
2026-05-04 22:09:25,683 INFO o.a.j.t.JMeterThread: Thread finished: Config 3: Exp7 1-35
2026-05-04 22:09:25,682 INFO o.a.j.t.JMeterThread: Stopping because end time detected by thread: Config 3: Exp7 1-151
2026-05-04 22:09:25,683 INFO o.a.j.t.JMeterThread: Thread finished: Config 3: Exp7 1-5
2026-05-04 22:09:25,682 INFO o.a.j.t.JMeterThread: Stopping because end time detected by thread: Config 3: Exp7 1-155
2026-05-04 22:09:25,682 INFO o.a.j.t.JMeterThread: Stopping because end time detected by thread: Config 3: Exp7 1-227
2026-05-04 22:09:25,683 INFO o.a.j.t.JMeterThread: Thread finished: Config 3: Exp7 1-151
2026-05-04 22:09:25,683 INFO o.a.j.t.JMeterThread: Thread finished: Config 3: Exp7 1-155
2026-05-04 22:09:25,682 INFO o.a.j.t.JMeterThread: Stopping because end time detected by thread: Config 3: Exp7 1-190
2026-05-04 22:09:25,682 INFO o.a.j.t.JMeterThread: Stopping because end time detected by thread: Config 3: Exp7 1-506
2026-05-04 22:09:25,683 INFO o.a.j.t.JMeterThread: Thread finished: Config 3: Exp7 1-506
2026-05-04 22:09:25,683 INFO o.a.j.t.JMeterThread: Thread finished: Config 3: Exp7 1-190
2026-05-04 22:09:25,683 INFO o.a.j.t.JMeterThread: Stopping because end time detected by thread: Config 3: Exp7 1-97
2026-05-04 22:09:25,683 INFO o.a.j.t.JMeterThread: Thread finished: Config 3: Exp7 1-97
2026-05-04 22:09:25,683 INFO o.a.j.t.JMeterThread: Stopping because end time detected by thread: Config 3: Exp7 1-64
2026-05-04 22:09:25,683 INFO o.a.j.t.JMeterThread: Thread finished: Config 3: Exp7 1-64
2026-05-04 22:09:25,683 INFO o.a.j.t.JMeterThread: Stopping because end time detected by thread: Config 3: Exp7 1-275
2026-05-04 22:09:25,683 INFO o.a.j.t.JMeterThread: Stopping because end time detected by thread: Config 3: Exp7 1-57
2026-05-04 22:09:25,683 INFO o.a.j.t.JMeterThread: Stopping because end time detected by thread: Config 3: Exp7 1-488
2026-05-04 22:09:25,683 INFO o.a.j.t.JMeterThread: Thread finished: Config 3: Exp7 1-227
2026-05-04 22:09:25,683 INFO o.a.j.t.JMeterThread: Thread finished: Config 3: Exp7 1-57
2026-05-04 22:09:25,683 INFO o.a.j.t.JMeterThread: Stopping because end time detected by thread: Config 3: Exp7 1-58
2026-05-04 22:09:25,683 INFO o.a.j.t.JMeterThread: Thread finished: Config 3: Exp7 1-174
2026-05-04 22:09:25,683 INFO o.a.j.t.JMeterThread: Stopping because end time detected by thread: Config 3: Exp7 1-501
2026-05-04 22:09:25,683 INFO o.a.j.t.JMeterThread: Stopping because end time detected by thread: Config 3: Exp7 1-6
2026-05-04 22:09:25,683 INFO o.a.j.t.JMeterThread: Thread finished: Config 3: Exp7 1-501
2026-05-04 22:09:25,683 INFO o.a.j.t.JMeterThread: Thread finished: Config 3: Exp7 1-6
2026-05-04 22:09:25,683 INFO o.a.j.t.JMeterThread: Stopping because end time detected by thread: Config 3: Exp7 1-373
2026-05-04 22:09:25,683 INFO o.a.j.t.JMeterThread: Stopping because end time detected by thread: Config 3: Exp7 1-385
2026-05-04 22:09:25,683 INFO o.a.j.t.JMeterThread: Thread finished: Config 3: Exp7 1-385
2026-05-04 22:09:25,683 INFO o.a.j.t.JMeterThread: Thread finished: Config 3: Exp7 1-373
2026-05-04 22:09:25,683 INFO o.a.j.t.JMeterThread: Thread finished: Config 3: Exp7 1-380
2026-05-04 22:09:25,683 INFO o.a.j.t.JMeterThread: Thread finished: Config 3: Exp7 1-120
2026-05-04 22:09:25,683 INFO o.a.j.t.JMeterThread: Stopping because end time detected by thread: Config 3: Exp7 1-241
2026-05-04 22:09:25,683 INFO o.a.j.t.JMeterThread: Stopping because end time detected by thread: Config 3: Exp7 1-248
2026-05-04 22:09:25,683 INFO o.a.j.t.JMeterThread: Thread finished: Config 3: Exp7 1-109
2026-05-04 22:09:25,684 INFO o.a.j.t.JMeterThread: Thread finished: Config 3: Exp7 1-248
2026-05-04 22:09:25,684 INFO o.a.j.t.JMeterThread: Thread finished: Config 3: Exp7 1-241
2026-05-04 22:09:25,684 INFO o.a.j.t.JMeterThread: Thread finished: Config 3: Exp7 1-186
2026-05-04 22:09:25,683 INFO o.a.j.t.JMeterThread: Thread finished: Config 3: Exp7 1-499
2026-05-04 22:09:25,683 INFO o.a.j.t.JMeterThread: Stopping because end time detected by thread: Config 3: Exp7 1-82
2026-05-04 22:09:25,683 INFO o.a.j.t.JMeterThread: Stopping because end time detected by thread: Config 3: Exp7 1-509
2026-05-04 22:09:25,683 INFO o.a.j.t.JMeterThread: Thread finished: Config 3: Exp7 1-103
2026-05-04 22:09:25,684 INFO o.a.j.t.JMeterThread: Thread finished: Config 3: Exp7 1-509
2026-05-04 22:09:25,683 INFO o.a.j.t.JMeterThread: Stopping because end time detected by thread: Config 3: Exp7 1-254
2026-05-04 22:09:25,683 INFO o.a.j.t.JMeterThread: Stopping because end time detected by thread: Config 3: Exp7 1-164
2026-05-04 22:09:25,683 INFO o.a.j.t.JMeterThread: Stopping because end time detected by thread: Config 3: Exp7 1-487
2026-05-04 22:09:25,683 INFO o.a.j.t.JMeterThread: Stopping because end time detected by thread: Config 3: Exp7 1-61
2026-05-04 22:09:25,684 INFO o.a.j.t.JMeterThread: Thread finished: Config 3: Exp7 1-254
2026-05-04 22:09:25,684 INFO o.a.j.t.JMeterThread: Thread finished: Config 3: Exp7 1-487
2026-05-04 22:09:25,684 INFO o.a.j.t.JMeterThread: Thread finished: Config 3: Exp7 1-61
2026-05-04 22:09:25,683 INFO o.a.j.t.JMeterThread: Stopping because end time detected by thread: Config 3: Exp7 1-100
2026-05-04 22:09:25,683 INFO o.a.j.t.JMeterThread: Thread finished: Config 3: Exp7 1-101
2026-05-04 22:09:25,684 INFO o.a.j.t.JMeterThread: Thread finished: Config 3: Exp7 1-100
2026-05-04 22:09:25,683 INFO o.a.j.t.JMeterThread: Stopping because end time detected by thread: Config 3: Exp7 1-21
2026-05-04 22:09:25,683 INFO o.a.j.t.JMeterThread: Stopping because end time detected by thread: Config 3: Exp7 1-297
2026-05-04 22:09:25,683 INFO o.a.j.t.JMeterThread: Stopping because end time detected by thread: Config 3: Exp7 1-143
2026-05-04 22:09:25,684 INFO o.a.j.t.JMeterThread: Thread finished: Config 3: Exp7 1-21
2026-05-04 22:09:25,683 INFO o.a.j.t.JMeterThread: Thread finished: Config 3: Exp7 1-239
2026-05-04 22:09:25,684 INFO o.a.j.t.JMeterThread: Thread finished: Config 3: Exp7 1-297
2026-05-04 22:09:25,683 INFO o.a.j.t.JMeterThread: Stopping because end time detected by thread: Config 3: Exp7 1-189
2026-05-04 22:09:25,684 INFO o.a.j.t.JMeterThread: Thread finished: Config 3: Exp7 1-189
2026-05-04 22:09:25,683 INFO o.a.j.t.JMeterThread: Thread finished: Config 3: Exp7 1-231
2026-05-04 22:09:25,682 INFO o.a.j.t.JMeterThread: Stopping because end time detected by thread: Config 3: Exp7 1-225
2026-05-04 22:09:25,682 INFO o.a.j.t.JMeterThread: Stopping because end time detected by thread: Config 3: Exp7 1-148
2026-05-04 22:09:25,682 INFO o.a.j.t.JMeterThread: Stopping because end time detected by thread: Config 3: Exp7 1-232
2026-05-04 22:09:25,684 INFO o.a.j.t.JMeterThread: Thread finished: Config 3: Exp7 1-225
2026-05-04 22:09:25,682 INFO o.a.j.t.JMeterThread: Stopping because end time detected by thread: Config 3: Exp7 1-238
2026-05-04 22:09:25,684 INFO o.a.j.t.JMeterThread: Thread finished: Config 3: Exp7 1-148
2026-05-04 22:09:25,682 INFO o.a.j.t.JMeterThread: Stopping because end time detected by thread: Config 3: Exp7 1-236
2026-05-04 22:09:25,684 INFO o.a.j.t.JMeterThread: Thread finished: Config 3: Exp7 1-238
2026-05-04 22:09:25,684 INFO o.a.j.t.JMeterThread: Thread finished: Config 3: Exp7 1-236
2026-05-04 22:09:25,684 INFO o.a.j.t.JMeterThread: Thread finished: Config 3: Exp7 1-232
2026-05-04 22:09:25,684 INFO o.a.j.t.JMeterThread: Thread finished: Config 3: Exp7 1-143
2026-05-04 22:09:25,684 INFO o.a.j.t.JMeterThread: Thread finished: Config 3: Exp7 1-82
2026-05-04 22:09:25,684 INFO o.a.j.t.JMeterThread: Thread finished: Config 3: Exp7 1-164
2026-05-04 22:09:25,683 INFO o.a.j.t.JMeterThread: Thread finished: Config 3: Exp7 1-58
2026-05-04 22:09:25,683 INFO o.a.j.t.JMeterThread: Thread finished: Config 3: Exp7 1-275
2026-05-04 22:09:25,684 INFO o.a.j.t.JMeterThread: Thread finished: Config 3: Exp7 1-488
2026-05-04 22:09:25,684 INFO o.a.j.t.JMeterThread: Stopping because end time detected by thread: Config 3: Exp7 1-54
2026-05-04 22:09:25,684 INFO o.a.j.t.JMeterThread: Thread finished: Config 3: Exp7 1-54
2026-05-04 22:09:25,684 INFO o.a.j.t.JMeterThread: Stopping because end time detected by thread: Config 3: Exp7 1-74
2026-05-04 22:09:25,684 INFO o.a.j.t.JMeterThread: Thread finished: Config 3: Exp7 1-74
2026-05-04 22:09:25,684 INFO o.a.j.t.JMeterThread: Stopping because end time detected by thread: Config 3: Exp7 1-312
2026-05-04 22:09:25,684 INFO o.a.j.t.JMeterThread: Thread finished: Config 3: Exp7 1-312
2026-05-04 22:09:25,685 INFO o.a.j.t.JMeterThread: Stopping because end time detected by thread: Config 3: Exp7 1-158
2026-05-04 22:09:25,685 INFO o.a.j.t.JMeterThread: Thread finished: Config 3: Exp7 1-158
2026-05-04 22:09:25,685 INFO o.a.j.t.JMeterThread: Stopping because end time detected by thread: Config 3: Exp7 1-91
2026-05-04 22:09:25,685 INFO o.a.j.t.JMeterThread: Stopping because end time detected by thread: Config 3: Exp7 1-110
2026-05-04 22:09:25,685 INFO o.a.j.t.JMeterThread: Thread finished: Config 3: Exp7 1-91
2026-05-04 22:09:25,685 INFO o.a.j.t.JMeterThread: Stopping because end time detected by thread: Config 3: Exp7 1-111
2026-05-04 22:09:25,685 INFO o.a.j.t.JMeterThread: Thread finished: Config 3: Exp7 1-111
2026-05-04 22:09:25,685 INFO o.a.j.t.JMeterThread: Thread finished: Config 3: Exp7 1-110
2026-05-04 22:09:25,685 INFO o.a.j.t.JMeterThread: Stopping because end time detected by thread: Config 3: Exp7 1-205
2026-05-04 22:09:25,685 INFO o.a.j.t.JMeterThread: Thread finished: Config 3: Exp7 1-205
2026-05-04 22:09:25,685 INFO o.a.j.t.JMeterThread: Stopping because end time detected by thread: Config 3: Exp7 1-121
2026-05-04 22:09:25,685 INFO o.a.j.t.JMeterThread: Stopping because end time detected by thread: Config 3: Exp7 1-128
2026-05-04 22:09:25,685 INFO o.a.j.t.JMeterThread: Thread finished: Config 3: Exp7 1-121
2026-05-04 22:09:25,685 INFO o.a.j.t.JMeterThread: Stopping because end time detected by thread: Config 3: Exp7 1-199
2026-05-04 22:09:25,685 INFO o.a.j.t.JMeterThread: Stopping because end time detected by thread: Config 3: Exp7 1-325
2026-05-04 22:09:25,685 INFO o.a.j.t.JMeterThread: Thread finished: Config 3: Exp7 1-199
2026-05-04 22:09:25,685 INFO o.a.j.t.JMeterThread: Stopping because end time detected by thread: Config 3: Exp7 1-631
2026-05-04 22:09:25,685 INFO o.a.j.t.JMeterThread: Thread finished: Config 3: Exp7 1-325
2026-05-04 22:09:25,685 INFO o.a.j.t.JMeterThread: Thread finished: Config 3: Exp7 1-128
2026-05-04 22:09:25,685 INFO o.a.j.t.JMeterThread: Thread finished: Config 3: Exp7 1-631
2026-05-04 22:09:25,691 INFO o.a.j.t.JMeterThread: Stopping because end time detected by thread: Config 3: Exp7 1-16
2026-05-04 22:09:25,691 INFO o.a.j.t.JMeterThread: Stopping because end time detected by thread: Config 3: Exp7 1-157
2026-05-04 22:09:25,691 INFO o.a.j.t.JMeterThread: Stopping because end time detected by thread: Config 3: Exp7 1-632
2026-05-04 22:09:25,691 INFO o.a.j.t.JMeterThread: Thread finished: Config 3: Exp7 1-157
2026-05-04 22:09:25,691 INFO o.a.j.t.JMeterThread: Stopping because end time detected by thread: Config 3: Exp7 1-98
2026-05-04 22:09:25,691 INFO o.a.j.t.JMeterThread: Stopping because end time detected by thread: Config 3: Exp7 1-123
2026-05-04 22:09:25,691 INFO o.a.j.t.JMeterThread: Thread finished: Config 3: Exp7 1-632
2026-05-04 22:09:25,691 INFO o.a.j.t.JMeterThread: Thread finished: Config 3: Exp7 1-16
2026-05-04 22:09:25,691 INFO o.a.j.t.JMeterThread: Thread finished: Config 3: Exp7 1-123
2026-05-04 22:09:25,691 INFO o.a.j.t.JMeterThread: Thread finished: Config 3: Exp7 1-98
2026-05-04 22:09:25,691 INFO o.a.j.t.JMeterThread: Stopping because end time detected by thread: Config 3: Exp7 1-505
2026-05-04 22:09:25,691 INFO o.a.j.t.JMeterThread: Stopping because end time detected by thread: Config 3: Exp7 1-503
2026-05-04 22:09:25,691 INFO o.a.j.t.JMeterThread: Thread finished: Config 3: Exp7 1-505
2026-05-04 22:09:25,691 INFO o.a.j.t.JMeterThread: Stopping because end time detected by thread: Config 3: Exp7 1-510
2026-05-04 22:09:25,691 INFO o.a.j.t.JMeterThread: Thread finished: Config 3: Exp7 1-503
2026-05-04 22:09:25,691 INFO o.a.j.t.JMeterThread: Thread finished: Config 3: Exp7 1-510
2026-05-04 22:09:25,691 INFO o.a.j.t.JMeterThread: Stopping because end time detected by thread: Config 3: Exp7 1-502
2026-05-04 22:09:25,691 INFO o.a.j.t.JMeterThread: Thread finished: Config 3: Exp7 1-502
2026-05-04 22:09:25,691 INFO o.a.j.t.JMeterThread: Stopping because end time detected by thread: Config 3: Exp7 1-258
2026-05-04 22:09:25,691 INFO o.a.j.t.JMeterThread: Thread finished: Config 3: Exp7 1-258
2026-05-04 22:09:25,692 INFO o.a.j.t.JMeterThread: Stopping because end time detected by thread: Config 3: Exp7 1-633
2026-05-04 22:09:25,692 INFO o.a.j.t.JMeterThread: Stopping because end time detected by thread: Config 3: Exp7 1-500
2026-05-04 22:09:25,692 INFO o.a.j.t.JMeterThread: Thread finished: Config 3: Exp7 1-633
2026-05-04 22:09:25,692 INFO o.a.j.t.JMeterThread: Thread finished: Config 3: Exp7 1-500
2026-05-04 22:09:25,692 INFO o.a.j.t.JMeterThread: Stopping because end time detected by thread: Config 3: Exp7 1-209
2026-05-04 22:09:25,692 INFO o.a.j.t.JMeterThread: Stopping because end time detected by thread: Config 3: Exp7 1-137
2026-05-04 22:09:25,692 INFO o.a.j.t.JMeterThread: Thread finished: Config 3: Exp7 1-209
2026-05-04 22:09:25,692 INFO o.a.j.t.JMeterThread: Thread finished: Config 3: Exp7 1-137
2026-05-04 22:09:25,692 INFO o.a.j.t.JMeterThread: Stopping because end time detected by thread: Config 3: Exp7 1-166
2026-05-04 22:09:25,692 INFO o.a.j.t.JMeterThread: Thread finished: Config 3: Exp7 1-166
2026-05-04 22:09:25,694 INFO o.a.j.t.JMeterThread: Stopping because end time detected by thread: Config 3: Exp7 1-243
2026-05-04 22:09:25,694 INFO o.a.j.t.JMeterThread: Thread finished: Config 3: Exp7 1-243
2026-05-04 22:09:25,694 INFO o.a.j.t.JMeterThread: Stopping because end time detected by thread: Config 3: Exp7 1-134
2026-05-04 22:09:25,694 INFO o.a.j.t.JMeterThread: Thread finished: Config 3: Exp7 1-134
2026-05-04 22:09:25,694 INFO o.a.j.t.JMeterThread: Stopping because end time detected by thread: Config 3: Exp7 1-131
2026-05-04 22:09:25,694 INFO o.a.j.t.JMeterThread: Thread finished: Config 3: Exp7 1-131
2026-05-04 22:09:25,694 INFO o.a.j.t.JMeterThread: Stopping because end time detected by thread: Config 3: Exp7 1-161
2026-05-04 22:09:25,694 INFO o.a.j.t.JMeterThread: Stopping because end time detected by thread: Config 3: Exp7 1-244
2026-05-04 22:09:25,694 INFO o.a.j.t.JMeterThread: Thread finished: Config 3: Exp7 1-161
2026-05-04 22:09:25,694 INFO o.a.j.t.JMeterThread: Thread finished: Config 3: Exp7 1-244
2026-05-04 22:09:25,694 INFO o.a.j.t.JMeterThread: Stopping because end time detected by thread: Config 3: Exp7 1-634
2026-05-04 22:09:25,694 INFO o.a.j.t.JMeterThread: Thread finished: Config 3: Exp7 1-634
2026-05-04 22:09:25,694 INFO o.a.j.t.JMeterThread: Stopping because end time detected by thread: Config 3: Exp7 1-457
2026-05-04 22:09:25,694 INFO o.a.j.t.JMeterThread: Thread finished: Config 3: Exp7 1-457
2026-05-04 22:09:25,694 INFO o.a.j.t.JMeterThread: Stopping because end time detected by thread: Config 3: Exp7 1-159
2026-05-04 22:09:25,694 INFO o.a.j.t.JMeterThread: Thread finished: Config 3: Exp7 1-159
2026-05-04 22:09:25,694 INFO o.a.j.t.JMeterThread: Stopping because end time detected by thread: Config 3: Exp7 1-389
2026-05-04 22:09:25,694 INFO o.a.j.t.JMeterThread: Thread finished: Config 3: Exp7 1-389
2026-05-04 22:09:25,694 INFO o.a.j.t.JMeterThread: Stopping because end time detected by thread: Config 3: Exp7 1-162
2026-05-04 22:09:25,694 INFO o.a.j.t.JMeterThread: Thread finished: Config 3: Exp7 1-162
2026-05-04 22:09:25,694 INFO o.a.j.t.JMeterThread: Stopping because end time detected by thread: Config 3: Exp7 1-33
2026-05-04 22:09:25,694 INFO o.a.j.t.JMeterThread: Thread finished: Config 3: Exp7 1-33
2026-05-04 22:09:25,694 INFO o.a.j.t.JMeterThread: Stopping because end time detected by thread: Config 3: Exp7 1-52
2026-05-04 22:09:25,694 INFO o.a.j.t.JMeterThread: Thread finished: Config 3: Exp7 1-52
2026-05-04 22:09:25,694 INFO o.a.j.t.JMeterThread: Stopping because end time detected by thread: Config 3: Exp7 1-133
2026-05-04 22:09:25,694 INFO o.a.j.t.JMeterThread: Stopping because end time detected by thread: Config 3: Exp7 1-394
2026-05-04 22:09:25,694 INFO o.a.j.t.JMeterThread: Stopping because end time detected by thread: Config 3: Exp7 1-139
2026-05-04 22:09:25,694 INFO o.a.j.t.JMeterThread: Thread finished: Config 3: Exp7 1-133
2026-05-04 22:09:25,694 INFO o.a.j.t.JMeterThread: Thread finished: Config 3: Exp7 1-394
2026-05-04 22:09:25,694 INFO o.a.j.t.JMeterThread: Thread finished: Config 3: Exp7 1-139
2026-05-04 22:09:25,695 INFO o.a.j.t.JMeterThread: Stopping because end time detected by thread: Config 3: Exp7 1-48
2026-05-04 22:09:25,695 INFO o.a.j.t.JMeterThread: Stopping because end time detected by thread: Config 3: Exp7 1-388
2026-05-04 22:09:25,695 INFO o.a.j.t.JMeterThread: Thread finished: Config 3: Exp7 1-48
2026-05-04 22:09:25,695 INFO o.a.j.t.JMeterThread: Thread finished: Config 3: Exp7 1-388
2026-05-04 22:09:25,695 INFO o.a.j.t.JMeterThread: Stopping because end time detected by thread: Config 3: Exp7 1-22
2026-05-04 22:09:25,695 INFO o.a.j.t.JMeterThread: Stopping because end time detected by thread: Config 3: Exp7 1-593
2026-05-04 22:09:25,695 INFO o.a.j.t.JMeterThread: Thread finished: Config 3: Exp7 1-593
2026-05-04 22:09:25,695 INFO o.a.j.t.JMeterThread: Thread finished: Config 3: Exp7 1-22
2026-05-04 22:09:25,695 INFO o.a.j.t.JMeterThread: Stopping because end time detected by thread: Config 3: Exp7 1-594
2026-05-04 22:09:25,695 INFO o.a.j.t.JMeterThread: Thread finished: Config 3: Exp7 1-594
2026-05-04 22:09:25,695 INFO o.a.j.t.JMeterThread: Stopping because end time detected by thread: Config 3: Exp7 1-116
2026-05-04 22:09:25,695 INFO o.a.j.t.JMeterThread: Thread finished: Config 3: Exp7 1-116
2026-05-04 22:09:25,695 INFO o.a.j.t.JMeterThread: Stopping because end time detected by thread: Config 3: Exp7 1-391
2026-05-04 22:09:25,695 INFO o.a.j.t.JMeterThread: Stopping because end time detected by thread: Config 3: Exp7 1-1
2026-05-04 22:09:25,695 INFO o.a.j.t.JMeterThread: Stopping because end time detected by thread: Config 3: Exp7 1-160
2026-05-04 22:09:25,695 INFO o.a.j.t.JMeterThread: Stopping because end time detected by thread: Config 3: Exp7 1-596
2026-05-04 22:09:25,695 INFO o.a.j.t.JMeterThread: Thread finished: Config 3: Exp7 1-1
2026-05-04 22:09:25,695 INFO o.a.j.t.JMeterThread: Thread finished: Config 3: Exp7 1-391
2026-05-04 22:09:25,695 INFO o.a.j.t.JMeterThread: Stopping because end time detected by thread: Config 3: Exp7 1-141
2026-05-04 22:09:25,695 INFO o.a.j.t.JMeterThread: Thread finished: Config 3: Exp7 1-160
2026-05-04 22:09:25,695 INFO o.a.j.t.JMeterThread: Thread finished: Config 3: Exp7 1-141
2026-05-04 22:09:25,695 INFO o.a.j.t.JMeterThread: Thread finished: Config 3: Exp7 1-596
2026-05-04 22:09:25,695 INFO o.a.j.t.JMeterThread: Stopping because end time detected by thread: Config 3: Exp7 1-595
2026-05-04 22:09:25,695 INFO o.a.j.t.JMeterThread: Stopping because end time detected by thread: Config 3: Exp7 1-600
2026-05-04 22:09:25,695 INFO o.a.j.t.JMeterThread: Thread finished: Config 3: Exp7 1-595
2026-05-04 22:09:25,695 INFO o.a.j.t.JMeterThread: Thread finished: Config 3: Exp7 1-600
2026-05-04 22:09:25,696 INFO o.a.j.t.JMeterThread: Stopping because end time detected by thread: Config 3: Exp7 1-598
2026-05-04 22:09:25,696 INFO o.a.j.t.JMeterThread: Stopping because end time detected by thread: Config 3: Exp7 1-599
2026-05-04 22:09:25,696 INFO o.a.j.t.JMeterThread: Thread finished: Config 3: Exp7 1-598
2026-05-04 22:09:25,696 INFO o.a.j.t.JMeterThread: Thread finished: Config 3: Exp7 1-599
2026-05-04 22:09:25,696 INFO o.a.j.t.JMeterThread: Stopping because end time detected by thread: Config 3: Exp7 1-597
2026-05-04 22:09:25,696 INFO o.a.j.t.JMeterThread: Thread finished: Config 3: Exp7 1-597
2026-05-04 22:09:25,697 INFO o.a.j.t.JMeterThread: Stopping because end time detected by thread: Config 3: Exp7 1-601
2026-05-04 22:09:25,697 INFO o.a.j.t.JMeterThread: Thread finished: Config 3: Exp7 1-601
2026-05-04 22:09:25,696 INFO o.a.j.t.JMeterThread: Stopping because end time detected by thread: Config 3: Exp7 1-602
2026-05-04 22:09:25,697 INFO o.a.j.t.JMeterThread: Thread finished: Config 3: Exp7 1-602
2026-05-04 22:09:25,697 INFO o.a.j.t.JMeterThread: Stopping because end time detected by thread: Config 3: Exp7 1-635
2026-05-04 22:09:25,697 INFO o.a.j.t.JMeterThread: Thread finished: Config 3: Exp7 1-635
2026-05-04 22:09:25,697 INFO o.a.j.t.JMeterThread: Stopping because end time detected by thread: Config 3: Exp7 1-603
2026-05-04 22:09:25,697 INFO o.a.j.t.JMeterThread: Thread finished: Config 3: Exp7 1-603
2026-05-04 22:09:28,902 INFO o.a.j.t.JMeterThread: Stopping because end time detected by thread: Config 3: Exp7 1-309
2026-05-04 22:09:28,902 INFO o.a.j.t.JMeterThread: Stopping because end time detected by thread: Config 3: Exp7 1-605
2026-05-04 22:09:28,902 INFO o.a.j.t.JMeterThread: Stopping because end time detected by thread: Config 3: Exp7 1-396
2026-05-04 22:09:28,902 INFO o.a.j.t.JMeterThread: Thread finished: Config 3: Exp7 1-605
2026-05-04 22:09:28,902 INFO o.a.j.t.JMeterThread: Stopping because end time detected by thread: Config 3: Exp7 1-138
2026-05-04 22:09:28,902 INFO o.a.j.t.JMeterThread: Thread finished: Config 3: Exp7 1-138
2026-05-04 22:09:28,902 INFO o.a.j.t.JMeterThread: Stopping because end time detected by thread: Config 3: Exp7 1-467
2026-05-04 22:09:28,902 INFO o.a.j.t.JMeterThread: Stopping because end time detected by thread: Config 3: Exp7 1-606
2026-05-04 22:09:28,902 INFO o.a.j.t.JMeterThread: Stopping because end time detected by thread: Config 3: Exp7 1-397
2026-05-04 22:09:28,903 INFO o.a.j.t.JMeterThread: Thread finished: Config 3: Exp7 1-467
2026-05-04 22:09:28,903 INFO o.a.j.t.JMeterThread: Thread finished: Config 3: Exp7 1-606
2026-05-04 22:09:28,902 INFO o.a.j.t.JMeterThread: Thread finished: Config 3: Exp7 1-396
2026-05-04 22:09:28,903 INFO o.a.j.t.JMeterThread: Stopping because end time detected by thread: Config 3: Exp7 1-468
2026-05-04 22:09:28,902 INFO o.a.j.t.JMeterThread: Stopping because end time detected by thread: Config 3: Exp7 1-466
2026-05-04 22:09:28,902 INFO o.a.j.t.JMeterThread: Thread finished: Config 3: Exp7 1-309
2026-05-04 22:09:28,902 INFO o.a.j.t.JMeterThread: Stopping because end time detected by thread: Config 3: Exp7 1-465
2026-05-04 22:09:28,903 INFO o.a.j.t.JMeterThread: Thread finished: Config 3: Exp7 1-466
2026-05-04 22:09:28,903 INFO o.a.j.t.JMeterThread: Thread finished: Config 3: Exp7 1-468
2026-05-04 22:09:28,903 INFO o.a.j.t.JMeterThread: Stopping because end time detected by thread: Config 3: Exp7 1-470
2026-05-04 22:09:28,903 INFO o.a.j.t.JMeterThread: Stopping because end time detected by thread: Config 3: Exp7 1-469
2026-05-04 22:09:28,903 INFO o.a.j.t.JMeterThread: Thread finished: Config 3: Exp7 1-470
2026-05-04 22:09:28,903 INFO o.a.j.t.JMeterThread: Thread finished: Config 3: Exp7 1-397
2026-05-04 22:09:28,903 INFO o.a.j.t.JMeterThread: Thread finished: Config 3: Exp7 1-469
2026-05-04 22:09:28,903 INFO o.a.j.t.JMeterThread: Thread finished: Config 3: Exp7 1-465
2026-05-04 22:09:30,745 INFO o.a.j.t.JMeterThread: Stopping because end time detected by thread: Config 3: Exp7 1-84
2026-05-04 22:09:30,746 INFO o.a.j.t.JMeterThread: Thread finished: Config 3: Exp7 1-84
2026-05-04 22:09:30,746 INFO o.a.j.t.JMeterThread: Stopping because end time detected by thread: Config 3: Exp7 1-17
2026-05-04 22:09:30,746 INFO o.a.j.t.JMeterThread: Stopping because end time detected by thread: Config 3: Exp7 1-206
2026-05-04 22:09:30,746 INFO o.a.j.t.JMeterThread: Stopping because end time detected by thread: Config 3: Exp7 1-207
2026-05-04 22:09:30,746 INFO o.a.j.t.JMeterThread: Stopping because end time detected by thread: Config 3: Exp7 1-530
2026-05-04 22:09:30,746 INFO o.a.j.t.JMeterThread: Thread finished: Config 3: Exp7 1-17
2026-05-04 22:09:30,746 INFO o.a.j.t.JMeterThread: Thread finished: Config 3: Exp7 1-207
2026-05-04 22:09:30,746 INFO o.a.j.t.JMeterThread: Stopping because end time detected by thread: Config 3: Exp7 1-214
2026-05-04 22:09:30,746 INFO o.a.j.t.JMeterThread: Thread finished: Config 3: Exp7 1-530
2026-05-04 22:09:30,746 INFO o.a.j.t.JMeterThread: Stopping because end time detected by thread: Config 3: Exp7 1-168
2026-05-04 22:09:30,746 INFO o.a.j.t.JMeterThread: Stopping because end time detected by thread: Config 3: Exp7 1-194
2026-05-04 22:09:30,746 INFO o.a.j.t.JMeterThread: Thread finished: Config 3: Exp7 1-168
2026-05-04 22:09:30,746 INFO o.a.j.t.JMeterThread: Stopping because end time detected by thread: Config 3: Exp7 1-229
2026-05-04 22:09:30,746 INFO o.a.j.t.JMeterThread: Stopping because end time detected by thread: Config 3: Exp7 1-270
2026-05-04 22:09:30,746 INFO o.a.j.t.JMeterThread: Stopping because end time detected by thread: Config 3: Exp7 1-332
2026-05-04 22:09:30,746 INFO o.a.j.t.JMeterThread: Stopping because end time detected by thread: Config 3: Exp7 1-262
2026-05-04 22:09:30,746 INFO o.a.j.t.JMeterThread: Thread finished: Config 3: Exp7 1-262
2026-05-04 22:09:30,746 INFO o.a.j.t.JMeterThread: Stopping because end time detected by thread: Config 3: Exp7 1-343
2026-05-04 22:09:30,746 INFO o.a.j.t.JMeterThread: Stopping because end time detected by thread: Config 3: Exp7 1-529
2026-05-04 22:09:30,746 INFO o.a.j.t.JMeterThread: Stopping because end time detected by thread: Config 3: Exp7 1-336
2026-05-04 22:09:30,746 INFO o.a.j.t.JMeterThread: Stopping because end time detected by thread: Config 3: Exp7 1-59
2026-05-04 22:09:30,746 INFO o.a.j.t.JMeterThread: Stopping because end time detected by thread: Config 3: Exp7 1-170
2026-05-04 22:09:30,747 INFO o.a.j.t.JMeterThread: Thread finished: Config 3: Exp7 1-59
2026-05-04 22:09:30,747 INFO o.a.j.t.JMeterThread: Thread finished: Config 3: Exp7 1-336
2026-05-04 22:09:30,747 INFO o.a.j.t.JMeterThread: Stopping because end time detected by thread: Config 3: Exp7 1-342
2026-05-04 22:09:30,747 INFO o.a.j.t.JMeterThread: Thread finished: Config 3: Exp7 1-342
2026-05-04 22:09:30,746 INFO o.a.j.t.JMeterThread: Stopping because end time detected by thread: Config 3: Exp7 1-46
2026-05-04 22:09:30,746 INFO o.a.j.t.JMeterThread: Stopping because end time detected by thread: Config 3: Exp7 1-47
2026-05-04 22:09:30,747 INFO o.a.j.t.JMeterThread: Thread finished: Config 3: Exp7 1-46
2026-05-04 22:09:30,746 INFO o.a.j.t.JMeterThread: Stopping because end time detected by thread: Config 3: Exp7 1-65
2026-05-04 22:09:30,747 INFO o.a.j.t.JMeterThread: Stopping because end time detected by thread: Config 3: Exp7 1-419
2026-05-04 22:09:30,747 INFO o.a.j.t.JMeterThread: Stopping because end time detected by thread: Config 3: Exp7 1-337
2026-05-04 22:09:30,747 INFO o.a.j.t.JMeterThread: Thread finished: Config 3: Exp7 1-419
2026-05-04 22:09:30,746 INFO o.a.j.t.JMeterThread: Thread finished: Config 3: Exp7 1-343
2026-05-04 22:09:30,747 INFO o.a.j.t.JMeterThread: Stopping because end time detected by thread: Config 3: Exp7 1-431
2026-05-04 22:09:30,747 INFO o.a.j.t.JMeterThread: Stopping because end time detected by thread: Config 3: Exp7 1-425
2026-05-04 22:09:30,747 INFO o.a.j.t.JMeterThread: Stopping because end time detected by thread: Config 3: Exp7 1-71
2026-05-04 22:09:30,747 INFO o.a.j.t.JMeterThread: Stopping because end time detected by thread: Config 3: Exp7 1-11
2026-05-04 22:09:30,747 INFO o.a.j.t.JMeterThread: Thread finished: Config 3: Exp7 1-71
2026-05-04 22:09:30,748 INFO o.a.j.t.JMeterThread: Thread finished: Config 3: Exp7 1-11
2026-05-04 22:09:30,748 INFO o.a.j.t.JMeterThread: Stopping because end time detected by thread: Config 3: Exp7 1-424
2026-05-04 22:09:30,746 INFO o.a.j.t.JMeterThread: Stopping because end time detected by thread: Config 3: Exp7 1-338
2026-05-04 22:09:30,748 INFO o.a.j.t.JMeterThread: Stopping because end time detected by thread: Config 3: Exp7 1-85
2026-05-04 22:09:30,748 INFO o.a.j.t.JMeterThread: Stopping because end time detected by thread: Config 3: Exp7 1-433
2026-05-04 22:09:30,746 INFO o.a.j.t.JMeterThread: Stopping because end time detected by thread: Config 3: Exp7 1-340
2026-05-04 22:09:30,748 INFO o.a.j.t.JMeterThread: Thread finished: Config 3: Exp7 1-85
2026-05-04 22:09:30,746 INFO o.a.j.t.JMeterThread: Stopping because end time detected by thread: Config 3: Exp7 1-329
2026-05-04 22:09:30,748 INFO o.a.j.t.JMeterThread: Thread finished: Config 3: Exp7 1-433
2026-05-04 22:09:30,746 INFO o.a.j.t.JMeterThread: Stopping because end time detected by thread: Config 3: Exp7 1-341
2026-05-04 22:09:30,748 INFO o.a.j.t.JMeterThread: Thread finished: Config 3: Exp7 1-329
2026-05-04 22:09:30,746 INFO o.a.j.t.JMeterThread: Stopping because end time detected by thread: Config 3: Exp7 1-344
2026-05-04 22:09:30,746 INFO o.a.j.t.JMeterThread: Stopping because end time detected by thread: Config 3: Exp7 1-330
2026-05-04 22:09:30,748 INFO o.a.j.t.JMeterThread: Thread finished: Config 3: Exp7 1-344
2026-05-04 22:09:30,746 INFO o.a.j.t.JMeterThread: Stopping because end time detected by thread: Config 3: Exp7 1-339
2026-05-04 22:09:30,746 INFO o.a.j.t.JMeterThread: Thread finished: Config 3: Exp7 1-229
2026-05-04 22:09:30,748 INFO o.a.j.t.JMeterThread: Thread finished: Config 3: Exp7 1-339
2026-05-04 22:09:30,746 INFO o.a.j.t.JMeterThread: Thread finished: Config 3: Exp7 1-270
2026-05-04 22:09:30,748 INFO o.a.j.t.JMeterThread: Thread finished: Config 3: Exp7 1-330
2026-05-04 22:09:30,746 INFO o.a.j.t.JMeterThread: Stopping because end time detected by thread: Config 3: Exp7 1-215
2026-05-04 22:09:30,746 INFO o.a.j.t.JMeterThread: Thread finished: Config 3: Exp7 1-332
2026-05-04 22:09:30,748 INFO o.a.j.t.JMeterThread: Thread finished: Config 3: Exp7 1-215
2026-05-04 22:09:30,746 INFO o.a.j.t.JMeterThread: Stopping because end time detected by thread: Config 3: Exp7 1-335
2026-05-04 22:09:30,746 INFO o.a.j.t.JMeterThread: Stopping because end time detected by thread: Config 3: Exp7 1-230
2026-05-04 22:09:30,748 INFO o.a.j.t.JMeterThread: Thread finished: Config 3: Exp7 1-335
2026-05-04 22:09:30,748 INFO o.a.j.t.JMeterThread: Thread finished: Config 3: Exp7 1-230
2026-05-04 22:09:30,746 INFO o.a.j.t.JMeterThread: Stopping because end time detected by thread: Config 3: Exp7 1-268
2026-05-04 22:09:30,746 INFO o.a.j.t.JMeterThread: Stopping because end time detected by thread: Config 3: Exp7 1-267
2026-05-04 22:09:30,746 INFO o.a.j.t.JMeterThread: Thread finished: Config 3: Exp7 1-194
2026-05-04 22:09:30,749 INFO o.a.j.t.JMeterThread: Thread finished: Config 3: Exp7 1-268
2026-05-04 22:09:30,746 INFO o.a.j.t.JMeterThread: Thread finished: Config 3: Exp7 1-214
2026-05-04 22:09:30,749 INFO o.a.j.t.JMeterThread: Thread finished: Config 3: Exp7 1-267
2026-05-04 22:09:30,746 INFO o.a.j.t.JMeterThread: Stopping because end time detected by thread: Config 3: Exp7 1-213
2026-05-04 22:09:30,746 INFO o.a.j.t.JMeterThread: Stopping because end time detected by thread: Config 3: Exp7 1-211
2026-05-04 22:09:30,746 INFO o.a.j.t.JMeterThread: Stopping because end time detected by thread: Config 3: Exp7 1-169
2026-05-04 22:09:30,749 INFO o.a.j.t.JMeterThread: Thread finished: Config 3: Exp7 1-213
2026-05-04 22:09:30,746 INFO o.a.j.t.JMeterThread: Stopping because end time detected by thread: Config 3: Exp7 1-210
2026-05-04 22:09:30,749 INFO o.a.j.t.JMeterThread: Thread finished: Config 3: Exp7 1-169
2026-05-04 22:09:30,749 INFO o.a.j.t.JMeterThread: Thread finished: Config 3: Exp7 1-206
2026-05-04 22:09:30,749 INFO o.a.j.t.JMeterThread: Thread finished: Config 3: Exp7 1-211
2026-05-04 22:09:30,748 INFO o.a.j.t.JMeterThread: Thread finished: Config 3: Exp7 1-341
2026-05-04 22:09:30,748 INFO o.a.j.t.JMeterThread: Thread finished: Config 3: Exp7 1-424
2026-05-04 22:09:30,748 INFO o.a.j.t.JMeterThread: Stopping because end time detected by thread: Config 3: Exp7 1-435
2026-05-04 22:09:30,749 INFO o.a.j.t.JMeterThread: Thread finished: Config 3: Exp7 1-340
2026-05-04 22:09:30,749 INFO o.a.j.t.JMeterThread: Thread finished: Config 3: Exp7 1-435
2026-05-04 22:09:30,747 INFO o.a.j.t.JMeterThread: Stopping because end time detected by thread: Config 3: Exp7 1-105
2026-05-04 22:09:30,747 INFO o.a.j.t.JMeterThread: Thread finished: Config 3: Exp7 1-529
2026-05-04 22:09:30,749 INFO o.a.j.t.JMeterThread: Thread finished: Config 3: Exp7 1-105
2026-05-04 22:09:30,747 INFO o.a.j.t.JMeterThread: Thread finished: Config 3: Exp7 1-431
2026-05-04 22:09:30,747 INFO o.a.j.t.JMeterThread: Stopping because end time detected by thread: Config 3: Exp7 1-423
2026-05-04 22:09:30,747 INFO o.a.j.t.JMeterThread: Thread finished: Config 3: Exp7 1-337
2026-05-04 22:09:30,750 INFO o.a.j.t.JMeterThread: Thread finished: Config 3: Exp7 1-425
2026-05-04 22:09:30,750 INFO o.a.j.t.JMeterThread: Thread finished: Config 3: Exp7 1-423
2026-05-04 22:09:30,747 INFO o.a.j.t.JMeterThread: Thread finished: Config 3: Exp7 1-170
2026-05-04 22:09:30,747 INFO o.a.j.t.JMeterThread: Stopping because end time detected by thread: Config 3: Exp7 1-430
2026-05-04 22:09:30,747 INFO o.a.j.t.JMeterThread: Stopping because end time detected by thread: Config 3: Exp7 1-432
2026-05-04 22:09:30,747 INFO o.a.j.t.JMeterThread: Thread finished: Config 3: Exp7 1-65
2026-05-04 22:09:30,747 INFO o.a.j.t.JMeterThread: Thread finished: Config 3: Exp7 1-47
2026-05-04 22:09:30,750 INFO o.a.j.t.JMeterThread: Thread finished: Config 3: Exp7 1-432
2026-05-04 22:09:30,750 INFO o.a.j.t.JMeterThread: Thread finished: Config 3: Exp7 1-430
2026-05-04 22:09:30,749 INFO o.a.j.t.JMeterThread: Thread finished: Config 3: Exp7 1-338
2026-05-04 22:09:30,749 INFO o.a.j.t.JMeterThread: Thread finished: Config 3: Exp7 1-210
2026-05-04 22:09:30,760 INFO o.a.j.t.JMeterThread: Stopping because end time detected by thread: Config 3: Exp7 1-94
2026-05-04 22:09:30,760 INFO o.a.j.t.JMeterThread: Stopping because end time detected by thread: Config 3: Exp7 1-163
2026-05-04 22:09:30,760 INFO o.a.j.t.JMeterThread: Stopping because end time detected by thread: Config 3: Exp7 1-167
2026-05-04 22:09:30,760 INFO o.a.j.t.JMeterThread: Stopping because end time detected by thread: Config 3: Exp7 1-276
2026-05-04 22:09:30,760 INFO o.a.j.t.JMeterThread: Stopping because end time detected by thread: Config 3: Exp7 1-434
2026-05-04 22:09:30,761 INFO o.a.j.t.JMeterThread: Thread finished: Config 3: Exp7 1-167
2026-05-04 22:09:30,760 INFO o.a.j.t.JMeterThread: Thread finished: Config 3: Exp7 1-163
2026-05-04 22:09:30,761 INFO o.a.j.t.JMeterThread: Thread finished: Config 3: Exp7 1-434
2026-05-04 22:09:30,760 INFO o.a.j.t.JMeterThread: Stopping because end time detected by thread: Config 3: Exp7 1-208
2026-05-04 22:09:30,761 INFO o.a.j.t.JMeterThread: Stopping because end time detected by thread: Config 3: Exp7 1-10
2026-05-04 22:09:30,761 INFO o.a.j.t.JMeterThread: Thread finished: Config 3: Exp7 1-208
2026-05-04 22:09:30,760 INFO o.a.j.t.JMeterThread: Stopping because end time detected by thread: Config 3: Exp7 1-269
2026-05-04 22:09:30,761 INFO o.a.j.t.JMeterThread: Thread finished: Config 3: Exp7 1-10
2026-05-04 22:09:30,760 INFO o.a.j.t.JMeterThread: Thread finished: Config 3: Exp7 1-94
2026-05-04 22:09:30,760 INFO o.a.j.t.JMeterThread: Stopping because end time detected by thread: Config 3: Exp7 1-171
2026-05-04 22:09:30,761 INFO o.a.j.t.JMeterThread: Thread finished: Config 3: Exp7 1-269
2026-05-04 22:09:30,761 INFO o.a.j.t.JMeterThread: Stopping because end time detected by thread: Config 3: Exp7 1-36
2026-05-04 22:09:30,761 INFO o.a.j.t.JMeterThread: Thread finished: Config 3: Exp7 1-171
2026-05-04 22:09:30,761 INFO o.a.j.t.JMeterThread: Thread finished: Config 3: Exp7 1-276
2026-05-04 22:09:30,761 INFO o.a.j.t.JMeterThread: Thread finished: Config 3: Exp7 1-36
2026-05-04 22:09:30,762 INFO o.a.j.t.JMeterThread: Stopping because end time detected by thread: Config 3: Exp7 1-532
2026-05-04 22:09:30,762 INFO o.a.j.t.JMeterThread: Stopping because end time detected by thread: Config 3: Exp7 1-533
2026-05-04 22:09:30,762 INFO o.a.j.t.JMeterThread: Thread finished: Config 3: Exp7 1-532
2026-05-04 22:09:30,762 INFO o.a.j.t.JMeterThread: Stopping because end time detected by thread: Config 3: Exp7 1-125
2026-05-04 22:09:30,762 INFO o.a.j.t.JMeterThread: Stopping because end time detected by thread: Config 3: Exp7 1-88
2026-05-04 22:09:30,762 INFO o.a.j.t.JMeterThread: Stopping because end time detected by thread: Config 3: Exp7 1-55
2026-05-04 22:09:30,762 INFO o.a.j.t.JMeterThread: Thread finished: Config 3: Exp7 1-88
2026-05-04 22:09:30,762 INFO o.a.j.t.JMeterThread: Stopping because end time detected by thread: Config 3: Exp7 1-536
2026-05-04 22:09:30,762 INFO o.a.j.t.JMeterThread: Stopping because end time detected by thread: Config 3: Exp7 1-541
2026-05-04 22:09:30,762 INFO o.a.j.t.JMeterThread: Thread finished: Config 3: Exp7 1-536
2026-05-04 22:09:30,763 INFO o.a.j.t.JMeterThread: Thread finished: Config 3: Exp7 1-541
2026-05-04 22:09:30,762 INFO o.a.j.t.JMeterThread: Stopping because end time detected by thread: Config 3: Exp7 1-112
2026-05-04 22:09:30,762 INFO o.a.j.t.JMeterThread: Stopping because end time detected by thread: Config 3: Exp7 1-542
2026-05-04 22:09:30,763 INFO o.a.j.t.JMeterThread: Stopping because end time detected by thread: Config 3: Exp7 1-216
2026-05-04 22:09:30,763 INFO o.a.j.t.JMeterThread: Stopping because end time detected by thread: Config 3: Exp7 1-218
2026-05-04 22:09:30,763 INFO o.a.j.t.JMeterThread: Thread finished: Config 3: Exp7 1-216
2026-05-04 22:09:30,763 INFO o.a.j.t.JMeterThread: Thread finished: Config 3: Exp7 1-542
2026-05-04 22:09:30,762 INFO o.a.j.t.JMeterThread: Stopping because end time detected by thread: Config 3: Exp7 1-539
2026-05-04 22:09:30,762 INFO o.a.j.t.JMeterThread: Stopping because end time detected by thread: Config 3: Exp7 1-537
2026-05-04 22:09:30,763 INFO o.a.j.t.JMeterThread: Thread finished: Config 3: Exp7 1-539
2026-05-04 22:09:30,762 INFO o.a.j.t.JMeterThread: Stopping because end time detected by thread: Config 3: Exp7 1-540
2026-05-04 22:09:30,763 INFO o.a.j.t.JMeterThread: Stopping because end time detected by thread: Config 3: Exp7 1-56
2026-05-04 22:09:30,763 INFO o.a.j.t.JMeterThread: Stopping because end time detected by thread: Config 3: Exp7 1-543
2026-05-04 22:09:30,762 INFO o.a.j.t.JMeterThread: Stopping because end time detected by thread: Config 3: Exp7 1-108
2026-05-04 22:09:30,763 INFO o.a.j.t.JMeterThread: Stopping because end time detected by thread: Config 3: Exp7 1-546
2026-05-04 22:09:30,762 INFO o.a.j.t.JMeterThread: Stopping because end time detected by thread: Config 3: Exp7 1-535
2026-05-04 22:09:30,763 INFO o.a.j.t.JMeterThread: Stopping because end time detected by thread: Config 3: Exp7 1-126
2026-05-04 22:09:30,762 INFO o.a.j.t.JMeterThread: Stopping because end time detected by thread: Config 3: Exp7 1-538
2026-05-04 22:09:30,762 INFO o.a.j.t.JMeterThread: Thread finished: Config 3: Exp7 1-55
2026-05-04 22:09:30,763 INFO o.a.j.t.JMeterThread: Thread finished: Config 3: Exp7 1-126
2026-05-04 22:09:30,762 INFO o.a.j.t.JMeterThread: Stopping because end time detected by thread: Config 3: Exp7 1-534
2026-05-04 22:09:30,763 INFO o.a.j.t.JMeterThread: Thread finished: Config 3: Exp7 1-538
2026-05-04 22:09:30,762 INFO o.a.j.t.JMeterThread: Thread finished: Config 3: Exp7 1-533
2026-05-04 22:09:30,764 INFO o.a.j.t.JMeterThread: Thread finished: Config 3: Exp7 1-125
2026-05-04 22:09:30,764 INFO o.a.j.t.JMeterThread: Stopping because end time detected by thread: Config 3: Exp7 1-548
2026-05-04 22:09:30,764 INFO o.a.j.t.JMeterThread: Thread finished: Config 3: Exp7 1-534
2026-05-04 22:09:30,764 INFO o.a.j.t.JMeterThread: Thread finished: Config 3: Exp7 1-548
2026-05-04 22:09:30,764 INFO o.a.j.t.JMeterThread: Stopping because end time detected by thread: Config 3: Exp7 1-547
2026-05-04 22:09:30,764 INFO o.a.j.t.JMeterThread: Stopping because end time detected by thread: Config 3: Exp7 1-554
2026-05-04 22:09:30,764 INFO o.a.j.t.JMeterThread: Thread finished: Config 3: Exp7 1-554
2026-05-04 22:09:30,764 INFO o.a.j.t.JMeterThread: Stopping because end time detected by thread: Config 3: Exp7 1-555
2026-05-04 22:09:30,764 INFO o.a.j.t.JMeterThread: Thread finished: Config 3: Exp7 1-547
2026-05-04 22:09:30,763 INFO o.a.j.t.JMeterThread: Thread finished: Config 3: Exp7 1-535
2026-05-04 22:09:30,764 INFO o.a.j.t.JMeterThread: Stopping because end time detected by thread: Config 3: Exp7 1-558
2026-05-04 22:09:30,764 INFO o.a.j.t.JMeterThread: Stopping because end time detected by thread: Config 3: Exp7 1-559
2026-05-04 22:09:30,763 INFO o.a.j.t.JMeterThread: Thread finished: Config 3: Exp7 1-56
2026-05-04 22:09:30,764 INFO o.a.j.t.JMeterThread: Thread finished: Config 3: Exp7 1-559
2026-05-04 22:09:30,763 INFO o.a.j.t.JMeterThread: Thread finished: Config 3: Exp7 1-546
2026-05-04 22:09:30,764 INFO o.a.j.t.JMeterThread: Stopping because end time detected by thread: Config 3: Exp7 1-562
2026-05-04 22:09:30,764 INFO o.a.j.t.JMeterThread: Thread finished: Config 3: Exp7 1-562
2026-05-04 22:09:30,764 INFO o.a.j.t.JMeterThread: Stopping because end time detected by thread: Config 3: Exp7 1-564
2026-05-04 22:09:30,764 INFO o.a.j.t.JMeterThread: Stopping because end time detected by thread: Config 3: Exp7 1-563
2026-05-04 22:09:30,764 INFO o.a.j.t.JMeterThread: Thread finished: Config 3: Exp7 1-108
2026-05-04 22:09:30,764 INFO o.a.j.t.JMeterThread: Thread finished: Config 3: Exp7 1-563
2026-05-04 22:09:30,764 INFO o.a.j.t.JMeterThread: Stopping because end time detected by thread: Config 3: Exp7 1-565
2026-05-04 22:09:30,764 INFO o.a.j.t.JMeterThread: Thread finished: Config 3: Exp7 1-565
2026-05-04 22:09:30,763 INFO o.a.j.t.JMeterThread: Thread finished: Config 3: Exp7 1-543
2026-05-04 22:09:30,765 INFO o.a.j.t.JMeterThread: Stopping because end time detected by thread: Config 3: Exp7 1-568
2026-05-04 22:09:30,763 INFO o.a.j.t.JMeterThread: Stopping because end time detected by thread: Config 3: Exp7 1-545
2026-05-04 22:09:30,765 INFO o.a.j.t.JMeterThread: Thread finished: Config 3: Exp7 1-568
2026-05-04 22:09:30,763 INFO o.a.j.t.JMeterThread: Stopping because end time detected by thread: Config 3: Exp7 1-531
2026-05-04 22:09:30,763 INFO o.a.j.t.JMeterThread: Stopping because end time detected by thread: Config 3: Exp7 1-544
2026-05-04 22:09:30,763 INFO o.a.j.t.JMeterThread: Thread finished: Config 3: Exp7 1-537
2026-05-04 22:09:30,765 INFO o.a.j.t.JMeterThread: Thread finished: Config 3: Exp7 1-531
2026-05-04 22:09:30,765 INFO o.a.j.t.JMeterThread: Thread finished: Config 3: Exp7 1-544
2026-05-04 22:09:30,763 INFO o.a.j.t.JMeterThread: Stopping because end time detected by thread: Config 3: Exp7 1-127
2026-05-04 22:09:30,763 INFO o.a.j.t.JMeterThread: Stopping because end time detected by thread: Config 3: Exp7 1-93
2026-05-04 22:09:30,765 INFO o.a.j.t.JMeterThread: Thread finished: Config 3: Exp7 1-127
2026-05-04 22:09:30,763 INFO o.a.j.t.JMeterThread: Stopping because end time detected by thread: Config 3: Exp7 1-107
2026-05-04 22:09:30,763 INFO o.a.j.t.JMeterThread: Thread finished: Config 3: Exp7 1-218
2026-05-04 22:09:30,765 INFO o.a.j.t.JMeterThread: Thread finished: Config 3: Exp7 1-107
2026-05-04 22:09:30,763 INFO o.a.j.t.JMeterThread: Thread finished: Config 3: Exp7 1-112
2026-05-04 22:09:30,765 INFO o.a.j.t.JMeterThread: Thread finished: Config 3: Exp7 1-93
2026-05-04 22:09:30,765 INFO o.a.j.t.JMeterThread: Thread finished: Config 3: Exp7 1-540
2026-05-04 22:09:30,765 INFO o.a.j.t.JMeterThread: Stopping because end time detected by thread: Config 3: Exp7 1-571
2026-05-04 22:09:30,765 INFO o.a.j.t.JMeterThread: Stopping because end time detected by thread: Config 3: Exp7 1-572
2026-05-04 22:09:30,765 INFO o.a.j.t.JMeterThread: Stopping because end time detected by thread: Config 3: Exp7 1-569
2026-05-04 22:09:30,765 INFO o.a.j.t.JMeterThread: Thread finished: Config 3: Exp7 1-571
2026-05-04 22:09:30,765 INFO o.a.j.t.JMeterThread: Thread finished: Config 3: Exp7 1-569
2026-05-04 22:09:30,765 INFO o.a.j.t.JMeterThread: Thread finished: Config 3: Exp7 1-572
2026-05-04 22:09:30,764 INFO o.a.j.t.JMeterThread: Stopping because end time detected by thread: Config 3: Exp7 1-566
2026-05-04 22:09:30,764 INFO o.a.j.t.JMeterThread: Stopping because end time detected by thread: Config 3: Exp7 1-570
2026-05-04 22:09:30,766 INFO o.a.j.t.JMeterThread: Thread finished: Config 3: Exp7 1-566
2026-05-04 22:09:30,766 INFO o.a.j.t.JMeterThread: Thread finished: Config 3: Exp7 1-545
2026-05-04 22:09:30,764 INFO o.a.j.t.JMeterThread: Stopping because end time detected by thread: Config 3: Exp7 1-567
2026-05-04 22:09:30,766 INFO o.a.j.t.JMeterThread: Thread finished: Config 3: Exp7 1-570
2026-05-04 22:09:30,764 INFO o.a.j.t.JMeterThread: Thread finished: Config 3: Exp7 1-564
2026-05-04 22:09:30,764 INFO o.a.j.t.JMeterThread: Thread finished: Config 3: Exp7 1-558
2026-05-04 22:09:30,764 INFO o.a.j.t.JMeterThread: Stopping because end time detected by thread: Config 3: Exp7 1-561
2026-05-04 22:09:30,764 INFO o.a.j.t.JMeterThread: Stopping because end time detected by thread: Config 3: Exp7 1-560
2026-05-04 22:09:30,764 INFO o.a.j.t.JMeterThread: Stopping because end time detected by thread: Config 3: Exp7 1-557
2026-05-04 22:09:30,766 INFO o.a.j.t.JMeterThread: Thread finished: Config 3: Exp7 1-560
2026-05-04 22:09:30,766 INFO o.a.j.t.JMeterThread: Thread finished: Config 3: Exp7 1-561
2026-05-04 22:09:30,764 INFO o.a.j.t.JMeterThread: Stopping because end time detected by thread: Config 3: Exp7 1-556
2026-05-04 22:09:30,766 INFO o.a.j.t.JMeterThread: Thread finished: Config 3: Exp7 1-556
2026-05-04 22:09:30,764 INFO o.a.j.t.JMeterThread: Stopping because end time detected by thread: Config 3: Exp7 1-553
2026-05-04 22:09:30,764 INFO o.a.j.t.JMeterThread: Stopping because end time detected by thread: Config 3: Exp7 1-552
2026-05-04 22:09:30,766 INFO o.a.j.t.JMeterThread: Thread finished: Config 3: Exp7 1-552
2026-05-04 22:09:30,766 INFO o.a.j.t.JMeterThread: Thread finished: Config 3: Exp7 1-553
2026-05-04 22:09:30,764 INFO o.a.j.t.JMeterThread: Stopping because end time detected by thread: Config 3: Exp7 1-551
2026-05-04 22:09:30,764 INFO o.a.j.t.JMeterThread: Stopping because end time detected by thread: Config 3: Exp7 1-550
2026-05-04 22:09:30,764 INFO o.a.j.t.JMeterThread: Stopping because end time detected by thread: Config 3: Exp7 1-549
2026-05-04 22:09:30,766 INFO o.a.j.t.JMeterThread: Thread finished: Config 3: Exp7 1-551
2026-05-04 22:09:30,766 INFO o.a.j.t.JMeterThread: Thread finished: Config 3: Exp7 1-555
2026-05-04 22:09:30,766 INFO o.a.j.t.JMeterThread: Thread finished: Config 3: Exp7 1-550
2026-05-04 22:09:30,766 INFO o.a.j.t.JMeterThread: Thread finished: Config 3: Exp7 1-557
2026-05-04 22:09:30,766 INFO o.a.j.t.JMeterThread: Thread finished: Config 3: Exp7 1-567
2026-05-04 22:09:30,767 INFO o.a.j.t.JMeterThread: Thread finished: Config 3: Exp7 1-549
2026-05-04 22:09:30,949 INFO o.a.j.t.JMeterThread: Stopping because end time detected by thread: Config 3: Exp7 1-440
2026-05-04 22:09:30,949 INFO o.a.j.t.JMeterThread: Thread finished: Config 3: Exp7 1-440
2026-05-04 22:09:30,949 INFO o.a.j.t.JMeterThread: Stopping because end time detected by thread: Config 3: Exp7 1-573
2026-05-04 22:09:30,949 INFO o.a.j.t.JMeterThread: Stopping because end time detected by thread: Config 3: Exp7 1-437
2026-05-04 22:09:30,949 INFO o.a.j.t.JMeterThread: Thread finished: Config 3: Exp7 1-573
2026-05-04 22:09:30,949 INFO o.a.j.t.JMeterThread: Thread finished: Config 3: Exp7 1-437
2026-05-04 22:09:30,949 INFO o.a.j.t.JMeterThread: Stopping because end time detected by thread: Config 3: Exp7 1-439
2026-05-04 22:09:30,949 INFO o.a.j.t.JMeterThread: Thread finished: Config 3: Exp7 1-439
2026-05-04 22:09:30,956 INFO o.a.j.t.JMeterThread: Stopping because end time detected by thread: Config 3: Exp7 1-443
2026-05-04 22:09:30,956 INFO o.a.j.t.JMeterThread: Stopping because end time detected by thread: Config 3: Exp7 1-287
2026-05-04 22:09:30,956 INFO o.a.j.t.JMeterThread: Stopping because end time detected by thread: Config 3: Exp7 1-282
2026-05-04 22:09:30,956 INFO o.a.j.t.JMeterThread: Thread finished: Config 3: Exp7 1-443
2026-05-04 22:09:30,956 INFO o.a.j.t.JMeterThread: Stopping because end time detected by thread: Config 3: Exp7 1-285
2026-05-04 22:09:30,956 INFO o.a.j.t.JMeterThread: Stopping because end time detected by thread: Config 3: Exp7 1-222
2026-05-04 22:09:30,956 INFO o.a.j.t.JMeterThread: Stopping because end time detected by thread: Config 3: Exp7 1-77
2026-05-04 22:09:30,956 INFO o.a.j.t.JMeterThread: Stopping because end time detected by thread: Config 3: Exp7 1-286
2026-05-04 22:09:30,956 INFO o.a.j.t.JMeterThread: Stopping because end time detected by thread: Config 3: Exp7 1-448
2026-05-04 22:09:30,957 INFO o.a.j.t.JMeterThread: Stopping because end time detected by thread: Config 3: Exp7 1-19
2026-05-04 22:09:30,957 INFO o.a.j.t.JMeterThread: Thread finished: Config 3: Exp7 1-448
2026-05-04 22:09:30,956 INFO o.a.j.t.JMeterThread: Stopping because end time detected by thread: Config 3: Exp7 1-290
2026-05-04 22:09:30,957 INFO o.a.j.t.JMeterThread: Stopping because end time detected by thread: Config 3: Exp7 1-38
2026-05-04 22:09:30,957 INFO o.a.j.t.JMeterThread: Stopping because end time detected by thread: Config 3: Exp7 1-165
2026-05-04 22:09:30,957 INFO o.a.j.t.JMeterThread: Thread finished: Config 3: Exp7 1-19
2026-05-04 22:09:30,957 INFO o.a.j.t.JMeterThread: Stopping because end time detected by thread: Config 3: Exp7 1-182
2026-05-04 22:09:30,957 INFO o.a.j.t.JMeterThread: Thread finished: Config 3: Exp7 1-38
2026-05-04 22:09:30,957 INFO o.a.j.t.JMeterThread: Stopping because end time detected by thread: Config 3: Exp7 1-39
2026-05-04 22:09:30,957 INFO o.a.j.t.JMeterThread: Stopping because end time detected by thread: Config 3: Exp7 1-113
2026-05-04 22:09:30,957 INFO o.a.j.t.JMeterThread: Stopping because end time detected by thread: Config 3: Exp7 1-60
2026-05-04 22:09:30,957 INFO o.a.j.t.JMeterThread: Thread finished: Config 3: Exp7 1-113
2026-05-04 22:09:30,957 INFO o.a.j.t.JMeterThread: Stopping because end time detected by thread: Config 3: Exp7 1-135
2026-05-04 22:09:30,957 INFO o.a.j.t.JMeterThread: Stopping because end time detected by thread: Config 3: Exp7 1-212
2026-05-04 22:09:30,957 INFO o.a.j.t.JMeterThread: Stopping because end time detected by thread: Config 3: Exp7 1-574
2026-05-04 22:09:30,957 INFO o.a.j.t.JMeterThread: Stopping because end time detected by thread: Config 3: Exp7 1-362
2026-05-04 22:09:30,957 INFO o.a.j.t.JMeterThread: Thread finished: Config 3: Exp7 1-212
2026-05-04 22:09:30,957 INFO o.a.j.t.JMeterThread: Thread finished: Config 3: Exp7 1-574
2026-05-04 22:09:30,957 INFO o.a.j.t.JMeterThread: Stopping because end time detected by thread: Config 3: Exp7 1-115
2026-05-04 22:09:30,957 INFO o.a.j.t.JMeterThread: Stopping because end time detected by thread: Config 3: Exp7 1-283
2026-05-04 22:09:30,957 INFO o.a.j.t.JMeterThread: Stopping because end time detected by thread: Config 3: Exp7 1-447
2026-05-04 22:09:30,957 INFO o.a.j.t.JMeterThread: Thread finished: Config 3: Exp7 1-283
2026-05-04 22:09:30,956 INFO o.a.j.t.JMeterThread: Stopping because end time detected by thread: Config 3: Exp7 1-364
2026-05-04 22:09:30,957 INFO o.a.j.t.JMeterThread: Thread finished: Config 3: Exp7 1-447
2026-05-04 22:09:30,956 INFO o.a.j.t.JMeterThread: Stopping because end time detected by thread: Config 3: Exp7 1-441
2026-05-04 22:09:30,957 INFO o.a.j.t.JMeterThread: Stopping because end time detected by thread: Config 3: Exp7 1-438
2026-05-04 22:09:30,957 INFO o.a.j.t.JMeterThread: Thread finished: Config 3: Exp7 1-364
2026-05-04 22:09:30,957 INFO o.a.j.t.JMeterThread: Thread finished: Config 3: Exp7 1-438
2026-05-04 22:09:30,957 INFO o.a.j.t.JMeterThread: Stopping because end time detected by thread: Config 3: Exp7 1-75
2026-05-04 22:09:30,957 INFO o.a.j.t.JMeterThread: Stopping because end time detected by thread: Config 3: Exp7 1-177
2026-05-04 22:09:30,957 INFO o.a.j.t.JMeterThread: Stopping because end time detected by thread: Config 3: Exp7 1-50
2026-05-04 22:09:30,956 INFO o.a.j.t.JMeterThread: Stopping because end time detected by thread: Config 3: Exp7 1-291
2026-05-04 22:09:30,956 INFO o.a.j.t.JMeterThread: Stopping because end time detected by thread: Config 3: Exp7 1-288
2026-05-04 22:09:30,957 INFO o.a.j.t.JMeterThread: Thread finished: Config 3: Exp7 1-50
2026-05-04 22:09:30,956 INFO o.a.j.t.JMeterThread: Stopping because end time detected by thread: Config 3: Exp7 1-289
2026-05-04 22:09:30,957 INFO o.a.j.t.JMeterThread: Stopping because end time detected by thread: Config 3: Exp7 1-220
2026-05-04 22:09:30,957 INFO o.a.j.t.JMeterThread: Thread finished: Config 3: Exp7 1-288
2026-05-04 22:09:30,957 INFO o.a.j.t.JMeterThread: Thread finished: Config 3: Exp7 1-289
2026-05-04 22:09:30,956 INFO o.a.j.t.JMeterThread: Stopping because end time detected by thread: Config 3: Exp7 1-132
2026-05-04 22:09:30,956 INFO o.a.j.t.JMeterThread: Stopping because end time detected by thread: Config 3: Exp7 1-452
2026-05-04 22:09:30,956 INFO o.a.j.t.JMeterThread: Stopping because end time detected by thread: Config 3: Exp7 1-31
2026-05-04 22:09:30,957 INFO o.a.j.t.JMeterThread: Thread finished: Config 3: Exp7 1-132
2026-05-04 22:09:30,957 INFO o.a.j.t.JMeterThread: Stopping because end time detected by thread: Config 3: Exp7 1-455
2026-05-04 22:09:30,957 INFO o.a.j.t.JMeterThread: Stopping because end time detected by thread: Config 3: Exp7 1-221
2026-05-04 22:09:30,958 INFO o.a.j.t.JMeterThread: Thread finished: Config 3: Exp7 1-455
2026-05-04 22:09:30,958 INFO o.a.j.t.JMeterThread: Stopping because end time detected by thread: Config 3: Exp7 1-305
2026-05-04 22:09:30,958 INFO o.a.j.t.JMeterThread: Thread finished: Config 3: Exp7 1-31
2026-05-04 22:09:30,958 INFO o.a.j.t.JMeterThread: Thread finished: Config 3: Exp7 1-305
2026-05-04 22:09:30,958 INFO o.a.j.t.JMeterThread: Stopping because end time detected by thread: Config 3: Exp7 1-446
2026-05-04 22:09:30,958 INFO o.a.j.t.JMeterThread: Thread finished: Config 3: Exp7 1-446
2026-05-04 22:09:30,958 INFO o.a.j.t.JMeterThread: Stopping because end time detected by thread: Config 3: Exp7 1-363
2026-05-04 22:09:30,957 INFO o.a.j.t.JMeterThread: Stopping because end time detected by thread: Config 3: Exp7 1-365
2026-05-04 22:09:30,958 INFO o.a.j.t.JMeterThread: Thread finished: Config 3: Exp7 1-363
2026-05-04 22:09:30,958 INFO o.a.j.t.JMeterThread: Stopping because end time detected by thread: Config 3: Exp7 1-366
2026-05-04 22:09:30,957 INFO o.a.j.t.JMeterThread: Stopping because end time detected by thread: Config 3: Exp7 1-129
2026-05-04 22:09:30,958 INFO o.a.j.t.JMeterThread: Thread finished: Config 3: Exp7 1-129
2026-05-04 22:09:30,957 INFO o.a.j.t.JMeterThread: Stopping because end time detected by thread: Config 3: Exp7 1-576
2026-05-04 22:09:30,957 INFO o.a.j.t.JMeterThread: Stopping because end time detected by thread: Config 3: Exp7 1-456
2026-05-04 22:09:30,958 INFO o.a.j.t.JMeterThread: Thread finished: Config 3: Exp7 1-576
2026-05-04 22:09:30,957 INFO o.a.j.t.JMeterThread: Thread finished: Config 3: Exp7 1-177
2026-05-04 22:09:30,958 INFO o.a.j.t.JMeterThread: Thread finished: Config 3: Exp7 1-456
2026-05-04 22:09:30,957 INFO o.a.j.t.JMeterThread: Thread finished: Config 3: Exp7 1-75
2026-05-04 22:09:30,957 INFO o.a.j.t.JMeterThread: Stopping because end time detected by thread: Config 3: Exp7 1-180
2026-05-04 22:09:30,957 INFO o.a.j.t.JMeterThread: Stopping because end time detected by thread: Config 3: Exp7 1-442
2026-05-04 22:09:30,957 INFO o.a.j.t.JMeterThread: Stopping because end time detected by thread: Config 3: Exp7 1-280
2026-05-04 22:09:30,958 INFO o.a.j.t.JMeterThread: Thread finished: Config 3: Exp7 1-442
2026-05-04 22:09:30,958 INFO o.a.j.t.JMeterThread: Thread finished: Config 3: Exp7 1-280
2026-05-04 22:09:30,957 INFO o.a.j.t.JMeterThread: Thread finished: Config 3: Exp7 1-115
2026-05-04 22:09:30,958 INFO o.a.j.t.JMeterThread: Thread finished: Config 3: Exp7 1-180
2026-05-04 22:09:30,957 INFO o.a.j.t.JMeterThread: Stopping because end time detected by thread: Config 3: Exp7 1-281
2026-05-04 22:09:30,957 INFO o.a.j.t.JMeterThread: Thread finished: Config 3: Exp7 1-362
2026-05-04 22:09:30,957 INFO o.a.j.t.JMeterThread: Thread finished: Config 3: Exp7 1-135
2026-05-04 22:09:30,957 INFO o.a.j.t.JMeterThread: Thread finished: Config 3: Exp7 1-60
2026-05-04 22:09:30,957 INFO o.a.j.t.JMeterThread: Stopping because end time detected by thread: Config 3: Exp7 1-181
2026-05-04 22:09:30,958 INFO o.a.j.t.JMeterThread: Thread finished: Config 3: Exp7 1-281
2026-05-04 22:09:30,957 INFO o.a.j.t.JMeterThread: Stopping because end time detected by thread: Config 3: Exp7 1-575
2026-05-04 22:09:30,957 INFO o.a.j.t.JMeterThread: Thread finished: Config 3: Exp7 1-39
2026-05-04 22:09:30,957 INFO o.a.j.t.JMeterThread: Stopping because end time detected by thread: Config 3: Exp7 1-284
2026-05-04 22:09:30,959 INFO o.a.j.t.JMeterThread: Thread finished: Config 3: Exp7 1-575
2026-05-04 22:09:30,957 INFO o.a.j.t.JMeterThread: Stopping because end time detected by thread: Config 3: Exp7 1-37
2026-05-04 22:09:30,959 INFO o.a.j.t.JMeterThread: Thread finished: Config 3: Exp7 1-284
2026-05-04 22:09:30,957 INFO o.a.j.t.JMeterThread: Stopping because end time detected by thread: Config 3: Exp7 1-41
2026-05-04 22:09:30,959 INFO o.a.j.t.JMeterThread: Thread finished: Config 3: Exp7 1-37
2026-05-04 22:09:30,957 INFO o.a.j.t.JMeterThread: Stopping because end time detected by thread: Config 3: Exp7 1-454
2026-05-04 22:09:30,957 INFO o.a.j.t.JMeterThread: Thread finished: Config 3: Exp7 1-182
2026-05-04 22:09:30,959 INFO o.a.j.t.JMeterThread: Thread finished: Config 3: Exp7 1-41
2026-05-04 22:09:30,957 INFO o.a.j.t.JMeterThread: Thread finished: Config 3: Exp7 1-165
2026-05-04 22:09:30,959 INFO o.a.j.t.JMeterThread: Thread finished: Config 3: Exp7 1-454
2026-05-04 22:09:30,957 INFO o.a.j.t.JMeterThread: Stopping because end time detected by thread: Config 3: Exp7 1-34
2026-05-04 22:09:30,957 INFO o.a.j.t.JMeterThread: Stopping because end time detected by thread: Config 3: Exp7 1-15
2026-05-04 22:09:30,957 INFO o.a.j.t.JMeterThread: Stopping because end time detected by thread: Config 3: Exp7 1-18
2026-05-04 22:09:30,957 INFO o.a.j.t.JMeterThread: Thread finished: Config 3: Exp7 1-222
2026-05-04 22:09:30,957 INFO o.a.j.t.JMeterThread: Stopping because end time detected by thread: Config 3: Exp7 1-306
2026-05-04 22:09:30,959 INFO o.a.j.t.JMeterThread: Thread finished: Config 3: Exp7 1-18
2026-05-04 22:09:30,959 INFO o.a.j.t.JMeterThread: Thread finished: Config 3: Exp7 1-306
2026-05-04 22:09:30,957 INFO o.a.j.t.JMeterThread: Thread finished: Config 3: Exp7 1-77
2026-05-04 22:09:30,956 INFO o.a.j.t.JMeterThread: Stopping because end time detected by thread: Config 3: Exp7 1-76
2026-05-04 22:09:30,959 INFO o.a.j.t.JMeterThread: Thread finished: Config 3: Exp7 1-76
2026-05-04 22:09:30,959 INFO o.a.j.t.JMeterThread: Thread finished: Config 3: Exp7 1-286
2026-05-04 22:09:30,956 INFO o.a.j.t.JMeterThread: Stopping because end time detected by thread: Config 3: Exp7 1-69
2026-05-04 22:09:30,956 INFO o.a.j.t.JMeterThread: Stopping because end time detected by thread: Config 3: Exp7 1-307
2026-05-04 22:09:30,956 INFO o.a.j.t.JMeterThread: Stopping because end time detected by thread: Config 3: Exp7 1-449
2026-05-04 22:09:30,956 INFO o.a.j.t.JMeterThread: Stopping because end time detected by thread: Config 3: Exp7 1-445
2026-05-04 22:09:30,959 INFO o.a.j.t.JMeterThread: Thread finished: Config 3: Exp7 1-69
2026-05-04 22:09:30,959 INFO o.a.j.t.JMeterThread: Thread finished: Config 3: Exp7 1-449
2026-05-04 22:09:30,956 INFO o.a.j.t.JMeterThread: Stopping because end time detected by thread: Config 3: Exp7 1-450
2026-05-04 22:09:30,959 INFO o.a.j.t.JMeterThread: Thread finished: Config 3: Exp7 1-445
2026-05-04 22:09:30,956 INFO o.a.j.t.JMeterThread: Thread finished: Config 3: Exp7 1-287
2026-05-04 22:09:30,956 INFO o.a.j.t.JMeterThread: Stopping because end time detected by thread: Config 3: Exp7 1-114
2026-05-04 22:09:30,956 INFO o.a.j.t.JMeterThread: Stopping because end time detected by thread: Config 3: Exp7 1-303
2026-05-04 22:09:30,956 INFO o.a.j.t.JMeterThread: Thread finished: Config 3: Exp7 1-282
2026-05-04 22:09:30,956 INFO o.a.j.t.JMeterThread: Stopping because end time detected by thread: Config 3: Exp7 1-451
2026-05-04 22:09:30,956 INFO o.a.j.t.JMeterThread: Stopping because end time detected by thread: Config 3: Exp7 1-453
2026-05-04 22:09:30,960 INFO o.a.j.t.JMeterThread: Thread finished: Config 3: Exp7 1-285
2026-05-04 22:09:30,960 INFO o.a.j.t.JMeterThread: Thread finished: Config 3: Exp7 1-303
2026-05-04 22:09:30,960 INFO o.a.j.t.JMeterThread: Thread finished: Config 3: Exp7 1-453
2026-05-04 22:09:30,960 INFO o.a.j.t.JMeterThread: Thread finished: Config 3: Exp7 1-114
2026-05-04 22:09:30,959 INFO o.a.j.t.JMeterThread: Thread finished: Config 3: Exp7 1-450
2026-05-04 22:09:30,959 INFO o.a.j.t.JMeterThread: Thread finished: Config 3: Exp7 1-307
2026-05-04 22:09:30,959 INFO o.a.j.t.JMeterThread: Thread finished: Config 3: Exp7 1-15
2026-05-04 22:09:30,959 INFO o.a.j.t.JMeterThread: Thread finished: Config 3: Exp7 1-290
2026-05-04 22:09:30,959 INFO o.a.j.t.JMeterThread: Thread finished: Config 3: Exp7 1-34
2026-05-04 22:09:30,958 INFO o.a.j.t.JMeterThread: Thread finished: Config 3: Exp7 1-441
2026-05-04 22:09:30,960 INFO o.a.j.t.JMeterThread: Thread finished: Config 3: Exp7 1-181
2026-05-04 22:09:30,958 INFO o.a.j.t.JMeterThread: Thread finished: Config 3: Exp7 1-291
2026-05-04 22:09:30,958 INFO o.a.j.t.JMeterThread: Stopping because end time detected by thread: Config 3: Exp7 1-436
2026-05-04 22:09:30,960 INFO o.a.j.t.JMeterThread: Thread finished: Config 3: Exp7 1-436
2026-05-04 22:09:30,958 INFO o.a.j.t.JMeterThread: Thread finished: Config 3: Exp7 1-366
2026-05-04 22:09:30,958 INFO o.a.j.t.JMeterThread: Thread finished: Config 3: Exp7 1-220
2026-05-04 22:09:30,958 INFO o.a.j.t.JMeterThread: Stopping because end time detected by thread: Config 3: Exp7 1-444
2026-05-04 22:09:30,958 INFO o.a.j.t.JMeterThread: Stopping because end time detected by thread: Config 3: Exp7 1-304
2026-05-04 22:09:30,958 INFO o.a.j.t.JMeterThread: Stopping because end time detected by thread: Config 3: Exp7 1-308
2026-05-04 22:09:30,961 INFO o.a.j.t.JMeterThread: Thread finished: Config 3: Exp7 1-444
2026-05-04 22:09:30,961 INFO o.a.j.t.JMeterThread: Thread finished: Config 3: Exp7 1-365
2026-05-04 22:09:30,961 INFO o.a.j.t.JMeterThread: Thread finished: Config 3: Exp7 1-304
2026-05-04 22:09:30,958 INFO o.a.j.t.JMeterThread: Thread finished: Config 3: Exp7 1-221
2026-05-04 22:09:30,961 INFO o.a.j.t.JMeterThread: Thread finished: Config 3: Exp7 1-308
2026-05-04 22:09:30,957 INFO o.a.j.t.JMeterThread: Thread finished: Config 3: Exp7 1-452
2026-05-04 22:09:30,960 INFO o.a.j.t.JMeterThread: Thread finished: Config 3: Exp7 1-451
2026-05-04 22:09:31,564 INFO o.a.j.t.JMeterThread: Stopping because end time detected by thread: Config 3: Exp7 1-92
2026-05-04 22:09:31,564 INFO o.a.j.t.JMeterThread: Stopping because end time detected by thread: Config 3: Exp7 1-179
2026-05-04 22:09:31,564 INFO o.a.j.t.JMeterThread: Stopping because end time detected by thread: Config 3: Exp7 1-96
2026-05-04 22:09:31,564 INFO o.a.j.t.JMeterThread: Stopping because end time detected by thread: Config 3: Exp7 1-579
2026-05-04 22:09:31,564 INFO o.a.j.t.JMeterThread: Thread finished: Config 3: Exp7 1-579
2026-05-04 22:09:31,564 INFO o.a.j.t.JMeterThread: Stopping because end time detected by thread: Config 3: Exp7 1-72
2026-05-04 22:09:31,564 INFO o.a.j.t.JMeterThread: Stopping because end time detected by thread: Config 3: Exp7 1-144
2026-05-04 22:09:31,564 INFO o.a.j.t.JMeterThread: Thread finished: Config 3: Exp7 1-144
2026-05-04 22:09:31,564 INFO o.a.j.t.JMeterThread: Stopping because end time detected by thread: Config 3: Exp7 1-118
2026-05-04 22:09:31,564 INFO o.a.j.t.JMeterThread: Thread finished: Config 3: Exp7 1-118
2026-05-04 22:09:31,564 INFO o.a.j.t.JMeterThread: Stopping because end time detected by thread: Config 3: Exp7 1-147
2026-05-04 22:09:31,564 INFO o.a.j.t.JMeterThread: Stopping because end time detected by thread: Config 3: Exp7 1-73
2026-05-04 22:09:31,564 INFO o.a.j.t.JMeterThread: Thread finished: Config 3: Exp7 1-73
2026-05-04 22:09:31,564 INFO o.a.j.t.JMeterThread: Stopping because end time detected by thread: Config 3: Exp7 1-146
2026-05-04 22:09:31,564 INFO o.a.j.t.JMeterThread: Stopping because end time detected by thread: Config 3: Exp7 1-580
2026-05-04 22:09:31,564 INFO o.a.j.t.JMeterThread: Stopping because end time detected by thread: Config 3: Exp7 1-578
2026-05-04 22:09:31,565 INFO o.a.j.t.JMeterThread: Thread finished: Config 3: Exp7 1-580
2026-05-04 22:09:31,565 INFO o.a.j.t.JMeterThread: Thread finished: Config 3: Exp7 1-578
2026-05-04 22:09:31,564 INFO o.a.j.t.JMeterThread: Stopping because end time detected by thread: Config 3: Exp7 1-95
2026-05-04 22:09:31,565 INFO o.a.j.t.JMeterThread: Thread finished: Config 3: Exp7 1-95
2026-05-04 22:09:31,564 INFO o.a.j.t.JMeterThread: Stopping because end time detected by thread: Config 3: Exp7 1-183
2026-05-04 22:09:31,564 INFO o.a.j.t.JMeterThread: Stopping because end time detected by thread: Config 3: Exp7 1-577
2026-05-04 22:09:31,564 INFO o.a.j.t.JMeterThread: Stopping because end time detected by thread: Config 3: Exp7 1-178
2026-05-04 22:09:31,565 INFO o.a.j.t.JMeterThread: Thread finished: Config 3: Exp7 1-577
2026-05-04 22:09:31,565 INFO o.a.j.t.JMeterThread: Thread finished: Config 3: Exp7 1-178
2026-05-04 22:09:31,564 INFO o.a.j.t.JMeterThread: Stopping because end time detected by thread: Config 3: Exp7 1-581
2026-05-04 22:09:31,565 INFO o.a.j.t.JMeterThread: Thread finished: Config 3: Exp7 1-183
2026-05-04 22:09:31,565 INFO o.a.j.t.JMeterThread: Thread finished: Config 3: Exp7 1-581
2026-05-04 22:09:31,565 INFO o.a.j.t.JMeterThread: Thread finished: Config 3: Exp7 1-146
2026-05-04 22:09:31,564 INFO o.a.j.t.JMeterThread: Thread finished: Config 3: Exp7 1-147
2026-05-04 22:09:31,564 INFO o.a.j.t.JMeterThread: Thread finished: Config 3: Exp7 1-72
2026-05-04 22:09:31,564 INFO o.a.j.t.JMeterThread: Thread finished: Config 3: Exp7 1-96
2026-05-04 22:09:31,564 INFO o.a.j.t.JMeterThread: Thread finished: Config 3: Exp7 1-92
2026-05-04 22:09:31,564 INFO o.a.j.t.JMeterThread: Thread finished: Config 3: Exp7 1-179
2026-05-04 22:09:37,707 INFO o.a.j.t.JMeterThread: Stopping because end time detected by thread: Config 3: Exp7 1-590
2026-05-04 22:09:37,707 INFO o.a.j.t.JMeterThread: Stopping because end time detected by thread: Config 3: Exp7 1-582
2026-05-04 22:09:37,707 INFO o.a.j.t.JMeterThread: Thread finished: Config 3: Exp7 1-582
2026-05-04 22:09:37,707 INFO o.a.j.t.JMeterThread: Stopping because end time detected by thread: Config 3: Exp7 1-584
2026-05-04 22:09:37,708 INFO o.a.j.t.JMeterThread: Thread finished: Config 3: Exp7 1-584
2026-05-04 22:09:37,707 INFO o.a.j.t.JMeterThread: Stopping because end time detected by thread: Config 3: Exp7 1-583
2026-05-04 22:09:37,707 INFO o.a.j.t.JMeterThread: Thread finished: Config 3: Exp7 1-590
2026-05-04 22:09:37,708 INFO o.a.j.t.JMeterThread: Stopping because end time detected by thread: Config 3: Exp7 1-3
2026-05-04 22:09:37,708 INFO o.a.j.t.JMeterThread: Stopping because end time detected by thread: Config 3: Exp7 1-67
2026-05-04 22:09:37,708 INFO o.a.j.t.JMeterThread: Stopping because end time detected by thread: Config 3: Exp7 1-586
2026-05-04 22:09:37,708 INFO o.a.j.t.JMeterThread: Thread finished: Config 3: Exp7 1-67
2026-05-04 22:09:37,708 INFO o.a.j.t.JMeterThread: Thread finished: Config 3: Exp7 1-586
2026-05-04 22:09:37,708 INFO o.a.j.t.JMeterThread: Stopping because end time detected by thread: Config 3: Exp7 1-293
2026-05-04 22:09:37,708 INFO o.a.j.t.JMeterThread: Stopping because end time detected by thread: Config 3: Exp7 1-390
2026-05-04 22:09:37,708 INFO o.a.j.t.JMeterThread: Stopping because end time detected by thread: Config 3: Exp7 1-124
2026-05-04 22:09:37,708 INFO o.a.j.t.JMeterThread: Stopping because end time detected by thread: Config 3: Exp7 1-252
2026-05-04 22:09:37,708 INFO o.a.j.t.JMeterThread: Stopping because end time detected by thread: Config 3: Exp7 1-367
2026-05-04 22:09:37,708 INFO o.a.j.t.JMeterThread: Thread finished: Config 3: Exp7 1-124
2026-05-04 22:09:37,708 INFO o.a.j.t.JMeterThread: Thread finished: Config 3: Exp7 1-367
2026-05-04 22:09:37,708 INFO o.a.j.t.JMeterThread: Thread finished: Config 3: Exp7 1-583
2026-05-04 22:09:37,708 INFO o.a.j.t.JMeterThread: Thread finished: Config 3: Exp7 1-252
2026-05-04 22:09:37,708 INFO o.a.j.t.JMeterThread: Stopping because end time detected by thread: Config 3: Exp7 1-7
2026-05-04 22:09:37,708 INFO o.a.j.t.JMeterThread: Stopping because end time detected by thread: Config 3: Exp7 1-302
2026-05-04 22:09:37,708 INFO o.a.j.t.JMeterThread: Stopping because end time detected by thread: Config 3: Exp7 1-102
2026-05-04 22:09:37,708 INFO o.a.j.t.JMeterThread: Stopping because end time detected by thread: Config 3: Exp7 1-300
2026-05-04 22:09:37,708 INFO o.a.j.t.JMeterThread: Thread finished: Config 3: Exp7 1-102
2026-05-04 22:09:37,708 INFO o.a.j.t.JMeterThread: Stopping because end time detected by thread: Config 3: Exp7 1-591
2026-05-04 22:09:37,708 INFO o.a.j.t.JMeterThread: Thread finished: Config 3: Exp7 1-300
2026-05-04 22:09:37,708 INFO o.a.j.t.JMeterThread: Stopping because end time detected by thread: Config 3: Exp7 1-24
2026-05-04 22:09:37,709 INFO o.a.j.t.JMeterThread: Stopping because end time detected by thread: Config 3: Exp7 1-49
2026-05-04 22:09:37,709 INFO o.a.j.t.JMeterThread: Thread finished: Config 3: Exp7 1-49
2026-05-04 22:09:37,709 INFO o.a.j.t.JMeterThread: Stopping because end time detected by thread: Config 3: Exp7 1-592
2026-05-04 22:09:37,708 INFO o.a.j.t.JMeterThread: Thread finished: Config 3: Exp7 1-293
2026-05-04 22:09:37,708 INFO o.a.j.t.JMeterThread: Thread finished: Config 3: Exp7 1-390
2026-05-04 22:09:37,708 INFO o.a.j.t.JMeterThread: Stopping because end time detected by thread: Config 3: Exp7 1-292
2026-05-04 22:09:37,708 INFO o.a.j.t.JMeterThread: Stopping because end time detected by thread: Config 3: Exp7 1-587
2026-05-04 22:09:37,709 INFO o.a.j.t.JMeterThread: Stopping because end time detected by thread: Config 3: Exp7 1-78
2026-05-04 22:09:37,708 INFO o.a.j.t.JMeterThread: Stopping because end time detected by thread: Config 3: Exp7 1-588
2026-05-04 22:09:37,708 INFO o.a.j.t.JMeterThread: Stopping because end time detected by thread: Config 3: Exp7 1-585
2026-05-04 22:09:37,709 INFO o.a.j.t.JMeterThread: Thread finished: Config 3: Exp7 1-78
2026-05-04 22:09:37,709 INFO o.a.j.t.JMeterThread: Thread finished: Config 3: Exp7 1-588
2026-05-04 22:09:37,708 INFO o.a.j.t.JMeterThread: Thread finished: Config 3: Exp7 1-3
2026-05-04 22:09:37,709 INFO o.a.j.t.JMeterThread: Stopping because end time detected by thread: Config 3: Exp7 1-44
2026-05-04 22:09:37,709 INFO o.a.j.t.JMeterThread: Thread finished: Config 3: Exp7 1-44
2026-05-04 22:09:37,709 INFO o.a.j.t.JMeterThread: Thread finished: Config 3: Exp7 1-592
2026-05-04 22:09:37,709 INFO o.a.j.t.JMeterThread: Thread finished: Config 3: Exp7 1-587
2026-05-04 22:09:37,709 INFO o.a.j.t.JMeterThread: Thread finished: Config 3: Exp7 1-24
2026-05-04 22:09:37,708 INFO o.a.j.t.JMeterThread: Stopping because end time detected by thread: Config 3: Exp7 1-379
2026-05-04 22:09:37,708 INFO o.a.j.t.JMeterThread: Thread finished: Config 3: Exp7 1-591
2026-05-04 22:09:37,708 INFO o.a.j.t.JMeterThread: Stopping because end time detected by thread: Config 3: Exp7 1-68
2026-05-04 22:09:37,708 INFO o.a.j.t.JMeterThread: Thread finished: Config 3: Exp7 1-7
2026-05-04 22:09:37,709 INFO o.a.j.t.JMeterThread: Thread finished: Config 3: Exp7 1-68
2026-05-04 22:09:37,708 INFO o.a.j.t.JMeterThread: Stopping because end time detected by thread: Config 3: Exp7 1-604
2026-05-04 22:09:37,708 INFO o.a.j.t.JMeterThread: Stopping because end time detected by thread: Config 3: Exp7 1-311
2026-05-04 22:09:37,709 INFO o.a.j.t.JMeterThread: Thread finished: Config 3: Exp7 1-302
2026-05-04 22:09:37,708 INFO o.a.j.t.JMeterThread: Stopping because end time detected by thread: Config 3: Exp7 1-45
2026-05-04 22:09:37,708 INFO o.a.j.t.JMeterThread: Stopping because end time detected by thread: Config 3: Exp7 1-83
2026-05-04 22:09:37,708 INFO o.a.j.t.JMeterThread: Stopping because end time detected by thread: Config 3: Exp7 1-589
2026-05-04 22:09:37,709 INFO o.a.j.t.JMeterThread: Thread finished: Config 3: Exp7 1-45
2026-05-04 22:09:37,709 INFO o.a.j.t.JMeterThread: Thread finished: Config 3: Exp7 1-83
2026-05-04 22:09:37,709 INFO o.a.j.t.JMeterThread: Thread finished: Config 3: Exp7 1-604
2026-05-04 22:09:37,709 INFO o.a.j.t.JMeterThread: Thread finished: Config 3: Exp7 1-379
2026-05-04 22:09:37,709 INFO o.a.j.t.JMeterThread: Thread finished: Config 3: Exp7 1-292
2026-05-04 22:09:37,709 INFO o.a.j.t.JMeterThread: Thread finished: Config 3: Exp7 1-585
2026-05-04 22:09:37,710 INFO o.a.j.t.JMeterThread: Stopping because end time detected by thread: Config 3: Exp7 1-511
2026-05-04 22:09:37,710 INFO o.a.j.t.JMeterThread: Thread finished: Config 3: Exp7 1-511
2026-05-04 22:09:37,710 INFO o.a.j.t.JMeterThread: Thread finished: Config 3: Exp7 1-311
2026-05-04 22:09:37,710 INFO o.a.j.t.JMeterThread: Thread finished: Config 3: Exp7 1-589
2026-05-04 22:09:37,710 INFO o.a.j.t.JMeterThread: Stopping because end time detected by thread: Config 3: Exp7 1-346
2026-05-04 22:09:37,710 INFO o.a.j.t.JMeterThread: Stopping because end time detected by thread: Config 3: Exp7 1-99
2026-05-04 22:09:37,710 INFO o.a.j.t.JMeterThread: Stopping because end time detected by thread: Config 3: Exp7 1-234
2026-05-04 22:09:37,710 INFO o.a.j.t.JMeterThread: Stopping because end time detected by thread: Config 3: Exp7 1-512
2026-05-04 22:09:37,710 INFO o.a.j.t.JMeterThread: Thread finished: Config 3: Exp7 1-346
2026-05-04 22:09:37,710 INFO o.a.j.t.JMeterThread: Stopping because end time detected by thread: Config 3: Exp7 1-185
2026-05-04 22:09:37,710 INFO o.a.j.t.JMeterThread: Thread finished: Config 3: Exp7 1-512
2026-05-04 22:09:37,710 INFO o.a.j.t.JMeterThread: Thread finished: Config 3: Exp7 1-185
2026-05-04 22:09:37,710 INFO o.a.j.t.JMeterThread: Stopping because end time detected by thread: Config 3: Exp7 1-140
2026-05-04 22:09:37,710 INFO o.a.j.t.JMeterThread: Stopping because end time detected by thread: Config 3: Exp7 1-315
2026-05-04 22:09:37,710 INFO o.a.j.t.JMeterThread: Stopping because end time detected by thread: Config 3: Exp7 1-349
2026-05-04 22:09:37,710 INFO o.a.j.t.JMeterThread: Stopping because end time detected by thread: Config 3: Exp7 1-314
2026-05-04 22:09:37,710 INFO o.a.j.t.JMeterThread: Stopping because end time detected by thread: Config 3: Exp7 1-313
2026-05-04 22:09:37,710 INFO o.a.j.t.JMeterThread: Thread finished: Config 3: Exp7 1-349
2026-05-04 22:09:37,710 INFO o.a.j.t.JMeterThread: Thread finished: Config 3: Exp7 1-314
2026-05-04 22:09:37,710 INFO o.a.j.t.JMeterThread: Thread finished: Config 3: Exp7 1-315
2026-05-04 22:09:37,710 INFO o.a.j.t.JMeterThread: Thread finished: Config 3: Exp7 1-313
2026-05-04 22:09:37,710 INFO o.a.j.t.JMeterThread: Stopping because end time detected by thread: Config 3: Exp7 1-347
2026-05-04 22:09:37,710 INFO o.a.j.t.JMeterThread: Stopping because end time detected by thread: Config 3: Exp7 1-351
2026-05-04 22:09:37,710 INFO o.a.j.t.JMeterThread: Stopping because end time detected by thread: Config 3: Exp7 1-516
2026-05-04 22:09:37,710 INFO o.a.j.t.JMeterThread: Thread finished: Config 3: Exp7 1-347
2026-05-04 22:09:37,710 INFO o.a.j.t.JMeterThread: Stopping because end time detected by thread: Config 3: Exp7 1-398
2026-05-04 22:09:37,710 INFO o.a.j.t.JMeterThread: Thread finished: Config 3: Exp7 1-351
2026-05-04 22:09:37,710 INFO o.a.j.t.JMeterThread: Thread finished: Config 3: Exp7 1-99
2026-05-04 22:09:37,710 INFO o.a.j.t.JMeterThread: Thread finished: Config 3: Exp7 1-140
2026-05-04 22:09:37,710 INFO o.a.j.t.JMeterThread: Stopping because end time detected by thread: Config 3: Exp7 1-184
2026-05-04 22:09:37,710 INFO o.a.j.t.JMeterThread: Thread finished: Config 3: Exp7 1-398
2026-05-04 22:09:37,710 INFO o.a.j.t.JMeterThread: Stopping because end time detected by thread: Config 3: Exp7 1-278
2026-05-04 22:09:37,710 INFO o.a.j.t.JMeterThread: Thread finished: Config 3: Exp7 1-516
2026-05-04 22:09:37,710 INFO o.a.j.t.JMeterThread: Thread finished: Config 3: Exp7 1-278
2026-05-04 22:09:37,710 INFO o.a.j.t.JMeterThread: Thread finished: Config 3: Exp7 1-234
2026-05-04 22:09:37,710 INFO o.a.j.t.JMeterThread: Thread finished: Config 3: Exp7 1-184
2026-05-04 22:09:37,724 INFO o.a.j.t.JMeterThread: Stopping because end time detected by thread: Config 3: Exp7 1-608
2026-05-04 22:09:37,724 INFO o.a.j.t.JMeterThread: Stopping because end time detected by thread: Config 3: Exp7 1-611
2026-05-04 22:09:37,724 INFO o.a.j.t.JMeterThread: Stopping because end time detected by thread: Config 3: Exp7 1-609
2026-05-04 22:09:37,724 INFO o.a.j.t.JMeterThread: Stopping because end time detected by thread: Config 3: Exp7 1-610
2026-05-04 22:09:37,725 INFO o.a.j.t.JMeterThread: Thread finished: Config 3: Exp7 1-609
2026-05-04 22:09:37,724 INFO o.a.j.t.JMeterThread: Thread finished: Config 3: Exp7 1-608
2026-05-04 22:09:37,725 INFO o.a.j.t.JMeterThread: Thread finished: Config 3: Exp7 1-610
2026-05-04 22:09:37,725 INFO o.a.j.t.JMeterThread: Stopping because end time detected by thread: Config 3: Exp7 1-638
2026-05-04 22:09:37,725 INFO o.a.j.t.JMeterThread: Thread finished: Config 3: Exp7 1-638
2026-05-04 22:09:37,724 INFO o.a.j.t.JMeterThread: Thread finished: Config 3: Exp7 1-611
2026-05-04 22:09:37,725 INFO o.a.j.t.JMeterThread: Stopping because end time detected by thread: Config 3: Exp7 1-399
2026-05-04 22:09:37,725 INFO o.a.j.t.JMeterThread: Stopping because end time detected by thread: Config 3: Exp7 1-219
2026-05-04 22:09:37,725 INFO o.a.j.t.JMeterThread: Stopping because end time detected by thread: Config 3: Exp7 1-639
2026-05-04 22:09:37,725 INFO o.a.j.t.JMeterThread: Thread finished: Config 3: Exp7 1-219
2026-05-04 22:09:37,725 INFO o.a.j.t.JMeterThread: Stopping because end time detected by thread: Config 3: Exp7 1-640
2026-05-04 22:09:37,725 INFO o.a.j.t.JMeterThread: Thread finished: Config 3: Exp7 1-639
2026-05-04 22:09:37,725 INFO o.a.j.t.JMeterThread: Stopping because end time detected by thread: Config 3: Exp7 1-271
2026-05-04 22:09:37,725 INFO o.a.j.t.JMeterThread: Stopping because end time detected by thread: Config 3: Exp7 1-235
2026-05-04 22:09:37,725 INFO o.a.j.t.JMeterThread: Thread finished: Config 3: Exp7 1-235
2026-05-04 22:09:37,725 INFO o.a.j.t.JMeterThread: Thread finished: Config 3: Exp7 1-271
2026-05-04 22:09:37,725 INFO o.a.j.t.JMeterThread: Stopping because end time detected by thread: Config 3: Exp7 1-348
2026-05-04 22:09:37,725 INFO o.a.j.t.JMeterThread: Stopping because end time detected by thread: Config 3: Exp7 1-637
2026-05-04 22:09:37,725 INFO o.a.j.t.JMeterThread: Thread finished: Config 3: Exp7 1-399
2026-05-04 22:09:37,725 INFO o.a.j.t.JMeterThread: Stopping because end time detected by thread: Config 3: Exp7 1-355
2026-05-04 22:09:37,725 INFO o.a.j.t.JMeterThread: Stopping because end time detected by thread: Config 3: Exp7 1-471
2026-05-04 22:09:37,725 INFO o.a.j.t.JMeterThread: Stopping because end time detected by thread: Config 3: Exp7 1-513
2026-05-04 22:09:37,726 INFO o.a.j.t.JMeterThread: Stopping because end time detected by thread: Config 3: Exp7 1-279
2026-05-04 22:09:37,726 INFO o.a.j.t.JMeterThread: Thread finished: Config 3: Exp7 1-355
2026-05-04 22:09:37,726 INFO o.a.j.t.JMeterThread: Thread finished: Config 3: Exp7 1-471
2026-05-04 22:09:37,726 INFO o.a.j.t.JMeterThread: Thread finished: Config 3: Exp7 1-279
2026-05-04 22:09:37,725 INFO o.a.j.t.JMeterThread: Stopping because end time detected by thread: Config 3: Exp7 1-350
2026-05-04 22:09:37,725 INFO o.a.j.t.JMeterThread: Stopping because end time detected by thread: Config 3: Exp7 1-352
2026-05-04 22:09:37,725 INFO o.a.j.t.JMeterThread: Stopping because end time detected by thread: Config 3: Exp7 1-354
2026-05-04 22:09:37,726 INFO o.a.j.t.JMeterThread: Thread finished: Config 3: Exp7 1-350
2026-05-04 22:09:37,725 INFO o.a.j.t.JMeterThread: Thread finished: Config 3: Exp7 1-637
2026-05-04 22:09:37,725 INFO o.a.j.t.JMeterThread: Thread finished: Config 3: Exp7 1-348
2026-05-04 22:09:37,726 INFO o.a.j.t.JMeterThread: Stopping because end time detected by thread: Config 3: Exp7 1-515
2026-05-04 22:09:37,726 INFO o.a.j.t.JMeterThread: Thread finished: Config 3: Exp7 1-515
2026-05-04 22:09:37,725 INFO o.a.j.t.JMeterThread: Stopping because end time detected by thread: Config 3: Exp7 1-277
2026-05-04 22:09:37,726 INFO o.a.j.t.JMeterThread: Stopping because end time detected by thread: Config 3: Exp7 1-359
2026-05-04 22:09:37,726 INFO o.a.j.t.JMeterThread: Thread finished: Config 3: Exp7 1-359
2026-05-04 22:09:37,726 INFO o.a.j.t.JMeterThread: Thread finished: Config 3: Exp7 1-277
2026-05-04 22:09:37,726 INFO o.a.j.t.JMeterThread: Stopping because end time detected by thread: Config 3: Exp7 1-473
2026-05-04 22:09:37,726 INFO o.a.j.t.JMeterThread: Stopping because end time detected by thread: Config 3: Exp7 1-607
2026-05-04 22:09:37,726 INFO o.a.j.t.JMeterThread: Stopping because end time detected by thread: Config 3: Exp7 1-472
2026-05-04 22:09:37,726 INFO o.a.j.t.JMeterThread: Stopping because end time detected by thread: Config 3: Exp7 1-358
2026-05-04 22:09:37,726 INFO o.a.j.t.JMeterThread: Stopping because end time detected by thread: Config 3: Exp7 1-474
2026-05-04 22:09:37,726 INFO o.a.j.t.JMeterThread: Stopping because end time detected by thread: Config 3: Exp7 1-402
2026-05-04 22:09:37,726 INFO o.a.j.t.JMeterThread: Stopping because end time detected by thread: Config 3: Exp7 1-525
2026-05-04 22:09:37,726 INFO o.a.j.t.JMeterThread: Stopping because end time detected by thread: Config 3: Exp7 1-476
2026-05-04 22:09:37,725 INFO o.a.j.t.JMeterThread: Stopping because end time detected by thread: Config 3: Exp7 1-353
2026-05-04 22:09:37,726 INFO o.a.j.t.JMeterThread: Thread finished: Config 3: Exp7 1-525
2026-05-04 22:09:37,727 INFO o.a.j.t.JMeterThread: Thread finished: Config 3: Exp7 1-476
2026-05-04 22:09:37,727 INFO o.a.j.t.JMeterThread: Thread finished: Config 3: Exp7 1-358
2026-05-04 22:09:37,727 INFO o.a.j.t.JMeterThread: Thread finished: Config 3: Exp7 1-353
2026-05-04 22:09:37,725 INFO o.a.j.t.JMeterThread: Thread finished: Config 3: Exp7 1-640
2026-05-04 22:09:37,725 INFO o.a.j.t.JMeterThread: Stopping because end time detected by thread: Config 3: Exp7 1-360
2026-05-04 22:09:37,725 INFO o.a.j.t.JMeterThread: Stopping because end time detected by thread: Config 3: Exp7 1-345
2026-05-04 22:09:37,727 INFO o.a.j.t.JMeterThread: Thread finished: Config 3: Exp7 1-360
2026-05-04 22:09:37,725 INFO o.a.j.t.JMeterThread: Stopping because end time detected by thread: Config 3: Exp7 1-233
2026-05-04 22:09:37,727 INFO o.a.j.t.JMeterThread: Stopping because end time detected by thread: Config 3: Exp7 1-615
2026-05-04 22:09:37,726 INFO o.a.j.t.JMeterThread: Thread finished: Config 3: Exp7 1-474
2026-05-04 22:09:37,726 INFO o.a.j.t.JMeterThread: Thread finished: Config 3: Exp7 1-402
2026-05-04 22:09:37,726 INFO o.a.j.t.JMeterThread: Stopping because end time detected by thread: Config 3: Exp7 1-356
2026-05-04 22:09:37,727 INFO o.a.j.t.JMeterThread: Thread finished: Config 3: Exp7 1-615
2026-05-04 22:09:37,726 INFO o.a.j.t.JMeterThread: Thread finished: Config 3: Exp7 1-472
2026-05-04 22:09:37,726 INFO o.a.j.t.JMeterThread: Stopping because end time detected by thread: Config 3: Exp7 1-403
2026-05-04 22:09:37,726 INFO o.a.j.t.JMeterThread: Thread finished: Config 3: Exp7 1-607
2026-05-04 22:09:37,726 INFO o.a.j.t.JMeterThread: Thread finished: Config 3: Exp7 1-473
2026-05-04 22:09:37,726 INFO o.a.j.t.JMeterThread: Stopping because end time detected by thread: Config 3: Exp7 1-475
2026-05-04 22:09:37,727 INFO o.a.j.t.JMeterThread: Thread finished: Config 3: Exp7 1-403
2026-05-04 22:09:37,726 INFO o.a.j.t.JMeterThread: Stopping because end time detected by thread: Config 3: Exp7 1-612
2026-05-04 22:09:37,726 INFO o.a.j.t.JMeterThread: Stopping because end time detected by thread: Config 3: Exp7 1-613
2026-05-04 22:09:37,727 INFO o.a.j.t.JMeterThread: Stopping because end time detected by thread: Config 3: Exp7 1-617
2026-05-04 22:09:37,726 INFO o.a.j.t.JMeterThread: Stopping because end time detected by thread: Config 3: Exp7 1-614
2026-05-04 22:09:37,727 INFO o.a.j.t.JMeterThread: Stopping because end time detected by thread: Config 3: Exp7 1-619
2026-05-04 22:09:37,727 INFO o.a.j.t.JMeterThread: Thread finished: Config 3: Exp7 1-617
2026-05-04 22:09:37,726 INFO o.a.j.t.JMeterThread: Stopping because end time detected by thread: Config 3: Exp7 1-361
2026-05-04 22:09:37,728 INFO o.a.j.t.JMeterThread: Thread finished: Config 3: Exp7 1-614
2026-05-04 22:09:37,728 INFO o.a.j.t.JMeterThread: Thread finished: Config 3: Exp7 1-619
2026-05-04 22:09:37,726 INFO o.a.j.t.JMeterThread: Thread finished: Config 3: Exp7 1-354
2026-05-04 22:09:37,728 INFO o.a.j.t.JMeterThread: Thread finished: Config 3: Exp7 1-361
2026-05-04 22:09:37,726 INFO o.a.j.t.JMeterThread: Stopping because end time detected by thread: Config 3: Exp7 1-514
2026-05-04 22:09:37,726 INFO o.a.j.t.JMeterThread: Thread finished: Config 3: Exp7 1-352
2026-05-04 22:09:37,726 INFO o.a.j.t.JMeterThread: Stopping because end time detected by thread: Config 3: Exp7 1-636
2026-05-04 22:09:37,728 INFO o.a.j.t.JMeterThread: Stopping because end time detected by thread: Config 3: Exp7 1-622
2026-05-04 22:09:37,728 INFO o.a.j.t.JMeterThread: Stopping because end time detected by thread: Config 3: Exp7 1-623
2026-05-04 22:09:37,728 INFO o.a.j.t.JMeterThread: Stopping because end time detected by thread: Config 3: Exp7 1-620
2026-05-04 22:09:37,728 INFO o.a.j.t.JMeterThread: Thread finished: Config 3: Exp7 1-636
2026-05-04 22:09:37,728 INFO o.a.j.t.JMeterThread: Thread finished: Config 3: Exp7 1-623
2026-05-04 22:09:37,726 INFO o.a.j.t.JMeterThread: Stopping because end time detected by thread: Config 3: Exp7 1-217
2026-05-04 22:09:37,728 INFO o.a.j.t.JMeterThread: Thread finished: Config 3: Exp7 1-622
2026-05-04 22:09:37,728 INFO o.a.j.t.JMeterThread: Stopping because end time detected by thread: Config 3: Exp7 1-621
2026-05-04 22:09:37,728 INFO o.a.j.t.JMeterThread: Thread finished: Config 3: Exp7 1-217
2026-05-04 22:09:37,728 INFO o.a.j.t.JMeterThread: Thread finished: Config 3: Exp7 1-621
2026-05-04 22:09:37,728 INFO o.a.j.t.JMeterThread: Stopping because end time detected by thread: Config 3: Exp7 1-629
2026-05-04 22:09:37,728 INFO o.a.j.t.JMeterThread: Thread finished: Config 3: Exp7 1-629
2026-05-04 22:09:37,728 INFO o.a.j.t.JMeterThread: Stopping because end time detected by thread: Config 3: Exp7 1-401
2026-05-04 22:09:37,728 INFO o.a.j.t.JMeterThread: Stopping because end time detected by thread: Config 3: Exp7 1-624
2026-05-04 22:09:37,728 INFO o.a.j.t.JMeterThread: Stopping because end time detected by thread: Config 3: Exp7 1-625
2026-05-04 22:09:37,728 INFO o.a.j.t.JMeterThread: Stopping because end time detected by thread: Config 3: Exp7 1-477
2026-05-04 22:09:37,728 INFO o.a.j.t.JMeterThread: Thread finished: Config 3: Exp7 1-624
2026-05-04 22:09:37,728 INFO o.a.j.t.JMeterThread: Thread finished: Config 3: Exp7 1-625
2026-05-04 22:09:37,728 INFO o.a.j.t.JMeterThread: Stopping because end time detected by thread: Config 3: Exp7 1-316
2026-05-04 22:09:37,728 INFO o.a.j.t.JMeterThread: Thread finished: Config 3: Exp7 1-514
2026-05-04 22:09:37,728 INFO o.a.j.t.JMeterThread: Stopping because end time detected by thread: Config 3: Exp7 1-321
2026-05-04 22:09:37,728 INFO o.a.j.t.JMeterThread: Stopping because end time detected by thread: Config 3: Exp7 1-527
2026-05-04 22:09:37,728 INFO o.a.j.t.JMeterThread: Thread finished: Config 3: Exp7 1-321
2026-05-04 22:09:37,728 INFO o.a.j.t.JMeterThread: Thread finished: Config 3: Exp7 1-527
2026-05-04 22:09:37,728 INFO o.a.j.t.JMeterThread: Stopping because end time detected by thread: Config 3: Exp7 1-628
2026-05-04 22:09:37,728 INFO o.a.j.t.JMeterThread: Thread finished: Config 3: Exp7 1-628
2026-05-04 22:09:37,728 INFO o.a.j.t.JMeterThread: Stopping because end time detected by thread: Config 3: Exp7 1-319
2026-05-04 22:09:37,728 INFO o.a.j.t.JMeterThread: Stopping because end time detected by thread: Config 3: Exp7 1-323
2026-05-04 22:09:37,728 INFO o.a.j.t.JMeterThread: Thread finished: Config 3: Exp7 1-319
2026-05-04 22:09:37,729 INFO o.a.j.t.JMeterThread: Stopping because end time detected by thread: Config 3: Exp7 1-324
2026-05-04 22:09:37,729 INFO o.a.j.t.JMeterThread: Thread finished: Config 3: Exp7 1-323
2026-05-04 22:09:37,729 INFO o.a.j.t.JMeterThread: Thread finished: Config 3: Exp7 1-324
2026-05-04 22:09:37,727 INFO o.a.j.t.JMeterThread: Thread finished: Config 3: Exp7 1-612
2026-05-04 22:09:37,729 INFO o.a.j.t.JMeterThread: Stopping because end time detected by thread: Config 3: Exp7 1-480
2026-05-04 22:09:37,727 INFO o.a.j.t.JMeterThread: Stopping because end time detected by thread: Config 3: Exp7 1-616
2026-05-04 22:09:37,729 INFO o.a.j.t.JMeterThread: Thread finished: Config 3: Exp7 1-480
2026-05-04 22:09:37,729 INFO o.a.j.t.JMeterThread: Stopping because end time detected by thread: Config 3: Exp7 1-626
2026-05-04 22:09:37,727 INFO o.a.j.t.JMeterThread: Stopping because end time detected by thread: Config 3: Exp7 1-618
2026-05-04 22:09:37,729 INFO o.a.j.t.JMeterThread: Stopping because end time detected by thread: Config 3: Exp7 1-627
2026-05-04 22:09:37,727 INFO o.a.j.t.JMeterThread: Thread finished: Config 3: Exp7 1-475
2026-05-04 22:09:37,729 INFO o.a.j.t.JMeterThread: Thread finished: Config 3: Exp7 1-626
2026-05-04 22:09:37,729 INFO o.a.j.t.JMeterThread: Thread finished: Config 3: Exp7 1-627
2026-05-04 22:09:37,727 INFO o.a.j.t.JMeterThread: Thread finished: Config 3: Exp7 1-356
2026-05-04 22:09:37,729 INFO o.a.j.t.JMeterThread: Stopping because end time detected by thread: Config 3: Exp7 1-414
2026-05-04 22:09:37,727 INFO o.a.j.t.JMeterThread: Thread finished: Config 3: Exp7 1-233
2026-05-04 22:09:37,729 INFO o.a.j.t.JMeterThread: Thread finished: Config 3: Exp7 1-414
2026-05-04 22:09:37,729 INFO o.a.j.t.JMeterThread: Stopping because end time detected by thread: Config 3: Exp7 1-406
2026-05-04 22:09:37,727 INFO o.a.j.t.JMeterThread: Thread finished: Config 3: Exp7 1-345
2026-05-04 22:09:37,729 INFO o.a.j.t.JMeterThread: Thread finished: Config 3: Exp7 1-406
2026-05-04 22:09:37,729 INFO o.a.j.t.JMeterThread: Thread finished: Config 3: Exp7 1-613
2026-05-04 22:09:37,729 INFO o.a.j.t.JMeterThread: Stopping because end time detected by thread: Config 3: Exp7 1-404
2026-05-04 22:09:37,729 INFO o.a.j.t.JMeterThread: Thread finished: Config 3: Exp7 1-404
2026-05-04 22:09:37,729 INFO o.a.j.t.JMeterThread: Thread finished: Config 3: Exp7 1-618
2026-05-04 22:09:37,729 INFO o.a.j.t.JMeterThread: Thread finished: Config 3: Exp7 1-616
2026-05-04 22:09:37,728 INFO o.a.j.t.JMeterThread: Stopping because end time detected by thread: Config 3: Exp7 1-318
2026-05-04 22:09:37,728 INFO o.a.j.t.JMeterThread: Thread finished: Config 3: Exp7 1-316
2026-05-04 22:09:37,728 INFO o.a.j.t.JMeterThread: Stopping because end time detected by thread: Config 3: Exp7 1-320
2026-05-04 22:09:37,729 INFO o.a.j.t.JMeterThread: Thread finished: Config 3: Exp7 1-318
2026-05-04 22:09:37,729 INFO o.a.j.t.JMeterThread: Stopping because end time detected by thread: Config 3: Exp7 1-410
2026-05-04 22:09:37,729 INFO o.a.j.t.JMeterThread: Thread finished: Config 3: Exp7 1-410
2026-05-04 22:09:37,729 INFO o.a.j.t.JMeterThread: Thread finished: Config 3: Exp7 1-320
2026-05-04 22:09:37,728 INFO o.a.j.t.JMeterThread: Thread finished: Config 3: Exp7 1-401
2026-05-04 22:09:37,729 INFO o.a.j.t.JMeterThread: Thread finished: Config 3: Exp7 1-477
2026-05-04 22:09:37,728 INFO o.a.j.t.JMeterThread: Thread finished: Config 3: Exp7 1-620
2026-05-04 22:09:37,728 INFO o.a.j.t.JMeterThread: Thread finished: Config 3: Exp7 1-513
2026-05-04 22:09:37,730 INFO o.a.j.t.JMeterThread: Stopping because end time detected by thread: Config 3: Exp7 1-405
2026-05-04 22:09:37,730 INFO o.a.j.t.JMeterThread: Thread finished: Config 3: Exp7 1-405
2026-05-04 22:09:37,730 INFO o.a.j.t.JMeterThread: Stopping because end time detected by thread: Config 3: Exp7 1-407
2026-05-04 22:09:37,730 INFO o.a.j.t.JMeterThread: Stopping because end time detected by thread: Config 3: Exp7 1-409
2026-05-04 22:09:37,730 INFO o.a.j.t.JMeterThread: Thread finished: Config 3: Exp7 1-407
2026-05-04 22:09:37,730 INFO o.a.j.t.JMeterThread: Thread finished: Config 3: Exp7 1-409
2026-05-04 22:09:37,730 INFO o.a.j.t.JMeterThread: Stopping because end time detected by thread: Config 3: Exp7 1-413
2026-05-04 22:09:37,730 INFO o.a.j.t.JMeterThread: Thread finished: Config 3: Exp7 1-413
2026-05-04 22:09:37,730 INFO o.a.j.t.JMeterThread: Stopping because end time detected by thread: Config 3: Exp7 1-408
2026-05-04 22:09:37,730 INFO o.a.j.t.JMeterThread: Thread finished: Config 3: Exp7 1-408
2026-05-04 22:09:37,730 INFO o.a.j.t.JMeterThread: Stopping because end time detected by thread: Config 3: Exp7 1-322
2026-05-04 22:09:37,730 INFO o.a.j.t.JMeterThread: Stopping because end time detected by thread: Config 3: Exp7 1-412
2026-05-04 22:09:37,730 INFO o.a.j.t.JMeterThread: Stopping because end time detected by thread: Config 3: Exp7 1-411
2026-05-04 22:09:37,730 INFO o.a.j.t.JMeterThread: Thread finished: Config 3: Exp7 1-322
2026-05-04 22:09:37,730 INFO o.a.j.t.JMeterThread: Thread finished: Config 3: Exp7 1-412
2026-05-04 22:09:37,731 INFO o.a.j.t.JMeterThread: Thread finished: Config 3: Exp7 1-411
2026-05-04 22:09:37,740 INFO o.a.j.t.JMeterThread: Stopping because end time detected by thread: Config 3: Exp7 1-368
2026-05-04 22:09:37,740 INFO o.a.j.t.JMeterThread: Thread finished: Config 3: Exp7 1-368
2026-05-04 22:09:37,740 INFO o.a.j.t.JMeterThread: Stopping because end time detected by thread: Config 3: Exp7 1-242
2026-05-04 22:09:37,740 INFO o.a.j.t.JMeterThread: Stopping because end time detected by thread: Config 3: Exp7 1-482
2026-05-04 22:09:37,740 INFO o.a.j.t.JMeterThread: Thread finished: Config 3: Exp7 1-242
2026-05-04 22:09:37,740 INFO o.a.j.t.JMeterThread: Stopping because end time detected by thread: Config 3: Exp7 1-630
2026-05-04 22:09:37,740 INFO o.a.j.t.JMeterThread: Thread finished: Config 3: Exp7 1-482
2026-05-04 22:09:37,740 INFO o.a.j.t.JMeterThread: Thread finished: Config 3: Exp7 1-630
2026-05-04 22:09:37,740 INFO o.a.j.t.JMeterThread: Stopping because end time detected by thread: Config 3: Exp7 1-29
2026-05-04 22:09:37,740 INFO o.a.j.t.JMeterThread: Stopping because end time detected by thread: Config 3: Exp7 1-13
2026-05-04 22:09:37,740 INFO o.a.j.t.JMeterThread: Thread finished: Config 3: Exp7 1-29
2026-05-04 22:09:37,740 INFO o.a.j.t.JMeterThread: Stopping because end time detected by thread: Config 3: Exp7 1-12
2026-05-04 22:09:37,741 INFO o.a.j.t.JMeterThread: Thread finished: Config 3: Exp7 1-13
2026-05-04 22:09:37,741 INFO o.a.j.t.JMeterThread: Thread finished: Config 3: Exp7 1-12
2026-05-04 22:09:37,741 INFO o.a.j.t.JMeterThread: Stopping because end time detected by thread: Config 3: Exp7 1-489
2026-05-04 22:09:37,741 INFO o.a.j.t.JMeterThread: Stopping because end time detected by thread: Config 3: Exp7 1-70
2026-05-04 22:09:37,741 INFO o.a.j.t.JMeterThread: Stopping because end time detected by thread: Config 3: Exp7 1-104
2026-05-04 22:09:37,741 INFO o.a.j.t.JMeterThread: Thread finished: Config 3: Exp7 1-104
2026-05-04 22:09:37,740 INFO o.a.j.t.JMeterThread: Stopping because end time detected by thread: Config 3: Exp7 1-153
2026-05-04 22:09:37,741 INFO o.a.j.t.JMeterThread: Thread finished: Config 3: Exp7 1-489
2026-05-04 22:09:37,741 INFO o.a.j.t.JMeterThread: Stopping because end time detected by thread: Config 3: Exp7 1-295
2026-05-04 22:09:37,741 INFO o.a.j.t.JMeterThread: Stopping because end time detected by thread: Config 3: Exp7 1-89
2026-05-04 22:09:37,741 INFO o.a.j.t.JMeterThread: Stopping because end time detected by thread: Config 3: Exp7 1-376
2026-05-04 22:09:37,741 INFO o.a.j.t.JMeterThread: Stopping because end time detected by thread: Config 3: Exp7 1-479
2026-05-04 22:09:37,741 INFO o.a.j.t.JMeterThread: Thread finished: Config 3: Exp7 1-295
2026-05-04 22:09:37,741 INFO o.a.j.t.JMeterThread: Thread finished: Config 3: Exp7 1-376
2026-05-04 22:09:37,741 INFO o.a.j.t.JMeterThread: Stopping because end time detected by thread: Config 3: Exp7 1-296
2026-05-04 22:09:37,741 INFO o.a.j.t.JMeterThread: Stopping because end time detected by thread: Config 3: Exp7 1-374
2026-05-04 22:09:37,741 INFO o.a.j.t.JMeterThread: Stopping because end time detected by thread: Config 3: Exp7 1-369
2026-05-04 22:09:37,741 INFO o.a.j.t.JMeterThread: Thread finished: Config 3: Exp7 1-479
2026-05-04 22:09:37,741 INFO o.a.j.t.JMeterThread: Thread finished: Config 3: Exp7 1-374
2026-05-04 22:09:37,741 INFO o.a.j.t.JMeterThread: Stopping because end time detected by thread: Config 3: Exp7 1-66
2026-05-04 22:09:37,741 INFO o.a.j.t.JMeterThread: Stopping because end time detected by thread: Config 3: Exp7 1-483
2026-05-04 22:09:37,741 INFO o.a.j.t.JMeterThread: Thread finished: Config 3: Exp7 1-66
2026-05-04 22:09:37,741 INFO o.a.j.t.JMeterThread: Stopping because end time detected by thread: Config 3: Exp7 1-371
2026-05-04 22:09:37,741 INFO o.a.j.t.JMeterThread: Stopping because end time detected by thread: Config 3: Exp7 1-490
2026-05-04 22:09:37,741 INFO o.a.j.t.JMeterThread: Stopping because end time detected by thread: Config 3: Exp7 1-28
2026-05-04 22:09:37,742 INFO o.a.j.t.JMeterThread: Thread finished: Config 3: Exp7 1-490
2026-05-04 22:09:37,740 INFO o.a.j.t.JMeterThread: Stopping because end time detected by thread: Config 3: Exp7 1-27
2026-05-04 22:09:37,742 INFO o.a.j.t.JMeterThread: Stopping because end time detected by thread: Config 3: Exp7 1-253
2026-05-04 22:09:37,742 INFO o.a.j.t.JMeterThread: Stopping because end time detected by thread: Config 3: Exp7 1-250
2026-05-04 22:09:37,742 INFO o.a.j.t.JMeterThread: Thread finished: Config 3: Exp7 1-371
2026-05-04 22:09:37,741 INFO o.a.j.t.JMeterThread: Stopping because end time detected by thread: Config 3: Exp7 1-372
2026-05-04 22:09:37,742 INFO o.a.j.t.JMeterThread: Thread finished: Config 3: Exp7 1-253
2026-05-04 22:09:37,741 INFO o.a.j.t.JMeterThread: Stopping because end time detected by thread: Config 3: Exp7 1-87
2026-05-04 22:09:37,742 INFO o.a.j.t.JMeterThread: Thread finished: Config 3: Exp7 1-250
2026-05-04 22:09:37,741 INFO o.a.j.t.JMeterThread: Thread finished: Config 3: Exp7 1-483
2026-05-04 22:09:37,741 INFO o.a.j.t.JMeterThread: Stopping because end time detected by thread: Config 3: Exp7 1-32
2026-05-04 22:09:37,741 INFO o.a.j.t.JMeterThread: Thread finished: Config 3: Exp7 1-296
2026-05-04 22:09:37,741 INFO o.a.j.t.JMeterThread: Stopping because end time detected by thread: Config 3: Exp7 1-377
2026-05-04 22:09:37,741 INFO o.a.j.t.JMeterThread: Stopping because end time detected by thread: Config 3: Exp7 1-486
2026-05-04 22:09:37,741 INFO o.a.j.t.JMeterThread: Stopping because end time detected by thread: Config 3: Exp7 1-51
2026-05-04 22:09:37,741 INFO o.a.j.t.JMeterThread: Stopping because end time detected by thread: Config 3: Exp7 1-251
2026-05-04 22:09:37,742 INFO o.a.j.t.JMeterThread: Thread finished: Config 3: Exp7 1-377
2026-05-04 22:09:37,741 INFO o.a.j.t.JMeterThread: Stopping because end time detected by thread: Config 3: Exp7 1-86
2026-05-04 22:09:37,741 INFO o.a.j.t.JMeterThread: Thread finished: Config 3: Exp7 1-89
2026-05-04 22:09:37,743 INFO o.a.j.t.JMeterThread: Thread finished: Config 3: Exp7 1-86
2026-05-04 22:09:37,741 INFO o.a.j.t.JMeterThread: Stopping because end time detected by thread: Config 3: Exp7 1-310
2026-05-04 22:09:37,741 INFO o.a.j.t.JMeterThread: Thread finished: Config 3: Exp7 1-70
2026-05-04 22:09:37,743 INFO o.a.j.t.JMeterThread: Thread finished: Config 3: Exp7 1-310
2026-05-04 22:09:37,741 INFO o.a.j.t.JMeterThread: Stopping because end time detected by thread: Config 3: Exp7 1-90
2026-05-04 22:09:37,741 INFO o.a.j.t.JMeterThread: Thread finished: Config 3: Exp7 1-153
2026-05-04 22:09:37,743 INFO o.a.j.t.JMeterThread: Thread finished: Config 3: Exp7 1-90
2026-05-04 22:09:37,742 INFO o.a.j.t.JMeterThread: Thread finished: Config 3: Exp7 1-369
2026-05-04 22:09:37,742 INFO o.a.j.t.JMeterThread: Thread finished: Config 3: Exp7 1-51
2026-05-04 22:09:37,742 INFO o.a.j.t.JMeterThread: Thread finished: Config 3: Exp7 1-486
2026-05-04 22:09:37,742 INFO o.a.j.t.JMeterThread: Thread finished: Config 3: Exp7 1-32
2026-05-04 22:09:37,742 INFO o.a.j.t.JMeterThread: Thread finished: Config 3: Exp7 1-87
2026-05-04 22:09:37,742 INFO o.a.j.t.JMeterThread: Thread finished: Config 3: Exp7 1-28
2026-05-04 22:09:37,743 INFO o.a.j.t.JMeterThread: Thread finished: Config 3: Exp7 1-27
2026-05-04 22:09:37,743 INFO o.a.j.t.JMeterThread: Thread finished: Config 3: Exp7 1-251
2026-05-04 22:09:37,743 INFO o.a.j.t.JMeterThread: Thread finished: Config 3: Exp7 1-372
2026-05-04 22:09:37,745 INFO o.a.j.t.JMeterThread: Stopping because end time detected by thread: Config 3: Exp7 1-247
2026-05-04 22:09:37,745 INFO o.a.j.t.JMeterThread: Thread finished: Config 3: Exp7 1-247
2026-05-04 22:09:37,745 INFO o.a.j.t.JMeterThread: Stopping because end time detected by thread: Config 3: Exp7 1-298
2026-05-04 22:09:37,745 INFO o.a.j.t.JMeterThread: Thread finished: Config 3: Exp7 1-298
2026-05-04 22:09:37,745 INFO o.a.j.t.JMeterThread: Stopping because end time detected by thread: Config 3: Exp7 1-249
2026-05-04 22:09:37,745 INFO o.a.j.t.JMeterThread: Stopping because end time detected by thread: Config 3: Exp7 1-246
2026-05-04 22:09:37,746 INFO o.a.j.t.JMeterThread: Thread finished: Config 3: Exp7 1-249
2026-05-04 22:09:37,746 INFO o.a.j.t.JMeterThread: Stopping because end time detected by thread: Config 3: Exp7 1-301
2026-05-04 22:09:37,746 INFO o.a.j.t.JMeterThread: Stopping because end time detected by thread: Config 3: Exp7 1-299
2026-05-04 22:09:37,746 INFO o.a.j.t.JMeterThread: Stopping because end time detected by thread: Config 3: Exp7 1-382
2026-05-04 22:09:37,746 INFO o.a.j.t.JMeterThread: Thread finished: Config 3: Exp7 1-301
2026-05-04 22:09:37,746 INFO o.a.j.t.JMeterThread: Thread finished: Config 3: Exp7 1-246
2026-05-04 22:09:37,746 INFO o.a.j.t.JMeterThread: Stopping because end time detected by thread: Config 3: Exp7 1-386
2026-05-04 22:09:37,746 INFO o.a.j.t.JMeterThread: Stopping because end time detected by thread: Config 3: Exp7 1-384
2026-05-04 22:09:37,746 INFO o.a.j.t.JMeterThread: Thread finished: Config 3: Exp7 1-382
2026-05-04 22:09:37,746 INFO o.a.j.t.JMeterThread: Stopping because end time detected by thread: Config 3: Exp7 1-484
2026-05-04 22:09:37,746 INFO o.a.j.t.JMeterThread: Stopping because end time detected by thread: Config 3: Exp7 1-23
2026-05-04 22:09:37,746 INFO o.a.j.t.JMeterThread: Stopping because end time detected by thread: Config 3: Exp7 1-42
2026-05-04 22:09:37,746 INFO o.a.j.t.JMeterThread: Stopping because end time detected by thread: Config 3: Exp7 1-81
2026-05-04 22:09:37,746 INFO o.a.j.t.JMeterThread: Thread finished: Config 3: Exp7 1-299
2026-05-04 22:09:37,746 INFO o.a.j.t.JMeterThread: Stopping because end time detected by thread: Config 3: Exp7 1-43
2026-05-04 22:09:37,746 INFO o.a.j.t.JMeterThread: Stopping because end time detected by thread: Config 3: Exp7 1-4
2026-05-04 22:09:37,746 INFO o.a.j.t.JMeterThread: Thread finished: Config 3: Exp7 1-23
2026-05-04 22:09:37,746 INFO o.a.j.t.JMeterThread: Thread finished: Config 3: Exp7 1-484
2026-05-04 22:09:37,746 INFO o.a.j.t.JMeterThread: Stopping because end time detected by thread: Config 3: Exp7 1-25
2026-05-04 22:09:37,746 INFO o.a.j.t.JMeterThread: Thread finished: Config 3: Exp7 1-384
2026-05-04 22:09:37,746 INFO o.a.j.t.JMeterThread: Stopping because end time detected by thread: Config 3: Exp7 1-485
2026-05-04 22:09:37,746 INFO o.a.j.t.JMeterThread: Thread finished: Config 3: Exp7 1-25
2026-05-04 22:09:37,746 INFO o.a.j.t.JMeterThread: Stopping because end time detected by thread: Config 3: Exp7 1-63
2026-05-04 22:09:37,746 INFO o.a.j.t.JMeterThread: Thread finished: Config 3: Exp7 1-485
2026-05-04 22:09:37,746 INFO o.a.j.t.JMeterThread: Thread finished: Config 3: Exp7 1-386
2026-05-04 22:09:37,746 INFO o.a.j.t.JMeterThread: Stopping because end time detected by thread: Config 3: Exp7 1-481
2026-05-04 22:09:37,746 INFO o.a.j.t.JMeterThread: Thread finished: Config 3: Exp7 1-63
2026-05-04 22:09:37,746 INFO o.a.j.t.JMeterThread: Thread finished: Config 3: Exp7 1-43
2026-05-04 22:09:37,746 INFO o.a.j.t.JMeterThread: Stopping because end time detected by thread: Config 3: Exp7 1-20
2026-05-04 22:09:37,746 INFO o.a.j.t.JMeterThread: Thread finished: Config 3: Exp7 1-81
2026-05-04 22:09:37,747 INFO o.a.j.t.JMeterThread: Thread finished: Config 3: Exp7 1-20
2026-05-04 22:09:37,746 INFO o.a.j.t.JMeterThread: Thread finished: Config 3: Exp7 1-42
2026-05-04 22:09:37,746 INFO o.a.j.t.JMeterThread: Stopping because end time detected by thread: Config 3: Exp7 1-40
2026-05-04 22:09:37,747 INFO o.a.j.t.JMeterThread: Thread finished: Config 3: Exp7 1-4
2026-05-04 22:09:37,747 INFO o.a.j.t.JMeterThread: Thread finished: Config 3: Exp7 1-40
2026-05-04 22:09:37,746 INFO o.a.j.t.JMeterThread: Thread finished: Config 3: Exp7 1-481
2026-05-04 22:09:37,747 INFO o.a.j.e.StandardJMeterEngine: Notifying test listeners of end of test
2026-05-04 22:09:37,748 INFO o.a.j.g.u.JMeterMenuBar: setRunning(false, *local*)
2026-05-04 22:16:00,362 INFO o.a.j.e.StandardJMeterEngine: Running the test!
2026-05-04 22:16:00,362 INFO o.a.j.s.SampleEvent: List of sample_variables: []
2026-05-04 22:16:00,362 INFO o.a.j.g.u.JMeterMenuBar: setRunning(true, *local*)
2026-05-04 22:16:00,401 INFO o.a.j.e.StandardJMeterEngine: Starting ThreadGroup: 1 : Config 3: Exp8
2026-05-04 22:16:00,401 INFO o.a.j.e.StandardJMeterEngine: Starting 480 threads for group Config 3: Exp8.
2026-05-04 22:16:00,401 INFO o.a.j.e.StandardJMeterEngine: Thread will continue on error
2026-05-04 22:16:00,401 INFO o.a.j.t.ThreadGroup: Starting thread group... number=1 threads=480 ramp-up=100 delayedStart=false
2026-05-04 22:16:00,402 INFO o.a.j.t.JMeterThread: Thread started: Config 3: Exp8 1-1
2026-05-04 22:16:00,446 INFO o.a.j.t.ThreadGroup: Started thread group number 1
2026-05-04 22:16:00,446 INFO o.a.j.e.StandardJMeterEngine: All thread groups have been started
2026-05-04 22:16:00,611 INFO o.a.j.t.JMeterThread: Thread started: Config 3: Exp8 1-2
2026-05-04 22:16:00,819 INFO o.a.j.t.JMeterThread: Thread started: Config 3: Exp8 1-3
2026-05-04 22:16:01,027 INFO o.a.j.t.JMeterThread: Thread started: Config 3: Exp8 1-4
2026-05-04 22:16:01,235 INFO o.a.j.t.JMeterThread: Thread started: Config 3: Exp8 1-5
2026-05-04 22:16:01,442 INFO o.a.j.t.JMeterThread: Thread started: Config 3: Exp8 1-6
2026-05-04 22:16:01,650 INFO o.a.j.t.JMeterThread: Thread started: Config 3: Exp8 1-7
2026-05-04 22:16:01,858 INFO o.a.j.t.JMeterThread: Thread started: Config 3: Exp8 1-8
2026-05-04 22:16:02,066 INFO o.a.j.t.JMeterThread: Thread started: Config 3: Exp8 1-9
2026-05-04 22:16:02,274 INFO o.a.j.t.JMeterThread: Thread started: Config 3: Exp8 1-10
2026-05-04 22:16:02,483 INFO o.a.j.t.JMeterThread: Thread started: Config 3: Exp8 1-11
2026-05-04 22:16:02,691 INFO o.a.j.t.JMeterThread: Thread started: Config 3: Exp8 1-12
2026-05-04 22:16:02,899 INFO o.a.j.t.JMeterThread: Thread started: Config 3: Exp8 1-13
2026-05-04 22:16:03,107 INFO o.a.j.t.JMeterThread: Thread started: Config 3: Exp8 1-14
2026-05-04 22:16:03,315 INFO o.a.j.t.JMeterThread: Thread started: Config 3: Exp8 1-15
2026-05-04 22:16:03,522 INFO o.a.j.t.JMeterThread: Thread started: Config 3: Exp8 1-16
2026-05-04 22:16:03,730 INFO o.a.j.t.JMeterThread: Thread started: Config 3: Exp8 1-17
2026-05-04 22:16:03,938 INFO o.a.j.t.JMeterThread: Thread started: Config 3: Exp8 1-18
2026-05-04 22:16:04,147 INFO o.a.j.t.JMeterThread: Thread started: Config 3: Exp8 1-19
2026-05-04 22:16:04,354 INFO o.a.j.t.JMeterThread: Thread started: Config 3: Exp8 1-20
2026-05-04 22:16:04,563 INFO o.a.j.t.JMeterThread: Thread started: Config 3: Exp8 1-21
2026-05-04 22:16:04,771 INFO o.a.j.t.JMeterThread: Thread started: Config 3: Exp8 1-22
2026-05-04 22:16:04,979 INFO o.a.j.t.JMeterThread: Thread started: Config 3: Exp8 1-23
2026-05-04 22:16:05,187 INFO o.a.j.t.JMeterThread: Thread started: Config 3: Exp8 1-24
2026-05-04 22:16:05,395 INFO o.a.j.t.JMeterThread: Thread started: Config 3: Exp8 1-25
2026-05-04 22:16:05,602 INFO o.a.j.t.JMeterThread: Thread started: Config 3: Exp8 1-26
2026-05-04 22:16:05,810 INFO o.a.j.t.JMeterThread: Thread started: Config 3: Exp8 1-27
2026-05-04 22:16:06,018 INFO o.a.j.t.JMeterThread: Thread started: Config 3: Exp8 1-28
2026-05-04 22:16:06,226 INFO o.a.j.t.JMeterThread: Thread started: Config 3: Exp8 1-29
2026-05-04 22:16:06,434 INFO o.a.j.t.JMeterThread: Thread started: Config 3: Exp8 1-30
2026-05-04 22:16:06,642 INFO o.a.j.t.JMeterThread: Thread started: Config 3: Exp8 1-31
2026-05-04 22:16:06,851 INFO o.a.j.t.JMeterThread: Thread started: Config 3: Exp8 1-32
2026-05-04 22:16:07,058 INFO o.a.j.t.JMeterThread: Thread started: Config 3: Exp8 1-33
2026-05-04 22:16:07,266 INFO o.a.j.t.JMeterThread: Thread started: Config 3: Exp8 1-34
2026-05-04 22:16:07,475 INFO o.a.j.t.JMeterThread: Thread started: Config 3: Exp8 1-35
2026-05-04 22:16:07,683 INFO o.a.j.t.JMeterThread: Thread started: Config 3: Exp8 1-36
2026-05-04 22:16:07,890 INFO o.a.j.t.JMeterThread: Thread started: Config 3: Exp8 1-37
2026-05-04 22:16:08,099 INFO o.a.j.t.JMeterThread: Thread started: Config 3: Exp8 1-38
2026-05-04 22:16:08,307 INFO o.a.j.t.JMeterThread: Thread started: Config 3: Exp8 1-39
2026-05-04 22:16:08,514 INFO o.a.j.t.JMeterThread: Thread started: Config 3: Exp8 1-40
2026-05-04 22:16:08,722 INFO o.a.j.t.JMeterThread: Thread started: Config 3: Exp8 1-41
2026-05-04 22:16:08,930 INFO o.a.j.t.JMeterThread: Thread started: Config 3: Exp8 1-42
2026-05-04 22:16:09,138 INFO o.a.j.t.JMeterThread: Thread started: Config 3: Exp8 1-43
2026-05-04 22:16:09,346 INFO o.a.j.t.JMeterThread: Thread started: Config 3: Exp8 1-44
2026-05-04 22:16:09,555 INFO o.a.j.t.JMeterThread: Thread started: Config 3: Exp8 1-45
2026-05-04 22:16:09,763 INFO o.a.j.t.JMeterThread: Thread started: Config 3: Exp8 1-46
2026-05-04 22:16:09,972 INFO o.a.j.t.JMeterThread: Thread started: Config 3: Exp8 1-47
2026-05-04 22:16:10,180 INFO o.a.j.t.JMeterThread: Thread started: Config 3: Exp8 1-48
2026-05-04 22:16:10,387 INFO o.a.j.t.JMeterThread: Thread started: Config 3: Exp8 1-49
2026-05-04 22:16:10,594 INFO o.a.j.t.JMeterThread: Thread started: Config 3: Exp8 1-50
2026-05-04 22:16:10,803 INFO o.a.j.t.JMeterThread: Thread started: Config 3: Exp8 1-51
2026-05-04 22:16:11,011 INFO o.a.j.t.JMeterThread: Thread started: Config 3: Exp8 1-52
2026-05-04 22:16:11,218 INFO o.a.j.t.JMeterThread: Thread started: Config 3: Exp8 1-53
2026-05-04 22:16:11,426 INFO o.a.j.t.JMeterThread: Thread started: Config 3: Exp8 1-54
2026-05-04 22:16:11,635 INFO o.a.j.t.JMeterThread: Thread started: Config 3: Exp8 1-55
2026-05-04 22:16:11,843 INFO o.a.j.t.JMeterThread: Thread started: Config 3: Exp8 1-56
2026-05-04 22:16:12,051 INFO o.a.j.t.JMeterThread: Thread started: Config 3: Exp8 1-57
2026-05-04 22:16:12,258 INFO o.a.j.t.JMeterThread: Thread started: Config 3: Exp8 1-58
2026-05-04 22:16:12,466 INFO o.a.j.t.JMeterThread: Thread started: Config 3: Exp8 1-59
2026-05-04 22:16:12,674 INFO o.a.j.t.JMeterThread: Thread started: Config 3: Exp8 1-60
2026-05-04 22:16:12,882 INFO o.a.j.t.JMeterThread: Thread started: Config 3: Exp8 1-61
2026-05-04 22:16:13,090 INFO o.a.j.t.JMeterThread: Thread started: Config 3: Exp8 1-62
2026-05-04 22:16:13,298 INFO o.a.j.t.JMeterThread: Thread started: Config 3: Exp8 1-63
2026-05-04 22:16:13,506 INFO o.a.j.t.JMeterThread: Thread started: Config 3: Exp8 1-64
2026-05-04 22:16:13,714 INFO o.a.j.t.JMeterThread: Thread started: Config 3: Exp8 1-65
2026-05-04 22:16:13,923 INFO o.a.j.t.JMeterThread: Thread started: Config 3: Exp8 1-66
2026-05-04 22:16:14,131 INFO o.a.j.t.JMeterThread: Thread started: Config 3: Exp8 1-67
2026-05-04 22:16:14,338 INFO o.a.j.t.JMeterThread: Thread started: Config 3: Exp8 1-68
2026-05-04 22:16:14,548 INFO o.a.j.t.JMeterThread: Thread started: Config 3: Exp8 1-69
2026-05-04 22:16:14,755 INFO o.a.j.t.JMeterThread: Thread started: Config 3: Exp8 1-70
2026-05-04 22:16:14,963 INFO o.a.j.t.JMeterThread: Thread started: Config 3: Exp8 1-71
2026-05-04 22:16:15,170 INFO o.a.j.t.JMeterThread: Thread started: Config 3: Exp8 1-72
2026-05-04 22:16:15,378 INFO o.a.j.t.JMeterThread: Thread started: Config 3: Exp8 1-73
2026-05-04 22:16:15,587 INFO o.a.j.t.JMeterThread: Thread started: Config 3: Exp8 1-74
2026-05-04 22:16:15,795 INFO o.a.j.t.JMeterThread: Thread started: Config 3: Exp8 1-75
2026-05-04 22:16:16,003 INFO o.a.j.t.JMeterThread: Thread started: Config 3: Exp8 1-76
2026-05-04 22:16:16,211 INFO o.a.j.t.JMeterThread: Thread started: Config 3: Exp8 1-77
2026-05-04 22:16:16,418 INFO o.a.j.t.JMeterThread: Thread started: Config 3: Exp8 1-78
2026-05-04 22:16:16,626 INFO o.a.j.t.JMeterThread: Thread started: Config 3: Exp8 1-79
2026-05-04 22:16:16,834 INFO o.a.j.t.JMeterThread: Thread started: Config 3: Exp8 1-80
2026-05-04 22:16:17,043 INFO o.a.j.t.JMeterThread: Thread started: Config 3: Exp8 1-81
2026-05-04 22:16:17,250 INFO o.a.j.t.JMeterThread: Thread started: Config 3: Exp8 1-82
2026-05-04 22:16:17,459 INFO o.a.j.t.JMeterThread: Thread started: Config 3: Exp8 1-83
2026-05-04 22:16:17,667 INFO o.a.j.t.JMeterThread: Thread started: Config 3: Exp8 1-84
2026-05-04 22:16:17,874 INFO o.a.j.t.JMeterThread: Thread started: Config 3: Exp8 1-85
2026-05-04 22:16:18,082 INFO o.a.j.t.JMeterThread: Thread started: Config 3: Exp8 1-86
2026-05-04 22:16:18,290 INFO o.a.j.t.JMeterThread: Thread started: Config 3: Exp8 1-87
2026-05-04 22:16:18,499 INFO o.a.j.t.JMeterThread: Thread started: Config 3: Exp8 1-88
2026-05-04 22:16:18,707 INFO o.a.j.t.JMeterThread: Thread started: Config 3: Exp8 1-89
2026-05-04 22:16:18,914 INFO o.a.j.t.JMeterThread: Thread started: Config 3: Exp8 1-90
2026-05-04 22:16:19,122 INFO o.a.j.t.JMeterThread: Thread started: Config 3: Exp8 1-91
2026-05-04 22:16:19,330 INFO o.a.j.t.JMeterThread: Thread started: Config 3: Exp8 1-92
2026-05-04 22:16:19,538 INFO o.a.j.t.JMeterThread: Thread started: Config 3: Exp8 1-93
2026-05-04 22:16:19,746 INFO o.a.j.t.JMeterThread: Thread started: Config 3: Exp8 1-94
2026-05-04 22:16:19,954 INFO o.a.j.t.JMeterThread: Thread started: Config 3: Exp8 1-95
2026-05-04 22:16:20,162 INFO o.a.j.t.JMeterThread: Thread started: Config 3: Exp8 1-96
2026-05-04 22:16:20,370 INFO o.a.j.t.JMeterThread: Thread started: Config 3: Exp8 1-97
2026-05-04 22:16:20,580 INFO o.a.j.t.JMeterThread: Thread started: Config 3: Exp8 1-98
2026-05-04 22:16:20,787 INFO o.a.j.t.JMeterThread: Thread started: Config 3: Exp8 1-99
2026-05-04 22:16:20,995 INFO o.a.j.t.JMeterThread: Thread started: Config 3: Exp8 1-100
2026-05-04 22:16:21,203 INFO o.a.j.t.JMeterThread: Thread started: Config 3: Exp8 1-101
2026-05-04 22:16:21,410 INFO o.a.j.t.JMeterThread: Thread started: Config 3: Exp8 1-102
2026-05-04 22:16:21,619 INFO o.a.j.t.JMeterThread: Thread started: Config 3: Exp8 1-103
2026-05-04 22:16:21,827 INFO o.a.j.t.JMeterThread: Thread started: Config 3: Exp8 1-104
2026-05-04 22:16:22,034 INFO o.a.j.t.JMeterThread: Thread started: Config 3: Exp8 1-105
2026-05-04 22:16:22,243 INFO o.a.j.t.JMeterThread: Thread started: Config 3: Exp8 1-106
2026-05-04 22:16:22,450 INFO o.a.j.t.JMeterThread: Thread started: Config 3: Exp8 1-107
2026-05-04 22:16:22,658 INFO o.a.j.t.JMeterThread: Thread started: Config 3: Exp8 1-108
2026-05-04 22:16:22,866 INFO o.a.j.t.JMeterThread: Thread started: Config 3: Exp8 1-109
2026-05-04 22:16:23,075 INFO o.a.j.t.JMeterThread: Thread started: Config 3: Exp8 1-110
2026-05-04 22:16:23,283 INFO o.a.j.t.JMeterThread: Thread started: Config 3: Exp8 1-111
2026-05-04 22:16:23,490 INFO o.a.j.t.JMeterThread: Thread started: Config 3: Exp8 1-112
2026-05-04 22:16:23,698 INFO o.a.j.t.JMeterThread: Thread started: Config 3: Exp8 1-113
2026-05-04 22:16:23,906 INFO o.a.j.t.JMeterThread: Thread started: Config 3: Exp8 1-114
2026-05-04 22:16:24,114 INFO o.a.j.t.JMeterThread: Thread started: Config 3: Exp8 1-115
2026-05-04 22:16:24,322 INFO o.a.j.t.JMeterThread: Thread started: Config 3: Exp8 1-116
2026-05-04 22:16:24,530 INFO o.a.j.t.JMeterThread: Thread started: Config 3: Exp8 1-117
2026-05-04 22:16:24,739 INFO o.a.j.t.JMeterThread: Thread started: Config 3: Exp8 1-118
2026-05-04 22:16:24,946 INFO o.a.j.t.JMeterThread: Thread started: Config 3: Exp8 1-119
2026-05-04 22:16:25,154 INFO o.a.j.t.JMeterThread: Thread started: Config 3: Exp8 1-120
2026-05-04 22:16:25,362 INFO o.a.j.t.JMeterThread: Thread started: Config 3: Exp8 1-121
2026-05-04 22:16:25,571 INFO o.a.j.t.JMeterThread: Thread started: Config 3: Exp8 1-122
2026-05-04 22:16:25,779 INFO o.a.j.t.JMeterThread: Thread started: Config 3: Exp8 1-123
2026-05-04 22:16:25,987 INFO o.a.j.t.JMeterThread: Thread started: Config 3: Exp8 1-124
2026-05-04 22:16:26,194 INFO o.a.j.t.JMeterThread: Thread started: Config 3: Exp8 1-125
2026-05-04 22:16:26,403 INFO o.a.j.t.JMeterThread: Thread started: Config 3: Exp8 1-126
2026-05-04 22:16:26,611 INFO o.a.j.t.JMeterThread: Thread started: Config 3: Exp8 1-127
2026-05-04 22:16:26,819 INFO o.a.j.t.JMeterThread: Thread started: Config 3: Exp8 1-128
2026-05-04 22:16:27,026 INFO o.a.j.t.JMeterThread: Thread started: Config 3: Exp8 1-129
2026-05-04 22:16:27,234 INFO o.a.j.t.JMeterThread: Thread started: Config 3: Exp8 1-130
2026-05-04 22:16:27,442 INFO o.a.j.t.JMeterThread: Thread started: Config 3: Exp8 1-131
2026-05-04 22:16:27,651 INFO o.a.j.t.JMeterThread: Thread started: Config 3: Exp8 1-132
2026-05-04 22:16:27,859 INFO o.a.j.t.JMeterThread: Thread started: Config 3: Exp8 1-133
2026-05-04 22:16:28,066 INFO o.a.j.t.JMeterThread: Thread started: Config 3: Exp8 1-134
2026-05-04 22:16:28,275 INFO o.a.j.t.JMeterThread: Thread started: Config 3: Exp8 1-135
2026-05-04 22:16:28,483 INFO o.a.j.t.JMeterThread: Thread started: Config 3: Exp8 1-136
2026-05-04 22:16:28,690 INFO o.a.j.t.JMeterThread: Thread started: Config 3: Exp8 1-137
2026-05-04 22:16:28,899 INFO o.a.j.t.JMeterThread: Thread started: Config 3: Exp8 1-138
2026-05-04 22:16:29,107 INFO o.a.j.t.JMeterThread: Thread started: Config 3: Exp8 1-139
2026-05-04 22:16:29,315 INFO o.a.j.t.JMeterThread: Thread started: Config 3: Exp8 1-140
2026-05-04 22:16:29,523 INFO o.a.j.t.JMeterThread: Thread started: Config 3: Exp8 1-141
2026-05-04 22:16:29,731 INFO o.a.j.t.JMeterThread: Thread started: Config 3: Exp8 1-142
2026-05-04 22:16:29,939 INFO o.a.j.t.JMeterThread: Thread started: Config 3: Exp8 1-143
2026-05-04 22:16:30,146 INFO o.a.j.t.JMeterThread: Thread started: Config 3: Exp8 1-144
2026-05-04 22:16:30,355 INFO o.a.j.t.JMeterThread: Thread started: Config 3: Exp8 1-145
2026-05-04 22:16:30,563 INFO o.a.j.t.JMeterThread: Thread started: Config 3: Exp8 1-146
2026-05-04 22:16:30,771 INFO o.a.j.t.JMeterThread: Thread started: Config 3: Exp8 1-147
2026-05-04 22:16:30,978 INFO o.a.j.t.JMeterThread: Thread started: Config 3: Exp8 1-148
2026-05-04 22:16:31,186 INFO o.a.j.t.JMeterThread: Thread started: Config 3: Exp8 1-149
2026-05-04 22:16:31,395 INFO o.a.j.t.JMeterThread: Thread started: Config 3: Exp8 1-150
2026-05-04 22:16:31,603 INFO o.a.j.t.JMeterThread: Thread started: Config 3: Exp8 1-151
2026-05-04 22:16:31,811 INFO o.a.j.t.JMeterThread: Thread started: Config 3: Exp8 1-152
2026-05-04 22:16:32,019 INFO o.a.j.t.JMeterThread: Thread started: Config 3: Exp8 1-153
2026-05-04 22:16:32,226 INFO o.a.j.t.JMeterThread: Thread started: Config 3: Exp8 1-154
2026-05-04 22:16:32,434 INFO o.a.j.t.JMeterThread: Thread started: Config 3: Exp8 1-155
2026-05-04 22:16:32,642 INFO o.a.j.t.JMeterThread: Thread started: Config 3: Exp8 1-156
2026-05-04 22:16:32,851 INFO o.a.j.t.JMeterThread: Thread started: Config 3: Exp8 1-157
2026-05-04 22:16:33,059 INFO o.a.j.t.JMeterThread: Thread started: Config 3: Exp8 1-158
2026-05-04 22:16:33,266 INFO o.a.j.t.JMeterThread: Thread started: Config 3: Exp8 1-159
2026-05-04 22:16:33,474 INFO o.a.j.t.JMeterThread: Thread started: Config 3: Exp8 1-160
2026-05-04 22:16:33,682 INFO o.a.j.t.JMeterThread: Thread started: Config 3: Exp8 1-161
2026-05-04 22:16:33,890 INFO o.a.j.t.JMeterThread: Thread started: Config 3: Exp8 1-162
2026-05-04 22:16:34,098 INFO o.a.j.t.JMeterThread: Thread started: Config 3: Exp8 1-163
2026-05-04 22:16:34,306 INFO o.a.j.t.JMeterThread: Thread started: Config 3: Exp8 1-164
2026-05-04 22:16:34,515 INFO o.a.j.t.JMeterThread: Thread started: Config 3: Exp8 1-165
2026-05-04 22:16:34,722 INFO o.a.j.t.JMeterThread: Thread started: Config 3: Exp8 1-166
2026-05-04 22:16:34,930 INFO o.a.j.t.JMeterThread: Thread started: Config 3: Exp8 1-167
2026-05-04 22:16:35,138 INFO o.a.j.t.JMeterThread: Thread started: Config 3: Exp8 1-168
2026-05-04 22:16:35,346 INFO o.a.j.t.JMeterThread: Thread started: Config 3: Exp8 1-169
2026-05-04 22:16:35,555 INFO o.a.j.t.JMeterThread: Thread started: Config 3: Exp8 1-170
2026-05-04 22:16:35,763 INFO o.a.j.t.JMeterThread: Thread started: Config 3: Exp8 1-171
2026-05-04 22:16:35,971 INFO o.a.j.t.JMeterThread: Thread started: Config 3: Exp8 1-172
2026-05-04 22:16:36,179 INFO o.a.j.t.JMeterThread: Thread started: Config 3: Exp8 1-173
2026-05-04 22:16:36,386 INFO o.a.j.t.JMeterThread: Thread started: Config 3: Exp8 1-174
2026-05-04 22:16:36,595 INFO o.a.j.t.JMeterThread: Thread started: Config 3: Exp8 1-175
2026-05-04 22:16:36,803 INFO o.a.j.t.JMeterThread: Thread started: Config 3: Exp8 1-176
2026-05-04 22:16:37,011 INFO o.a.j.t.JMeterThread: Thread started: Config 3: Exp8 1-177
2026-05-04 22:16:37,219 INFO o.a.j.t.JMeterThread: Thread started: Config 3: Exp8 1-178
2026-05-04 22:16:37,427 INFO o.a.j.t.JMeterThread: Thread started: Config 3: Exp8 1-179
2026-05-04 22:16:37,634 INFO o.a.j.t.JMeterThread: Thread started: Config 3: Exp8 1-180
2026-05-04 22:16:37,843 INFO o.a.j.t.JMeterThread: Thread started: Config 3: Exp8 1-181
2026-05-04 22:16:38,051 INFO o.a.j.t.JMeterThread: Thread started: Config 3: Exp8 1-182
2026-05-04 22:16:38,258 INFO o.a.j.t.JMeterThread: Thread started: Config 3: Exp8 1-183
2026-05-04 22:16:38,467 INFO o.a.j.t.JMeterThread: Thread started: Config 3: Exp8 1-184
2026-05-04 22:16:38,674 INFO o.a.j.t.JMeterThread: Thread started: Config 3: Exp8 1-185
2026-05-04 22:16:38,882 INFO o.a.j.t.JMeterThread: Thread started: Config 3: Exp8 1-186
2026-05-04 22:16:39,090 INFO o.a.j.t.JMeterThread: Thread started: Config 3: Exp8 1-187
2026-05-04 22:16:39,298 INFO o.a.j.t.JMeterThread: Thread started: Config 3: Exp8 1-188
2026-05-04 22:16:39,506 INFO o.a.j.t.JMeterThread: Thread started: Config 3: Exp8 1-189
2026-05-04 22:16:39,714 INFO o.a.j.t.JMeterThread: Thread started: Config 3: Exp8 1-190
2026-05-04 22:16:39,922 INFO o.a.j.t.JMeterThread: Thread started: Config 3: Exp8 1-191
2026-05-04 22:16:40,130 INFO o.a.j.t.JMeterThread: Thread started: Config 3: Exp8 1-192
2026-05-04 22:16:40,338 INFO o.a.j.t.JMeterThread: Thread started: Config 3: Exp8 1-193
2026-05-04 22:16:40,546 INFO o.a.j.t.JMeterThread: Thread started: Config 3: Exp8 1-194
2026-05-04 22:16:40,755 INFO o.a.j.t.JMeterThread: Thread started: Config 3: Exp8 1-195
2026-05-04 22:16:40,963 INFO o.a.j.t.JMeterThread: Thread started: Config 3: Exp8 1-196
2026-05-04 22:16:41,171 INFO o.a.j.t.JMeterThread: Thread started: Config 3: Exp8 1-197
2026-05-04 22:16:41,379 INFO o.a.j.t.JMeterThread: Thread started: Config 3: Exp8 1-198
2026-05-04 22:16:41,586 INFO o.a.j.t.JMeterThread: Thread started: Config 3: Exp8 1-199
2026-05-04 22:16:41,794 INFO o.a.j.t.JMeterThread: Thread started: Config 3: Exp8 1-200
2026-05-04 22:16:42,002 INFO o.a.j.t.JMeterThread: Thread started: Config 3: Exp8 1-201
2026-05-04 22:16:42,210 INFO o.a.j.t.JMeterThread: Thread started: Config 3: Exp8 1-202
2026-05-04 22:16:42,418 INFO o.a.j.t.JMeterThread: Thread started: Config 3: Exp8 1-203
2026-05-04 22:16:42,626 INFO o.a.j.t.JMeterThread: Thread started: Config 3: Exp8 1-204
2026-05-04 22:16:42,836 INFO o.a.j.t.JMeterThread: Thread started: Config 3: Exp8 1-205
2026-05-04 22:16:43,053 INFO o.a.j.t.JMeterThread: Thread started: Config 3: Exp8 1-206
2026-05-04 22:16:43,251 INFO o.a.j.t.JMeterThread: Thread started: Config 3: Exp8 1-207
2026-05-04 22:16:43,459 INFO o.a.j.t.JMeterThread: Thread started: Config 3: Exp8 1-208
2026-05-04 22:16:43,667 INFO o.a.j.t.JMeterThread: Thread started: Config 3: Exp8 1-209
2026-05-04 22:16:43,874 INFO o.a.j.t.JMeterThread: Thread started: Config 3: Exp8 1-210
2026-05-04 22:16:44,082 INFO o.a.j.t.JMeterThread: Thread started: Config 3: Exp8 1-211
2026-05-04 22:16:44,291 INFO o.a.j.t.JMeterThread: Thread started: Config 3: Exp8 1-212
2026-05-04 22:16:44,498 INFO o.a.j.t.JMeterThread: Thread started: Config 3: Exp8 1-213
2026-05-04 22:16:44,706 INFO o.a.j.t.JMeterThread: Thread started: Config 3: Exp8 1-214
2026-05-04 22:16:44,915 INFO o.a.j.t.JMeterThread: Thread started: Config 3: Exp8 1-215
2026-05-04 22:16:45,122 INFO o.a.j.t.JMeterThread: Thread started: Config 3: Exp8 1-216
2026-05-04 22:16:45,330 INFO o.a.j.t.JMeterThread: Thread started: Config 3: Exp8 1-217
2026-05-04 22:16:45,538 INFO o.a.j.t.JMeterThread: Thread started: Config 3: Exp8 1-218
2026-05-04 22:16:45,746 INFO o.a.j.t.JMeterThread: Thread started: Config 3: Exp8 1-219
2026-05-04 22:16:45,954 INFO o.a.j.t.JMeterThread: Thread started: Config 3: Exp8 1-220
2026-05-04 22:16:46,163 INFO o.a.j.t.JMeterThread: Thread started: Config 3: Exp8 1-221
2026-05-04 22:16:46,370 INFO o.a.j.t.JMeterThread: Thread started: Config 3: Exp8 1-222
2026-05-04 22:16:46,578 INFO o.a.j.t.JMeterThread: Thread started: Config 3: Exp8 1-223
2026-05-04 22:16:46,787 INFO o.a.j.t.JMeterThread: Thread started: Config 3: Exp8 1-224
2026-05-04 22:16:46,994 INFO o.a.j.t.JMeterThread: Thread started: Config 3: Exp8 1-225
2026-05-04 22:16:47,204 INFO o.a.j.t.JMeterThread: Thread started: Config 3: Exp8 1-226
2026-05-04 22:16:47,411 INFO o.a.j.t.JMeterThread: Thread started: Config 3: Exp8 1-227
2026-05-04 22:16:47,618 INFO o.a.j.t.JMeterThread: Thread started: Config 3: Exp8 1-228
2026-05-04 22:16:47,826 INFO o.a.j.t.JMeterThread: Thread started: Config 3: Exp8 1-229
2026-05-04 22:16:48,034 INFO o.a.j.t.JMeterThread: Thread started: Config 3: Exp8 1-230
2026-05-04 22:16:48,243 INFO o.a.j.t.JMeterThread: Thread started: Config 3: Exp8 1-231
2026-05-04 22:16:48,451 INFO o.a.j.t.JMeterThread: Thread started: Config 3: Exp8 1-232
2026-05-04 22:16:48,659 INFO o.a.j.t.JMeterThread: Thread started: Config 3: Exp8 1-233
2026-05-04 22:16:48,867 INFO o.a.j.t.JMeterThread: Thread started: Config 3: Exp8 1-234
2026-05-04 22:16:49,075 INFO o.a.j.t.JMeterThread: Thread started: Config 3: Exp8 1-235
2026-05-04 22:16:49,282 INFO o.a.j.t.JMeterThread: Thread started: Config 3: Exp8 1-236
2026-05-04 22:16:49,490 INFO o.a.j.t.JMeterThread: Thread started: Config 3: Exp8 1-237
2026-05-04 22:16:49,698 INFO o.a.j.t.JMeterThread: Thread started: Config 3: Exp8 1-238
2026-05-04 22:16:49,906 INFO o.a.j.t.JMeterThread: Thread started: Config 3: Exp8 1-239
2026-05-04 22:16:50,114 INFO o.a.j.t.JMeterThread: Thread started: Config 3: Exp8 1-240
2026-05-04 22:16:50,322 INFO o.a.j.t.JMeterThread: Thread started: Config 3: Exp8 1-241
2026-05-04 22:16:50,530 INFO o.a.j.t.JMeterThread: Thread started: Config 3: Exp8 1-242
2026-05-04 22:16:50,738 INFO o.a.j.t.JMeterThread: Thread started: Config 3: Exp8 1-243
2026-05-04 22:16:50,946 INFO o.a.j.t.JMeterThread: Thread started: Config 3: Exp8 1-244
2026-05-04 22:16:51,154 INFO o.a.j.t.JMeterThread: Thread started: Config 3: Exp8 1-245
2026-05-04 22:16:51,362 INFO o.a.j.t.JMeterThread: Thread started: Config 3: Exp8 1-246
2026-05-04 22:16:51,570 INFO o.a.j.t.JMeterThread: Thread started: Config 3: Exp8 1-247
2026-05-04 22:16:51,778 INFO o.a.j.t.JMeterThread: Thread started: Config 3: Exp8 1-248
2026-05-04 22:16:51,986 INFO o.a.j.t.JMeterThread: Thread started: Config 3: Exp8 1-249
2026-05-04 22:16:52,194 INFO o.a.j.t.JMeterThread: Thread started: Config 3: Exp8 1-250
2026-05-04 22:16:52,402 INFO o.a.j.t.JMeterThread: Thread started: Config 3: Exp8 1-251
2026-05-04 22:16:52,611 INFO o.a.j.t.JMeterThread: Thread started: Config 3: Exp8 1-252
2026-05-04 22:16:52,820 INFO o.a.j.t.JMeterThread: Thread started: Config 3: Exp8 1-253
2026-05-04 22:16:53,027 INFO o.a.j.t.JMeterThread: Thread started: Config 3: Exp8 1-254
2026-05-04 22:16:53,235 INFO o.a.j.t.JMeterThread: Thread started: Config 3: Exp8 1-255
2026-05-04 22:16:53,443 INFO o.a.j.t.JMeterThread: Thread started: Config 3: Exp8 1-256
2026-05-04 22:16:53,650 INFO o.a.j.t.JMeterThread: Thread started: Config 3: Exp8 1-257
2026-05-04 22:16:53,859 INFO o.a.j.t.JMeterThread: Thread started: Config 3: Exp8 1-258
2026-05-04 22:16:54,067 INFO o.a.j.t.JMeterThread: Thread started: Config 3: Exp8 1-259
2026-05-04 22:16:54,275 INFO o.a.j.t.JMeterThread: Thread started: Config 3: Exp8 1-260
2026-05-04 22:16:54,482 INFO o.a.j.t.JMeterThread: Thread started: Config 3: Exp8 1-261
2026-05-04 22:16:54,690 INFO o.a.j.t.JMeterThread: Thread started: Config 3: Exp8 1-262
2026-05-04 22:16:54,898 INFO o.a.j.t.JMeterThread: Thread started: Config 3: Exp8 1-263
2026-05-04 22:16:55,106 INFO o.a.j.t.JMeterThread: Thread started: Config 3: Exp8 1-264
2026-05-04 22:16:55,314 INFO o.a.j.t.JMeterThread: Thread started: Config 3: Exp8 1-265
2026-05-04 22:16:55,522 INFO o.a.j.t.JMeterThread: Thread started: Config 3: Exp8 1-266
2026-05-04 22:16:55,730 INFO o.a.j.t.JMeterThread: Thread started: Config 3: Exp8 1-267
2026-05-04 22:16:55,938 INFO o.a.j.t.JMeterThread: Thread started: Config 3: Exp8 1-268
2026-05-04 22:16:56,146 INFO o.a.j.t.JMeterThread: Thread started: Config 3: Exp8 1-269
2026-05-04 22:16:56,354 INFO o.a.j.t.JMeterThread: Thread started: Config 3: Exp8 1-270
2026-05-04 22:16:56,563 INFO o.a.j.t.JMeterThread: Thread started: Config 3: Exp8 1-271
2026-05-04 22:16:56,771 INFO o.a.j.t.JMeterThread: Thread started: Config 3: Exp8 1-272
2026-05-04 22:16:56,979 INFO o.a.j.t.JMeterThread: Thread started: Config 3: Exp8 1-273
2026-05-04 22:16:57,187 INFO o.a.j.t.JMeterThread: Thread started: Config 3: Exp8 1-274
2026-05-04 22:16:57,395 INFO o.a.j.t.JMeterThread: Thread started: Config 3: Exp8 1-275
2026-05-04 22:16:57,602 INFO o.a.j.t.JMeterThread: Thread started: Config 3: Exp8 1-276
2026-05-04 22:16:57,810 INFO o.a.j.t.JMeterThread: Thread started: Config 3: Exp8 1-277
2026-05-04 22:16:58,019 INFO o.a.j.t.JMeterThread: Thread started: Config 3: Exp8 1-278
2026-05-04 22:16:58,227 INFO o.a.j.t.JMeterThread: Thread started: Config 3: Exp8 1-279
2026-05-04 22:16:58,435 INFO o.a.j.t.JMeterThread: Thread started: Config 3: Exp8 1-280
2026-05-04 22:16:58,642 INFO o.a.j.t.JMeterThread: Thread started: Config 3: Exp8 1-281
2026-05-04 22:16:58,850 INFO o.a.j.t.JMeterThread: Thread started: Config 3: Exp8 1-282
2026-05-04 22:16:59,058 INFO o.a.j.t.JMeterThread: Thread started: Config 3: Exp8 1-283
2026-05-04 22:16:59,267 INFO o.a.j.t.JMeterThread: Thread started: Config 3: Exp8 1-284
2026-05-04 22:16:59,474 INFO o.a.j.t.JMeterThread: Thread started: Config 3: Exp8 1-285
2026-05-04 22:16:59,683 INFO o.a.j.t.JMeterThread: Thread started: Config 3: Exp8 1-286
2026-05-04 22:16:59,891 INFO o.a.j.t.JMeterThread: Thread started: Config 3: Exp8 1-287
2026-05-04 22:17:00,098 INFO o.a.j.t.JMeterThread: Thread started: Config 3: Exp8 1-288
2026-05-04 22:17:00,307 INFO o.a.j.t.JMeterThread: Thread started: Config 3: Exp8 1-289
2026-05-04 22:17:00,515 INFO o.a.j.t.JMeterThread: Thread started: Config 3: Exp8 1-290
2026-05-04 22:17:00,723 INFO o.a.j.t.JMeterThread: Thread started: Config 3: Exp8 1-291
2026-05-04 22:17:00,930 INFO o.a.j.t.JMeterThread: Thread started: Config 3: Exp8 1-292
2026-05-04 22:17:01,138 INFO o.a.j.t.JMeterThread: Thread started: Config 3: Exp8 1-293
2026-05-04 22:17:01,347 INFO o.a.j.t.JMeterThread: Thread started: Config 3: Exp8 1-294
2026-05-04 22:17:01,555 INFO o.a.j.t.JMeterThread: Thread started: Config 3: Exp8 1-295
2026-05-04 22:17:01,762 INFO o.a.j.t.JMeterThread: Thread started: Config 3: Exp8 1-296
2026-05-04 22:17:01,971 INFO o.a.j.t.JMeterThread: Thread started: Config 3: Exp8 1-297
2026-05-04 22:17:02,179 INFO o.a.j.t.JMeterThread: Thread started: Config 3: Exp8 1-298
2026-05-04 22:17:02,386 INFO o.a.j.t.JMeterThread: Thread started: Config 3: Exp8 1-299
2026-05-04 22:17:02,594 INFO o.a.j.t.JMeterThread: Thread started: Config 3: Exp8 1-300
2026-05-04 22:17:02,802 INFO o.a.j.t.JMeterThread: Thread started: Config 3: Exp8 1-301
2026-05-04 22:17:03,010 INFO o.a.j.t.JMeterThread: Thread started: Config 3: Exp8 1-302
2026-05-04 22:17:03,218 INFO o.a.j.t.JMeterThread: Thread started: Config 3: Exp8 1-303
2026-05-04 22:17:03,426 INFO o.a.j.t.JMeterThread: Thread started: Config 3: Exp8 1-304
2026-05-04 22:17:03,635 INFO o.a.j.t.JMeterThread: Thread started: Config 3: Exp8 1-305
2026-05-04 22:17:03,842 INFO o.a.j.t.JMeterThread: Thread started: Config 3: Exp8 1-306
2026-05-04 22:17:04,050 INFO o.a.j.t.JMeterThread: Thread started: Config 3: Exp8 1-307
2026-05-04 22:17:04,258 INFO o.a.j.t.JMeterThread: Thread started: Config 3: Exp8 1-308
2026-05-04 22:17:04,467 INFO o.a.j.t.JMeterThread: Thread started: Config 3: Exp8 1-309
2026-05-04 22:17:04,675 INFO o.a.j.t.JMeterThread: Thread started: Config 3: Exp8 1-310
2026-05-04 22:17:04,882 INFO o.a.j.t.JMeterThread: Thread started: Config 3: Exp8 1-311
2026-05-04 22:17:05,091 INFO o.a.j.t.JMeterThread: Thread started: Config 3: Exp8 1-312
2026-05-04 22:17:05,298 INFO o.a.j.t.JMeterThread: Thread started: Config 3: Exp8 1-313
2026-05-04 22:17:05,506 INFO o.a.j.t.JMeterThread: Thread started: Config 3: Exp8 1-314
2026-05-04 22:17:05,715 INFO o.a.j.t.JMeterThread: Thread started: Config 3: Exp8 1-315
2026-05-04 22:17:05,923 INFO o.a.j.t.JMeterThread: Thread started: Config 3: Exp8 1-316
2026-05-04 22:17:06,131 INFO o.a.j.t.JMeterThread: Thread started: Config 3: Exp8 1-317
2026-05-04 22:17:06,338 INFO o.a.j.t.JMeterThread: Thread started: Config 3: Exp8 1-318
2026-05-04 22:17:06,547 INFO o.a.j.t.JMeterThread: Thread started: Config 3: Exp8 1-319
2026-05-04 22:17:06,755 INFO o.a.j.t.JMeterThread: Thread started: Config 3: Exp8 1-320
2026-05-04 22:17:06,963 INFO o.a.j.t.JMeterThread: Thread started: Config 3: Exp8 1-321
2026-05-04 22:17:07,171 INFO o.a.j.t.JMeterThread: Thread started: Config 3: Exp8 1-322
2026-05-04 22:17:07,380 INFO o.a.j.t.JMeterThread: Thread started: Config 3: Exp8 1-323
2026-05-04 22:17:07,588 INFO o.a.j.t.JMeterThread: Thread started: Config 3: Exp8 1-324
2026-05-04 22:17:07,796 INFO o.a.j.t.JMeterThread: Thread started: Config 3: Exp8 1-325
2026-05-04 22:17:08,004 INFO o.a.j.t.JMeterThread: Thread started: Config 3: Exp8 1-326
2026-05-04 22:17:08,211 INFO o.a.j.t.JMeterThread: Thread started: Config 3: Exp8 1-327
2026-05-04 22:17:08,418 INFO o.a.j.t.JMeterThread: Thread started: Config 3: Exp8 1-328
2026-05-04 22:17:08,626 INFO o.a.j.t.JMeterThread: Thread started: Config 3: Exp8 1-329
2026-05-04 22:17:08,835 INFO o.a.j.t.JMeterThread: Thread started: Config 3: Exp8 1-330
2026-05-04 22:17:09,042 INFO o.a.j.t.JMeterThread: Thread started: Config 3: Exp8 1-331
2026-05-04 22:17:09,250 INFO o.a.j.t.JMeterThread: Thread started: Config 3: Exp8 1-332
2026-05-04 22:17:09,459 INFO o.a.j.t.JMeterThread: Thread started: Config 3: Exp8 1-333
2026-05-04 22:17:09,666 INFO o.a.j.t.JMeterThread: Thread started: Config 3: Exp8 1-334
2026-05-04 22:17:09,875 INFO o.a.j.t.JMeterThread: Thread started: Config 3: Exp8 1-335
2026-05-04 22:17:10,082 INFO o.a.j.t.JMeterThread: Thread started: Config 3: Exp8 1-336
2026-05-04 22:17:10,290 INFO o.a.j.t.JMeterThread: Thread started: Config 3: Exp8 1-337
2026-05-04 22:17:10,499 INFO o.a.j.t.JMeterThread: Thread started: Config 3: Exp8 1-338
2026-05-04 22:17:10,707 INFO o.a.j.t.JMeterThread: Thread started: Config 3: Exp8 1-339
2026-05-04 22:17:10,915 INFO o.a.j.t.JMeterThread: Thread started: Config 3: Exp8 1-340
2026-05-04 22:17:11,123 INFO o.a.j.t.JMeterThread: Thread started: Config 3: Exp8 1-341
2026-05-04 22:17:11,330 INFO o.a.j.t.JMeterThread: Thread started: Config 3: Exp8 1-342
2026-05-04 22:17:11,538 INFO o.a.j.t.JMeterThread: Thread started: Config 3: Exp8 1-343
2026-05-04 22:17:11,748 INFO o.a.j.t.JMeterThread: Thread started: Config 3: Exp8 1-344
2026-05-04 22:17:11,955 INFO o.a.j.t.JMeterThread: Thread started: Config 3: Exp8 1-345
2026-05-04 22:17:12,162 INFO o.a.j.t.JMeterThread: Thread started: Config 3: Exp8 1-346
2026-05-04 22:17:12,370 INFO o.a.j.t.JMeterThread: Thread started: Config 3: Exp8 1-347
2026-05-04 22:17:12,578 INFO o.a.j.t.JMeterThread: Thread started: Config 3: Exp8 1-348
2026-05-04 22:17:12,787 INFO o.a.j.t.JMeterThread: Thread started: Config 3: Exp8 1-349
2026-05-04 22:17:12,994 INFO o.a.j.t.JMeterThread: Thread started: Config 3: Exp8 1-350
2026-05-04 22:17:13,202 INFO o.a.j.t.JMeterThread: Thread started: Config 3: Exp8 1-351
2026-05-04 22:17:13,411 INFO o.a.j.t.JMeterThread: Thread started: Config 3: Exp8 1-352
2026-05-04 22:17:13,619 INFO o.a.j.t.JMeterThread: Thread started: Config 3: Exp8 1-353
2026-05-04 22:17:13,826 INFO o.a.j.t.JMeterThread: Thread started: Config 3: Exp8 1-354
2026-05-04 22:17:14,035 INFO o.a.j.t.JMeterThread: Thread started: Config 3: Exp8 1-355
2026-05-04 22:17:14,243 INFO o.a.j.t.JMeterThread: Thread started: Config 3: Exp8 1-356
2026-05-04 22:17:14,450 INFO o.a.j.t.JMeterThread: Thread started: Config 3: Exp8 1-357
2026-05-04 22:17:14,658 INFO o.a.j.t.JMeterThread: Thread started: Config 3: Exp8 1-358
2026-05-04 22:17:14,866 INFO o.a.j.t.JMeterThread: Thread started: Config 3: Exp8 1-359
2026-05-04 22:17:15,075 INFO o.a.j.t.JMeterThread: Thread started: Config 3: Exp8 1-360
2026-05-04 22:17:15,283 INFO o.a.j.t.JMeterThread: Thread started: Config 3: Exp8 1-361
2026-05-04 22:17:15,490 INFO o.a.j.t.JMeterThread: Thread started: Config 3: Exp8 1-362
2026-05-04 22:17:15,699 INFO o.a.j.t.JMeterThread: Thread started: Config 3: Exp8 1-363
2026-05-04 22:17:15,907 INFO o.a.j.t.JMeterThread: Thread started: Config 3: Exp8 1-364
2026-05-04 22:17:16,116 INFO o.a.j.t.JMeterThread: Thread started: Config 3: Exp8 1-365
2026-05-04 22:17:16,323 INFO o.a.j.t.JMeterThread: Thread started: Config 3: Exp8 1-366
2026-05-04 22:17:16,530 INFO o.a.j.t.JMeterThread: Thread started: Config 3: Exp8 1-367
2026-05-04 22:17:16,738 INFO o.a.j.t.JMeterThread: Thread started: Config 3: Exp8 1-368
2026-05-04 22:17:16,948 INFO o.a.j.t.JMeterThread: Thread started: Config 3: Exp8 1-369
2026-05-04 22:17:17,154 INFO o.a.j.t.JMeterThread: Thread started: Config 3: Exp8 1-370
2026-05-04 22:17:17,363 INFO o.a.j.t.JMeterThread: Thread started: Config 3: Exp8 1-371
2026-05-04 22:17:17,570 INFO o.a.j.t.JMeterThread: Thread started: Config 3: Exp8 1-372
2026-05-04 22:17:17,780 INFO o.a.j.t.JMeterThread: Thread started: Config 3: Exp8 1-373
2026-05-04 22:17:17,988 INFO o.a.j.t.JMeterThread: Thread started: Config 3: Exp8 1-374
2026-05-04 22:17:18,194 INFO o.a.j.t.JMeterThread: Thread started: Config 3: Exp8 1-375
2026-05-04 22:17:18,403 INFO o.a.j.t.JMeterThread: Thread started: Config 3: Exp8 1-376
2026-05-04 22:17:18,611 INFO o.a.j.t.JMeterThread: Thread started: Config 3: Exp8 1-377
2026-05-04 22:17:18,820 INFO o.a.j.t.JMeterThread: Thread started: Config 3: Exp8 1-378
2026-05-04 22:17:19,027 INFO o.a.j.t.JMeterThread: Thread started: Config 3: Exp8 1-379
2026-05-04 22:17:19,234 INFO o.a.j.t.JMeterThread: Thread started: Config 3: Exp8 1-380
2026-05-04 22:17:19,442 INFO o.a.j.t.JMeterThread: Thread started: Config 3: Exp8 1-381
2026-05-04 22:17:19,651 INFO o.a.j.t.JMeterThread: Thread started: Config 3: Exp8 1-382
2026-05-04 22:17:19,859 INFO o.a.j.t.JMeterThread: Thread started: Config 3: Exp8 1-383
2026-05-04 22:17:20,067 INFO o.a.j.t.JMeterThread: Thread started: Config 3: Exp8 1-384
2026-05-04 22:17:20,275 INFO o.a.j.t.JMeterThread: Thread started: Config 3: Exp8 1-385
2026-05-04 22:17:20,483 INFO o.a.j.t.JMeterThread: Thread started: Config 3: Exp8 1-386
2026-05-04 22:17:20,692 INFO o.a.j.t.JMeterThread: Thread started: Config 3: Exp8 1-387
2026-05-04 22:17:20,899 INFO o.a.j.t.JMeterThread: Thread started: Config 3: Exp8 1-388
2026-05-04 22:17:21,107 INFO o.a.j.t.JMeterThread: Thread started: Config 3: Exp8 1-389
2026-05-04 22:17:21,315 INFO o.a.j.t.JMeterThread: Thread started: Config 3: Exp8 1-390
2026-05-04 22:17:21,522 INFO o.a.j.t.JMeterThread: Thread started: Config 3: Exp8 1-391
2026-05-04 22:17:21,731 INFO o.a.j.t.JMeterThread: Thread started: Config 3: Exp8 1-392
2026-05-04 22:17:21,939 INFO o.a.j.t.JMeterThread: Thread started: Config 3: Exp8 1-393
2026-05-04 22:17:22,146 INFO o.a.j.t.JMeterThread: Thread started: Config 3: Exp8 1-394
2026-05-04 22:17:22,361 INFO o.a.j.t.JMeterThread: Thread started: Config 3: Exp8 1-395
2026-05-04 22:17:22,562 INFO o.a.j.t.JMeterThread: Thread started: Config 3: Exp8 1-396
2026-05-04 22:17:22,771 INFO o.a.j.t.JMeterThread: Thread started: Config 3: Exp8 1-397
2026-05-04 22:17:22,978 INFO o.a.j.t.JMeterThread: Thread started: Config 3: Exp8 1-398
2026-05-04 22:17:23,186 INFO o.a.j.t.JMeterThread: Thread started: Config 3: Exp8 1-399
2026-05-04 22:17:23,395 INFO o.a.j.t.JMeterThread: Thread started: Config 3: Exp8 1-400
2026-05-04 22:17:23,602 INFO o.a.j.t.JMeterThread: Thread started: Config 3: Exp8 1-401
2026-05-04 22:17:23,811 INFO o.a.j.t.JMeterThread: Thread started: Config 3: Exp8 1-402
2026-05-04 22:17:24,018 INFO o.a.j.t.JMeterThread: Thread started: Config 3: Exp8 1-403
2026-05-04 22:17:24,226 INFO o.a.j.t.JMeterThread: Thread started: Config 3: Exp8 1-404
2026-05-04 22:17:24,434 INFO o.a.j.t.JMeterThread: Thread started: Config 3: Exp8 1-405
2026-05-04 22:17:24,642 INFO o.a.j.t.JMeterThread: Thread started: Config 3: Exp8 1-406
2026-05-04 22:17:24,850 INFO o.a.j.t.JMeterThread: Thread started: Config 3: Exp8 1-407
2026-05-04 22:17:25,060 INFO o.a.j.t.JMeterThread: Thread started: Config 3: Exp8 1-408
2026-05-04 22:17:25,267 INFO o.a.j.t.JMeterThread: Thread started: Config 3: Exp8 1-409
2026-05-04 22:17:25,474 INFO o.a.j.t.JMeterThread: Thread started: Config 3: Exp8 1-410
2026-05-04 22:17:25,682 INFO o.a.j.t.JMeterThread: Thread started: Config 3: Exp8 1-411
2026-05-04 22:17:25,890 INFO o.a.j.t.JMeterThread: Thread started: Config 3: Exp8 1-412
2026-05-04 22:17:26,099 INFO o.a.j.t.JMeterThread: Thread started: Config 3: Exp8 1-413
2026-05-04 22:17:26,306 INFO o.a.j.t.JMeterThread: Thread started: Config 3: Exp8 1-414
2026-05-04 22:17:26,515 INFO o.a.j.t.JMeterThread: Thread started: Config 3: Exp8 1-415
2026-05-04 22:17:26,723 INFO o.a.j.t.JMeterThread: Thread started: Config 3: Exp8 1-416
2026-05-04 22:17:26,931 INFO o.a.j.t.JMeterThread: Thread started: Config 3: Exp8 1-417
2026-05-04 22:17:27,138 INFO o.a.j.t.JMeterThread: Thread started: Config 3: Exp8 1-418
2026-05-04 22:17:27,348 INFO o.a.j.t.JMeterThread: Thread started: Config 3: Exp8 1-419
2026-05-04 22:17:27,554 INFO o.a.j.t.JMeterThread: Thread started: Config 3: Exp8 1-420
2026-05-04 22:17:27,763 INFO o.a.j.t.JMeterThread: Thread started: Config 3: Exp8 1-421
2026-05-04 22:17:27,970 INFO o.a.j.t.JMeterThread: Thread started: Config 3: Exp8 1-422
2026-05-04 22:17:28,179 INFO o.a.j.t.JMeterThread: Thread started: Config 3: Exp8 1-423
2026-05-04 22:17:28,387 INFO o.a.j.t.JMeterThread: Thread started: Config 3: Exp8 1-424
2026-05-04 22:17:28,595 INFO o.a.j.t.JMeterThread: Thread started: Config 3: Exp8 1-425
2026-05-04 22:17:28,802 INFO o.a.j.t.JMeterThread: Thread started: Config 3: Exp8 1-426
2026-05-04 22:17:29,010 INFO o.a.j.t.JMeterThread: Thread started: Config 3: Exp8 1-427
2026-05-04 22:17:29,218 INFO o.a.j.t.JMeterThread: Thread started: Config 3: Exp8 1-428
2026-05-04 22:17:29,426 INFO o.a.j.t.JMeterThread: Thread started: Config 3: Exp8 1-429
2026-05-04 22:17:29,634 INFO o.a.j.t.JMeterThread: Thread started: Config 3: Exp8 1-430
2026-05-04 22:17:29,844 INFO o.a.j.t.JMeterThread: Thread started: Config 3: Exp8 1-431
2026-05-04 22:17:30,051 INFO o.a.j.t.JMeterThread: Thread started: Config 3: Exp8 1-432
2026-05-04 22:17:30,258 INFO o.a.j.t.JMeterThread: Thread started: Config 3: Exp8 1-433
2026-05-04 22:17:30,467 INFO o.a.j.t.JMeterThread: Thread started: Config 3: Exp8 1-434
2026-05-04 22:17:30,675 INFO o.a.j.t.JMeterThread: Thread started: Config 3: Exp8 1-435
2026-05-04 22:17:30,882 INFO o.a.j.t.JMeterThread: Thread started: Config 3: Exp8 1-436
2026-05-04 22:17:31,091 INFO o.a.j.t.JMeterThread: Thread started: Config 3: Exp8 1-437
2026-05-04 22:17:31,299 INFO o.a.j.t.JMeterThread: Thread started: Config 3: Exp8 1-438
2026-05-04 22:17:31,506 INFO o.a.j.t.JMeterThread: Thread started: Config 3: Exp8 1-439
2026-05-04 22:17:31,714 INFO o.a.j.t.JMeterThread: Thread started: Config 3: Exp8 1-440
2026-05-04 22:17:31,922 INFO o.a.j.t.JMeterThread: Thread started: Config 3: Exp8 1-441
2026-05-04 22:17:32,130 INFO o.a.j.t.JMeterThread: Thread started: Config 3: Exp8 1-442
2026-05-04 22:17:32,339 INFO o.a.j.t.JMeterThread: Thread started: Config 3: Exp8 1-443
2026-05-04 22:17:32,547 INFO o.a.j.t.JMeterThread: Thread started: Config 3: Exp8 1-444
2026-05-04 22:17:32,755 INFO o.a.j.t.JMeterThread: Thread started: Config 3: Exp8 1-445
2026-05-04 22:17:32,963 INFO o.a.j.t.JMeterThread: Thread started: Config 3: Exp8 1-446
2026-05-04 22:17:33,170 INFO o.a.j.t.JMeterThread: Thread started: Config 3: Exp8 1-447
2026-05-04 22:17:33,379 INFO o.a.j.t.JMeterThread: Thread started: Config 3: Exp8 1-448
2026-05-04 22:17:33,586 INFO o.a.j.t.JMeterThread: Thread started: Config 3: Exp8 1-449
2026-05-04 22:17:33,796 INFO o.a.j.t.JMeterThread: Thread started: Config 3: Exp8 1-450
2026-05-04 22:17:34,003 INFO o.a.j.t.JMeterThread: Thread started: Config 3: Exp8 1-451
2026-05-04 22:17:34,210 INFO o.a.j.t.JMeterThread: Thread started: Config 3: Exp8 1-452
2026-05-04 22:17:34,419 INFO o.a.j.t.JMeterThread: Thread started: Config 3: Exp8 1-453
2026-05-04 22:17:34,626 INFO o.a.j.t.JMeterThread: Thread started: Config 3: Exp8 1-454
2026-05-04 22:17:34,834 INFO o.a.j.t.JMeterThread: Thread started: Config 3: Exp8 1-455
2026-05-04 22:17:35,042 INFO o.a.j.t.JMeterThread: Thread started: Config 3: Exp8 1-456
2026-05-04 22:17:35,251 INFO o.a.j.t.JMeterThread: Thread started: Config 3: Exp8 1-457
2026-05-04 22:17:35,458 INFO o.a.j.t.JMeterThread: Thread started: Config 3: Exp8 1-458
2026-05-04 22:17:35,666 INFO o.a.j.t.JMeterThread: Thread started: Config 3: Exp8 1-459
2026-05-04 22:17:35,874 INFO o.a.j.t.JMeterThread: Thread started: Config 3: Exp8 1-460
2026-05-04 22:17:36,082 INFO o.a.j.t.JMeterThread: Thread started: Config 3: Exp8 1-461
2026-05-04 22:17:36,290 INFO o.a.j.t.JMeterThread: Thread started: Config 3: Exp8 1-462
2026-05-04 22:17:36,498 INFO o.a.j.t.JMeterThread: Thread started: Config 3: Exp8 1-463
2026-05-04 22:17:36,706 INFO o.a.j.t.JMeterThread: Thread started: Config 3: Exp8 1-464
2026-05-04 22:17:36,915 INFO o.a.j.t.JMeterThread: Thread started: Config 3: Exp8 1-465
2026-05-04 22:17:37,123 INFO o.a.j.t.JMeterThread: Thread started: Config 3: Exp8 1-466
2026-05-04 22:17:37,331 INFO o.a.j.t.JMeterThread: Thread started: Config 3: Exp8 1-467
2026-05-04 22:17:37,538 INFO o.a.j.t.JMeterThread: Thread started: Config 3: Exp8 1-468
2026-05-04 22:17:37,746 INFO o.a.j.t.JMeterThread: Thread started: Config 3: Exp8 1-469
2026-05-04 22:17:37,954 INFO o.a.j.t.JMeterThread: Thread started: Config 3: Exp8 1-470
2026-05-04 22:17:38,163 INFO o.a.j.t.JMeterThread: Thread started: Config 3: Exp8 1-471
2026-05-04 22:17:38,371 INFO o.a.j.t.JMeterThread: Thread started: Config 3: Exp8 1-472
2026-05-04 22:17:38,578 INFO o.a.j.t.JMeterThread: Thread started: Config 3: Exp8 1-473
2026-05-04 22:17:38,786 INFO o.a.j.t.JMeterThread: Thread started: Config 3: Exp8 1-474
2026-05-04 22:17:38,994 INFO o.a.j.t.JMeterThread: Thread started: Config 3: Exp8 1-475
2026-05-04 22:17:39,202 INFO o.a.j.t.JMeterThread: Thread started: Config 3: Exp8 1-476
2026-05-04 22:17:39,411 INFO o.a.j.t.JMeterThread: Thread started: Config 3: Exp8 1-477
2026-05-04 22:17:39,619 INFO o.a.j.t.JMeterThread: Thread started: Config 3: Exp8 1-478
2026-05-04 22:17:39,827 INFO o.a.j.t.JMeterThread: Thread started: Config 3: Exp8 1-479
2026-05-04 22:17:40,035 INFO o.a.j.t.JMeterThread: Thread started: Config 3: Exp8 1-480
2026-05-04 22:18:24,351 INFO o.a.j.t.JMeterThread: Stopping because end time detected by thread: Config 3: Exp8 1-19
2026-05-04 22:18:24,356 INFO o.a.j.t.JMeterThread: Stopping because end time detected by thread: Config 3: Exp8 1-92
2026-05-04 22:18:24,356 INFO o.a.j.t.JMeterThread: Stopping because end time detected by thread: Config 3: Exp8 1-89
2026-05-04 22:18:24,356 INFO o.a.j.t.JMeterThread: Thread finished: Config 3: Exp8 1-89
2026-05-04 22:18:24,357 INFO o.a.j.t.JMeterThread: Stopping because end time detected by thread: Config 3: Exp8 1-1
2026-05-04 22:18:24,357 INFO o.a.j.t.JMeterThread: Thread finished: Config 3: Exp8 1-1
2026-05-04 22:18:24,357 INFO o.a.j.t.JMeterThread: Stopping because end time detected by thread: Config 3: Exp8 1-122
2026-05-04 22:18:24,357 INFO o.a.j.t.JMeterThread: Thread finished: Config 3: Exp8 1-122
2026-05-04 22:18:24,357 INFO o.a.j.t.JMeterThread: Stopping because end time detected by thread: Config 3: Exp8 1-184
2026-05-04 22:18:24,357 INFO o.a.j.t.JMeterThread: Stopping because end time detected by thread: Config 3: Exp8 1-182
2026-05-04 22:18:24,357 INFO o.a.j.t.JMeterThread: Stopping because end time detected by thread: Config 3: Exp8 1-194
2026-05-04 22:18:24,357 INFO o.a.j.t.JMeterThread: Thread finished: Config 3: Exp8 1-182
2026-05-04 22:18:24,357 INFO o.a.j.t.JMeterThread: Thread finished: Config 3: Exp8 1-194
2026-05-04 22:18:24,357 INFO o.a.j.t.JMeterThread: Stopping because end time detected by thread: Config 3: Exp8 1-98
2026-05-04 22:18:24,357 INFO o.a.j.t.JMeterThread: Stopping because end time detected by thread: Config 3: Exp8 1-199
2026-05-04 22:18:24,357 INFO o.a.j.t.JMeterThread: Stopping because end time detected by thread: Config 3: Exp8 1-99
2026-05-04 22:18:24,357 INFO o.a.j.t.JMeterThread: Thread finished: Config 3: Exp8 1-98
2026-05-04 22:18:24,357 INFO o.a.j.t.JMeterThread: Stopping because end time detected by thread: Config 3: Exp8 1-197
2026-05-04 22:18:24,357 INFO o.a.j.t.JMeterThread: Stopping because end time detected by thread: Config 3: Exp8 1-198
2026-05-04 22:18:24,357 INFO o.a.j.t.JMeterThread: Stopping because end time detected by thread: Config 3: Exp8 1-186
2026-05-04 22:18:24,357 INFO o.a.j.t.JMeterThread: Thread finished: Config 3: Exp8 1-186
2026-05-04 22:18:24,357 INFO o.a.j.t.JMeterThread: Stopping because end time detected by thread: Config 3: Exp8 1-165
2026-05-04 22:18:24,357 INFO o.a.j.t.JMeterThread: Thread finished: Config 3: Exp8 1-165
2026-05-04 22:18:24,357 INFO o.a.j.t.JMeterThread: Stopping because end time detected by thread: Config 3: Exp8 1-202
2026-05-04 22:18:24,357 INFO o.a.j.t.JMeterThread: Thread finished: Config 3: Exp8 1-202
2026-05-04 22:18:24,357 INFO o.a.j.t.JMeterThread: Stopping because end time detected by thread: Config 3: Exp8 1-213
2026-05-04 22:18:24,357 INFO o.a.j.t.JMeterThread: Thread finished: Config 3: Exp8 1-213
2026-05-04 22:18:24,357 INFO o.a.j.t.JMeterThread: Stopping because end time detected by thread: Config 3: Exp8 1-196
2026-05-04 22:18:24,357 INFO o.a.j.t.JMeterThread: Thread finished: Config 3: Exp8 1-196
2026-05-04 22:18:24,357 INFO o.a.j.t.JMeterThread: Stopping because end time detected by thread: Config 3: Exp8 1-207
2026-05-04 22:18:24,357 INFO o.a.j.t.JMeterThread: Stopping because end time detected by thread: Config 3: Exp8 1-57
2026-05-04 22:18:24,357 INFO o.a.j.t.JMeterThread: Thread finished: Config 3: Exp8 1-57
2026-05-04 22:18:24,357 INFO o.a.j.t.JMeterThread: Stopping because end time detected by thread: Config 3: Exp8 1-206
2026-05-04 22:18:24,357 INFO o.a.j.t.JMeterThread: Thread finished: Config 3: Exp8 1-206
2026-05-04 22:18:24,357 INFO o.a.j.t.JMeterThread: Stopping because end time detected by thread: Config 3: Exp8 1-229
2026-05-04 22:18:24,357 INFO o.a.j.t.JMeterThread: Thread finished: Config 3: Exp8 1-229
2026-05-04 22:18:24,357 INFO o.a.j.t.JMeterThread: Stopping because end time detected by thread: Config 3: Exp8 1-232
2026-05-04 22:18:24,357 INFO o.a.j.t.JMeterThread: Thread finished: Config 3: Exp8 1-232
2026-05-04 22:18:24,357 INFO o.a.j.t.JMeterThread: Stopping because end time detected by thread: Config 3: Exp8 1-215
2026-05-04 22:18:24,357 INFO o.a.j.t.JMeterThread: Thread finished: Config 3: Exp8 1-215
2026-05-04 22:18:24,357 INFO o.a.j.t.JMeterThread: Stopping because end time detected by thread: Config 3: Exp8 1-225
2026-05-04 22:18:24,357 INFO o.a.j.t.JMeterThread: Stopping because end time detected by thread: Config 3: Exp8 1-69
2026-05-04 22:18:24,357 INFO o.a.j.t.JMeterThread: Thread finished: Config 3: Exp8 1-225
2026-05-04 22:18:24,357 INFO o.a.j.t.JMeterThread: Thread finished: Config 3: Exp8 1-69
2026-05-04 22:18:24,358 INFO o.a.j.t.JMeterThread: Stopping because end time detected by thread: Config 3: Exp8 1-138
2026-05-04 22:18:24,358 INFO o.a.j.t.JMeterThread: Thread finished: Config 3: Exp8 1-138
2026-05-04 22:18:24,358 INFO o.a.j.t.JMeterThread: Stopping because end time detected by thread: Config 3: Exp8 1-201
2026-05-04 22:18:24,358 INFO o.a.j.t.JMeterThread: Stopping because end time detected by thread: Config 3: Exp8 1-208
2026-05-04 22:18:24,358 INFO o.a.j.t.JMeterThread: Stopping because end time detected by thread: Config 3: Exp8 1-258
2026-05-04 22:18:24,358 INFO o.a.j.t.JMeterThread: Thread finished: Config 3: Exp8 1-208
2026-05-04 22:18:24,358 INFO o.a.j.t.JMeterThread: Thread finished: Config 3: Exp8 1-258
2026-05-04 22:18:24,358 INFO o.a.j.t.JMeterThread: Stopping because end time detected by thread: Config 3: Exp8 1-259
2026-05-04 22:18:24,358 INFO o.a.j.t.JMeterThread: Thread finished: Config 3: Exp8 1-259
2026-05-04 22:18:24,358 INFO o.a.j.t.JMeterThread: Stopping because end time detected by thread: Config 3: Exp8 1-170
2026-05-04 22:18:24,358 INFO o.a.j.t.JMeterThread: Thread finished: Config 3: Exp8 1-170
2026-05-04 22:18:24,358 INFO o.a.j.t.JMeterThread: Stopping because end time detected by thread: Config 3: Exp8 1-238
2026-05-04 22:18:24,358 INFO o.a.j.t.JMeterThread: Thread finished: Config 3: Exp8 1-238
2026-05-04 22:18:24,358 INFO o.a.j.t.JMeterThread: Stopping because end time detected by thread: Config 3: Exp8 1-243
2026-05-04 22:18:24,358 INFO o.a.j.t.JMeterThread: Thread finished: Config 3: Exp8 1-243
2026-05-04 22:18:24,358 INFO o.a.j.t.JMeterThread: Stopping because end time detected by thread: Config 3: Exp8 1-241
2026-05-04 22:18:24,358 INFO o.a.j.t.JMeterThread: Thread finished: Config 3: Exp8 1-241
2026-05-04 22:18:24,358 INFO o.a.j.t.JMeterThread: Stopping because end time detected by thread: Config 3: Exp8 1-132
2026-05-04 22:18:24,358 INFO o.a.j.t.JMeterThread: Thread finished: Config 3: Exp8 1-132
2026-05-04 22:18:24,358 INFO o.a.j.t.JMeterThread: Stopping because end time detected by thread: Config 3: Exp8 1-272
2026-05-04 22:18:24,358 INFO o.a.j.t.JMeterThread: Thread finished: Config 3: Exp8 1-272
2026-05-04 22:18:24,358 INFO o.a.j.t.JMeterThread: Stopping because end time detected by thread: Config 3: Exp8 1-101
2026-05-04 22:18:24,358 INFO o.a.j.t.JMeterThread: Thread finished: Config 3: Exp8 1-101
2026-05-04 22:18:24,358 INFO o.a.j.t.JMeterThread: Stopping because end time detected by thread: Config 3: Exp8 1-260
2026-05-04 22:18:24,358 INFO o.a.j.t.JMeterThread: Thread finished: Config 3: Exp8 1-260
2026-05-04 22:18:24,358 INFO o.a.j.t.JMeterThread: Stopping because end time detected by thread: Config 3: Exp8 1-274
2026-05-04 22:18:24,358 INFO o.a.j.t.JMeterThread: Thread finished: Config 3: Exp8 1-274
2026-05-04 22:18:24,358 INFO o.a.j.t.JMeterThread: Stopping because end time detected by thread: Config 3: Exp8 1-271
2026-05-04 22:18:24,358 INFO o.a.j.t.JMeterThread: Thread finished: Config 3: Exp8 1-271
2026-05-04 22:18:24,358 INFO o.a.j.t.JMeterThread: Stopping because end time detected by thread: Config 3: Exp8 1-181
2026-05-04 22:18:24,358 INFO o.a.j.t.JMeterThread: Thread finished: Config 3: Exp8 1-181
2026-05-04 22:18:24,358 INFO o.a.j.t.JMeterThread: Stopping because end time detected by thread: Config 3: Exp8 1-222
2026-05-04 22:18:24,358 INFO o.a.j.t.JMeterThread: Thread finished: Config 3: Exp8 1-222
2026-05-04 22:18:24,358 INFO o.a.j.t.JMeterThread: Stopping because end time detected by thread: Config 3: Exp8 1-203
2026-05-04 22:18:24,358 INFO o.a.j.t.JMeterThread: Stopping because end time detected by thread: Config 3: Exp8 1-192
2026-05-04 22:18:24,358 INFO o.a.j.t.JMeterThread: Stopping because end time detected by thread: Config 3: Exp8 1-275
2026-05-04 22:18:24,358 INFO o.a.j.t.JMeterThread: Thread finished: Config 3: Exp8 1-192
2026-05-04 22:18:24,358 INFO o.a.j.t.JMeterThread: Thread finished: Config 3: Exp8 1-275
2026-05-04 22:18:24,358 INFO o.a.j.t.JMeterThread: Stopping because end time detected by thread: Config 3: Exp8 1-205
2026-05-04 22:18:24,358 INFO o.a.j.t.JMeterThread: Thread finished: Config 3: Exp8 1-205
2026-05-04 22:18:24,358 INFO o.a.j.t.JMeterThread: Stopping because end time detected by thread: Config 3: Exp8 1-283
2026-05-04 22:18:24,358 INFO o.a.j.t.JMeterThread: Thread finished: Config 3: Exp8 1-283
2026-05-04 22:18:24,358 INFO o.a.j.t.JMeterThread: Stopping because end time detected by thread: Config 3: Exp8 1-317
2026-05-04 22:18:24,358 INFO o.a.j.t.JMeterThread: Thread finished: Config 3: Exp8 1-317
2026-05-04 22:18:24,359 INFO o.a.j.t.JMeterThread: Stopping because end time detected by thread: Config 3: Exp8 1-328
2026-05-04 22:18:24,359 INFO o.a.j.t.JMeterThread: Thread finished: Config 3: Exp8 1-328
2026-05-04 22:18:24,359 INFO o.a.j.t.JMeterThread: Stopping because end time detected by thread: Config 3: Exp8 1-318
2026-05-04 22:18:24,359 INFO o.a.j.t.JMeterThread: Stopping because end time detected by thread: Config 3: Exp8 1-295
2026-05-04 22:18:24,359 INFO o.a.j.t.JMeterThread: Thread finished: Config 3: Exp8 1-295
2026-05-04 22:18:24,359 INFO o.a.j.t.JMeterThread: Stopping because end time detected by thread: Config 3: Exp8 1-332
2026-05-04 22:18:24,359 INFO o.a.j.t.JMeterThread: Thread finished: Config 3: Exp8 1-332
2026-05-04 22:18:24,359 INFO o.a.j.t.JMeterThread: Stopping because end time detected by thread: Config 3: Exp8 1-329
2026-05-04 22:18:24,359 INFO o.a.j.t.JMeterThread: Thread finished: Config 3: Exp8 1-329
2026-05-04 22:18:24,359 INFO o.a.j.t.JMeterThread: Stopping because end time detected by thread: Config 3: Exp8 1-247
2026-05-04 22:18:24,359 INFO o.a.j.t.JMeterThread: Thread finished: Config 3: Exp8 1-247
2026-05-04 22:18:24,359 INFO o.a.j.t.JMeterThread: Stopping because end time detected by thread: Config 3: Exp8 1-136
2026-05-04 22:18:24,359 INFO o.a.j.t.JMeterThread: Thread finished: Config 3: Exp8 1-136
2026-05-04 22:18:24,359 INFO o.a.j.t.JMeterThread: Stopping because end time detected by thread: Config 3: Exp8 1-347
2026-05-04 22:18:24,359 INFO o.a.j.t.JMeterThread: Thread finished: Config 3: Exp8 1-347
2026-05-04 22:18:24,359 INFO o.a.j.t.JMeterThread: Stopping because end time detected by thread: Config 3: Exp8 1-336
2026-05-04 22:18:24,359 INFO o.a.j.t.JMeterThread: Thread finished: Config 3: Exp8 1-336
2026-05-04 22:18:24,359 INFO o.a.j.t.JMeterThread: Stopping because end time detected by thread: Config 3: Exp8 1-348
2026-05-04 22:18:24,359 INFO o.a.j.t.JMeterThread: Thread finished: Config 3: Exp8 1-348
2026-05-04 22:18:24,359 INFO o.a.j.t.JMeterThread: Stopping because end time detected by thread: Config 3: Exp8 1-262
2026-05-04 22:18:24,359 INFO o.a.j.t.JMeterThread: Stopping because end time detected by thread: Config 3: Exp8 1-346
2026-05-04 22:18:24,359 INFO o.a.j.t.JMeterThread: Stopping because end time detected by thread: Config 3: Exp8 1-334
2026-05-04 22:18:24,359 INFO o.a.j.t.JMeterThread: Thread finished: Config 3: Exp8 1-346
2026-05-04 22:18:24,359 INFO o.a.j.t.JMeterThread: Stopping because end time detected by thread: Config 3: Exp8 1-210
2026-05-04 22:18:24,359 INFO o.a.j.t.JMeterThread: Thread finished: Config 3: Exp8 1-210
2026-05-04 22:18:24,359 INFO o.a.j.t.JMeterThread: Stopping because end time detected by thread: Config 3: Exp8 1-107
2026-05-04 22:18:24,359 INFO o.a.j.t.JMeterThread: Stopping because end time detected by thread: Config 3: Exp8 1-200
2026-05-04 22:18:24,359 INFO o.a.j.t.JMeterThread: Thread finished: Config 3: Exp8 1-107
2026-05-04 22:18:24,359 INFO o.a.j.t.JMeterThread: Thread finished: Config 3: Exp8 1-200
2026-05-04 22:18:24,359 INFO o.a.j.t.JMeterThread: Stopping because end time detected by thread: Config 3: Exp8 1-375
2026-05-04 22:18:24,359 INFO o.a.j.t.JMeterThread: Stopping because end time detected by thread: Config 3: Exp8 1-338
2026-05-04 22:18:24,359 INFO o.a.j.t.JMeterThread: Thread finished: Config 3: Exp8 1-375
2026-05-04 22:18:24,359 INFO o.a.j.t.JMeterThread: Thread finished: Config 3: Exp8 1-338
2026-05-04 22:18:24,359 INFO o.a.j.t.JMeterThread: Stopping because end time detected by thread: Config 3: Exp8 1-249
2026-05-04 22:18:24,359 INFO o.a.j.t.JMeterThread: Thread finished: Config 3: Exp8 1-249
2026-05-04 22:18:24,359 INFO o.a.j.t.JMeterThread: Stopping because end time detected by thread: Config 3: Exp8 1-363
2026-05-04 22:18:24,359 INFO o.a.j.t.JMeterThread: Thread finished: Config 3: Exp8 1-363
2026-05-04 22:18:24,359 INFO o.a.j.t.JMeterThread: Stopping because end time detected by thread: Config 3: Exp8 1-211
2026-05-04 22:18:24,359 INFO o.a.j.t.JMeterThread: Stopping because end time detected by thread: Config 3: Exp8 1-374
2026-05-04 22:18:24,359 INFO o.a.j.t.JMeterThread: Thread finished: Config 3: Exp8 1-374
2026-05-04 22:18:24,359 INFO o.a.j.t.JMeterThread: Thread finished: Config 3: Exp8 1-211
2026-05-04 22:18:24,360 INFO o.a.j.t.JMeterThread: Stopping because end time detected by thread: Config 3: Exp8 1-212
2026-05-04 22:18:24,360 INFO o.a.j.t.JMeterThread: Thread finished: Config 3: Exp8 1-212
2026-05-04 22:18:24,360 INFO o.a.j.t.JMeterThread: Stopping because end time detected by thread: Config 3: Exp8 1-345
2026-05-04 22:18:24,360 INFO o.a.j.t.JMeterThread: Stopping because end time detected by thread: Config 3: Exp8 1-310
2026-05-04 22:18:24,360 INFO o.a.j.t.JMeterThread: Thread finished: Config 3: Exp8 1-345
2026-05-04 22:18:24,360 INFO o.a.j.t.JMeterThread: Thread finished: Config 3: Exp8 1-310
2026-05-04 22:18:24,360 INFO o.a.j.t.JMeterThread: Stopping because end time detected by thread: Config 3: Exp8 1-255
2026-05-04 22:18:24,360 INFO o.a.j.t.JMeterThread: Stopping because end time detected by thread: Config 3: Exp8 1-251
2026-05-04 22:18:24,360 INFO o.a.j.t.JMeterThread: Thread finished: Config 3: Exp8 1-251
2026-05-04 22:18:24,360 INFO o.a.j.t.JMeterThread: Stopping because end time detected by thread: Config 3: Exp8 1-389
2026-05-04 22:18:24,360 INFO o.a.j.t.JMeterThread: Stopping because end time detected by thread: Config 3: Exp8 1-263
2026-05-04 22:18:24,360 INFO o.a.j.t.JMeterThread: Thread finished: Config 3: Exp8 1-389
2026-05-04 22:18:24,360 INFO o.a.j.t.JMeterThread: Stopping because end time detected by thread: Config 3: Exp8 1-326
2026-05-04 22:18:24,360 INFO o.a.j.t.JMeterThread: Thread finished: Config 3: Exp8 1-326
2026-05-04 22:18:24,360 INFO o.a.j.t.JMeterThread: Stopping because end time detected by thread: Config 3: Exp8 1-142
2026-05-04 22:18:24,360 INFO o.a.j.t.JMeterThread: Stopping because end time detected by thread: Config 3: Exp8 1-218
2026-05-04 22:18:24,360 INFO o.a.j.t.JMeterThread: Stopping because end time detected by thread: Config 3: Exp8 1-418
2026-05-04 22:18:24,360 INFO o.a.j.t.JMeterThread: Thread finished: Config 3: Exp8 1-218
2026-05-04 22:18:24,360 INFO o.a.j.t.JMeterThread: Thread finished: Config 3: Exp8 1-418
2026-05-04 22:18:24,360 INFO o.a.j.t.JMeterThread: Stopping because end time detected by thread: Config 3: Exp8 1-214
2026-05-04 22:18:24,360 INFO o.a.j.t.JMeterThread: Thread finished: Config 3: Exp8 1-214
2026-05-04 22:18:24,360 INFO o.a.j.t.JMeterThread: Stopping because end time detected by thread: Config 3: Exp8 1-216
2026-05-04 22:18:24,360 INFO o.a.j.t.JMeterThread: Thread finished: Config 3: Exp8 1-216
2026-05-04 22:18:24,360 INFO o.a.j.t.JMeterThread: Stopping because end time detected by thread: Config 3: Exp8 1-397
2026-05-04 22:18:24,360 INFO o.a.j.t.JMeterThread: Thread finished: Config 3: Exp8 1-397
2026-05-04 22:18:24,360 INFO o.a.j.t.JMeterThread: Stopping because end time detected by thread: Config 3: Exp8 1-117
2026-05-04 22:18:24,360 INFO o.a.j.t.JMeterThread: Stopping because end time detected by thread: Config 3: Exp8 1-395
2026-05-04 22:18:24,360 INFO o.a.j.t.JMeterThread: Thread finished: Config 3: Exp8 1-395
2026-05-04 22:18:24,360 INFO o.a.j.t.JMeterThread: Stopping because end time detected by thread: Config 3: Exp8 1-287
2026-05-04 22:18:24,354 INFO o.a.j.t.JMeterThread: Stopping because end time detected by thread: Config 3: Exp8 1-155
2026-05-04 22:18:24,360 INFO o.a.j.t.JMeterThread: Thread finished: Config 3: Exp8 1-155
2026-05-04 22:18:24,360 INFO o.a.j.t.JMeterThread: Stopping because end time detected by thread: Config 3: Exp8 1-268
2026-05-04 22:18:24,360 INFO o.a.j.t.JMeterThread: Thread finished: Config 3: Exp8 1-268
2026-05-04 22:18:24,360 INFO o.a.j.t.JMeterThread: Stopping because end time detected by thread: Config 3: Exp8 1-436
2026-05-04 22:18:24,360 INFO o.a.j.t.JMeterThread: Stopping because end time detected by thread: Config 3: Exp8 1-226
2026-05-04 22:18:24,360 INFO o.a.j.t.JMeterThread: Thread finished: Config 3: Exp8 1-226
2026-05-04 22:18:24,360 INFO o.a.j.t.JMeterThread: Stopping because end time detected by thread: Config 3: Exp8 1-147
2026-05-04 22:18:24,360 INFO o.a.j.t.JMeterThread: Thread finished: Config 3: Exp8 1-147
2026-05-04 22:18:24,360 INFO o.a.j.t.JMeterThread: Stopping because end time detected by thread: Config 3: Exp8 1-402
2026-05-04 22:18:24,360 INFO o.a.j.t.JMeterThread: Stopping because end time detected by thread: Config 3: Exp8 1-387
2026-05-04 22:18:24,360 INFO o.a.j.t.JMeterThread: Thread finished: Config 3: Exp8 1-387
2026-05-04 22:18:24,360 INFO o.a.j.t.JMeterThread: Stopping because end time detected by thread: Config 3: Exp8 1-365
2026-05-04 22:18:24,360 INFO o.a.j.t.JMeterThread: Stopping because end time detected by thread: Config 3: Exp8 1-108
2026-05-04 22:18:24,361 INFO o.a.j.t.JMeterThread: Thread finished: Config 3: Exp8 1-108
2026-05-04 22:18:24,361 INFO o.a.j.t.JMeterThread: Stopping because end time detected by thread: Config 3: Exp8 1-421
2026-05-04 22:18:24,361 INFO o.a.j.t.JMeterThread: Thread finished: Config 3: Exp8 1-421
2026-05-04 22:18:24,361 INFO o.a.j.t.JMeterThread: Stopping because end time detected by thread: Config 3: Exp8 1-445
2026-05-04 22:18:24,361 INFO o.a.j.t.JMeterThread: Thread finished: Config 3: Exp8 1-445
2026-05-04 22:18:24,361 INFO o.a.j.t.JMeterThread: Stopping because end time detected by thread: Config 3: Exp8 1-80
2026-05-04 22:18:24,361 INFO o.a.j.t.JMeterThread: Thread finished: Config 3: Exp8 1-80
2026-05-04 22:18:24,361 INFO o.a.j.t.JMeterThread: Stopping because end time detected by thread: Config 3: Exp8 1-150
2026-05-04 22:18:24,361 INFO o.a.j.t.JMeterThread: Stopping because end time detected by thread: Config 3: Exp8 1-231
2026-05-04 22:18:24,361 INFO o.a.j.t.JMeterThread: Thread finished: Config 3: Exp8 1-150
2026-05-04 22:18:24,361 INFO o.a.j.t.JMeterThread: Thread finished: Config 3: Exp8 1-231
2026-05-04 22:18:24,361 INFO o.a.j.t.JMeterThread: Stopping because end time detected by thread: Config 3: Exp8 1-430
2026-05-04 22:18:24,361 INFO o.a.j.t.JMeterThread: Thread finished: Config 3: Exp8 1-430
2026-05-04 22:18:24,361 INFO o.a.j.t.JMeterThread: Stopping because end time detected by thread: Config 3: Exp8 1-384
2026-05-04 22:18:24,361 INFO o.a.j.t.JMeterThread: Thread finished: Config 3: Exp8 1-384
2026-05-04 22:18:24,361 INFO o.a.j.t.JMeterThread: Stopping because end time detected by thread: Config 3: Exp8 1-422
2026-05-04 22:18:24,361 INFO o.a.j.t.JMeterThread: Stopping because end time detected by thread: Config 3: Exp8 1-466
2026-05-04 22:18:24,361 INFO o.a.j.t.JMeterThread: Thread finished: Config 3: Exp8 1-422
2026-05-04 22:18:24,361 INFO o.a.j.t.JMeterThread: Thread finished: Config 3: Exp8 1-466
2026-05-04 22:18:24,361 INFO o.a.j.t.JMeterThread: Stopping because end time detected by thread: Config 3: Exp8 1-269
2026-05-04 22:18:24,361 INFO o.a.j.t.JMeterThread: Thread finished: Config 3: Exp8 1-269
2026-05-04 22:18:24,361 INFO o.a.j.t.JMeterThread: Stopping because end time detected by thread: Config 3: Exp8 1-15
2026-05-04 22:18:24,361 INFO o.a.j.t.JMeterThread: Thread finished: Config 3: Exp8 1-15
2026-05-04 22:18:24,356 INFO o.a.j.t.JMeterThread: Stopping because end time detected by thread: Config 3: Exp8 1-88
2026-05-04 22:18:24,361 INFO o.a.j.t.JMeterThread: Thread finished: Config 3: Exp8 1-88
2026-05-04 22:18:24,361 INFO o.a.j.t.JMeterThread: Stopping because end time detected by thread: Config 3: Exp8 1-237
2026-05-04 22:18:24,361 INFO o.a.j.t.JMeterThread: Thread finished: Config 3: Exp8 1-237
2026-05-04 22:18:24,351 INFO o.a.j.t.JMeterThread: Stopping because end time detected by thread: Config 3: Exp8 1-31
2026-05-04 22:18:24,361 INFO o.a.j.t.JMeterThread: Thread finished: Config 3: Exp8 1-31
2026-05-04 22:18:24,361 INFO o.a.j.t.JMeterThread: Stopping because end time detected by thread: Config 3: Exp8 1-469
2026-05-04 22:18:24,361 INFO o.a.j.t.JMeterThread: Thread finished: Config 3: Exp8 1-469
2026-05-04 22:18:24,361 INFO o.a.j.t.JMeterThread: Stopping because end time detected by thread: Config 3: Exp8 1-242
2026-05-04 22:18:24,361 INFO o.a.j.t.JMeterThread: Thread finished: Config 3: Exp8 1-242
2026-05-04 22:18:24,361 INFO o.a.j.t.JMeterThread: Stopping because end time detected by thread: Config 3: Exp8 1-480
2026-05-04 22:18:24,361 INFO o.a.j.t.JMeterThread: Thread finished: Config 3: Exp8 1-480
2026-05-04 22:18:24,362 INFO o.a.j.t.JMeterThread: Stopping because end time detected by thread: Config 3: Exp8 1-427
2026-05-04 22:18:24,362 INFO o.a.j.t.JMeterThread: Thread finished: Config 3: Exp8 1-427
2026-05-04 22:18:24,362 INFO o.a.j.t.JMeterThread: Stopping because end time detected by thread: Config 3: Exp8 1-149
2026-05-04 22:18:24,362 INFO o.a.j.t.JMeterThread: Thread finished: Config 3: Exp8 1-149
2026-05-04 22:18:24,362 INFO o.a.j.t.JMeterThread: Stopping because end time detected by thread: Config 3: Exp8 1-261
2026-05-04 22:18:24,362 INFO o.a.j.t.JMeterThread: Stopping because end time detected by thread: Config 3: Exp8 1-256
2026-05-04 22:18:24,362 INFO o.a.j.t.JMeterThread: Stopping because end time detected by thread: Config 3: Exp8 1-264
2026-05-04 22:18:24,362 INFO o.a.j.t.JMeterThread: Thread finished: Config 3: Exp8 1-256
2026-05-04 22:18:24,362 INFO o.a.j.t.JMeterThread: Stopping because end time detected by thread: Config 3: Exp8 1-160
2026-05-04 22:18:24,362 INFO o.a.j.t.JMeterThread: Stopping because end time detected by thread: Config 3: Exp8 1-154
2026-05-04 22:18:24,362 INFO o.a.j.t.JMeterThread: Stopping because end time detected by thread: Config 3: Exp8 1-171
2026-05-04 22:18:24,362 INFO o.a.j.t.JMeterThread: Thread finished: Config 3: Exp8 1-154
2026-05-04 22:18:24,362 INFO o.a.j.t.JMeterThread: Thread finished: Config 3: Exp8 1-171
2026-05-04 22:18:24,362 INFO o.a.j.t.JMeterThread: Stopping because end time detected by thread: Config 3: Exp8 1-465
2026-05-04 22:18:24,362 INFO o.a.j.t.JMeterThread: Thread finished: Config 3: Exp8 1-465
2026-05-04 22:18:24,362 INFO o.a.j.t.JMeterThread: Stopping because end time detected by thread: Config 3: Exp8 1-266
2026-05-04 22:18:24,362 INFO o.a.j.t.JMeterThread: Thread finished: Config 3: Exp8 1-266
2026-05-04 22:18:24,362 INFO o.a.j.t.JMeterThread: Stopping because end time detected by thread: Config 3: Exp8 1-382
2026-05-04 22:18:24,362 INFO o.a.j.t.JMeterThread: Thread finished: Config 3: Exp8 1-382
2026-05-04 22:18:24,362 INFO o.a.j.t.JMeterThread: Stopping because end time detected by thread: Config 3: Exp8 1-296
2026-05-04 22:18:24,362 INFO o.a.j.t.JMeterThread: Thread finished: Config 3: Exp8 1-296
2026-05-04 22:18:24,362 INFO o.a.j.t.JMeterThread: Stopping because end time detected by thread: Config 3: Exp8 1-448
2026-05-04 22:18:24,362 INFO o.a.j.t.JMeterThread: Thread finished: Config 3: Exp8 1-448
2026-05-04 22:18:24,362 INFO o.a.j.t.JMeterThread: Stopping because end time detected by thread: Config 3: Exp8 1-302
2026-05-04 22:18:24,362 INFO o.a.j.t.JMeterThread: Thread finished: Config 3: Exp8 1-302
2026-05-04 22:18:24,362 INFO o.a.j.t.JMeterThread: Stopping because end time detected by thread: Config 3: Exp8 1-428
2026-05-04 22:18:24,362 INFO o.a.j.t.JMeterThread: Thread finished: Config 3: Exp8 1-428
2026-05-04 22:18:24,362 INFO o.a.j.t.JMeterThread: Stopping because end time detected by thread: Config 3: Exp8 1-461
2026-05-04 22:18:24,362 INFO o.a.j.t.JMeterThread: Stopping because end time detected by thread: Config 3: Exp8 1-185
2026-05-04 22:18:24,362 INFO o.a.j.t.JMeterThread: Thread finished: Config 3: Exp8 1-185
2026-05-04 22:18:24,362 INFO o.a.j.t.JMeterThread: Stopping because end time detected by thread: Config 3: Exp8 1-267
2026-05-04 22:18:24,362 INFO o.a.j.t.JMeterThread: Stopping because end time detected by thread: Config 3: Exp8 1-443
2026-05-04 22:18:24,362 INFO o.a.j.t.JMeterThread: Thread finished: Config 3: Exp8 1-267
2026-05-04 22:18:24,362 INFO o.a.j.t.JMeterThread: Stopping because end time detected by thread: Config 3: Exp8 1-173
2026-05-04 22:18:24,362 INFO o.a.j.t.JMeterThread: Thread finished: Config 3: Exp8 1-173
2026-05-04 22:18:24,362 INFO o.a.j.t.JMeterThread: Stopping because end time detected by thread: Config 3: Exp8 1-70
2026-05-04 22:18:24,362 INFO o.a.j.t.JMeterThread: Stopping because end time detected by thread: Config 3: Exp8 1-234
2026-05-04 22:18:24,362 INFO o.a.j.t.JMeterThread: Thread finished: Config 3: Exp8 1-70
2026-05-04 22:18:24,362 INFO o.a.j.t.JMeterThread: Thread finished: Config 3: Exp8 1-234
2026-05-04 22:18:24,362 INFO o.a.j.t.JMeterThread: Stopping because end time detected by thread: Config 3: Exp8 1-478
2026-05-04 22:18:24,362 INFO o.a.j.t.JMeterThread: Stopping because end time detected by thread: Config 3: Exp8 1-177
2026-05-04 22:18:24,362 INFO o.a.j.t.JMeterThread: Thread finished: Config 3: Exp8 1-177
2026-05-04 22:18:24,362 INFO o.a.j.t.JMeterThread: Stopping because end time detected by thread: Config 3: Exp8 1-308
2026-05-04 22:18:24,362 INFO o.a.j.t.JMeterThread: Thread finished: Config 3: Exp8 1-308
2026-05-04 22:18:24,363 INFO o.a.j.t.JMeterThread: Stopping because end time detected by thread: Config 3: Exp8 1-307
2026-05-04 22:18:24,363 INFO o.a.j.t.JMeterThread: Thread finished: Config 3: Exp8 1-307
2026-05-04 22:18:24,363 INFO o.a.j.t.JMeterThread: Stopping because end time detected by thread: Config 3: Exp8 1-450
2026-05-04 22:18:24,363 INFO o.a.j.t.JMeterThread: Thread finished: Config 3: Exp8 1-450
2026-05-04 22:18:24,363 INFO o.a.j.t.JMeterThread: Stopping because end time detected by thread: Config 3: Exp8 1-115
2026-05-04 22:18:24,363 INFO o.a.j.t.JMeterThread: Thread finished: Config 3: Exp8 1-115
2026-05-04 22:18:24,363 INFO o.a.j.t.JMeterThread: Stopping because end time detected by thread: Config 3: Exp8 1-276
2026-05-04 22:18:24,363 INFO o.a.j.t.JMeterThread: Stopping because end time detected by thread: Config 3: Exp8 1-277
2026-05-04 22:18:24,363 INFO o.a.j.t.JMeterThread: Stopping because end time detected by thread: Config 3: Exp8 1-335
2026-05-04 22:18:24,363 INFO o.a.j.t.JMeterThread: Thread finished: Config 3: Exp8 1-335
2026-05-04 22:18:24,363 INFO o.a.j.t.JMeterThread: Stopping because end time detected by thread: Config 3: Exp8 1-337
2026-05-04 22:18:24,363 INFO o.a.j.t.JMeterThread: Thread finished: Config 3: Exp8 1-337
2026-05-04 22:18:24,363 INFO o.a.j.t.JMeterThread: Stopping because end time detected by thread: Config 3: Exp8 1-278
2026-05-04 22:18:24,363 INFO o.a.j.t.JMeterThread: Thread finished: Config 3: Exp8 1-278
2026-05-04 22:18:24,363 INFO o.a.j.t.JMeterThread: Stopping because end time detected by thread: Config 3: Exp8 1-355
2026-05-04 22:18:24,363 INFO o.a.j.t.JMeterThread: Thread finished: Config 3: Exp8 1-355
2026-05-04 22:18:24,363 INFO o.a.j.t.JMeterThread: Stopping because end time detected by thread: Config 3: Exp8 1-191
2026-05-04 22:18:24,363 INFO o.a.j.t.JMeterThread: Stopping because end time detected by thread: Config 3: Exp8 1-204
2026-05-04 22:18:24,363 INFO o.a.j.t.JMeterThread: Thread finished: Config 3: Exp8 1-191
2026-05-04 22:18:24,363 INFO o.a.j.t.JMeterThread: Thread finished: Config 3: Exp8 1-204
2026-05-04 22:18:24,363 INFO o.a.j.t.JMeterThread: Stopping because end time detected by thread: Config 3: Exp8 1-279
2026-05-04 22:18:24,363 INFO o.a.j.t.JMeterThread: Thread finished: Config 3: Exp8 1-279
2026-05-04 22:18:24,363 INFO o.a.j.t.JMeterThread: Stopping because end time detected by thread: Config 3: Exp8 1-280
2026-05-04 22:18:24,363 INFO o.a.j.t.JMeterThread: Stopping because end time detected by thread: Config 3: Exp8 1-282
2026-05-04 22:18:24,363 INFO o.a.j.t.JMeterThread: Thread finished: Config 3: Exp8 1-282
2026-05-04 22:18:24,363 INFO o.a.j.t.JMeterThread: Stopping because end time detected by thread: Config 3: Exp8 1-284
2026-05-04 22:18:24,363 INFO o.a.j.t.JMeterThread: Thread finished: Config 3: Exp8 1-284
2026-05-04 22:18:24,363 INFO o.a.j.t.JMeterThread: Stopping because end time detected by thread: Config 3: Exp8 1-288
2026-05-04 22:18:24,363 INFO o.a.j.t.JMeterThread: Thread finished: Config 3: Exp8 1-288
2026-05-04 22:18:24,363 INFO o.a.j.t.JMeterThread: Stopping because end time detected by thread: Config 3: Exp8 1-114
2026-05-04 22:18:24,363 INFO o.a.j.t.JMeterThread: Stopping because end time detected by thread: Config 3: Exp8 1-281
2026-05-04 22:18:24,363 INFO o.a.j.t.JMeterThread: Stopping because end time detected by thread: Config 3: Exp8 1-341
2026-05-04 22:18:24,363 INFO o.a.j.t.JMeterThread: Thread finished: Config 3: Exp8 1-281
2026-05-04 22:18:24,363 INFO o.a.j.t.JMeterThread: Thread finished: Config 3: Exp8 1-341
2026-05-04 22:18:24,363 INFO o.a.j.t.JMeterThread: Stopping because end time detected by thread: Config 3: Exp8 1-254
2026-05-04 22:18:24,363 INFO o.a.j.t.JMeterThread: Thread finished: Config 3: Exp8 1-254
2026-05-04 22:18:24,363 INFO o.a.j.t.JMeterThread: Stopping because end time detected by thread: Config 3: Exp8 1-273
2026-05-04 22:18:24,363 INFO o.a.j.t.JMeterThread: Stopping because end time detected by thread: Config 3: Exp8 1-471
2026-05-04 22:18:24,363 INFO o.a.j.t.JMeterThread: Thread finished: Config 3: Exp8 1-471
2026-05-04 22:18:24,364 INFO o.a.j.t.JMeterThread: Stopping because end time detected by thread: Config 3: Exp8 1-286
2026-05-04 22:18:24,364 INFO o.a.j.t.JMeterThread: Thread finished: Config 3: Exp8 1-286
2026-05-04 22:18:24,364 INFO o.a.j.t.JMeterThread: Stopping because end time detected by thread: Config 3: Exp8 1-253
2026-05-04 22:18:24,364 INFO o.a.j.t.JMeterThread: Thread finished: Config 3: Exp8 1-253
2026-05-04 22:18:24,364 INFO o.a.j.t.JMeterThread: Stopping because end time detected by thread: Config 3: Exp8 1-435
2026-05-04 22:18:24,364 INFO o.a.j.t.JMeterThread: Thread finished: Config 3: Exp8 1-435
2026-05-04 22:18:24,364 INFO o.a.j.t.JMeterThread: Stopping because end time detected by thread: Config 3: Exp8 1-290
2026-05-04 22:18:24,364 INFO o.a.j.t.JMeterThread: Thread finished: Config 3: Exp8 1-290
2026-05-04 22:18:24,364 INFO o.a.j.t.JMeterThread: Stopping because end time detected by thread: Config 3: Exp8 1-358
2026-05-04 22:18:24,364 INFO o.a.j.t.JMeterThread: Stopping because end time detected by thread: Config 3: Exp8 1-441
2026-05-04 22:18:24,364 INFO o.a.j.t.JMeterThread: Thread finished: Config 3: Exp8 1-441
2026-05-04 22:18:24,364 INFO o.a.j.t.JMeterThread: Stopping because end time detected by thread: Config 3: Exp8 1-289
2026-05-04 22:18:24,364 INFO o.a.j.t.JMeterThread: Thread finished: Config 3: Exp8 1-289
2026-05-04 22:18:24,364 INFO o.a.j.t.JMeterThread: Stopping because end time detected by thread: Config 3: Exp8 1-246
2026-05-04 22:18:24,364 INFO o.a.j.t.JMeterThread: Thread finished: Config 3: Exp8 1-246
2026-05-04 22:18:24,364 INFO o.a.j.t.JMeterThread: Stopping because end time detected by thread: Config 3: Exp8 1-353
2026-05-04 22:18:24,364 INFO o.a.j.t.JMeterThread: Thread finished: Config 3: Exp8 1-353
2026-05-04 22:18:24,364 INFO o.a.j.t.JMeterThread: Stopping because end time detected by thread: Config 3: Exp8 1-292
2026-05-04 22:18:24,364 INFO o.a.j.t.JMeterThread: Thread finished: Config 3: Exp8 1-292
2026-05-04 22:18:24,364 INFO o.a.j.t.JMeterThread: Stopping because end time detected by thread: Config 3: Exp8 1-244
2026-05-04 22:18:24,364 INFO o.a.j.t.JMeterThread: Thread finished: Config 3: Exp8 1-244
2026-05-04 22:18:24,364 INFO o.a.j.t.JMeterThread: Stopping because end time detected by thread: Config 3: Exp8 1-297
2026-05-04 22:18:24,364 INFO o.a.j.t.JMeterThread: Thread finished: Config 3: Exp8 1-297
2026-05-04 22:18:24,364 INFO o.a.j.t.JMeterThread: Stopping because end time detected by thread: Config 3: Exp8 1-298
2026-05-04 22:18:24,364 INFO o.a.j.t.JMeterThread: Thread finished: Config 3: Exp8 1-298
2026-05-04 22:18:24,364 INFO o.a.j.t.JMeterThread: Stopping because end time detected by thread: Config 3: Exp8 1-444
2026-05-04 22:18:24,364 INFO o.a.j.t.JMeterThread: Thread finished: Config 3: Exp8 1-444
2026-05-04 22:18:24,364 INFO o.a.j.t.JMeterThread: Stopping because end time detected by thread: Config 3: Exp8 1-62
2026-05-04 22:18:24,364 INFO o.a.j.t.JMeterThread: Thread finished: Config 3: Exp8 1-62
2026-05-04 22:18:24,364 INFO o.a.j.t.JMeterThread: Stopping because end time detected by thread: Config 3: Exp8 1-245
2026-05-04 22:18:24,364 INFO o.a.j.t.JMeterThread: Stopping because end time detected by thread: Config 3: Exp8 1-300
2026-05-04 22:18:24,364 INFO o.a.j.t.JMeterThread: Thread finished: Config 3: Exp8 1-300
2026-05-04 22:18:24,364 INFO o.a.j.t.JMeterThread: Stopping because end time detected by thread: Config 3: Exp8 1-354
2026-05-04 22:18:24,364 INFO o.a.j.t.JMeterThread: Stopping because end time detected by thread: Config 3: Exp8 1-103
2026-05-04 22:18:24,364 INFO o.a.j.t.JMeterThread: Thread finished: Config 3: Exp8 1-103
2026-05-04 22:18:24,364 INFO o.a.j.t.JMeterThread: Stopping because end time detected by thread: Config 3: Exp8 1-312
2026-05-04 22:18:24,364 INFO o.a.j.t.JMeterThread: Thread finished: Config 3: Exp8 1-312
2026-05-04 22:18:24,364 INFO o.a.j.t.JMeterThread: Stopping because end time detected by thread: Config 3: Exp8 1-301
2026-05-04 22:18:24,364 INFO o.a.j.t.JMeterThread: Thread finished: Config 3: Exp8 1-301
2026-05-04 22:18:24,365 INFO o.a.j.t.JMeterThread: Stopping because end time detected by thread: Config 3: Exp8 1-303
2026-05-04 22:18:24,365 INFO o.a.j.t.JMeterThread: Stopping because end time detected by thread: Config 3: Exp8 1-285
2026-05-04 22:18:24,365 INFO o.a.j.t.JMeterThread: Thread finished: Config 3: Exp8 1-303
2026-05-04 22:18:24,365 INFO o.a.j.t.JMeterThread: Thread finished: Config 3: Exp8 1-285
2026-05-04 22:18:24,365 INFO o.a.j.t.JMeterThread: Stopping because end time detected by thread: Config 3: Exp8 1-305
2026-05-04 22:18:24,365 INFO o.a.j.t.JMeterThread: Thread finished: Config 3: Exp8 1-305
2026-05-04 22:18:24,365 INFO o.a.j.t.JMeterThread: Stopping because end time detected by thread: Config 3: Exp8 1-462
2026-05-04 22:18:24,365 INFO o.a.j.t.JMeterThread: Thread finished: Config 3: Exp8 1-462
2026-05-04 22:18:24,365 INFO o.a.j.t.JMeterThread: Stopping because end time detected by thread: Config 3: Exp8 1-313
2026-05-04 22:18:24,365 INFO o.a.j.t.JMeterThread: Thread finished: Config 3: Exp8 1-313
2026-05-04 22:18:24,365 INFO o.a.j.t.JMeterThread: Stopping because end time detected by thread: Config 3: Exp8 1-235
2026-05-04 22:18:24,365 INFO o.a.j.t.JMeterThread: Thread finished: Config 3: Exp8 1-235
2026-05-04 22:18:24,365 INFO o.a.j.t.JMeterThread: Stopping because end time detected by thread: Config 3: Exp8 1-356
2026-05-04 22:18:24,365 INFO o.a.j.t.JMeterThread: Thread finished: Config 3: Exp8 1-356
2026-05-04 22:18:24,365 INFO o.a.j.t.JMeterThread: Stopping because end time detected by thread: Config 3: Exp8 1-319
2026-05-04 22:18:24,365 INFO o.a.j.t.JMeterThread: Stopping because end time detected by thread: Config 3: Exp8 1-449
2026-05-04 22:18:24,365 INFO o.a.j.t.JMeterThread: Thread finished: Config 3: Exp8 1-449
2026-05-04 22:18:24,365 INFO o.a.j.t.JMeterThread: Stopping because end time detected by thread: Config 3: Exp8 1-424
2026-05-04 22:18:24,365 INFO o.a.j.t.JMeterThread: Thread finished: Config 3: Exp8 1-424
2026-05-04 22:18:24,365 INFO o.a.j.t.JMeterThread: Stopping because end time detected by thread: Config 3: Exp8 1-324
2026-05-04 22:18:24,365 INFO o.a.j.t.JMeterThread: Thread finished: Config 3: Exp8 1-324
2026-05-04 22:18:24,365 INFO o.a.j.t.JMeterThread: Stopping because end time detected by thread: Config 3: Exp8 1-322
2026-05-04 22:18:24,365 INFO o.a.j.t.JMeterThread: Thread finished: Config 3: Exp8 1-322
2026-05-04 22:18:24,365 INFO o.a.j.t.JMeterThread: Stopping because end time detected by thread: Config 3: Exp8 1-463
2026-05-04 22:18:24,365 INFO o.a.j.t.JMeterThread: Thread finished: Config 3: Exp8 1-463
2026-05-04 22:18:24,365 INFO o.a.j.t.JMeterThread: Stopping because end time detected by thread: Config 3: Exp8 1-406
2026-05-04 22:18:24,365 INFO o.a.j.t.JMeterThread: Thread finished: Config 3: Exp8 1-406
2026-05-04 22:18:24,365 INFO o.a.j.t.JMeterThread: Stopping because end time detected by thread: Config 3: Exp8 1-315
2026-05-04 22:18:24,365 INFO o.a.j.t.JMeterThread: Thread finished: Config 3: Exp8 1-315
2026-05-04 22:18:24,365 INFO o.a.j.t.JMeterThread: Stopping because end time detected by thread: Config 3: Exp8 1-227
2026-05-04 22:18:24,365 INFO o.a.j.t.JMeterThread: Thread finished: Config 3: Exp8 1-227
2026-05-04 22:18:24,356 INFO o.a.j.t.JMeterThread: Stopping because end time detected by thread: Config 3: Exp8 1-11
2026-05-04 22:18:24,365 INFO o.a.j.t.JMeterThread: Thread finished: Config 3: Exp8 1-11
2026-05-04 22:18:24,356 INFO o.a.j.t.JMeterThread: Stopping because end time detected by thread: Config 3: Exp8 1-23
2026-05-04 22:18:24,356 INFO o.a.j.t.JMeterThread: Stopping because end time detected by thread: Config 3: Exp8 1-179
2026-05-04 22:18:24,365 INFO o.a.j.t.JMeterThread: Thread finished: Config 3: Exp8 1-179
2026-05-04 22:18:24,366 INFO o.a.j.t.JMeterThread: Thread finished: Config 3: Exp8 1-23
2026-05-04 22:18:24,366 INFO o.a.j.t.JMeterThread: Stopping because end time detected by thread: Config 3: Exp8 1-454
2026-05-04 22:18:24,366 INFO o.a.j.t.JMeterThread: Thread finished: Config 3: Exp8 1-454
2026-05-04 22:18:24,366 INFO o.a.j.t.JMeterThread: Stopping because end time detected by thread: Config 3: Exp8 1-140
2026-05-04 22:18:24,366 INFO o.a.j.t.JMeterThread: Thread finished: Config 3: Exp8 1-140
2026-05-04 22:18:24,366 INFO o.a.j.t.JMeterThread: Stopping because end time detected by thread: Config 3: Exp8 1-360
2026-05-04 22:18:24,366 INFO o.a.j.t.JMeterThread: Stopping because end time detected by thread: Config 3: Exp8 1-221
2026-05-04 22:18:24,366 INFO o.a.j.t.JMeterThread: Thread finished: Config 3: Exp8 1-360
2026-05-04 22:18:24,366 INFO o.a.j.t.JMeterThread: Thread finished: Config 3: Exp8 1-221
2026-05-04 22:18:24,366 INFO o.a.j.t.JMeterThread: Stopping because end time detected by thread: Config 3: Exp8 1-342
2026-05-04 22:18:24,366 INFO o.a.j.t.JMeterThread: Stopping because end time detected by thread: Config 3: Exp8 1-477
2026-05-04 22:18:24,366 INFO o.a.j.t.JMeterThread: Thread finished: Config 3: Exp8 1-477
2026-05-04 22:18:24,366 INFO o.a.j.t.JMeterThread: Stopping because end time detected by thread: Config 3: Exp8 1-410
2026-05-04 22:18:24,366 INFO o.a.j.t.JMeterThread: Thread finished: Config 3: Exp8 1-410
2026-05-04 22:18:24,366 INFO o.a.j.t.JMeterThread: Stopping because end time detected by thread: Config 3: Exp8 1-394
2026-05-04 22:18:24,367 INFO o.a.j.t.JMeterThread: Thread finished: Config 3: Exp8 1-394
2026-05-04 22:18:24,367 INFO o.a.j.t.JMeterThread: Stopping because end time detected by thread: Config 3: Exp8 1-473
2026-05-04 22:18:24,367 INFO o.a.j.t.JMeterThread: Stopping because end time detected by thread: Config 3: Exp8 1-372
2026-05-04 22:18:24,367 INFO o.a.j.t.JMeterThread: Thread finished: Config 3: Exp8 1-473
2026-05-04 22:18:24,367 INFO o.a.j.t.JMeterThread: Thread finished: Config 3: Exp8 1-372
2026-05-04 22:18:24,367 INFO o.a.j.t.JMeterThread: Stopping because end time detected by thread: Config 3: Exp8 1-371
2026-05-04 22:18:24,367 INFO o.a.j.t.JMeterThread: Stopping because end time detected by thread: Config 3: Exp8 1-442
2026-05-04 22:18:24,367 INFO o.a.j.t.JMeterThread: Thread finished: Config 3: Exp8 1-442
2026-05-04 22:18:24,367 INFO o.a.j.t.JMeterThread: Stopping because end time detected by thread: Config 3: Exp8 1-467
2026-05-04 22:18:24,367 INFO o.a.j.t.JMeterThread: Thread finished: Config 3: Exp8 1-467
2026-05-04 22:18:24,367 INFO o.a.j.t.JMeterThread: Stopping because end time detected by thread: Config 3: Exp8 1-379
2026-05-04 22:18:24,367 INFO o.a.j.t.JMeterThread: Thread finished: Config 3: Exp8 1-379
2026-05-04 22:18:24,367 INFO o.a.j.t.JMeterThread: Stopping because end time detected by thread: Config 3: Exp8 1-377
2026-05-04 22:18:24,367 INFO o.a.j.t.JMeterThread: Thread finished: Config 3: Exp8 1-377
2026-05-04 22:18:24,367 INFO o.a.j.t.JMeterThread: Stopping because end time detected by thread: Config 3: Exp8 1-130
2026-05-04 22:18:24,367 INFO o.a.j.t.JMeterThread: Thread finished: Config 3: Exp8 1-130
2026-05-04 22:18:24,367 INFO o.a.j.t.JMeterThread: Stopping because end time detected by thread: Config 3: Exp8 1-479
2026-05-04 22:18:24,367 INFO o.a.j.t.JMeterThread: Stopping because end time detected by thread: Config 3: Exp8 1-376
2026-05-04 22:18:24,367 INFO o.a.j.t.JMeterThread: Stopping because end time detected by thread: Config 3: Exp8 1-96
2026-05-04 22:18:24,367 INFO o.a.j.t.JMeterThread: Stopping because end time detected by thread: Config 3: Exp8 1-343
2026-05-04 22:18:24,356 INFO o.a.j.t.JMeterThread: Stopping because end time detected by thread: Config 3: Exp8 1-90
2026-05-04 22:18:24,367 INFO o.a.j.t.JMeterThread: Thread finished: Config 3: Exp8 1-96
2026-05-04 22:18:24,367 INFO o.a.j.t.JMeterThread: Thread finished: Config 3: Exp8 1-343
2026-05-04 22:18:24,356 INFO o.a.j.t.JMeterThread: Stopping because end time detected by thread: Config 3: Exp8 1-176
2026-05-04 22:18:24,367 INFO o.a.j.t.JMeterThread: Stopping because end time detected by thread: Config 3: Exp8 1-380
2026-05-04 22:18:24,367 INFO o.a.j.t.JMeterThread: Stopping because end time detected by thread: Config 3: Exp8 1-383
2026-05-04 22:18:24,367 INFO o.a.j.t.JMeterThread: Thread finished: Config 3: Exp8 1-176
2026-05-04 22:18:24,367 INFO o.a.j.t.JMeterThread: Thread finished: Config 3: Exp8 1-383
2026-05-04 22:18:24,367 INFO o.a.j.t.JMeterThread: Stopping because end time detected by thread: Config 3: Exp8 1-452
2026-05-04 22:18:24,367 INFO o.a.j.t.JMeterThread: Thread finished: Config 3: Exp8 1-452
2026-05-04 22:18:24,367 INFO o.a.j.t.JMeterThread: Stopping because end time detected by thread: Config 3: Exp8 1-224
2026-05-04 22:18:24,367 INFO o.a.j.t.JMeterThread: Thread finished: Config 3: Exp8 1-224
2026-05-04 22:18:24,367 INFO o.a.j.t.JMeterThread: Stopping because end time detected by thread: Config 3: Exp8 1-453
2026-05-04 22:18:24,367 INFO o.a.j.t.JMeterThread: Thread finished: Config 3: Exp8 1-453
2026-05-04 22:18:24,367 INFO o.a.j.t.JMeterThread: Stopping because end time detected by thread: Config 3: Exp8 1-388
2026-05-04 22:18:24,367 INFO o.a.j.t.JMeterThread: Thread finished: Config 3: Exp8 1-388
2026-05-04 22:18:24,367 INFO o.a.j.t.JMeterThread: Stopping because end time detected by thread: Config 3: Exp8 1-392
2026-05-04 22:18:24,367 INFO o.a.j.t.JMeterThread: Thread finished: Config 3: Exp8 1-392
2026-05-04 22:18:24,367 INFO o.a.j.t.JMeterThread: Stopping because end time detected by thread: Config 3: Exp8 1-393
2026-05-04 22:18:24,367 INFO o.a.j.t.JMeterThread: Thread finished: Config 3: Exp8 1-393
2026-05-04 22:18:24,367 INFO o.a.j.t.JMeterThread: Stopping because end time detected by thread: Config 3: Exp8 1-385
2026-05-04 22:18:24,367 INFO o.a.j.t.JMeterThread: Thread finished: Config 3: Exp8 1-385
2026-05-04 22:18:24,367 INFO o.a.j.t.JMeterThread: Stopping because end time detected by thread: Config 3: Exp8 1-399
2026-05-04 22:18:24,367 INFO o.a.j.t.JMeterThread: Thread finished: Config 3: Exp8 1-399
2026-05-04 22:18:24,367 INFO o.a.j.t.JMeterThread: Stopping because end time detected by thread: Config 3: Exp8 1-400
2026-05-04 22:18:24,356 INFO o.a.j.t.JMeterThread: Stopping because end time detected by thread: Config 3: Exp8 1-86
2026-05-04 22:18:24,367 INFO o.a.j.t.JMeterThread: Thread finished: Config 3: Exp8 1-400
2026-05-04 22:18:24,367 INFO o.a.j.t.JMeterThread: Stopping because end time detected by thread: Config 3: Exp8 1-236
2026-05-04 22:18:24,367 INFO o.a.j.t.JMeterThread: Thread finished: Config 3: Exp8 1-236
2026-05-04 22:18:24,367 INFO o.a.j.t.JMeterThread: Thread finished: Config 3: Exp8 1-86
2026-05-04 22:18:24,367 INFO o.a.j.t.JMeterThread: Stopping because end time detected by thread: Config 3: Exp8 1-404
2026-05-04 22:18:24,367 INFO o.a.j.t.JMeterThread: Thread finished: Config 3: Exp8 1-404
2026-05-04 22:18:24,356 INFO o.a.j.t.JMeterThread: Stopping because end time detected by thread: Config 3: Exp8 1-87
2026-05-04 22:18:24,367 INFO o.a.j.t.JMeterThread: Thread finished: Config 3: Exp8 1-87
2026-05-04 22:18:24,367 INFO o.a.j.t.JMeterThread: Stopping because end time detected by thread: Config 3: Exp8 1-381
2026-05-04 22:18:24,367 INFO o.a.j.t.JMeterThread: Thread finished: Config 3: Exp8 1-381
2026-05-04 22:18:24,368 INFO o.a.j.t.JMeterThread: Stopping because end time detected by thread: Config 3: Exp8 1-407
2026-05-04 22:18:24,368 INFO o.a.j.t.JMeterThread: Thread finished: Config 3: Exp8 1-407
2026-05-04 22:18:24,368 INFO o.a.j.t.JMeterThread: Stopping because end time detected by thread: Config 3: Exp8 1-403
2026-05-04 22:18:24,368 INFO o.a.j.t.JMeterThread: Thread finished: Config 3: Exp8 1-403
2026-05-04 22:18:24,368 INFO o.a.j.t.JMeterThread: Stopping because end time detected by thread: Config 3: Exp8 1-408
2026-05-04 22:18:24,368 INFO o.a.j.t.JMeterThread: Thread finished: Config 3: Exp8 1-408
2026-05-04 22:18:24,368 INFO o.a.j.t.JMeterThread: Stopping because end time detected by thread: Config 3: Exp8 1-409
2026-05-04 22:18:24,368 INFO o.a.j.t.JMeterThread: Thread finished: Config 3: Exp8 1-409
2026-05-04 22:18:24,368 INFO o.a.j.t.JMeterThread: Stopping because end time detected by thread: Config 3: Exp8 1-309
2026-05-04 22:18:24,368 INFO o.a.j.t.JMeterThread: Thread finished: Config 3: Exp8 1-309
2026-05-04 22:18:24,356 INFO o.a.j.t.JMeterThread: Stopping because end time detected by thread: Config 3: Exp8 1-6
2026-05-04 22:18:24,368 INFO o.a.j.t.JMeterThread: Thread finished: Config 3: Exp8 1-6
2026-05-04 22:18:24,368 INFO o.a.j.t.JMeterThread: Stopping because end time detected by thread: Config 3: Exp8 1-458
2026-05-04 22:18:24,368 INFO o.a.j.t.JMeterThread: Thread finished: Config 3: Exp8 1-458
2026-05-04 22:18:24,368 INFO o.a.j.t.JMeterThread: Stopping because end time detected by thread: Config 3: Exp8 1-414
2026-05-04 22:18:24,368 INFO o.a.j.t.JMeterThread: Thread finished: Config 3: Exp8 1-414
2026-05-04 22:18:24,356 INFO o.a.j.t.JMeterThread: Stopping because end time detected by thread: Config 3: Exp8 1-2
2026-05-04 22:18:24,368 INFO o.a.j.t.JMeterThread: Thread finished: Config 3: Exp8 1-2
2026-05-04 22:18:24,368 INFO o.a.j.t.JMeterThread: Stopping because end time detected by thread: Config 3: Exp8 1-411
2026-05-04 22:18:24,369 INFO o.a.j.t.JMeterThread: Stopping because end time detected by thread: Config 3: Exp8 1-416
2026-05-04 22:18:24,369 INFO o.a.j.t.JMeterThread: Thread finished: Config 3: Exp8 1-411
2026-05-04 22:18:24,369 INFO o.a.j.t.JMeterThread: Thread finished: Config 3: Exp8 1-416
2026-05-04 22:18:24,369 INFO o.a.j.t.JMeterThread: Stopping because end time detected by thread: Config 3: Exp8 1-413
2026-05-04 22:18:24,369 INFO o.a.j.t.JMeterThread: Thread finished: Config 3: Exp8 1-413
2026-05-04 22:18:24,356 INFO o.a.j.t.JMeterThread: Stopping because end time detected by thread: Config 3: Exp8 1-95
2026-05-04 22:18:24,369 INFO o.a.j.t.JMeterThread: Thread finished: Config 3: Exp8 1-95
2026-05-04 22:18:24,369 INFO o.a.j.t.JMeterThread: Stopping because end time detected by thread: Config 3: Exp8 1-299
2026-05-04 22:18:24,369 INFO o.a.j.t.JMeterThread: Thread finished: Config 3: Exp8 1-299
2026-05-04 22:18:24,356 INFO o.a.j.t.JMeterThread: Stopping because end time detected by thread: Config 3: Exp8 1-24
2026-05-04 22:18:24,369 INFO o.a.j.t.JMeterThread: Stopping because end time detected by thread: Config 3: Exp8 1-417
2026-05-04 22:18:24,356 INFO o.a.j.t.JMeterThread: Stopping because end time detected by thread: Config 3: Exp8 1-85
2026-05-04 22:18:24,369 INFO o.a.j.t.JMeterThread: Thread finished: Config 3: Exp8 1-417
2026-05-04 22:18:24,369 INFO o.a.j.t.JMeterThread: Thread finished: Config 3: Exp8 1-85
2026-05-04 22:18:24,369 INFO o.a.j.t.JMeterThread: Stopping because end time detected by thread: Config 3: Exp8 1-420
2026-05-04 22:18:24,369 INFO o.a.j.t.JMeterThread: Stopping because end time detected by thread: Config 3: Exp8 1-460
2026-05-04 22:18:24,369 INFO o.a.j.t.JMeterThread: Thread finished: Config 3: Exp8 1-460
2026-05-04 22:18:24,356 INFO o.a.j.t.JMeterThread: Stopping because end time detected by thread: Config 3: Exp8 1-44
2026-05-04 22:18:24,369 INFO o.a.j.t.JMeterThread: Stopping because end time detected by thread: Config 3: Exp8 1-431
2026-05-04 22:18:24,369 INFO o.a.j.t.JMeterThread: Stopping because end time detected by thread: Config 3: Exp8 1-429
2026-05-04 22:18:24,356 INFO o.a.j.t.JMeterThread: Stopping because end time detected by thread: Config 3: Exp8 1-52
2026-05-04 22:18:24,369 INFO o.a.j.t.JMeterThread: Thread finished: Config 3: Exp8 1-431
2026-05-04 22:18:24,356 INFO o.a.j.t.JMeterThread: Stopping because end time detected by thread: Config 3: Exp8 1-105
2026-05-04 22:18:24,356 INFO o.a.j.t.JMeterThread: Stopping because end time detected by thread: Config 3: Exp8 1-46
2026-05-04 22:18:24,369 INFO o.a.j.t.JMeterThread: Thread finished: Config 3: Exp8 1-52
2026-05-04 22:18:24,369 INFO o.a.j.t.JMeterThread: Stopping because end time detected by thread: Config 3: Exp8 1-432
2026-05-04 22:18:24,356 INFO o.a.j.t.JMeterThread: Stopping because end time detected by thread: Config 3: Exp8 1-84
2026-05-04 22:18:24,369 INFO o.a.j.t.JMeterThread: Stopping because end time detected by thread: Config 3: Exp8 1-415
2026-05-04 22:18:24,356 INFO o.a.j.t.JMeterThread: Stopping because end time detected by thread: Config 3: Exp8 1-55
2026-05-04 22:18:24,369 INFO o.a.j.t.JMeterThread: Thread finished: Config 3: Exp8 1-432
2026-05-04 22:18:24,369 INFO o.a.j.t.JMeterThread: Thread finished: Config 3: Exp8 1-415
2026-05-04 22:18:24,356 INFO o.a.j.t.JMeterThread: Stopping because end time detected by thread: Config 3: Exp8 1-137
2026-05-04 22:18:24,369 INFO o.a.j.t.JMeterThread: Thread finished: Config 3: Exp8 1-55
2026-05-04 22:18:24,356 INFO o.a.j.t.JMeterThread: Stopping because end time detected by thread: Config 3: Exp8 1-81
2026-05-04 22:18:24,356 INFO o.a.j.t.JMeterThread: Stopping because end time detected by thread: Config 3: Exp8 1-126
2026-05-04 22:18:24,356 INFO o.a.j.t.JMeterThread: Stopping because end time detected by thread: Config 3: Exp8 1-164
2026-05-04 22:18:24,369 INFO o.a.j.t.JMeterThread: Thread finished: Config 3: Exp8 1-81
2026-05-04 22:18:24,369 INFO o.a.j.t.JMeterThread: Thread finished: Config 3: Exp8 1-126
2026-05-04 22:18:24,369 INFO o.a.j.t.JMeterThread: Thread finished: Config 3: Exp8 1-164
2026-05-04 22:18:24,369 INFO o.a.j.t.JMeterThread: Stopping because end time detected by thread: Config 3: Exp8 1-425
2026-05-04 22:18:24,356 INFO o.a.j.t.JMeterThread: Stopping because end time detected by thread: Config 3: Exp8 1-78
2026-05-04 22:18:24,369 INFO o.a.j.t.JMeterThread: Thread finished: Config 3: Exp8 1-425
2026-05-04 22:18:24,356 INFO o.a.j.t.JMeterThread: Stopping because end time detected by thread: Config 3: Exp8 1-83
2026-05-04 22:18:24,356 INFO o.a.j.t.JMeterThread: Stopping because end time detected by thread: Config 3: Exp8 1-162
2026-05-04 22:18:24,369 INFO o.a.j.t.JMeterThread: Thread finished: Config 3: Exp8 1-83
2026-05-04 22:18:24,356 INFO o.a.j.t.JMeterThread: Stopping because end time detected by thread: Config 3: Exp8 1-131
2026-05-04 22:18:24,369 INFO o.a.j.t.JMeterThread: Stopping because end time detected by thread: Config 3: Exp8 1-433
2026-05-04 22:18:24,369 INFO o.a.j.t.JMeterThread: Thread finished: Config 3: Exp8 1-433
2026-05-04 22:18:24,356 INFO o.a.j.t.JMeterThread: Stopping because end time detected by thread: Config 3: Exp8 1-82
2026-05-04 22:18:24,356 INFO o.a.j.t.JMeterThread: Stopping because end time detected by thread: Config 3: Exp8 1-139
2026-05-04 22:18:24,369 INFO o.a.j.t.JMeterThread: Thread finished: Config 3: Exp8 1-82
2026-05-04 22:18:24,369 INFO o.a.j.t.JMeterThread: Thread finished: Config 3: Exp8 1-139
2026-05-04 22:18:24,369 INFO o.a.j.t.JMeterThread: Stopping because end time detected by thread: Config 3: Exp8 1-472
2026-05-04 22:18:24,369 INFO o.a.j.t.JMeterThread: Thread finished: Config 3: Exp8 1-472
2026-05-04 22:18:24,369 INFO o.a.j.t.JMeterThread: Stopping because end time detected by thread: Config 3: Exp8 1-476
2026-05-04 22:18:24,369 INFO o.a.j.t.JMeterThread: Thread finished: Config 3: Exp8 1-476
2026-05-04 22:18:24,356 INFO o.a.j.t.JMeterThread: Stopping because end time detected by thread: Config 3: Exp8 1-45
2026-05-04 22:18:24,369 INFO o.a.j.t.JMeterThread: Stopping because end time detected by thread: Config 3: Exp8 1-464
2026-05-04 22:18:24,369 INFO o.a.j.t.JMeterThread: Thread finished: Config 3: Exp8 1-45
2026-05-04 22:18:24,369 INFO o.a.j.t.JMeterThread: Thread finished: Config 3: Exp8 1-464
2026-05-04 22:18:24,356 INFO o.a.j.t.JMeterThread: Stopping because end time detected by thread: Config 3: Exp8 1-134
2026-05-04 22:18:24,369 INFO o.a.j.t.JMeterThread: Stopping because end time detected by thread: Config 3: Exp8 1-373
2026-05-04 22:18:24,369 INFO o.a.j.t.JMeterThread: Thread finished: Config 3: Exp8 1-134
2026-05-04 22:18:24,369 INFO o.a.j.t.JMeterThread: Stopping because end time detected by thread: Config 3: Exp8 1-248
2026-05-04 22:18:24,369 INFO o.a.j.t.JMeterThread: Stopping because end time detected by thread: Config 3: Exp8 1-396
2026-05-04 22:18:24,369 INFO o.a.j.t.JMeterThread: Thread finished: Config 3: Exp8 1-248
2026-05-04 22:18:24,369 INFO o.a.j.t.JMeterThread: Thread finished: Config 3: Exp8 1-396
2026-05-04 22:18:24,355 INFO o.a.j.t.JMeterThread: Stopping because end time detected by thread: Config 3: Exp8 1-77
2026-05-04 22:18:24,369 INFO o.a.j.t.JMeterThread: Thread finished: Config 3: Exp8 1-77
2026-05-04 22:18:24,355 INFO o.a.j.t.JMeterThread: Stopping because end time detected by thread: Config 3: Exp8 1-125
2026-05-04 22:18:24,355 INFO o.a.j.t.JMeterThread: Stopping because end time detected by thread: Config 3: Exp8 1-172
2026-05-04 22:18:24,355 INFO o.a.j.t.JMeterThread: Stopping because end time detected by thread: Config 3: Exp8 1-127
2026-05-04 22:18:24,370 INFO o.a.j.t.JMeterThread: Thread finished: Config 3: Exp8 1-172
2026-05-04 22:18:24,370 INFO o.a.j.t.JMeterThread: Thread finished: Config 3: Exp8 1-127
2026-05-04 22:18:24,355 INFO o.a.j.t.JMeterThread: Stopping because end time detected by thread: Config 3: Exp8 1-3
2026-05-04 22:18:24,370 INFO o.a.j.t.JMeterThread: Stopping because end time detected by thread: Config 3: Exp8 1-386
2026-05-04 22:18:24,355 INFO o.a.j.t.JMeterThread: Stopping because end time detected by thread: Config 3: Exp8 1-65
2026-05-04 22:18:24,355 INFO o.a.j.t.JMeterThread: Stopping because end time detected by thread: Config 3: Exp8 1-25
2026-05-04 22:18:24,370 INFO o.a.j.t.JMeterThread: Thread finished: Config 3: Exp8 1-386
2026-05-04 22:18:24,370 INFO o.a.j.t.JMeterThread: Thread finished: Config 3: Exp8 1-65
2026-05-04 22:18:24,355 INFO o.a.j.t.JMeterThread: Stopping because end time detected by thread: Config 3: Exp8 1-18
2026-05-04 22:18:24,355 INFO o.a.j.t.JMeterThread: Stopping because end time detected by thread: Config 3: Exp8 1-76
2026-05-04 22:18:24,355 INFO o.a.j.t.JMeterThread: Stopping because end time detected by thread: Config 3: Exp8 1-193
2026-05-04 22:18:24,370 INFO o.a.j.t.JMeterThread: Thread finished: Config 3: Exp8 1-76
2026-05-04 22:18:24,370 INFO o.a.j.t.JMeterThread: Stopping because end time detected by thread: Config 3: Exp8 1-362
2026-05-04 22:18:24,370 INFO o.a.j.t.JMeterThread: Thread finished: Config 3: Exp8 1-193
2026-05-04 22:18:24,370 INFO o.a.j.t.JMeterThread: Stopping because end time detected by thread: Config 3: Exp8 1-366
2026-05-04 22:18:24,370 INFO o.a.j.t.JMeterThread: Thread finished: Config 3: Exp8 1-125
2026-05-04 22:18:24,370 INFO o.a.j.t.JMeterThread: Stopping because end time detected by thread: Config 3: Exp8 1-475
2026-05-04 22:18:24,355 INFO o.a.j.t.JMeterThread: Stopping because end time detected by thread: Config 3: Exp8 1-61
2026-05-04 22:18:24,370 INFO o.a.j.t.JMeterThread: Thread finished: Config 3: Exp8 1-475
2026-05-04 22:18:24,370 INFO o.a.j.t.JMeterThread: Stopping because end time detected by thread: Config 3: Exp8 1-455
2026-05-04 22:18:24,370 INFO o.a.j.t.JMeterThread: Thread finished: Config 3: Exp8 1-61
2026-05-04 22:18:24,355 INFO o.a.j.t.JMeterThread: Stopping because end time detected by thread: Config 3: Exp8 1-33
2026-05-04 22:18:24,370 INFO o.a.j.t.JMeterThread: Thread finished: Config 3: Exp8 1-455
2026-05-04 22:18:24,355 INFO o.a.j.t.JMeterThread: Stopping because end time detected by thread: Config 3: Exp8 1-60
2026-05-04 22:18:24,370 INFO o.a.j.t.JMeterThread: Stopping because end time detected by thread: Config 3: Exp8 1-456
2026-05-04 22:18:24,370 INFO o.a.j.t.JMeterThread: Thread finished: Config 3: Exp8 1-60
2026-05-04 22:18:24,370 INFO o.a.j.t.JMeterThread: Stopping because end time detected by thread: Config 3: Exp8 1-349
2026-05-04 22:18:24,355 INFO o.a.j.t.JMeterThread: Stopping because end time detected by thread: Config 3: Exp8 1-190
2026-05-04 22:18:24,370 INFO o.a.j.t.JMeterThread: Thread finished: Config 3: Exp8 1-349
2026-05-04 22:18:24,370 INFO o.a.j.t.JMeterThread: Stopping because end time detected by thread: Config 3: Exp8 1-333
2026-05-04 22:18:24,355 INFO o.a.j.t.JMeterThread: Stopping because end time detected by thread: Config 3: Exp8 1-174
2026-05-04 22:18:24,370 INFO o.a.j.t.JMeterThread: Thread finished: Config 3: Exp8 1-333
2026-05-04 22:18:24,355 INFO o.a.j.t.JMeterThread: Stopping because end time detected by thread: Config 3: Exp8 1-124
2026-05-04 22:18:24,370 INFO o.a.j.t.JMeterThread: Stopping because end time detected by thread: Config 3: Exp8 1-340
2026-05-04 22:18:24,355 INFO o.a.j.t.JMeterThread: Stopping because end time detected by thread: Config 3: Exp8 1-189
2026-05-04 22:18:24,370 INFO o.a.j.t.JMeterThread: Thread finished: Config 3: Exp8 1-340
2026-05-04 22:18:24,355 INFO o.a.j.t.JMeterThread: Stopping because end time detected by thread: Config 3: Exp8 1-188
2026-05-04 22:18:24,370 INFO o.a.j.t.JMeterThread: Thread finished: Config 3: Exp8 1-124
2026-05-04 22:18:24,355 INFO o.a.j.t.JMeterThread: Stopping because end time detected by thread: Config 3: Exp8 1-141
2026-05-04 22:18:24,370 INFO o.a.j.t.JMeterThread: Stopping because end time detected by thread: Config 3: Exp8 1-331
2026-05-04 22:18:24,370 INFO o.a.j.t.JMeterThread: Thread finished: Config 3: Exp8 1-331
2026-05-04 22:18:24,370 INFO o.a.j.t.JMeterThread: Thread finished: Config 3: Exp8 1-141
2026-05-04 22:18:24,370 INFO o.a.j.t.JMeterThread: Stopping because end time detected by thread: Config 3: Exp8 1-320
2026-05-04 22:18:24,370 INFO o.a.j.t.JMeterThread: Thread finished: Config 3: Exp8 1-320
2026-05-04 22:18:24,355 INFO o.a.j.t.JMeterThread: Stopping because end time detected by thread: Config 3: Exp8 1-75
2026-05-04 22:18:24,370 INFO o.a.j.t.JMeterThread: Stopping because end time detected by thread: Config 3: Exp8 1-357
2026-05-04 22:18:24,370 INFO o.a.j.t.JMeterThread: Stopping because end time detected by thread: Config 3: Exp8 1-327
2026-05-04 22:18:24,355 INFO o.a.j.t.JMeterThread: Stopping because end time detected by thread: Config 3: Exp8 1-163
2026-05-04 22:18:24,355 INFO o.a.j.t.JMeterThread: Stopping because end time detected by thread: Config 3: Exp8 1-12
2026-05-04 22:18:24,355 INFO o.a.j.t.JMeterThread: Stopping because end time detected by thread: Config 3: Exp8 1-74
2026-05-04 22:18:24,370 INFO o.a.j.t.JMeterThread: Thread finished: Config 3: Exp8 1-163
2026-05-04 22:18:24,370 INFO o.a.j.t.JMeterThread: Stopping because end time detected by thread: Config 3: Exp8 1-323
2026-05-04 22:18:24,355 INFO o.a.j.t.JMeterThread: Stopping because end time detected by thread: Config 3: Exp8 1-37
2026-05-04 22:18:24,355 INFO o.a.j.t.JMeterThread: Stopping because end time detected by thread: Config 3: Exp8 1-183
2026-05-04 22:18:24,355 INFO o.a.j.t.JMeterThread: Stopping because end time detected by thread: Config 3: Exp8 1-116
2026-05-04 22:18:24,355 INFO o.a.j.t.JMeterThread: Stopping because end time detected by thread: Config 3: Exp8 1-175
2026-05-04 22:18:24,355 INFO o.a.j.t.JMeterThread: Stopping because end time detected by thread: Config 3: Exp8 1-72
2026-05-04 22:18:24,355 INFO o.a.j.t.JMeterThread: Stopping because end time detected by thread: Config 3: Exp8 1-4
2026-05-04 22:18:24,370 INFO o.a.j.t.JMeterThread: Thread finished: Config 3: Exp8 1-175
2026-05-04 22:18:24,355 INFO o.a.j.t.JMeterThread: Stopping because end time detected by thread: Config 3: Exp8 1-73
2026-05-04 22:18:24,355 INFO o.a.j.t.JMeterThread: Stopping because end time detected by thread: Config 3: Exp8 1-42
2026-05-04 22:18:24,355 INFO o.a.j.t.JMeterThread: Stopping because end time detected by thread: Config 3: Exp8 1-109
2026-05-04 22:18:24,370 INFO o.a.j.t.JMeterThread: Thread finished: Config 3: Exp8 1-73
2026-05-04 22:18:24,370 INFO o.a.j.t.JMeterThread: Thread finished: Config 3: Exp8 1-42
2026-05-04 22:18:24,370 INFO o.a.j.t.JMeterThread: Thread finished: Config 3: Exp8 1-109
2026-05-04 22:18:24,355 INFO o.a.j.t.JMeterThread: Stopping because end time detected by thread: Config 3: Exp8 1-167
2026-05-04 22:18:24,355 INFO o.a.j.t.JMeterThread: Stopping because end time detected by thread: Config 3: Exp8 1-66
2026-05-04 22:18:24,355 INFO o.a.j.t.JMeterThread: Stopping because end time detected by thread: Config 3: Exp8 1-53
2026-05-04 22:18:24,370 INFO o.a.j.t.JMeterThread: Thread finished: Config 3: Exp8 1-167
2026-05-04 22:18:24,355 INFO o.a.j.t.JMeterThread: Stopping because end time detected by thread: Config 3: Exp8 1-63
2026-05-04 22:18:24,355 INFO o.a.j.t.JMeterThread: Stopping because end time detected by thread: Config 3: Exp8 1-104
2026-05-04 22:18:24,370 INFO o.a.j.t.JMeterThread: Thread finished: Config 3: Exp8 1-66
2026-05-04 22:18:24,355 INFO o.a.j.t.JMeterThread: Stopping because end time detected by thread: Config 3: Exp8 1-21
2026-05-04 22:18:24,355 INFO o.a.j.t.JMeterThread: Stopping because end time detected by thread: Config 3: Exp8 1-51
2026-05-04 22:18:24,370 INFO o.a.j.t.JMeterThread: Thread finished: Config 3: Exp8 1-21
2026-05-04 22:18:24,370 INFO o.a.j.t.JMeterThread: Thread finished: Config 3: Exp8 1-51
2026-05-04 22:18:24,355 INFO o.a.j.t.JMeterThread: Stopping because end time detected by thread: Config 3: Exp8 1-28
2026-05-04 22:18:24,355 INFO o.a.j.t.JMeterThread: Stopping because end time detected by thread: Config 3: Exp8 1-152
2026-05-04 22:18:24,355 INFO o.a.j.t.JMeterThread: Stopping because end time detected by thread: Config 3: Exp8 1-14
2026-05-04 22:18:24,355 INFO o.a.j.t.JMeterThread: Stopping because end time detected by thread: Config 3: Exp8 1-166
2026-05-04 22:18:24,370 INFO o.a.j.t.JMeterThread: Thread finished: Config 3: Exp8 1-14
2026-05-04 22:18:24,355 INFO o.a.j.t.JMeterThread: Stopping because end time detected by thread: Config 3: Exp8 1-20
2026-05-04 22:18:24,370 INFO o.a.j.t.JMeterThread: Thread finished: Config 3: Exp8 1-152
2026-05-04 22:18:24,355 INFO o.a.j.t.JMeterThread: Stopping because end time detected by thread: Config 3: Exp8 1-159
2026-05-04 22:18:24,355 INFO o.a.j.t.JMeterThread: Stopping because end time detected by thread: Config 3: Exp8 1-161
2026-05-04 22:18:24,355 INFO o.a.j.t.JMeterThread: Stopping because end time detected by thread: Config 3: Exp8 1-178
2026-05-04 22:18:24,370 INFO o.a.j.t.JMeterThread: Thread finished: Config 3: Exp8 1-159
2026-05-04 22:18:24,355 INFO o.a.j.t.JMeterThread: Stopping because end time detected by thread: Config 3: Exp8 1-54
2026-05-04 22:18:24,371 INFO o.a.j.t.JMeterThread: Thread finished: Config 3: Exp8 1-178
2026-05-04 22:18:24,371 INFO o.a.j.t.JMeterThread: Thread finished: Config 3: Exp8 1-54
2026-05-04 22:18:24,354 INFO o.a.j.t.JMeterThread: Stopping because end time detected by thread: Config 3: Exp8 1-187
2026-05-04 22:18:24,354 INFO o.a.j.t.JMeterThread: Stopping because end time detected by thread: Config 3: Exp8 1-34
2026-05-04 22:18:24,354 INFO o.a.j.t.JMeterThread: Stopping because end time detected by thread: Config 3: Exp8 1-43
2026-05-04 22:18:24,371 INFO o.a.j.t.JMeterThread: Thread finished: Config 3: Exp8 1-187
2026-05-04 22:18:24,354 INFO o.a.j.t.JMeterThread: Stopping because end time detected by thread: Config 3: Exp8 1-40
2026-05-04 22:18:24,352 INFO o.a.j.t.JMeterThread: Stopping because end time detected by thread: Config 3: Exp8 1-32
2026-05-04 22:18:24,371 INFO o.a.j.t.JMeterThread: Thread finished: Config 3: Exp8 1-40
2026-05-04 22:18:24,354 INFO o.a.j.t.JMeterThread: Stopping because end time detected by thread: Config 3: Exp8 1-168
2026-05-04 22:18:24,371 INFO o.a.j.t.JMeterThread: Thread finished: Config 3: Exp8 1-43
2026-05-04 22:18:24,371 INFO o.a.j.t.JMeterThread: Thread finished: Config 3: Exp8 1-32
2026-05-04 22:18:24,354 INFO o.a.j.t.JMeterThread: Stopping because end time detected by thread: Config 3: Exp8 1-7
2026-05-04 22:18:24,354 INFO o.a.j.t.JMeterThread: Stopping because end time detected by thread: Config 3: Exp8 1-5
2026-05-04 22:18:24,354 INFO o.a.j.t.JMeterThread: Stopping because end time detected by thread: Config 3: Exp8 1-17
2026-05-04 22:18:24,354 INFO o.a.j.t.JMeterThread: Stopping because end time detected by thread: Config 3: Exp8 1-91
2026-05-04 22:18:24,371 INFO o.a.j.t.JMeterThread: Thread finished: Config 3: Exp8 1-5
2026-05-04 22:18:24,371 INFO o.a.j.t.JMeterThread: Thread finished: Config 3: Exp8 1-7
2026-05-04 22:18:24,371 INFO o.a.j.t.JMeterThread: Thread finished: Config 3: Exp8 1-17
2026-05-04 22:18:24,371 INFO o.a.j.t.JMeterThread: Thread finished: Config 3: Exp8 1-91
2026-05-04 22:18:24,354 INFO o.a.j.t.JMeterThread: Stopping because end time detected by thread: Config 3: Exp8 1-9
2026-05-04 22:18:24,354 INFO o.a.j.t.JMeterThread: Stopping because end time detected by thread: Config 3: Exp8 1-50
2026-05-04 22:18:24,354 INFO o.a.j.t.JMeterThread: Stopping because end time detected by thread: Config 3: Exp8 1-157
2026-05-04 22:18:24,354 INFO o.a.j.t.JMeterThread: Stopping because end time detected by thread: Config 3: Exp8 1-144
2026-05-04 22:18:24,371 INFO o.a.j.t.JMeterThread: Thread finished: Config 3: Exp8 1-50
2026-05-04 22:18:24,371 INFO o.a.j.t.JMeterThread: Thread finished: Config 3: Exp8 1-144
2026-05-04 22:18:24,354 INFO o.a.j.t.JMeterThread: Stopping because end time detected by thread: Config 3: Exp8 1-58
2026-05-04 22:18:24,354 INFO o.a.j.t.JMeterThread: Stopping because end time detected by thread: Config 3: Exp8 1-49
2026-05-04 22:18:24,354 INFO o.a.j.t.JMeterThread: Stopping because end time detected by thread: Config 3: Exp8 1-113
2026-05-04 22:18:24,371 INFO o.a.j.t.JMeterThread: Thread finished: Config 3: Exp8 1-58
2026-05-04 22:18:24,371 INFO o.a.j.t.JMeterThread: Thread finished: Config 3: Exp8 1-49
2026-05-04 22:18:24,354 INFO o.a.j.t.JMeterThread: Stopping because end time detected by thread: Config 3: Exp8 1-169
2026-05-04 22:18:24,354 INFO o.a.j.t.JMeterThread: Stopping because end time detected by thread: Config 3: Exp8 1-64
2026-05-04 22:18:24,371 INFO o.a.j.t.JMeterThread: Thread finished: Config 3: Exp8 1-169
2026-05-04 22:18:24,371 INFO o.a.j.t.JMeterThread: Thread finished: Config 3: Exp8 1-113
2026-05-04 22:18:24,354 INFO o.a.j.t.JMeterThread: Stopping because end time detected by thread: Config 3: Exp8 1-10
2026-05-04 22:18:24,354 INFO o.a.j.t.JMeterThread: Stopping because end time detected by thread: Config 3: Exp8 1-35
2026-05-04 22:18:24,354 INFO o.a.j.t.JMeterThread: Stopping because end time detected by thread: Config 3: Exp8 1-26
2026-05-04 22:18:24,371 INFO o.a.j.t.JMeterThread: Thread finished: Config 3: Exp8 1-10
2026-05-04 22:18:24,371 INFO o.a.j.t.JMeterThread: Thread finished: Config 3: Exp8 1-35
2026-05-04 22:18:24,371 INFO o.a.j.t.JMeterThread: Thread finished: Config 3: Exp8 1-26
2026-05-04 22:18:24,354 INFO o.a.j.t.JMeterThread: Stopping because end time detected by thread: Config 3: Exp8 1-36
2026-05-04 22:18:24,354 INFO o.a.j.t.JMeterThread: Stopping because end time detected by thread: Config 3: Exp8 1-27
2026-05-04 22:18:24,354 INFO o.a.j.t.JMeterThread: Stopping because end time detected by thread: Config 3: Exp8 1-119
2026-05-04 22:18:24,354 INFO o.a.j.t.JMeterThread: Stopping because end time detected by thread: Config 3: Exp8 1-93
2026-05-04 22:18:24,371 INFO o.a.j.t.JMeterThread: Thread finished: Config 3: Exp8 1-119
2026-05-04 22:18:24,354 INFO o.a.j.t.JMeterThread: Stopping because end time detected by thread: Config 3: Exp8 1-30
2026-05-04 22:18:24,371 INFO o.a.j.t.JMeterThread: Thread finished: Config 3: Exp8 1-93
2026-05-04 22:18:24,354 INFO o.a.j.t.JMeterThread: Stopping because end time detected by thread: Config 3: Exp8 1-153
2026-05-04 22:18:24,371 INFO o.a.j.t.JMeterThread: Thread finished: Config 3: Exp8 1-153
2026-05-04 22:18:24,354 INFO o.a.j.t.JMeterThread: Stopping because end time detected by thread: Config 3: Exp8 1-38
2026-05-04 22:18:24,354 INFO o.a.j.t.JMeterThread: Stopping because end time detected by thread: Config 3: Exp8 1-156
2026-05-04 22:18:24,371 INFO o.a.j.t.JMeterThread: Thread finished: Config 3: Exp8 1-38
2026-05-04 22:18:24,354 INFO o.a.j.t.JMeterThread: Stopping because end time detected by thread: Config 3: Exp8 1-56
2026-05-04 22:18:24,353 INFO o.a.j.t.JMeterThread: Stopping because end time detected by thread: Config 3: Exp8 1-123
2026-05-04 22:18:24,353 INFO o.a.j.t.JMeterThread: Stopping because end time detected by thread: Config 3: Exp8 1-68
2026-05-04 22:18:24,371 INFO o.a.j.t.JMeterThread: Thread finished: Config 3: Exp8 1-56
2026-05-04 22:18:24,353 INFO o.a.j.t.JMeterThread: Stopping because end time detected by thread: Config 3: Exp8 1-48
2026-05-04 22:18:24,371 INFO o.a.j.t.JMeterThread: Thread finished: Config 3: Exp8 1-123
2026-05-04 22:18:24,353 INFO o.a.j.t.JMeterThread: Stopping because end time detected by thread: Config 3: Exp8 1-118
2026-05-04 22:18:24,371 INFO o.a.j.t.JMeterThread: Thread finished: Config 3: Exp8 1-48
2026-05-04 22:18:24,353 INFO o.a.j.t.JMeterThread: Stopping because end time detected by thread: Config 3: Exp8 1-121
2026-05-04 22:18:24,353 INFO o.a.j.t.JMeterThread: Stopping because end time detected by thread: Config 3: Exp8 1-13
2026-05-04 22:18:24,353 INFO o.a.j.t.JMeterThread: Stopping because end time detected by thread: Config 3: Exp8 1-22
2026-05-04 22:18:24,371 INFO o.a.j.t.JMeterThread: Thread finished: Config 3: Exp8 1-121
2026-05-04 22:18:24,371 INFO o.a.j.t.JMeterThread: Thread finished: Config 3: Exp8 1-13
2026-05-04 22:18:24,353 INFO o.a.j.t.JMeterThread: Stopping because end time detected by thread: Config 3: Exp8 1-59
2026-05-04 22:18:24,371 INFO o.a.j.t.JMeterThread: Thread finished: Config 3: Exp8 1-22
2026-05-04 22:18:24,353 INFO o.a.j.t.JMeterThread: Stopping because end time detected by thread: Config 3: Exp8 1-29
2026-05-04 22:18:24,353 INFO o.a.j.t.JMeterThread: Stopping because end time detected by thread: Config 3: Exp8 1-41
2026-05-04 22:18:24,353 INFO o.a.j.t.JMeterThread: Stopping because end time detected by thread: Config 3: Exp8 1-112
2026-05-04 22:18:24,352 INFO o.a.j.t.JMeterThread: Stopping because end time detected by thread: Config 3: Exp8 1-120
2026-05-04 22:18:24,371 INFO o.a.j.t.JMeterThread: Thread finished: Config 3: Exp8 1-41
2026-05-04 22:18:24,371 INFO o.a.j.t.JMeterThread: Thread finished: Config 3: Exp8 1-112
2026-05-04 22:18:24,352 INFO o.a.j.t.JMeterThread: Stopping because end time detected by thread: Config 3: Exp8 1-79
2026-05-04 22:18:24,371 INFO o.a.j.t.JMeterThread: Thread finished: Config 3: Exp8 1-29
2026-05-04 22:18:24,371 INFO o.a.j.t.JMeterThread: Thread finished: Config 3: Exp8 1-120
2026-05-04 22:18:24,352 INFO o.a.j.t.JMeterThread: Stopping because end time detected by thread: Config 3: Exp8 1-71
2026-05-04 22:18:24,352 INFO o.a.j.t.JMeterThread: Stopping because end time detected by thread: Config 3: Exp8 1-102
2026-05-04 22:18:24,371 INFO o.a.j.t.JMeterThread: Thread finished: Config 3: Exp8 1-71
2026-05-04 22:18:24,352 INFO o.a.j.t.JMeterThread: Stopping because end time detected by thread: Config 3: Exp8 1-47
2026-05-04 22:18:24,352 INFO o.a.j.t.JMeterThread: Stopping because end time detected by thread: Config 3: Exp8 1-110
2026-05-04 22:18:24,371 INFO o.a.j.t.JMeterThread: Thread finished: Config 3: Exp8 1-47
2026-05-04 22:18:24,352 INFO o.a.j.t.JMeterThread: Stopping because end time detected by thread: Config 3: Exp8 1-16
2026-05-04 22:18:24,371 INFO o.a.j.t.JMeterThread: Thread finished: Config 3: Exp8 1-102
2026-05-04 22:18:24,352 INFO o.a.j.t.JMeterThread: Stopping because end time detected by thread: Config 3: Exp8 1-8
2026-05-04 22:18:24,352 INFO o.a.j.t.JMeterThread: Stopping because end time detected by thread: Config 3: Exp8 1-67
2026-05-04 22:18:24,352 INFO o.a.j.t.JMeterThread: Stopping because end time detected by thread: Config 3: Exp8 1-39
2026-05-04 22:18:24,371 INFO o.a.j.t.JMeterThread: Thread finished: Config 3: Exp8 1-67
2026-05-04 22:18:24,371 INFO o.a.j.t.JMeterThread: Thread finished: Config 3: Exp8 1-8
2026-05-04 22:18:24,371 INFO o.a.j.t.JMeterThread: Thread finished: Config 3: Exp8 1-110
2026-05-04 22:18:24,372 INFO o.a.j.t.JMeterThread: Thread finished: Config 3: Exp8 1-39
2026-05-04 22:18:24,372 INFO o.a.j.t.JMeterThread: Thread finished: Config 3: Exp8 1-16
2026-05-04 22:18:24,372 INFO o.a.j.t.JMeterThread: Thread finished: Config 3: Exp8 1-79
2026-05-04 22:18:24,371 INFO o.a.j.t.JMeterThread: Thread finished: Config 3: Exp8 1-59
2026-05-04 22:18:24,371 INFO o.a.j.t.JMeterThread: Thread finished: Config 3: Exp8 1-118
2026-05-04 22:18:24,371 INFO o.a.j.t.JMeterThread: Thread finished: Config 3: Exp8 1-156
2026-05-04 22:18:24,372 INFO o.a.j.t.JMeterThread: Thread finished: Config 3: Exp8 1-68
2026-05-04 22:18:24,371 INFO o.a.j.t.JMeterThread: Thread finished: Config 3: Exp8 1-27
2026-05-04 22:18:24,372 INFO o.a.j.t.JMeterThread: Thread finished: Config 3: Exp8 1-30
2026-05-04 22:18:24,371 INFO o.a.j.t.JMeterThread: Thread finished: Config 3: Exp8 1-36
2026-05-04 22:18:24,371 INFO o.a.j.t.JMeterThread: Thread finished: Config 3: Exp8 1-64
2026-05-04 22:18:24,371 INFO o.a.j.t.JMeterThread: Thread finished: Config 3: Exp8 1-157
2026-05-04 22:18:24,371 INFO o.a.j.t.JMeterThread: Thread finished: Config 3: Exp8 1-9
2026-05-04 22:18:24,372 INFO o.a.j.t.JMeterThread: Thread finished: Config 3: Exp8 1-168
2026-05-04 22:18:24,371 INFO o.a.j.t.JMeterThread: Thread finished: Config 3: Exp8 1-34
2026-05-04 22:18:24,371 INFO o.a.j.t.JMeterThread: Thread finished: Config 3: Exp8 1-161
2026-05-04 22:18:24,370 INFO o.a.j.t.JMeterThread: Thread finished: Config 3: Exp8 1-166
2026-05-04 22:18:24,372 INFO o.a.j.t.JMeterThread: Thread finished: Config 3: Exp8 1-20
2026-05-04 22:18:24,370 INFO o.a.j.t.JMeterThread: Thread finished: Config 3: Exp8 1-63
2026-05-04 22:18:24,372 INFO o.a.j.t.JMeterThread: Thread finished: Config 3: Exp8 1-28
2026-05-04 22:18:24,372 INFO o.a.j.t.JMeterThread: Thread finished: Config 3: Exp8 1-53
2026-05-04 22:18:24,372 INFO o.a.j.t.JMeterThread: Thread finished: Config 3: Exp8 1-104
2026-05-04 22:18:24,370 INFO o.a.j.t.JMeterThread: Thread finished: Config 3: Exp8 1-72
2026-05-04 22:18:24,370 INFO o.a.j.t.JMeterThread: Thread finished: Config 3: Exp8 1-116
2026-05-04 22:18:24,372 INFO o.a.j.t.JMeterThread: Thread finished: Config 3: Exp8 1-4
2026-05-04 22:18:24,370 INFO o.a.j.t.JMeterThread: Thread finished: Config 3: Exp8 1-183
2026-05-04 22:18:24,370 INFO o.a.j.t.JMeterThread: Thread finished: Config 3: Exp8 1-37
2026-05-04 22:18:24,370 INFO o.a.j.t.JMeterThread: Thread finished: Config 3: Exp8 1-323
2026-05-04 22:18:24,370 INFO o.a.j.t.JMeterThread: Thread finished: Config 3: Exp8 1-12
2026-05-04 22:18:24,370 INFO o.a.j.t.JMeterThread: Stopping because end time detected by thread: Config 3: Exp8 1-364
2026-05-04 22:18:24,372 INFO o.a.j.t.JMeterThread: Thread finished: Config 3: Exp8 1-74
2026-05-04 22:18:24,370 INFO o.a.j.t.JMeterThread: Thread finished: Config 3: Exp8 1-357
2026-05-04 22:18:24,372 INFO o.a.j.t.JMeterThread: Thread finished: Config 3: Exp8 1-364
2026-05-04 22:18:24,370 INFO o.a.j.t.JMeterThread: Stopping because end time detected by thread: Config 3: Exp8 1-390
2026-05-04 22:18:24,370 INFO o.a.j.t.JMeterThread: Thread finished: Config 3: Exp8 1-327
2026-05-04 22:18:24,372 INFO o.a.j.t.JMeterThread: Thread finished: Config 3: Exp8 1-390
2026-05-04 22:18:24,370 INFO o.a.j.t.JMeterThread: Stopping because end time detected by thread: Config 3: Exp8 1-325
2026-05-04 22:18:24,370 INFO o.a.j.t.JMeterThread: Stopping because end time detected by thread: Config 3: Exp8 1-339
2026-05-04 22:18:24,372 INFO o.a.j.t.JMeterThread: Thread finished: Config 3: Exp8 1-75
2026-05-04 22:18:24,372 INFO o.a.j.t.JMeterThread: Thread finished: Config 3: Exp8 1-325
2026-05-04 22:18:24,372 INFO o.a.j.t.JMeterThread: Thread finished: Config 3: Exp8 1-339
2026-05-04 22:18:24,372 INFO o.a.j.t.JMeterThread: Thread finished: Config 3: Exp8 1-188
2026-05-04 22:18:24,372 INFO o.a.j.t.JMeterThread: Thread finished: Config 3: Exp8 1-189
2026-05-04 22:18:24,370 INFO o.a.j.t.JMeterThread: Stopping because end time detected by thread: Config 3: Exp8 1-330
2026-05-04 22:18:24,370 INFO o.a.j.t.JMeterThread: Thread finished: Config 3: Exp8 1-174
2026-05-04 22:18:24,372 INFO o.a.j.t.JMeterThread: Thread finished: Config 3: Exp8 1-190
2026-05-04 22:18:24,372 INFO o.a.j.t.JMeterThread: Thread finished: Config 3: Exp8 1-330
2026-05-04 22:18:24,370 INFO o.a.j.t.JMeterThread: Stopping because end time detected by thread: Config 3: Exp8 1-470
2026-05-04 22:18:24,370 INFO o.a.j.t.JMeterThread: Stopping because end time detected by thread: Config 3: Exp8 1-474
2026-05-04 22:18:24,370 INFO o.a.j.t.JMeterThread: Stopping because end time detected by thread: Config 3: Exp8 1-352
2026-05-04 22:18:24,370 INFO o.a.j.t.JMeterThread: Thread finished: Config 3: Exp8 1-33
2026-05-04 22:18:24,372 INFO o.a.j.t.JMeterThread: Thread finished: Config 3: Exp8 1-470
2026-05-04 22:18:24,370 INFO o.a.j.t.JMeterThread: Stopping because end time detected by thread: Config 3: Exp8 1-361
2026-05-04 22:18:24,372 INFO o.a.j.t.JMeterThread: Thread finished: Config 3: Exp8 1-352
2026-05-04 22:18:24,372 INFO o.a.j.t.JMeterThread: Thread finished: Config 3: Exp8 1-456
2026-05-04 22:18:24,372 INFO o.a.j.t.JMeterThread: Thread finished: Config 3: Exp8 1-361
2026-05-04 22:18:24,370 INFO o.a.j.t.JMeterThread: Thread finished: Config 3: Exp8 1-366
2026-05-04 22:18:24,370 INFO o.a.j.t.JMeterThread: Thread finished: Config 3: Exp8 1-362
2026-05-04 22:18:24,370 INFO o.a.j.t.JMeterThread: Thread finished: Config 3: Exp8 1-18
2026-05-04 22:18:24,370 INFO o.a.j.t.JMeterThread: Thread finished: Config 3: Exp8 1-25
2026-05-04 22:18:24,370 INFO o.a.j.t.JMeterThread: Stopping because end time detected by thread: Config 3: Exp8 1-359
2026-05-04 22:18:24,372 INFO o.a.j.t.JMeterThread: Thread finished: Config 3: Exp8 1-359
2026-05-04 22:18:24,372 INFO o.a.j.t.JMeterThread: Thread finished: Config 3: Exp8 1-3
2026-05-04 22:18:24,370 INFO o.a.j.t.JMeterThread: Stopping because end time detected by thread: Config 3: Exp8 1-350
2026-05-04 22:18:24,369 INFO o.a.j.t.JMeterThread: Stopping because end time detected by thread: Config 3: Exp8 1-368
2026-05-04 22:18:24,372 INFO o.a.j.t.JMeterThread: Thread finished: Config 3: Exp8 1-350
2026-05-04 22:18:24,369 INFO o.a.j.t.JMeterThread: Stopping because end time detected by thread: Config 3: Exp8 1-257
2026-05-04 22:18:24,369 INFO o.a.j.t.JMeterThread: Thread finished: Config 3: Exp8 1-373
2026-05-04 22:18:24,372 INFO o.a.j.t.JMeterThread: Thread finished: Config 3: Exp8 1-368
2026-05-04 22:18:24,369 INFO o.a.j.t.JMeterThread: Stopping because end time detected by thread: Config 3: Exp8 1-459
2026-05-04 22:18:24,369 INFO o.a.j.t.JMeterThread: Thread finished: Config 3: Exp8 1-162
2026-05-04 22:18:24,369 INFO o.a.j.t.JMeterThread: Stopping because end time detected by thread: Config 3: Exp8 1-434
2026-05-04 22:18:24,369 INFO o.a.j.t.JMeterThread: Stopping because end time detected by thread: Config 3: Exp8 1-440
2026-05-04 22:18:24,369 INFO o.a.j.t.JMeterThread: Thread finished: Config 3: Exp8 1-78
2026-05-04 22:18:24,369 INFO o.a.j.t.JMeterThread: Stopping because end time detected by thread: Config 3: Exp8 1-468
2026-05-04 22:18:24,373 INFO o.a.j.t.JMeterThread: Thread finished: Config 3: Exp8 1-440
2026-05-04 22:18:24,373 INFO o.a.j.t.JMeterThread: Thread finished: Config 3: Exp8 1-468
2026-05-04 22:18:24,369 INFO o.a.j.t.JMeterThread: Stopping because end time detected by thread: Config 3: Exp8 1-426
2026-05-04 22:18:24,373 INFO o.a.j.t.JMeterThread: Thread finished: Config 3: Exp8 1-137
2026-05-04 22:18:24,373 INFO o.a.j.t.JMeterThread: Thread finished: Config 3: Exp8 1-84
2026-05-04 22:18:24,373 INFO o.a.j.t.JMeterThread: Thread finished: Config 3: Exp8 1-46
2026-05-04 22:18:24,369 INFO o.a.j.t.JMeterThread: Thread finished: Config 3: Exp8 1-105
2026-05-04 22:18:24,369 INFO o.a.j.t.JMeterThread: Thread finished: Config 3: Exp8 1-429
2026-05-04 22:18:24,369 INFO o.a.j.t.JMeterThread: Thread finished: Config 3: Exp8 1-420
2026-05-04 22:18:24,373 INFO o.a.j.t.JMeterThread: Thread finished: Config 3: Exp8 1-44
2026-05-04 22:18:24,369 INFO o.a.j.t.JMeterThread: Stopping because end time detected by thread: Config 3: Exp8 1-423
2026-05-04 22:18:24,369 INFO o.a.j.t.JMeterThread: Thread finished: Config 3: Exp8 1-24
2026-05-04 22:18:24,373 INFO o.a.j.t.JMeterThread: Thread finished: Config 3: Exp8 1-423
2026-05-04 22:18:24,367 INFO o.a.j.t.JMeterThread: Stopping because end time detected by thread: Config 3: Exp8 1-401
2026-05-04 22:18:24,367 INFO o.a.j.t.JMeterThread: Stopping because end time detected by thread: Config 3: Exp8 1-391
2026-05-04 22:18:24,367 INFO o.a.j.t.JMeterThread: Stopping because end time detected by thread: Config 3: Exp8 1-240
2026-05-04 22:18:24,373 INFO o.a.j.t.JMeterThread: Thread finished: Config 3: Exp8 1-391
2026-05-04 22:18:24,373 INFO o.a.j.t.JMeterThread: Thread finished: Config 3: Exp8 1-401
2026-05-04 22:18:24,361 INFO o.a.j.t.JMeterThread: Stopping because end time detected by thread: Config 3: Exp8 1-233
2026-05-04 22:18:24,373 INFO o.a.j.t.JMeterThread: Thread finished: Config 3: Exp8 1-380
2026-05-04 22:18:24,367 INFO o.a.j.t.JMeterThread: Stopping because end time detected by thread: Config 3: Exp8 1-250
2026-05-04 22:18:24,373 INFO o.a.j.t.JMeterThread: Thread finished: Config 3: Exp8 1-90
2026-05-04 22:18:24,367 INFO o.a.j.t.JMeterThread: Stopping because end time detected by thread: Config 3: Exp8 1-369
2026-05-04 22:18:24,367 INFO o.a.j.t.JMeterThread: Thread finished: Config 3: Exp8 1-376
2026-05-04 22:18:24,367 INFO o.a.j.t.JMeterThread: Stopping because end time detected by thread: Config 3: Exp8 1-447
2026-05-04 22:18:24,367 INFO o.a.j.t.JMeterThread: Stopping because end time detected by thread: Config 3: Exp8 1-370
2026-05-04 22:18:24,373 INFO o.a.j.t.JMeterThread: Thread finished: Config 3: Exp8 1-447
2026-05-04 22:18:24,367 INFO o.a.j.t.JMeterThread: Thread finished: Config 3: Exp8 1-479
2026-05-04 22:18:24,367 INFO o.a.j.t.JMeterThread: Stopping because end time detected by thread: Config 3: Exp8 1-446
2026-05-04 22:18:24,367 INFO o.a.j.t.JMeterThread: Thread finished: Config 3: Exp8 1-371
2026-05-04 22:18:24,366 INFO o.a.j.t.JMeterThread: Stopping because end time detected by thread: Config 3: Exp8 1-223
2026-05-04 22:18:24,366 INFO o.a.j.t.JMeterThread: Thread finished: Config 3: Exp8 1-342
2026-05-04 22:18:24,373 INFO o.a.j.t.JMeterThread: Thread finished: Config 3: Exp8 1-223
2026-05-04 22:18:24,366 INFO o.a.j.t.JMeterThread: Stopping because end time detected by thread: Config 3: Exp8 1-321
2026-05-04 22:18:24,366 INFO o.a.j.t.JMeterThread: Stopping because end time detected by thread: Config 3: Exp8 1-367
2026-05-04 22:18:24,373 INFO o.a.j.t.JMeterThread: Thread finished: Config 3: Exp8 1-321
2026-05-04 22:18:24,366 INFO o.a.j.t.JMeterThread: Stopping because end time detected by thread: Config 3: Exp8 1-405
2026-05-04 22:18:24,366 INFO o.a.j.t.JMeterThread: Stopping because end time detected by thread: Config 3: Exp8 1-438
2026-05-04 22:18:24,366 INFO o.a.j.t.JMeterThread: Stopping because end time detected by thread: Config 3: Exp8 1-412
2026-05-04 22:18:24,365 INFO o.a.j.t.JMeterThread: Thread finished: Config 3: Exp8 1-319
2026-05-04 22:18:24,373 INFO o.a.j.t.JMeterThread: Thread finished: Config 3: Exp8 1-405
2026-05-04 22:18:24,365 INFO o.a.j.t.JMeterThread: Stopping because end time detected by thread: Config 3: Exp8 1-398
2026-05-04 22:18:24,365 INFO o.a.j.t.JMeterThread: Stopping because end time detected by thread: Config 3: Exp8 1-304
2026-05-04 22:18:24,373 INFO o.a.j.t.JMeterThread: Thread finished: Config 3: Exp8 1-398
2026-05-04 22:18:24,365 INFO o.a.j.t.JMeterThread: Stopping because end time detected by thread: Config 3: Exp8 1-316
2026-05-04 22:18:24,365 INFO o.a.j.t.JMeterThread: Stopping because end time detected by thread: Config 3: Exp8 1-457
2026-05-04 22:18:24,364 INFO o.a.j.t.JMeterThread: Thread finished: Config 3: Exp8 1-354
2026-05-04 22:18:24,373 INFO o.a.j.t.JMeterThread: Thread finished: Config 3: Exp8 1-457
2026-05-04 22:18:24,364 INFO o.a.j.t.JMeterThread: Thread finished: Config 3: Exp8 1-245
2026-05-04 22:18:24,364 INFO o.a.j.t.JMeterThread: Stopping because end time detected by thread: Config 3: Exp8 1-133
2026-05-04 22:18:24,373 INFO o.a.j.t.JMeterThread: Thread finished: Config 3: Exp8 1-133
2026-05-04 22:18:24,364 INFO o.a.j.t.JMeterThread: Stopping because end time detected by thread: Config 3: Exp8 1-291
2026-05-04 22:18:24,364 INFO o.a.j.t.JMeterThread: Stopping because end time detected by thread: Config 3: Exp8 1-294
2026-05-04 22:18:24,364 INFO o.a.j.t.JMeterThread: Stopping because end time detected by thread: Config 3: Exp8 1-145
2026-05-04 22:18:24,373 INFO o.a.j.t.JMeterThread: Thread finished: Config 3: Exp8 1-294
2026-05-04 22:18:24,373 INFO o.a.j.t.JMeterThread: Thread finished: Config 3: Exp8 1-291
2026-05-04 22:18:24,364 INFO o.a.j.t.JMeterThread: Thread finished: Config 3: Exp8 1-358
2026-05-04 22:18:24,363 INFO o.a.j.t.JMeterThread: Thread finished: Config 3: Exp8 1-273
2026-05-04 22:18:24,363 INFO o.a.j.t.JMeterThread: Stopping because end time detected by thread: Config 3: Exp8 1-252
2026-05-04 22:18:24,363 INFO o.a.j.t.JMeterThread: Thread finished: Config 3: Exp8 1-114
2026-05-04 22:18:24,373 INFO o.a.j.t.JMeterThread: Thread finished: Config 3: Exp8 1-252
2026-05-04 22:18:24,363 INFO o.a.j.t.JMeterThread: Thread finished: Config 3: Exp8 1-280
2026-05-04 22:18:24,363 INFO o.a.j.t.JMeterThread: Stopping because end time detected by thread: Config 3: Exp8 1-180
2026-05-04 22:18:24,363 INFO o.a.j.t.JMeterThread: Thread finished: Config 3: Exp8 1-277
2026-05-04 22:18:24,363 INFO o.a.j.t.JMeterThread: Thread finished: Config 3: Exp8 1-276
2026-05-04 22:18:24,363 INFO o.a.j.t.JMeterThread: Stopping because end time detected by thread: Config 3: Exp8 1-270
2026-05-04 22:18:24,373 INFO o.a.j.t.JMeterThread: Thread finished: Config 3: Exp8 1-270
2026-05-04 22:18:24,363 INFO o.a.j.t.JMeterThread: Stopping because end time detected by thread: Config 3: Exp8 1-311
2026-05-04 22:18:24,362 INFO o.a.j.t.JMeterThread: Thread finished: Config 3: Exp8 1-478
2026-05-04 22:18:24,362 INFO o.a.j.t.JMeterThread: Thread finished: Config 3: Exp8 1-443
2026-05-04 22:18:24,373 INFO o.a.j.t.JMeterThread: Thread finished: Config 3: Exp8 1-311
2026-05-04 22:18:24,362 INFO o.a.j.t.JMeterThread: Thread finished: Config 3: Exp8 1-461
2026-05-04 22:18:24,362 INFO o.a.j.t.JMeterThread: Stopping because end time detected by thread: Config 3: Exp8 1-306
2026-05-04 22:18:24,362 INFO o.a.j.t.JMeterThread: Thread finished: Config 3: Exp8 1-160
2026-05-04 22:18:24,373 INFO o.a.j.t.JMeterThread: Thread finished: Config 3: Exp8 1-306
2026-05-04 22:18:24,362 INFO o.a.j.t.JMeterThread: Thread finished: Config 3: Exp8 1-264
2026-05-04 22:18:24,362 INFO o.a.j.t.JMeterThread: Stopping because end time detected by thread: Config 3: Exp8 1-293
2026-05-04 22:18:24,362 INFO o.a.j.t.JMeterThread: Thread finished: Config 3: Exp8 1-261
2026-05-04 22:18:24,374 INFO o.a.j.t.JMeterThread: Thread finished: Config 3: Exp8 1-293
2026-05-04 22:18:24,362 INFO o.a.j.t.JMeterThread: Stopping because end time detected by thread: Config 3: Exp8 1-265
2026-05-04 22:18:24,362 INFO o.a.j.t.JMeterThread: Stopping because end time detected by thread: Config 3: Exp8 1-158
2026-05-04 22:18:24,361 INFO o.a.j.t.JMeterThread: Stopping because end time detected by thread: Config 3: Exp8 1-148
2026-05-04 22:18:24,361 INFO o.a.j.t.JMeterThread: Stopping because end time detected by thread: Config 3: Exp8 1-111
2026-05-04 22:18:24,361 INFO o.a.j.t.JMeterThread: Stopping because end time detected by thread: Config 3: Exp8 1-230
2026-05-04 22:18:24,374 INFO o.a.j.t.JMeterThread: Thread finished: Config 3: Exp8 1-148
2026-05-04 22:18:24,374 INFO o.a.j.t.JMeterThread: Thread finished: Config 3: Exp8 1-111
2026-05-04 22:18:24,361 INFO o.a.j.t.JMeterThread: Stopping because end time detected by thread: Config 3: Exp8 1-451
2026-05-04 22:18:24,360 INFO o.a.j.t.JMeterThread: Thread finished: Config 3: Exp8 1-365
2026-05-04 22:18:24,374 INFO o.a.j.t.JMeterThread: Thread finished: Config 3: Exp8 1-451
2026-05-04 22:18:24,374 INFO o.a.j.t.JMeterThread: Thread finished: Config 3: Exp8 1-230
2026-05-04 22:18:24,360 INFO o.a.j.t.JMeterThread: Stopping because end time detected by thread: Config 3: Exp8 1-228
2026-05-04 22:18:24,360 INFO o.a.j.t.JMeterThread: Thread finished: Config 3: Exp8 1-402
2026-05-04 22:18:24,360 INFO o.a.j.t.JMeterThread: Thread finished: Config 3: Exp8 1-436
2026-05-04 22:18:24,360 INFO o.a.j.t.JMeterThread: Stopping because end time detected by thread: Config 3: Exp8 1-351
2026-05-04 22:18:24,360 INFO o.a.j.t.JMeterThread: Stopping because end time detected by thread: Config 3: Exp8 1-419
2026-05-04 22:18:24,374 INFO o.a.j.t.JMeterThread: Thread finished: Config 3: Exp8 1-351
2026-05-04 22:18:24,360 INFO o.a.j.t.JMeterThread: Stopping because end time detected by thread: Config 3: Exp8 1-143
2026-05-04 22:18:24,374 INFO o.a.j.t.JMeterThread: Thread finished: Config 3: Exp8 1-419
2026-05-04 22:18:24,360 INFO o.a.j.t.JMeterThread: Thread finished: Config 3: Exp8 1-287
2026-05-04 22:18:24,360 INFO o.a.j.t.JMeterThread: Stopping because end time detected by thread: Config 3: Exp8 1-378
2026-05-04 22:18:24,360 INFO o.a.j.t.JMeterThread: Thread finished: Config 3: Exp8 1-117
2026-05-04 22:18:24,374 INFO o.a.j.t.JMeterThread: Thread finished: Config 3: Exp8 1-378
2026-05-04 22:18:24,360 INFO o.a.j.t.JMeterThread: Stopping because end time detected by thread: Config 3: Exp8 1-439
2026-05-04 22:18:24,360 INFO o.a.j.t.JMeterThread: Thread finished: Config 3: Exp8 1-142
2026-05-04 22:18:24,360 INFO o.a.j.t.JMeterThread: Thread finished: Config 3: Exp8 1-263
2026-05-04 22:18:24,360 INFO o.a.j.t.JMeterThread: Stopping because end time detected by thread: Config 3: Exp8 1-437
2026-05-04 22:18:24,360 INFO o.a.j.t.JMeterThread: Thread finished: Config 3: Exp8 1-255
2026-05-04 22:18:24,374 INFO o.a.j.t.JMeterThread: Thread finished: Config 3: Exp8 1-437
2026-05-04 22:18:24,360 INFO o.a.j.t.JMeterThread: Stopping because end time detected by thread: Config 3: Exp8 1-106
2026-05-04 22:18:24,374 INFO o.a.j.t.JMeterThread: Thread finished: Config 3: Exp8 1-106
2026-05-04 22:18:24,359 INFO o.a.j.t.JMeterThread: Stopping because end time detected by thread: Config 3: Exp8 1-314
2026-05-04 22:18:24,359 INFO o.a.j.t.JMeterThread: Thread finished: Config 3: Exp8 1-334
2026-05-04 22:18:24,374 INFO o.a.j.t.JMeterThread: Thread finished: Config 3: Exp8 1-314
2026-05-04 22:18:24,359 INFO o.a.j.t.JMeterThread: Thread finished: Config 3: Exp8 1-262
2026-05-04 22:18:24,359 INFO o.a.j.t.JMeterThread: Stopping because end time detected by thread: Config 3: Exp8 1-344
2026-05-04 22:18:24,359 INFO o.a.j.t.JMeterThread: Thread finished: Config 3: Exp8 1-318
2026-05-04 22:18:24,358 INFO o.a.j.t.JMeterThread: Stopping because end time detected by thread: Config 3: Exp8 1-135
2026-05-04 22:18:24,358 INFO o.a.j.t.JMeterThread: Thread finished: Config 3: Exp8 1-203
2026-05-04 22:18:24,374 INFO o.a.j.t.JMeterThread: Thread finished: Config 3: Exp8 1-135
2026-05-04 22:18:24,358 INFO o.a.j.t.JMeterThread: Stopping because end time detected by thread: Config 3: Exp8 1-217
2026-05-04 22:18:24,358 INFO o.a.j.t.JMeterThread: Stopping because end time detected by thread: Config 3: Exp8 1-146
2026-05-04 22:18:24,358 INFO o.a.j.t.JMeterThread: Stopping because end time detected by thread: Config 3: Exp8 1-219
2026-05-04 22:18:24,374 INFO o.a.j.t.JMeterThread: Thread finished: Config 3: Exp8 1-146
2026-05-04 22:18:24,358 INFO o.a.j.t.JMeterThread: Stopping because end time detected by thread: Config 3: Exp8 1-100
2026-05-04 22:18:24,374 INFO o.a.j.t.JMeterThread: Thread finished: Config 3: Exp8 1-219
2026-05-04 22:18:24,358 INFO o.a.j.t.JMeterThread: Stopping because end time detected by thread: Config 3: Exp8 1-220
2026-05-04 22:18:24,358 INFO o.a.j.t.JMeterThread: Stopping because end time detected by thread: Config 3: Exp8 1-239
2026-05-04 22:18:24,374 INFO o.a.j.t.JMeterThread: Thread finished: Config 3: Exp8 1-100
2026-05-04 22:18:24,358 INFO o.a.j.t.JMeterThread: Thread finished: Config 3: Exp8 1-201
2026-05-04 22:18:24,357 INFO o.a.j.t.JMeterThread: Stopping because end time detected by thread: Config 3: Exp8 1-209
2026-05-04 22:18:24,374 INFO o.a.j.t.JMeterThread: Thread finished: Config 3: Exp8 1-239
2026-05-04 22:18:24,357 INFO o.a.j.t.JMeterThread: Thread finished: Config 3: Exp8 1-207
2026-05-04 22:18:24,357 INFO o.a.j.t.JMeterThread: Thread finished: Config 3: Exp8 1-198
2026-05-04 22:18:24,357 INFO o.a.j.t.JMeterThread: Stopping because end time detected by thread: Config 3: Exp8 1-129
2026-05-04 22:18:24,357 INFO o.a.j.t.JMeterThread: Thread finished: Config 3: Exp8 1-197
2026-05-04 22:18:24,357 INFO o.a.j.t.JMeterThread: Thread finished: Config 3: Exp8 1-199
2026-05-04 22:18:24,374 INFO o.a.j.t.JMeterThread: Thread finished: Config 3: Exp8 1-129
2026-05-04 22:18:24,357 INFO o.a.j.t.JMeterThread: Thread finished: Config 3: Exp8 1-184
2026-05-04 22:18:24,374 INFO o.a.j.t.JMeterThread: Thread finished: Config 3: Exp8 1-99
2026-05-04 22:18:24,357 INFO o.a.j.t.JMeterThread: Stopping because end time detected by thread: Config 3: Exp8 1-195
2026-05-04 22:18:24,356 INFO o.a.j.t.JMeterThread: Stopping because end time detected by thread: Config 3: Exp8 1-97
2026-05-04 22:18:24,356 INFO o.a.j.t.JMeterThread: Stopping because end time detected by thread: Config 3: Exp8 1-151
2026-05-04 22:18:24,356 INFO o.a.j.t.JMeterThread: Thread finished: Config 3: Exp8 1-92
2026-05-04 22:18:24,374 INFO o.a.j.t.JMeterThread: Thread finished: Config 3: Exp8 1-97
2026-05-04 22:18:24,356 INFO o.a.j.t.JMeterThread: Stopping because end time detected by thread: Config 3: Exp8 1-94
2026-05-04 22:18:24,356 INFO o.a.j.t.JMeterThread: Stopping because end time detected by thread: Config 3: Exp8 1-128
2026-05-04 22:18:24,356 INFO o.a.j.t.JMeterThread: Thread finished: Config 3: Exp8 1-19
2026-05-04 22:18:24,374 INFO o.a.j.t.JMeterThread: Thread finished: Config 3: Exp8 1-128
2026-05-04 22:18:24,374 INFO o.a.j.t.JMeterThread: Thread finished: Config 3: Exp8 1-94
2026-05-04 22:18:24,374 INFO o.a.j.t.JMeterThread: Thread finished: Config 3: Exp8 1-151
2026-05-04 22:18:24,374 INFO o.a.j.t.JMeterThread: Thread finished: Config 3: Exp8 1-195
2026-05-04 22:18:24,374 INFO o.a.j.t.JMeterThread: Thread finished: Config 3: Exp8 1-220
2026-05-04 22:18:24,374 INFO o.a.j.t.JMeterThread: Thread finished: Config 3: Exp8 1-217
2026-05-04 22:18:24,374 INFO o.a.j.t.JMeterThread: Thread finished: Config 3: Exp8 1-344
2026-05-04 22:18:24,374 INFO o.a.j.t.JMeterThread: Thread finished: Config 3: Exp8 1-439
2026-05-04 22:18:24,374 INFO o.a.j.t.JMeterThread: Thread finished: Config 3: Exp8 1-143
2026-05-04 22:18:24,374 INFO o.a.j.t.JMeterThread: Thread finished: Config 3: Exp8 1-228
2026-05-04 22:18:24,374 INFO o.a.j.t.JMeterThread: Thread finished: Config 3: Exp8 1-158
2026-05-04 22:18:24,374 INFO o.a.j.t.JMeterThread: Thread finished: Config 3: Exp8 1-265
2026-05-04 22:18:24,373 INFO o.a.j.t.JMeterThread: Thread finished: Config 3: Exp8 1-180
2026-05-04 22:18:24,373 INFO o.a.j.t.JMeterThread: Thread finished: Config 3: Exp8 1-145
2026-05-04 22:18:24,373 INFO o.a.j.t.JMeterThread: Thread finished: Config 3: Exp8 1-316
2026-05-04 22:18:24,373 INFO o.a.j.t.JMeterThread: Thread finished: Config 3: Exp8 1-304
2026-05-04 22:18:24,373 INFO o.a.j.t.JMeterThread: Thread finished: Config 3: Exp8 1-412
2026-05-04 22:18:24,373 INFO o.a.j.t.JMeterThread: Thread finished: Config 3: Exp8 1-438
2026-05-04 22:18:24,373 INFO o.a.j.t.JMeterThread: Thread finished: Config 3: Exp8 1-367
2026-05-04 22:18:24,373 INFO o.a.j.t.JMeterThread: Thread finished: Config 3: Exp8 1-446
2026-05-04 22:18:24,373 INFO o.a.j.t.JMeterThread: Thread finished: Config 3: Exp8 1-370
2026-05-04 22:18:24,373 INFO o.a.j.t.JMeterThread: Thread finished: Config 3: Exp8 1-250
2026-05-04 22:18:24,373 INFO o.a.j.t.JMeterThread: Thread finished: Config 3: Exp8 1-369
2026-05-04 22:18:24,373 INFO o.a.j.t.JMeterThread: Thread finished: Config 3: Exp8 1-240
2026-05-04 22:18:24,375 INFO o.a.j.t.JMeterThread: Thread finished: Config 3: Exp8 1-233
2026-05-04 22:18:24,373 INFO o.a.j.t.JMeterThread: Thread finished: Config 3: Exp8 1-426
2026-05-04 22:18:24,373 INFO o.a.j.t.JMeterThread: Thread finished: Config 3: Exp8 1-434
2026-05-04 22:18:24,373 INFO o.a.j.t.JMeterThread: Thread finished: Config 3: Exp8 1-131
2026-05-04 22:18:24,373 INFO o.a.j.t.JMeterThread: Thread finished: Config 3: Exp8 1-459
2026-05-04 22:18:24,372 INFO o.a.j.t.JMeterThread: Thread finished: Config 3: Exp8 1-257
2026-05-04 22:18:24,372 INFO o.a.j.t.JMeterThread: Thread finished: Config 3: Exp8 1-474
2026-05-04 22:18:24,374 INFO o.a.j.t.JMeterThread: Thread finished: Config 3: Exp8 1-209
2026-05-04 22:18:24,375 INFO o.a.j.e.StandardJMeterEngine: Notifying test listeners of end of test
2026-05-04 22:18:24,375 INFO o.a.j.g.u.JMeterMenuBar: setRunning(false, *local*)
2026-05-04 22:18:34,397 INFO o.a.j.e.StandardJMeterEngine: Running the test!
2026-05-04 22:18:34,397 INFO o.a.j.s.SampleEvent: List of sample_variables: []
2026-05-04 22:18:34,398 INFO o.a.j.g.u.JMeterMenuBar: setRunning(true, *local*)
2026-05-04 22:18:34,441 INFO o.a.j.e.StandardJMeterEngine: Starting ThreadGroup: 1 : Config 3: Exp8
2026-05-04 22:18:34,441 INFO o.a.j.e.StandardJMeterEngine: Starting 480 threads for group Config 3: Exp8.
2026-05-04 22:18:34,441 INFO o.a.j.e.StandardJMeterEngine: Thread will continue on error
2026-05-04 22:18:34,441 INFO o.a.j.t.ThreadGroup: Starting thread group... number=1 threads=480 ramp-up=100 delayedStart=false
2026-05-04 22:18:34,442 INFO o.a.j.t.JMeterThread: Thread started: Config 3: Exp8 1-1
2026-05-04 22:18:34,472 INFO o.a.j.t.ThreadGroup: Started thread group number 1
2026-05-04 22:18:34,472 INFO o.a.j.e.StandardJMeterEngine: All thread groups have been started
2026-05-04 22:18:34,649 INFO o.a.j.t.JMeterThread: Thread started: Config 3: Exp8 1-2
2026-05-04 22:18:34,857 INFO o.a.j.t.JMeterThread: Thread started: Config 3: Exp8 1-3
2026-05-04 22:18:35,065 INFO o.a.j.t.JMeterThread: Thread started: Config 3: Exp8 1-4
2026-05-04 22:18:35,273 INFO o.a.j.t.JMeterThread: Thread started: Config 3: Exp8 1-5
2026-05-04 22:18:35,481 INFO o.a.j.t.JMeterThread: Thread started: Config 3: Exp8 1-6
2026-05-04 22:18:35,689 INFO o.a.j.t.JMeterThread: Thread started: Config 3: Exp8 1-7
2026-05-04 22:18:35,897 INFO o.a.j.t.JMeterThread: Thread started: Config 3: Exp8 1-8
2026-05-04 22:18:36,105 INFO o.a.j.t.JMeterThread: Thread started: Config 3: Exp8 1-9
2026-05-04 22:18:36,314 INFO o.a.j.t.JMeterThread: Thread started: Config 3: Exp8 1-10
2026-05-04 22:18:36,521 INFO o.a.j.t.JMeterThread: Thread started: Config 3: Exp8 1-11
2026-05-04 22:18:36,730 INFO o.a.j.t.JMeterThread: Thread started: Config 3: Exp8 1-12
2026-05-04 22:18:36,937 INFO o.a.j.t.JMeterThread: Thread started: Config 3: Exp8 1-13
2026-05-04 22:18:37,146 INFO o.a.j.t.JMeterThread: Thread started: Config 3: Exp8 1-14
2026-05-04 22:18:37,353 INFO o.a.j.t.JMeterThread: Thread started: Config 3: Exp8 1-15
2026-05-04 22:18:37,561 INFO o.a.j.t.JMeterThread: Thread started: Config 3: Exp8 1-16
2026-05-04 22:18:37,770 INFO o.a.j.t.JMeterThread: Thread started: Config 3: Exp8 1-17
2026-05-04 22:18:37,978 INFO o.a.j.t.JMeterThread: Thread started: Config 3: Exp8 1-18
2026-05-04 22:18:38,185 INFO o.a.j.t.JMeterThread: Thread started: Config 3: Exp8 1-19
2026-05-04 22:18:38,393 INFO o.a.j.t.JMeterThread: Thread started: Config 3: Exp8 1-20
2026-05-04 22:18:38,601 INFO o.a.j.t.JMeterThread: Thread started: Config 3: Exp8 1-21
2026-05-04 22:18:38,809 INFO o.a.j.t.JMeterThread: Thread started: Config 3: Exp8 1-22
2026-05-04 22:18:39,017 INFO o.a.j.t.JMeterThread: Thread started: Config 3: Exp8 1-23
2026-05-04 22:18:39,225 INFO o.a.j.t.JMeterThread: Thread started: Config 3: Exp8 1-24
2026-05-04 22:18:39,434 INFO o.a.j.t.JMeterThread: Thread started: Config 3: Exp8 1-25
2026-05-04 22:18:39,642 INFO o.a.j.t.JMeterThread: Thread started: Config 3: Exp8 1-26
2026-05-04 22:18:39,849 INFO o.a.j.t.JMeterThread: Thread started: Config 3: Exp8 1-27
2026-05-04 22:18:40,057 INFO o.a.j.t.JMeterThread: Thread started: Config 3: Exp8 1-28
2026-05-04 22:18:40,266 INFO o.a.j.t.JMeterThread: Thread started: Config 3: Exp8 1-29
2026-05-04 22:18:40,474 INFO o.a.j.t.JMeterThread: Thread started: Config 3: Exp8 1-30
2026-05-04 22:18:40,681 INFO o.a.j.t.JMeterThread: Thread started: Config 3: Exp8 1-31
2026-05-04 22:18:40,889 INFO o.a.j.t.JMeterThread: Thread started: Config 3: Exp8 1-32
2026-05-04 22:18:41,098 INFO o.a.j.t.JMeterThread: Thread started: Config 3: Exp8 1-33
2026-05-04 22:18:41,305 INFO o.a.j.t.JMeterThread: Thread started: Config 3: Exp8 1-34
2026-05-04 22:18:41,513 INFO o.a.j.t.JMeterThread: Thread started: Config 3: Exp8 1-35
2026-05-04 22:18:41,721 INFO o.a.j.t.JMeterThread: Thread started: Config 3: Exp8 1-36
2026-05-04 22:18:41,929 INFO o.a.j.t.JMeterThread: Thread started: Config 3: Exp8 1-37
2026-05-04 22:18:42,137 INFO o.a.j.t.JMeterThread: Thread started: Config 3: Exp8 1-38
2026-05-04 22:18:42,345 INFO o.a.j.t.JMeterThread: Thread started: Config 3: Exp8 1-39
2026-05-04 22:18:42,554 INFO o.a.j.t.JMeterThread: Thread started: Config 3: Exp8 1-40
2026-05-04 22:18:42,761 INFO o.a.j.t.JMeterThread: Thread started: Config 3: Exp8 1-41
2026-05-04 22:18:42,969 INFO o.a.j.t.JMeterThread: Thread started: Config 3: Exp8 1-42
2026-05-04 22:18:43,177 INFO o.a.j.t.JMeterThread: Thread started: Config 3: Exp8 1-43
2026-05-04 22:18:43,387 INFO o.a.j.t.JMeterThread: Thread started: Config 3: Exp8 1-44
2026-05-04 22:18:43,594 INFO o.a.j.t.JMeterThread: Thread started: Config 3: Exp8 1-45
2026-05-04 22:18:43,801 INFO o.a.j.t.JMeterThread: Thread started: Config 3: Exp8 1-46
2026-05-04 22:18:44,009 INFO o.a.j.t.JMeterThread: Thread started: Config 3: Exp8 1-47
2026-05-04 22:18:44,217 INFO o.a.j.t.JMeterThread: Thread started: Config 3: Exp8 1-48
2026-05-04 22:18:44,425 INFO o.a.j.t.JMeterThread: Thread started: Config 3: Exp8 1-49
2026-05-04 22:18:44,633 INFO o.a.j.t.JMeterThread: Thread started: Config 3: Exp8 1-50
2026-05-04 22:18:44,841 INFO o.a.j.t.JMeterThread: Thread started: Config 3: Exp8 1-51
2026-05-04 22:18:45,049 INFO o.a.j.t.JMeterThread: Thread started: Config 3: Exp8 1-52
2026-05-04 22:18:45,257 INFO o.a.j.t.JMeterThread: Thread started: Config 3: Exp8 1-53
2026-05-04 22:18:45,465 INFO o.a.j.t.JMeterThread: Thread started: Config 3: Exp8 1-54
2026-05-04 22:18:45,674 INFO o.a.j.t.JMeterThread: Thread started: Config 3: Exp8 1-55
2026-05-04 22:18:45,881 INFO o.a.j.t.JMeterThread: Thread started: Config 3: Exp8 1-56
2026-05-04 22:18:46,091 INFO o.a.j.t.JMeterThread: Thread started: Config 3: Exp8 1-57
2026-05-04 22:18:46,297 INFO o.a.j.t.JMeterThread: Thread started: Config 3: Exp8 1-58
2026-05-04 22:18:46,505 INFO o.a.j.t.JMeterThread: Thread started: Config 3: Exp8 1-59
2026-05-04 22:18:46,713 INFO o.a.j.t.JMeterThread: Thread started: Config 3: Exp8 1-60
2026-05-04 22:18:46,921 INFO o.a.j.t.JMeterThread: Thread started: Config 3: Exp8 1-61
2026-05-04 22:18:47,129 INFO o.a.j.t.JMeterThread: Thread started: Config 3: Exp8 1-62
2026-05-04 22:18:47,338 INFO o.a.j.t.JMeterThread: Thread started: Config 3: Exp8 1-63
2026-05-04 22:18:47,545 INFO o.a.j.t.JMeterThread: Thread started: Config 3: Exp8 1-64
2026-05-04 22:18:47,753 INFO o.a.j.t.JMeterThread: Thread started: Config 3: Exp8 1-65
2026-05-04 22:18:47,961 INFO o.a.j.t.JMeterThread: Thread started: Config 3: Exp8 1-66
2026-05-04 22:18:48,169 INFO o.a.j.t.JMeterThread: Thread started: Config 3: Exp8 1-67
2026-05-04 22:18:48,378 INFO o.a.j.t.JMeterThread: Thread started: Config 3: Exp8 1-68
2026-05-04 22:18:48,586 INFO o.a.j.t.JMeterThread: Thread started: Config 3: Exp8 1-69
2026-05-04 22:18:48,793 INFO o.a.j.t.JMeterThread: Thread started: Config 3: Exp8 1-70
2026-05-04 22:18:49,001 INFO o.a.j.t.JMeterThread: Thread started: Config 3: Exp8 1-71
2026-05-04 22:18:49,209 INFO o.a.j.t.JMeterThread: Thread started: Config 3: Exp8 1-72
2026-05-04 22:18:49,417 INFO o.a.j.t.JMeterThread: Thread started: Config 3: Exp8 1-73
2026-05-04 22:18:49,625 INFO o.a.j.t.JMeterThread: Thread started: Config 3: Exp8 1-74
2026-05-04 22:18:49,834 INFO o.a.j.t.JMeterThread: Thread started: Config 3: Exp8 1-75
2026-05-04 22:18:50,042 INFO o.a.j.t.JMeterThread: Thread started: Config 3: Exp8 1-76
2026-05-04 22:18:50,249 INFO o.a.j.t.JMeterThread: Thread started: Config 3: Exp8 1-77
2026-05-04 22:18:50,457 INFO o.a.j.t.JMeterThread: Thread started: Config 3: Exp8 1-78
2026-05-04 22:18:50,665 INFO o.a.j.t.JMeterThread: Thread started: Config 3: Exp8 1-79
2026-05-04 22:18:50,873 INFO o.a.j.t.JMeterThread: Thread started: Config 3: Exp8 1-80
2026-05-04 22:18:51,082 INFO o.a.j.t.JMeterThread: Thread started: Config 3: Exp8 1-81
2026-05-04 22:18:51,289 INFO o.a.j.t.JMeterThread: Thread started: Config 3: Exp8 1-82
2026-05-04 22:18:51,498 INFO o.a.j.t.JMeterThread: Thread started: Config 3: Exp8 1-83
2026-05-04 22:18:51,706 INFO o.a.j.t.JMeterThread: Thread started: Config 3: Exp8 1-84
2026-05-04 22:18:51,914 INFO o.a.j.t.JMeterThread: Thread started: Config 3: Exp8 1-85
2026-05-04 22:18:52,122 INFO o.a.j.t.JMeterThread: Thread started: Config 3: Exp8 1-86
2026-05-04 22:18:52,330 INFO o.a.j.t.JMeterThread: Thread started: Config 3: Exp8 1-87
2026-05-04 22:18:52,537 INFO o.a.j.t.JMeterThread: Thread started: Config 3: Exp8 1-88
2026-05-04 22:18:52,745 INFO o.a.j.t.JMeterThread: Thread started: Config 3: Exp8 1-89
2026-05-04 22:18:52,953 INFO o.a.j.t.JMeterThread: Thread started: Config 3: Exp8 1-90
2026-05-04 22:18:53,161 INFO o.a.j.t.JMeterThread: Thread started: Config 3: Exp8 1-91
2026-05-04 22:18:53,370 INFO o.a.j.t.JMeterThread: Thread started: Config 3: Exp8 1-92
2026-05-04 22:18:53,578 INFO o.a.j.t.JMeterThread: Thread started: Config 3: Exp8 1-93
2026-05-04 22:18:53,787 INFO o.a.j.t.JMeterThread: Thread started: Config 3: Exp8 1-94
2026-05-04 22:18:53,994 INFO o.a.j.t.JMeterThread: Thread started: Config 3: Exp8 1-95
2026-05-04 22:18:54,202 INFO o.a.j.t.JMeterThread: Thread started: Config 3: Exp8 1-96
2026-05-04 22:18:54,410 INFO o.a.j.t.JMeterThread: Thread started: Config 3: Exp8 1-97
2026-05-04 22:18:54,617 INFO o.a.j.t.JMeterThread: Thread started: Config 3: Exp8 1-98
2026-05-04 22:18:54,825 INFO o.a.j.t.JMeterThread: Thread started: Config 3: Exp8 1-99
2026-05-04 22:18:55,033 INFO o.a.j.t.JMeterThread: Thread started: Config 3: Exp8 1-100
2026-05-04 22:18:55,241 INFO o.a.j.t.JMeterThread: Thread started: Config 3: Exp8 1-101
2026-05-04 22:18:55,449 INFO o.a.j.t.JMeterThread: Thread started: Config 3: Exp8 1-102
2026-05-04 22:18:55,658 INFO o.a.j.t.JMeterThread: Thread started: Config 3: Exp8 1-103
2026-05-04 22:18:55,865 INFO o.a.j.t.JMeterThread: Thread started: Config 3: Exp8 1-104
2026-05-04 22:18:56,073 INFO o.a.j.t.JMeterThread: Thread started: Config 3: Exp8 1-105
2026-05-04 22:18:56,281 INFO o.a.j.t.JMeterThread: Thread started: Config 3: Exp8 1-106
2026-05-04 22:18:56,489 INFO o.a.j.t.JMeterThread: Thread started: Config 3: Exp8 1-107
2026-05-04 22:18:56,697 INFO o.a.j.t.JMeterThread: Thread started: Config 3: Exp8 1-108
2026-05-04 22:18:56,905 INFO o.a.j.t.JMeterThread: Thread started: Config 3: Exp8 1-109
2026-05-04 22:18:57,113 INFO o.a.j.t.JMeterThread: Thread started: Config 3: Exp8 1-110
2026-05-04 22:18:57,321 INFO o.a.j.t.JMeterThread: Thread started: Config 3: Exp8 1-111
2026-05-04 22:18:57,530 INFO o.a.j.t.JMeterThread: Thread started: Config 3: Exp8 1-112
2026-05-04 22:18:57,738 INFO o.a.j.t.JMeterThread: Thread started: Config 3: Exp8 1-113
2026-05-04 22:18:57,946 INFO o.a.j.t.JMeterThread: Thread started: Config 3: Exp8 1-114
2026-05-04 22:18:58,154 INFO o.a.j.t.JMeterThread: Thread started: Config 3: Exp8 1-115
2026-05-04 22:18:58,362 INFO o.a.j.t.JMeterThread: Thread started: Config 3: Exp8 1-116
2026-05-04 22:18:58,569 INFO o.a.j.t.JMeterThread: Thread started: Config 3: Exp8 1-117
2026-05-04 22:18:58,777 INFO o.a.j.t.JMeterThread: Thread started: Config 3: Exp8 1-118
2026-05-04 22:18:58,985 INFO o.a.j.t.JMeterThread: Thread started: Config 3: Exp8 1-119
2026-05-04 22:18:59,193 INFO o.a.j.t.JMeterThread: Thread started: Config 3: Exp8 1-120
2026-05-04 22:18:59,401 INFO o.a.j.t.JMeterThread: Thread started: Config 3: Exp8 1-121
2026-05-04 22:18:59,609 INFO o.a.j.t.JMeterThread: Thread started: Config 3: Exp8 1-122
2026-05-04 22:18:59,817 INFO o.a.j.t.JMeterThread: Thread started: Config 3: Exp8 1-123
2026-05-04 22:19:00,025 INFO o.a.j.t.JMeterThread: Thread started: Config 3: Exp8 1-124
2026-05-04 22:19:00,233 INFO o.a.j.t.JMeterThread: Thread started: Config 3: Exp8 1-125
2026-05-04 22:19:00,441 INFO o.a.j.t.JMeterThread: Thread started: Config 3: Exp8 1-126
2026-05-04 22:19:00,650 INFO o.a.j.t.JMeterThread: Thread started: Config 3: Exp8 1-127
2026-05-04 22:19:00,858 INFO o.a.j.t.JMeterThread: Thread started: Config 3: Exp8 1-128
2026-05-04 22:19:01,067 INFO o.a.j.t.JMeterThread: Thread started: Config 3: Exp8 1-129
2026-05-04 22:19:01,274 INFO o.a.j.t.JMeterThread: Thread started: Config 3: Exp8 1-130
2026-05-04 22:19:01,481 INFO o.a.j.t.JMeterThread: Thread started: Config 3: Exp8 1-131
2026-05-04 22:19:01,689 INFO o.a.j.t.JMeterThread: Thread started: Config 3: Exp8 1-132
2026-05-04 22:19:01,897 INFO o.a.j.t.JMeterThread: Thread started: Config 3: Exp8 1-133
2026-05-04 22:19:02,106 INFO o.a.j.t.JMeterThread: Thread started: Config 3: Exp8 1-134
2026-05-04 22:19:02,313 INFO o.a.j.t.JMeterThread: Thread started: Config 3: Exp8 1-135
2026-05-04 22:19:02,522 INFO o.a.j.t.JMeterThread: Thread started: Config 3: Exp8 1-136
2026-05-04 22:19:02,730 INFO o.a.j.t.JMeterThread: Thread started: Config 3: Exp8 1-137
2026-05-04 22:19:02,938 INFO o.a.j.t.JMeterThread: Thread started: Config 3: Exp8 1-138
2026-05-04 22:19:03,146 INFO o.a.j.t.JMeterThread: Thread started: Config 3: Exp8 1-139
2026-05-04 22:19:03,353 INFO o.a.j.t.JMeterThread: Thread started: Config 3: Exp8 1-140
2026-05-04 22:19:03,561 INFO o.a.j.t.JMeterThread: Thread started: Config 3: Exp8 1-141
2026-05-04 22:19:03,770 INFO o.a.j.t.JMeterThread: Thread started: Config 3: Exp8 1-142
2026-05-04 22:19:03,978 INFO o.a.j.t.JMeterThread: Thread started: Config 3: Exp8 1-143
2026-05-04 22:19:04,185 INFO o.a.j.t.JMeterThread: Thread started: Config 3: Exp8 1-144
2026-05-04 22:19:04,393 INFO o.a.j.t.JMeterThread: Thread started: Config 3: Exp8 1-145
2026-05-04 22:19:04,602 INFO o.a.j.t.JMeterThread: Thread started: Config 3: Exp8 1-146
2026-05-04 22:19:04,817 INFO o.a.j.t.JMeterThread: Thread started: Config 3: Exp8 1-147
2026-05-04 22:19:05,018 INFO o.a.j.t.JMeterThread: Thread started: Config 3: Exp8 1-148
2026-05-04 22:19:05,226 INFO o.a.j.t.JMeterThread: Thread started: Config 3: Exp8 1-149
2026-05-04 22:19:05,433 INFO o.a.j.t.JMeterThread: Thread started: Config 3: Exp8 1-150
2026-05-04 22:19:05,641 INFO o.a.j.t.JMeterThread: Thread started: Config 3: Exp8 1-151
2026-05-04 22:19:05,850 INFO o.a.j.t.JMeterThread: Thread started: Config 3: Exp8 1-152
2026-05-04 22:19:06,058 INFO o.a.j.t.JMeterThread: Thread started: Config 3: Exp8 1-153
2026-05-04 22:19:06,265 INFO o.a.j.t.JMeterThread: Thread started: Config 3: Exp8 1-154
2026-05-04 22:19:06,473 INFO o.a.j.t.JMeterThread: Thread started: Config 3: Exp8 1-155
2026-05-04 22:19:06,682 INFO o.a.j.t.JMeterThread: Thread started: Config 3: Exp8 1-156
2026-05-04 22:19:06,889 INFO o.a.j.t.JMeterThread: Thread started: Config 3: Exp8 1-157
2026-05-04 22:19:07,097 INFO o.a.j.t.JMeterThread: Thread started: Config 3: Exp8 1-158
2026-05-04 22:19:07,305 INFO o.a.j.t.JMeterThread: Thread started: Config 3: Exp8 1-159
2026-05-04 22:19:07,514 INFO o.a.j.t.JMeterThread: Thread started: Config 3: Exp8 1-160
2026-05-04 22:19:07,722 INFO o.a.j.t.JMeterThread: Thread started: Config 3: Exp8 1-161
2026-05-04 22:19:07,930 INFO o.a.j.t.JMeterThread: Thread started: Config 3: Exp8 1-162
2026-05-04 22:19:08,138 INFO o.a.j.t.JMeterThread: Thread started: Config 3: Exp8 1-163
2026-05-04 22:19:08,346 INFO o.a.j.t.JMeterThread: Thread started: Config 3: Exp8 1-164
2026-05-04 22:19:08,554 INFO o.a.j.t.JMeterThread: Thread started: Config 3: Exp8 1-165
2026-05-04 22:19:08,761 INFO o.a.j.t.JMeterThread: Thread started: Config 3: Exp8 1-166
2026-05-04 22:19:08,970 INFO o.a.j.t.JMeterThread: Thread started: Config 3: Exp8 1-167
2026-05-04 22:19:09,177 INFO o.a.j.t.JMeterThread: Thread started: Config 3: Exp8 1-168
2026-05-04 22:19:09,385 INFO o.a.j.t.JMeterThread: Thread started: Config 3: Exp8 1-169
2026-05-04 22:19:09,593 INFO o.a.j.t.JMeterThread: Thread started: Config 3: Exp8 1-170
2026-05-04 22:19:09,801 INFO o.a.j.t.JMeterThread: Thread started: Config 3: Exp8 1-171
2026-05-04 22:19:10,009 INFO o.a.j.t.JMeterThread: Thread started: Config 3: Exp8 1-172
2026-05-04 22:19:10,217 INFO o.a.j.t.JMeterThread: Thread started: Config 3: Exp8 1-173
2026-05-04 22:19:10,425 INFO o.a.j.t.JMeterThread: Thread started: Config 3: Exp8 1-174
2026-05-04 22:19:10,633 INFO o.a.j.t.JMeterThread: Thread started: Config 3: Exp8 1-175
2026-05-04 22:19:10,842 INFO o.a.j.t.JMeterThread: Thread started: Config 3: Exp8 1-176
2026-05-04 22:19:11,049 INFO o.a.j.t.JMeterThread: Thread started: Config 3: Exp8 1-177
2026-05-04 22:19:11,257 INFO o.a.j.t.JMeterThread: Thread started: Config 3: Exp8 1-178
2026-05-04 22:19:11,466 INFO o.a.j.t.JMeterThread: Thread started: Config 3: Exp8 1-179
2026-05-04 22:19:11,673 INFO o.a.j.t.JMeterThread: Thread started: Config 3: Exp8 1-180
2026-05-04 22:19:11,881 INFO o.a.j.t.JMeterThread: Thread started: Config 3: Exp8 1-181
2026-05-04 22:19:12,089 INFO o.a.j.t.JMeterThread: Thread started: Config 3: Exp8 1-182
2026-05-04 22:19:12,298 INFO o.a.j.t.JMeterThread: Thread started: Config 3: Exp8 1-183
2026-05-04 22:19:12,506 INFO o.a.j.t.JMeterThread: Thread started: Config 3: Exp8 1-184
2026-05-04 22:19:12,713 INFO o.a.j.t.JMeterThread: Thread started: Config 3: Exp8 1-185
2026-05-04 22:19:12,921 INFO o.a.j.t.JMeterThread: Thread started: Config 3: Exp8 1-186
2026-05-04 22:19:13,129 INFO o.a.j.t.JMeterThread: Thread started: Config 3: Exp8 1-187
2026-05-04 22:19:13,337 INFO o.a.j.t.JMeterThread: Thread started: Config 3: Exp8 1-188
2026-05-04 22:19:13,546 INFO o.a.j.t.JMeterThread: Thread started: Config 3: Exp8 1-189
2026-05-04 22:19:13,754 INFO o.a.j.t.JMeterThread: Thread started: Config 3: Exp8 1-190
2026-05-04 22:19:13,961 INFO o.a.j.t.JMeterThread: Thread started: Config 3: Exp8 1-191
2026-05-04 22:19:14,169 INFO o.a.j.t.JMeterThread: Thread started: Config 3: Exp8 1-192
2026-05-04 22:19:14,377 INFO o.a.j.t.JMeterThread: Thread started: Config 3: Exp8 1-193
2026-05-04 22:19:14,585 INFO o.a.j.t.JMeterThread: Thread started: Config 3: Exp8 1-194
2026-05-04 22:19:14,793 INFO o.a.j.t.JMeterThread: Thread started: Config 3: Exp8 1-195
2026-05-04 22:19:15,002 INFO o.a.j.t.JMeterThread: Thread started: Config 3: Exp8 1-196
2026-05-04 22:19:15,209 INFO o.a.j.t.JMeterThread: Thread started: Config 3: Exp8 1-197
2026-05-04 22:19:15,418 INFO o.a.j.t.JMeterThread: Thread started: Config 3: Exp8 1-198
2026-05-04 22:19:15,625 INFO o.a.j.t.JMeterThread: Thread started: Config 3: Exp8 1-199
2026-05-04 22:19:15,833 INFO o.a.j.t.JMeterThread: Thread started: Config 3: Exp8 1-200
2026-05-04 22:19:16,042 INFO o.a.j.t.JMeterThread: Thread started: Config 3: Exp8 1-201
2026-05-04 22:19:16,249 INFO o.a.j.t.JMeterThread: Thread started: Config 3: Exp8 1-202
2026-05-04 22:19:16,457 INFO o.a.j.t.JMeterThread: Thread started: Config 3: Exp8 1-203
2026-05-04 22:19:16,665 INFO o.a.j.t.JMeterThread: Thread started: Config 3: Exp8 1-204
2026-05-04 22:19:16,873 INFO o.a.j.t.JMeterThread: Thread started: Config 3: Exp8 1-205
2026-05-04 22:19:17,081 INFO o.a.j.t.JMeterThread: Thread started: Config 3: Exp8 1-206
2026-05-04 22:19:17,290 INFO o.a.j.t.JMeterThread: Thread started: Config 3: Exp8 1-207
2026-05-04 22:19:17,498 INFO o.a.j.t.JMeterThread: Thread started: Config 3: Exp8 1-208
2026-05-04 22:19:17,707 INFO o.a.j.t.JMeterThread: Thread started: Config 3: Exp8 1-209
2026-05-04 22:19:17,914 INFO o.a.j.t.JMeterThread: Thread started: Config 3: Exp8 1-210
2026-05-04 22:19:18,122 INFO o.a.j.t.JMeterThread: Thread started: Config 3: Exp8 1-211
2026-05-04 22:19:18,330 INFO o.a.j.t.JMeterThread: Thread started: Config 3: Exp8 1-212
2026-05-04 22:19:18,538 INFO o.a.j.t.JMeterThread: Thread started: Config 3: Exp8 1-213
2026-05-04 22:19:18,745 INFO o.a.j.t.JMeterThread: Thread started: Config 3: Exp8 1-214
2026-05-04 22:19:18,953 INFO o.a.j.t.JMeterThread: Thread started: Config 3: Exp8 1-215
2026-05-04 22:19:19,161 INFO o.a.j.t.JMeterThread: Thread started: Config 3: Exp8 1-216
2026-05-04 22:19:19,369 INFO o.a.j.t.JMeterThread: Thread started: Config 3: Exp8 1-217
2026-05-04 22:19:19,577 INFO o.a.j.t.JMeterThread: Thread started: Config 3: Exp8 1-218
2026-05-04 22:19:19,786 INFO o.a.j.t.JMeterThread: Thread started: Config 3: Exp8 1-219
2026-05-04 22:19:19,993 INFO o.a.j.t.JMeterThread: Thread started: Config 3: Exp8 1-220
2026-05-04 22:19:20,201 INFO o.a.j.t.JMeterThread: Thread started: Config 3: Exp8 1-221
2026-05-04 22:19:20,409 INFO o.a.j.t.JMeterThread: Thread started: Config 3: Exp8 1-222
2026-05-04 22:19:20,617 INFO o.a.j.t.JMeterThread: Thread started: Config 3: Exp8 1-223
2026-05-04 22:19:20,825 INFO o.a.j.t.JMeterThread: Thread started: Config 3: Exp8 1-224
2026-05-04 22:19:21,033 INFO o.a.j.t.JMeterThread: Thread started: Config 3: Exp8 1-225
2026-05-04 22:19:21,241 INFO o.a.j.t.JMeterThread: Thread started: Config 3: Exp8 1-226
2026-05-04 22:19:21,449 INFO o.a.j.t.JMeterThread: Thread started: Config 3: Exp8 1-227
2026-05-04 22:19:21,658 INFO o.a.j.t.JMeterThread: Thread started: Config 3: Exp8 1-228
2026-05-04 22:19:21,866 INFO o.a.j.t.JMeterThread: Thread started: Config 3: Exp8 1-229
2026-05-04 22:19:22,073 INFO o.a.j.t.JMeterThread: Thread started: Config 3: Exp8 1-230
2026-05-04 22:19:22,282 INFO o.a.j.t.JMeterThread: Thread started: Config 3: Exp8 1-231
2026-05-04 22:19:22,489 INFO o.a.j.t.JMeterThread: Thread started: Config 3: Exp8 1-232
2026-05-04 22:19:22,698 INFO o.a.j.t.JMeterThread: Thread started: Config 3: Exp8 1-233
2026-05-04 22:19:22,906 INFO o.a.j.t.JMeterThread: Thread started: Config 3: Exp8 1-234
2026-05-04 22:19:23,113 INFO o.a.j.t.JMeterThread: Thread started: Config 3: Exp8 1-235
2026-05-04 22:19:23,321 INFO o.a.j.t.JMeterThread: Thread started: Config 3: Exp8 1-236
2026-05-04 22:19:23,529 INFO o.a.j.t.JMeterThread: Thread started: Config 3: Exp8 1-237
2026-05-04 22:19:23,737 INFO o.a.j.t.JMeterThread: Thread started: Config 3: Exp8 1-238
2026-05-04 22:19:23,945 INFO o.a.j.t.JMeterThread: Thread started: Config 3: Exp8 1-239
2026-05-04 22:19:24,153 INFO o.a.j.t.JMeterThread: Thread started: Config 3: Exp8 1-240
2026-05-04 22:19:24,361 INFO o.a.j.t.JMeterThread: Thread started: Config 3: Exp8 1-241
2026-05-04 22:19:24,570 INFO o.a.j.t.JMeterThread: Thread started: Config 3: Exp8 1-242
2026-05-04 22:19:24,777 INFO o.a.j.t.JMeterThread: Thread started: Config 3: Exp8 1-243
2026-05-04 22:19:24,985 INFO o.a.j.t.JMeterThread: Thread started: Config 3: Exp8 1-244
2026-05-04 22:19:25,193 INFO o.a.j.t.JMeterThread: Thread started: Config 3: Exp8 1-245
2026-05-04 22:19:25,401 INFO o.a.j.t.JMeterThread: Thread started: Config 3: Exp8 1-246
2026-05-04 22:19:25,610 INFO o.a.j.t.JMeterThread: Thread started: Config 3: Exp8 1-247
2026-05-04 22:19:25,818 INFO o.a.j.t.JMeterThread: Thread started: Config 3: Exp8 1-248
2026-05-04 22:19:26,025 INFO o.a.j.t.JMeterThread: Thread started: Config 3: Exp8 1-249
2026-05-04 22:19:26,234 INFO o.a.j.t.JMeterThread: Thread started: Config 3: Exp8 1-250
2026-05-04 22:19:26,442 INFO o.a.j.t.JMeterThread: Thread started: Config 3: Exp8 1-251
2026-05-04 22:19:26,649 INFO o.a.j.t.JMeterThread: Thread started: Config 3: Exp8 1-252
2026-05-04 22:19:26,858 INFO o.a.j.t.JMeterThread: Thread started: Config 3: Exp8 1-253
2026-05-04 22:19:27,066 INFO o.a.j.t.JMeterThread: Thread started: Config 3: Exp8 1-254
2026-05-04 22:19:27,274 INFO o.a.j.t.JMeterThread: Thread started: Config 3: Exp8 1-255
2026-05-04 22:19:27,481 INFO o.a.j.t.JMeterThread: Thread started: Config 3: Exp8 1-256
2026-05-04 22:19:27,690 INFO o.a.j.t.JMeterThread: Thread started: Config 3: Exp8 1-257
2026-05-04 22:19:27,897 INFO o.a.j.t.JMeterThread: Thread started: Config 3: Exp8 1-258
2026-05-04 22:19:28,105 INFO o.a.j.t.JMeterThread: Thread started: Config 3: Exp8 1-259
2026-05-04 22:19:28,314 INFO o.a.j.t.JMeterThread: Thread started: Config 3: Exp8 1-260
2026-05-04 22:19:28,521 INFO o.a.j.t.JMeterThread: Thread started: Config 3: Exp8 1-261
2026-05-04 22:19:28,730 INFO o.a.j.t.JMeterThread: Thread started: Config 3: Exp8 1-262
2026-05-04 22:19:28,937 INFO o.a.j.t.JMeterThread: Thread started: Config 3: Exp8 1-263
2026-05-04 22:19:29,146 INFO o.a.j.t.JMeterThread: Thread started: Config 3: Exp8 1-264
2026-05-04 22:19:29,353 INFO o.a.j.t.JMeterThread: Thread started: Config 3: Exp8 1-265
2026-05-04 22:19:29,562 INFO o.a.j.t.JMeterThread: Thread started: Config 3: Exp8 1-266
2026-05-04 22:19:29,770 INFO o.a.j.t.JMeterThread: Thread started: Config 3: Exp8 1-267
2026-05-04 22:19:29,977 INFO o.a.j.t.JMeterThread: Thread started: Config 3: Exp8 1-268
2026-05-04 22:19:30,185 INFO o.a.j.t.JMeterThread: Thread started: Config 3: Exp8 1-269
2026-05-04 22:19:30,394 INFO o.a.j.t.JMeterThread: Thread started: Config 3: Exp8 1-270
2026-05-04 22:19:30,601 INFO o.a.j.t.JMeterThread: Thread started: Config 3: Exp8 1-271
2026-05-04 22:19:30,809 INFO o.a.j.t.JMeterThread: Thread started: Config 3: Exp8 1-272
2026-05-04 22:19:31,017 INFO o.a.j.t.JMeterThread: Thread started: Config 3: Exp8 1-273
2026-05-04 22:19:31,225 INFO o.a.j.t.JMeterThread: Thread started: Config 3: Exp8 1-274
2026-05-04 22:19:31,433 INFO o.a.j.t.JMeterThread: Thread started: Config 3: Exp8 1-275
2026-05-04 22:19:31,642 INFO o.a.j.t.JMeterThread: Thread started: Config 3: Exp8 1-276
2026-05-04 22:19:31,849 INFO o.a.j.t.JMeterThread: Thread started: Config 3: Exp8 1-277
2026-05-04 22:19:32,058 INFO o.a.j.t.JMeterThread: Thread started: Config 3: Exp8 1-278
2026-05-04 22:19:32,266 INFO o.a.j.t.JMeterThread: Thread started: Config 3: Exp8 1-279
2026-05-04 22:19:32,473 INFO o.a.j.t.JMeterThread: Thread started: Config 3: Exp8 1-280
2026-05-04 22:19:32,682 INFO o.a.j.t.JMeterThread: Thread started: Config 3: Exp8 1-281
2026-05-04 22:19:32,890 INFO o.a.j.t.JMeterThread: Thread started: Config 3: Exp8 1-282
2026-05-04 22:19:33,098 INFO o.a.j.t.JMeterThread: Thread started: Config 3: Exp8 1-283
2026-05-04 22:19:33,305 INFO o.a.j.t.JMeterThread: Thread started: Config 3: Exp8 1-284
2026-05-04 22:19:33,513 INFO o.a.j.t.JMeterThread: Thread started: Config 3: Exp8 1-285
2026-05-04 22:19:33,721 INFO o.a.j.t.JMeterThread: Thread started: Config 3: Exp8 1-286
2026-05-04 22:19:33,929 INFO o.a.j.t.JMeterThread: Thread started: Config 3: Exp8 1-287
2026-05-04 22:19:34,137 INFO o.a.j.t.JMeterThread: Thread started: Config 3: Exp8 1-288
2026-05-04 22:19:34,345 INFO o.a.j.t.JMeterThread: Thread started: Config 3: Exp8 1-289
2026-05-04 22:19:34,553 INFO o.a.j.t.JMeterThread: Thread started: Config 3: Exp8 1-290
2026-05-04 22:19:34,761 INFO o.a.j.t.JMeterThread: Thread started: Config 3: Exp8 1-291
2026-05-04 22:19:34,969 INFO o.a.j.t.JMeterThread: Thread started: Config 3: Exp8 1-292
2026-05-04 22:19:35,177 INFO o.a.j.t.JMeterThread: Thread started: Config 3: Exp8 1-293
2026-05-04 22:19:35,385 INFO o.a.j.t.JMeterThread: Thread started: Config 3: Exp8 1-294
2026-05-04 22:19:35,593 INFO o.a.j.t.JMeterThread: Thread started: Config 3: Exp8 1-295
2026-05-04 22:19:35,802 INFO o.a.j.t.JMeterThread: Thread started: Config 3: Exp8 1-296
2026-05-04 22:19:36,009 INFO o.a.j.t.JMeterThread: Thread started: Config 3: Exp8 1-297
2026-05-04 22:19:36,217 INFO o.a.j.t.JMeterThread: Thread started: Config 3: Exp8 1-298
2026-05-04 22:19:36,425 INFO o.a.j.t.JMeterThread: Thread started: Config 3: Exp8 1-299
2026-05-04 22:19:36,633 INFO o.a.j.t.JMeterThread: Thread started: Config 3: Exp8 1-300
2026-05-04 22:19:36,843 INFO o.a.j.t.JMeterThread: Thread started: Config 3: Exp8 1-301
2026-05-04 22:19:37,050 INFO o.a.j.t.JMeterThread: Thread started: Config 3: Exp8 1-302
2026-05-04 22:19:37,257 INFO o.a.j.t.JMeterThread: Thread started: Config 3: Exp8 1-303
2026-05-04 22:19:37,466 INFO o.a.j.t.JMeterThread: Thread started: Config 3: Exp8 1-304
2026-05-04 22:19:37,673 INFO o.a.j.t.JMeterThread: Thread started: Config 3: Exp8 1-305
2026-05-04 22:19:37,882 INFO o.a.j.t.JMeterThread: Thread started: Config 3: Exp8 1-306
2026-05-04 22:19:38,089 INFO o.a.j.t.JMeterThread: Thread started: Config 3: Exp8 1-307
2026-05-04 22:19:38,297 INFO o.a.j.t.JMeterThread: Thread started: Config 3: Exp8 1-308
2026-05-04 22:19:38,505 INFO o.a.j.t.JMeterThread: Thread started: Config 3: Exp8 1-309
2026-05-04 22:19:38,713 INFO o.a.j.t.JMeterThread: Thread started: Config 3: Exp8 1-310
2026-05-04 22:19:38,921 INFO o.a.j.t.JMeterThread: Thread started: Config 3: Exp8 1-311
2026-05-04 22:19:39,129 INFO o.a.j.t.JMeterThread: Thread started: Config 3: Exp8 1-312
2026-05-04 22:19:39,337 INFO o.a.j.t.JMeterThread: Thread started: Config 3: Exp8 1-313
2026-05-04 22:19:39,545 INFO o.a.j.t.JMeterThread: Thread started: Config 3: Exp8 1-314
2026-05-04 22:19:39,753 INFO o.a.j.t.JMeterThread: Thread started: Config 3: Exp8 1-315
2026-05-04 22:19:39,961 INFO o.a.j.t.JMeterThread: Thread started: Config 3: Exp8 1-316
2026-05-04 22:19:40,169 INFO o.a.j.t.JMeterThread: Thread started: Config 3: Exp8 1-317
2026-05-04 22:19:40,377 INFO o.a.j.t.JMeterThread: Thread started: Config 3: Exp8 1-318
2026-05-04 22:19:40,585 INFO o.a.j.t.JMeterThread: Thread started: Config 3: Exp8 1-319
2026-05-04 22:19:40,794 INFO o.a.j.t.JMeterThread: Thread started: Config 3: Exp8 1-320
2026-05-04 22:19:41,002 INFO o.a.j.t.JMeterThread: Thread started: Config 3: Exp8 1-321
2026-05-04 22:19:41,209 INFO o.a.j.t.JMeterThread: Thread started: Config 3: Exp8 1-322
2026-05-04 22:19:41,418 INFO o.a.j.t.JMeterThread: Thread started: Config 3: Exp8 1-323
2026-05-04 22:19:41,627 INFO o.a.j.t.JMeterThread: Thread started: Config 3: Exp8 1-324
2026-05-04 22:19:41,834 INFO o.a.j.t.JMeterThread: Thread started: Config 3: Exp8 1-325
2026-05-04 22:19:42,041 INFO o.a.j.t.JMeterThread: Thread started: Config 3: Exp8 1-326
2026-05-04 22:19:42,249 INFO o.a.j.t.JMeterThread: Thread started: Config 3: Exp8 1-327
2026-05-04 22:19:42,457 INFO o.a.j.t.JMeterThread: Thread started: Config 3: Exp8 1-328
2026-05-04 22:19:42,666 INFO o.a.j.t.JMeterThread: Thread started: Config 3: Exp8 1-329
2026-05-04 22:19:42,874 INFO o.a.j.t.JMeterThread: Thread started: Config 3: Exp8 1-330
2026-05-04 22:19:43,081 INFO o.a.j.t.JMeterThread: Thread started: Config 3: Exp8 1-331
2026-05-04 22:19:43,290 INFO o.a.j.t.JMeterThread: Thread started: Config 3: Exp8 1-332
2026-05-04 22:19:43,498 INFO o.a.j.t.JMeterThread: Thread started: Config 3: Exp8 1-333
2026-05-04 22:19:43,705 INFO o.a.j.t.JMeterThread: Thread started: Config 3: Exp8 1-334
2026-05-04 22:19:43,914 INFO o.a.j.t.JMeterThread: Thread started: Config 3: Exp8 1-335
2026-05-04 22:19:44,121 INFO o.a.j.t.JMeterThread: Thread started: Config 3: Exp8 1-336
2026-05-04 22:19:44,330 INFO o.a.j.t.JMeterThread: Thread started: Config 3: Exp8 1-337
2026-05-04 22:19:44,537 INFO o.a.j.t.JMeterThread: Thread started: Config 3: Exp8 1-338
2026-05-04 22:19:44,745 INFO o.a.j.t.JMeterThread: Thread started: Config 3: Exp8 1-339
2026-05-04 22:19:44,953 INFO o.a.j.t.JMeterThread: Thread started: Config 3: Exp8 1-340
2026-05-04 22:19:45,161 INFO o.a.j.t.JMeterThread: Thread started: Config 3: Exp8 1-341
2026-05-04 22:19:45,369 INFO o.a.j.t.JMeterThread: Thread started: Config 3: Exp8 1-342
2026-05-04 22:19:45,577 INFO o.a.j.t.JMeterThread: Thread started: Config 3: Exp8 1-343
2026-05-04 22:19:45,785 INFO o.a.j.t.JMeterThread: Thread started: Config 3: Exp8 1-344
2026-05-04 22:19:45,993 INFO o.a.j.t.JMeterThread: Thread started: Config 3: Exp8 1-345
2026-05-04 22:19:46,201 INFO o.a.j.t.JMeterThread: Thread started: Config 3: Exp8 1-346
2026-05-04 22:19:46,409 INFO o.a.j.t.JMeterThread: Thread started: Config 3: Exp8 1-347
2026-05-04 22:19:46,617 INFO o.a.j.t.JMeterThread: Thread started: Config 3: Exp8 1-348
2026-05-04 22:19:46,826 INFO o.a.j.t.JMeterThread: Thread started: Config 3: Exp8 1-349
2026-05-04 22:19:47,034 INFO o.a.j.t.JMeterThread: Thread started: Config 3: Exp8 1-350
2026-05-04 22:19:47,242 INFO o.a.j.t.JMeterThread: Thread started: Config 3: Exp8 1-351
2026-05-04 22:19:47,450 INFO o.a.j.t.JMeterThread: Thread started: Config 3: Exp8 1-352
2026-05-04 22:19:47,657 INFO o.a.j.t.JMeterThread: Thread started: Config 3: Exp8 1-353
2026-05-04 22:19:47,865 INFO o.a.j.t.JMeterThread: Thread started: Config 3: Exp8 1-354
2026-05-04 22:19:48,073 INFO o.a.j.t.JMeterThread: Thread started: Config 3: Exp8 1-355
2026-05-04 22:19:48,281 INFO o.a.j.t.JMeterThread: Thread started: Config 3: Exp8 1-356
2026-05-04 22:19:48,489 INFO o.a.j.t.JMeterThread: Thread started: Config 3: Exp8 1-357
2026-05-04 22:19:48,697 INFO o.a.j.t.JMeterThread: Thread started: Config 3: Exp8 1-358
2026-05-04 22:19:48,905 INFO o.a.j.t.JMeterThread: Thread started: Config 3: Exp8 1-359
2026-05-04 22:19:49,113 INFO o.a.j.t.JMeterThread: Thread started: Config 3: Exp8 1-360
2026-05-04 22:19:49,321 INFO o.a.j.t.JMeterThread: Thread started: Config 3: Exp8 1-361
2026-05-04 22:19:49,529 INFO o.a.j.t.JMeterThread: Thread started: Config 3: Exp8 1-362
2026-05-04 22:19:49,737 INFO o.a.j.t.JMeterThread: Thread started: Config 3: Exp8 1-363
2026-05-04 22:19:49,945 INFO o.a.j.t.JMeterThread: Thread started: Config 3: Exp8 1-364
2026-05-04 22:19:50,153 INFO o.a.j.t.JMeterThread: Thread started: Config 3: Exp8 1-365
2026-05-04 22:19:50,361 INFO o.a.j.t.JMeterThread: Thread started: Config 3: Exp8 1-366
2026-05-04 22:19:50,571 INFO o.a.j.t.JMeterThread: Thread started: Config 3: Exp8 1-367
2026-05-04 22:19:50,778 INFO o.a.j.t.JMeterThread: Thread started: Config 3: Exp8 1-368
2026-05-04 22:19:50,986 INFO o.a.j.t.JMeterThread: Thread started: Config 3: Exp8 1-369
2026-05-04 22:19:51,193 INFO o.a.j.t.JMeterThread: Thread started: Config 3: Exp8 1-370
2026-05-04 22:19:51,402 INFO o.a.j.t.JMeterThread: Thread started: Config 3: Exp8 1-371
2026-05-04 22:19:51,610 INFO o.a.j.t.JMeterThread: Thread started: Config 3: Exp8 1-372
2026-05-04 22:19:51,817 INFO o.a.j.t.JMeterThread: Thread started: Config 3: Exp8 1-373
2026-05-04 22:19:52,025 INFO o.a.j.t.JMeterThread: Thread started: Config 3: Exp8 1-374
2026-05-04 22:19:52,233 INFO o.a.j.t.JMeterThread: Thread started: Config 3: Exp8 1-375
2026-05-04 22:19:52,441 INFO o.a.j.t.JMeterThread: Thread started: Config 3: Exp8 1-376
2026-05-04 22:19:52,649 INFO o.a.j.t.JMeterThread: Thread started: Config 3: Exp8 1-377
2026-05-04 22:19:52,857 INFO o.a.j.t.JMeterThread: Thread started: Config 3: Exp8 1-378
2026-05-04 22:19:53,065 INFO o.a.j.t.JMeterThread: Thread started: Config 3: Exp8 1-379
2026-05-04 22:19:53,273 INFO o.a.j.t.JMeterThread: Thread started: Config 3: Exp8 1-380
2026-05-04 22:19:53,481 INFO o.a.j.t.JMeterThread: Thread started: Config 3: Exp8 1-381
2026-05-04 22:19:53,689 INFO o.a.j.t.JMeterThread: Thread started: Config 3: Exp8 1-382
2026-05-04 22:19:53,898 INFO o.a.j.t.JMeterThread: Thread started: Config 3: Exp8 1-383
2026-05-04 22:19:54,105 INFO o.a.j.t.JMeterThread: Thread started: Config 3: Exp8 1-384
2026-05-04 22:19:54,314 INFO o.a.j.t.JMeterThread: Thread started: Config 3: Exp8 1-385
2026-05-04 22:19:54,522 INFO o.a.j.t.JMeterThread: Thread started: Config 3: Exp8 1-386
2026-05-04 22:19:54,730 INFO o.a.j.t.JMeterThread: Thread started: Config 3: Exp8 1-387
2026-05-04 22:19:54,938 INFO o.a.j.t.JMeterThread: Thread started: Config 3: Exp8 1-388
2026-05-04 22:19:55,145 INFO o.a.j.t.JMeterThread: Thread started: Config 3: Exp8 1-389
2026-05-04 22:19:55,353 INFO o.a.j.t.JMeterThread: Thread started: Config 3: Exp8 1-390
2026-05-04 22:19:55,561 INFO o.a.j.t.JMeterThread: Thread started: Config 3: Exp8 1-391
2026-05-04 22:19:55,769 INFO o.a.j.t.JMeterThread: Thread started: Config 3: Exp8 1-392
2026-05-04 22:19:55,978 INFO o.a.j.t.JMeterThread: Thread started: Config 3: Exp8 1-393
2026-05-04 22:19:56,186 INFO o.a.j.t.JMeterThread: Thread started: Config 3: Exp8 1-394
2026-05-04 22:19:56,393 INFO o.a.j.t.JMeterThread: Thread started: Config 3: Exp8 1-395
2026-05-04 22:19:56,601 INFO o.a.j.t.JMeterThread: Thread started: Config 3: Exp8 1-396
2026-05-04 22:19:56,809 INFO o.a.j.t.JMeterThread: Thread started: Config 3: Exp8 1-397
2026-05-04 22:19:57,017 INFO o.a.j.t.JMeterThread: Thread started: Config 3: Exp8 1-398
2026-05-04 22:19:57,225 INFO o.a.j.t.JMeterThread: Thread started: Config 3: Exp8 1-399
2026-05-04 22:19:57,433 INFO o.a.j.t.JMeterThread: Thread started: Config 3: Exp8 1-400
2026-05-04 22:19:57,641 INFO o.a.j.t.JMeterThread: Thread started: Config 3: Exp8 1-401
2026-05-04 22:19:57,849 INFO o.a.j.t.JMeterThread: Thread started: Config 3: Exp8 1-402
2026-05-04 22:19:58,057 INFO o.a.j.t.JMeterThread: Thread started: Config 3: Exp8 1-403
2026-05-04 22:19:58,265 INFO o.a.j.t.JMeterThread: Thread started: Config 3: Exp8 1-404
2026-05-04 22:19:58,473 INFO o.a.j.t.JMeterThread: Thread started: Config 3: Exp8 1-405
2026-05-04 22:19:58,682 INFO o.a.j.t.JMeterThread: Thread started: Config 3: Exp8 1-406
2026-05-04 22:19:58,889 INFO o.a.j.t.JMeterThread: Thread started: Config 3: Exp8 1-407
2026-05-04 22:19:59,097 INFO o.a.j.t.JMeterThread: Thread started: Config 3: Exp8 1-408
2026-05-04 22:19:59,305 INFO o.a.j.t.JMeterThread: Thread started: Config 3: Exp8 1-409
2026-05-04 22:19:59,514 INFO o.a.j.t.JMeterThread: Thread started: Config 3: Exp8 1-410
2026-05-04 22:19:59,721 INFO o.a.j.t.JMeterThread: Thread started: Config 3: Exp8 1-411
2026-05-04 22:19:59,930 INFO o.a.j.t.JMeterThread: Thread started: Config 3: Exp8 1-412
2026-05-04 22:20:00,138 INFO o.a.j.t.JMeterThread: Thread started: Config 3: Exp8 1-413
2026-05-04 22:20:00,345 INFO o.a.j.t.JMeterThread: Thread started: Config 3: Exp8 1-414
2026-05-04 22:20:00,553 INFO o.a.j.t.JMeterThread: Thread started: Config 3: Exp8 1-415
2026-05-04 22:20:00,761 INFO o.a.j.t.JMeterThread: Thread started: Config 3: Exp8 1-416
2026-05-04 22:20:00,969 INFO o.a.j.t.JMeterThread: Thread started: Config 3: Exp8 1-417
2026-05-04 22:20:01,178 INFO o.a.j.t.JMeterThread: Thread started: Config 3: Exp8 1-418
2026-05-04 22:20:01,385 INFO o.a.j.t.JMeterThread: Thread started: Config 3: Exp8 1-419
2026-05-04 22:20:01,594 INFO o.a.j.t.JMeterThread: Thread started: Config 3: Exp8 1-420
2026-05-04 22:20:01,802 INFO o.a.j.t.JMeterThread: Thread started: Config 3: Exp8 1-421
2026-05-04 22:20:02,010 INFO o.a.j.t.JMeterThread: Thread started: Config 3: Exp8 1-422
2026-05-04 22:20:02,217 INFO o.a.j.t.JMeterThread: Thread started: Config 3: Exp8 1-423
2026-05-04 22:20:02,426 INFO o.a.j.t.JMeterThread: Thread started: Config 3: Exp8 1-424
2026-05-04 22:20:02,633 INFO o.a.j.t.JMeterThread: Thread started: Config 3: Exp8 1-425
2026-05-04 22:20:02,841 INFO o.a.j.t.JMeterThread: Thread started: Config 3: Exp8 1-426
2026-05-04 22:20:03,049 INFO o.a.j.t.JMeterThread: Thread started: Config 3: Exp8 1-427
2026-05-04 22:20:03,257 INFO o.a.j.t.JMeterThread: Thread started: Config 3: Exp8 1-428
2026-05-04 22:20:03,465 INFO o.a.j.t.JMeterThread: Thread started: Config 3: Exp8 1-429
2026-05-04 22:20:03,673 INFO o.a.j.t.JMeterThread: Thread started: Config 3: Exp8 1-430
2026-05-04 22:20:03,882 INFO o.a.j.t.JMeterThread: Thread started: Config 3: Exp8 1-431
2026-05-04 22:20:04,089 INFO o.a.j.t.JMeterThread: Thread started: Config 3: Exp8 1-432
2026-05-04 22:20:04,297 INFO o.a.j.t.JMeterThread: Thread started: Config 3: Exp8 1-433
2026-05-04 22:20:04,505 INFO o.a.j.t.JMeterThread: Thread started: Config 3: Exp8 1-434
2026-05-04 22:20:04,714 INFO o.a.j.t.JMeterThread: Thread started: Config 3: Exp8 1-435
2026-05-04 22:20:04,922 INFO o.a.j.t.JMeterThread: Thread started: Config 3: Exp8 1-436
2026-05-04 22:20:05,130 INFO o.a.j.t.JMeterThread: Thread started: Config 3: Exp8 1-437
2026-05-04 22:20:05,338 INFO o.a.j.t.JMeterThread: Thread started: Config 3: Exp8 1-438
2026-05-04 22:20:05,545 INFO o.a.j.t.JMeterThread: Thread started: Config 3: Exp8 1-439
2026-05-04 22:20:05,753 INFO o.a.j.t.JMeterThread: Thread started: Config 3: Exp8 1-440
2026-05-04 22:20:05,961 INFO o.a.j.t.JMeterThread: Thread started: Config 3: Exp8 1-441
2026-05-04 22:20:06,169 INFO o.a.j.t.JMeterThread: Thread started: Config 3: Exp8 1-442
2026-05-04 22:20:06,378 INFO o.a.j.t.JMeterThread: Thread started: Config 3: Exp8 1-443
2026-05-04 22:20:06,587 INFO o.a.j.t.JMeterThread: Thread started: Config 3: Exp8 1-444
2026-05-04 22:20:06,793 INFO o.a.j.t.JMeterThread: Thread started: Config 3: Exp8 1-445
2026-05-04 22:20:07,002 INFO o.a.j.t.JMeterThread: Thread started: Config 3: Exp8 1-446
2026-05-04 22:20:07,210 INFO o.a.j.t.JMeterThread: Thread started: Config 3: Exp8 1-447
2026-05-04 22:20:07,417 INFO o.a.j.t.JMeterThread: Thread started: Config 3: Exp8 1-448
2026-05-04 22:20:07,626 INFO o.a.j.t.JMeterThread: Thread started: Config 3: Exp8 1-449
2026-05-04 22:20:07,833 INFO o.a.j.t.JMeterThread: Thread started: Config 3: Exp8 1-450
2026-05-04 22:20:08,042 INFO o.a.j.t.JMeterThread: Thread started: Config 3: Exp8 1-451
2026-05-04 22:20:08,249 INFO o.a.j.t.JMeterThread: Thread started: Config 3: Exp8 1-452
2026-05-04 22:20:08,457 INFO o.a.j.t.JMeterThread: Thread started: Config 3: Exp8 1-453
2026-05-04 22:20:08,665 INFO o.a.j.t.JMeterThread: Thread started: Config 3: Exp8 1-454
2026-05-04 22:20:08,874 INFO o.a.j.t.JMeterThread: Thread started: Config 3: Exp8 1-455
2026-05-04 22:20:09,081 INFO o.a.j.t.JMeterThread: Thread started: Config 3: Exp8 1-456
2026-05-04 22:20:09,290 INFO o.a.j.t.JMeterThread: Thread started: Config 3: Exp8 1-457
2026-05-04 22:20:09,497 INFO o.a.j.t.JMeterThread: Thread started: Config 3: Exp8 1-458
2026-05-04 22:20:09,705 INFO o.a.j.t.JMeterThread: Thread started: Config 3: Exp8 1-459
2026-05-04 22:20:09,913 INFO o.a.j.t.JMeterThread: Thread started: Config 3: Exp8 1-460
2026-05-04 22:20:10,121 INFO o.a.j.t.JMeterThread: Thread started: Config 3: Exp8 1-461
2026-05-04 22:20:10,329 INFO o.a.j.t.JMeterThread: Thread started: Config 3: Exp8 1-462
2026-05-04 22:20:10,537 INFO o.a.j.t.JMeterThread: Thread started: Config 3: Exp8 1-463
2026-05-04 22:20:10,746 INFO o.a.j.t.JMeterThread: Thread started: Config 3: Exp8 1-464
2026-05-04 22:20:10,954 INFO o.a.j.t.JMeterThread: Thread started: Config 3: Exp8 1-465
2026-05-04 22:20:11,161 INFO o.a.j.t.JMeterThread: Thread started: Config 3: Exp8 1-466
2026-05-04 22:20:11,369 INFO o.a.j.t.JMeterThread: Thread started: Config 3: Exp8 1-467
2026-05-04 22:20:11,577 INFO o.a.j.t.JMeterThread: Thread started: Config 3: Exp8 1-468
2026-05-04 22:20:11,785 INFO o.a.j.t.JMeterThread: Thread started: Config 3: Exp8 1-469
2026-05-04 22:20:11,993 INFO o.a.j.t.JMeterThread: Thread started: Config 3: Exp8 1-470
2026-05-04 22:20:12,201 INFO o.a.j.t.JMeterThread: Thread started: Config 3: Exp8 1-471
2026-05-04 22:20:12,409 INFO o.a.j.t.JMeterThread: Thread started: Config 3: Exp8 1-472
2026-05-04 22:20:12,617 INFO o.a.j.t.JMeterThread: Thread started: Config 3: Exp8 1-473
2026-05-04 22:20:12,826 INFO o.a.j.t.JMeterThread: Thread started: Config 3: Exp8 1-474
2026-05-04 22:20:13,033 INFO o.a.j.t.JMeterThread: Thread started: Config 3: Exp8 1-475
2026-05-04 22:20:13,242 INFO o.a.j.t.JMeterThread: Thread started: Config 3: Exp8 1-476
2026-05-04 22:20:13,449 INFO o.a.j.t.JMeterThread: Thread started: Config 3: Exp8 1-477
2026-05-04 22:20:13,657 INFO o.a.j.t.JMeterThread: Thread started: Config 3: Exp8 1-478
2026-05-04 22:20:13,866 INFO o.a.j.t.JMeterThread: Thread started: Config 3: Exp8 1-479
2026-05-04 22:20:14,073 INFO o.a.j.t.JMeterThread: Thread started: Config 3: Exp8 1-480
2026-05-04 22:20:14,552 INFO o.a.j.t.JMeterThread: Stopping because end time detected by thread: Config 3: Exp8 1-295
2026-05-04 22:20:14,552 INFO o.a.j.t.JMeterThread: Stopping because end time detected by thread: Config 3: Exp8 1-342
2026-05-04 22:20:14,552 INFO o.a.j.t.JMeterThread: Stopping because end time detected by thread: Config 3: Exp8 1-338
2026-05-04 22:20:14,552 INFO o.a.j.t.JMeterThread: Thread finished: Config 3: Exp8 1-295
2026-05-04 22:20:14,552 INFO o.a.j.t.JMeterThread: Thread finished: Config 3: Exp8 1-338
2026-05-04 22:20:14,552 INFO o.a.j.t.JMeterThread: Stopping because end time detected by thread: Config 3: Exp8 1-343
2026-05-04 22:20:14,552 INFO o.a.j.t.JMeterThread: Thread finished: Config 3: Exp8 1-343
2026-05-04 22:20:14,552 INFO o.a.j.t.JMeterThread: Thread finished: Config 3: Exp8 1-342
2026-05-04 22:20:14,553 INFO o.a.j.t.JMeterThread: Stopping because end time detected by thread: Config 3: Exp8 1-293
2026-05-04 22:20:14,553 INFO o.a.j.t.JMeterThread: Stopping because end time detected by thread: Config 3: Exp8 1-340
2026-05-04 22:20:14,553 INFO o.a.j.t.JMeterThread: Thread finished: Config 3: Exp8 1-293
2026-05-04 22:20:14,553 INFO o.a.j.t.JMeterThread: Thread finished: Config 3: Exp8 1-340
2026-05-04 22:20:14,553 INFO o.a.j.t.JMeterThread: Stopping because end time detected by thread: Config 3: Exp8 1-297
2026-05-04 22:20:14,553 INFO o.a.j.t.JMeterThread: Thread finished: Config 3: Exp8 1-297
2026-05-04 22:20:14,553 INFO o.a.j.t.JMeterThread: Stopping because end time detected by thread: Config 3: Exp8 1-259
2026-05-04 22:20:14,553 INFO o.a.j.t.JMeterThread: Stopping because end time detected by thread: Config 3: Exp8 1-296
2026-05-04 22:20:14,553 INFO o.a.j.t.JMeterThread: Stopping because end time detected by thread: Config 3: Exp8 1-339
2026-05-04 22:20:14,553 INFO o.a.j.t.JMeterThread: Thread finished: Config 3: Exp8 1-339
2026-05-04 22:20:14,553 INFO o.a.j.t.JMeterThread: Thread finished: Config 3: Exp8 1-259
2026-05-04 22:20:14,553 INFO o.a.j.t.JMeterThread: Thread finished: Config 3: Exp8 1-296
2026-05-04 22:20:14,553 INFO o.a.j.t.JMeterThread: Stopping because end time detected by thread: Config 3: Exp8 1-299
2026-05-04 22:20:14,553 INFO o.a.j.t.JMeterThread: Stopping because end time detected by thread: Config 3: Exp8 1-298
2026-05-04 22:20:14,553 INFO o.a.j.t.JMeterThread: Thread finished: Config 3: Exp8 1-299
2026-05-04 22:20:14,553 INFO o.a.j.t.JMeterThread: Thread finished: Config 3: Exp8 1-298
2026-05-04 22:20:14,554 INFO o.a.j.t.JMeterThread: Stopping because end time detected by thread: Config 3: Exp8 1-399
2026-05-04 22:20:14,554 INFO o.a.j.t.JMeterThread: Thread finished: Config 3: Exp8 1-399
2026-05-04 22:20:14,554 INFO o.a.j.t.JMeterThread: Stopping because end time detected by thread: Config 3: Exp8 1-400
2026-05-04 22:20:14,554 INFO o.a.j.t.JMeterThread: Thread finished: Config 3: Exp8 1-400
2026-05-04 22:20:14,554 INFO o.a.j.t.JMeterThread: Stopping because end time detected by thread: Config 3: Exp8 1-404
2026-05-04 22:20:14,554 INFO o.a.j.t.JMeterThread: Stopping because end time detected by thread: Config 3: Exp8 1-402
2026-05-04 22:20:14,554 INFO o.a.j.t.JMeterThread: Stopping because end time detected by thread: Config 3: Exp8 1-401
2026-05-04 22:20:14,554 INFO o.a.j.t.JMeterThread: Thread finished: Config 3: Exp8 1-404
2026-05-04 22:20:14,554 INFO o.a.j.t.JMeterThread: Stopping because end time detected by thread: Config 3: Exp8 1-405
2026-05-04 22:20:14,554 INFO o.a.j.t.JMeterThread: Thread finished: Config 3: Exp8 1-405
2026-05-04 22:20:14,554 INFO o.a.j.t.JMeterThread: Stopping because end time detected by thread: Config 3: Exp8 1-403
2026-05-04 22:20:14,554 INFO o.a.j.t.JMeterThread: Stopping because end time detected by thread: Config 3: Exp8 1-346
2026-05-04 22:20:14,554 INFO o.a.j.t.JMeterThread: Stopping because end time detected by thread: Config 3: Exp8 1-348
2026-05-04 22:20:14,554 INFO o.a.j.t.JMeterThread: Thread finished: Config 3: Exp8 1-402
2026-05-04 22:20:14,554 INFO o.a.j.t.JMeterThread: Thread finished: Config 3: Exp8 1-346
2026-05-04 22:20:14,554 INFO o.a.j.t.JMeterThread: Thread finished: Config 3: Exp8 1-348
2026-05-04 22:20:14,554 INFO o.a.j.t.JMeterThread: Stopping because end time detected by thread: Config 3: Exp8 1-347
2026-05-04 22:20:14,554 INFO o.a.j.t.JMeterThread: Stopping because end time detected by thread: Config 3: Exp8 1-408
2026-05-04 22:20:14,554 INFO o.a.j.t.JMeterThread: Thread finished: Config 3: Exp8 1-408
2026-05-04 22:20:14,554 INFO o.a.j.t.JMeterThread: Stopping because end time detected by thread: Config 3: Exp8 1-407
2026-05-04 22:20:14,554 INFO o.a.j.t.JMeterThread: Stopping because end time detected by thread: Config 3: Exp8 1-406
2026-05-04 22:20:14,554 INFO o.a.j.t.JMeterThread: Thread finished: Config 3: Exp8 1-406
2026-05-04 22:20:14,554 INFO o.a.j.t.JMeterThread: Thread finished: Config 3: Exp8 1-401
2026-05-04 22:20:14,554 INFO o.a.j.t.JMeterThread: Thread finished: Config 3: Exp8 1-407
2026-05-04 22:20:14,554 INFO o.a.j.t.JMeterThread: Thread finished: Config 3: Exp8 1-403
2026-05-04 22:20:14,555 INFO o.a.j.t.JMeterThread: Thread finished: Config 3: Exp8 1-347
2026-05-04 22:20:14,555 INFO o.a.j.t.JMeterThread: Stopping because end time detected by thread: Config 3: Exp8 1-170
2026-05-04 22:20:14,555 INFO o.a.j.t.JMeterThread: Thread finished: Config 3: Exp8 1-170
2026-05-04 22:20:14,555 INFO o.a.j.t.JMeterThread: Stopping because end time detected by thread: Config 3: Exp8 1-165
2026-05-04 22:20:14,555 INFO o.a.j.t.JMeterThread: Thread finished: Config 3: Exp8 1-165
2026-05-04 22:20:14,555 INFO o.a.j.t.JMeterThread: Stopping because end time detected by thread: Config 3: Exp8 1-409
2026-05-04 22:20:14,555 INFO o.a.j.t.JMeterThread: Thread finished: Config 3: Exp8 1-409
2026-05-04 22:20:14,555 INFO o.a.j.t.JMeterThread: Stopping because end time detected by thread: Config 3: Exp8 1-410
2026-05-04 22:20:14,555 INFO o.a.j.t.JMeterThread: Thread finished: Config 3: Exp8 1-410
2026-05-04 22:20:14,556 INFO o.a.j.t.JMeterThread: Stopping because end time detected by thread: Config 3: Exp8 1-412
2026-05-04 22:20:14,556 INFO o.a.j.t.JMeterThread: Stopping because end time detected by thread: Config 3: Exp8 1-413
2026-05-04 22:20:14,556 INFO o.a.j.t.JMeterThread: Thread finished: Config 3: Exp8 1-412
2026-05-04 22:20:14,556 INFO o.a.j.t.JMeterThread: Stopping because end time detected by thread: Config 3: Exp8 1-414
2026-05-04 22:20:14,556 INFO o.a.j.t.JMeterThread: Stopping because end time detected by thread: Config 3: Exp8 1-411
2026-05-04 22:20:14,556 INFO o.a.j.t.JMeterThread: Stopping because end time detected by thread: Config 3: Exp8 1-415
2026-05-04 22:20:14,556 INFO o.a.j.t.JMeterThread: Thread finished: Config 3: Exp8 1-413
2026-05-04 22:20:14,556 INFO o.a.j.t.JMeterThread: Thread finished: Config 3: Exp8 1-414
2026-05-04 22:20:14,556 INFO o.a.j.t.JMeterThread: Thread finished: Config 3: Exp8 1-415
2026-05-04 22:20:14,556 INFO o.a.j.t.JMeterThread: Thread finished: Config 3: Exp8 1-411
2026-05-04 22:20:14,556 INFO o.a.j.t.JMeterThread: Stopping because end time detected by thread: Config 3: Exp8 1-351
2026-05-04 22:20:14,556 INFO o.a.j.t.JMeterThread: Stopping because end time detected by thread: Config 3: Exp8 1-204
2026-05-04 22:20:14,556 INFO o.a.j.t.JMeterThread: Stopping because end time detected by thread: Config 3: Exp8 1-200
2026-05-04 22:20:14,556 INFO o.a.j.t.JMeterThread: Stopping because end time detected by thread: Config 3: Exp8 1-245
2026-05-04 22:20:14,556 INFO o.a.j.t.JMeterThread: Stopping because end time detected by thread: Config 3: Exp8 1-169
2026-05-04 22:20:14,556 INFO o.a.j.t.JMeterThread: Stopping because end time detected by thread: Config 3: Exp8 1-253
2026-05-04 22:20:14,556 INFO o.a.j.t.JMeterThread: Thread finished: Config 3: Exp8 1-351
2026-05-04 22:20:14,556 INFO o.a.j.t.JMeterThread: Stopping because end time detected by thread: Config 3: Exp8 1-248
2026-05-04 22:20:14,556 INFO o.a.j.t.JMeterThread: Thread finished: Config 3: Exp8 1-169
2026-05-04 22:20:14,556 INFO o.a.j.t.JMeterThread: Stopping because end time detected by thread: Config 3: Exp8 1-143
2026-05-04 22:20:14,556 INFO o.a.j.t.JMeterThread: Thread finished: Config 3: Exp8 1-253
2026-05-04 22:20:14,556 INFO o.a.j.t.JMeterThread: Thread finished: Config 3: Exp8 1-143
2026-05-04 22:20:14,556 INFO o.a.j.t.JMeterThread: Stopping because end time detected by thread: Config 3: Exp8 1-288
2026-05-04 22:20:14,556 INFO o.a.j.t.JMeterThread: Stopping because end time detected by thread: Config 3: Exp8 1-19
2026-05-04 22:20:14,556 INFO o.a.j.t.JMeterThread: Stopping because end time detected by thread: Config 3: Exp8 1-18
2026-05-04 22:20:14,556 INFO o.a.j.t.JMeterThread: Stopping because end time detected by thread: Config 3: Exp8 1-349
2026-05-04 22:20:14,556 INFO o.a.j.t.JMeterThread: Stopping because end time detected by thread: Config 3: Exp8 1-168
2026-05-04 22:20:14,556 INFO o.a.j.t.JMeterThread: Thread finished: Config 3: Exp8 1-200
2026-05-04 22:20:14,556 INFO o.a.j.t.JMeterThread: Thread finished: Config 3: Exp8 1-245
2026-05-04 22:20:14,556 INFO o.a.j.t.JMeterThread: Thread finished: Config 3: Exp8 1-204
2026-05-04 22:20:14,556 INFO o.a.j.t.JMeterThread: Stopping because end time detected by thread: Config 3: Exp8 1-246
2026-05-04 22:20:14,557 INFO o.a.j.t.JMeterThread: Thread finished: Config 3: Exp8 1-168
2026-05-04 22:20:14,557 INFO o.a.j.t.JMeterThread: Thread finished: Config 3: Exp8 1-246
2026-05-04 22:20:14,557 INFO o.a.j.t.JMeterThread: Thread finished: Config 3: Exp8 1-248
2026-05-04 22:20:14,557 INFO o.a.j.t.JMeterThread: Thread finished: Config 3: Exp8 1-349
2026-05-04 22:20:14,557 INFO o.a.j.t.JMeterThread: Thread finished: Config 3: Exp8 1-18
2026-05-04 22:20:14,557 INFO o.a.j.t.JMeterThread: Thread finished: Config 3: Exp8 1-19
2026-05-04 22:20:14,557 INFO o.a.j.t.JMeterThread: Thread finished: Config 3: Exp8 1-288
2026-05-04 22:20:14,556 INFO o.a.j.t.JMeterThread: Stopping because end time detected by thread: Config 3: Exp8 1-32
2026-05-04 22:20:14,557 INFO o.a.j.t.JMeterThread: Thread finished: Config 3: Exp8 1-32
2026-05-04 22:20:14,557 INFO o.a.j.t.JMeterThread: Stopping because end time detected by thread: Config 3: Exp8 1-350
2026-05-04 22:20:14,557 INFO o.a.j.t.JMeterThread: Thread finished: Config 3: Exp8 1-350
2026-05-04 22:20:14,557 INFO o.a.j.t.JMeterThread: Stopping because end time detected by thread: Config 3: Exp8 1-202
2026-05-04 22:20:14,557 INFO o.a.j.t.JMeterThread: Stopping because end time detected by thread: Config 3: Exp8 1-203
2026-05-04 22:20:14,557 INFO o.a.j.t.JMeterThread: Stopping because end time detected by thread: Config 3: Exp8 1-235
2026-05-04 22:20:14,557 INFO o.a.j.t.JMeterThread: Stopping because end time detected by thread: Config 3: Exp8 1-20
2026-05-04 22:20:14,557 INFO o.a.j.t.JMeterThread: Thread finished: Config 3: Exp8 1-235
2026-05-04 22:20:14,557 INFO o.a.j.t.JMeterThread: Stopping because end time detected by thread: Config 3: Exp8 1-247
2026-05-04 22:20:14,557 INFO o.a.j.t.JMeterThread: Thread finished: Config 3: Exp8 1-247
2026-05-04 22:20:14,557 INFO o.a.j.t.JMeterThread: Thread finished: Config 3: Exp8 1-202
2026-05-04 22:20:14,557 INFO o.a.j.t.JMeterThread: Stopping because end time detected by thread: Config 3: Exp8 1-162
2026-05-04 22:20:14,557 INFO o.a.j.t.JMeterThread: Stopping because end time detected by thread: Config 3: Exp8 1-142
2026-05-04 22:20:14,557 INFO o.a.j.t.JMeterThread: Thread finished: Config 3: Exp8 1-20
2026-05-04 22:20:14,557 INFO o.a.j.t.JMeterThread: Thread finished: Config 3: Exp8 1-142
2026-05-04 22:20:14,557 INFO o.a.j.t.JMeterThread: Stopping because end time detected by thread: Config 3: Exp8 1-249
2026-05-04 22:20:14,557 INFO o.a.j.t.JMeterThread: Thread finished: Config 3: Exp8 1-203
2026-05-04 22:20:14,557 INFO o.a.j.t.JMeterThread: Thread finished: Config 3: Exp8 1-162
2026-05-04 22:20:14,557 INFO o.a.j.t.JMeterThread: Thread finished: Config 3: Exp8 1-249
2026-05-04 22:20:14,557 INFO o.a.j.t.JMeterThread: Stopping because end time detected by thread: Config 3: Exp8 1-5
2026-05-04 22:20:14,557 INFO o.a.j.t.JMeterThread: Thread finished: Config 3: Exp8 1-5
2026-05-04 22:20:14,557 INFO o.a.j.t.JMeterThread: Stopping because end time detected by thread: Config 3: Exp8 1-164
2026-05-04 22:20:14,557 INFO o.a.j.t.JMeterThread: Stopping because end time detected by thread: Config 3: Exp8 1-134
2026-05-04 22:20:14,557 INFO o.a.j.t.JMeterThread: Thread finished: Config 3: Exp8 1-164
2026-05-04 22:20:14,558 INFO o.a.j.t.JMeterThread: Stopping because end time detected by thread: Config 3: Exp8 1-198
2026-05-04 22:20:14,558 INFO o.a.j.t.JMeterThread: Thread finished: Config 3: Exp8 1-134
2026-05-04 22:20:14,558 INFO o.a.j.t.JMeterThread: Thread finished: Config 3: Exp8 1-198
2026-05-04 22:20:14,558 INFO o.a.j.t.JMeterThread: Stopping because end time detected by thread: Config 3: Exp8 1-163
2026-05-04 22:20:14,558 INFO o.a.j.t.JMeterThread: Stopping because end time detected by thread: Config 3: Exp8 1-287
2026-05-04 22:20:14,558 INFO o.a.j.t.JMeterThread: Thread finished: Config 3: Exp8 1-163
2026-05-04 22:20:14,558 INFO o.a.j.t.JMeterThread: Thread finished: Config 3: Exp8 1-287
2026-05-04 22:20:14,558 INFO o.a.j.t.JMeterThread: Stopping because end time detected by thread: Config 3: Exp8 1-47
2026-05-04 22:20:14,558 INFO o.a.j.t.JMeterThread: Stopping because end time detected by thread: Config 3: Exp8 1-50
2026-05-04 22:20:14,558 INFO o.a.j.t.JMeterThread: Thread finished: Config 3: Exp8 1-50
2026-05-04 22:20:14,558 INFO o.a.j.t.JMeterThread: Thread finished: Config 3: Exp8 1-47
2026-05-04 22:20:14,558 INFO o.a.j.t.JMeterThread: Stopping because end time detected by thread: Config 3: Exp8 1-236
2026-05-04 22:20:14,558 INFO o.a.j.t.JMeterThread: Thread finished: Config 3: Exp8 1-236
2026-05-04 22:20:14,558 INFO o.a.j.t.JMeterThread: Stopping because end time detected by thread: Config 3: Exp8 1-201
2026-05-04 22:20:14,558 INFO o.a.j.t.JMeterThread: Stopping because end time detected by thread: Config 3: Exp8 1-289
2026-05-04 22:20:14,558 INFO o.a.j.t.JMeterThread: Thread finished: Config 3: Exp8 1-201
2026-05-04 22:20:14,558 INFO o.a.j.t.JMeterThread: Thread finished: Config 3: Exp8 1-289
2026-05-04 22:20:14,558 INFO o.a.j.t.JMeterThread: Stopping because end time detected by thread: Config 3: Exp8 1-250
2026-05-04 22:20:14,558 INFO o.a.j.t.JMeterThread: Thread finished: Config 3: Exp8 1-250
2026-05-04 22:20:22,217 INFO o.a.j.t.JMeterThread: Stopping because end time detected by thread: Config 3: Exp8 1-103
2026-05-04 22:20:22,217 INFO o.a.j.t.JMeterThread: Stopping because end time detected by thread: Config 3: Exp8 1-105
2026-05-04 22:20:22,217 INFO o.a.j.t.JMeterThread: Stopping because end time detected by thread: Config 3: Exp8 1-119
2026-05-04 22:20:22,217 INFO o.a.j.t.JMeterThread: Stopping because end time detected by thread: Config 3: Exp8 1-88
2026-05-04 22:20:22,217 INFO o.a.j.t.JMeterThread: Thread finished: Config 3: Exp8 1-119
2026-05-04 22:20:22,217 INFO o.a.j.t.JMeterThread: Stopping because end time detected by thread: Config 3: Exp8 1-62
2026-05-04 22:20:22,217 INFO o.a.j.t.JMeterThread: Thread finished: Config 3: Exp8 1-88
2026-05-04 22:20:22,217 INFO o.a.j.t.JMeterThread: Thread finished: Config 3: Exp8 1-105
2026-05-04 22:20:22,217 INFO o.a.j.t.JMeterThread: Thread finished: Config 3: Exp8 1-103
2026-05-04 22:20:22,217 INFO o.a.j.t.JMeterThread: Stopping because end time detected by thread: Config 3: Exp8 1-76
2026-05-04 22:20:22,218 INFO o.a.j.t.JMeterThread: Stopping because end time detected by thread: Config 3: Exp8 1-48
2026-05-04 22:20:22,218 INFO o.a.j.t.JMeterThread: Stopping because end time detected by thread: Config 3: Exp8 1-416
2026-05-04 22:20:22,218 INFO o.a.j.t.JMeterThread: Thread finished: Config 3: Exp8 1-416
2026-05-04 22:20:22,218 INFO o.a.j.t.JMeterThread: Stopping because end time detected by thread: Config 3: Exp8 1-93
2026-05-04 22:20:22,218 INFO o.a.j.t.JMeterThread: Thread finished: Config 3: Exp8 1-93
2026-05-04 22:20:22,217 INFO o.a.j.t.JMeterThread: Stopping because end time detected by thread: Config 3: Exp8 1-91
2026-05-04 22:20:22,218 INFO o.a.j.t.JMeterThread: Thread finished: Config 3: Exp8 1-91
2026-05-04 22:20:22,217 INFO o.a.j.t.JMeterThread: Stopping because end time detected by thread: Config 3: Exp8 1-106
2026-05-04 22:20:22,218 INFO o.a.j.t.JMeterThread: Stopping because end time detected by thread: Config 3: Exp8 1-300
2026-05-04 22:20:22,218 INFO o.a.j.t.JMeterThread: Stopping because end time detected by thread: Config 3: Exp8 1-417
2026-05-04 22:20:22,218 INFO o.a.j.t.JMeterThread: Thread finished: Config 3: Exp8 1-417
2026-05-04 22:20:22,218 INFO o.a.j.t.JMeterThread: Thread finished: Config 3: Exp8 1-48
2026-05-04 22:20:22,218 INFO o.a.j.t.JMeterThread: Stopping because end time detected by thread: Config 3: Exp8 1-92
2026-05-04 22:20:22,219 INFO o.a.j.t.JMeterThread: Thread finished: Config 3: Exp8 1-92
2026-05-04 22:20:22,218 INFO o.a.j.t.JMeterThread: Thread finished: Config 3: Exp8 1-76
2026-05-04 22:20:22,219 INFO o.a.j.t.JMeterThread: Stopping because end time detected by thread: Config 3: Exp8 1-64
2026-05-04 22:20:22,217 INFO o.a.j.t.JMeterThread: Thread finished: Config 3: Exp8 1-62
2026-05-04 22:20:22,219 INFO o.a.j.t.JMeterThread: Stopping because end time detected by thread: Config 3: Exp8 1-77
2026-05-04 22:20:22,218 INFO o.a.j.t.JMeterThread: Stopping because end time detected by thread: Config 3: Exp8 1-35
2026-05-04 22:20:22,218 INFO o.a.j.t.JMeterThread: Thread finished: Config 3: Exp8 1-300
2026-05-04 22:20:22,219 INFO o.a.j.t.JMeterThread: Thread finished: Config 3: Exp8 1-77
2026-05-04 22:20:22,219 INFO o.a.j.t.JMeterThread: Thread finished: Config 3: Exp8 1-35
2026-05-04 22:20:22,218 INFO o.a.j.t.JMeterThread: Thread finished: Config 3: Exp8 1-106
2026-05-04 22:20:22,219 INFO o.a.j.t.JMeterThread: Thread finished: Config 3: Exp8 1-64
2026-05-04 22:20:22,323 INFO o.a.j.t.JMeterThread: Stopping because end time detected by thread: Config 3: Exp8 1-423
2026-05-04 22:20:22,323 INFO o.a.j.t.JMeterThread: Thread finished: Config 3: Exp8 1-423
2026-05-04 22:20:22,323 INFO o.a.j.t.JMeterThread: Stopping because end time detected by thread: Config 3: Exp8 1-425
2026-05-04 22:20:22,323 INFO o.a.j.t.JMeterThread: Thread finished: Config 3: Exp8 1-425
2026-05-04 22:20:22,323 INFO o.a.j.t.JMeterThread: Stopping because end time detected by thread: Config 3: Exp8 1-422
2026-05-04 22:20:22,323 INFO o.a.j.t.JMeterThread: Stopping because end time detected by thread: Config 3: Exp8 1-424
2026-05-04 22:20:22,323 INFO o.a.j.t.JMeterThread: Thread finished: Config 3: Exp8 1-422
2026-05-04 22:20:22,323 INFO o.a.j.t.JMeterThread: Thread finished: Config 3: Exp8 1-424
2026-05-04 22:20:22,323 INFO o.a.j.t.JMeterThread: Stopping because end time detected by thread: Config 3: Exp8 1-421
2026-05-04 22:20:22,323 INFO o.a.j.t.JMeterThread: Thread finished: Config 3: Exp8 1-421
2026-05-04 22:20:22,323 INFO o.a.j.t.JMeterThread: Stopping because end time detected by thread: Config 3: Exp8 1-420
2026-05-04 22:20:22,323 INFO o.a.j.t.JMeterThread: Thread finished: Config 3: Exp8 1-420
2026-05-04 22:20:22,323 INFO o.a.j.t.JMeterThread: Stopping because end time detected by thread: Config 3: Exp8 1-418
2026-05-04 22:20:22,324 INFO o.a.j.t.JMeterThread: Thread finished: Config 3: Exp8 1-418
2026-05-04 22:20:22,324 INFO o.a.j.t.JMeterThread: Stopping because end time detected by thread: Config 3: Exp8 1-419
2026-05-04 22:20:22,324 INFO o.a.j.t.JMeterThread: Thread finished: Config 3: Exp8 1-419
2026-05-04 22:20:23,453 INFO o.a.j.t.JMeterThread: Stopping because end time detected by thread: Config 3: Exp8 1-302
2026-05-04 22:20:23,453 INFO o.a.j.t.JMeterThread: Stopping because end time detected by thread: Config 3: Exp8 1-23
2026-05-04 22:20:23,453 INFO o.a.j.t.JMeterThread: Stopping because end time detected by thread: Config 3: Exp8 1-180
2026-05-04 22:20:23,453 INFO o.a.j.t.JMeterThread: Thread finished: Config 3: Exp8 1-302
2026-05-04 22:20:23,453 INFO o.a.j.t.JMeterThread: Stopping because end time detected by thread: Config 3: Exp8 1-205
2026-05-04 22:20:23,453 INFO o.a.j.t.JMeterThread: Stopping because end time detected by thread: Config 3: Exp8 1-255
2026-05-04 22:20:23,453 INFO o.a.j.t.JMeterThread: Stopping because end time detected by thread: Config 3: Exp8 1-217
2026-05-04 22:20:23,453 INFO o.a.j.t.JMeterThread: Stopping because end time detected by thread: Config 3: Exp8 1-220
2026-05-04 22:20:23,453 INFO o.a.j.t.JMeterThread: Stopping because end time detected by thread: Config 3: Exp8 1-256
2026-05-04 22:20:23,453 INFO o.a.j.t.JMeterThread: Stopping because end time detected by thread: Config 3: Exp8 1-69
2026-05-04 22:20:23,453 INFO o.a.j.t.JMeterThread: Stopping because end time detected by thread: Config 3: Exp8 1-153
2026-05-04 22:20:23,453 INFO o.a.j.t.JMeterThread: Thread finished: Config 3: Exp8 1-69
2026-05-04 22:20:23,453 INFO o.a.j.t.JMeterThread: Stopping because end time detected by thread: Config 3: Exp8 1-179
2026-05-04 22:20:23,453 INFO o.a.j.t.JMeterThread: Stopping because end time detected by thread: Config 3: Exp8 1-181
2026-05-04 22:20:23,453 INFO o.a.j.t.JMeterThread: Thread finished: Config 3: Exp8 1-179
2026-05-04 22:20:23,453 INFO o.a.j.t.JMeterThread: Stopping because end time detected by thread: Config 3: Exp8 1-178
2026-05-04 22:20:23,453 INFO o.a.j.t.JMeterThread: Stopping because end time detected by thread: Config 3: Exp8 1-26
2026-05-04 22:20:23,453 INFO o.a.j.t.JMeterThread: Stopping because end time detected by thread: Config 3: Exp8 1-29
2026-05-04 22:20:23,453 INFO o.a.j.t.JMeterThread: Thread finished: Config 3: Exp8 1-29
2026-05-04 22:20:23,453 INFO o.a.j.t.JMeterThread: Stopping because end time detected by thread: Config 3: Exp8 1-353
2026-05-04 22:20:23,453 INFO o.a.j.t.JMeterThread: Stopping because end time detected by thread: Config 3: Exp8 1-39
2026-05-04 22:20:23,454 INFO o.a.j.t.JMeterThread: Stopping because end time detected by thread: Config 3: Exp8 1-429
2026-05-04 22:20:23,454 INFO o.a.j.t.JMeterThread: Stopping because end time detected by thread: Config 3: Exp8 1-426
2026-05-04 22:20:23,454 INFO o.a.j.t.JMeterThread: Stopping because end time detected by thread: Config 3: Exp8 1-216
2026-05-04 22:20:23,454 INFO o.a.j.t.JMeterThread: Thread finished: Config 3: Exp8 1-426
2026-05-04 22:20:23,454 INFO o.a.j.t.JMeterThread: Thread finished: Config 3: Exp8 1-216
2026-05-04 22:20:23,454 INFO o.a.j.t.JMeterThread: Stopping because end time detected by thread: Config 3: Exp8 1-432
2026-05-04 22:20:23,454 INFO o.a.j.t.JMeterThread: Stopping because end time detected by thread: Config 3: Exp8 1-434
2026-05-04 22:20:23,453 INFO o.a.j.t.JMeterThread: Thread finished: Config 3: Exp8 1-26
2026-05-04 22:20:23,453 INFO o.a.j.t.JMeterThread: Thread finished: Config 3: Exp8 1-178
2026-05-04 22:20:23,454 INFO o.a.j.t.JMeterThread: Stopping because end time detected by thread: Config 3: Exp8 1-122
2026-05-04 22:20:23,454 INFO o.a.j.t.JMeterThread: Thread finished: Config 3: Exp8 1-122
2026-05-04 22:20:23,453 INFO o.a.j.t.JMeterThread: Stopping because end time detected by thread: Config 3: Exp8 1-215
2026-05-04 22:20:23,454 INFO o.a.j.t.JMeterThread: Stopping because end time detected by thread: Config 3: Exp8 1-111
2026-05-04 22:20:23,454 INFO o.a.j.t.JMeterThread: Stopping because end time detected by thread: Config 3: Exp8 1-146
2026-05-04 22:20:23,454 INFO o.a.j.t.JMeterThread: Thread finished: Config 3: Exp8 1-111
2026-05-04 22:20:23,453 INFO o.a.j.t.JMeterThread: Stopping because end time detected by thread: Config 3: Exp8 1-352
2026-05-04 22:20:23,453 INFO o.a.j.t.JMeterThread: Thread finished: Config 3: Exp8 1-181
2026-05-04 22:20:23,453 INFO o.a.j.t.JMeterThread: Stopping because end time detected by thread: Config 3: Exp8 1-317
2026-05-04 22:20:23,453 INFO o.a.j.t.JMeterThread: Thread finished: Config 3: Exp8 1-256
2026-05-04 22:20:23,454 INFO o.a.j.t.JMeterThread: Thread finished: Config 3: Exp8 1-317
2026-05-04 22:20:23,454 INFO o.a.j.t.JMeterThread: Thread finished: Config 3: Exp8 1-153
2026-05-04 22:20:23,453 INFO o.a.j.t.JMeterThread: Stopping because end time detected by thread: Config 3: Exp8 1-176
2026-05-04 22:20:23,453 INFO o.a.j.t.JMeterThread: Stopping because end time detected by thread: Config 3: Exp8 1-12
2026-05-04 22:20:23,453 INFO o.a.j.t.JMeterThread: Stopping because end time detected by thread: Config 3: Exp8 1-55
2026-05-04 22:20:23,453 INFO o.a.j.t.JMeterThread: Thread finished: Config 3: Exp8 1-220
2026-05-04 22:20:23,453 INFO o.a.j.t.JMeterThread: Stopping because end time detected by thread: Config 3: Exp8 1-175
2026-05-04 22:20:23,453 INFO o.a.j.t.JMeterThread: Stopping because end time detected by thread: Config 3: Exp8 1-257
2026-05-04 22:20:23,453 INFO o.a.j.t.JMeterThread: Stopping because end time detected by thread: Config 3: Exp8 1-303
2026-05-04 22:20:23,453 INFO o.a.j.t.JMeterThread: Thread finished: Config 3: Exp8 1-217
2026-05-04 22:20:23,453 INFO o.a.j.t.JMeterThread: Thread finished: Config 3: Exp8 1-255
2026-05-04 22:20:23,453 INFO o.a.j.t.JMeterThread: Stopping because end time detected by thread: Config 3: Exp8 1-218
2026-05-04 22:20:23,453 INFO o.a.j.t.JMeterThread: Stopping because end time detected by thread: Config 3: Exp8 1-7
2026-05-04 22:20:23,453 INFO o.a.j.t.JMeterThread: Stopping because end time detected by thread: Config 3: Exp8 1-301
2026-05-04 22:20:23,453 INFO o.a.j.t.JMeterThread: Thread finished: Config 3: Exp8 1-205
2026-05-04 22:20:23,455 INFO o.a.j.t.JMeterThread: Thread finished: Config 3: Exp8 1-7
2026-05-04 22:20:23,455 INFO o.a.j.t.JMeterThread: Thread finished: Config 3: Exp8 1-301
2026-05-04 22:20:23,453 INFO o.a.j.t.JMeterThread: Stopping because end time detected by thread: Config 3: Exp8 1-221
2026-05-04 22:20:23,453 INFO o.a.j.t.JMeterThread: Thread finished: Config 3: Exp8 1-180
2026-05-04 22:20:23,455 INFO o.a.j.t.JMeterThread: Thread finished: Config 3: Exp8 1-221
2026-05-04 22:20:23,453 INFO o.a.j.t.JMeterThread: Stopping because end time detected by thread: Config 3: Exp8 1-219
2026-05-04 22:20:23,453 INFO o.a.j.t.JMeterThread: Stopping because end time detected by thread: Config 3: Exp8 1-254
2026-05-04 22:20:23,453 INFO o.a.j.t.JMeterThread: Thread finished: Config 3: Exp8 1-23
2026-05-04 22:20:23,455 INFO o.a.j.t.JMeterThread: Thread finished: Config 3: Exp8 1-254
2026-05-04 22:20:23,455 INFO o.a.j.t.JMeterThread: Thread finished: Config 3: Exp8 1-219
2026-05-04 22:20:23,455 INFO o.a.j.t.JMeterThread: Thread finished: Config 3: Exp8 1-218
2026-05-04 22:20:23,455 INFO o.a.j.t.JMeterThread: Thread finished: Config 3: Exp8 1-303
2026-05-04 22:20:23,455 INFO o.a.j.t.JMeterThread: Thread finished: Config 3: Exp8 1-257
2026-05-04 22:20:23,455 INFO o.a.j.t.JMeterThread: Thread finished: Config 3: Exp8 1-175
2026-05-04 22:20:23,455 INFO o.a.j.t.JMeterThread: Thread finished: Config 3: Exp8 1-55
2026-05-04 22:20:23,455 INFO o.a.j.t.JMeterThread: Thread finished: Config 3: Exp8 1-12
2026-05-04 22:20:23,454 INFO o.a.j.t.JMeterThread: Thread finished: Config 3: Exp8 1-176
2026-05-04 22:20:23,454 INFO o.a.j.t.JMeterThread: Thread finished: Config 3: Exp8 1-352
2026-05-04 22:20:23,454 INFO o.a.j.t.JMeterThread: Thread finished: Config 3: Exp8 1-146
2026-05-04 22:20:23,454 INFO o.a.j.t.JMeterThread: Stopping because end time detected by thread: Config 3: Exp8 1-78
2026-05-04 22:20:23,454 INFO o.a.j.t.JMeterThread: Stopping because end time detected by thread: Config 3: Exp8 1-84
2026-05-04 22:20:23,456 INFO o.a.j.t.JMeterThread: Thread finished: Config 3: Exp8 1-84
2026-05-04 22:20:23,454 INFO o.a.j.t.JMeterThread: Stopping because end time detected by thread: Config 3: Exp8 1-435
2026-05-04 22:20:23,454 INFO o.a.j.t.JMeterThread: Stopping because end time detected by thread: Config 3: Exp8 1-120
2026-05-04 22:20:23,454 INFO o.a.j.t.JMeterThread: Stopping because end time detected by thread: Config 3: Exp8 1-108
2026-05-04 22:20:23,456 INFO o.a.j.t.JMeterThread: Thread finished: Config 3: Exp8 1-120
2026-05-04 22:20:23,454 INFO o.a.j.t.JMeterThread: Stopping because end time detected by thread: Config 3: Exp8 1-124
2026-05-04 22:20:23,454 INFO o.a.j.t.JMeterThread: Thread finished: Config 3: Exp8 1-432
2026-05-04 22:20:23,456 INFO o.a.j.t.JMeterThread: Thread finished: Config 3: Exp8 1-124
2026-05-04 22:20:23,454 INFO o.a.j.t.JMeterThread: Thread finished: Config 3: Exp8 1-434
2026-05-04 22:20:23,454 INFO o.a.j.t.JMeterThread: Stopping because end time detected by thread: Config 3: Exp8 1-431
2026-05-04 22:20:23,454 INFO o.a.j.t.JMeterThread: Stopping because end time detected by thread: Config 3: Exp8 1-433
2026-05-04 22:20:23,454 INFO o.a.j.t.JMeterThread: Stopping because end time detected by thread: Config 3: Exp8 1-428
2026-05-04 22:20:23,456 INFO o.a.j.t.JMeterThread: Thread finished: Config 3: Exp8 1-433
2026-05-04 22:20:23,454 INFO o.a.j.t.JMeterThread: Thread finished: Config 3: Exp8 1-353
2026-05-04 22:20:23,454 INFO o.a.j.t.JMeterThread: Stopping because end time detected by thread: Config 3: Exp8 1-427
2026-05-04 22:20:23,456 INFO o.a.j.t.JMeterThread: Thread finished: Config 3: Exp8 1-428
2026-05-04 22:20:23,454 INFO o.a.j.t.JMeterThread: Stopping because end time detected by thread: Config 3: Exp8 1-430
2026-05-04 22:20:23,457 INFO o.a.j.t.JMeterThread: Thread finished: Config 3: Exp8 1-430
2026-05-04 22:20:23,457 INFO o.a.j.t.JMeterThread: Thread finished: Config 3: Exp8 1-429
2026-05-04 22:20:23,454 INFO o.a.j.t.JMeterThread: Stopping because end time detected by thread: Config 3: Exp8 1-173
2026-05-04 22:20:23,457 INFO o.a.j.t.JMeterThread: Thread finished: Config 3: Exp8 1-39
2026-05-04 22:20:23,456 INFO o.a.j.t.JMeterThread: Thread finished: Config 3: Exp8 1-431
2026-05-04 22:20:23,457 INFO o.a.j.t.JMeterThread: Thread finished: Config 3: Exp8 1-427
2026-05-04 22:20:23,456 INFO o.a.j.t.JMeterThread: Thread finished: Config 3: Exp8 1-215
2026-05-04 22:20:23,456 INFO o.a.j.t.JMeterThread: Thread finished: Config 3: Exp8 1-435
2026-05-04 22:20:23,456 INFO o.a.j.t.JMeterThread: Thread finished: Config 3: Exp8 1-78
2026-05-04 22:20:23,457 INFO o.a.j.t.JMeterThread: Thread finished: Config 3: Exp8 1-108
2026-05-04 22:20:23,457 INFO o.a.j.t.JMeterThread: Thread finished: Config 3: Exp8 1-173
2026-05-04 22:20:23,469 INFO o.a.j.t.JMeterThread: Stopping because end time detected by thread: Config 3: Exp8 1-232
2026-05-04 22:20:23,469 INFO o.a.j.t.JMeterThread: Thread finished: Config 3: Exp8 1-232
2026-05-04 22:20:23,469 INFO o.a.j.t.JMeterThread: Stopping because end time detected by thread: Config 3: Exp8 1-233
2026-05-04 22:20:23,469 INFO o.a.j.t.JMeterThread: Stopping because end time detected by thread: Config 3: Exp8 1-38
2026-05-04 22:20:23,469 INFO o.a.j.t.JMeterThread: Stopping because end time detected by thread: Config 3: Exp8 1-214
2026-05-04 22:20:23,469 INFO o.a.j.t.JMeterThread: Stopping because end time detected by thread: Config 3: Exp8 1-315
2026-05-04 22:20:23,469 INFO o.a.j.t.JMeterThread: Thread finished: Config 3: Exp8 1-315
2026-05-04 22:20:23,469 INFO o.a.j.t.JMeterThread: Thread finished: Config 3: Exp8 1-233
2026-05-04 22:20:23,469 INFO o.a.j.t.JMeterThread: Stopping because end time detected by thread: Config 3: Exp8 1-354
2026-05-04 22:20:23,469 INFO o.a.j.t.JMeterThread: Thread finished: Config 3: Exp8 1-214
2026-05-04 22:20:23,470 INFO o.a.j.t.JMeterThread: Thread finished: Config 3: Exp8 1-354
2026-05-04 22:20:23,470 INFO o.a.j.t.JMeterThread: Stopping because end time detected by thread: Config 3: Exp8 1-437
2026-05-04 22:20:23,470 INFO o.a.j.t.JMeterThread: Stopping because end time detected by thread: Config 3: Exp8 1-436
2026-05-04 22:20:23,470 INFO o.a.j.t.JMeterThread: Thread finished: Config 3: Exp8 1-437
2026-05-04 22:20:23,469 INFO o.a.j.t.JMeterThread: Thread finished: Config 3: Exp8 1-38
2026-05-04 22:20:23,470 INFO o.a.j.t.JMeterThread: Stopping because end time detected by thread: Config 3: Exp8 1-294
2026-05-04 22:20:23,470 INFO o.a.j.t.JMeterThread: Stopping because end time detected by thread: Config 3: Exp8 1-290
2026-05-04 22:20:23,470 INFO o.a.j.t.JMeterThread: Stopping because end time detected by thread: Config 3: Exp8 1-292
2026-05-04 22:20:23,470 INFO o.a.j.t.JMeterThread: Thread finished: Config 3: Exp8 1-290
2026-05-04 22:20:23,470 INFO o.a.j.t.JMeterThread: Thread finished: Config 3: Exp8 1-292
2026-05-04 22:20:23,470 INFO o.a.j.t.JMeterThread: Thread finished: Config 3: Exp8 1-436
2026-05-04 22:20:23,469 INFO o.a.j.t.JMeterThread: Stopping because end time detected by thread: Config 3: Exp8 1-212
2026-05-04 22:20:23,470 INFO o.a.j.t.JMeterThread: Stopping because end time detected by thread: Config 3: Exp8 1-110
2026-05-04 22:20:23,470 INFO o.a.j.t.JMeterThread: Thread finished: Config 3: Exp8 1-212
2026-05-04 22:20:23,470 INFO o.a.j.t.JMeterThread: Thread finished: Config 3: Exp8 1-110
2026-05-04 22:20:23,470 INFO o.a.j.t.JMeterThread: Thread finished: Config 3: Exp8 1-294
2026-05-04 22:20:23,470 INFO o.a.j.t.JMeterThread: Stopping because end time detected by thread: Config 3: Exp8 1-316
2026-05-04 22:20:23,470 INFO o.a.j.t.JMeterThread: Thread finished: Config 3: Exp8 1-316
2026-05-04 22:20:23,470 INFO o.a.j.t.JMeterThread: Stopping because end time detected by thread: Config 3: Exp8 1-213
2026-05-04 22:20:23,470 INFO o.a.j.t.JMeterThread: Stopping because end time detected by thread: Config 3: Exp8 1-260
2026-05-04 22:20:23,471 INFO o.a.j.t.JMeterThread: Stopping because end time detected by thread: Config 3: Exp8 1-24
2026-05-04 22:20:23,471 INFO o.a.j.t.JMeterThread: Stopping because end time detected by thread: Config 3: Exp8 1-318
2026-05-04 22:20:23,471 INFO o.a.j.t.JMeterThread: Thread finished: Config 3: Exp8 1-24
2026-05-04 22:20:23,471 INFO o.a.j.t.JMeterThread: Stopping because end time detected by thread: Config 3: Exp8 1-319
2026-05-04 22:20:23,470 INFO o.a.j.t.JMeterThread: Stopping because end time detected by thread: Config 3: Exp8 1-438
2026-05-04 22:20:23,470 INFO o.a.j.t.JMeterThread: Stopping because end time detected by thread: Config 3: Exp8 1-291
2026-05-04 22:20:23,470 INFO o.a.j.t.JMeterThread: Stopping because end time detected by thread: Config 3: Exp8 1-182
2026-05-04 22:20:23,471 INFO o.a.j.t.JMeterThread: Thread finished: Config 3: Exp8 1-291
2026-05-04 22:20:23,471 INFO o.a.j.t.JMeterThread: Thread finished: Config 3: Exp8 1-182
2026-05-04 22:20:23,471 INFO o.a.j.t.JMeterThread: Stopping because end time detected by thread: Config 3: Exp8 1-14
2026-05-04 22:20:23,471 INFO o.a.j.t.JMeterThread: Thread finished: Config 3: Exp8 1-438
2026-05-04 22:20:23,471 INFO o.a.j.t.JMeterThread: Thread finished: Config 3: Exp8 1-14
2026-05-04 22:20:23,471 INFO o.a.j.t.JMeterThread: Stopping because end time detected by thread: Config 3: Exp8 1-191
2026-05-04 22:20:23,471 INFO o.a.j.t.JMeterThread: Stopping because end time detected by thread: Config 3: Exp8 1-2
2026-05-04 22:20:23,471 INFO o.a.j.t.JMeterThread: Thread finished: Config 3: Exp8 1-191
2026-05-04 22:20:23,471 INFO o.a.j.t.JMeterThread: Thread finished: Config 3: Exp8 1-319
2026-05-04 22:20:23,471 INFO o.a.j.t.JMeterThread: Stopping because end time detected by thread: Config 3: Exp8 1-185
2026-05-04 22:20:23,472 INFO o.a.j.t.JMeterThread: Thread finished: Config 3: Exp8 1-2
2026-05-04 22:20:23,472 INFO o.a.j.t.JMeterThread: Thread finished: Config 3: Exp8 1-185
2026-05-04 22:20:23,471 INFO o.a.j.t.JMeterThread: Thread finished: Config 3: Exp8 1-318
2026-05-04 22:20:23,471 INFO o.a.j.t.JMeterThread: Thread finished: Config 3: Exp8 1-260
2026-05-04 22:20:23,470 INFO o.a.j.t.JMeterThread: Thread finished: Config 3: Exp8 1-213
2026-05-04 22:20:23,470 INFO o.a.j.t.JMeterThread: Stopping because end time detected by thread: Config 3: Exp8 1-186
2026-05-04 22:20:23,470 INFO o.a.j.t.JMeterThread: Stopping because end time detected by thread: Config 3: Exp8 1-9
2026-05-04 22:20:23,472 INFO o.a.j.t.JMeterThread: Thread finished: Config 3: Exp8 1-186
2026-05-04 22:20:23,472 INFO o.a.j.t.JMeterThread: Thread finished: Config 3: Exp8 1-9
2026-05-04 22:20:23,470 INFO o.a.j.t.JMeterThread: Stopping because end time detected by thread: Config 3: Exp8 1-183
2026-05-04 22:20:23,472 INFO o.a.j.t.JMeterThread: Thread finished: Config 3: Exp8 1-183
2026-05-04 22:20:23,470 INFO o.a.j.t.JMeterThread: Stopping because end time detected by thread: Config 3: Exp8 1-157
2026-05-04 22:20:23,473 INFO o.a.j.t.JMeterThread: Thread finished: Config 3: Exp8 1-157
2026-05-04 22:20:24,371 INFO o.a.j.t.JMeterThread: Stopping because end time detected by thread: Config 3: Exp8 1-452
2026-05-04 22:20:24,371 INFO o.a.j.t.JMeterThread: Thread finished: Config 3: Exp8 1-452
2026-05-04 22:20:24,371 INFO o.a.j.t.JMeterThread: Stopping because end time detected by thread: Config 3: Exp8 1-451
2026-05-04 22:20:24,371 INFO o.a.j.t.JMeterThread: Thread finished: Config 3: Exp8 1-451
2026-05-04 22:20:24,372 INFO o.a.j.t.JMeterThread: Stopping because end time detected by thread: Config 3: Exp8 1-100
2026-05-04 22:20:24,372 INFO o.a.j.t.JMeterThread: Stopping because end time detected by thread: Config 3: Exp8 1-117
2026-05-04 22:20:24,372 INFO o.a.j.t.JMeterThread: Stopping because end time detected by thread: Config 3: Exp8 1-462
2026-05-04 22:20:24,372 INFO o.a.j.t.JMeterThread: Stopping because end time detected by thread: Config 3: Exp8 1-456
2026-05-04 22:20:24,372 INFO o.a.j.t.JMeterThread: Stopping because end time detected by thread: Config 3: Exp8 1-461
2026-05-04 22:20:24,372 INFO o.a.j.t.JMeterThread: Stopping because end time detected by thread: Config 3: Exp8 1-469
2026-05-04 22:20:24,372 INFO o.a.j.t.JMeterThread: Thread finished: Config 3: Exp8 1-461
2026-05-04 22:20:24,372 INFO o.a.j.t.JMeterThread: Thread finished: Config 3: Exp8 1-469
2026-05-04 22:20:24,372 INFO o.a.j.t.JMeterThread: Thread finished: Config 3: Exp8 1-100
2026-05-04 22:20:24,372 INFO o.a.j.t.JMeterThread: Stopping because end time detected by thread: Config 3: Exp8 1-459
2026-05-04 22:20:24,372 INFO o.a.j.t.JMeterThread: Stopping because end time detected by thread: Config 3: Exp8 1-471
2026-05-04 22:20:24,372 INFO o.a.j.t.JMeterThread: Thread finished: Config 3: Exp8 1-471
2026-05-04 22:20:24,372 INFO o.a.j.t.JMeterThread: Stopping because end time detected by thread: Config 3: Exp8 1-341
2026-05-04 22:20:24,372 INFO o.a.j.t.JMeterThread: Stopping because end time detected by thread: Config 3: Exp8 1-460
2026-05-04 22:20:24,372 INFO o.a.j.t.JMeterThread: Stopping because end time detected by thread: Config 3: Exp8 1-472
2026-05-04 22:20:24,372 INFO o.a.j.t.JMeterThread: Stopping because end time detected by thread: Config 3: Exp8 1-389
2026-05-04 22:20:24,372 INFO o.a.j.t.JMeterThread: Stopping because end time detected by thread: Config 3: Exp8 1-390
2026-05-04 22:20:24,372 INFO o.a.j.t.JMeterThread: Stopping because end time detected by thread: Config 3: Exp8 1-388
2026-05-04 22:20:24,372 INFO o.a.j.t.JMeterThread: Stopping because end time detected by thread: Config 3: Exp8 1-463
2026-05-04 22:20:24,372 INFO o.a.j.t.JMeterThread: Stopping because end time detected by thread: Config 3: Exp8 1-394
2026-05-04 22:20:24,372 INFO o.a.j.t.JMeterThread: Thread finished: Config 3: Exp8 1-389
2026-05-04 22:20:24,372 INFO o.a.j.t.JMeterThread: Thread finished: Config 3: Exp8 1-394
2026-05-04 22:20:24,372 INFO o.a.j.t.JMeterThread: Stopping because end time detected by thread: Config 3: Exp8 1-392
2026-05-04 22:20:24,372 INFO o.a.j.t.JMeterThread: Thread finished: Config 3: Exp8 1-472
2026-05-04 22:20:24,372 INFO o.a.j.t.JMeterThread: Thread finished: Config 3: Exp8 1-341
2026-05-04 22:20:24,372 INFO o.a.j.t.JMeterThread: Thread finished: Config 3: Exp8 1-390
2026-05-04 22:20:24,372 INFO o.a.j.t.JMeterThread: Thread finished: Config 3: Exp8 1-459
2026-05-04 22:20:24,372 INFO o.a.j.t.JMeterThread: Thread finished: Config 3: Exp8 1-460
2026-05-04 22:20:24,372 INFO o.a.j.t.JMeterThread: Stopping because end time detected by thread: Config 3: Exp8 1-344
2026-05-04 22:20:24,372 INFO o.a.j.t.JMeterThread: Stopping because end time detected by thread: Config 3: Exp8 1-468
2026-05-04 22:20:24,372 INFO o.a.j.t.JMeterThread: Stopping because end time detected by thread: Config 3: Exp8 1-345
2026-05-04 22:20:24,372 INFO o.a.j.t.JMeterThread: Thread finished: Config 3: Exp8 1-468
2026-05-04 22:20:24,372 INFO o.a.j.t.JMeterThread: Thread finished: Config 3: Exp8 1-344
2026-05-04 22:20:24,372 INFO o.a.j.t.JMeterThread: Stopping because end time detected by thread: Config 3: Exp8 1-470
2026-05-04 22:20:24,372 INFO o.a.j.t.JMeterThread: Stopping because end time detected by thread: Config 3: Exp8 1-458
2026-05-04 22:20:24,372 INFO o.a.j.t.JMeterThread: Thread finished: Config 3: Exp8 1-470
2026-05-04 22:20:24,372 INFO o.a.j.t.JMeterThread: Stopping because end time detected by thread: Config 3: Exp8 1-467
2026-05-04 22:20:24,372 INFO o.a.j.t.JMeterThread: Stopping because end time detected by thread: Config 3: Exp8 1-457
2026-05-04 22:20:24,372 INFO o.a.j.t.JMeterThread: Thread finished: Config 3: Exp8 1-467
2026-05-04 22:20:24,372 INFO o.a.j.t.JMeterThread: Thread finished: Config 3: Exp8 1-456
2026-05-04 22:20:24,372 INFO o.a.j.t.JMeterThread: Stopping because end time detected by thread: Config 3: Exp8 1-466
2026-05-04 22:20:24,372 INFO o.a.j.t.JMeterThread: Stopping because end time detected by thread: Config 3: Exp8 1-465
2026-05-04 22:20:24,372 INFO o.a.j.t.JMeterThread: Thread finished: Config 3: Exp8 1-466
2026-05-04 22:20:24,372 INFO o.a.j.t.JMeterThread: Thread finished: Config 3: Exp8 1-462
2026-05-04 22:20:24,372 INFO o.a.j.t.JMeterThread: Stopping because end time detected by thread: Config 3: Exp8 1-464
2026-05-04 22:20:24,372 INFO o.a.j.t.JMeterThread: Thread finished: Config 3: Exp8 1-457
2026-05-04 22:20:24,372 INFO o.a.j.t.JMeterThread: Thread finished: Config 3: Exp8 1-464
2026-05-04 22:20:24,372 INFO o.a.j.t.JMeterThread: Thread finished: Config 3: Exp8 1-465
2026-05-04 22:20:24,372 INFO o.a.j.t.JMeterThread: Thread finished: Config 3: Exp8 1-458
2026-05-04 22:20:24,373 INFO o.a.j.t.JMeterThread: Thread finished: Config 3: Exp8 1-345
2026-05-04 22:20:24,372 INFO o.a.j.t.JMeterThread: Thread finished: Config 3: Exp8 1-392
2026-05-04 22:20:24,372 INFO o.a.j.t.JMeterThread: Stopping because end time detected by thread: Config 3: Exp8 1-393
2026-05-04 22:20:24,372 INFO o.a.j.t.JMeterThread: Stopping because end time detected by thread: Config 3: Exp8 1-395
2026-05-04 22:20:24,372 INFO o.a.j.t.JMeterThread: Thread finished: Config 3: Exp8 1-463
2026-05-04 22:20:24,373 INFO o.a.j.t.JMeterThread: Thread finished: Config 3: Exp8 1-395
2026-05-04 22:20:24,372 INFO o.a.j.t.JMeterThread: Stopping because end time detected by thread: Config 3: Exp8 1-391
2026-05-04 22:20:24,372 INFO o.a.j.t.JMeterThread: Thread finished: Config 3: Exp8 1-388
2026-05-04 22:20:24,373 INFO o.a.j.t.JMeterThread: Thread finished: Config 3: Exp8 1-391
2026-05-04 22:20:24,372 INFO o.a.j.t.JMeterThread: Thread finished: Config 3: Exp8 1-117
2026-05-04 22:20:24,373 INFO o.a.j.t.JMeterThread: Thread finished: Config 3: Exp8 1-393
2026-05-04 22:20:24,389 INFO o.a.j.t.JMeterThread: Stopping because end time detected by thread: Config 3: Exp8 1-329
2026-05-04 22:20:24,389 INFO o.a.j.t.JMeterThread: Stopping because end time detected by thread: Config 3: Exp8 1-75
2026-05-04 22:20:24,389 INFO o.a.j.t.JMeterThread: Thread finished: Config 3: Exp8 1-329
2026-05-04 22:20:24,389 INFO o.a.j.t.JMeterThread: Thread finished: Config 3: Exp8 1-75
2026-05-04 22:20:24,390 INFO o.a.j.t.JMeterThread: Stopping because end time detected by thread: Config 3: Exp8 1-271
2026-05-04 22:20:24,390 INFO o.a.j.t.JMeterThread: Stopping because end time detected by thread: Config 3: Exp8 1-382
2026-05-04 22:20:24,390 INFO o.a.j.t.JMeterThread: Thread finished: Config 3: Exp8 1-271
2026-05-04 22:20:24,390 INFO o.a.j.t.JMeterThread: Thread finished: Config 3: Exp8 1-382
2026-05-04 22:20:24,391 INFO o.a.j.t.JMeterThread: Stopping because end time detected by thread: Config 3: Exp8 1-263
2026-05-04 22:20:24,391 INFO o.a.j.t.JMeterThread: Thread finished: Config 3: Exp8 1-263
2026-05-04 22:20:24,391 INFO o.a.j.t.JMeterThread: Stopping because end time detected by thread: Config 3: Exp8 1-275
2026-05-04 22:20:24,391 INFO o.a.j.t.JMeterThread: Stopping because end time detected by thread: Config 3: Exp8 1-265
2026-05-04 22:20:24,391 INFO o.a.j.t.JMeterThread: Stopping because end time detected by thread: Config 3: Exp8 1-322
2026-05-04 22:20:24,391 INFO o.a.j.t.JMeterThread: Thread finished: Config 3: Exp8 1-275
2026-05-04 22:20:24,391 INFO o.a.j.t.JMeterThread: Thread finished: Config 3: Exp8 1-322
2026-05-04 22:20:24,391 INFO o.a.j.t.JMeterThread: Thread finished: Config 3: Exp8 1-265
2026-05-04 22:20:24,391 INFO o.a.j.t.JMeterThread: Stopping because end time detected by thread: Config 3: Exp8 1-321
2026-05-04 22:20:24,391 INFO o.a.j.t.JMeterThread: Thread finished: Config 3: Exp8 1-321
2026-05-04 22:20:24,391 INFO o.a.j.t.JMeterThread: Stopping because end time detected by thread: Config 3: Exp8 1-139
2026-05-04 22:20:24,391 INFO o.a.j.t.JMeterThread: Thread finished: Config 3: Exp8 1-139
2026-05-04 22:20:24,391 INFO o.a.j.t.JMeterThread: Stopping because end time detected by thread: Config 3: Exp8 1-272
2026-05-04 22:20:24,391 INFO o.a.j.t.JMeterThread: Thread finished: Config 3: Exp8 1-272
2026-05-04 22:20:24,392 INFO o.a.j.t.JMeterThread: Stopping because end time detected by thread: Config 3: Exp8 1-90
2026-05-04 22:20:24,392 INFO o.a.j.t.JMeterThread: Stopping because end time detected by thread: Config 3: Exp8 1-330
2026-05-04 22:20:24,392 INFO o.a.j.t.JMeterThread: Thread finished: Config 3: Exp8 1-90
2026-05-04 22:20:24,392 INFO o.a.j.t.JMeterThread: Stopping because end time detected by thread: Config 3: Exp8 1-387
2026-05-04 22:20:24,392 INFO o.a.j.t.JMeterThread: Thread finished: Config 3: Exp8 1-387
2026-05-04 22:20:24,392 INFO o.a.j.t.JMeterThread: Thread finished: Config 3: Exp8 1-330
2026-05-04 22:20:24,394 INFO o.a.j.t.JMeterThread: Stopping because end time detected by thread: Config 3: Exp8 1-328
2026-05-04 22:20:24,394 INFO o.a.j.t.JMeterThread: Thread finished: Config 3: Exp8 1-328
2026-05-04 22:20:24,394 INFO o.a.j.t.JMeterThread: Stopping because end time detected by thread: Config 3: Exp8 1-383
2026-05-04 22:20:24,394 INFO o.a.j.t.JMeterThread: Thread finished: Config 3: Exp8 1-383
2026-05-04 22:20:24,394 INFO o.a.j.t.JMeterThread: Stopping because end time detected by thread: Config 3: Exp8 1-46
2026-05-04 22:20:24,394 INFO o.a.j.t.JMeterThread: Thread finished: Config 3: Exp8 1-46
2026-05-04 22:20:24,394 INFO o.a.j.t.JMeterThread: Stopping because end time detected by thread: Config 3: Exp8 1-138
2026-05-04 22:20:24,394 INFO o.a.j.t.JMeterThread: Thread finished: Config 3: Exp8 1-138
2026-05-04 22:20:24,394 INFO o.a.j.t.JMeterThread: Stopping because end time detected by thread: Config 3: Exp8 1-144
2026-05-04 22:20:24,394 INFO o.a.j.t.JMeterThread: Stopping because end time detected by thread: Config 3: Exp8 1-266
2026-05-04 22:20:24,394 INFO o.a.j.t.JMeterThread: Stopping because end time detected by thread: Config 3: Exp8 1-386
2026-05-04 22:20:24,394 INFO o.a.j.t.JMeterThread: Stopping because end time detected by thread: Config 3: Exp8 1-385
2026-05-04 22:20:24,394 INFO o.a.j.t.JMeterThread: Thread finished: Config 3: Exp8 1-266
2026-05-04 22:20:24,394 INFO o.a.j.t.JMeterThread: Stopping because end time detected by thread: Config 3: Exp8 1-357
2026-05-04 22:20:24,394 INFO o.a.j.t.JMeterThread: Thread finished: Config 3: Exp8 1-357
2026-05-04 22:20:24,394 INFO o.a.j.t.JMeterThread: Stopping because end time detected by thread: Config 3: Exp8 1-440
2026-05-04 22:20:24,395 INFO o.a.j.t.JMeterThread: Thread finished: Config 3: Exp8 1-440
2026-05-04 22:20:24,394 INFO o.a.j.t.JMeterThread: Stopping because end time detected by thread: Config 3: Exp8 1-71
2026-05-04 22:20:24,394 INFO o.a.j.t.JMeterThread: Stopping because end time detected by thread: Config 3: Exp8 1-358
2026-05-04 22:20:24,395 INFO o.a.j.t.JMeterThread: Stopping because end time detected by thread: Config 3: Exp8 1-273
2026-05-04 22:20:24,395 INFO o.a.j.t.JMeterThread: Stopping because end time detected by thread: Config 3: Exp8 1-140
2026-05-04 22:20:24,394 INFO o.a.j.t.JMeterThread: Stopping because end time detected by thread: Config 3: Exp8 1-331
2026-05-04 22:20:24,395 INFO o.a.j.t.JMeterThread: Stopping because end time detected by thread: Config 3: Exp8 1-190
2026-05-04 22:20:24,395 INFO o.a.j.t.JMeterThread: Stopping because end time detected by thread: Config 3: Exp8 1-439
2026-05-04 22:20:24,394 INFO o.a.j.t.JMeterThread: Stopping because end time detected by thread: Config 3: Exp8 1-320
2026-05-04 22:20:24,395 INFO o.a.j.t.JMeterThread: Thread finished: Config 3: Exp8 1-439
2026-05-04 22:20:24,395 INFO o.a.j.t.JMeterThread: Stopping because end time detected by thread: Config 3: Exp8 1-384
2026-05-04 22:20:24,395 INFO o.a.j.t.JMeterThread: Thread finished: Config 3: Exp8 1-384
2026-05-04 22:20:24,394 INFO o.a.j.t.JMeterThread: Thread finished: Config 3: Exp8 1-386
2026-05-04 22:20:24,395 INFO o.a.j.t.JMeterThread: Thread finished: Config 3: Exp8 1-385
2026-05-04 22:20:24,395 INFO o.a.j.t.JMeterThread: Stopping because end time detected by thread: Config 3: Exp8 1-274
2026-05-04 22:20:24,395 INFO o.a.j.t.JMeterThread: Thread finished: Config 3: Exp8 1-190
2026-05-04 22:20:24,395 INFO o.a.j.t.JMeterThread: Thread finished: Config 3: Exp8 1-140
2026-05-04 22:20:24,395 INFO o.a.j.t.JMeterThread: Thread finished: Config 3: Exp8 1-331
2026-05-04 22:20:24,395 INFO o.a.j.t.JMeterThread: Thread finished: Config 3: Exp8 1-273
2026-05-04 22:20:24,395 INFO o.a.j.t.JMeterThread: Thread finished: Config 3: Exp8 1-71
2026-05-04 22:20:24,395 INFO o.a.j.t.JMeterThread: Thread finished: Config 3: Exp8 1-358
2026-05-04 22:20:24,395 INFO o.a.j.t.JMeterThread: Stopping because end time detected by thread: Config 3: Exp8 1-264
2026-05-04 22:20:24,395 INFO o.a.j.t.JMeterThread: Thread finished: Config 3: Exp8 1-320
2026-05-04 22:20:24,395 INFO o.a.j.t.JMeterThread: Thread finished: Config 3: Exp8 1-264
2026-05-04 22:20:24,395 INFO o.a.j.t.JMeterThread: Thread finished: Config 3: Exp8 1-274
2026-05-04 22:20:24,395 INFO o.a.j.t.JMeterThread: Thread finished: Config 3: Exp8 1-144
2026-05-04 22:20:24,395 INFO o.a.j.t.JMeterThread: Stopping because end time detected by thread: Config 3: Exp8 1-441
2026-05-04 22:20:24,395 INFO o.a.j.t.JMeterThread: Stopping because end time detected by thread: Config 3: Exp8 1-355
2026-05-04 22:20:24,396 INFO o.a.j.t.JMeterThread: Thread finished: Config 3: Exp8 1-441
2026-05-04 22:20:24,395 INFO o.a.j.t.JMeterThread: Stopping because end time detected by thread: Config 3: Exp8 1-356
2026-05-04 22:20:24,396 INFO o.a.j.t.JMeterThread: Thread finished: Config 3: Exp8 1-355
2026-05-04 22:20:24,396 INFO o.a.j.t.JMeterThread: Thread finished: Config 3: Exp8 1-356
2026-05-04 22:20:24,396 INFO o.a.j.t.JMeterThread: Stopping because end time detected by thread: Config 3: Exp8 1-442
2026-05-04 22:20:24,396 INFO o.a.j.t.JMeterThread: Stopping because end time detected by thread: Config 3: Exp8 1-360
2026-05-04 22:20:24,396 INFO o.a.j.t.JMeterThread: Thread finished: Config 3: Exp8 1-442
2026-05-04 22:20:24,396 INFO o.a.j.t.JMeterThread: Stopping because end time detected by thread: Config 3: Exp8 1-359
2026-05-04 22:20:24,396 INFO o.a.j.t.JMeterThread: Thread finished: Config 3: Exp8 1-359
2026-05-04 22:20:24,396 INFO o.a.j.t.JMeterThread: Thread finished: Config 3: Exp8 1-360
2026-05-04 22:20:24,606 INFO o.a.j.t.JMeterThread: Stopping because end time detected by thread: Config 3: Exp8 1-361
2026-05-04 22:20:24,606 INFO o.a.j.t.JMeterThread: Stopping because end time detected by thread: Config 3: Exp8 1-443
2026-05-04 22:20:24,606 INFO o.a.j.t.JMeterThread: Thread finished: Config 3: Exp8 1-443
2026-05-04 22:20:24,606 INFO o.a.j.t.JMeterThread: Stopping because end time detected by thread: Config 3: Exp8 1-362
2026-05-04 22:20:24,606 INFO o.a.j.t.JMeterThread: Thread finished: Config 3: Exp8 1-362
2026-05-04 22:20:24,606 INFO o.a.j.t.JMeterThread: Thread finished: Config 3: Exp8 1-361
2026-05-04 22:20:24,607 INFO o.a.j.t.JMeterThread: Stopping because end time detected by thread: Config 3: Exp8 1-364
2026-05-04 22:20:24,607 INFO o.a.j.t.JMeterThread: Stopping because end time detected by thread: Config 3: Exp8 1-304
2026-05-04 22:20:24,607 INFO o.a.j.t.JMeterThread: Thread finished: Config 3: Exp8 1-364
2026-05-04 22:20:24,607 INFO o.a.j.t.JMeterThread: Thread finished: Config 3: Exp8 1-304
2026-05-04 22:20:24,608 INFO o.a.j.t.JMeterThread: Stopping because end time detected by thread: Config 3: Exp8 1-83
2026-05-04 22:20:24,608 INFO o.a.j.t.JMeterThread: Thread finished: Config 3: Exp8 1-83
2026-05-04 22:20:24,608 INFO o.a.j.t.JMeterThread: Stopping because end time detected by thread: Config 3: Exp8 1-81
2026-05-04 22:20:24,608 INFO o.a.j.t.JMeterThread: Thread finished: Config 3: Exp8 1-81
2026-05-04 22:20:24,608 INFO o.a.j.t.JMeterThread: Stopping because end time detected by thread: Config 3: Exp8 1-363
2026-05-04 22:20:24,608 INFO o.a.j.t.JMeterThread: Thread finished: Config 3: Exp8 1-363
2026-05-04 22:20:24,608 INFO o.a.j.t.JMeterThread: Stopping because end time detected by thread: Config 3: Exp8 1-367
2026-05-04 22:20:24,608 INFO o.a.j.t.JMeterThread: Thread finished: Config 3: Exp8 1-367
2026-05-04 22:20:24,609 INFO o.a.j.t.JMeterThread: Stopping because end time detected by thread: Config 3: Exp8 1-126
2026-05-04 22:20:24,609 INFO o.a.j.t.JMeterThread: Thread finished: Config 3: Exp8 1-126
2026-05-04 22:20:24,609 INFO o.a.j.t.JMeterThread: Stopping because end time detected by thread: Config 3: Exp8 1-445
2026-05-04 22:20:24,609 INFO o.a.j.t.JMeterThread: Thread finished: Config 3: Exp8 1-445
2026-05-04 22:20:24,609 INFO o.a.j.t.JMeterThread: Stopping because end time detected by thread: Config 3: Exp8 1-305
2026-05-04 22:20:24,609 INFO o.a.j.t.JMeterThread: Thread finished: Config 3: Exp8 1-305
2026-05-04 22:20:24,609 INFO o.a.j.t.JMeterThread: Stopping because end time detected by thread: Config 3: Exp8 1-444
2026-05-04 22:20:24,609 INFO o.a.j.t.JMeterThread: Stopping because end time detected by thread: Config 3: Exp8 1-368
2026-05-04 22:20:24,609 INFO o.a.j.t.JMeterThread: Stopping because end time detected by thread: Config 3: Exp8 1-449
2026-05-04 22:20:24,609 INFO o.a.j.t.JMeterThread: Thread finished: Config 3: Exp8 1-449
2026-05-04 22:20:24,609 INFO o.a.j.t.JMeterThread: Stopping because end time detected by thread: Config 3: Exp8 1-365
2026-05-04 22:20:24,609 INFO o.a.j.t.JMeterThread: Thread finished: Config 3: Exp8 1-365
2026-05-04 22:20:24,609 INFO o.a.j.t.JMeterThread: Stopping because end time detected by thread: Config 3: Exp8 1-446
2026-05-04 22:20:24,609 INFO o.a.j.t.JMeterThread: Stopping because end time detected by thread: Config 3: Exp8 1-82
2026-05-04 22:20:24,609 INFO o.a.j.t.JMeterThread: Thread finished: Config 3: Exp8 1-82
2026-05-04 22:20:24,609 INFO o.a.j.t.JMeterThread: Stopping because end time detected by thread: Config 3: Exp8 1-366
2026-05-04 22:20:24,609 INFO o.a.j.t.JMeterThread: Thread finished: Config 3: Exp8 1-368
2026-05-04 22:20:24,609 INFO o.a.j.t.JMeterThread: Thread finished: Config 3: Exp8 1-366
2026-05-04 22:20:24,609 INFO o.a.j.t.JMeterThread: Stopping because end time detected by thread: Config 3: Exp8 1-448
2026-05-04 22:20:24,609 INFO o.a.j.t.JMeterThread: Thread finished: Config 3: Exp8 1-448
2026-05-04 22:20:24,609 INFO o.a.j.t.JMeterThread: Stopping because end time detected by thread: Config 3: Exp8 1-447
2026-05-04 22:20:24,609 INFO o.a.j.t.JMeterThread: Thread finished: Config 3: Exp8 1-444
2026-05-04 22:20:24,609 INFO o.a.j.t.JMeterThread: Thread finished: Config 3: Exp8 1-446
2026-05-04 22:20:24,609 INFO o.a.j.t.JMeterThread: Thread finished: Config 3: Exp8 1-447
2026-05-04 22:20:26,283 INFO o.a.j.t.JMeterThread: Stopping because end time detected by thread: Config 3: Exp8 1-313
2026-05-04 22:20:26,284 INFO o.a.j.t.JMeterThread: Stopping because end time detected by thread: Config 3: Exp8 1-312
2026-05-04 22:20:26,284 INFO o.a.j.t.JMeterThread: Stopping because end time detected by thread: Config 3: Exp8 1-189
2026-05-04 22:20:26,284 INFO o.a.j.t.JMeterThread: Stopping because end time detected by thread: Config 3: Exp8 1-311
2026-05-04 22:20:26,284 INFO o.a.j.t.JMeterThread: Thread finished: Config 3: Exp8 1-189
2026-05-04 22:20:26,284 INFO o.a.j.t.JMeterThread: Stopping because end time detected by thread: Config 3: Exp8 1-184
2026-05-04 22:20:26,284 INFO o.a.j.t.JMeterThread: Stopping because end time detected by thread: Config 3: Exp8 1-306
2026-05-04 22:20:26,284 INFO o.a.j.t.JMeterThread: Stopping because end time detected by thread: Config 3: Exp8 1-223
2026-05-04 22:20:26,284 INFO o.a.j.t.JMeterThread: Stopping because end time detected by thread: Config 3: Exp8 1-36
2026-05-04 22:20:26,284 INFO o.a.j.t.JMeterThread: Thread finished: Config 3: Exp8 1-223
2026-05-04 22:20:26,284 INFO o.a.j.t.JMeterThread: Stopping because end time detected by thread: Config 3: Exp8 1-228
2026-05-04 22:20:26,284 INFO o.a.j.t.JMeterThread: Stopping because end time detected by thread: Config 3: Exp8 1-225
2026-05-04 22:20:26,284 INFO o.a.j.t.JMeterThread: Thread finished: Config 3: Exp8 1-225
2026-05-04 22:20:26,284 INFO o.a.j.t.JMeterThread: Stopping because end time detected by thread: Config 3: Exp8 1-65
2026-05-04 22:20:26,283 INFO o.a.j.t.JMeterThread: Stopping because end time detected by thread: Config 3: Exp8 1-187
2026-05-04 22:20:26,284 INFO o.a.j.t.JMeterThread: Thread finished: Config 3: Exp8 1-65
2026-05-04 22:20:26,284 INFO o.a.j.t.JMeterThread: Stopping because end time detected by thread: Config 3: Exp8 1-227
2026-05-04 22:20:26,284 INFO o.a.j.t.JMeterThread: Stopping because end time detected by thread: Config 3: Exp8 1-308
2026-05-04 22:20:26,284 INFO o.a.j.t.JMeterThread: Stopping because end time detected by thread: Config 3: Exp8 1-37
2026-05-04 22:20:26,283 INFO o.a.j.t.JMeterThread: Stopping because end time detected by thread: Config 3: Exp8 1-226
2026-05-04 22:20:26,284 INFO o.a.j.t.JMeterThread: Thread finished: Config 3: Exp8 1-37
2026-05-04 22:20:26,284 INFO o.a.j.t.JMeterThread: Stopping because end time detected by thread: Config 3: Exp8 1-177
2026-05-04 22:20:26,283 INFO o.a.j.t.JMeterThread: Stopping because end time detected by thread: Config 3: Exp8 1-307
2026-05-04 22:20:26,285 INFO o.a.j.t.JMeterThread: Stopping because end time detected by thread: Config 3: Exp8 1-27
2026-05-04 22:20:26,283 INFO o.a.j.t.JMeterThread: Stopping because end time detected by thread: Config 3: Exp8 1-209
2026-05-04 22:20:26,285 INFO o.a.j.t.JMeterThread: Thread finished: Config 3: Exp8 1-27
2026-05-04 22:20:26,283 INFO o.a.j.t.JMeterThread: Stopping because end time detected by thread: Config 3: Exp8 1-208
2026-05-04 22:20:26,285 INFO o.a.j.t.JMeterThread: Stopping because end time detected by thread: Config 3: Exp8 1-211
2026-05-04 22:20:26,285 INFO o.a.j.t.JMeterThread: Thread finished: Config 3: Exp8 1-208
2026-05-04 22:20:26,285 INFO o.a.j.t.JMeterThread: Thread finished: Config 3: Exp8 1-211
2026-05-04 22:20:26,285 INFO o.a.j.t.JMeterThread: Thread finished: Config 3: Exp8 1-177
2026-05-04 22:20:26,285 INFO o.a.j.t.JMeterThread: Stopping because end time detected by thread: Config 3: Exp8 1-314
2026-05-04 22:20:26,285 INFO o.a.j.t.JMeterThread: Stopping because end time detected by thread: Config 3: Exp8 1-262
2026-05-04 22:20:26,285 INFO o.a.j.t.JMeterThread: Thread finished: Config 3: Exp8 1-307
2026-05-04 22:20:26,284 INFO o.a.j.t.JMeterThread: Stopping because end time detected by thread: Config 3: Exp8 1-45
2026-05-04 22:20:26,285 INFO o.a.j.t.JMeterThread: Thread finished: Config 3: Exp8 1-209
2026-05-04 22:20:26,285 INFO o.a.j.t.JMeterThread: Thread finished: Config 3: Exp8 1-226
2026-05-04 22:20:26,284 INFO o.a.j.t.JMeterThread: Stopping because end time detected by thread: Config 3: Exp8 1-258
2026-05-04 22:20:26,284 INFO o.a.j.t.JMeterThread: Thread finished: Config 3: Exp8 1-308
2026-05-04 22:20:26,285 INFO o.a.j.t.JMeterThread: Thread finished: Config 3: Exp8 1-258
2026-05-04 22:20:26,284 INFO o.a.j.t.JMeterThread: Thread finished: Config 3: Exp8 1-227
2026-05-04 22:20:26,284 INFO o.a.j.t.JMeterThread: Thread finished: Config 3: Exp8 1-187
2026-05-04 22:20:26,284 INFO o.a.j.t.JMeterThread: Thread finished: Config 3: Exp8 1-228
2026-05-04 22:20:26,285 INFO o.a.j.t.JMeterThread: Stopping because end time detected by thread: Config 3: Exp8 1-370
2026-05-04 22:20:26,285 INFO o.a.j.t.JMeterThread: Thread finished: Config 3: Exp8 1-370
2026-05-04 22:20:26,286 INFO o.a.j.t.JMeterThread: Thread finished: Config 3: Exp8 1-36
2026-05-04 22:20:26,284 INFO o.a.j.t.JMeterThread: Thread finished: Config 3: Exp8 1-306
2026-05-04 22:20:26,284 INFO o.a.j.t.JMeterThread: Stopping because end time detected by thread: Config 3: Exp8 1-52
2026-05-04 22:20:26,284 INFO o.a.j.t.JMeterThread: Thread finished: Config 3: Exp8 1-184
2026-05-04 22:20:26,286 INFO o.a.j.t.JMeterThread: Thread finished: Config 3: Exp8 1-52
2026-05-04 22:20:26,286 INFO o.a.j.t.JMeterThread: Stopping because end time detected by thread: Config 3: Exp8 1-56
2026-05-04 22:20:26,284 INFO o.a.j.t.JMeterThread: Stopping because end time detected by thread: Config 3: Exp8 1-22
2026-05-04 22:20:26,286 INFO o.a.j.t.JMeterThread: Thread finished: Config 3: Exp8 1-56
2026-05-04 22:20:26,284 INFO o.a.j.t.JMeterThread: Stopping because end time detected by thread: Config 3: Exp8 1-8
2026-05-04 22:20:26,284 INFO o.a.j.t.JMeterThread: Stopping because end time detected by thread: Config 3: Exp8 1-210
2026-05-04 22:20:26,286 INFO o.a.j.t.JMeterThread: Stopping because end time detected by thread: Config 3: Exp8 1-57
2026-05-04 22:20:26,286 INFO o.a.j.t.JMeterThread: Stopping because end time detected by thread: Config 3: Exp8 1-41
2026-05-04 22:20:26,286 INFO o.a.j.t.JMeterThread: Thread finished: Config 3: Exp8 1-57
2026-05-04 22:20:26,286 INFO o.a.j.t.JMeterThread: Thread finished: Config 3: Exp8 1-41
2026-05-04 22:20:26,284 INFO o.a.j.t.JMeterThread: Stopping because end time detected by thread: Config 3: Exp8 1-310
2026-05-04 22:20:26,284 INFO o.a.j.t.JMeterThread: Stopping because end time detected by thread: Config 3: Exp8 1-450
2026-05-04 22:20:26,284 INFO o.a.j.t.JMeterThread: Stopping because end time detected by thread: Config 3: Exp8 1-309
2026-05-04 22:20:26,284 INFO o.a.j.t.JMeterThread: Stopping because end time detected by thread: Config 3: Exp8 1-261
2026-05-04 22:20:26,284 INFO o.a.j.t.JMeterThread: Thread finished: Config 3: Exp8 1-312
2026-05-04 22:20:26,286 INFO o.a.j.t.JMeterThread: Thread finished: Config 3: Exp8 1-261
2026-05-04 22:20:26,284 INFO o.a.j.t.JMeterThread: Stopping because end time detected by thread: Config 3: Exp8 1-224
2026-05-04 22:20:26,286 INFO o.a.j.t.JMeterThread: Thread finished: Config 3: Exp8 1-224
2026-05-04 22:20:26,284 INFO o.a.j.t.JMeterThread: Stopping because end time detected by thread: Config 3: Exp8 1-453
2026-05-04 22:20:26,284 INFO o.a.j.t.JMeterThread: Thread finished: Config 3: Exp8 1-313
2026-05-04 22:20:26,286 INFO o.a.j.t.JMeterThread: Thread finished: Config 3: Exp8 1-453
2026-05-04 22:20:26,286 INFO o.a.j.t.JMeterThread: Thread finished: Config 3: Exp8 1-309
2026-05-04 22:20:26,286 INFO o.a.j.t.JMeterThread: Thread finished: Config 3: Exp8 1-450
2026-05-04 22:20:26,286 INFO o.a.j.t.JMeterThread: Thread finished: Config 3: Exp8 1-310
2026-05-04 22:20:26,286 INFO o.a.j.t.JMeterThread: Thread finished: Config 3: Exp8 1-311
2026-05-04 22:20:26,286 INFO o.a.j.t.JMeterThread: Stopping because end time detected by thread: Config 3: Exp8 1-49
2026-05-04 22:20:26,286 INFO o.a.j.t.JMeterThread: Stopping because end time detected by thread: Config 3: Exp8 1-267
2026-05-04 22:20:26,286 INFO o.a.j.t.JMeterThread: Thread finished: Config 3: Exp8 1-210
2026-05-04 22:20:26,287 INFO o.a.j.t.JMeterThread: Thread finished: Config 3: Exp8 1-267
2026-05-04 22:20:26,286 INFO o.a.j.t.JMeterThread: Thread finished: Config 3: Exp8 1-22
2026-05-04 22:20:26,286 INFO o.a.j.t.JMeterThread: Thread finished: Config 3: Exp8 1-8
2026-05-04 22:20:26,286 INFO o.a.j.t.JMeterThread: Stopping because end time detected by thread: Config 3: Exp8 1-43
2026-05-04 22:20:26,285 INFO o.a.j.t.JMeterThread: Stopping because end time detected by thread: Config 3: Exp8 1-53
2026-05-04 22:20:26,285 INFO o.a.j.t.JMeterThread: Thread finished: Config 3: Exp8 1-45
2026-05-04 22:20:26,287 INFO o.a.j.t.JMeterThread: Thread finished: Config 3: Exp8 1-53
2026-05-04 22:20:26,287 INFO o.a.j.t.JMeterThread: Thread finished: Config 3: Exp8 1-43
2026-05-04 22:20:26,285 INFO o.a.j.t.JMeterThread: Thread finished: Config 3: Exp8 1-262
2026-05-04 22:20:26,285 INFO o.a.j.t.JMeterThread: Thread finished: Config 3: Exp8 1-314
2026-05-04 22:20:26,285 INFO o.a.j.t.JMeterThread: Stopping because end time detected by thread: Config 3: Exp8 1-68
2026-05-04 22:20:26,285 INFO o.a.j.t.JMeterThread: Stopping because end time detected by thread: Config 3: Exp8 1-11
2026-05-04 22:20:26,287 INFO o.a.j.t.JMeterThread: Thread finished: Config 3: Exp8 1-11
2026-05-04 22:20:26,285 INFO o.a.j.t.JMeterThread: Stopping because end time detected by thread: Config 3: Exp8 1-67
2026-05-04 22:20:26,285 INFO o.a.j.t.JMeterThread: Stopping because end time detected by thread: Config 3: Exp8 1-222
2026-05-04 22:20:26,285 INFO o.a.j.t.JMeterThread: Stopping because end time detected by thread: Config 3: Exp8 1-10
2026-05-04 22:20:26,288 INFO o.a.j.t.JMeterThread: Thread finished: Config 3: Exp8 1-67
2026-05-04 22:20:26,285 INFO o.a.j.t.JMeterThread: Stopping because end time detected by thread: Config 3: Exp8 1-40
2026-05-04 22:20:26,288 INFO o.a.j.t.JMeterThread: Thread finished: Config 3: Exp8 1-222
2026-05-04 22:20:26,288 INFO o.a.j.t.JMeterThread: Thread finished: Config 3: Exp8 1-10
2026-05-04 22:20:26,287 INFO o.a.j.t.JMeterThread: Thread finished: Config 3: Exp8 1-68
2026-05-04 22:20:26,287 INFO o.a.j.t.JMeterThread: Thread finished: Config 3: Exp8 1-49
2026-05-04 22:20:26,288 INFO o.a.j.t.JMeterThread: Thread finished: Config 3: Exp8 1-40
2026-05-04 22:20:26,299 INFO o.a.j.t.JMeterThread: Stopping because end time detected by thread: Config 3: Exp8 1-58
2026-05-04 22:20:26,299 INFO o.a.j.t.JMeterThread: Stopping because end time detected by thread: Config 3: Exp8 1-25
2026-05-04 22:20:26,299 INFO o.a.j.t.JMeterThread: Thread finished: Config 3: Exp8 1-58
2026-05-04 22:20:26,299 INFO o.a.j.t.JMeterThread: Stopping because end time detected by thread: Config 3: Exp8 1-369
2026-05-04 22:20:26,299 INFO o.a.j.t.JMeterThread: Stopping because end time detected by thread: Config 3: Exp8 1-13
2026-05-04 22:20:26,299 INFO o.a.j.t.JMeterThread: Thread finished: Config 3: Exp8 1-13
2026-05-04 22:20:26,299 INFO o.a.j.t.JMeterThread: Stopping because end time detected by thread: Config 3: Exp8 1-66
2026-05-04 22:20:26,299 INFO o.a.j.t.JMeterThread: Thread finished: Config 3: Exp8 1-369
2026-05-04 22:20:26,299 INFO o.a.j.t.JMeterThread: Thread finished: Config 3: Exp8 1-25
2026-05-04 22:20:26,299 INFO o.a.j.t.JMeterThread: Thread finished: Config 3: Exp8 1-66
2026-05-04 22:20:26,300 INFO o.a.j.t.JMeterThread: Stopping because end time detected by thread: Config 3: Exp8 1-59
2026-05-04 22:20:26,300 INFO o.a.j.t.JMeterThread: Thread finished: Config 3: Exp8 1-59
2026-05-04 22:20:26,300 INFO o.a.j.t.JMeterThread: Stopping because end time detected by thread: Config 3: Exp8 1-44
2026-05-04 22:20:26,300 INFO o.a.j.t.JMeterThread: Stopping because end time detected by thread: Config 3: Exp8 1-42
2026-05-04 22:20:26,300 INFO o.a.j.t.JMeterThread: Stopping because end time detected by thread: Config 3: Exp8 1-73
2026-05-04 22:20:26,300 INFO o.a.j.t.JMeterThread: Thread finished: Config 3: Exp8 1-44
2026-05-04 22:20:26,300 INFO o.a.j.t.JMeterThread: Stopping because end time detected by thread: Config 3: Exp8 1-129
2026-05-04 22:20:26,300 INFO o.a.j.t.JMeterThread: Thread finished: Config 3: Exp8 1-73
2026-05-04 22:20:26,300 INFO o.a.j.t.JMeterThread: Thread finished: Config 3: Exp8 1-129
2026-05-04 22:20:26,300 INFO o.a.j.t.JMeterThread: Stopping because end time detected by thread: Config 3: Exp8 1-96
2026-05-04 22:20:26,300 INFO o.a.j.t.JMeterThread: Stopping because end time detected by thread: Config 3: Exp8 1-95
2026-05-04 22:20:26,300 INFO o.a.j.t.JMeterThread: Stopping because end time detected by thread: Config 3: Exp8 1-121
2026-05-04 22:20:26,300 INFO o.a.j.t.JMeterThread: Stopping because end time detected by thread: Config 3: Exp8 1-97
2026-05-04 22:20:26,300 INFO o.a.j.t.JMeterThread: Stopping because end time detected by thread: Config 3: Exp8 1-70
2026-05-04 22:20:26,300 INFO o.a.j.t.JMeterThread: Thread finished: Config 3: Exp8 1-97
2026-05-04 22:20:26,301 INFO o.a.j.t.JMeterThread: Stopping because end time detected by thread: Config 3: Exp8 1-54
2026-05-04 22:20:26,300 INFO o.a.j.t.JMeterThread: Stopping because end time detected by thread: Config 3: Exp8 1-125
2026-05-04 22:20:26,301 INFO o.a.j.t.JMeterThread: Thread finished: Config 3: Exp8 1-54
2026-05-04 22:20:26,300 INFO o.a.j.t.JMeterThread: Thread finished: Config 3: Exp8 1-121
2026-05-04 22:20:26,300 INFO o.a.j.t.JMeterThread: Stopping because end time detected by thread: Config 3: Exp8 1-136
2026-05-04 22:20:26,301 INFO o.a.j.t.JMeterThread: Thread finished: Config 3: Exp8 1-136
2026-05-04 22:20:26,300 INFO o.a.j.t.JMeterThread: Stopping because end time detected by thread: Config 3: Exp8 1-132
2026-05-04 22:20:26,300 INFO o.a.j.t.JMeterThread: Stopping because end time detected by thread: Config 3: Exp8 1-51
2026-05-04 22:20:26,301 INFO o.a.j.t.JMeterThread: Thread finished: Config 3: Exp8 1-132
2026-05-04 22:20:26,300 INFO o.a.j.t.JMeterThread: Stopping because end time detected by thread: Config 3: Exp8 1-148
2026-05-04 22:20:26,301 INFO o.a.j.t.JMeterThread: Thread finished: Config 3: Exp8 1-148
2026-05-04 22:20:26,300 INFO o.a.j.t.JMeterThread: Thread finished: Config 3: Exp8 1-95
2026-05-04 22:20:26,300 INFO o.a.j.t.JMeterThread: Stopping because end time detected by thread: Config 3: Exp8 1-154
2026-05-04 22:20:26,301 INFO o.a.j.t.JMeterThread: Thread finished: Config 3: Exp8 1-154
2026-05-04 22:20:26,300 INFO o.a.j.t.JMeterThread: Stopping because end time detected by thread: Config 3: Exp8 1-155
2026-05-04 22:20:26,300 INFO o.a.j.t.JMeterThread: Thread finished: Config 3: Exp8 1-42
2026-05-04 22:20:26,301 INFO o.a.j.t.JMeterThread: Thread finished: Config 3: Exp8 1-155
2026-05-04 22:20:26,300 INFO o.a.j.t.JMeterThread: Stopping because end time detected by thread: Config 3: Exp8 1-130
2026-05-04 22:20:26,300 INFO o.a.j.t.JMeterThread: Stopping because end time detected by thread: Config 3: Exp8 1-151
2026-05-04 22:20:26,301 INFO o.a.j.t.JMeterThread: Thread finished: Config 3: Exp8 1-130
2026-05-04 22:20:26,301 INFO o.a.j.t.JMeterThread: Thread finished: Config 3: Exp8 1-151
2026-05-04 22:20:26,301 INFO o.a.j.t.JMeterThread: Thread finished: Config 3: Exp8 1-96
2026-05-04 22:20:26,302 INFO o.a.j.t.JMeterThread: Stopping because end time detected by thread: Config 3: Exp8 1-325
2026-05-04 22:20:26,301 INFO o.a.j.t.JMeterThread: Thread finished: Config 3: Exp8 1-51
2026-05-04 22:20:26,302 INFO o.a.j.t.JMeterThread: Thread finished: Config 3: Exp8 1-325
2026-05-04 22:20:26,302 INFO o.a.j.t.JMeterThread: Stopping because end time detected by thread: Config 3: Exp8 1-374
2026-05-04 22:20:26,302 INFO o.a.j.t.JMeterThread: Stopping because end time detected by thread: Config 3: Exp8 1-371
2026-05-04 22:20:26,302 INFO o.a.j.t.JMeterThread: Stopping because end time detected by thread: Config 3: Exp8 1-377
2026-05-04 22:20:26,302 INFO o.a.j.t.JMeterThread: Thread finished: Config 3: Exp8 1-377
2026-05-04 22:20:26,302 INFO o.a.j.t.JMeterThread: Stopping because end time detected by thread: Config 3: Exp8 1-72
2026-05-04 22:20:26,302 INFO o.a.j.t.JMeterThread: Thread finished: Config 3: Exp8 1-72
2026-05-04 22:20:26,302 INFO o.a.j.t.JMeterThread: Stopping because end time detected by thread: Config 3: Exp8 1-379
2026-05-04 22:20:26,301 INFO o.a.j.t.JMeterThread: Thread finished: Config 3: Exp8 1-70
2026-05-04 22:20:26,302 INFO o.a.j.t.JMeterThread: Thread finished: Config 3: Exp8 1-379
2026-05-04 22:20:26,301 INFO o.a.j.t.JMeterThread: Stopping because end time detected by thread: Config 3: Exp8 1-127
2026-05-04 22:20:26,301 INFO o.a.j.t.JMeterThread: Thread finished: Config 3: Exp8 1-125
2026-05-04 22:20:26,302 INFO o.a.j.t.JMeterThread: Thread finished: Config 3: Exp8 1-127
2026-05-04 22:20:26,302 INFO o.a.j.t.JMeterThread: Stopping because end time detected by thread: Config 3: Exp8 1-380
2026-05-04 22:20:26,302 INFO o.a.j.t.JMeterThread: Stopping because end time detected by thread: Config 3: Exp8 1-86
2026-05-04 22:20:26,302 INFO o.a.j.t.JMeterThread: Thread finished: Config 3: Exp8 1-380
2026-05-04 22:20:26,302 INFO o.a.j.t.JMeterThread: Thread finished: Config 3: Exp8 1-86
2026-05-04 22:20:26,302 INFO o.a.j.t.JMeterThread: Stopping because end time detected by thread: Config 3: Exp8 1-378
2026-05-04 22:20:26,302 INFO o.a.j.t.JMeterThread: Stopping because end time detected by thread: Config 3: Exp8 1-455
2026-05-04 22:20:26,302 INFO o.a.j.t.JMeterThread: Thread finished: Config 3: Exp8 1-371
2026-05-04 22:20:26,302 INFO o.a.j.t.JMeterThread: Stopping because end time detected by thread: Config 3: Exp8 1-167
2026-05-04 22:20:26,303 INFO o.a.j.t.JMeterThread: Stopping because end time detected by thread: Config 3: Exp8 1-195
2026-05-04 22:20:26,302 INFO o.a.j.t.JMeterThread: Stopping because end time detected by thread: Config 3: Exp8 1-373
2026-05-04 22:20:26,302 INFO o.a.j.t.JMeterThread: Thread finished: Config 3: Exp8 1-374
2026-05-04 22:20:26,303 INFO o.a.j.t.JMeterThread: Thread finished: Config 3: Exp8 1-167
2026-05-04 22:20:26,303 INFO o.a.j.t.JMeterThread: Stopping because end time detected by thread: Config 3: Exp8 1-152
2026-05-04 22:20:26,303 INFO o.a.j.t.JMeterThread: Stopping because end time detected by thread: Config 3: Exp8 1-174
2026-05-04 22:20:26,303 INFO o.a.j.t.JMeterThread: Thread finished: Config 3: Exp8 1-152
2026-05-04 22:20:26,303 INFO o.a.j.t.JMeterThread: Thread finished: Config 3: Exp8 1-174
2026-05-04 22:20:26,302 INFO o.a.j.t.JMeterThread: Stopping because end time detected by thread: Config 3: Exp8 1-376
2026-05-04 22:20:26,303 INFO o.a.j.t.JMeterThread: Stopping because end time detected by thread: Config 3: Exp8 1-269
2026-05-04 22:20:26,303 INFO o.a.j.t.JMeterThread: Stopping because end time detected by thread: Config 3: Exp8 1-16
2026-05-04 22:20:26,303 INFO o.a.j.t.JMeterThread: Stopping because end time detected by thread: Config 3: Exp8 1-80
2026-05-04 22:20:26,303 INFO o.a.j.t.JMeterThread: Stopping because end time detected by thread: Config 3: Exp8 1-30
2026-05-04 22:20:26,303 INFO o.a.j.t.JMeterThread: Thread finished: Config 3: Exp8 1-80
2026-05-04 22:20:26,303 INFO o.a.j.t.JMeterThread: Thread finished: Config 3: Exp8 1-30
2026-05-04 22:20:26,303 INFO o.a.j.t.JMeterThread: Stopping because end time detected by thread: Config 3: Exp8 1-149
2026-05-04 22:20:26,303 INFO o.a.j.t.JMeterThread: Stopping because end time detected by thread: Config 3: Exp8 1-161
2026-05-04 22:20:26,303 INFO o.a.j.t.JMeterThread: Stopping because end time detected by thread: Config 3: Exp8 1-109
2026-05-04 22:20:26,303 INFO o.a.j.t.JMeterThread: Thread finished: Config 3: Exp8 1-109
2026-05-04 22:20:26,303 INFO o.a.j.t.JMeterThread: Stopping because end time detected by thread: Config 3: Exp8 1-98
2026-05-04 22:20:26,303 INFO o.a.j.t.JMeterThread: Stopping because end time detected by thread: Config 3: Exp8 1-131
2026-05-04 22:20:26,303 INFO o.a.j.t.JMeterThread: Stopping because end time detected by thread: Config 3: Exp8 1-102
2026-05-04 22:20:26,303 INFO o.a.j.t.JMeterThread: Stopping because end time detected by thread: Config 3: Exp8 1-156
2026-05-04 22:20:26,302 INFO o.a.j.t.JMeterThread: Stopping because end time detected by thread: Config 3: Exp8 1-372
2026-05-04 22:20:26,302 INFO o.a.j.t.JMeterThread: Stopping because end time detected by thread: Config 3: Exp8 1-327
2026-05-04 22:20:26,302 INFO o.a.j.t.JMeterThread: Stopping because end time detected by thread: Config 3: Exp8 1-324
2026-05-04 22:20:26,304 INFO o.a.j.t.JMeterThread: Thread finished: Config 3: Exp8 1-327
2026-05-04 22:20:26,302 INFO o.a.j.t.JMeterThread: Stopping because end time detected by thread: Config 3: Exp8 1-326
2026-05-04 22:20:26,304 INFO o.a.j.t.JMeterThread: Thread finished: Config 3: Exp8 1-326
2026-05-04 22:20:26,304 INFO o.a.j.t.JMeterThread: Thread finished: Config 3: Exp8 1-324
2026-05-04 22:20:26,304 INFO o.a.j.t.JMeterThread: Thread finished: Config 3: Exp8 1-372
2026-05-04 22:20:26,304 INFO o.a.j.t.JMeterThread: Thread finished: Config 3: Exp8 1-156
2026-05-04 22:20:26,303 INFO o.a.j.t.JMeterThread: Stopping because end time detected by thread: Config 3: Exp8 1-87
2026-05-04 22:20:26,303 INFO o.a.j.t.JMeterThread: Stopping because end time detected by thread: Config 3: Exp8 1-454
2026-05-04 22:20:26,303 INFO o.a.j.t.JMeterThread: Stopping because end time detected by thread: Config 3: Exp8 1-99
2026-05-04 22:20:26,303 INFO o.a.j.t.JMeterThread: Thread finished: Config 3: Exp8 1-102
2026-05-04 22:20:26,303 INFO o.a.j.t.JMeterThread: Thread finished: Config 3: Exp8 1-98
2026-05-04 22:20:26,303 INFO o.a.j.t.JMeterThread: Thread finished: Config 3: Exp8 1-131
2026-05-04 22:20:26,303 INFO o.a.j.t.JMeterThread: Stopping because end time detected by thread: Config 3: Exp8 1-135
2026-05-04 22:20:26,304 INFO o.a.j.t.JMeterThread: Stopping because end time detected by thread: Config 3: Exp8 1-192
2026-05-04 22:20:26,304 INFO o.a.j.t.JMeterThread: Thread finished: Config 3: Exp8 1-135
2026-05-04 22:20:26,304 INFO o.a.j.t.JMeterThread: Thread finished: Config 3: Exp8 1-192
2026-05-04 22:20:26,303 INFO o.a.j.t.JMeterThread: Stopping because end time detected by thread: Config 3: Exp8 1-113
2026-05-04 22:20:26,304 INFO o.a.j.t.JMeterThread: Stopping because end time detected by thread: Config 3: Exp8 1-197
2026-05-04 22:20:26,304 INFO o.a.j.t.JMeterThread: Stopping because end time detected by thread: Config 3: Exp8 1-241
2026-05-04 22:20:26,304 INFO o.a.j.t.JMeterThread: Thread finished: Config 3: Exp8 1-113
2026-05-04 22:20:26,303 INFO o.a.j.t.JMeterThread: Stopping because end time detected by thread: Config 3: Exp8 1-85
2026-05-04 22:20:26,303 INFO o.a.j.t.JMeterThread: Stopping because end time detected by thread: Config 3: Exp8 1-114
2026-05-04 22:20:26,305 INFO o.a.j.t.JMeterThread: Stopping because end time detected by thread: Config 3: Exp8 1-268
2026-05-04 22:20:26,303 INFO o.a.j.t.JMeterThread: Thread finished: Config 3: Exp8 1-161
2026-05-04 22:20:26,305 INFO o.a.j.t.JMeterThread: Thread finished: Config 3: Exp8 1-268
2026-05-04 22:20:26,303 INFO o.a.j.t.JMeterThread: Stopping because end time detected by thread: Config 3: Exp8 1-137
2026-05-04 22:20:26,303 INFO o.a.j.t.JMeterThread: Thread finished: Config 3: Exp8 1-149
2026-05-04 22:20:26,305 INFO o.a.j.t.JMeterThread: Thread finished: Config 3: Exp8 1-137
2026-05-04 22:20:26,305 INFO o.a.j.t.JMeterThread: Stopping because end time detected by thread: Config 3: Exp8 1-251
2026-05-04 22:20:26,305 INFO o.a.j.t.JMeterThread: Stopping because end time detected by thread: Config 3: Exp8 1-252
2026-05-04 22:20:26,303 INFO o.a.j.t.JMeterThread: Stopping because end time detected by thread: Config 3: Exp8 1-112
2026-05-04 22:20:26,303 INFO o.a.j.t.JMeterThread: Stopping because end time detected by thread: Config 3: Exp8 1-133
2026-05-04 22:20:26,303 INFO o.a.j.t.JMeterThread: Stopping because end time detected by thread: Config 3: Exp8 1-123
2026-05-04 22:20:26,305 INFO o.a.j.t.JMeterThread: Thread finished: Config 3: Exp8 1-133
2026-05-04 22:20:26,305 INFO o.a.j.t.JMeterThread: Thread finished: Config 3: Exp8 1-252
2026-05-04 22:20:26,303 INFO o.a.j.t.JMeterThread: Stopping because end time detected by thread: Config 3: Exp8 1-150
2026-05-04 22:20:26,305 INFO o.a.j.t.JMeterThread: Stopping because end time detected by thread: Config 3: Exp8 1-172
2026-05-04 22:20:26,305 INFO o.a.j.t.JMeterThread: Stopping because end time detected by thread: Config 3: Exp8 1-1
2026-05-04 22:20:26,303 INFO o.a.j.t.JMeterThread: Thread finished: Config 3: Exp8 1-16
2026-05-04 22:20:26,303 INFO o.a.j.t.JMeterThread: Stopping because end time detected by thread: Config 3: Exp8 1-21
2026-05-04 22:20:26,303 INFO o.a.j.t.JMeterThread: Thread finished: Config 3: Exp8 1-269
2026-05-04 22:20:26,305 INFO o.a.j.t.JMeterThread: Thread finished: Config 3: Exp8 1-21
2026-05-04 22:20:26,303 INFO o.a.j.t.JMeterThread: Stopping because end time detected by thread: Config 3: Exp8 1-145
2026-05-04 22:20:26,305 INFO o.a.j.t.JMeterThread: Thread finished: Config 3: Exp8 1-376
2026-05-04 22:20:26,305 INFO o.a.j.t.JMeterThread: Thread finished: Config 3: Exp8 1-145
2026-05-04 22:20:26,303 INFO o.a.j.t.JMeterThread: Stopping because end time detected by thread: Config 3: Exp8 1-147
2026-05-04 22:20:26,303 INFO o.a.j.t.JMeterThread: Stopping because end time detected by thread: Config 3: Exp8 1-128
2026-05-04 22:20:26,303 INFO o.a.j.t.JMeterThread: Stopping because end time detected by thread: Config 3: Exp8 1-118
2026-05-04 22:20:26,303 INFO o.a.j.t.JMeterThread: Thread finished: Config 3: Exp8 1-373
2026-05-04 22:20:26,305 INFO o.a.j.t.JMeterThread: Thread finished: Config 3: Exp8 1-118
2026-05-04 22:20:26,303 INFO o.a.j.t.JMeterThread: Thread finished: Config 3: Exp8 1-195
2026-05-04 22:20:26,303 INFO o.a.j.t.JMeterThread: Thread finished: Config 3: Exp8 1-455
2026-05-04 22:20:26,303 INFO o.a.j.t.JMeterThread: Stopping because end time detected by thread: Config 3: Exp8 1-229
2026-05-04 22:20:26,303 INFO o.a.j.t.JMeterThread: Stopping because end time detected by thread: Config 3: Exp8 1-101
2026-05-04 22:20:26,306 INFO o.a.j.t.JMeterThread: Thread finished: Config 3: Exp8 1-229
2026-05-04 22:20:26,306 INFO o.a.j.t.JMeterThread: Thread finished: Config 3: Exp8 1-101
2026-05-04 22:20:26,306 INFO o.a.j.t.JMeterThread: Thread finished: Config 3: Exp8 1-378
2026-05-04 22:20:26,302 INFO o.a.j.t.JMeterThread: Stopping because end time detected by thread: Config 3: Exp8 1-244
2026-05-04 22:20:26,302 INFO o.a.j.t.JMeterThread: Stopping because end time detected by thread: Config 3: Exp8 1-194
2026-05-04 22:20:26,306 INFO o.a.j.t.JMeterThread: Thread finished: Config 3: Exp8 1-244
2026-05-04 22:20:26,305 INFO o.a.j.t.JMeterThread: Thread finished: Config 3: Exp8 1-128
2026-05-04 22:20:26,305 INFO o.a.j.t.JMeterThread: Thread finished: Config 3: Exp8 1-147
2026-05-04 22:20:26,305 INFO o.a.j.t.JMeterThread: Thread finished: Config 3: Exp8 1-1
2026-05-04 22:20:26,305 INFO o.a.j.t.JMeterThread: Thread finished: Config 3: Exp8 1-172
2026-05-04 22:20:26,305 INFO o.a.j.t.JMeterThread: Stopping because end time detected by thread: Config 3: Exp8 1-207
2026-05-04 22:20:26,306 INFO o.a.j.t.JMeterThread: Thread finished: Config 3: Exp8 1-207
2026-05-04 22:20:26,305 INFO o.a.j.t.JMeterThread: Thread finished: Config 3: Exp8 1-112
2026-05-04 22:20:26,306 INFO o.a.j.t.JMeterThread: Thread finished: Config 3: Exp8 1-123
2026-05-04 22:20:26,305 INFO o.a.j.t.JMeterThread: Stopping because end time detected by thread: Config 3: Exp8 1-31
2026-05-04 22:20:26,305 INFO o.a.j.t.JMeterThread: Stopping because end time detected by thread: Config 3: Exp8 1-206
2026-05-04 22:20:26,306 INFO o.a.j.t.JMeterThread: Thread finished: Config 3: Exp8 1-31
2026-05-04 22:20:26,305 INFO o.a.j.t.JMeterThread: Thread finished: Config 3: Exp8 1-251
2026-05-04 22:20:26,305 INFO o.a.j.t.JMeterThread: Stopping because end time detected by thread: Config 3: Exp8 1-34
2026-05-04 22:20:26,306 INFO o.a.j.t.JMeterThread: Thread finished: Config 3: Exp8 1-206
2026-05-04 22:20:26,305 INFO o.a.j.t.JMeterThread: Stopping because end time detected by thread: Config 3: Exp8 1-270
2026-05-04 22:20:26,307 INFO o.a.j.t.JMeterThread: Thread finished: Config 3: Exp8 1-270
2026-05-04 22:20:26,305 INFO o.a.j.t.JMeterThread: Thread finished: Config 3: Exp8 1-85
2026-05-04 22:20:26,304 INFO o.a.j.t.JMeterThread: Thread finished: Config 3: Exp8 1-241
2026-05-04 22:20:26,304 INFO o.a.j.t.JMeterThread: Thread finished: Config 3: Exp8 1-197
2026-05-04 22:20:26,304 INFO o.a.j.t.JMeterThread: Stopping because end time detected by thread: Config 3: Exp8 1-231
2026-05-04 22:20:26,304 INFO o.a.j.t.JMeterThread: Stopping because end time detected by thread: Config 3: Exp8 1-199
2026-05-04 22:20:26,304 INFO o.a.j.t.JMeterThread: Stopping because end time detected by thread: Config 3: Exp8 1-230
2026-05-04 22:20:26,307 INFO o.a.j.t.JMeterThread: Thread finished: Config 3: Exp8 1-199
2026-05-04 22:20:26,304 INFO o.a.j.t.JMeterThread: Stopping because end time detected by thread: Config 3: Exp8 1-193
2026-05-04 22:20:26,304 INFO o.a.j.t.JMeterThread: Stopping because end time detected by thread: Config 3: Exp8 1-381
2026-05-04 22:20:26,307 INFO o.a.j.t.JMeterThread: Thread finished: Config 3: Exp8 1-193
2026-05-04 22:20:26,304 INFO o.a.j.t.JMeterThread: Thread finished: Config 3: Exp8 1-99
2026-05-04 22:20:26,304 INFO o.a.j.t.JMeterThread: Thread finished: Config 3: Exp8 1-454
2026-05-04 22:20:26,304 INFO o.a.j.t.JMeterThread: Thread finished: Config 3: Exp8 1-87
2026-05-04 22:20:26,307 INFO o.a.j.t.JMeterThread: Thread finished: Config 3: Exp8 1-381
2026-05-04 22:20:26,307 INFO o.a.j.t.JMeterThread: Thread finished: Config 3: Exp8 1-230
2026-05-04 22:20:26,307 INFO o.a.j.t.JMeterThread: Thread finished: Config 3: Exp8 1-231
2026-05-04 22:20:26,307 INFO o.a.j.t.JMeterThread: Thread finished: Config 3: Exp8 1-114
2026-05-04 22:20:26,306 INFO o.a.j.t.JMeterThread: Thread finished: Config 3: Exp8 1-150
2026-05-04 22:20:26,308 INFO o.a.j.t.JMeterThread: Thread finished: Config 3: Exp8 1-34
2026-05-04 22:20:26,306 INFO o.a.j.t.JMeterThread: Thread finished: Config 3: Exp8 1-194
2026-05-04 22:20:26,314 INFO o.a.j.t.JMeterThread: Stopping because end time detected by thread: Config 3: Exp8 1-375
2026-05-04 22:20:26,315 INFO o.a.j.t.JMeterThread: Thread finished: Config 3: Exp8 1-375
2026-05-04 22:20:26,315 INFO o.a.j.t.JMeterThread: Stopping because end time detected by thread: Config 3: Exp8 1-79
2026-05-04 22:20:26,315 INFO o.a.j.t.JMeterThread: Stopping because end time detected by thread: Config 3: Exp8 1-28
2026-05-04 22:20:26,315 INFO o.a.j.t.JMeterThread: Thread finished: Config 3: Exp8 1-79
2026-05-04 22:20:26,315 INFO o.a.j.t.JMeterThread: Thread finished: Config 3: Exp8 1-28
2026-05-04 22:20:26,315 INFO o.a.j.t.JMeterThread: Stopping because end time detected by thread: Config 3: Exp8 1-15
2026-05-04 22:20:26,315 INFO o.a.j.t.JMeterThread: Stopping because end time detected by thread: Config 3: Exp8 1-196
2026-05-04 22:20:26,315 INFO o.a.j.t.JMeterThread: Thread finished: Config 3: Exp8 1-15
2026-05-04 22:20:26,315 INFO o.a.j.t.JMeterThread: Stopping because end time detected by thread: Config 3: Exp8 1-323
2026-05-04 22:20:26,315 INFO o.a.j.t.JMeterThread: Thread finished: Config 3: Exp8 1-323
2026-05-04 22:20:26,315 INFO o.a.j.t.JMeterThread: Thread finished: Config 3: Exp8 1-196
2026-05-04 22:20:26,315 INFO o.a.j.t.JMeterThread: Stopping because end time detected by thread: Config 3: Exp8 1-116
2026-05-04 22:20:26,316 INFO o.a.j.t.JMeterThread: Stopping because end time detected by thread: Config 3: Exp8 1-94
2026-05-04 22:20:26,316 INFO o.a.j.t.JMeterThread: Stopping because end time detected by thread: Config 3: Exp8 1-6
2026-05-04 22:20:26,316 INFO o.a.j.t.JMeterThread: Thread finished: Config 3: Exp8 1-94
2026-05-04 22:20:26,316 INFO o.a.j.t.JMeterThread: Thread finished: Config 3: Exp8 1-6
2026-05-04 22:20:26,316 INFO o.a.j.t.JMeterThread: Thread finished: Config 3: Exp8 1-116
2026-05-04 22:20:26,345 INFO o.a.j.t.JMeterThread: Stopping because end time detected by thread: Config 3: Exp8 1-473
2026-05-04 22:20:26,345 INFO o.a.j.t.JMeterThread: Stopping because end time detected by thread: Config 3: Exp8 1-474
2026-05-04 22:20:26,345 INFO o.a.j.t.JMeterThread: Thread finished: Config 3: Exp8 1-473
2026-05-04 22:20:26,345 INFO o.a.j.t.JMeterThread: Thread finished: Config 3: Exp8 1-474
2026-05-04 22:20:26,345 INFO o.a.j.t.JMeterThread: Stopping because end time detected by thread: Config 3: Exp8 1-475
2026-05-04 22:20:26,345 INFO o.a.j.t.JMeterThread: Thread finished: Config 3: Exp8 1-475
2026-05-04 22:20:26,346 INFO o.a.j.t.JMeterThread: Stopping because end time detected by thread: Config 3: Exp8 1-396
2026-05-04 22:20:26,346 INFO o.a.j.t.JMeterThread: Stopping because end time detected by thread: Config 3: Exp8 1-476
2026-05-04 22:20:26,346 INFO o.a.j.t.JMeterThread: Thread finished: Config 3: Exp8 1-396
2026-05-04 22:20:26,346 INFO o.a.j.t.JMeterThread: Stopping because end time detected by thread: Config 3: Exp8 1-333
2026-05-04 22:20:26,346 INFO o.a.j.t.JMeterThread: Thread finished: Config 3: Exp8 1-333
2026-05-04 22:20:26,346 INFO o.a.j.t.JMeterThread: Thread finished: Config 3: Exp8 1-476
2026-05-04 22:20:26,346 INFO o.a.j.t.JMeterThread: Stopping because end time detected by thread: Config 3: Exp8 1-276
2026-05-04 22:20:26,346 INFO o.a.j.t.JMeterThread: Thread finished: Config 3: Exp8 1-276
2026-05-04 22:20:26,346 INFO o.a.j.t.JMeterThread: Stopping because end time detected by thread: Config 3: Exp8 1-242
2026-05-04 22:20:26,346 INFO o.a.j.t.JMeterThread: Thread finished: Config 3: Exp8 1-242
2026-05-04 22:20:26,347 INFO o.a.j.t.JMeterThread: Stopping because end time detected by thread: Config 3: Exp8 1-286
2026-05-04 22:20:26,348 INFO o.a.j.t.JMeterThread: Thread finished: Config 3: Exp8 1-286
2026-05-04 22:20:26,348 INFO o.a.j.t.JMeterThread: Stopping because end time detected by thread: Config 3: Exp8 1-243
2026-05-04 22:20:26,348 INFO o.a.j.t.JMeterThread: Thread finished: Config 3: Exp8 1-243
2026-05-04 22:20:26,348 INFO o.a.j.t.JMeterThread: Stopping because end time detected by thread: Config 3: Exp8 1-3
2026-05-04 22:20:26,348 INFO o.a.j.t.JMeterThread: Stopping because end time detected by thread: Config 3: Exp8 1-398
2026-05-04 22:20:26,348 INFO o.a.j.t.JMeterThread: Stopping because end time detected by thread: Config 3: Exp8 1-337
2026-05-04 22:20:26,348 INFO o.a.j.t.JMeterThread: Thread finished: Config 3: Exp8 1-3
2026-05-04 22:20:26,348 INFO o.a.j.t.JMeterThread: Stopping because end time detected by thread: Config 3: Exp8 1-234
2026-05-04 22:20:26,348 INFO o.a.j.t.JMeterThread: Thread finished: Config 3: Exp8 1-398
2026-05-04 22:20:26,348 INFO o.a.j.t.JMeterThread: Thread finished: Config 3: Exp8 1-234
2026-05-04 22:20:26,348 INFO o.a.j.t.JMeterThread: Thread finished: Config 3: Exp8 1-337
2026-05-04 22:20:26,349 INFO o.a.j.t.JMeterThread: Stopping because end time detected by thread: Config 3: Exp8 1-238
2026-05-04 22:20:26,349 INFO o.a.j.t.JMeterThread: Thread finished: Config 3: Exp8 1-238
2026-05-04 22:20:26,349 INFO o.a.j.t.JMeterThread: Stopping because end time detected by thread: Config 3: Exp8 1-336
2026-05-04 22:20:26,349 INFO o.a.j.t.JMeterThread: Thread finished: Config 3: Exp8 1-336
2026-05-04 22:20:26,349 INFO o.a.j.t.JMeterThread: Stopping because end time detected by thread: Config 3: Exp8 1-89
2026-05-04 22:20:26,349 INFO o.a.j.t.JMeterThread: Thread finished: Config 3: Exp8 1-89
2026-05-04 22:20:26,349 INFO o.a.j.t.JMeterThread: Stopping because end time detected by thread: Config 3: Exp8 1-283
2026-05-04 22:20:26,349 INFO o.a.j.t.JMeterThread: Thread finished: Config 3: Exp8 1-283
2026-05-04 22:20:26,349 INFO o.a.j.t.JMeterThread: Stopping because end time detected by thread: Config 3: Exp8 1-239
2026-05-04 22:20:26,350 INFO o.a.j.t.JMeterThread: Thread finished: Config 3: Exp8 1-239
2026-05-04 22:20:26,350 INFO o.a.j.t.JMeterThread: Stopping because end time detected by thread: Config 3: Exp8 1-171
2026-05-04 22:20:26,350 INFO o.a.j.t.JMeterThread: Thread finished: Config 3: Exp8 1-171
2026-05-04 22:20:26,350 INFO o.a.j.t.JMeterThread: Stopping because end time detected by thread: Config 3: Exp8 1-166
2026-05-04 22:20:26,350 INFO o.a.j.t.JMeterThread: Stopping because end time detected by thread: Config 3: Exp8 1-397
2026-05-04 22:20:26,350 INFO o.a.j.t.JMeterThread: Thread finished: Config 3: Exp8 1-397
2026-05-04 22:20:26,350 INFO o.a.j.t.JMeterThread: Thread finished: Config 3: Exp8 1-166
2026-05-04 22:20:26,350 INFO o.a.j.t.JMeterThread: Stopping because end time detected by thread: Config 3: Exp8 1-334
2026-05-04 22:20:26,350 INFO o.a.j.t.JMeterThread: Thread finished: Config 3: Exp8 1-334
2026-05-04 22:20:26,350 INFO o.a.j.t.JMeterThread: Stopping because end time detected by thread: Config 3: Exp8 1-115
2026-05-04 22:20:26,350 INFO o.a.j.t.JMeterThread: Stopping because end time detected by thread: Config 3: Exp8 1-284
2026-05-04 22:20:26,350 INFO o.a.j.t.JMeterThread: Thread finished: Config 3: Exp8 1-115
2026-05-04 22:20:26,350 INFO o.a.j.t.JMeterThread: Thread finished: Config 3: Exp8 1-284
2026-05-04 22:20:26,351 INFO o.a.j.t.JMeterThread: Stopping because end time detected by thread: Config 3: Exp8 1-477
2026-05-04 22:20:26,351 INFO o.a.j.t.JMeterThread: Thread finished: Config 3: Exp8 1-477
2026-05-04 22:20:26,351 INFO o.a.j.t.JMeterThread: Stopping because end time detected by thread: Config 3: Exp8 1-188
2026-05-04 22:20:26,351 INFO o.a.j.t.JMeterThread: Stopping because end time detected by thread: Config 3: Exp8 1-160
2026-05-04 22:20:26,351 INFO o.a.j.t.JMeterThread: Stopping because end time detected by thread: Config 3: Exp8 1-141
2026-05-04 22:20:26,351 INFO o.a.j.t.JMeterThread: Thread finished: Config 3: Exp8 1-141
2026-05-04 22:20:26,351 INFO o.a.j.t.JMeterThread: Thread finished: Config 3: Exp8 1-160
2026-05-04 22:20:26,351 INFO o.a.j.t.JMeterThread: Thread finished: Config 3: Exp8 1-188
2026-05-04 22:20:26,351 INFO o.a.j.t.JMeterThread: Stopping because end time detected by thread: Config 3: Exp8 1-159
2026-05-04 22:20:26,351 INFO o.a.j.t.JMeterThread: Thread finished: Config 3: Exp8 1-159
2026-05-04 22:20:26,354 INFO o.a.j.t.JMeterThread: Stopping because end time detected by thread: Config 3: Exp8 1-158
2026-05-04 22:20:26,354 INFO o.a.j.t.JMeterThread: Thread finished: Config 3: Exp8 1-158
2026-05-04 22:20:26,354 INFO o.a.j.t.JMeterThread: Stopping because end time detected by thread: Config 3: Exp8 1-480
2026-05-04 22:20:26,354 INFO o.a.j.t.JMeterThread: Stopping because end time detected by thread: Config 3: Exp8 1-479
2026-05-04 22:20:26,354 INFO o.a.j.t.JMeterThread: Stopping because end time detected by thread: Config 3: Exp8 1-478
2026-05-04 22:20:26,354 INFO o.a.j.t.JMeterThread: Thread finished: Config 3: Exp8 1-479
2026-05-04 22:20:26,354 INFO o.a.j.t.JMeterThread: Thread finished: Config 3: Exp8 1-480
2026-05-04 22:20:26,354 INFO o.a.j.t.JMeterThread: Thread finished: Config 3: Exp8 1-478
2026-05-04 22:20:26,529 INFO o.a.j.t.JMeterThread: Stopping because end time detected by thread: Config 3: Exp8 1-17
2026-05-04 22:20:26,529 INFO o.a.j.t.JMeterThread: Stopping because end time detected by thread: Config 3: Exp8 1-335
2026-05-04 22:20:26,529 INFO o.a.j.t.JMeterThread: Thread finished: Config 3: Exp8 1-17
2026-05-04 22:20:26,529 INFO o.a.j.t.JMeterThread: Thread finished: Config 3: Exp8 1-335
2026-05-04 22:20:26,529 INFO o.a.j.t.JMeterThread: Stopping because end time detected by thread: Config 3: Exp8 1-240
2026-05-04 22:20:26,529 INFO o.a.j.t.JMeterThread: Thread finished: Config 3: Exp8 1-240
2026-05-04 22:20:26,530 INFO o.a.j.t.JMeterThread: Stopping because end time detected by thread: Config 3: Exp8 1-4
2026-05-04 22:20:26,530 INFO o.a.j.t.JMeterThread: Stopping because end time detected by thread: Config 3: Exp8 1-33
2026-05-04 22:20:26,529 INFO o.a.j.t.JMeterThread: Stopping because end time detected by thread: Config 3: Exp8 1-277
2026-05-04 22:20:26,529 INFO o.a.j.t.JMeterThread: Stopping because end time detected by thread: Config 3: Exp8 1-332
2026-05-04 22:20:26,530 INFO o.a.j.t.JMeterThread: Thread finished: Config 3: Exp8 1-33
2026-05-04 22:20:26,530 INFO o.a.j.t.JMeterThread: Thread finished: Config 3: Exp8 1-4
2026-05-04 22:20:26,530 INFO o.a.j.t.JMeterThread: Thread finished: Config 3: Exp8 1-277
2026-05-04 22:20:26,530 INFO o.a.j.t.JMeterThread: Stopping because end time detected by thread: Config 3: Exp8 1-285
2026-05-04 22:20:26,530 INFO o.a.j.t.JMeterThread: Thread finished: Config 3: Exp8 1-285
2026-05-04 22:20:26,529 INFO o.a.j.t.JMeterThread: Stopping because end time detected by thread: Config 3: Exp8 1-278
2026-05-04 22:20:26,530 INFO o.a.j.t.JMeterThread: Thread finished: Config 3: Exp8 1-332
2026-05-04 22:20:26,530 INFO o.a.j.t.JMeterThread: Thread finished: Config 3: Exp8 1-278
2026-05-04 22:20:26,530 INFO o.a.j.t.JMeterThread: Stopping because end time detected by thread: Config 3: Exp8 1-60
2026-05-04 22:20:26,530 INFO o.a.j.t.JMeterThread: Thread finished: Config 3: Exp8 1-60
2026-05-04 22:20:26,530 INFO o.a.j.t.JMeterThread: Stopping because end time detected by thread: Config 3: Exp8 1-61
2026-05-04 22:20:26,530 INFO o.a.j.t.JMeterThread: Stopping because end time detected by thread: Config 3: Exp8 1-281
2026-05-04 22:20:26,530 INFO o.a.j.t.JMeterThread: Thread finished: Config 3: Exp8 1-61
2026-05-04 22:20:26,530 INFO o.a.j.t.JMeterThread: Thread finished: Config 3: Exp8 1-281
2026-05-04 22:20:26,531 INFO o.a.j.t.JMeterThread: Stopping because end time detected by thread: Config 3: Exp8 1-237
2026-05-04 22:20:26,531 INFO o.a.j.t.JMeterThread: Thread finished: Config 3: Exp8 1-237
2026-05-04 22:20:26,531 INFO o.a.j.t.JMeterThread: Stopping because end time detected by thread: Config 3: Exp8 1-74
2026-05-04 22:20:26,531 INFO o.a.j.t.JMeterThread: Stopping because end time detected by thread: Config 3: Exp8 1-279
2026-05-04 22:20:26,531 INFO o.a.j.t.JMeterThread: Thread finished: Config 3: Exp8 1-74
2026-05-04 22:20:26,531 INFO o.a.j.t.JMeterThread: Stopping because end time detected by thread: Config 3: Exp8 1-280
2026-05-04 22:20:26,531 INFO o.a.j.t.JMeterThread: Thread finished: Config 3: Exp8 1-279
2026-05-04 22:20:26,531 INFO o.a.j.t.JMeterThread: Stopping because end time detected by thread: Config 3: Exp8 1-107
2026-05-04 22:20:26,531 INFO o.a.j.t.JMeterThread: Thread finished: Config 3: Exp8 1-280
2026-05-04 22:20:26,531 INFO o.a.j.t.JMeterThread: Thread finished: Config 3: Exp8 1-107
2026-05-04 22:20:26,531 INFO o.a.j.t.JMeterThread: Stopping because end time detected by thread: Config 3: Exp8 1-104
2026-05-04 22:20:26,531 INFO o.a.j.t.JMeterThread: Stopping because end time detected by thread: Config 3: Exp8 1-63
2026-05-04 22:20:26,531 INFO o.a.j.t.JMeterThread: Stopping because end time detected by thread: Config 3: Exp8 1-282
2026-05-04 22:20:26,531 INFO o.a.j.t.JMeterThread: Thread finished: Config 3: Exp8 1-104
2026-05-04 22:20:26,532 INFO o.a.j.t.JMeterThread: Thread finished: Config 3: Exp8 1-282
2026-05-04 22:20:26,531 INFO o.a.j.t.JMeterThread: Thread finished: Config 3: Exp8 1-63
2026-05-04 22:20:26,532 INFO o.a.j.e.StandardJMeterEngine: Notifying test listeners of end of test
2026-05-04 22:20:26,532 INFO o.a.j.g.u.JMeterMenuBar: setRunning(false, *local*)
2026-05-04 22:24:11,693 INFO o.a.j.e.StandardJMeterEngine: Running the test!
2026-05-04 22:24:11,693 INFO o.a.j.s.SampleEvent: List of sample_variables: []
2026-05-04 22:24:11,694 INFO o.a.j.g.u.JMeterMenuBar: setRunning(true, *local*)
2026-05-04 22:24:11,739 INFO o.a.j.e.StandardJMeterEngine: Starting ThreadGroup: 1 : Config 3: Exp9
2026-05-04 22:24:11,739 INFO o.a.j.e.StandardJMeterEngine: Starting 560 threads for group Config 3: Exp9.
2026-05-04 22:24:11,739 INFO o.a.j.e.StandardJMeterEngine: Thread will continue on error
2026-05-04 22:24:11,739 INFO o.a.j.t.ThreadGroup: Starting thread group... number=1 threads=560 ramp-up=100 delayedStart=false
2026-05-04 22:24:11,739 INFO o.a.j.t.JMeterThread: Thread started: Config 3: Exp9 1-1
2026-05-04 22:24:11,777 INFO o.a.j.t.ThreadGroup: Started thread group number 1
2026-05-04 22:24:11,777 INFO o.a.j.e.StandardJMeterEngine: All thread groups have been started
2026-05-04 22:24:11,919 INFO o.a.j.t.JMeterThread: Thread started: Config 3: Exp9 1-2
2026-05-04 22:24:12,098 INFO o.a.j.t.JMeterThread: Thread started: Config 3: Exp9 1-3
2026-05-04 22:24:12,276 INFO o.a.j.t.JMeterThread: Thread started: Config 3: Exp9 1-4
2026-05-04 22:24:12,455 INFO o.a.j.t.JMeterThread: Thread started: Config 3: Exp9 1-5
2026-05-04 22:24:12,635 INFO o.a.j.t.JMeterThread: Thread started: Config 3: Exp9 1-6
2026-05-04 22:24:12,814 INFO o.a.j.t.JMeterThread: Thread started: Config 3: Exp9 1-7
2026-05-04 22:24:12,993 INFO o.a.j.t.JMeterThread: Thread started: Config 3: Exp9 1-8
2026-05-04 22:24:13,171 INFO o.a.j.t.JMeterThread: Thread started: Config 3: Exp9 1-9
2026-05-04 22:24:13,351 INFO o.a.j.t.JMeterThread: Thread started: Config 3: Exp9 1-10
2026-05-04 22:24:13,530 INFO o.a.j.t.JMeterThread: Thread started: Config 3: Exp9 1-11
2026-05-04 22:24:13,708 INFO o.a.j.t.JMeterThread: Thread started: Config 3: Exp9 1-12
2026-05-04 22:24:13,887 INFO o.a.j.t.JMeterThread: Thread started: Config 3: Exp9 1-13
2026-05-04 22:24:14,067 INFO o.a.j.t.JMeterThread: Thread started: Config 3: Exp9 1-14
2026-05-04 22:24:14,246 INFO o.a.j.t.JMeterThread: Thread started: Config 3: Exp9 1-15
2026-05-04 22:24:14,424 INFO o.a.j.t.JMeterThread: Thread started: Config 3: Exp9 1-16
2026-05-04 22:24:14,603 INFO o.a.j.t.JMeterThread: Thread started: Config 3: Exp9 1-17
2026-05-04 22:24:14,782 INFO o.a.j.t.JMeterThread: Thread started: Config 3: Exp9 1-18
2026-05-04 22:24:14,962 INFO o.a.j.t.JMeterThread: Thread started: Config 3: Exp9 1-19
2026-05-04 22:24:15,141 INFO o.a.j.t.JMeterThread: Thread started: Config 3: Exp9 1-20
2026-05-04 22:24:15,320 INFO o.a.j.t.JMeterThread: Thread started: Config 3: Exp9 1-21
2026-05-04 22:24:15,499 INFO o.a.j.t.JMeterThread: Thread started: Config 3: Exp9 1-22
2026-05-04 22:24:15,677 INFO o.a.j.t.JMeterThread: Thread started: Config 3: Exp9 1-23
2026-05-04 22:24:15,856 INFO o.a.j.t.JMeterThread: Thread started: Config 3: Exp9 1-24
2026-05-04 22:24:16,035 INFO o.a.j.t.JMeterThread: Thread started: Config 3: Exp9 1-25
2026-05-04 22:24:16,215 INFO o.a.j.t.JMeterThread: Thread started: Config 3: Exp9 1-26
2026-05-04 22:24:16,393 INFO o.a.j.t.JMeterThread: Thread started: Config 3: Exp9 1-27
2026-05-04 22:24:16,572 INFO o.a.j.t.JMeterThread: Thread started: Config 3: Exp9 1-28
2026-05-04 22:24:16,751 INFO o.a.j.t.JMeterThread: Thread started: Config 3: Exp9 1-29
2026-05-04 22:24:16,930 INFO o.a.j.t.JMeterThread: Thread started: Config 3: Exp9 1-30
2026-05-04 22:24:17,109 INFO o.a.j.t.JMeterThread: Thread started: Config 3: Exp9 1-31
2026-05-04 22:24:17,289 INFO o.a.j.t.JMeterThread: Thread started: Config 3: Exp9 1-32
2026-05-04 22:24:17,467 INFO o.a.j.t.JMeterThread: Thread started: Config 3: Exp9 1-33
2026-05-04 22:24:17,647 INFO o.a.j.t.JMeterThread: Thread started: Config 3: Exp9 1-34
2026-05-04 22:24:17,825 INFO o.a.j.t.JMeterThread: Thread started: Config 3: Exp9 1-35
2026-05-04 22:24:18,004 INFO o.a.j.t.JMeterThread: Thread started: Config 3: Exp9 1-36
2026-05-04 22:24:18,183 INFO o.a.j.t.JMeterThread: Thread started: Config 3: Exp9 1-37
2026-05-04 22:24:18,362 INFO o.a.j.t.JMeterThread: Thread started: Config 3: Exp9 1-38
2026-05-04 22:24:18,541 INFO o.a.j.t.JMeterThread: Thread started: Config 3: Exp9 1-39
2026-05-04 22:24:18,720 INFO o.a.j.t.JMeterThread: Thread started: Config 3: Exp9 1-40
2026-05-04 22:24:18,899 INFO o.a.j.t.JMeterThread: Thread started: Config 3: Exp9 1-41
2026-05-04 22:24:19,079 INFO o.a.j.t.JMeterThread: Thread started: Config 3: Exp9 1-42
2026-05-04 22:24:19,257 INFO o.a.j.t.JMeterThread: Thread started: Config 3: Exp9 1-43
2026-05-04 22:24:19,436 INFO o.a.j.t.JMeterThread: Thread started: Config 3: Exp9 1-44
2026-05-04 22:24:19,616 INFO o.a.j.t.JMeterThread: Thread started: Config 3: Exp9 1-45
2026-05-04 22:24:19,795 INFO o.a.j.t.JMeterThread: Thread started: Config 3: Exp9 1-46
2026-05-04 22:24:19,974 INFO o.a.j.t.JMeterThread: Thread started: Config 3: Exp9 1-47
2026-05-04 22:24:20,152 INFO o.a.j.t.JMeterThread: Thread started: Config 3: Exp9 1-48
2026-05-04 22:24:20,331 INFO o.a.j.t.JMeterThread: Thread started: Config 3: Exp9 1-49
2026-05-04 22:24:20,510 INFO o.a.j.t.JMeterThread: Thread started: Config 3: Exp9 1-50
2026-05-04 22:24:20,689 INFO o.a.j.t.JMeterThread: Thread started: Config 3: Exp9 1-51
2026-05-04 22:24:20,868 INFO o.a.j.t.JMeterThread: Thread started: Config 3: Exp9 1-52
2026-05-04 22:24:21,047 INFO o.a.j.t.JMeterThread: Thread started: Config 3: Exp9 1-53
2026-05-04 22:24:21,227 INFO o.a.j.t.JMeterThread: Thread started: Config 3: Exp9 1-54
2026-05-04 22:24:21,407 INFO o.a.j.t.JMeterThread: Thread started: Config 3: Exp9 1-55
2026-05-04 22:24:21,585 INFO o.a.j.t.JMeterThread: Thread started: Config 3: Exp9 1-56
2026-05-04 22:24:21,763 INFO o.a.j.t.JMeterThread: Thread started: Config 3: Exp9 1-57
2026-05-04 22:24:21,942 INFO o.a.j.t.JMeterThread: Thread started: Config 3: Exp9 1-58
2026-05-04 22:24:22,121 INFO o.a.j.t.JMeterThread: Thread started: Config 3: Exp9 1-59
2026-05-04 22:24:22,300 INFO o.a.j.t.JMeterThread: Thread started: Config 3: Exp9 1-60
2026-05-04 22:24:22,479 INFO o.a.j.t.JMeterThread: Thread started: Config 3: Exp9 1-61
2026-05-04 22:24:22,658 INFO o.a.j.t.JMeterThread: Thread started: Config 3: Exp9 1-62
2026-05-04 22:24:22,838 INFO o.a.j.t.JMeterThread: Thread started: Config 3: Exp9 1-63
2026-05-04 22:24:23,017 INFO o.a.j.t.JMeterThread: Thread started: Config 3: Exp9 1-64
2026-05-04 22:24:23,197 INFO o.a.j.t.JMeterThread: Thread started: Config 3: Exp9 1-65
2026-05-04 22:24:23,376 INFO o.a.j.t.JMeterThread: Thread started: Config 3: Exp9 1-66
2026-05-04 22:24:23,553 INFO o.a.j.t.JMeterThread: Thread started: Config 3: Exp9 1-67
2026-05-04 22:24:23,732 INFO o.a.j.t.JMeterThread: Thread started: Config 3: Exp9 1-68
2026-05-04 22:24:23,911 INFO o.a.j.t.JMeterThread: Thread started: Config 3: Exp9 1-69
2026-05-04 22:24:24,090 INFO o.a.j.t.JMeterThread: Thread started: Config 3: Exp9 1-70
2026-05-04 22:24:24,270 INFO o.a.j.t.JMeterThread: Thread started: Config 3: Exp9 1-71
2026-05-04 22:24:24,448 INFO o.a.j.t.JMeterThread: Thread started: Config 3: Exp9 1-72
2026-05-04 22:24:24,627 INFO o.a.j.t.JMeterThread: Thread started: Config 3: Exp9 1-73
2026-05-04 22:24:24,807 INFO o.a.j.t.JMeterThread: Thread started: Config 3: Exp9 1-74
2026-05-04 22:24:24,986 INFO o.a.j.t.JMeterThread: Thread started: Config 3: Exp9 1-75
2026-05-04 22:24:25,165 INFO o.a.j.t.JMeterThread: Thread started: Config 3: Exp9 1-76
2026-05-04 22:24:25,344 INFO o.a.j.t.JMeterThread: Thread started: Config 3: Exp9 1-77
2026-05-04 22:24:25,522 INFO o.a.j.t.JMeterThread: Thread started: Config 3: Exp9 1-78
2026-05-04 22:24:25,701 INFO o.a.j.t.JMeterThread: Thread started: Config 3: Exp9 1-79
2026-05-04 22:24:25,880 INFO o.a.j.t.JMeterThread: Thread started: Config 3: Exp9 1-80
2026-05-04 22:24:26,059 INFO o.a.j.t.JMeterThread: Thread started: Config 3: Exp9 1-81
2026-05-04 22:24:26,238 INFO o.a.j.t.JMeterThread: Thread started: Config 3: Exp9 1-82
2026-05-04 22:24:26,417 INFO o.a.j.t.JMeterThread: Thread started: Config 3: Exp9 1-83
2026-05-04 22:24:26,596 INFO o.a.j.t.JMeterThread: Thread started: Config 3: Exp9 1-84
2026-05-04 22:24:26,775 INFO o.a.j.t.JMeterThread: Thread started: Config 3: Exp9 1-85
2026-05-04 22:24:26,955 INFO o.a.j.t.JMeterThread: Thread started: Config 3: Exp9 1-86
2026-05-04 22:24:27,134 INFO o.a.j.t.JMeterThread: Thread started: Config 3: Exp9 1-87
2026-05-04 22:24:27,313 INFO o.a.j.t.JMeterThread: Thread started: Config 3: Exp9 1-88
2026-05-04 22:24:27,491 INFO o.a.j.t.JMeterThread: Thread started: Config 3: Exp9 1-89
2026-05-04 22:24:27,670 INFO o.a.j.t.JMeterThread: Thread started: Config 3: Exp9 1-90
2026-05-04 22:24:27,850 INFO o.a.j.t.JMeterThread: Thread started: Config 3: Exp9 1-91
2026-05-04 22:24:28,028 INFO o.a.j.t.JMeterThread: Thread started: Config 3: Exp9 1-92
2026-05-04 22:24:28,207 INFO o.a.j.t.JMeterThread: Thread started: Config 3: Exp9 1-93
2026-05-04 22:24:28,386 INFO o.a.j.t.JMeterThread: Thread started: Config 3: Exp9 1-94
2026-05-04 22:24:28,565 INFO o.a.j.t.JMeterThread: Thread started: Config 3: Exp9 1-95
2026-05-04 22:24:28,744 INFO o.a.j.t.JMeterThread: Thread started: Config 3: Exp9 1-96
2026-05-04 22:24:28,923 INFO o.a.j.t.JMeterThread: Thread started: Config 3: Exp9 1-97
2026-05-04 22:24:29,103 INFO o.a.j.t.JMeterThread: Thread started: Config 3: Exp9 1-98
2026-05-04 22:24:29,281 INFO o.a.j.t.JMeterThread: Thread started: Config 3: Exp9 1-99
2026-05-04 22:24:29,460 INFO o.a.j.t.JMeterThread: Thread started: Config 3: Exp9 1-100
2026-05-04 22:24:29,639 INFO o.a.j.t.JMeterThread: Thread started: Config 3: Exp9 1-101
2026-05-04 22:24:29,818 INFO o.a.j.t.JMeterThread: Thread started: Config 3: Exp9 1-102
2026-05-04 22:24:29,998 INFO o.a.j.t.JMeterThread: Thread started: Config 3: Exp9 1-103
2026-05-04 22:24:30,177 INFO o.a.j.t.JMeterThread: Thread started: Config 3: Exp9 1-104
2026-05-04 22:24:30,357 INFO o.a.j.t.JMeterThread: Thread started: Config 3: Exp9 1-105
2026-05-04 22:24:30,535 INFO o.a.j.t.JMeterThread: Thread started: Config 3: Exp9 1-106
2026-05-04 22:24:30,713 INFO o.a.j.t.JMeterThread: Thread started: Config 3: Exp9 1-107
2026-05-04 22:24:30,892 INFO o.a.j.t.JMeterThread: Thread started: Config 3: Exp9 1-108
2026-05-04 22:24:31,072 INFO o.a.j.t.JMeterThread: Thread started: Config 3: Exp9 1-109
2026-05-04 22:24:31,250 INFO o.a.j.t.JMeterThread: Thread started: Config 3: Exp9 1-110
2026-05-04 22:24:31,430 INFO o.a.j.t.JMeterThread: Thread started: Config 3: Exp9 1-111
2026-05-04 22:24:31,608 INFO o.a.j.t.JMeterThread: Thread started: Config 3: Exp9 1-112
2026-05-04 22:24:31,787 INFO o.a.j.t.JMeterThread: Thread started: Config 3: Exp9 1-113
2026-05-04 22:24:31,966 INFO o.a.j.t.JMeterThread: Thread started: Config 3: Exp9 1-114
2026-05-04 22:24:32,145 INFO o.a.j.t.JMeterThread: Thread started: Config 3: Exp9 1-115
2026-05-04 22:24:32,324 INFO o.a.j.t.JMeterThread: Thread started: Config 3: Exp9 1-116
2026-05-04 22:24:32,503 INFO o.a.j.t.JMeterThread: Thread started: Config 3: Exp9 1-117
2026-05-04 22:24:32,683 INFO o.a.j.t.JMeterThread: Thread started: Config 3: Exp9 1-118
2026-05-04 22:24:32,861 INFO o.a.j.t.JMeterThread: Thread started: Config 3: Exp9 1-119
2026-05-04 22:24:33,041 INFO o.a.j.t.JMeterThread: Thread started: Config 3: Exp9 1-120
2026-05-04 22:24:33,220 INFO o.a.j.t.JMeterThread: Thread started: Config 3: Exp9 1-121
2026-05-04 22:24:33,399 INFO o.a.j.t.JMeterThread: Thread started: Config 3: Exp9 1-122
2026-05-04 22:24:33,578 INFO o.a.j.t.JMeterThread: Thread started: Config 3: Exp9 1-123
2026-05-04 22:24:33,756 INFO o.a.j.t.JMeterThread: Thread started: Config 3: Exp9 1-124
2026-05-04 22:24:33,935 INFO o.a.j.t.JMeterThread: Thread started: Config 3: Exp9 1-125
2026-05-04 22:24:34,114 INFO o.a.j.t.JMeterThread: Thread started: Config 3: Exp9 1-126
2026-05-04 22:24:34,293 INFO o.a.j.t.JMeterThread: Thread started: Config 3: Exp9 1-127
2026-05-04 22:24:34,472 INFO o.a.j.t.JMeterThread: Thread started: Config 3: Exp9 1-128
2026-05-04 22:24:34,651 INFO o.a.j.t.JMeterThread: Thread started: Config 3: Exp9 1-129
2026-05-04 22:24:34,830 INFO o.a.j.t.JMeterThread: Thread started: Config 3: Exp9 1-130
2026-05-04 22:24:35,009 INFO o.a.j.t.JMeterThread: Thread started: Config 3: Exp9 1-131
2026-05-04 22:24:35,189 INFO o.a.j.t.JMeterThread: Thread started: Config 3: Exp9 1-132
2026-05-04 22:24:35,368 INFO o.a.j.t.JMeterThread: Thread started: Config 3: Exp9 1-133
2026-05-04 22:24:35,546 INFO o.a.j.t.JMeterThread: Thread started: Config 3: Exp9 1-134
2026-05-04 22:24:35,725 INFO o.a.j.t.JMeterThread: Thread started: Config 3: Exp9 1-135
2026-05-04 22:24:35,904 INFO o.a.j.t.JMeterThread: Thread started: Config 3: Exp9 1-136
2026-05-04 22:24:36,083 INFO o.a.j.t.JMeterThread: Thread started: Config 3: Exp9 1-137
2026-05-04 22:24:36,262 INFO o.a.j.t.JMeterThread: Thread started: Config 3: Exp9 1-138
2026-05-04 22:24:36,442 INFO o.a.j.t.JMeterThread: Thread started: Config 3: Exp9 1-139
2026-05-04 22:24:36,620 INFO o.a.j.t.JMeterThread: Thread started: Config 3: Exp9 1-140
2026-05-04 22:24:36,800 INFO o.a.j.t.JMeterThread: Thread started: Config 3: Exp9 1-141
2026-05-04 22:24:36,979 INFO o.a.j.t.JMeterThread: Thread started: Config 3: Exp9 1-142
2026-05-04 22:24:37,158 INFO o.a.j.t.JMeterThread: Thread started: Config 3: Exp9 1-143
2026-05-04 22:24:37,336 INFO o.a.j.t.JMeterThread: Thread started: Config 3: Exp9 1-144
2026-05-04 22:24:37,516 INFO o.a.j.t.JMeterThread: Thread started: Config 3: Exp9 1-145
2026-05-04 22:24:37,695 INFO o.a.j.t.JMeterThread: Thread started: Config 3: Exp9 1-146
2026-05-04 22:24:37,873 INFO o.a.j.t.JMeterThread: Thread started: Config 3: Exp9 1-147
2026-05-04 22:24:38,052 INFO o.a.j.t.JMeterThread: Thread started: Config 3: Exp9 1-148
2026-05-04 22:24:38,231 INFO o.a.j.t.JMeterThread: Thread started: Config 3: Exp9 1-149
2026-05-04 22:24:38,410 INFO o.a.j.t.JMeterThread: Thread started: Config 3: Exp9 1-150
2026-05-04 22:24:38,589 INFO o.a.j.t.JMeterThread: Thread started: Config 3: Exp9 1-151
2026-05-04 22:24:38,768 INFO o.a.j.t.JMeterThread: Thread started: Config 3: Exp9 1-152
2026-05-04 22:24:38,947 INFO o.a.j.t.JMeterThread: Thread started: Config 3: Exp9 1-153
2026-05-04 22:24:39,127 INFO o.a.j.t.JMeterThread: Thread started: Config 3: Exp9 1-154
2026-05-04 22:24:39,305 INFO o.a.j.t.JMeterThread: Thread started: Config 3: Exp9 1-155
2026-05-04 22:24:39,485 INFO o.a.j.t.JMeterThread: Thread started: Config 3: Exp9 1-156
2026-05-04 22:24:39,664 INFO o.a.j.t.JMeterThread: Thread started: Config 3: Exp9 1-157
2026-05-04 22:24:39,843 INFO o.a.j.t.JMeterThread: Thread started: Config 3: Exp9 1-158
2026-05-04 22:24:40,021 INFO o.a.j.t.JMeterThread: Thread started: Config 3: Exp9 1-159
2026-05-04 22:24:40,200 INFO o.a.j.t.JMeterThread: Thread started: Config 3: Exp9 1-160
2026-05-04 22:24:40,379 INFO o.a.j.t.JMeterThread: Thread started: Config 3: Exp9 1-161
2026-05-04 22:24:40,558 INFO o.a.j.t.JMeterThread: Thread started: Config 3: Exp9 1-162
2026-05-04 22:24:40,737 INFO o.a.j.t.JMeterThread: Thread started: Config 3: Exp9 1-163
2026-05-04 22:24:40,917 INFO o.a.j.t.JMeterThread: Thread started: Config 3: Exp9 1-164
2026-05-04 22:24:41,096 INFO o.a.j.t.JMeterThread: Thread started: Config 3: Exp9 1-165
2026-05-04 22:24:41,275 INFO o.a.j.t.JMeterThread: Thread started: Config 3: Exp9 1-166
2026-05-04 22:24:41,454 INFO o.a.j.t.JMeterThread: Thread started: Config 3: Exp9 1-167
2026-05-04 22:24:41,632 INFO o.a.j.t.JMeterThread: Thread started: Config 3: Exp9 1-168
2026-05-04 22:24:41,811 INFO o.a.j.t.JMeterThread: Thread started: Config 3: Exp9 1-169
2026-05-04 22:24:41,990 INFO o.a.j.t.JMeterThread: Thread started: Config 3: Exp9 1-170
2026-05-04 22:24:42,170 INFO o.a.j.t.JMeterThread: Thread started: Config 3: Exp9 1-171
2026-05-04 22:24:42,348 INFO o.a.j.t.JMeterThread: Thread started: Config 3: Exp9 1-172
2026-05-04 22:24:42,527 INFO o.a.j.t.JMeterThread: Thread started: Config 3: Exp9 1-173
2026-05-04 22:24:42,706 INFO o.a.j.t.JMeterThread: Thread started: Config 3: Exp9 1-174
2026-05-04 22:24:42,885 INFO o.a.j.t.JMeterThread: Thread started: Config 3: Exp9 1-175
2026-05-04 22:24:43,064 INFO o.a.j.t.JMeterThread: Thread started: Config 3: Exp9 1-176
2026-05-04 22:24:43,243 INFO o.a.j.t.JMeterThread: Thread started: Config 3: Exp9 1-177
2026-05-04 22:24:43,422 INFO o.a.j.t.JMeterThread: Thread started: Config 3: Exp9 1-178
2026-05-04 22:24:43,601 INFO o.a.j.t.JMeterThread: Thread started: Config 3: Exp9 1-179
2026-05-04 22:24:43,780 INFO o.a.j.t.JMeterThread: Thread started: Config 3: Exp9 1-180
2026-05-04 22:24:43,959 INFO o.a.j.t.JMeterThread: Thread started: Config 3: Exp9 1-181
2026-05-04 22:24:44,139 INFO o.a.j.t.JMeterThread: Thread started: Config 3: Exp9 1-182
2026-05-04 22:24:44,318 INFO o.a.j.t.JMeterThread: Thread started: Config 3: Exp9 1-183
2026-05-04 22:24:44,498 INFO o.a.j.t.JMeterThread: Thread started: Config 3: Exp9 1-184
2026-05-04 22:24:44,675 INFO o.a.j.t.JMeterThread: Thread started: Config 3: Exp9 1-185
2026-05-04 22:24:44,854 INFO o.a.j.t.JMeterThread: Thread started: Config 3: Exp9 1-186
2026-05-04 22:24:45,033 INFO o.a.j.t.JMeterThread: Thread started: Config 3: Exp9 1-187
2026-05-04 22:24:45,213 INFO o.a.j.t.JMeterThread: Thread started: Config 3: Exp9 1-188
2026-05-04 22:24:45,391 INFO o.a.j.t.JMeterThread: Thread started: Config 3: Exp9 1-189
2026-05-04 22:24:45,570 INFO o.a.j.t.JMeterThread: Thread started: Config 3: Exp9 1-190
2026-05-04 22:24:45,749 INFO o.a.j.t.JMeterThread: Thread started: Config 3: Exp9 1-191
2026-05-04 22:24:45,928 INFO o.a.j.t.JMeterThread: Thread started: Config 3: Exp9 1-192
2026-05-04 22:24:46,107 INFO o.a.j.t.JMeterThread: Thread started: Config 3: Exp9 1-193
2026-05-04 22:24:46,286 INFO o.a.j.t.JMeterThread: Thread started: Config 3: Exp9 1-194
2026-05-04 22:24:46,465 INFO o.a.j.t.JMeterThread: Thread started: Config 3: Exp9 1-195
2026-05-04 22:24:46,644 INFO o.a.j.t.JMeterThread: Thread started: Config 3: Exp9 1-196
2026-05-04 22:24:46,824 INFO o.a.j.t.JMeterThread: Thread started: Config 3: Exp9 1-197
2026-05-04 22:24:47,003 INFO o.a.j.t.JMeterThread: Thread started: Config 3: Exp9 1-198
2026-05-04 22:24:47,181 INFO o.a.j.t.JMeterThread: Thread started: Config 3: Exp9 1-199
2026-05-04 22:24:47,360 INFO o.a.j.t.JMeterThread: Thread started: Config 3: Exp9 1-200
2026-05-04 22:24:47,539 INFO o.a.j.t.JMeterThread: Thread started: Config 3: Exp9 1-201
2026-05-04 22:24:47,718 INFO o.a.j.t.JMeterThread: Thread started: Config 3: Exp9 1-202
2026-05-04 22:24:47,897 INFO o.a.j.t.JMeterThread: Thread started: Config 3: Exp9 1-203
2026-05-04 22:24:48,077 INFO o.a.j.t.JMeterThread: Thread started: Config 3: Exp9 1-204
2026-05-04 22:24:48,255 INFO o.a.j.t.JMeterThread: Thread started: Config 3: Exp9 1-205
2026-05-04 22:24:48,434 INFO o.a.j.t.JMeterThread: Thread started: Config 3: Exp9 1-206
2026-05-04 22:24:48,613 INFO o.a.j.t.JMeterThread: Thread started: Config 3: Exp9 1-207
2026-05-04 22:24:48,793 INFO o.a.j.t.JMeterThread: Thread started: Config 3: Exp9 1-208
2026-05-04 22:24:48,971 INFO o.a.j.t.JMeterThread: Thread started: Config 3: Exp9 1-209
2026-05-04 22:24:49,150 INFO o.a.j.t.JMeterThread: Thread started: Config 3: Exp9 1-210
2026-05-04 22:24:49,330 INFO o.a.j.t.JMeterThread: Thread started: Config 3: Exp9 1-211
2026-05-04 22:24:49,509 INFO o.a.j.t.JMeterThread: Thread started: Config 3: Exp9 1-212
2026-05-04 22:24:49,687 INFO o.a.j.t.JMeterThread: Thread started: Config 3: Exp9 1-213
2026-05-04 22:24:49,866 INFO o.a.j.t.JMeterThread: Thread started: Config 3: Exp9 1-214
2026-05-04 22:24:50,045 INFO o.a.j.t.JMeterThread: Thread started: Config 3: Exp9 1-215
2026-05-04 22:24:50,224 INFO o.a.j.t.JMeterThread: Thread started: Config 3: Exp9 1-216
2026-05-04 22:24:50,403 INFO o.a.j.t.JMeterThread: Thread started: Config 3: Exp9 1-217
2026-05-04 22:24:50,582 INFO o.a.j.t.JMeterThread: Thread started: Config 3: Exp9 1-218
2026-05-04 22:24:50,761 INFO o.a.j.t.JMeterThread: Thread started: Config 3: Exp9 1-219
2026-05-04 22:24:50,941 INFO o.a.j.t.JMeterThread: Thread started: Config 3: Exp9 1-220
2026-05-04 22:24:51,120 INFO o.a.j.t.JMeterThread: Thread started: Config 3: Exp9 1-221
2026-05-04 22:24:51,299 INFO o.a.j.t.JMeterThread: Thread started: Config 3: Exp9 1-222
2026-05-04 22:24:51,478 INFO o.a.j.t.JMeterThread: Thread started: Config 3: Exp9 1-223
2026-05-04 22:24:51,657 INFO o.a.j.t.JMeterThread: Thread started: Config 3: Exp9 1-224
2026-05-04 22:24:51,836 INFO o.a.j.t.JMeterThread: Thread started: Config 3: Exp9 1-225
2026-05-04 22:24:52,014 INFO o.a.j.t.JMeterThread: Thread started: Config 3: Exp9 1-226
2026-05-04 22:24:52,193 INFO o.a.j.t.JMeterThread: Thread started: Config 3: Exp9 1-227
2026-05-04 22:24:52,372 INFO o.a.j.t.JMeterThread: Thread started: Config 3: Exp9 1-228
2026-05-04 22:24:52,551 INFO o.a.j.t.JMeterThread: Thread started: Config 3: Exp9 1-229
2026-05-04 22:24:52,730 INFO o.a.j.t.JMeterThread: Thread started: Config 3: Exp9 1-230
2026-05-04 22:24:52,909 INFO o.a.j.t.JMeterThread: Thread started: Config 3: Exp9 1-231
2026-05-04 22:24:53,088 INFO o.a.j.t.JMeterThread: Thread started: Config 3: Exp9 1-232
2026-05-04 22:24:53,267 INFO o.a.j.t.JMeterThread: Thread started: Config 3: Exp9 1-233
2026-05-04 22:24:53,446 INFO o.a.j.t.JMeterThread: Thread started: Config 3: Exp9 1-234
2026-05-04 22:24:53,625 INFO o.a.j.t.JMeterThread: Thread started: Config 3: Exp9 1-235
2026-05-04 22:24:53,805 INFO o.a.j.t.JMeterThread: Thread started: Config 3: Exp9 1-236
2026-05-04 22:24:53,984 INFO o.a.j.t.JMeterThread: Thread started: Config 3: Exp9 1-237
2026-05-04 22:24:54,163 INFO o.a.j.t.JMeterThread: Thread started: Config 3: Exp9 1-238
2026-05-04 22:24:54,343 INFO o.a.j.t.JMeterThread: Thread started: Config 3: Exp9 1-239
2026-05-04 22:24:54,520 INFO o.a.j.t.JMeterThread: Thread started: Config 3: Exp9 1-240
2026-05-04 22:24:54,699 INFO o.a.j.t.JMeterThread: Thread started: Config 3: Exp9 1-241
2026-05-04 22:24:54,878 INFO o.a.j.t.JMeterThread: Thread started: Config 3: Exp9 1-242
2026-05-04 22:24:55,057 INFO o.a.j.t.JMeterThread: Thread started: Config 3: Exp9 1-243
2026-05-04 22:24:55,236 INFO o.a.j.t.JMeterThread: Thread started: Config 3: Exp9 1-244
2026-05-04 22:24:55,415 INFO o.a.j.t.JMeterThread: Thread started: Config 3: Exp9 1-245
2026-05-04 22:24:55,594 INFO o.a.j.t.JMeterThread: Thread started: Config 3: Exp9 1-246
2026-05-04 22:24:55,773 INFO o.a.j.t.JMeterThread: Thread started: Config 3: Exp9 1-247
2026-05-04 22:24:55,953 INFO o.a.j.t.JMeterThread: Thread started: Config 3: Exp9 1-248
2026-05-04 22:24:56,132 INFO o.a.j.t.JMeterThread: Thread started: Config 3: Exp9 1-249
2026-05-04 22:24:56,310 INFO o.a.j.t.JMeterThread: Thread started: Config 3: Exp9 1-250
2026-05-04 22:24:56,489 INFO o.a.j.t.JMeterThread: Thread started: Config 3: Exp9 1-251
2026-05-04 22:24:56,668 INFO o.a.j.t.JMeterThread: Thread started: Config 3: Exp9 1-252
2026-05-04 22:24:56,849 INFO o.a.j.t.JMeterThread: Thread started: Config 3: Exp9 1-253
2026-05-04 22:24:57,027 INFO o.a.j.t.JMeterThread: Thread started: Config 3: Exp9 1-254
2026-05-04 22:24:57,206 INFO o.a.j.t.JMeterThread: Thread started: Config 3: Exp9 1-255
2026-05-04 22:24:57,385 INFO o.a.j.t.JMeterThread: Thread started: Config 3: Exp9 1-256
2026-05-04 22:24:57,564 INFO o.a.j.t.JMeterThread: Thread started: Config 3: Exp9 1-257
2026-05-04 22:24:57,743 INFO o.a.j.t.JMeterThread: Thread started: Config 3: Exp9 1-258
2026-05-04 22:24:57,921 INFO o.a.j.t.JMeterThread: Thread started: Config 3: Exp9 1-259
2026-05-04 22:24:58,100 INFO o.a.j.t.JMeterThread: Thread started: Config 3: Exp9 1-260
2026-05-04 22:24:58,279 INFO o.a.j.t.JMeterThread: Thread started: Config 3: Exp9 1-261
2026-05-04 22:24:58,459 INFO o.a.j.t.JMeterThread: Thread started: Config 3: Exp9 1-262
2026-05-04 22:24:58,637 INFO o.a.j.t.JMeterThread: Thread started: Config 3: Exp9 1-263
2026-05-04 22:24:58,817 INFO o.a.j.t.JMeterThread: Thread started: Config 3: Exp9 1-264
2026-05-04 22:24:58,996 INFO o.a.j.t.JMeterThread: Thread started: Config 3: Exp9 1-265
2026-05-04 22:24:59,175 INFO o.a.j.t.JMeterThread: Thread started: Config 3: Exp9 1-266
2026-05-04 22:24:59,353 INFO o.a.j.t.JMeterThread: Thread started: Config 3: Exp9 1-267
2026-05-04 22:24:59,533 INFO o.a.j.t.JMeterThread: Thread started: Config 3: Exp9 1-268
2026-05-04 22:24:59,711 INFO o.a.j.t.JMeterThread: Thread started: Config 3: Exp9 1-269
2026-05-04 22:24:59,891 INFO o.a.j.t.JMeterThread: Thread started: Config 3: Exp9 1-270
2026-05-04 22:25:00,070 INFO o.a.j.t.JMeterThread: Thread started: Config 3: Exp9 1-271
2026-05-04 22:25:00,249 INFO o.a.j.t.JMeterThread: Thread started: Config 3: Exp9 1-272
2026-05-04 22:25:00,427 INFO o.a.j.t.JMeterThread: Thread started: Config 3: Exp9 1-273
2026-05-04 22:25:00,607 INFO o.a.j.t.JMeterThread: Thread started: Config 3: Exp9 1-274
2026-05-04 22:25:00,785 INFO o.a.j.t.JMeterThread: Thread started: Config 3: Exp9 1-275
2026-05-04 22:25:00,964 INFO o.a.j.t.JMeterThread: Thread started: Config 3: Exp9 1-276
2026-05-04 22:25:01,143 INFO o.a.j.t.JMeterThread: Thread started: Config 3: Exp9 1-277
2026-05-04 22:25:01,323 INFO o.a.j.t.JMeterThread: Thread started: Config 3: Exp9 1-278
2026-05-04 22:25:01,502 INFO o.a.j.t.JMeterThread: Thread started: Config 3: Exp9 1-279
2026-05-04 22:25:01,680 INFO o.a.j.t.JMeterThread: Thread started: Config 3: Exp9 1-280
2026-05-04 22:25:01,859 INFO o.a.j.t.JMeterThread: Thread started: Config 3: Exp9 1-281
2026-05-04 22:25:02,038 INFO o.a.j.t.JMeterThread: Thread started: Config 3: Exp9 1-282
2026-05-04 22:25:02,217 INFO o.a.j.t.JMeterThread: Thread started: Config 3: Exp9 1-283
2026-05-04 22:25:02,396 INFO o.a.j.t.JMeterThread: Thread started: Config 3: Exp9 1-284
2026-05-04 22:25:02,575 INFO o.a.j.t.JMeterThread: Thread started: Config 3: Exp9 1-285
2026-05-04 22:25:02,754 INFO o.a.j.t.JMeterThread: Thread started: Config 3: Exp9 1-286
2026-05-04 22:25:02,933 INFO o.a.j.t.JMeterThread: Thread started: Config 3: Exp9 1-287
2026-05-04 22:25:03,113 INFO o.a.j.t.JMeterThread: Thread started: Config 3: Exp9 1-288
2026-05-04 22:25:03,291 INFO o.a.j.t.JMeterThread: Thread started: Config 3: Exp9 1-289
2026-05-04 22:25:03,471 INFO o.a.j.t.JMeterThread: Thread started: Config 3: Exp9 1-290
2026-05-04 22:25:03,650 INFO o.a.j.t.JMeterThread: Thread started: Config 3: Exp9 1-291
2026-05-04 22:25:03,828 INFO o.a.j.t.JMeterThread: Thread started: Config 3: Exp9 1-292
2026-05-04 22:25:04,008 INFO o.a.j.t.JMeterThread: Thread started: Config 3: Exp9 1-293
2026-05-04 22:25:04,186 INFO o.a.j.t.JMeterThread: Thread started: Config 3: Exp9 1-294
2026-05-04 22:25:04,365 INFO o.a.j.t.JMeterThread: Thread started: Config 3: Exp9 1-295
2026-05-04 22:25:04,544 INFO o.a.j.t.JMeterThread: Thread started: Config 3: Exp9 1-296
2026-05-04 22:25:04,724 INFO o.a.j.t.JMeterThread: Thread started: Config 3: Exp9 1-297
2026-05-04 22:25:04,902 INFO o.a.j.t.JMeterThread: Thread started: Config 3: Exp9 1-298
2026-05-04 22:25:05,081 INFO o.a.j.t.JMeterThread: Thread started: Config 3: Exp9 1-299
2026-05-04 22:25:05,260 INFO o.a.j.t.JMeterThread: Thread started: Config 3: Exp9 1-300
2026-05-04 22:25:05,440 INFO o.a.j.t.JMeterThread: Thread started: Config 3: Exp9 1-301
2026-05-04 22:25:05,618 INFO o.a.j.t.JMeterThread: Thread started: Config 3: Exp9 1-302
2026-05-04 22:25:05,797 INFO o.a.j.t.JMeterThread: Thread started: Config 3: Exp9 1-303
2026-05-04 22:25:05,976 INFO o.a.j.t.JMeterThread: Thread started: Config 3: Exp9 1-304
2026-05-04 22:25:06,155 INFO o.a.j.t.JMeterThread: Thread started: Config 3: Exp9 1-305
2026-05-04 22:25:06,334 INFO o.a.j.t.JMeterThread: Thread started: Config 3: Exp9 1-306
2026-05-04 22:25:06,513 INFO o.a.j.t.JMeterThread: Thread started: Config 3: Exp9 1-307
2026-05-04 22:25:06,692 INFO o.a.j.t.JMeterThread: Thread started: Config 3: Exp9 1-308
2026-05-04 22:25:06,872 INFO o.a.j.t.JMeterThread: Thread started: Config 3: Exp9 1-309
2026-05-04 22:25:07,050 INFO o.a.j.t.JMeterThread: Thread started: Config 3: Exp9 1-310
2026-05-04 22:25:07,230 INFO o.a.j.t.JMeterThread: Thread started: Config 3: Exp9 1-311
2026-05-04 22:25:07,408 INFO o.a.j.t.JMeterThread: Thread started: Config 3: Exp9 1-312
2026-05-04 22:25:07,587 INFO o.a.j.t.JMeterThread: Thread started: Config 3: Exp9 1-313
2026-05-04 22:25:07,766 INFO o.a.j.t.JMeterThread: Thread started: Config 3: Exp9 1-314
2026-05-04 22:25:07,946 INFO o.a.j.t.JMeterThread: Thread started: Config 3: Exp9 1-315
2026-05-04 22:25:08,125 INFO o.a.j.t.JMeterThread: Thread started: Config 3: Exp9 1-316
2026-05-04 22:25:08,304 INFO o.a.j.t.JMeterThread: Thread started: Config 3: Exp9 1-317
2026-05-04 22:25:08,483 INFO o.a.j.t.JMeterThread: Thread started: Config 3: Exp9 1-318
2026-05-04 22:25:08,662 INFO o.a.j.t.JMeterThread: Thread started: Config 3: Exp9 1-319
2026-05-04 22:25:08,841 INFO o.a.j.t.JMeterThread: Thread started: Config 3: Exp9 1-320
2026-05-04 22:25:09,019 INFO o.a.j.t.JMeterThread: Thread started: Config 3: Exp9 1-321
2026-05-04 22:25:09,199 INFO o.a.j.t.JMeterThread: Thread started: Config 3: Exp9 1-322
2026-05-04 22:25:09,377 INFO o.a.j.t.JMeterThread: Thread started: Config 3: Exp9 1-323
2026-05-04 22:25:09,557 INFO o.a.j.t.JMeterThread: Thread started: Config 3: Exp9 1-324
2026-05-04 22:25:09,736 INFO o.a.j.t.JMeterThread: Thread started: Config 3: Exp9 1-325
2026-05-04 22:25:09,914 INFO o.a.j.t.JMeterThread: Thread started: Config 3: Exp9 1-326
2026-05-04 22:25:10,093 INFO o.a.j.t.JMeterThread: Thread started: Config 3: Exp9 1-327
2026-05-04 22:25:10,272 INFO o.a.j.t.JMeterThread: Thread started: Config 3: Exp9 1-328
2026-05-04 22:25:10,452 INFO o.a.j.t.JMeterThread: Thread started: Config 3: Exp9 1-329
2026-05-04 22:25:10,630 INFO o.a.j.t.JMeterThread: Thread started: Config 3: Exp9 1-330
2026-05-04 22:25:10,809 INFO o.a.j.t.JMeterThread: Thread started: Config 3: Exp9 1-331
2026-05-04 22:25:10,988 INFO o.a.j.t.JMeterThread: Thread started: Config 3: Exp9 1-332
2026-05-04 22:25:11,168 INFO o.a.j.t.JMeterThread: Thread started: Config 3: Exp9 1-333
2026-05-04 22:25:11,347 INFO o.a.j.t.JMeterThread: Thread started: Config 3: Exp9 1-334
2026-05-04 22:25:11,525 INFO o.a.j.t.JMeterThread: Thread started: Config 3: Exp9 1-335
2026-05-04 22:25:11,705 INFO o.a.j.t.JMeterThread: Thread started: Config 3: Exp9 1-336
2026-05-04 22:25:11,883 INFO o.a.j.t.JMeterThread: Thread started: Config 3: Exp9 1-337
2026-05-04 22:25:12,062 INFO o.a.j.t.JMeterThread: Thread started: Config 3: Exp9 1-338
2026-05-04 22:25:12,241 INFO o.a.j.t.JMeterThread: Thread started: Config 3: Exp9 1-339
2026-05-04 22:25:12,420 INFO o.a.j.t.JMeterThread: Thread started: Config 3: Exp9 1-340
2026-05-04 22:25:12,599 INFO o.a.j.t.JMeterThread: Thread started: Config 3: Exp9 1-341
2026-05-04 22:25:12,778 INFO o.a.j.t.JMeterThread: Thread started: Config 3: Exp9 1-342
2026-05-04 22:25:12,957 INFO o.a.j.t.JMeterThread: Thread started: Config 3: Exp9 1-343
2026-05-04 22:25:13,137 INFO o.a.j.t.JMeterThread: Thread started: Config 3: Exp9 1-344
2026-05-04 22:25:13,315 INFO o.a.j.t.JMeterThread: Thread started: Config 3: Exp9 1-345
2026-05-04 22:25:13,494 INFO o.a.j.t.JMeterThread: Thread started: Config 3: Exp9 1-346
2026-05-04 22:25:13,673 INFO o.a.j.t.JMeterThread: Thread started: Config 3: Exp9 1-347
2026-05-04 22:25:13,852 INFO o.a.j.t.JMeterThread: Thread started: Config 3: Exp9 1-348
2026-05-04 22:25:14,031 INFO o.a.j.t.JMeterThread: Thread started: Config 3: Exp9 1-349
2026-05-04 22:25:14,210 INFO o.a.j.t.JMeterThread: Thread started: Config 3: Exp9 1-350
2026-05-04 22:25:14,389 INFO o.a.j.t.JMeterThread: Thread started: Config 3: Exp9 1-351
2026-05-04 22:25:14,568 INFO o.a.j.t.JMeterThread: Thread started: Config 3: Exp9 1-352
2026-05-04 22:25:14,747 INFO o.a.j.t.JMeterThread: Thread started: Config 3: Exp9 1-353
2026-05-04 22:25:14,926 INFO o.a.j.t.JMeterThread: Thread started: Config 3: Exp9 1-354
2026-05-04 22:25:15,105 INFO o.a.j.t.JMeterThread: Thread started: Config 3: Exp9 1-355
2026-05-04 22:25:15,284 INFO o.a.j.t.JMeterThread: Thread started: Config 3: Exp9 1-356
2026-05-04 22:25:15,463 INFO o.a.j.t.JMeterThread: Thread started: Config 3: Exp9 1-357
2026-05-04 22:25:15,643 INFO o.a.j.t.JMeterThread: Thread started: Config 3: Exp9 1-358
2026-05-04 22:25:15,822 INFO o.a.j.t.JMeterThread: Thread started: Config 3: Exp9 1-359
2026-05-04 22:25:16,001 INFO o.a.j.t.JMeterThread: Thread started: Config 3: Exp9 1-360
2026-05-04 22:25:16,180 INFO o.a.j.t.JMeterThread: Thread started: Config 3: Exp9 1-361
2026-05-04 22:25:16,359 INFO o.a.j.t.JMeterThread: Thread started: Config 3: Exp9 1-362
2026-05-04 22:25:16,537 INFO o.a.j.t.JMeterThread: Thread started: Config 3: Exp9 1-363
2026-05-04 22:25:16,717 INFO o.a.j.t.JMeterThread: Thread started: Config 3: Exp9 1-364
2026-05-04 22:25:16,895 INFO o.a.j.t.JMeterThread: Thread started: Config 3: Exp9 1-365
2026-05-04 22:25:17,075 INFO o.a.j.t.JMeterThread: Thread started: Config 3: Exp9 1-366
2026-05-04 22:25:17,253 INFO o.a.j.t.JMeterThread: Thread started: Config 3: Exp9 1-367
2026-05-04 22:25:17,432 INFO o.a.j.t.JMeterThread: Thread started: Config 3: Exp9 1-368
2026-05-04 22:25:17,611 INFO o.a.j.t.JMeterThread: Thread started: Config 3: Exp9 1-369
2026-05-04 22:25:17,790 INFO o.a.j.t.JMeterThread: Thread started: Config 3: Exp9 1-370
2026-05-04 22:25:17,970 INFO o.a.j.t.JMeterThread: Thread started: Config 3: Exp9 1-371
2026-05-04 22:25:18,149 INFO o.a.j.t.JMeterThread: Thread started: Config 3: Exp9 1-372
2026-05-04 22:25:18,327 INFO o.a.j.t.JMeterThread: Thread started: Config 3: Exp9 1-373
2026-05-04 22:25:18,506 INFO o.a.j.t.JMeterThread: Thread started: Config 3: Exp9 1-374
2026-05-04 22:25:18,685 INFO o.a.j.t.JMeterThread: Thread started: Config 3: Exp9 1-375
2026-05-04 22:25:18,865 INFO o.a.j.t.JMeterThread: Thread started: Config 3: Exp9 1-376
2026-05-04 22:25:19,043 INFO o.a.j.t.JMeterThread: Thread started: Config 3: Exp9 1-377
2026-05-04 22:25:19,222 INFO o.a.j.t.JMeterThread: Thread started: Config 3: Exp9 1-378
2026-05-04 22:25:19,401 INFO o.a.j.t.JMeterThread: Thread started: Config 3: Exp9 1-379
2026-05-04 22:25:19,580 INFO o.a.j.t.JMeterThread: Thread started: Config 3: Exp9 1-380
2026-05-04 22:25:19,759 INFO o.a.j.t.JMeterThread: Thread started: Config 3: Exp9 1-381
2026-05-04 22:25:19,939 INFO o.a.j.t.JMeterThread: Thread started: Config 3: Exp9 1-382
2026-05-04 22:25:20,117 INFO o.a.j.t.JMeterThread: Thread started: Config 3: Exp9 1-383
2026-05-04 22:25:20,297 INFO o.a.j.t.JMeterThread: Thread started: Config 3: Exp9 1-384
2026-05-04 22:25:20,476 INFO o.a.j.t.JMeterThread: Thread started: Config 3: Exp9 1-385
2026-05-04 22:25:20,655 INFO o.a.j.t.JMeterThread: Thread started: Config 3: Exp9 1-386
2026-05-04 22:25:20,833 INFO o.a.j.t.JMeterThread: Thread started: Config 3: Exp9 1-387
2026-05-04 22:25:21,012 INFO o.a.j.t.JMeterThread: Thread started: Config 3: Exp9 1-388
2026-05-04 22:25:21,191 INFO o.a.j.t.JMeterThread: Thread started: Config 3: Exp9 1-389
2026-05-04 22:25:21,370 INFO o.a.j.t.JMeterThread: Thread started: Config 3: Exp9 1-390
2026-05-04 22:25:21,549 INFO o.a.j.t.JMeterThread: Thread started: Config 3: Exp9 1-391
2026-05-04 22:25:21,728 INFO o.a.j.t.JMeterThread: Thread started: Config 3: Exp9 1-392
2026-05-04 22:25:21,907 INFO o.a.j.t.JMeterThread: Thread started: Config 3: Exp9 1-393
2026-05-04 22:25:22,087 INFO o.a.j.t.JMeterThread: Thread started: Config 3: Exp9 1-394
2026-05-04 22:25:22,265 INFO o.a.j.t.JMeterThread: Thread started: Config 3: Exp9 1-395
2026-05-04 22:25:22,446 INFO o.a.j.t.JMeterThread: Thread started: Config 3: Exp9 1-396
2026-05-04 22:25:22,624 INFO o.a.j.t.JMeterThread: Thread started: Config 3: Exp9 1-397
2026-05-04 22:25:22,803 INFO o.a.j.t.JMeterThread: Thread started: Config 3: Exp9 1-398
2026-05-04 22:25:22,981 INFO o.a.j.t.JMeterThread: Thread started: Config 3: Exp9 1-399
2026-05-04 22:25:23,160 INFO o.a.j.t.JMeterThread: Thread started: Config 3: Exp9 1-400
2026-05-04 22:25:23,340 INFO o.a.j.t.JMeterThread: Thread started: Config 3: Exp9 1-401
2026-05-04 22:25:23,518 INFO o.a.j.t.JMeterThread: Thread started: Config 3: Exp9 1-402
2026-05-04 22:25:23,697 INFO o.a.j.t.JMeterThread: Thread started: Config 3: Exp9 1-403
2026-05-04 22:25:23,877 INFO o.a.j.t.JMeterThread: Thread started: Config 3: Exp9 1-404
2026-05-04 22:25:24,056 INFO o.a.j.t.JMeterThread: Thread started: Config 3: Exp9 1-405
2026-05-04 22:25:24,234 INFO o.a.j.t.JMeterThread: Thread started: Config 3: Exp9 1-406
2026-05-04 22:25:24,414 INFO o.a.j.t.JMeterThread: Thread started: Config 3: Exp9 1-407
2026-05-04 22:25:24,592 INFO o.a.j.t.JMeterThread: Thread started: Config 3: Exp9 1-408
2026-05-04 22:25:24,772 INFO o.a.j.t.JMeterThread: Thread started: Config 3: Exp9 1-409
2026-05-04 22:25:24,950 INFO o.a.j.t.JMeterThread: Thread started: Config 3: Exp9 1-410
2026-05-04 22:25:25,129 INFO o.a.j.t.JMeterThread: Thread started: Config 3: Exp9 1-411
2026-05-04 22:25:25,308 INFO o.a.j.t.JMeterThread: Thread started: Config 3: Exp9 1-412
2026-05-04 22:25:25,487 INFO o.a.j.t.JMeterThread: Thread started: Config 3: Exp9 1-413
2026-05-04 22:25:25,667 INFO o.a.j.t.JMeterThread: Thread started: Config 3: Exp9 1-414
2026-05-04 22:25:25,845 INFO o.a.j.t.JMeterThread: Thread started: Config 3: Exp9 1-415
2026-05-04 22:25:26,024 INFO o.a.j.t.JMeterThread: Thread started: Config 3: Exp9 1-416
2026-05-04 22:25:26,204 INFO o.a.j.t.JMeterThread: Thread started: Config 3: Exp9 1-417
2026-05-04 22:25:26,383 INFO o.a.j.t.JMeterThread: Thread started: Config 3: Exp9 1-418
2026-05-04 22:25:26,561 INFO o.a.j.t.JMeterThread: Thread started: Config 3: Exp9 1-419
2026-05-04 22:25:26,740 INFO o.a.j.t.JMeterThread: Thread started: Config 3: Exp9 1-420
2026-05-04 22:25:26,919 INFO o.a.j.t.JMeterThread: Thread started: Config 3: Exp9 1-421
2026-05-04 22:25:27,098 INFO o.a.j.t.JMeterThread: Thread started: Config 3: Exp9 1-422
2026-05-04 22:25:27,277 INFO o.a.j.t.JMeterThread: Thread started: Config 3: Exp9 1-423
2026-05-04 22:25:27,456 INFO o.a.j.t.JMeterThread: Thread started: Config 3: Exp9 1-424
2026-05-04 22:25:27,636 INFO o.a.j.t.JMeterThread: Thread started: Config 3: Exp9 1-425
2026-05-04 22:25:27,815 INFO o.a.j.t.JMeterThread: Thread started: Config 3: Exp9 1-426
2026-05-04 22:25:27,993 INFO o.a.j.t.JMeterThread: Thread started: Config 3: Exp9 1-427
2026-05-04 22:25:28,172 INFO o.a.j.t.JMeterThread: Thread started: Config 3: Exp9 1-428
2026-05-04 22:25:28,351 INFO o.a.j.t.JMeterThread: Thread started: Config 3: Exp9 1-429
2026-05-04 22:25:28,531 INFO o.a.j.t.JMeterThread: Thread started: Config 3: Exp9 1-430
2026-05-04 22:25:28,710 INFO o.a.j.t.JMeterThread: Thread started: Config 3: Exp9 1-431
2026-05-04 22:25:28,889 INFO o.a.j.t.JMeterThread: Thread started: Config 3: Exp9 1-432
2026-05-04 22:25:29,067 INFO o.a.j.t.JMeterThread: Thread started: Config 3: Exp9 1-433
2026-05-04 22:25:29,246 INFO o.a.j.t.JMeterThread: Thread started: Config 3: Exp9 1-434
2026-05-04 22:25:29,425 INFO o.a.j.t.JMeterThread: Thread started: Config 3: Exp9 1-435
2026-05-04 22:25:29,604 INFO o.a.j.t.JMeterThread: Thread started: Config 3: Exp9 1-436
2026-05-04 22:25:29,783 INFO o.a.j.t.JMeterThread: Thread started: Config 3: Exp9 1-437
2026-05-04 22:25:29,962 INFO o.a.j.t.JMeterThread: Thread started: Config 3: Exp9 1-438
2026-05-04 22:25:30,141 INFO o.a.j.t.JMeterThread: Thread started: Config 3: Exp9 1-439
2026-05-04 22:25:30,320 INFO o.a.j.t.JMeterThread: Thread started: Config 3: Exp9 1-440
2026-05-04 22:25:30,499 INFO o.a.j.t.JMeterThread: Thread started: Config 3: Exp9 1-441
2026-05-04 22:25:30,678 INFO o.a.j.t.JMeterThread: Thread started: Config 3: Exp9 1-442
2026-05-04 22:25:30,857 INFO o.a.j.t.JMeterThread: Thread started: Config 3: Exp9 1-443
2026-05-04 22:25:31,036 INFO o.a.j.t.JMeterThread: Thread started: Config 3: Exp9 1-444
2026-05-04 22:25:31,216 INFO o.a.j.t.JMeterThread: Thread started: Config 3: Exp9 1-445
2026-05-04 22:25:31,395 INFO o.a.j.t.JMeterThread: Thread started: Config 3: Exp9 1-446
2026-05-04 22:25:31,573 INFO o.a.j.t.JMeterThread: Thread started: Config 3: Exp9 1-447
2026-05-04 22:25:31,752 INFO o.a.j.t.JMeterThread: Thread started: Config 3: Exp9 1-448
2026-05-04 22:25:31,931 INFO o.a.j.t.JMeterThread: Thread started: Config 3: Exp9 1-449
2026-05-04 22:25:32,111 INFO o.a.j.t.JMeterThread: Thread started: Config 3: Exp9 1-450
2026-05-04 22:25:32,290 INFO o.a.j.t.JMeterThread: Thread started: Config 3: Exp9 1-451
2026-05-04 22:25:32,468 INFO o.a.j.t.JMeterThread: Thread started: Config 3: Exp9 1-452
2026-05-04 22:25:32,647 INFO o.a.j.t.JMeterThread: Thread started: Config 3: Exp9 1-453
2026-05-04 22:25:32,826 INFO o.a.j.t.JMeterThread: Thread started: Config 3: Exp9 1-454
2026-05-04 22:25:33,006 INFO o.a.j.t.JMeterThread: Thread started: Config 3: Exp9 1-455
2026-05-04 22:25:33,185 INFO o.a.j.t.JMeterThread: Thread started: Config 3: Exp9 1-456
2026-05-04 22:25:33,363 INFO o.a.j.t.JMeterThread: Thread started: Config 3: Exp9 1-457
2026-05-04 22:25:33,543 INFO o.a.j.t.JMeterThread: Thread started: Config 3: Exp9 1-458
2026-05-04 22:25:33,721 INFO o.a.j.t.JMeterThread: Thread started: Config 3: Exp9 1-459
2026-05-04 22:25:33,900 INFO o.a.j.t.JMeterThread: Thread started: Config 3: Exp9 1-460
2026-05-04 22:25:34,079 INFO o.a.j.t.JMeterThread: Thread started: Config 3: Exp9 1-461
2026-05-04 22:25:34,258 INFO o.a.j.t.JMeterThread: Thread started: Config 3: Exp9 1-462
2026-05-04 22:25:34,437 INFO o.a.j.t.JMeterThread: Thread started: Config 3: Exp9 1-463
2026-05-04 22:25:34,616 INFO o.a.j.t.JMeterThread: Thread started: Config 3: Exp9 1-464
2026-05-04 22:25:34,795 INFO o.a.j.t.JMeterThread: Thread started: Config 3: Exp9 1-465
2026-05-04 22:25:34,974 INFO o.a.j.t.JMeterThread: Thread started: Config 3: Exp9 1-466
2026-05-04 22:25:35,153 INFO o.a.j.t.JMeterThread: Thread started: Config 3: Exp9 1-467
2026-05-04 22:25:35,332 INFO o.a.j.t.JMeterThread: Thread started: Config 3: Exp9 1-468
2026-05-04 22:25:35,511 INFO o.a.j.t.JMeterThread: Thread started: Config 3: Exp9 1-469
2026-05-04 22:25:35,690 INFO o.a.j.t.JMeterThread: Thread started: Config 3: Exp9 1-470
2026-05-04 22:25:35,870 INFO o.a.j.t.JMeterThread: Thread started: Config 3: Exp9 1-471
2026-05-04 22:25:36,050 INFO o.a.j.t.JMeterThread: Thread started: Config 3: Exp9 1-472
2026-05-04 22:25:36,227 INFO o.a.j.t.JMeterThread: Thread started: Config 3: Exp9 1-473
2026-05-04 22:25:36,406 INFO o.a.j.t.JMeterThread: Thread started: Config 3: Exp9 1-474
2026-05-04 22:25:36,585 INFO o.a.j.t.JMeterThread: Thread started: Config 3: Exp9 1-475
2026-05-04 22:25:36,764 INFO o.a.j.t.JMeterThread: Thread started: Config 3: Exp9 1-476
2026-05-04 22:25:36,943 INFO o.a.j.t.JMeterThread: Thread started: Config 3: Exp9 1-477
2026-05-04 22:25:37,122 INFO o.a.j.t.JMeterThread: Thread started: Config 3: Exp9 1-478
2026-05-04 22:25:37,302 INFO o.a.j.t.JMeterThread: Thread started: Config 3: Exp9 1-479
2026-05-04 22:25:37,481 INFO o.a.j.t.JMeterThread: Thread started: Config 3: Exp9 1-480
2026-05-04 22:25:37,659 INFO o.a.j.t.JMeterThread: Thread started: Config 3: Exp9 1-481
2026-05-04 22:25:37,838 INFO o.a.j.t.JMeterThread: Thread started: Config 3: Exp9 1-482
2026-05-04 22:25:38,017 INFO o.a.j.t.JMeterThread: Thread started: Config 3: Exp9 1-483
2026-05-04 22:25:38,196 INFO o.a.j.t.JMeterThread: Thread started: Config 3: Exp9 1-484
2026-05-04 22:25:38,376 INFO o.a.j.t.JMeterThread: Thread started: Config 3: Exp9 1-485
2026-05-04 22:25:38,554 INFO o.a.j.t.JMeterThread: Thread started: Config 3: Exp9 1-486
2026-05-04 22:25:38,734 INFO o.a.j.t.JMeterThread: Thread started: Config 3: Exp9 1-487
2026-05-04 22:25:38,912 INFO o.a.j.t.JMeterThread: Thread started: Config 3: Exp9 1-488
2026-05-04 22:25:39,091 INFO o.a.j.t.JMeterThread: Thread started: Config 3: Exp9 1-489
2026-05-04 22:25:39,270 INFO o.a.j.t.JMeterThread: Thread started: Config 3: Exp9 1-490
2026-05-04 22:25:39,449 INFO o.a.j.t.JMeterThread: Thread started: Config 3: Exp9 1-491
2026-05-04 22:25:39,628 INFO o.a.j.t.JMeterThread: Thread started: Config 3: Exp9 1-492
2026-05-04 22:25:39,807 INFO o.a.j.t.JMeterThread: Thread started: Config 3: Exp9 1-493
2026-05-04 22:25:39,986 INFO o.a.j.t.JMeterThread: Thread started: Config 3: Exp9 1-494
2026-05-04 22:25:40,167 INFO o.a.j.t.JMeterThread: Thread started: Config 3: Exp9 1-495
2026-05-04 22:25:40,344 INFO o.a.j.t.JMeterThread: Thread started: Config 3: Exp9 1-496
2026-05-04 22:25:40,523 INFO o.a.j.t.JMeterThread: Thread started: Config 3: Exp9 1-497
2026-05-04 22:25:40,703 INFO o.a.j.t.JMeterThread: Thread started: Config 3: Exp9 1-498
2026-05-04 22:25:40,882 INFO o.a.j.t.JMeterThread: Thread started: Config 3: Exp9 1-499
2026-05-04 22:25:41,060 INFO o.a.j.t.JMeterThread: Thread started: Config 3: Exp9 1-500
2026-05-04 22:25:41,239 INFO o.a.j.t.JMeterThread: Thread started: Config 3: Exp9 1-501
2026-05-04 22:25:41,418 INFO o.a.j.t.JMeterThread: Thread started: Config 3: Exp9 1-502
2026-05-04 22:25:41,598 INFO o.a.j.t.JMeterThread: Thread started: Config 3: Exp9 1-503
2026-05-04 22:25:41,776 INFO o.a.j.t.JMeterThread: Thread started: Config 3: Exp9 1-504
2026-05-04 22:25:41,955 INFO o.a.j.t.JMeterThread: Thread started: Config 3: Exp9 1-505
2026-05-04 22:25:42,134 INFO o.a.j.t.JMeterThread: Thread started: Config 3: Exp9 1-506
2026-05-04 22:25:42,313 INFO o.a.j.t.JMeterThread: Thread started: Config 3: Exp9 1-507
2026-05-04 22:25:42,493 INFO o.a.j.t.JMeterThread: Thread started: Config 3: Exp9 1-508
2026-05-04 22:25:42,671 INFO o.a.j.t.JMeterThread: Thread started: Config 3: Exp9 1-509
2026-05-04 22:25:42,850 INFO o.a.j.t.JMeterThread: Thread started: Config 3: Exp9 1-510
2026-05-04 22:25:43,029 INFO o.a.j.t.JMeterThread: Thread started: Config 3: Exp9 1-511
2026-05-04 22:25:43,209 INFO o.a.j.t.JMeterThread: Thread started: Config 3: Exp9 1-512
2026-05-04 22:25:43,388 INFO o.a.j.t.JMeterThread: Thread started: Config 3: Exp9 1-513
2026-05-04 22:25:43,566 INFO o.a.j.t.JMeterThread: Thread started: Config 3: Exp9 1-514
2026-05-04 22:25:43,745 INFO o.a.j.t.JMeterThread: Thread started: Config 3: Exp9 1-515
2026-05-04 22:25:43,924 INFO o.a.j.t.JMeterThread: Thread started: Config 3: Exp9 1-516
2026-05-04 22:25:44,103 INFO o.a.j.t.JMeterThread: Thread started: Config 3: Exp9 1-517
2026-05-04 22:25:44,283 INFO o.a.j.t.JMeterThread: Thread started: Config 3: Exp9 1-518
2026-05-04 22:25:44,461 INFO o.a.j.t.JMeterThread: Thread started: Config 3: Exp9 1-519
2026-05-04 22:25:44,640 INFO o.a.j.t.JMeterThread: Thread started: Config 3: Exp9 1-520
2026-05-04 22:25:44,819 INFO o.a.j.t.JMeterThread: Thread started: Config 3: Exp9 1-521
2026-05-04 22:25:44,998 INFO o.a.j.t.JMeterThread: Thread started: Config 3: Exp9 1-522
2026-05-04 22:25:45,177 INFO o.a.j.t.JMeterThread: Thread started: Config 3: Exp9 1-523
2026-05-04 22:25:45,356 INFO o.a.j.t.JMeterThread: Thread started: Config 3: Exp9 1-524
2026-05-04 22:25:45,536 INFO o.a.j.t.JMeterThread: Thread started: Config 3: Exp9 1-525
2026-05-04 22:25:45,714 INFO o.a.j.t.JMeterThread: Thread started: Config 3: Exp9 1-526
2026-05-04 22:25:45,893 INFO o.a.j.t.JMeterThread: Thread started: Config 3: Exp9 1-527
2026-05-04 22:25:46,072 INFO o.a.j.t.JMeterThread: Thread started: Config 3: Exp9 1-528
2026-05-04 22:25:46,252 INFO o.a.j.t.JMeterThread: Thread started: Config 3: Exp9 1-529
2026-05-04 22:25:46,431 INFO o.a.j.t.JMeterThread: Thread started: Config 3: Exp9 1-530
2026-05-04 22:25:46,610 INFO o.a.j.t.JMeterThread: Thread started: Config 3: Exp9 1-531
2026-05-04 22:25:46,789 INFO o.a.j.t.JMeterThread: Thread started: Config 3: Exp9 1-532
2026-05-04 22:25:46,967 INFO o.a.j.t.JMeterThread: Thread started: Config 3: Exp9 1-533
2026-05-04 22:25:47,146 INFO o.a.j.t.JMeterThread: Thread started: Config 3: Exp9 1-534
2026-05-04 22:25:47,325 INFO o.a.j.t.JMeterThread: Thread started: Config 3: Exp9 1-535
2026-05-04 22:25:47,504 INFO o.a.j.t.JMeterThread: Thread started: Config 3: Exp9 1-536
2026-05-04 22:25:47,683 INFO o.a.j.t.JMeterThread: Thread started: Config 3: Exp9 1-537
2026-05-04 22:25:47,862 INFO o.a.j.t.JMeterThread: Thread started: Config 3: Exp9 1-538
2026-05-04 22:25:48,042 INFO o.a.j.t.JMeterThread: Thread started: Config 3: Exp9 1-539
2026-05-04 22:25:48,220 INFO o.a.j.t.JMeterThread: Thread started: Config 3: Exp9 1-540
2026-05-04 22:25:48,399 INFO o.a.j.t.JMeterThread: Thread started: Config 3: Exp9 1-541
2026-05-04 22:25:48,578 INFO o.a.j.t.JMeterThread: Thread started: Config 3: Exp9 1-542
2026-05-04 22:25:48,757 INFO o.a.j.t.JMeterThread: Thread started: Config 3: Exp9 1-543
2026-05-04 22:25:48,936 INFO o.a.j.t.JMeterThread: Thread started: Config 3: Exp9 1-544
2026-05-04 22:25:49,115 INFO o.a.j.t.JMeterThread: Thread started: Config 3: Exp9 1-545
2026-05-04 22:25:49,295 INFO o.a.j.t.JMeterThread: Thread started: Config 3: Exp9 1-546
2026-05-04 22:25:49,474 INFO o.a.j.t.JMeterThread: Thread started: Config 3: Exp9 1-547
2026-05-04 22:25:49,652 INFO o.a.j.t.JMeterThread: Thread started: Config 3: Exp9 1-548
2026-05-04 22:25:49,831 INFO o.a.j.t.JMeterThread: Thread started: Config 3: Exp9 1-549
2026-05-04 22:25:50,010 INFO o.a.j.t.JMeterThread: Thread started: Config 3: Exp9 1-550
2026-05-04 22:25:50,190 INFO o.a.j.t.JMeterThread: Thread started: Config 3: Exp9 1-551
2026-05-04 22:25:50,369 INFO o.a.j.t.JMeterThread: Thread started: Config 3: Exp9 1-552
2026-05-04 22:25:50,548 INFO o.a.j.t.JMeterThread: Thread started: Config 3: Exp9 1-553
2026-05-04 22:25:50,727 INFO o.a.j.t.JMeterThread: Thread started: Config 3: Exp9 1-554
2026-05-04 22:25:50,905 INFO o.a.j.t.JMeterThread: Thread started: Config 3: Exp9 1-555
2026-05-04 22:25:51,084 INFO o.a.j.t.JMeterThread: Thread started: Config 3: Exp9 1-556
2026-05-04 22:25:51,263 INFO o.a.j.t.JMeterThread: Thread started: Config 3: Exp9 1-557
2026-05-04 22:25:51,442 INFO o.a.j.t.JMeterThread: Thread started: Config 3: Exp9 1-558
2026-05-04 22:25:51,621 INFO o.a.j.t.JMeterThread: Thread started: Config 3: Exp9 1-559
2026-05-04 22:25:51,801 INFO o.a.j.t.JMeterThread: Thread started: Config 3: Exp9 1-560
2026-05-04 22:25:52,409 INFO o.a.j.t.JMeterThread: Stopping because end time detected by thread: Config 3: Exp9 1-108
2026-05-04 22:25:52,409 INFO o.a.j.t.JMeterThread: Stopping because end time detected by thread: Config 3: Exp9 1-135
2026-05-04 22:25:52,409 INFO o.a.j.t.JMeterThread: Thread finished: Config 3: Exp9 1-108
2026-05-04 22:25:52,409 INFO o.a.j.t.JMeterThread: Thread finished: Config 3: Exp9 1-135
2026-05-04 22:25:52,410 INFO o.a.j.t.JMeterThread: Stopping because end time detected by thread: Config 3: Exp9 1-102
2026-05-04 22:25:52,410 INFO o.a.j.t.JMeterThread: Stopping because end time detected by thread: Config 3: Exp9 1-105
2026-05-04 22:25:52,410 INFO o.a.j.t.JMeterThread: Stopping because end time detected by thread: Config 3: Exp9 1-160
2026-05-04 22:25:52,410 INFO o.a.j.t.JMeterThread: Thread finished: Config 3: Exp9 1-160
2026-05-04 22:25:52,410 INFO o.a.j.t.JMeterThread: Stopping because end time detected by thread: Config 3: Exp9 1-161
2026-05-04 22:25:52,410 INFO o.a.j.t.JMeterThread: Stopping because end time detected by thread: Config 3: Exp9 1-167
2026-05-04 22:25:52,410 INFO o.a.j.t.JMeterThread: Stopping because end time detected by thread: Config 3: Exp9 1-123
2026-05-04 22:25:52,410 INFO o.a.j.t.JMeterThread: Stopping because end time detected by thread: Config 3: Exp9 1-168
2026-05-04 22:25:52,410 INFO o.a.j.t.JMeterThread: Thread finished: Config 3: Exp9 1-167
2026-05-04 22:25:52,410 INFO o.a.j.t.JMeterThread: Thread finished: Config 3: Exp9 1-168
2026-05-04 22:25:52,410 INFO o.a.j.t.JMeterThread: Thread finished: Config 3: Exp9 1-161
2026-05-04 22:25:52,410 INFO o.a.j.t.JMeterThread: Stopping because end time detected by thread: Config 3: Exp9 1-203
2026-05-04 22:25:52,410 INFO o.a.j.t.JMeterThread: Thread finished: Config 3: Exp9 1-105
2026-05-04 22:25:52,410 INFO o.a.j.t.JMeterThread: Thread finished: Config 3: Exp9 1-203
2026-05-04 22:25:52,410 INFO o.a.j.t.JMeterThread: Stopping because end time detected by thread: Config 3: Exp9 1-117
2026-05-04 22:25:52,410 INFO o.a.j.t.JMeterThread: Thread finished: Config 3: Exp9 1-102
2026-05-04 22:25:52,410 INFO o.a.j.t.JMeterThread: Thread finished: Config 3: Exp9 1-123
2026-05-04 22:25:52,411 INFO o.a.j.t.JMeterThread: Thread finished: Config 3: Exp9 1-117
2026-05-04 22:25:52,411 INFO o.a.j.t.JMeterThread: Stopping because end time detected by thread: Config 3: Exp9 1-196
2026-05-04 22:25:52,411 INFO o.a.j.t.JMeterThread: Stopping because end time detected by thread: Config 3: Exp9 1-262
2026-05-04 22:25:52,411 INFO o.a.j.t.JMeterThread: Thread finished: Config 3: Exp9 1-196
2026-05-04 22:25:52,411 INFO o.a.j.t.JMeterThread: Thread finished: Config 3: Exp9 1-262
2026-05-04 22:25:52,411 INFO o.a.j.t.JMeterThread: Stopping because end time detected by thread: Config 3: Exp9 1-129
2026-05-04 22:25:52,411 INFO o.a.j.t.JMeterThread: Stopping because end time detected by thread: Config 3: Exp9 1-118
2026-05-04 22:25:52,411 INFO o.a.j.t.JMeterThread: Stopping because end time detected by thread: Config 3: Exp9 1-260
2026-05-04 22:25:52,411 INFO o.a.j.t.JMeterThread: Stopping because end time detected by thread: Config 3: Exp9 1-195
2026-05-04 22:25:52,411 INFO o.a.j.t.JMeterThread: Thread finished: Config 3: Exp9 1-260
2026-05-04 22:25:52,411 INFO o.a.j.t.JMeterThread: Stopping because end time detected by thread: Config 3: Exp9 1-37
2026-05-04 22:25:52,411 INFO o.a.j.t.JMeterThread: Thread finished: Config 3: Exp9 1-195
2026-05-04 22:25:52,411 INFO o.a.j.t.JMeterThread: Thread finished: Config 3: Exp9 1-129
2026-05-04 22:25:52,411 INFO o.a.j.t.JMeterThread: Thread finished: Config 3: Exp9 1-118
2026-05-04 22:25:52,411 INFO o.a.j.t.JMeterThread: Thread finished: Config 3: Exp9 1-37
2026-05-04 22:25:52,411 INFO o.a.j.t.JMeterThread: Stopping because end time detected by thread: Config 3: Exp9 1-133
2026-05-04 22:25:52,411 INFO o.a.j.t.JMeterThread: Thread finished: Config 3: Exp9 1-133
2026-05-04 22:25:52,411 INFO o.a.j.t.JMeterThread: Stopping because end time detected by thread: Config 3: Exp9 1-156
2026-05-04 22:25:52,412 INFO o.a.j.t.JMeterThread: Thread finished: Config 3: Exp9 1-156
2026-05-04 22:25:52,412 INFO o.a.j.t.JMeterThread: Stopping because end time detected by thread: Config 3: Exp9 1-208
2026-05-04 22:25:52,412 INFO o.a.j.t.JMeterThread: Stopping because end time detected by thread: Config 3: Exp9 1-206
2026-05-04 22:25:52,412 INFO o.a.j.t.JMeterThread: Stopping because end time detected by thread: Config 3: Exp9 1-49
2026-05-04 22:25:52,412 INFO o.a.j.t.JMeterThread: Stopping because end time detected by thread: Config 3: Exp9 1-197
2026-05-04 22:25:52,412 INFO o.a.j.t.JMeterThread: Stopping because end time detected by thread: Config 3: Exp9 1-15
2026-05-04 22:25:52,412 INFO o.a.j.t.JMeterThread: Stopping because end time detected by thread: Config 3: Exp9 1-106
2026-05-04 22:25:52,412 INFO o.a.j.t.JMeterThread: Thread finished: Config 3: Exp9 1-106
2026-05-04 22:25:52,412 INFO o.a.j.t.JMeterThread: Thread finished: Config 3: Exp9 1-208
2026-05-04 22:25:52,412 INFO o.a.j.t.JMeterThread: Stopping because end time detected by thread: Config 3: Exp9 1-201
2026-05-04 22:25:52,412 INFO o.a.j.t.JMeterThread: Thread finished: Config 3: Exp9 1-15
2026-05-04 22:25:52,412 INFO o.a.j.t.JMeterThread: Stopping because end time detected by thread: Config 3: Exp9 1-8
2026-05-04 22:25:52,412 INFO o.a.j.t.JMeterThread: Thread finished: Config 3: Exp9 1-201
2026-05-04 22:25:52,412 INFO o.a.j.t.JMeterThread: Stopping because end time detected by thread: Config 3: Exp9 1-19
2026-05-04 22:25:52,412 INFO o.a.j.t.JMeterThread: Stopping because end time detected by thread: Config 3: Exp9 1-4
2026-05-04 22:25:52,412 INFO o.a.j.t.JMeterThread: Thread finished: Config 3: Exp9 1-49
2026-05-04 22:25:52,412 INFO o.a.j.t.JMeterThread: Stopping because end time detected by thread: Config 3: Exp9 1-5
2026-05-04 22:25:52,412 INFO o.a.j.t.JMeterThread: Stopping because end time detected by thread: Config 3: Exp9 1-22
2026-05-04 22:25:52,412 INFO o.a.j.t.JMeterThread: Thread finished: Config 3: Exp9 1-197
2026-05-04 22:25:52,412 INFO o.a.j.t.JMeterThread: Thread finished: Config 3: Exp9 1-5
2026-05-04 22:25:52,412 INFO o.a.j.t.JMeterThread: Thread finished: Config 3: Exp9 1-206
2026-05-04 22:25:52,412 INFO o.a.j.t.JMeterThread: Thread finished: Config 3: Exp9 1-22
2026-05-04 22:25:52,412 INFO o.a.j.t.JMeterThread: Stopping because end time detected by thread: Config 3: Exp9 1-120
2026-05-04 22:25:52,412 INFO o.a.j.t.JMeterThread: Stopping because end time detected by thread: Config 3: Exp9 1-202
2026-05-04 22:25:52,412 INFO o.a.j.t.JMeterThread: Thread finished: Config 3: Exp9 1-202
2026-05-04 22:25:52,412 INFO o.a.j.t.JMeterThread: Thread finished: Config 3: Exp9 1-4
2026-05-04 22:25:52,412 INFO o.a.j.t.JMeterThread: Thread finished: Config 3: Exp9 1-19
2026-05-04 22:25:52,412 INFO o.a.j.t.JMeterThread: Thread finished: Config 3: Exp9 1-120
2026-05-04 22:25:52,413 INFO o.a.j.t.JMeterThread: Thread finished: Config 3: Exp9 1-8
2026-05-04 22:25:52,413 INFO o.a.j.t.JMeterThread: Stopping because end time detected by thread: Config 3: Exp9 1-103
2026-05-04 22:25:52,413 INFO o.a.j.t.JMeterThread: Thread finished: Config 3: Exp9 1-103
2026-05-04 22:25:52,413 INFO o.a.j.t.JMeterThread: Stopping because end time detected by thread: Config 3: Exp9 1-20
2026-05-04 22:25:52,413 INFO o.a.j.t.JMeterThread: Thread finished: Config 3: Exp9 1-20
2026-05-04 22:25:52,413 INFO o.a.j.t.JMeterThread: Stopping because end time detected by thread: Config 3: Exp9 1-134
2026-05-04 22:25:52,413 INFO o.a.j.t.JMeterThread: Stopping because end time detected by thread: Config 3: Exp9 1-164
2026-05-04 22:25:52,413 INFO o.a.j.t.JMeterThread: Thread finished: Config 3: Exp9 1-134
2026-05-04 22:25:52,414 INFO o.a.j.t.JMeterThread: Stopping because end time detected by thread: Config 3: Exp9 1-189
2026-05-04 22:25:52,413 INFO o.a.j.t.JMeterThread: Stopping because end time detected by thread: Config 3: Exp9 1-166
2026-05-04 22:25:52,414 INFO o.a.j.t.JMeterThread: Thread finished: Config 3: Exp9 1-164
2026-05-04 22:25:52,414 INFO o.a.j.t.JMeterThread: Thread finished: Config 3: Exp9 1-166
2026-05-04 22:25:52,414 INFO o.a.j.t.JMeterThread: Stopping because end time detected by thread: Config 3: Exp9 1-2
2026-05-04 22:25:52,414 INFO o.a.j.t.JMeterThread: Stopping because end time detected by thread: Config 3: Exp9 1-34
2026-05-04 22:25:52,414 INFO o.a.j.t.JMeterThread: Thread finished: Config 3: Exp9 1-2
2026-05-04 22:25:52,414 INFO o.a.j.t.JMeterThread: Thread finished: Config 3: Exp9 1-34
2026-05-04 22:25:52,414 INFO o.a.j.t.JMeterThread: Thread finished: Config 3: Exp9 1-189
2026-05-04 22:25:52,414 INFO o.a.j.t.JMeterThread: Stopping because end time detected by thread: Config 3: Exp9 1-3
2026-05-04 22:25:52,414 INFO o.a.j.t.JMeterThread: Stopping because end time detected by thread: Config 3: Exp9 1-6
2026-05-04 22:25:52,414 INFO o.a.j.t.JMeterThread: Stopping because end time detected by thread: Config 3: Exp9 1-295
2026-05-04 22:25:52,414 INFO o.a.j.t.JMeterThread: Thread finished: Config 3: Exp9 1-6
2026-05-04 22:25:52,414 INFO o.a.j.t.JMeterThread: Thread finished: Config 3: Exp9 1-3
2026-05-04 22:25:52,414 INFO o.a.j.t.JMeterThread: Stopping because end time detected by thread: Config 3: Exp9 1-72
2026-05-04 22:25:52,414 INFO o.a.j.t.JMeterThread: Thread finished: Config 3: Exp9 1-72
2026-05-04 22:25:52,414 INFO o.a.j.t.JMeterThread: Thread finished: Config 3: Exp9 1-295
2026-05-04 22:25:52,414 INFO o.a.j.t.JMeterThread: Stopping because end time detected by thread: Config 3: Exp9 1-68
2026-05-04 22:25:52,414 INFO o.a.j.t.JMeterThread: Thread finished: Config 3: Exp9 1-68
2026-05-04 22:25:52,414 INFO o.a.j.t.JMeterThread: Stopping because end time detected by thread: Config 3: Exp9 1-57
2026-05-04 22:25:52,414 INFO o.a.j.t.JMeterThread: Stopping because end time detected by thread: Config 3: Exp9 1-84
2026-05-04 22:25:52,414 INFO o.a.j.t.JMeterThread: Thread finished: Config 3: Exp9 1-57
2026-05-04 22:25:52,414 INFO o.a.j.t.JMeterThread: Thread finished: Config 3: Exp9 1-84
2026-05-04 22:25:52,414 INFO o.a.j.t.JMeterThread: Stopping because end time detected by thread: Config 3: Exp9 1-100
2026-05-04 22:25:52,414 INFO o.a.j.t.JMeterThread: Thread finished: Config 3: Exp9 1-100
2026-05-04 22:25:52,414 INFO o.a.j.t.JMeterThread: Stopping because end time detected by thread: Config 3: Exp9 1-88
2026-05-04 22:25:52,414 INFO o.a.j.t.JMeterThread: Thread finished: Config 3: Exp9 1-88
2026-05-04 22:25:52,415 INFO o.a.j.t.JMeterThread: Stopping because end time detected by thread: Config 3: Exp9 1-151
2026-05-04 22:25:52,415 INFO o.a.j.t.JMeterThread: Stopping because end time detected by thread: Config 3: Exp9 1-246
2026-05-04 22:25:52,415 INFO o.a.j.t.JMeterThread: Thread finished: Config 3: Exp9 1-151
2026-05-04 22:25:52,415 INFO o.a.j.t.JMeterThread: Thread finished: Config 3: Exp9 1-246
2026-05-04 22:25:52,415 INFO o.a.j.t.JMeterThread: Stopping because end time detected by thread: Config 3: Exp9 1-204
2026-05-04 22:25:52,415 INFO o.a.j.t.JMeterThread: Thread finished: Config 3: Exp9 1-204
2026-05-04 22:25:52,417 INFO o.a.j.t.JMeterThread: Stopping because end time detected by thread: Config 3: Exp9 1-122
2026-05-04 22:25:52,417 INFO o.a.j.t.JMeterThread: Thread finished: Config 3: Exp9 1-122
2026-05-04 22:25:52,417 INFO o.a.j.t.JMeterThread: Stopping because end time detected by thread: Config 3: Exp9 1-466
2026-05-04 22:25:52,417 INFO o.a.j.t.JMeterThread: Stopping because end time detected by thread: Config 3: Exp9 1-462
2026-05-04 22:25:52,417 INFO o.a.j.t.JMeterThread: Thread finished: Config 3: Exp9 1-462
2026-05-04 22:25:52,417 INFO o.a.j.t.JMeterThread: Thread finished: Config 3: Exp9 1-466
2026-05-04 22:25:52,417 INFO o.a.j.t.JMeterThread: Stopping because end time detected by thread: Config 3: Exp9 1-463
2026-05-04 22:25:52,417 INFO o.a.j.t.JMeterThread: Thread finished: Config 3: Exp9 1-463
2026-05-04 22:25:52,417 INFO o.a.j.t.JMeterThread: Stopping because end time detected by thread: Config 3: Exp9 1-215
2026-05-04 22:25:52,417 INFO o.a.j.t.JMeterThread: Thread finished: Config 3: Exp9 1-215
2026-05-04 22:25:52,418 INFO o.a.j.t.JMeterThread: Stopping because end time detected by thread: Config 3: Exp9 1-464
2026-05-04 22:25:52,418 INFO o.a.j.t.JMeterThread: Thread finished: Config 3: Exp9 1-464
2026-05-04 22:25:52,418 INFO o.a.j.t.JMeterThread: Stopping because end time detected by thread: Config 3: Exp9 1-477
2026-05-04 22:25:52,418 INFO o.a.j.t.JMeterThread: Thread finished: Config 3: Exp9 1-477
2026-05-04 22:25:52,418 INFO o.a.j.t.JMeterThread: Stopping because end time detected by thread: Config 3: Exp9 1-473
2026-05-04 22:25:52,418 INFO o.a.j.t.JMeterThread: Thread finished: Config 3: Exp9 1-473
2026-05-04 22:25:52,419 INFO o.a.j.t.JMeterThread: Stopping because end time detected by thread: Config 3: Exp9 1-461
2026-05-04 22:25:52,419 INFO o.a.j.t.JMeterThread: Thread finished: Config 3: Exp9 1-461
2026-05-04 22:25:52,419 INFO o.a.j.t.JMeterThread: Stopping because end time detected by thread: Config 3: Exp9 1-467
2026-05-04 22:25:52,419 INFO o.a.j.t.JMeterThread: Thread finished: Config 3: Exp9 1-467
2026-05-04 22:25:52,419 INFO o.a.j.t.JMeterThread: Stopping because end time detected by thread: Config 3: Exp9 1-469
2026-05-04 22:25:52,419 INFO o.a.j.t.JMeterThread: Thread finished: Config 3: Exp9 1-469
2026-05-04 22:25:52,419 INFO o.a.j.t.JMeterThread: Stopping because end time detected by thread: Config 3: Exp9 1-465
2026-05-04 22:25:52,419 INFO o.a.j.t.JMeterThread: Thread finished: Config 3: Exp9 1-465
2026-05-04 22:25:52,419 INFO o.a.j.t.JMeterThread: Stopping because end time detected by thread: Config 3: Exp9 1-478
2026-05-04 22:25:52,419 INFO o.a.j.t.JMeterThread: Thread finished: Config 3: Exp9 1-478
2026-05-04 22:25:52,419 INFO o.a.j.t.JMeterThread: Stopping because end time detected by thread: Config 3: Exp9 1-468
2026-05-04 22:25:52,419 INFO o.a.j.t.JMeterThread: Stopping because end time detected by thread: Config 3: Exp9 1-475
2026-05-04 22:25:52,419 INFO o.a.j.t.JMeterThread: Stopping because end time detected by thread: Config 3: Exp9 1-219
2026-05-04 22:25:52,419 INFO o.a.j.t.JMeterThread: Stopping because end time detected by thread: Config 3: Exp9 1-472
2026-05-04 22:25:52,419 INFO o.a.j.t.JMeterThread: Thread finished: Config 3: Exp9 1-219
2026-05-04 22:25:52,419 INFO o.a.j.t.JMeterThread: Stopping because end time detected by thread: Config 3: Exp9 1-61
2026-05-04 22:25:52,419 INFO o.a.j.t.JMeterThread: Stopping because end time detected by thread: Config 3: Exp9 1-132
2026-05-04 22:25:52,419 INFO o.a.j.t.JMeterThread: Thread finished: Config 3: Exp9 1-475
2026-05-04 22:25:52,419 INFO o.a.j.t.JMeterThread: Thread finished: Config 3: Exp9 1-132
2026-05-04 22:25:52,419 INFO o.a.j.t.JMeterThread: Thread finished: Config 3: Exp9 1-468
2026-05-04 22:25:52,419 INFO o.a.j.t.JMeterThread: Stopping because end time detected by thread: Config 3: Exp9 1-479
2026-05-04 22:25:52,419 INFO o.a.j.t.JMeterThread: Thread finished: Config 3: Exp9 1-61
2026-05-04 22:25:52,419 INFO o.a.j.t.JMeterThread: Stopping because end time detected by thread: Config 3: Exp9 1-471
2026-05-04 22:25:52,419 INFO o.a.j.t.JMeterThread: Thread finished: Config 3: Exp9 1-472
2026-05-04 22:25:52,419 INFO o.a.j.t.JMeterThread: Thread finished: Config 3: Exp9 1-471
2026-05-04 22:25:52,419 INFO o.a.j.t.JMeterThread: Thread finished: Config 3: Exp9 1-479
2026-05-04 22:25:52,419 INFO o.a.j.t.JMeterThread: Stopping because end time detected by thread: Config 3: Exp9 1-470
2026-05-04 22:25:52,419 INFO o.a.j.t.JMeterThread: Thread finished: Config 3: Exp9 1-470
2026-05-04 22:25:52,419 INFO o.a.j.t.JMeterThread: Stopping because end time detected by thread: Config 3: Exp9 1-474
2026-05-04 22:25:52,419 INFO o.a.j.t.JMeterThread: Thread finished: Config 3: Exp9 1-474
2026-05-04 22:25:52,419 INFO o.a.j.t.JMeterThread: Stopping because end time detected by thread: Config 3: Exp9 1-476
2026-05-04 22:25:52,419 INFO o.a.j.t.JMeterThread: Thread finished: Config 3: Exp9 1-476
2026-05-04 22:25:52,420 INFO o.a.j.t.JMeterThread: Stopping because end time detected by thread: Config 3: Exp9 1-487
2026-05-04 22:25:52,420 INFO o.a.j.t.JMeterThread: Stopping because end time detected by thread: Config 3: Exp9 1-488
2026-05-04 22:25:52,420 INFO o.a.j.t.JMeterThread: Thread finished: Config 3: Exp9 1-487
2026-05-04 22:25:52,420 INFO o.a.j.t.JMeterThread: Stopping because end time detected by thread: Config 3: Exp9 1-486
2026-05-04 22:25:52,420 INFO o.a.j.t.JMeterThread: Thread finished: Config 3: Exp9 1-488
2026-05-04 22:25:52,420 INFO o.a.j.t.JMeterThread: Thread finished: Config 3: Exp9 1-486
2026-05-04 22:25:55,142 INFO o.a.j.t.JMeterThread: Stopping because end time detected by thread: Config 3: Exp9 1-90
2026-05-04 22:25:55,142 INFO o.a.j.t.JMeterThread: Thread finished: Config 3: Exp9 1-90
2026-05-04 22:25:55,142 INFO o.a.j.t.JMeterThread: Stopping because end time detected by thread: Config 3: Exp9 1-41
2026-05-04 22:25:55,142 INFO o.a.j.t.JMeterThread: Stopping because end time detected by thread: Config 3: Exp9 1-89
2026-05-04 22:25:55,142 INFO o.a.j.t.JMeterThread: Stopping because end time detected by thread: Config 3: Exp9 1-71
2026-05-04 22:25:55,143 INFO o.a.j.t.JMeterThread: Thread finished: Config 3: Exp9 1-71
2026-05-04 22:25:55,142 INFO o.a.j.t.JMeterThread: Stopping because end time detected by thread: Config 3: Exp9 1-217
2026-05-04 22:25:55,142 INFO o.a.j.t.JMeterThread: Stopping because end time detected by thread: Config 3: Exp9 1-297
2026-05-04 22:25:55,142 INFO o.a.j.t.JMeterThread: Stopping because end time detected by thread: Config 3: Exp9 1-83
2026-05-04 22:25:55,142 INFO o.a.j.t.JMeterThread: Thread finished: Config 3: Exp9 1-41
2026-05-04 22:25:55,143 INFO o.a.j.t.JMeterThread: Stopping because end time detected by thread: Config 3: Exp9 1-73
2026-05-04 22:25:55,143 INFO o.a.j.t.JMeterThread: Stopping because end time detected by thread: Config 3: Exp9 1-150
2026-05-04 22:25:55,143 INFO o.a.j.t.JMeterThread: Thread finished: Config 3: Exp9 1-73
2026-05-04 22:25:55,143 INFO o.a.j.t.JMeterThread: Thread finished: Config 3: Exp9 1-150
2026-05-04 22:25:55,143 INFO o.a.j.t.JMeterThread: Thread finished: Config 3: Exp9 1-297
2026-05-04 22:25:55,143 INFO o.a.j.t.JMeterThread: Thread finished: Config 3: Exp9 1-217
2026-05-04 22:25:55,142 INFO o.a.j.t.JMeterThread: Thread finished: Config 3: Exp9 1-89
2026-05-04 22:25:55,143 INFO o.a.j.t.JMeterThread: Stopping because end time detected by thread: Config 3: Exp9 1-392
2026-05-04 22:25:55,143 INFO o.a.j.t.JMeterThread: Stopping because end time detected by thread: Config 3: Exp9 1-209
2026-05-04 22:25:55,143 INFO o.a.j.t.JMeterThread: Thread finished: Config 3: Exp9 1-392
2026-05-04 22:25:55,143 INFO o.a.j.t.JMeterThread: Stopping because end time detected by thread: Config 3: Exp9 1-45
2026-05-04 22:25:55,144 INFO o.a.j.t.JMeterThread: Stopping because end time detected by thread: Config 3: Exp9 1-216
2026-05-04 22:25:55,143 INFO o.a.j.t.JMeterThread: Thread finished: Config 3: Exp9 1-83
2026-05-04 22:25:55,144 INFO o.a.j.t.JMeterThread: Thread finished: Config 3: Exp9 1-45
2026-05-04 22:25:55,143 INFO o.a.j.t.JMeterThread: Thread finished: Config 3: Exp9 1-209
2026-05-04 22:25:55,144 INFO o.a.j.t.JMeterThread: Thread finished: Config 3: Exp9 1-216
2026-05-04 22:25:55,144 INFO o.a.j.t.JMeterThread: Stopping because end time detected by thread: Config 3: Exp9 1-244
2026-05-04 22:25:55,144 INFO o.a.j.t.JMeterThread: Stopping because end time detected by thread: Config 3: Exp9 1-379
2026-05-04 22:25:55,144 INFO o.a.j.t.JMeterThread: Stopping because end time detected by thread: Config 3: Exp9 1-387
2026-05-04 22:25:55,144 INFO o.a.j.t.JMeterThread: Thread finished: Config 3: Exp9 1-387
2026-05-04 22:25:55,144 INFO o.a.j.t.JMeterThread: Stopping because end time detected by thread: Config 3: Exp9 1-386
2026-05-04 22:25:55,144 INFO o.a.j.t.JMeterThread: Stopping because end time detected by thread: Config 3: Exp9 1-390
2026-05-04 22:25:55,144 INFO o.a.j.t.JMeterThread: Thread finished: Config 3: Exp9 1-244
2026-05-04 22:25:55,144 INFO o.a.j.t.JMeterThread: Thread finished: Config 3: Exp9 1-390
2026-05-04 22:25:55,144 INFO o.a.j.t.JMeterThread: Thread finished: Config 3: Exp9 1-386
2026-05-04 22:25:55,144 INFO o.a.j.t.JMeterThread: Thread finished: Config 3: Exp9 1-379
2026-05-04 22:25:55,144 INFO o.a.j.t.JMeterThread: Stopping because end time detected by thread: Config 3: Exp9 1-378
2026-05-04 22:25:55,144 INFO o.a.j.t.JMeterThread: Thread finished: Config 3: Exp9 1-378
2026-05-04 22:25:55,146 INFO o.a.j.t.JMeterThread: Stopping because end time detected by thread: Config 3: Exp9 1-38
2026-05-04 22:25:55,146 INFO o.a.j.t.JMeterThread: Thread finished: Config 3: Exp9 1-38
2026-05-04 22:25:55,146 INFO o.a.j.t.JMeterThread: Stopping because end time detected by thread: Config 3: Exp9 1-86
2026-05-04 22:25:55,146 INFO o.a.j.t.JMeterThread: Stopping because end time detected by thread: Config 3: Exp9 1-310
2026-05-04 22:25:55,146 INFO o.a.j.t.JMeterThread: Stopping because end time detected by thread: Config 3: Exp9 1-39
2026-05-04 22:25:55,146 INFO o.a.j.t.JMeterThread: Stopping because end time detected by thread: Config 3: Exp9 1-252
2026-05-04 22:25:55,146 INFO o.a.j.t.JMeterThread: Stopping because end time detected by thread: Config 3: Exp9 1-382
2026-05-04 22:25:55,146 INFO o.a.j.t.JMeterThread: Stopping because end time detected by thread: Config 3: Exp9 1-87
2026-05-04 22:25:55,146 INFO o.a.j.t.JMeterThread: Thread finished: Config 3: Exp9 1-252
2026-05-04 22:25:55,146 INFO o.a.j.t.JMeterThread: Stopping because end time detected by thread: Config 3: Exp9 1-128
2026-05-04 22:25:55,146 INFO o.a.j.t.JMeterThread: Stopping because end time detected by thread: Config 3: Exp9 1-381
2026-05-04 22:25:55,146 INFO o.a.j.t.JMeterThread: Thread finished: Config 3: Exp9 1-128
2026-05-04 22:25:55,146 INFO o.a.j.t.JMeterThread: Thread finished: Config 3: Exp9 1-381
2026-05-04 22:25:55,146 INFO o.a.j.t.JMeterThread: Stopping because end time detected by thread: Config 3: Exp9 1-33
2026-05-04 22:25:55,146 INFO o.a.j.t.JMeterThread: Thread finished: Config 3: Exp9 1-86
2026-05-04 22:25:55,146 INFO o.a.j.t.JMeterThread: Stopping because end time detected by thread: Config 3: Exp9 1-391
2026-05-04 22:25:55,146 INFO o.a.j.t.JMeterThread: Thread finished: Config 3: Exp9 1-33
2026-05-04 22:25:55,146 INFO o.a.j.t.JMeterThread: Thread finished: Config 3: Exp9 1-391
2026-05-04 22:25:55,146 INFO o.a.j.t.JMeterThread: Stopping because end time detected by thread: Config 3: Exp9 1-28
2026-05-04 22:25:55,146 INFO o.a.j.t.JMeterThread: Stopping because end time detected by thread: Config 3: Exp9 1-380
2026-05-04 22:25:55,147 INFO o.a.j.t.JMeterThread: Thread finished: Config 3: Exp9 1-28
2026-05-04 22:25:55,146 INFO o.a.j.t.JMeterThread: Stopping because end time detected by thread: Config 3: Exp9 1-384
2026-05-04 22:25:55,147 INFO o.a.j.t.JMeterThread: Thread finished: Config 3: Exp9 1-380
2026-05-04 22:25:55,146 INFO o.a.j.t.JMeterThread: Thread finished: Config 3: Exp9 1-382
2026-05-04 22:25:55,147 INFO o.a.j.t.JMeterThread: Thread finished: Config 3: Exp9 1-87
2026-05-04 22:25:55,146 INFO o.a.j.t.JMeterThread: Stopping because end time detected by thread: Config 3: Exp9 1-383
2026-05-04 22:25:55,146 INFO o.a.j.t.JMeterThread: Thread finished: Config 3: Exp9 1-310
2026-05-04 22:25:55,147 INFO o.a.j.t.JMeterThread: Thread finished: Config 3: Exp9 1-383
2026-05-04 22:25:55,146 INFO o.a.j.t.JMeterThread: Stopping because end time detected by thread: Config 3: Exp9 1-248
2026-05-04 22:25:55,146 INFO o.a.j.t.JMeterThread: Stopping because end time detected by thread: Config 3: Exp9 1-377
2026-05-04 22:25:55,147 INFO o.a.j.t.JMeterThread: Thread finished: Config 3: Exp9 1-248
2026-05-04 22:25:55,147 INFO o.a.j.t.JMeterThread: Thread finished: Config 3: Exp9 1-377
2026-05-04 22:25:55,147 INFO o.a.j.t.JMeterThread: Thread finished: Config 3: Exp9 1-39
2026-05-04 22:25:55,147 INFO o.a.j.t.JMeterThread: Thread finished: Config 3: Exp9 1-384
2026-05-04 22:25:55,147 INFO o.a.j.t.JMeterThread: Stopping because end time detected by thread: Config 3: Exp9 1-55
2026-05-04 22:25:55,147 INFO o.a.j.t.JMeterThread: Thread finished: Config 3: Exp9 1-55
2026-05-04 22:25:55,147 INFO o.a.j.t.JMeterThread: Stopping because end time detected by thread: Config 3: Exp9 1-67
2026-05-04 22:25:55,147 INFO o.a.j.t.JMeterThread: Thread finished: Config 3: Exp9 1-67
2026-05-04 22:25:55,147 INFO o.a.j.t.JMeterThread: Stopping because end time detected by thread: Config 3: Exp9 1-70
2026-05-04 22:25:55,147 INFO o.a.j.t.JMeterThread: Thread finished: Config 3: Exp9 1-70
2026-05-04 22:25:55,147 INFO o.a.j.t.JMeterThread: Stopping because end time detected by thread: Config 3: Exp9 1-69
2026-05-04 22:25:55,147 INFO o.a.j.t.JMeterThread: Stopping because end time detected by thread: Config 3: Exp9 1-32
2026-05-04 22:25:55,147 INFO o.a.j.t.JMeterThread: Thread finished: Config 3: Exp9 1-69
2026-05-04 22:25:55,147 INFO o.a.j.t.JMeterThread: Stopping because end time detected by thread: Config 3: Exp9 1-51
2026-05-04 22:25:55,147 INFO o.a.j.t.JMeterThread: Stopping because end time detected by thread: Config 3: Exp9 1-98
2026-05-04 22:25:55,147 INFO o.a.j.t.JMeterThread: Thread finished: Config 3: Exp9 1-51
2026-05-04 22:25:55,147 INFO o.a.j.t.JMeterThread: Stopping because end time detected by thread: Config 3: Exp9 1-388
2026-05-04 22:25:55,147 INFO o.a.j.t.JMeterThread: Thread finished: Config 3: Exp9 1-388
2026-05-04 22:25:55,147 INFO o.a.j.t.JMeterThread: Thread finished: Config 3: Exp9 1-98
2026-05-04 22:25:55,147 INFO o.a.j.t.JMeterThread: Stopping because end time detected by thread: Config 3: Exp9 1-385
2026-05-04 22:25:55,147 INFO o.a.j.t.JMeterThread: Stopping because end time detected by thread: Config 3: Exp9 1-212
2026-05-04 22:25:55,147 INFO o.a.j.t.JMeterThread: Thread finished: Config 3: Exp9 1-212
2026-05-04 22:25:55,147 INFO o.a.j.t.JMeterThread: Stopping because end time detected by thread: Config 3: Exp9 1-66
2026-05-04 22:25:55,147 INFO o.a.j.t.JMeterThread: Stopping because end time detected by thread: Config 3: Exp9 1-389
2026-05-04 22:25:55,148 INFO o.a.j.t.JMeterThread: Thread finished: Config 3: Exp9 1-66
2026-05-04 22:25:55,147 INFO o.a.j.t.JMeterThread: Thread finished: Config 3: Exp9 1-385
2026-05-04 22:25:55,148 INFO o.a.j.t.JMeterThread: Stopping because end time detected by thread: Config 3: Exp9 1-437
2026-05-04 22:25:55,147 INFO o.a.j.t.JMeterThread: Stopping because end time detected by thread: Config 3: Exp9 1-314
2026-05-04 22:25:55,147 INFO o.a.j.t.JMeterThread: Thread finished: Config 3: Exp9 1-32
2026-05-04 22:25:55,147 INFO o.a.j.t.JMeterThread: Stopping because end time detected by thread: Config 3: Exp9 1-296
2026-05-04 22:25:55,148 INFO o.a.j.t.JMeterThread: Thread finished: Config 3: Exp9 1-296
2026-05-04 22:25:55,147 INFO o.a.j.t.JMeterThread: Stopping because end time detected by thread: Config 3: Exp9 1-101
2026-05-04 22:25:55,148 INFO o.a.j.t.JMeterThread: Thread finished: Config 3: Exp9 1-314
2026-05-04 22:25:55,148 INFO o.a.j.t.JMeterThread: Thread finished: Config 3: Exp9 1-437
2026-05-04 22:25:55,148 INFO o.a.j.t.JMeterThread: Thread finished: Config 3: Exp9 1-101
2026-05-04 22:25:55,148 INFO o.a.j.t.JMeterThread: Thread finished: Config 3: Exp9 1-389
2026-05-04 22:25:55,158 INFO o.a.j.t.JMeterThread: Stopping because end time detected by thread: Config 3: Exp9 1-440
2026-05-04 22:25:55,158 INFO o.a.j.t.JMeterThread: Stopping because end time detected by thread: Config 3: Exp9 1-441
2026-05-04 22:25:55,158 INFO o.a.j.t.JMeterThread: Stopping because end time detected by thread: Config 3: Exp9 1-443
2026-05-04 22:25:55,158 INFO o.a.j.t.JMeterThread: Thread finished: Config 3: Exp9 1-441
2026-05-04 22:25:55,158 INFO o.a.j.t.JMeterThread: Stopping because end time detected by thread: Config 3: Exp9 1-445
2026-05-04 22:25:55,158 INFO o.a.j.t.JMeterThread: Stopping because end time detected by thread: Config 3: Exp9 1-444
2026-05-04 22:25:55,158 INFO o.a.j.t.JMeterThread: Thread finished: Config 3: Exp9 1-445
2026-05-04 22:25:55,158 INFO o.a.j.t.JMeterThread: Stopping because end time detected by thread: Config 3: Exp9 1-442
2026-05-04 22:25:55,158 INFO o.a.j.t.JMeterThread: Thread finished: Config 3: Exp9 1-443
2026-05-04 22:25:55,158 INFO o.a.j.t.JMeterThread: Stopping because end time detected by thread: Config 3: Exp9 1-50
2026-05-04 22:25:55,158 INFO o.a.j.t.JMeterThread: Stopping because end time detected by thread: Config 3: Exp9 1-446
2026-05-04 22:25:55,158 INFO o.a.j.t.JMeterThread: Stopping because end time detected by thread: Config 3: Exp9 1-438
2026-05-04 22:25:55,158 INFO o.a.j.t.JMeterThread: Thread finished: Config 3: Exp9 1-438
2026-05-04 22:25:55,158 INFO o.a.j.t.JMeterThread: Thread finished: Config 3: Exp9 1-440
2026-05-04 22:25:55,158 INFO o.a.j.t.JMeterThread: Stopping because end time detected by thread: Config 3: Exp9 1-439
2026-05-04 22:25:55,158 INFO o.a.j.t.JMeterThread: Thread finished: Config 3: Exp9 1-439
2026-05-04 22:25:55,158 INFO o.a.j.t.JMeterThread: Thread finished: Config 3: Exp9 1-446
2026-05-04 22:25:55,158 INFO o.a.j.t.JMeterThread: Thread finished: Config 3: Exp9 1-50
2026-05-04 22:25:55,158 INFO o.a.j.t.JMeterThread: Thread finished: Config 3: Exp9 1-442
2026-05-04 22:25:55,158 INFO o.a.j.t.JMeterThread: Thread finished: Config 3: Exp9 1-444
2026-05-04 22:25:55,159 INFO o.a.j.t.JMeterThread: Stopping because end time detected by thread: Config 3: Exp9 1-450
2026-05-04 22:25:55,159 INFO o.a.j.t.JMeterThread: Stopping because end time detected by thread: Config 3: Exp9 1-449
2026-05-04 22:25:55,159 INFO o.a.j.t.JMeterThread: Stopping because end time detected by thread: Config 3: Exp9 1-447
2026-05-04 22:25:55,159 INFO o.a.j.t.JMeterThread: Thread finished: Config 3: Exp9 1-450
2026-05-04 22:25:55,159 INFO o.a.j.t.JMeterThread: Stopping because end time detected by thread: Config 3: Exp9 1-448
2026-05-04 22:25:55,159 INFO o.a.j.t.JMeterThread: Thread finished: Config 3: Exp9 1-449
2026-05-04 22:25:55,159 INFO o.a.j.t.JMeterThread: Stopping because end time detected by thread: Config 3: Exp9 1-453
2026-05-04 22:25:55,160 INFO o.a.j.t.JMeterThread: Thread finished: Config 3: Exp9 1-453
2026-05-04 22:25:55,159 INFO o.a.j.t.JMeterThread: Stopping because end time detected by thread: Config 3: Exp9 1-452
2026-05-04 22:25:55,160 INFO o.a.j.t.JMeterThread: Stopping because end time detected by thread: Config 3: Exp9 1-454
2026-05-04 22:25:55,160 INFO o.a.j.t.JMeterThread: Thread finished: Config 3: Exp9 1-452
2026-05-04 22:25:55,159 INFO o.a.j.t.JMeterThread: Stopping because end time detected by thread: Config 3: Exp9 1-451
2026-05-04 22:25:55,160 INFO o.a.j.t.JMeterThread: Thread finished: Config 3: Exp9 1-454
2026-05-04 22:25:55,160 INFO o.a.j.t.JMeterThread: Stopping because end time detected by thread: Config 3: Exp9 1-457
2026-05-04 22:25:55,160 INFO o.a.j.t.JMeterThread: Thread finished: Config 3: Exp9 1-451
2026-05-04 22:25:55,160 INFO o.a.j.t.JMeterThread: Stopping because end time detected by thread: Config 3: Exp9 1-458
2026-05-04 22:25:55,160 INFO o.a.j.t.JMeterThread: Stopping because end time detected by thread: Config 3: Exp9 1-459
2026-05-04 22:25:55,160 INFO o.a.j.t.JMeterThread: Thread finished: Config 3: Exp9 1-459
2026-05-04 22:25:55,159 INFO o.a.j.t.JMeterThread: Thread finished: Config 3: Exp9 1-447
2026-05-04 22:25:55,159 INFO o.a.j.t.JMeterThread: Thread finished: Config 3: Exp9 1-448
2026-05-04 22:25:55,160 INFO o.a.j.t.JMeterThread: Stopping because end time detected by thread: Config 3: Exp9 1-190
2026-05-04 22:25:55,160 INFO o.a.j.t.JMeterThread: Stopping because end time detected by thread: Config 3: Exp9 1-460
2026-05-04 22:25:55,160 INFO o.a.j.t.JMeterThread: Thread finished: Config 3: Exp9 1-190
2026-05-04 22:25:55,160 INFO o.a.j.t.JMeterThread: Stopping because end time detected by thread: Config 3: Exp9 1-17
2026-05-04 22:25:55,160 INFO o.a.j.t.JMeterThread: Thread finished: Config 3: Exp9 1-458
2026-05-04 22:25:55,160 INFO o.a.j.t.JMeterThread: Thread finished: Config 3: Exp9 1-17
2026-05-04 22:25:55,160 INFO o.a.j.t.JMeterThread: Stopping because end time detected by thread: Config 3: Exp9 1-455
2026-05-04 22:25:55,160 INFO o.a.j.t.JMeterThread: Thread finished: Config 3: Exp9 1-457
2026-05-04 22:25:55,160 INFO o.a.j.t.JMeterThread: Thread finished: Config 3: Exp9 1-455
2026-05-04 22:25:55,160 INFO o.a.j.t.JMeterThread: Stopping because end time detected by thread: Config 3: Exp9 1-456
2026-05-04 22:25:55,160 INFO o.a.j.t.JMeterThread: Thread finished: Config 3: Exp9 1-456
2026-05-04 22:25:55,160 INFO o.a.j.t.JMeterThread: Thread finished: Config 3: Exp9 1-460
2026-05-04 22:25:55,161 INFO o.a.j.t.JMeterThread: Stopping because end time detected by thread: Config 3: Exp9 1-256
2026-05-04 22:25:55,161 INFO o.a.j.t.JMeterThread: Stopping because end time detected by thread: Config 3: Exp9 1-152
2026-05-04 22:25:55,161 INFO o.a.j.t.JMeterThread: Thread finished: Config 3: Exp9 1-256
2026-05-04 22:25:55,161 INFO o.a.j.t.JMeterThread: Thread finished: Config 3: Exp9 1-152
2026-05-04 22:25:55,161 INFO o.a.j.t.JMeterThread: Stopping because end time detected by thread: Config 3: Exp9 1-318
2026-05-04 22:25:55,161 INFO o.a.j.t.JMeterThread: Stopping because end time detected by thread: Config 3: Exp9 1-146
2026-05-04 22:25:55,161 INFO o.a.j.t.JMeterThread: Stopping because end time detected by thread: Config 3: Exp9 1-155
2026-05-04 22:25:55,161 INFO o.a.j.t.JMeterThread: Stopping because end time detected by thread: Config 3: Exp9 1-199
2026-05-04 22:25:55,161 INFO o.a.j.t.JMeterThread: Thread finished: Config 3: Exp9 1-146
2026-05-04 22:25:55,161 INFO o.a.j.t.JMeterThread: Stopping because end time detected by thread: Config 3: Exp9 1-362
2026-05-04 22:25:55,161 INFO o.a.j.t.JMeterThread: Stopping because end time detected by thread: Config 3: Exp9 1-326
2026-05-04 22:25:55,161 INFO o.a.j.t.JMeterThread: Thread finished: Config 3: Exp9 1-362
2026-05-04 22:25:55,161 INFO o.a.j.t.JMeterThread: Thread finished: Config 3: Exp9 1-326
2026-05-04 22:25:55,161 INFO o.a.j.t.JMeterThread: Stopping because end time detected by thread: Config 3: Exp9 1-147
2026-05-04 22:25:55,161 INFO o.a.j.t.JMeterThread: Stopping because end time detected by thread: Config 3: Exp9 1-257
2026-05-04 22:25:55,161 INFO o.a.j.t.JMeterThread: Thread finished: Config 3: Exp9 1-147
2026-05-04 22:25:55,161 INFO o.a.j.t.JMeterThread: Thread finished: Config 3: Exp9 1-199
2026-05-04 22:25:55,161 INFO o.a.j.t.JMeterThread: Thread finished: Config 3: Exp9 1-318
2026-05-04 22:25:55,161 INFO o.a.j.t.JMeterThread: Thread finished: Config 3: Exp9 1-257
2026-05-04 22:25:55,161 INFO o.a.j.t.JMeterThread: Thread finished: Config 3: Exp9 1-155
2026-05-04 22:25:55,163 INFO o.a.j.t.JMeterThread: Stopping because end time detected by thread: Config 3: Exp9 1-249
2026-05-04 22:25:55,163 INFO o.a.j.t.JMeterThread: Stopping because end time detected by thread: Config 3: Exp9 1-16
2026-05-04 22:25:55,163 INFO o.a.j.t.JMeterThread: Stopping because end time detected by thread: Config 3: Exp9 1-194
2026-05-04 22:25:55,163 INFO o.a.j.t.JMeterThread: Stopping because end time detected by thread: Config 3: Exp9 1-154
2026-05-04 22:25:55,163 INFO o.a.j.t.JMeterThread: Stopping because end time detected by thread: Config 3: Exp9 1-321
2026-05-04 22:25:55,163 INFO o.a.j.t.JMeterThread: Thread finished: Config 3: Exp9 1-249
2026-05-04 22:25:55,163 INFO o.a.j.t.JMeterThread: Thread finished: Config 3: Exp9 1-321
2026-05-04 22:25:55,163 INFO o.a.j.t.JMeterThread: Thread finished: Config 3: Exp9 1-154
2026-05-04 22:25:55,163 INFO o.a.j.t.JMeterThread: Thread finished: Config 3: Exp9 1-16
2026-05-04 22:25:55,163 INFO o.a.j.t.JMeterThread: Thread finished: Config 3: Exp9 1-194
2026-05-04 22:25:55,164 INFO o.a.j.t.JMeterThread: Stopping because end time detected by thread: Config 3: Exp9 1-250
2026-05-04 22:25:55,164 INFO o.a.j.t.JMeterThread: Thread finished: Config 3: Exp9 1-250
2026-05-04 22:25:55,164 INFO o.a.j.t.JMeterThread: Stopping because end time detected by thread: Config 3: Exp9 1-192
2026-05-04 22:25:55,164 INFO o.a.j.t.JMeterThread: Stopping because end time detected by thread: Config 3: Exp9 1-328
2026-05-04 22:25:55,164 INFO o.a.j.t.JMeterThread: Thread finished: Config 3: Exp9 1-192
2026-05-04 22:25:55,164 INFO o.a.j.t.JMeterThread: Stopping because end time detected by thread: Config 3: Exp9 1-153
2026-05-04 22:25:55,164 INFO o.a.j.t.JMeterThread: Thread finished: Config 3: Exp9 1-328
2026-05-04 22:25:55,164 INFO o.a.j.t.JMeterThread: Stopping because end time detected by thread: Config 3: Exp9 1-319
2026-05-04 22:25:55,164 INFO o.a.j.t.JMeterThread: Thread finished: Config 3: Exp9 1-153
2026-05-04 22:25:55,164 INFO o.a.j.t.JMeterThread: Thread finished: Config 3: Exp9 1-319
2026-05-04 22:25:55,164 INFO o.a.j.t.JMeterThread: Stopping because end time detected by thread: Config 3: Exp9 1-325
2026-05-04 22:25:55,164 INFO o.a.j.t.JMeterThread: Thread finished: Config 3: Exp9 1-325
2026-05-04 22:25:55,165 INFO o.a.j.t.JMeterThread: Stopping because end time detected by thread: Config 3: Exp9 1-365
2026-05-04 22:25:55,165 INFO o.a.j.t.JMeterThread: Stopping because end time detected by thread: Config 3: Exp9 1-364
2026-05-04 22:25:55,165 INFO o.a.j.t.JMeterThread: Stopping because end time detected by thread: Config 3: Exp9 1-370
2026-05-04 22:25:55,165 INFO o.a.j.t.JMeterThread: Stopping because end time detected by thread: Config 3: Exp9 1-366
2026-05-04 22:25:55,165 INFO o.a.j.t.JMeterThread: Stopping because end time detected by thread: Config 3: Exp9 1-369
2026-05-04 22:25:55,165 INFO o.a.j.t.JMeterThread: Thread finished: Config 3: Exp9 1-366
2026-05-04 22:25:55,165 INFO o.a.j.t.JMeterThread: Stopping because end time detected by thread: Config 3: Exp9 1-368
2026-05-04 22:25:55,165 INFO o.a.j.t.JMeterThread: Stopping because end time detected by thread: Config 3: Exp9 1-298
2026-05-04 22:25:55,165 INFO o.a.j.t.JMeterThread: Thread finished: Config 3: Exp9 1-369
2026-05-04 22:25:55,165 INFO o.a.j.t.JMeterThread: Thread finished: Config 3: Exp9 1-365
2026-05-04 22:25:55,165 INFO o.a.j.t.JMeterThread: Stopping because end time detected by thread: Config 3: Exp9 1-1
2026-05-04 22:25:55,165 INFO o.a.j.t.JMeterThread: Thread finished: Config 3: Exp9 1-1
2026-05-04 22:25:55,165 INFO o.a.j.t.JMeterThread: Stopping because end time detected by thread: Config 3: Exp9 1-301
2026-05-04 22:25:55,165 INFO o.a.j.t.JMeterThread: Thread finished: Config 3: Exp9 1-298
2026-05-04 22:25:55,165 INFO o.a.j.t.JMeterThread: Stopping because end time detected by thread: Config 3: Exp9 1-373
2026-05-04 22:25:55,165 INFO o.a.j.t.JMeterThread: Stopping because end time detected by thread: Config 3: Exp9 1-317
2026-05-04 22:25:55,165 INFO o.a.j.t.JMeterThread: Stopping because end time detected by thread: Config 3: Exp9 1-258
2026-05-04 22:25:55,165 INFO o.a.j.t.JMeterThread: Stopping because end time detected by thread: Config 3: Exp9 1-324
2026-05-04 22:25:55,165 INFO o.a.j.t.JMeterThread: Thread finished: Config 3: Exp9 1-258
2026-05-04 22:25:55,165 INFO o.a.j.t.JMeterThread: Stopping because end time detected by thread: Config 3: Exp9 1-361
2026-05-04 22:25:55,165 INFO o.a.j.t.JMeterThread: Stopping because end time detected by thread: Config 3: Exp9 1-251
2026-05-04 22:25:55,165 INFO o.a.j.t.JMeterThread: Thread finished: Config 3: Exp9 1-361
2026-05-04 22:25:55,165 INFO o.a.j.t.JMeterThread: Stopping because end time detected by thread: Config 3: Exp9 1-259
2026-05-04 22:25:55,165 INFO o.a.j.t.JMeterThread: Stopping because end time detected by thread: Config 3: Exp9 1-367
2026-05-04 22:25:55,165 INFO o.a.j.t.JMeterThread: Thread finished: Config 3: Exp9 1-259
2026-05-04 22:25:55,165 INFO o.a.j.t.JMeterThread: Stopping because end time detected by thread: Config 3: Exp9 1-371
2026-05-04 22:25:55,165 INFO o.a.j.t.JMeterThread: Thread finished: Config 3: Exp9 1-364
2026-05-04 22:25:55,165 INFO o.a.j.t.JMeterThread: Thread finished: Config 3: Exp9 1-370
2026-05-04 22:25:55,165 INFO o.a.j.t.JMeterThread: Thread finished: Config 3: Exp9 1-371
2026-05-04 22:25:55,166 INFO o.a.j.t.JMeterThread: Thread finished: Config 3: Exp9 1-367
2026-05-04 22:25:55,165 INFO o.a.j.t.JMeterThread: Thread finished: Config 3: Exp9 1-251
2026-05-04 22:25:55,165 INFO o.a.j.t.JMeterThread: Stopping because end time detected by thread: Config 3: Exp9 1-21
2026-05-04 22:25:55,165 INFO o.a.j.t.JMeterThread: Stopping because end time detected by thread: Config 3: Exp9 1-327
2026-05-04 22:25:55,165 INFO o.a.j.t.JMeterThread: Stopping because end time detected by thread: Config 3: Exp9 1-200
2026-05-04 22:25:55,165 INFO o.a.j.t.JMeterThread: Thread finished: Config 3: Exp9 1-324
2026-05-04 22:25:55,166 INFO o.a.j.t.JMeterThread: Thread finished: Config 3: Exp9 1-200
2026-05-04 22:25:55,165 INFO o.a.j.t.JMeterThread: Thread finished: Config 3: Exp9 1-368
2026-05-04 22:25:55,166 INFO o.a.j.t.JMeterThread: Stopping because end time detected by thread: Config 3: Exp9 1-372
2026-05-04 22:25:55,165 INFO o.a.j.t.JMeterThread: Thread finished: Config 3: Exp9 1-317
2026-05-04 22:25:55,166 INFO o.a.j.t.JMeterThread: Thread finished: Config 3: Exp9 1-372
2026-05-04 22:25:55,166 INFO o.a.j.t.JMeterThread: Stopping because end time detected by thread: Config 3: Exp9 1-376
2026-05-04 22:25:55,166 INFO o.a.j.t.JMeterThread: Stopping because end time detected by thread: Config 3: Exp9 1-375
2026-05-04 22:25:55,166 INFO o.a.j.t.JMeterThread: Stopping because end time detected by thread: Config 3: Exp9 1-302
2026-05-04 22:25:55,166 INFO o.a.j.t.JMeterThread: Stopping because end time detected by thread: Config 3: Exp9 1-374
2026-05-04 22:25:55,166 INFO o.a.j.t.JMeterThread: Thread finished: Config 3: Exp9 1-375
2026-05-04 22:25:55,166 INFO o.a.j.t.JMeterThread: Stopping because end time detected by thread: Config 3: Exp9 1-313
2026-05-04 22:25:55,166 INFO o.a.j.t.JMeterThread: Stopping because end time detected by thread: Config 3: Exp9 1-309
2026-05-04 22:25:55,165 INFO o.a.j.t.JMeterThread: Stopping because end time detected by thread: Config 3: Exp9 1-363
2026-05-04 22:25:55,166 INFO o.a.j.t.JMeterThread: Thread finished: Config 3: Exp9 1-309
2026-05-04 22:25:55,166 INFO o.a.j.t.JMeterThread: Stopping because end time detected by thread: Config 3: Exp9 1-149
2026-05-04 22:25:55,166 INFO o.a.j.t.JMeterThread: Stopping because end time detected by thread: Config 3: Exp9 1-311
2026-05-04 22:25:55,166 INFO o.a.j.t.JMeterThread: Thread finished: Config 3: Exp9 1-363
2026-05-04 22:25:55,166 INFO o.a.j.t.JMeterThread: Stopping because end time detected by thread: Config 3: Exp9 1-240
2026-05-04 22:25:55,166 INFO o.a.j.t.JMeterThread: Thread finished: Config 3: Exp9 1-311
2026-05-04 22:25:55,166 INFO o.a.j.t.JMeterThread: Thread finished: Config 3: Exp9 1-149
2026-05-04 22:25:55,167 INFO o.a.j.t.JMeterThread: Stopping because end time detected by thread: Config 3: Exp9 1-121
2026-05-04 22:25:55,167 INFO o.a.j.t.JMeterThread: Thread finished: Config 3: Exp9 1-240
2026-05-04 22:25:55,167 INFO o.a.j.t.JMeterThread: Stopping because end time detected by thread: Config 3: Exp9 1-191
2026-05-04 22:25:55,165 INFO o.a.j.t.JMeterThread: Stopping because end time detected by thread: Config 3: Exp9 1-130
2026-05-04 22:25:55,167 INFO o.a.j.t.JMeterThread: Thread finished: Config 3: Exp9 1-191
2026-05-04 22:25:55,167 INFO o.a.j.t.JMeterThread: Thread finished: Config 3: Exp9 1-130
2026-05-04 22:25:55,165 INFO o.a.j.t.JMeterThread: Stopping because end time detected by thread: Config 3: Exp9 1-323
2026-05-04 22:25:55,165 INFO o.a.j.t.JMeterThread: Stopping because end time detected by thread: Config 3: Exp9 1-322
2026-05-04 22:25:55,167 INFO o.a.j.t.JMeterThread: Thread finished: Config 3: Exp9 1-323
2026-05-04 22:25:55,167 INFO o.a.j.t.JMeterThread: Stopping because end time detected by thread: Config 3: Exp9 1-148
2026-05-04 22:25:55,167 INFO o.a.j.t.JMeterThread: Stopping because end time detected by thread: Config 3: Exp9 1-158
2026-05-04 22:25:55,167 INFO o.a.j.t.JMeterThread: Thread finished: Config 3: Exp9 1-148
2026-05-04 22:25:55,165 INFO o.a.j.t.JMeterThread: Stopping because end time detected by thread: Config 3: Exp9 1-320
2026-05-04 22:25:55,167 INFO o.a.j.t.JMeterThread: Thread finished: Config 3: Exp9 1-373
2026-05-04 22:25:55,167 INFO o.a.j.t.JMeterThread: Thread finished: Config 3: Exp9 1-320
2026-05-04 22:25:55,167 INFO o.a.j.t.JMeterThread: Thread finished: Config 3: Exp9 1-301
2026-05-04 22:25:55,167 INFO o.a.j.t.JMeterThread: Thread finished: Config 3: Exp9 1-158
2026-05-04 22:25:55,167 INFO o.a.j.t.JMeterThread: Thread finished: Config 3: Exp9 1-322
2026-05-04 22:25:55,167 INFO o.a.j.t.JMeterThread: Thread finished: Config 3: Exp9 1-121
2026-05-04 22:25:55,167 INFO o.a.j.t.JMeterThread: Stopping because end time detected by thread: Config 3: Exp9 1-193
2026-05-04 22:25:55,167 INFO o.a.j.t.JMeterThread: Stopping because end time detected by thread: Config 3: Exp9 1-52
2026-05-04 22:25:55,167 INFO o.a.j.t.JMeterThread: Thread finished: Config 3: Exp9 1-52
2026-05-04 22:25:55,166 INFO o.a.j.t.JMeterThread: Stopping because end time detected by thread: Config 3: Exp9 1-205
2026-05-04 22:25:55,166 INFO o.a.j.t.JMeterThread: Stopping because end time detected by thread: Config 3: Exp9 1-95
2026-05-04 22:25:55,168 INFO o.a.j.t.JMeterThread: Thread finished: Config 3: Exp9 1-205
2026-05-04 22:25:55,166 INFO o.a.j.t.JMeterThread: Thread finished: Config 3: Exp9 1-313
2026-05-04 22:25:55,168 INFO o.a.j.t.JMeterThread: Thread finished: Config 3: Exp9 1-95
2026-05-04 22:25:55,166 INFO o.a.j.t.JMeterThread: Stopping because end time detected by thread: Config 3: Exp9 1-303
2026-05-04 22:25:55,166 INFO o.a.j.t.JMeterThread: Stopping because end time detected by thread: Config 3: Exp9 1-253
2026-05-04 22:25:55,166 INFO o.a.j.t.JMeterThread: Stopping because end time detected by thread: Config 3: Exp9 1-254
2026-05-04 22:25:55,166 INFO o.a.j.t.JMeterThread: Thread finished: Config 3: Exp9 1-374
2026-05-04 22:25:55,168 INFO o.a.j.t.JMeterThread: Thread finished: Config 3: Exp9 1-253
2026-05-04 22:25:55,166 INFO o.a.j.t.JMeterThread: Stopping because end time detected by thread: Config 3: Exp9 1-304
2026-05-04 22:25:55,168 INFO o.a.j.t.JMeterThread: Thread finished: Config 3: Exp9 1-254
2026-05-04 22:25:55,166 INFO o.a.j.t.JMeterThread: Thread finished: Config 3: Exp9 1-376
2026-05-04 22:25:55,166 INFO o.a.j.t.JMeterThread: Stopping because end time detected by thread: Config 3: Exp9 1-247
2026-05-04 22:25:55,166 INFO o.a.j.t.JMeterThread: Stopping because end time detected by thread: Config 3: Exp9 1-299
2026-05-04 22:25:55,168 INFO o.a.j.t.JMeterThread: Thread finished: Config 3: Exp9 1-247
2026-05-04 22:25:55,168 INFO o.a.j.t.JMeterThread: Thread finished: Config 3: Exp9 1-302
2026-05-04 22:25:55,166 INFO o.a.j.t.JMeterThread: Thread finished: Config 3: Exp9 1-327
2026-05-04 22:25:55,166 INFO o.a.j.t.JMeterThread: Thread finished: Config 3: Exp9 1-21
2026-05-04 22:25:55,168 INFO o.a.j.t.JMeterThread: Thread finished: Config 3: Exp9 1-304
2026-05-04 22:25:55,168 INFO o.a.j.t.JMeterThread: Thread finished: Config 3: Exp9 1-303
2026-05-04 22:25:55,167 INFO o.a.j.t.JMeterThread: Thread finished: Config 3: Exp9 1-193
2026-05-04 22:25:55,168 INFO o.a.j.t.JMeterThread: Thread finished: Config 3: Exp9 1-299
2026-05-04 22:25:55,173 INFO o.a.j.t.JMeterThread: Stopping because end time detected by thread: Config 3: Exp9 1-306
2026-05-04 22:25:55,173 INFO o.a.j.t.JMeterThread: Stopping because end time detected by thread: Config 3: Exp9 1-172
2026-05-04 22:25:55,173 INFO o.a.j.t.JMeterThread: Stopping because end time detected by thread: Config 3: Exp9 1-165
2026-05-04 22:25:55,173 INFO o.a.j.t.JMeterThread: Stopping because end time detected by thread: Config 3: Exp9 1-263
2026-05-04 22:25:55,173 INFO o.a.j.t.JMeterThread: Thread finished: Config 3: Exp9 1-306
2026-05-04 22:25:55,173 INFO o.a.j.t.JMeterThread: Stopping because end time detected by thread: Config 3: Exp9 1-170
2026-05-04 22:25:55,173 INFO o.a.j.t.JMeterThread: Thread finished: Config 3: Exp9 1-165
2026-05-04 22:25:55,173 INFO o.a.j.t.JMeterThread: Thread finished: Config 3: Exp9 1-172
2026-05-04 22:25:55,173 INFO o.a.j.t.JMeterThread: Thread finished: Config 3: Exp9 1-170
2026-05-04 22:25:55,173 INFO o.a.j.t.JMeterThread: Thread finished: Config 3: Exp9 1-263
2026-05-04 22:25:55,174 INFO o.a.j.t.JMeterThread: Stopping because end time detected by thread: Config 3: Exp9 1-242
2026-05-04 22:25:55,174 INFO o.a.j.t.JMeterThread: Thread finished: Config 3: Exp9 1-242
2026-05-04 22:25:55,174 INFO o.a.j.t.JMeterThread: Stopping because end time detected by thread: Config 3: Exp9 1-308
2026-05-04 22:25:55,174 INFO o.a.j.t.JMeterThread: Stopping because end time detected by thread: Config 3: Exp9 1-315
2026-05-04 22:25:55,174 INFO o.a.j.t.JMeterThread: Thread finished: Config 3: Exp9 1-308
2026-05-04 22:25:55,174 INFO o.a.j.t.JMeterThread: Thread finished: Config 3: Exp9 1-315
2026-05-04 22:25:55,174 INFO o.a.j.t.JMeterThread: Stopping because end time detected by thread: Config 3: Exp9 1-312
2026-05-04 22:25:55,174 INFO o.a.j.t.JMeterThread: Thread finished: Config 3: Exp9 1-312
2026-05-04 22:25:55,174 INFO o.a.j.t.JMeterThread: Stopping because end time detected by thread: Config 3: Exp9 1-159
2026-05-04 22:25:55,174 INFO o.a.j.t.JMeterThread: Thread finished: Config 3: Exp9 1-159
2026-05-04 22:25:55,174 INFO o.a.j.t.JMeterThread: Stopping because end time detected by thread: Config 3: Exp9 1-300
2026-05-04 22:25:55,174 INFO o.a.j.t.JMeterThread: Stopping because end time detected by thread: Config 3: Exp9 1-243
2026-05-04 22:25:55,174 INFO o.a.j.t.JMeterThread: Thread finished: Config 3: Exp9 1-300
2026-05-04 22:25:55,174 INFO o.a.j.t.JMeterThread: Thread finished: Config 3: Exp9 1-243
2026-05-04 22:25:55,174 INFO o.a.j.t.JMeterThread: Stopping because end time detected by thread: Config 3: Exp9 1-245
2026-05-04 22:25:55,174 INFO o.a.j.t.JMeterThread: Stopping because end time detected by thread: Config 3: Exp9 1-214
2026-05-04 22:25:55,174 INFO o.a.j.t.JMeterThread: Thread finished: Config 3: Exp9 1-214
2026-05-04 22:25:55,174 INFO o.a.j.t.JMeterThread: Stopping because end time detected by thread: Config 3: Exp9 1-305
2026-05-04 22:25:55,174 INFO o.a.j.t.JMeterThread: Thread finished: Config 3: Exp9 1-245
2026-05-04 22:25:55,174 INFO o.a.j.t.JMeterThread: Thread finished: Config 3: Exp9 1-305
2026-05-04 22:25:55,174 INFO o.a.j.t.JMeterThread: Stopping because end time detected by thread: Config 3: Exp9 1-316
2026-05-04 22:25:55,174 INFO o.a.j.t.JMeterThread: Stopping because end time detected by thread: Config 3: Exp9 1-261
2026-05-04 22:25:55,174 INFO o.a.j.t.JMeterThread: Stopping because end time detected by thread: Config 3: Exp9 1-307
2026-05-04 22:25:55,174 INFO o.a.j.t.JMeterThread: Stopping because end time detected by thread: Config 3: Exp9 1-157
2026-05-04 22:25:55,174 INFO o.a.j.t.JMeterThread: Stopping because end time detected by thread: Config 3: Exp9 1-163
2026-05-04 22:25:55,174 INFO o.a.j.t.JMeterThread: Thread finished: Config 3: Exp9 1-157
2026-05-04 22:25:55,174 INFO o.a.j.t.JMeterThread: Stopping because end time detected by thread: Config 3: Exp9 1-198
2026-05-04 22:25:55,174 INFO o.a.j.t.JMeterThread: Thread finished: Config 3: Exp9 1-316
2026-05-04 22:25:55,174 INFO o.a.j.t.JMeterThread: Thread finished: Config 3: Exp9 1-198
2026-05-04 22:25:55,174 INFO o.a.j.t.JMeterThread: Thread finished: Config 3: Exp9 1-261
2026-05-04 22:25:55,174 INFO o.a.j.t.JMeterThread: Thread finished: Config 3: Exp9 1-163
2026-05-04 22:25:55,174 INFO o.a.j.t.JMeterThread: Thread finished: Config 3: Exp9 1-307
2026-05-04 22:25:55,175 INFO o.a.j.t.JMeterThread: Stopping because end time detected by thread: Config 3: Exp9 1-131
2026-05-04 22:25:55,175 INFO o.a.j.t.JMeterThread: Stopping because end time detected by thread: Config 3: Exp9 1-210
2026-05-04 22:25:55,175 INFO o.a.j.t.JMeterThread: Thread finished: Config 3: Exp9 1-131
2026-05-04 22:25:55,175 INFO o.a.j.t.JMeterThread: Stopping because end time detected by thread: Config 3: Exp9 1-211
2026-05-04 22:25:55,175 INFO o.a.j.t.JMeterThread: Thread finished: Config 3: Exp9 1-210
2026-05-04 22:25:55,175 INFO o.a.j.t.JMeterThread: Thread finished: Config 3: Exp9 1-211
2026-05-04 22:25:55,175 INFO o.a.j.t.JMeterThread: Stopping because end time detected by thread: Config 3: Exp9 1-35
2026-05-04 22:25:55,175 INFO o.a.j.t.JMeterThread: Thread finished: Config 3: Exp9 1-35
2026-05-04 22:25:55,175 INFO o.a.j.t.JMeterThread: Stopping because end time detected by thread: Config 3: Exp9 1-207
2026-05-04 22:25:55,175 INFO o.a.j.t.JMeterThread: Thread finished: Config 3: Exp9 1-207
2026-05-04 22:25:55,176 INFO o.a.j.t.JMeterThread: Stopping because end time detected by thread: Config 3: Exp9 1-255
2026-05-04 22:25:55,176 INFO o.a.j.t.JMeterThread: Stopping because end time detected by thread: Config 3: Exp9 1-11
2026-05-04 22:25:55,176 INFO o.a.j.t.JMeterThread: Stopping because end time detected by thread: Config 3: Exp9 1-213
2026-05-04 22:25:55,176 INFO o.a.j.t.JMeterThread: Thread finished: Config 3: Exp9 1-11
2026-05-04 22:25:55,176 INFO o.a.j.t.JMeterThread: Thread finished: Config 3: Exp9 1-213
2026-05-04 22:25:55,176 INFO o.a.j.t.JMeterThread: Thread finished: Config 3: Exp9 1-255
2026-05-04 22:25:55,176 INFO o.a.j.t.JMeterThread: Stopping because end time detected by thread: Config 3: Exp9 1-218
2026-05-04 22:25:55,176 INFO o.a.j.t.JMeterThread: Thread finished: Config 3: Exp9 1-218
2026-05-04 22:25:55,176 INFO o.a.j.t.JMeterThread: Stopping because end time detected by thread: Config 3: Exp9 1-241
2026-05-04 22:25:55,176 INFO o.a.j.t.JMeterThread: Thread finished: Config 3: Exp9 1-241
2026-05-04 22:25:55,176 INFO o.a.j.t.JMeterThread: Stopping because end time detected by thread: Config 3: Exp9 1-171
2026-05-04 22:25:55,176 INFO o.a.j.t.JMeterThread: Thread finished: Config 3: Exp9 1-171
2026-05-04 22:25:55,176 INFO o.a.j.t.JMeterThread: Stopping because end time detected by thread: Config 3: Exp9 1-78
2026-05-04 22:25:55,176 INFO o.a.j.t.JMeterThread: Stopping because end time detected by thread: Config 3: Exp9 1-162
2026-05-04 22:25:55,176 INFO o.a.j.t.JMeterThread: Thread finished: Config 3: Exp9 1-78
2026-05-04 22:25:55,176 INFO o.a.j.t.JMeterThread: Thread finished: Config 3: Exp9 1-162
2026-05-04 22:25:55,176 INFO o.a.j.t.JMeterThread: Stopping because end time detected by thread: Config 3: Exp9 1-169
2026-05-04 22:25:55,176 INFO o.a.j.t.JMeterThread: Thread finished: Config 3: Exp9 1-169
2026-05-04 22:25:59,789 INFO o.a.j.t.JMeterThread: Stopping because end time detected by thread: Config 3: Exp9 1-111
2026-05-04 22:25:59,789 INFO o.a.j.t.JMeterThread: Stopping because end time detected by thread: Config 3: Exp9 1-177
2026-05-04 22:25:59,789 INFO o.a.j.t.JMeterThread: Thread finished: Config 3: Exp9 1-177
2026-05-04 22:25:59,789 INFO o.a.j.t.JMeterThread: Stopping because end time detected by thread: Config 3: Exp9 1-181
2026-05-04 22:25:59,789 INFO o.a.j.t.JMeterThread: Stopping because end time detected by thread: Config 3: Exp9 1-127
2026-05-04 22:25:59,789 INFO o.a.j.t.JMeterThread: Thread finished: Config 3: Exp9 1-181
2026-05-04 22:25:59,789 INFO o.a.j.t.JMeterThread: Thread finished: Config 3: Exp9 1-127
2026-05-04 22:25:59,789 INFO o.a.j.t.JMeterThread: Stopping because end time detected by thread: Config 3: Exp9 1-187
2026-05-04 22:25:59,789 INFO o.a.j.t.JMeterThread: Stopping because end time detected by thread: Config 3: Exp9 1-145
2026-05-04 22:25:59,790 INFO o.a.j.t.JMeterThread: Thread finished: Config 3: Exp9 1-187
2026-05-04 22:25:59,790 INFO o.a.j.t.JMeterThread: Thread finished: Config 3: Exp9 1-145
2026-05-04 22:25:59,790 INFO o.a.j.t.JMeterThread: Thread finished: Config 3: Exp9 1-111
2026-05-04 22:25:59,790 INFO o.a.j.t.JMeterThread: Stopping because end time detected by thread: Config 3: Exp9 1-44
2026-05-04 22:25:59,790 INFO o.a.j.t.JMeterThread: Stopping because end time detected by thread: Config 3: Exp9 1-94
2026-05-04 22:25:59,790 INFO o.a.j.t.JMeterThread: Thread finished: Config 3: Exp9 1-44
2026-05-04 22:25:59,790 INFO o.a.j.t.JMeterThread: Stopping because end time detected by thread: Config 3: Exp9 1-110
2026-05-04 22:25:59,790 INFO o.a.j.t.JMeterThread: Stopping because end time detected by thread: Config 3: Exp9 1-27
2026-05-04 22:25:59,790 INFO o.a.j.t.JMeterThread: Thread finished: Config 3: Exp9 1-110
2026-05-04 22:25:59,790 INFO o.a.j.t.JMeterThread: Thread finished: Config 3: Exp9 1-94
2026-05-04 22:25:59,790 INFO o.a.j.t.JMeterThread: Stopping because end time detected by thread: Config 3: Exp9 1-85
2026-05-04 22:25:59,790 INFO o.a.j.t.JMeterThread: Stopping because end time detected by thread: Config 3: Exp9 1-284
2026-05-04 22:25:59,790 INFO o.a.j.t.JMeterThread: Stopping because end time detected by thread: Config 3: Exp9 1-285
2026-05-04 22:25:59,790 INFO o.a.j.t.JMeterThread: Stopping because end time detected by thread: Config 3: Exp9 1-182
2026-05-04 22:25:59,790 INFO o.a.j.t.JMeterThread: Stopping because end time detected by thread: Config 3: Exp9 1-290
2026-05-04 22:25:59,791 INFO o.a.j.t.JMeterThread: Thread finished: Config 3: Exp9 1-27
2026-05-04 22:25:59,791 INFO o.a.j.t.JMeterThread: Thread finished: Config 3: Exp9 1-85
2026-05-04 22:25:59,791 INFO o.a.j.t.JMeterThread: Thread finished: Config 3: Exp9 1-285
2026-05-04 22:25:59,791 INFO o.a.j.t.JMeterThread: Thread finished: Config 3: Exp9 1-284
2026-05-04 22:25:59,791 INFO o.a.j.t.JMeterThread: Thread finished: Config 3: Exp9 1-290
2026-05-04 22:25:59,791 INFO o.a.j.t.JMeterThread: Thread finished: Config 3: Exp9 1-182
2026-05-04 22:25:59,794 INFO o.a.j.t.JMeterThread: Stopping because end time detected by thread: Config 3: Exp9 1-176
2026-05-04 22:25:59,794 INFO o.a.j.t.JMeterThread: Stopping because end time detected by thread: Config 3: Exp9 1-175
2026-05-04 22:25:59,794 INFO o.a.j.t.JMeterThread: Thread finished: Config 3: Exp9 1-176
2026-05-04 22:25:59,794 INFO o.a.j.t.JMeterThread: Thread finished: Config 3: Exp9 1-175
2026-05-04 22:25:59,794 INFO o.a.j.t.JMeterThread: Stopping because end time detected by thread: Config 3: Exp9 1-42
2026-05-04 22:25:59,794 INFO o.a.j.t.JMeterThread: Thread finished: Config 3: Exp9 1-42
2026-05-04 22:25:59,794 INFO o.a.j.t.JMeterThread: Stopping because end time detected by thread: Config 3: Exp9 1-112
2026-05-04 22:25:59,794 INFO o.a.j.t.JMeterThread: Stopping because end time detected by thread: Config 3: Exp9 1-29
2026-05-04 22:25:59,795 INFO o.a.j.t.JMeterThread: Stopping because end time detected by thread: Config 3: Exp9 1-287
2026-05-04 22:25:59,795 INFO o.a.j.t.JMeterThread: Thread finished: Config 3: Exp9 1-29
2026-05-04 22:25:59,795 INFO o.a.j.t.JMeterThread: Thread finished: Config 3: Exp9 1-287
2026-05-04 22:25:59,794 INFO o.a.j.t.JMeterThread: Stopping because end time detected by thread: Config 3: Exp9 1-286
2026-05-04 22:25:59,794 INFO o.a.j.t.JMeterThread: Thread finished: Config 3: Exp9 1-112
2026-05-04 22:25:59,795 INFO o.a.j.t.JMeterThread: Stopping because end time detected by thread: Config 3: Exp9 1-179
2026-05-04 22:25:59,795 INFO o.a.j.t.JMeterThread: Thread finished: Config 3: Exp9 1-286
2026-05-04 22:25:59,795 INFO o.a.j.t.JMeterThread: Stopping because end time detected by thread: Config 3: Exp9 1-174
2026-05-04 22:25:59,795 INFO o.a.j.t.JMeterThread: Stopping because end time detected by thread: Config 3: Exp9 1-283
2026-05-04 22:25:59,795 INFO o.a.j.t.JMeterThread: Thread finished: Config 3: Exp9 1-283
2026-05-04 22:25:59,795 INFO o.a.j.t.JMeterThread: Stopping because end time detected by thread: Config 3: Exp9 1-139
2026-05-04 22:25:59,795 INFO o.a.j.t.JMeterThread: Stopping because end time detected by thread: Config 3: Exp9 1-186
2026-05-04 22:25:59,795 INFO o.a.j.t.JMeterThread: Thread finished: Config 3: Exp9 1-139
2026-05-04 22:25:59,795 INFO o.a.j.t.JMeterThread: Thread finished: Config 3: Exp9 1-186
2026-05-04 22:25:59,795 INFO o.a.j.t.JMeterThread: Stopping because end time detected by thread: Config 3: Exp9 1-294
2026-05-04 22:25:59,795 INFO o.a.j.t.JMeterThread: Thread finished: Config 3: Exp9 1-174
2026-05-04 22:25:59,795 INFO o.a.j.t.JMeterThread: Thread finished: Config 3: Exp9 1-294
2026-05-04 22:25:59,795 INFO o.a.j.t.JMeterThread: Thread finished: Config 3: Exp9 1-179
2026-05-04 22:25:59,795 INFO o.a.j.t.JMeterThread: Stopping because end time detected by thread: Config 3: Exp9 1-289
2026-05-04 22:25:59,796 INFO o.a.j.t.JMeterThread: Thread finished: Config 3: Exp9 1-289
2026-05-04 22:25:59,796 INFO o.a.j.t.JMeterThread: Stopping because end time detected by thread: Config 3: Exp9 1-79
2026-05-04 22:25:59,797 INFO o.a.j.t.JMeterThread: Stopping because end time detected by thread: Config 3: Exp9 1-173
2026-05-04 22:25:59,797 INFO o.a.j.t.JMeterThread: Stopping because end time detected by thread: Config 3: Exp9 1-180
2026-05-04 22:25:59,797 INFO o.a.j.t.JMeterThread: Stopping because end time detected by thread: Config 3: Exp9 1-65
2026-05-04 22:25:59,797 INFO o.a.j.t.JMeterThread: Thread finished: Config 3: Exp9 1-173
2026-05-04 22:25:59,797 INFO o.a.j.t.JMeterThread: Stopping because end time detected by thread: Config 3: Exp9 1-124
2026-05-04 22:25:59,797 INFO o.a.j.t.JMeterThread: Stopping because end time detected by thread: Config 3: Exp9 1-292
2026-05-04 22:25:59,797 INFO o.a.j.t.JMeterThread: Stopping because end time detected by thread: Config 3: Exp9 1-107
2026-05-04 22:25:59,797 INFO o.a.j.t.JMeterThread: Stopping because end time detected by thread: Config 3: Exp9 1-74
2026-05-04 22:25:59,797 INFO o.a.j.t.JMeterThread: Stopping because end time detected by thread: Config 3: Exp9 1-119
2026-05-04 22:25:59,797 INFO o.a.j.t.JMeterThread: Thread finished: Config 3: Exp9 1-74
2026-05-04 22:25:59,797 INFO o.a.j.t.JMeterThread: Thread finished: Config 3: Exp9 1-119
2026-05-04 22:25:59,797 INFO o.a.j.t.JMeterThread: Stopping because end time detected by thread: Config 3: Exp9 1-58
2026-05-04 22:25:59,797 INFO o.a.j.t.JMeterThread: Stopping because end time detected by thread: Config 3: Exp9 1-81
2026-05-04 22:25:59,797 INFO o.a.j.t.JMeterThread: Stopping because end time detected by thread: Config 3: Exp9 1-75
2026-05-04 22:25:59,797 INFO o.a.j.t.JMeterThread: Stopping because end time detected by thread: Config 3: Exp9 1-63
2026-05-04 22:25:59,797 INFO o.a.j.t.JMeterThread: Thread finished: Config 3: Exp9 1-58
2026-05-04 22:25:59,797 INFO o.a.j.t.JMeterThread: Stopping because end time detected by thread: Config 3: Exp9 1-115
2026-05-04 22:25:59,797 INFO o.a.j.t.JMeterThread: Stopping because end time detected by thread: Config 3: Exp9 1-223
2026-05-04 22:25:59,797 INFO o.a.j.t.JMeterThread: Stopping because end time detected by thread: Config 3: Exp9 1-56
2026-05-04 22:25:59,797 INFO o.a.j.t.JMeterThread: Stopping because end time detected by thread: Config 3: Exp9 1-97
2026-05-04 22:25:59,797 INFO o.a.j.t.JMeterThread: Thread finished: Config 3: Exp9 1-115
2026-05-04 22:25:59,797 INFO o.a.j.t.JMeterThread: Thread finished: Config 3: Exp9 1-223
2026-05-04 22:25:59,797 INFO o.a.j.t.JMeterThread: Thread finished: Config 3: Exp9 1-75
2026-05-04 22:25:59,797 INFO o.a.j.t.JMeterThread: Thread finished: Config 3: Exp9 1-97
2026-05-04 22:25:59,797 INFO o.a.j.t.JMeterThread: Stopping because end time detected by thread: Config 3: Exp9 1-96
2026-05-04 22:25:59,797 INFO o.a.j.t.JMeterThread: Thread finished: Config 3: Exp9 1-81
2026-05-04 22:25:59,797 INFO o.a.j.t.JMeterThread: Thread finished: Config 3: Exp9 1-96
2026-05-04 22:25:59,797 INFO o.a.j.t.JMeterThread: Thread finished: Config 3: Exp9 1-63
2026-05-04 22:25:59,797 INFO o.a.j.t.JMeterThread: Stopping because end time detected by thread: Config 3: Exp9 1-91
2026-05-04 22:25:59,797 INFO o.a.j.t.JMeterThread: Stopping because end time detected by thread: Config 3: Exp9 1-116
2026-05-04 22:25:59,797 INFO o.a.j.t.JMeterThread: Thread finished: Config 3: Exp9 1-91
2026-05-04 22:25:59,797 INFO o.a.j.t.JMeterThread: Thread finished: Config 3: Exp9 1-107
2026-05-04 22:25:59,797 INFO o.a.j.t.JMeterThread: Thread finished: Config 3: Exp9 1-292
2026-05-04 22:25:59,797 INFO o.a.j.t.JMeterThread: Stopping because end time detected by thread: Config 3: Exp9 1-62
2026-05-04 22:25:59,797 INFO o.a.j.t.JMeterThread: Thread finished: Config 3: Exp9 1-124
2026-05-04 22:25:59,797 INFO o.a.j.t.JMeterThread: Thread finished: Config 3: Exp9 1-62
2026-05-04 22:25:59,797 INFO o.a.j.t.JMeterThread: Stopping because end time detected by thread: Config 3: Exp9 1-14
2026-05-04 22:25:59,797 INFO o.a.j.t.JMeterThread: Stopping because end time detected by thread: Config 3: Exp9 1-114
2026-05-04 22:25:59,797 INFO o.a.j.t.JMeterThread: Thread finished: Config 3: Exp9 1-65
2026-05-04 22:25:59,797 INFO o.a.j.t.JMeterThread: Thread finished: Config 3: Exp9 1-79
2026-05-04 22:25:59,798 INFO o.a.j.t.JMeterThread: Thread finished: Config 3: Exp9 1-114
2026-05-04 22:25:59,798 INFO o.a.j.t.JMeterThread: Thread finished: Config 3: Exp9 1-14
2026-05-04 22:25:59,798 INFO o.a.j.t.JMeterThread: Thread finished: Config 3: Exp9 1-116
2026-05-04 22:25:59,797 INFO o.a.j.t.JMeterThread: Thread finished: Config 3: Exp9 1-56
2026-05-04 22:25:59,798 INFO o.a.j.t.JMeterThread: Thread finished: Config 3: Exp9 1-180
2026-05-04 22:25:59,806 INFO o.a.j.t.JMeterThread: Stopping because end time detected by thread: Config 3: Exp9 1-92
2026-05-04 22:25:59,806 INFO o.a.j.t.JMeterThread: Stopping because end time detected by thread: Config 3: Exp9 1-82
2026-05-04 22:25:59,806 INFO o.a.j.t.JMeterThread: Stopping because end time detected by thread: Config 3: Exp9 1-125
2026-05-04 22:25:59,806 INFO o.a.j.t.JMeterThread: Stopping because end time detected by thread: Config 3: Exp9 1-80
2026-05-04 22:25:59,806 INFO o.a.j.t.JMeterThread: Thread finished: Config 3: Exp9 1-125
2026-05-04 22:25:59,806 INFO o.a.j.t.JMeterThread: Stopping because end time detected by thread: Config 3: Exp9 1-64
2026-05-04 22:25:59,806 INFO o.a.j.t.JMeterThread: Thread finished: Config 3: Exp9 1-92
2026-05-04 22:25:59,806 INFO o.a.j.t.JMeterThread: Thread finished: Config 3: Exp9 1-80
2026-05-04 22:25:59,806 INFO o.a.j.t.JMeterThread: Thread finished: Config 3: Exp9 1-82
2026-05-04 22:25:59,807 INFO o.a.j.t.JMeterThread: Thread finished: Config 3: Exp9 1-64
2026-05-04 22:25:59,807 INFO o.a.j.t.JMeterThread: Stopping because end time detected by thread: Config 3: Exp9 1-113
2026-05-04 22:25:59,807 INFO o.a.j.t.JMeterThread: Stopping because end time detected by thread: Config 3: Exp9 1-104
2026-05-04 22:25:59,807 INFO o.a.j.t.JMeterThread: Thread finished: Config 3: Exp9 1-113
2026-05-04 22:25:59,807 INFO o.a.j.t.JMeterThread: Stopping because end time detected by thread: Config 3: Exp9 1-99
2026-05-04 22:25:59,807 INFO o.a.j.t.JMeterThread: Stopping because end time detected by thread: Config 3: Exp9 1-225
2026-05-04 22:25:59,807 INFO o.a.j.t.JMeterThread: Thread finished: Config 3: Exp9 1-99
2026-05-04 22:25:59,807 INFO o.a.j.t.JMeterThread: Stopping because end time detected by thread: Config 3: Exp9 1-434
2026-05-04 22:25:59,807 INFO o.a.j.t.JMeterThread: Thread finished: Config 3: Exp9 1-225
2026-05-04 22:25:59,807 INFO o.a.j.t.JMeterThread: Thread finished: Config 3: Exp9 1-104
2026-05-04 22:25:59,807 INFO o.a.j.t.JMeterThread: Thread finished: Config 3: Exp9 1-434
2026-05-04 22:25:59,807 INFO o.a.j.t.JMeterThread: Stopping because end time detected by thread: Config 3: Exp9 1-231
2026-05-04 22:25:59,807 INFO o.a.j.t.JMeterThread: Stopping because end time detected by thread: Config 3: Exp9 1-331
2026-05-04 22:25:59,807 INFO o.a.j.t.JMeterThread: Stopping because end time detected by thread: Config 3: Exp9 1-274
2026-05-04 22:25:59,807 INFO o.a.j.t.JMeterThread: Thread finished: Config 3: Exp9 1-274
2026-05-04 22:25:59,807 INFO o.a.j.t.JMeterThread: Stopping because end time detected by thread: Config 3: Exp9 1-43
2026-05-04 22:25:59,807 INFO o.a.j.t.JMeterThread: Stopping because end time detected by thread: Config 3: Exp9 1-271
2026-05-04 22:25:59,808 INFO o.a.j.t.JMeterThread: Thread finished: Config 3: Exp9 1-43
2026-05-04 22:25:59,808 INFO o.a.j.t.JMeterThread: Thread finished: Config 3: Exp9 1-271
2026-05-04 22:25:59,807 INFO o.a.j.t.JMeterThread: Thread finished: Config 3: Exp9 1-231
2026-05-04 22:25:59,807 INFO o.a.j.t.JMeterThread: Thread finished: Config 3: Exp9 1-331
2026-05-04 22:25:59,809 INFO o.a.j.t.JMeterThread: Stopping because end time detected by thread: Config 3: Exp9 1-339
2026-05-04 22:25:59,809 INFO o.a.j.t.JMeterThread: Stopping because end time detected by thread: Config 3: Exp9 1-432
2026-05-04 22:25:59,809 INFO o.a.j.t.JMeterThread: Stopping because end time detected by thread: Config 3: Exp9 1-184
2026-05-04 22:25:59,809 INFO o.a.j.t.JMeterThread: Thread finished: Config 3: Exp9 1-339
2026-05-04 22:25:59,809 INFO o.a.j.t.JMeterThread: Stopping because end time detected by thread: Config 3: Exp9 1-269
2026-05-04 22:25:59,809 INFO o.a.j.t.JMeterThread: Stopping because end time detected by thread: Config 3: Exp9 1-235
2026-05-04 22:25:59,809 INFO o.a.j.t.JMeterThread: Thread finished: Config 3: Exp9 1-184
2026-05-04 22:25:59,809 INFO o.a.j.t.JMeterThread: Thread finished: Config 3: Exp9 1-432
2026-05-04 22:25:59,809 INFO o.a.j.t.JMeterThread: Stopping because end time detected by thread: Config 3: Exp9 1-291
2026-05-04 22:25:59,809 INFO o.a.j.t.JMeterThread: Stopping because end time detected by thread: Config 3: Exp9 1-293
2026-05-04 22:25:59,809 INFO o.a.j.t.JMeterThread: Thread finished: Config 3: Exp9 1-291
2026-05-04 22:25:59,809 INFO o.a.j.t.JMeterThread: Thread finished: Config 3: Exp9 1-293
2026-05-04 22:25:59,809 INFO o.a.j.t.JMeterThread: Stopping because end time detected by thread: Config 3: Exp9 1-433
2026-05-04 22:25:59,809 INFO o.a.j.t.JMeterThread: Stopping because end time detected by thread: Config 3: Exp9 1-341
2026-05-04 22:25:59,809 INFO o.a.j.t.JMeterThread: Thread finished: Config 3: Exp9 1-433
2026-05-04 22:25:59,809 INFO o.a.j.t.JMeterThread: Stopping because end time detected by thread: Config 3: Exp9 1-334
2026-05-04 22:25:59,810 INFO o.a.j.t.JMeterThread: Stopping because end time detected by thread: Config 3: Exp9 1-93
2026-05-04 22:25:59,810 INFO o.a.j.t.JMeterThread: Stopping because end time detected by thread: Config 3: Exp9 1-435
2026-05-04 22:25:59,810 INFO o.a.j.t.JMeterThread: Thread finished: Config 3: Exp9 1-334
2026-05-04 22:25:59,810 INFO o.a.j.t.JMeterThread: Stopping because end time detected by thread: Config 3: Exp9 1-60
2026-05-04 22:25:59,810 INFO o.a.j.t.JMeterThread: Thread finished: Config 3: Exp9 1-435
2026-05-04 22:25:59,810 INFO o.a.j.t.JMeterThread: Thread finished: Config 3: Exp9 1-60
2026-05-04 22:25:59,809 INFO o.a.j.t.JMeterThread: Thread finished: Config 3: Exp9 1-341
2026-05-04 22:25:59,809 INFO o.a.j.t.JMeterThread: Stopping because end time detected by thread: Config 3: Exp9 1-77
2026-05-04 22:25:59,809 INFO o.a.j.t.JMeterThread: Thread finished: Config 3: Exp9 1-269
2026-05-04 22:25:59,810 INFO o.a.j.t.JMeterThread: Thread finished: Config 3: Exp9 1-235
2026-05-04 22:25:59,810 INFO o.a.j.t.JMeterThread: Stopping because end time detected by thread: Config 3: Exp9 1-436
2026-05-04 22:25:59,810 INFO o.a.j.t.JMeterThread: Thread finished: Config 3: Exp9 1-436
2026-05-04 22:25:59,810 INFO o.a.j.t.JMeterThread: Thread finished: Config 3: Exp9 1-77
2026-05-04 22:25:59,810 INFO o.a.j.t.JMeterThread: Thread finished: Config 3: Exp9 1-93
2026-05-04 22:25:59,812 INFO o.a.j.t.JMeterThread: Stopping because end time detected by thread: Config 3: Exp9 1-222
2026-05-04 22:25:59,812 INFO o.a.j.t.JMeterThread: Stopping because end time detected by thread: Config 3: Exp9 1-272
2026-05-04 22:25:59,812 INFO o.a.j.t.JMeterThread: Thread finished: Config 3: Exp9 1-222
2026-05-04 22:25:59,812 INFO o.a.j.t.JMeterThread: Stopping because end time detected by thread: Config 3: Exp9 1-346
2026-05-04 22:25:59,812 INFO o.a.j.t.JMeterThread: Stopping because end time detected by thread: Config 3: Exp9 1-140
2026-05-04 22:25:59,812 INFO o.a.j.t.JMeterThread: Thread finished: Config 3: Exp9 1-346
2026-05-04 22:25:59,812 INFO o.a.j.t.JMeterThread: Thread finished: Config 3: Exp9 1-272
2026-05-04 22:25:59,812 INFO o.a.j.t.JMeterThread: Thread finished: Config 3: Exp9 1-140
2026-05-04 22:25:59,812 INFO o.a.j.t.JMeterThread: Stopping because end time detected by thread: Config 3: Exp9 1-332
2026-05-04 22:25:59,812 INFO o.a.j.t.JMeterThread: Thread finished: Config 3: Exp9 1-332
2026-05-04 22:25:59,812 INFO o.a.j.t.JMeterThread: Stopping because end time detected by thread: Config 3: Exp9 1-230
2026-05-04 22:25:59,813 INFO o.a.j.t.JMeterThread: Thread finished: Config 3: Exp9 1-230
2026-05-04 22:25:59,813 INFO o.a.j.t.JMeterThread: Stopping because end time detected by thread: Config 3: Exp9 1-336
2026-05-04 22:25:59,813 INFO o.a.j.t.JMeterThread: Stopping because end time detected by thread: Config 3: Exp9 1-490
2026-05-04 22:25:59,813 INFO o.a.j.t.JMeterThread: Stopping because end time detected by thread: Config 3: Exp9 1-489
2026-05-04 22:25:59,813 INFO o.a.j.t.JMeterThread: Stopping because end time detected by thread: Config 3: Exp9 1-330
2026-05-04 22:25:59,813 INFO o.a.j.t.JMeterThread: Thread finished: Config 3: Exp9 1-489
2026-05-04 22:25:59,813 INFO o.a.j.t.JMeterThread: Stopping because end time detected by thread: Config 3: Exp9 1-493
2026-05-04 22:25:59,813 INFO o.a.j.t.JMeterThread: Stopping because end time detected by thread: Config 3: Exp9 1-492
2026-05-04 22:25:59,813 INFO o.a.j.t.JMeterThread: Thread finished: Config 3: Exp9 1-493
2026-05-04 22:25:59,813 INFO o.a.j.t.JMeterThread: Thread finished: Config 3: Exp9 1-490
2026-05-04 22:25:59,813 INFO o.a.j.t.JMeterThread: Stopping because end time detected by thread: Config 3: Exp9 1-491
2026-05-04 22:25:59,813 INFO o.a.j.t.JMeterThread: Thread finished: Config 3: Exp9 1-336
2026-05-04 22:25:59,813 INFO o.a.j.t.JMeterThread: Stopping because end time detected by thread: Config 3: Exp9 1-494
2026-05-04 22:25:59,813 INFO o.a.j.t.JMeterThread: Thread finished: Config 3: Exp9 1-494
2026-05-04 22:25:59,813 INFO o.a.j.t.JMeterThread: Thread finished: Config 3: Exp9 1-492
2026-05-04 22:25:59,813 INFO o.a.j.t.JMeterThread: Thread finished: Config 3: Exp9 1-491
2026-05-04 22:25:59,813 INFO o.a.j.t.JMeterThread: Stopping because end time detected by thread: Config 3: Exp9 1-480
2026-05-04 22:25:59,813 INFO o.a.j.t.JMeterThread: Stopping because end time detected by thread: Config 3: Exp9 1-481
2026-05-04 22:25:59,813 INFO o.a.j.t.JMeterThread: Thread finished: Config 3: Exp9 1-480
2026-05-04 22:25:59,813 INFO o.a.j.t.JMeterThread: Stopping because end time detected by thread: Config 3: Exp9 1-498
2026-05-04 22:25:59,813 INFO o.a.j.t.JMeterThread: Stopping because end time detected by thread: Config 3: Exp9 1-496
2026-05-04 22:25:59,813 INFO o.a.j.t.JMeterThread: Thread finished: Config 3: Exp9 1-498
2026-05-04 22:25:59,813 INFO o.a.j.t.JMeterThread: Stopping because end time detected by thread: Config 3: Exp9 1-497
2026-05-04 22:25:59,813 INFO o.a.j.t.JMeterThread: Stopping because end time detected by thread: Config 3: Exp9 1-495
2026-05-04 22:25:59,813 INFO o.a.j.t.JMeterThread: Thread finished: Config 3: Exp9 1-496
2026-05-04 22:25:59,814 INFO o.a.j.t.JMeterThread: Thread finished: Config 3: Exp9 1-497
2026-05-04 22:25:59,813 INFO o.a.j.t.JMeterThread: Thread finished: Config 3: Exp9 1-481
2026-05-04 22:25:59,813 INFO o.a.j.t.JMeterThread: Stopping because end time detected by thread: Config 3: Exp9 1-536
2026-05-04 22:25:59,813 INFO o.a.j.t.JMeterThread: Thread finished: Config 3: Exp9 1-330
2026-05-04 22:25:59,814 INFO o.a.j.t.JMeterThread: Thread finished: Config 3: Exp9 1-536
2026-05-04 22:25:59,814 INFO o.a.j.t.JMeterThread: Thread finished: Config 3: Exp9 1-495
2026-05-04 22:25:59,816 INFO o.a.j.t.JMeterThread: Stopping because end time detected by thread: Config 3: Exp9 1-530
2026-05-04 22:25:59,816 INFO o.a.j.t.JMeterThread: Thread finished: Config 3: Exp9 1-530
2026-05-04 22:25:59,816 INFO o.a.j.t.JMeterThread: Stopping because end time detected by thread: Config 3: Exp9 1-533
2026-05-04 22:25:59,816 INFO o.a.j.t.JMeterThread: Stopping because end time detected by thread: Config 3: Exp9 1-535
2026-05-04 22:25:59,816 INFO o.a.j.t.JMeterThread: Thread finished: Config 3: Exp9 1-533
2026-05-04 22:25:59,816 INFO o.a.j.t.JMeterThread: Stopping because end time detected by thread: Config 3: Exp9 1-537
2026-05-04 22:25:59,816 INFO o.a.j.t.JMeterThread: Stopping because end time detected by thread: Config 3: Exp9 1-532
2026-05-04 22:25:59,816 INFO o.a.j.t.JMeterThread: Thread finished: Config 3: Exp9 1-537
2026-05-04 22:25:59,816 INFO o.a.j.t.JMeterThread: Thread finished: Config 3: Exp9 1-535
2026-05-04 22:25:59,816 INFO o.a.j.t.JMeterThread: Stopping because end time detected by thread: Config 3: Exp9 1-534
2026-05-04 22:25:59,817 INFO o.a.j.t.JMeterThread: Stopping because end time detected by thread: Config 3: Exp9 1-541
2026-05-04 22:25:59,817 INFO o.a.j.t.JMeterThread: Stopping because end time detected by thread: Config 3: Exp9 1-539
2026-05-04 22:25:59,817 INFO o.a.j.t.JMeterThread: Thread finished: Config 3: Exp9 1-541
2026-05-04 22:25:59,816 INFO o.a.j.t.JMeterThread: Stopping because end time detected by thread: Config 3: Exp9 1-543
2026-05-04 22:25:59,817 INFO o.a.j.t.JMeterThread: Stopping because end time detected by thread: Config 3: Exp9 1-540
2026-05-04 22:25:59,817 INFO o.a.j.t.JMeterThread: Stopping because end time detected by thread: Config 3: Exp9 1-546
2026-05-04 22:25:59,816 INFO o.a.j.t.JMeterThread: Stopping because end time detected by thread: Config 3: Exp9 1-542
2026-05-04 22:25:59,817 INFO o.a.j.t.JMeterThread: Thread finished: Config 3: Exp9 1-546
2026-05-04 22:25:59,817 INFO o.a.j.t.JMeterThread: Thread finished: Config 3: Exp9 1-540
2026-05-04 22:25:59,817 INFO o.a.j.t.JMeterThread: Thread finished: Config 3: Exp9 1-532
2026-05-04 22:25:59,817 INFO o.a.j.t.JMeterThread: Stopping because end time detected by thread: Config 3: Exp9 1-538
2026-05-04 22:25:59,817 INFO o.a.j.t.JMeterThread: Stopping because end time detected by thread: Config 3: Exp9 1-545
2026-05-04 22:25:59,817 INFO o.a.j.t.JMeterThread: Thread finished: Config 3: Exp9 1-545
2026-05-04 22:25:59,817 INFO o.a.j.t.JMeterThread: Thread finished: Config 3: Exp9 1-542
2026-05-04 22:25:59,817 INFO o.a.j.t.JMeterThread: Thread finished: Config 3: Exp9 1-538
2026-05-04 22:25:59,817 INFO o.a.j.t.JMeterThread: Thread finished: Config 3: Exp9 1-539
2026-05-04 22:25:59,817 INFO o.a.j.t.JMeterThread: Stopping because end time detected by thread: Config 3: Exp9 1-549
2026-05-04 22:25:59,817 INFO o.a.j.t.JMeterThread: Thread finished: Config 3: Exp9 1-549
2026-05-04 22:25:59,817 INFO o.a.j.t.JMeterThread: Thread finished: Config 3: Exp9 1-534
2026-05-04 22:25:59,817 INFO o.a.j.t.JMeterThread: Thread finished: Config 3: Exp9 1-543
2026-05-04 22:25:59,817 INFO o.a.j.t.JMeterThread: Stopping because end time detected by thread: Config 3: Exp9 1-552
2026-05-04 22:25:59,817 INFO o.a.j.t.JMeterThread: Stopping because end time detected by thread: Config 3: Exp9 1-547
2026-05-04 22:25:59,817 INFO o.a.j.t.JMeterThread: Stopping because end time detected by thread: Config 3: Exp9 1-553
2026-05-04 22:25:59,817 INFO o.a.j.t.JMeterThread: Stopping because end time detected by thread: Config 3: Exp9 1-554
2026-05-04 22:25:59,817 INFO o.a.j.t.JMeterThread: Stopping because end time detected by thread: Config 3: Exp9 1-544
2026-05-04 22:25:59,817 INFO o.a.j.t.JMeterThread: Stopping because end time detected by thread: Config 3: Exp9 1-555
2026-05-04 22:25:59,817 INFO o.a.j.t.JMeterThread: Stopping because end time detected by thread: Config 3: Exp9 1-551
2026-05-04 22:25:59,817 INFO o.a.j.t.JMeterThread: Thread finished: Config 3: Exp9 1-553
2026-05-04 22:25:59,817 INFO o.a.j.t.JMeterThread: Thread finished: Config 3: Exp9 1-551
2026-05-04 22:25:59,817 INFO o.a.j.t.JMeterThread: Stopping because end time detected by thread: Config 3: Exp9 1-550
2026-05-04 22:25:59,817 INFO o.a.j.t.JMeterThread: Stopping because end time detected by thread: Config 3: Exp9 1-548
2026-05-04 22:25:59,817 INFO o.a.j.t.JMeterThread: Thread finished: Config 3: Exp9 1-547
2026-05-04 22:25:59,818 INFO o.a.j.t.JMeterThread: Thread finished: Config 3: Exp9 1-548
2026-05-04 22:25:59,817 INFO o.a.j.t.JMeterThread: Thread finished: Config 3: Exp9 1-552
2026-05-04 22:25:59,818 INFO o.a.j.t.JMeterThread: Thread finished: Config 3: Exp9 1-550
2026-05-04 22:25:59,817 INFO o.a.j.t.JMeterThread: Stopping because end time detected by thread: Config 3: Exp9 1-560
2026-05-04 22:25:59,817 INFO o.a.j.t.JMeterThread: Thread finished: Config 3: Exp9 1-555
2026-05-04 22:25:59,817 INFO o.a.j.t.JMeterThread: Stopping because end time detected by thread: Config 3: Exp9 1-559
2026-05-04 22:25:59,817 INFO o.a.j.t.JMeterThread: Thread finished: Config 3: Exp9 1-554
2026-05-04 22:25:59,818 INFO o.a.j.t.JMeterThread: Thread finished: Config 3: Exp9 1-559
2026-05-04 22:25:59,817 INFO o.a.j.t.JMeterThread: Stopping because end time detected by thread: Config 3: Exp9 1-557
2026-05-04 22:25:59,817 INFO o.a.j.t.JMeterThread: Stopping because end time detected by thread: Config 3: Exp9 1-558
2026-05-04 22:25:59,817 INFO o.a.j.t.JMeterThread: Thread finished: Config 3: Exp9 1-544
2026-05-04 22:25:59,818 INFO o.a.j.t.JMeterThread: Thread finished: Config 3: Exp9 1-558
2026-05-04 22:25:59,817 INFO o.a.j.t.JMeterThread: Stopping because end time detected by thread: Config 3: Exp9 1-556
2026-05-04 22:25:59,818 INFO o.a.j.t.JMeterThread: Thread finished: Config 3: Exp9 1-557
2026-05-04 22:25:59,818 INFO o.a.j.t.JMeterThread: Thread finished: Config 3: Exp9 1-556
2026-05-04 22:25:59,818 INFO o.a.j.t.JMeterThread: Thread finished: Config 3: Exp9 1-560
2026-05-04 22:25:59,830 INFO o.a.j.t.JMeterThread: Stopping because end time detected by thread: Config 3: Exp9 1-499
2026-05-04 22:25:59,831 INFO o.a.j.t.JMeterThread: Thread finished: Config 3: Exp9 1-499
2026-05-04 22:25:59,831 INFO o.a.j.t.JMeterThread: Stopping because end time detected by thread: Config 3: Exp9 1-482
2026-05-04 22:25:59,831 INFO o.a.j.t.JMeterThread: Thread finished: Config 3: Exp9 1-482
2026-05-04 22:25:59,831 INFO o.a.j.t.JMeterThread: Stopping because end time detected by thread: Config 3: Exp9 1-483
2026-05-04 22:25:59,831 INFO o.a.j.t.JMeterThread: Thread finished: Config 3: Exp9 1-483
2026-05-04 22:25:59,831 INFO o.a.j.t.JMeterThread: Stopping because end time detected by thread: Config 3: Exp9 1-501
2026-05-04 22:25:59,831 INFO o.a.j.t.JMeterThread: Stopping because end time detected by thread: Config 3: Exp9 1-484
2026-05-04 22:25:59,831 INFO o.a.j.t.JMeterThread: Thread finished: Config 3: Exp9 1-501
2026-05-04 22:25:59,831 INFO o.a.j.t.JMeterThread: Thread finished: Config 3: Exp9 1-484
2026-05-04 22:25:59,832 INFO o.a.j.t.JMeterThread: Stopping because end time detected by thread: Config 3: Exp9 1-500
2026-05-04 22:25:59,832 INFO o.a.j.t.JMeterThread: Thread finished: Config 3: Exp9 1-500
2026-05-04 22:25:59,832 INFO o.a.j.t.JMeterThread: Stopping because end time detected by thread: Config 3: Exp9 1-485
2026-05-04 22:25:59,832 INFO o.a.j.t.JMeterThread: Thread finished: Config 3: Exp9 1-485
2026-05-04 22:25:59,832 INFO o.a.j.t.JMeterThread: Stopping because end time detected by thread: Config 3: Exp9 1-503
2026-05-04 22:25:59,832 INFO o.a.j.t.JMeterThread: Thread finished: Config 3: Exp9 1-503
2026-05-04 22:25:59,832 INFO o.a.j.t.JMeterThread: Stopping because end time detected by thread: Config 3: Exp9 1-502
2026-05-04 22:25:59,832 INFO o.a.j.t.JMeterThread: Stopping because end time detected by thread: Config 3: Exp9 1-504
2026-05-04 22:25:59,832 INFO o.a.j.t.JMeterThread: Thread finished: Config 3: Exp9 1-504
2026-05-04 22:25:59,832 INFO o.a.j.t.JMeterThread: Thread finished: Config 3: Exp9 1-502
2026-05-04 22:25:59,833 INFO o.a.j.t.JMeterThread: Stopping because end time detected by thread: Config 3: Exp9 1-509
2026-05-04 22:25:59,833 INFO o.a.j.t.JMeterThread: Stopping because end time detected by thread: Config 3: Exp9 1-505
2026-05-04 22:25:59,833 INFO o.a.j.t.JMeterThread: Thread finished: Config 3: Exp9 1-509
2026-05-04 22:25:59,833 INFO o.a.j.t.JMeterThread: Thread finished: Config 3: Exp9 1-505
2026-05-04 22:25:59,836 INFO o.a.j.t.JMeterThread: Stopping because end time detected by thread: Config 3: Exp9 1-396
2026-05-04 22:25:59,836 INFO o.a.j.t.JMeterThread: Stopping because end time detected by thread: Config 3: Exp9 1-401
2026-05-04 22:25:59,836 INFO o.a.j.t.JMeterThread: Thread finished: Config 3: Exp9 1-401
2026-05-04 22:25:59,836 INFO o.a.j.t.JMeterThread: Stopping because end time detected by thread: Config 3: Exp9 1-403
2026-05-04 22:25:59,836 INFO o.a.j.t.JMeterThread: Stopping because end time detected by thread: Config 3: Exp9 1-512
2026-05-04 22:25:59,836 INFO o.a.j.t.JMeterThread: Thread finished: Config 3: Exp9 1-403
2026-05-04 22:25:59,836 INFO o.a.j.t.JMeterThread: Stopping because end time detected by thread: Config 3: Exp9 1-508
2026-05-04 22:25:59,836 INFO o.a.j.t.JMeterThread: Thread finished: Config 3: Exp9 1-396
2026-05-04 22:25:59,836 INFO o.a.j.t.JMeterThread: Thread finished: Config 3: Exp9 1-508
2026-05-04 22:25:59,836 INFO o.a.j.t.JMeterThread: Thread finished: Config 3: Exp9 1-512
2026-05-04 22:25:59,836 INFO o.a.j.t.JMeterThread: Stopping because end time detected by thread: Config 3: Exp9 1-40
2026-05-04 22:25:59,836 INFO o.a.j.t.JMeterThread: Thread finished: Config 3: Exp9 1-40
2026-05-04 22:25:59,836 INFO o.a.j.t.JMeterThread: Stopping because end time detected by thread: Config 3: Exp9 1-36
2026-05-04 22:25:59,836 INFO o.a.j.t.JMeterThread: Stopping because end time detected by thread: Config 3: Exp9 1-12
2026-05-04 22:25:59,836 INFO o.a.j.t.JMeterThread: Stopping because end time detected by thread: Config 3: Exp9 1-507
2026-05-04 22:25:59,837 INFO o.a.j.t.JMeterThread: Thread finished: Config 3: Exp9 1-12
2026-05-04 22:25:59,837 INFO o.a.j.t.JMeterThread: Stopping because end time detected by thread: Config 3: Exp9 1-24
2026-05-04 22:25:59,837 INFO o.a.j.t.JMeterThread: Stopping because end time detected by thread: Config 3: Exp9 1-423
2026-05-04 22:25:59,837 INFO o.a.j.t.JMeterThread: Stopping because end time detected by thread: Config 3: Exp9 1-404
2026-05-04 22:25:59,837 INFO o.a.j.t.JMeterThread: Thread finished: Config 3: Exp9 1-423
2026-05-04 22:25:59,836 INFO o.a.j.t.JMeterThread: Stopping because end time detected by thread: Config 3: Exp9 1-506
2026-05-04 22:25:59,837 INFO o.a.j.t.JMeterThread: Stopping because end time detected by thread: Config 3: Exp9 1-276
2026-05-04 22:25:59,837 INFO o.a.j.t.JMeterThread: Thread finished: Config 3: Exp9 1-506
2026-05-04 22:25:59,837 INFO o.a.j.t.JMeterThread: Thread finished: Config 3: Exp9 1-276
2026-05-04 22:25:59,837 INFO o.a.j.t.JMeterThread: Stopping because end time detected by thread: Config 3: Exp9 1-141
2026-05-04 22:25:59,836 INFO o.a.j.t.JMeterThread: Stopping because end time detected by thread: Config 3: Exp9 1-513
2026-05-04 22:25:59,837 INFO o.a.j.t.JMeterThread: Thread finished: Config 3: Exp9 1-141
2026-05-04 22:25:59,837 INFO o.a.j.t.JMeterThread: Stopping because end time detected by thread: Config 3: Exp9 1-59
2026-05-04 22:25:59,837 INFO o.a.j.t.JMeterThread: Stopping because end time detected by thread: Config 3: Exp9 1-277
2026-05-04 22:25:59,837 INFO o.a.j.t.JMeterThread: Stopping because end time detected by thread: Config 3: Exp9 1-178
2026-05-04 22:25:59,837 INFO o.a.j.t.JMeterThread: Stopping because end time detected by thread: Config 3: Exp9 1-282
2026-05-04 22:25:59,837 INFO o.a.j.t.JMeterThread: Stopping because end time detected by thread: Config 3: Exp9 1-400
2026-05-04 22:25:59,837 INFO o.a.j.t.JMeterThread: Stopping because end time detected by thread: Config 3: Exp9 1-360
2026-05-04 22:25:59,837 INFO o.a.j.t.JMeterThread: Thread finished: Config 3: Exp9 1-404
2026-05-04 22:25:59,837 INFO o.a.j.t.JMeterThread: Stopping because end time detected by thread: Config 3: Exp9 1-347
2026-05-04 22:25:59,837 INFO o.a.j.t.JMeterThread: Thread finished: Config 3: Exp9 1-360
2026-05-04 22:25:59,837 INFO o.a.j.t.JMeterThread: Thread finished: Config 3: Exp9 1-347
2026-05-04 22:25:59,837 INFO o.a.j.t.JMeterThread: Stopping because end time detected by thread: Config 3: Exp9 1-279
2026-05-04 22:25:59,837 INFO o.a.j.t.JMeterThread: Stopping because end time detected by thread: Config 3: Exp9 1-359
2026-05-04 22:25:59,837 INFO o.a.j.t.JMeterThread: Thread finished: Config 3: Exp9 1-359
2026-05-04 22:25:59,837 INFO o.a.j.t.JMeterThread: Thread finished: Config 3: Exp9 1-279
2026-05-04 22:25:59,837 INFO o.a.j.t.JMeterThread: Stopping because end time detected by thread: Config 3: Exp9 1-76
2026-05-04 22:25:59,837 INFO o.a.j.t.JMeterThread: Stopping because end time detected by thread: Config 3: Exp9 1-48
2026-05-04 22:25:59,837 INFO o.a.j.t.JMeterThread: Stopping because end time detected by thread: Config 3: Exp9 1-26
2026-05-04 22:25:59,837 INFO o.a.j.t.JMeterThread: Thread finished: Config 3: Exp9 1-48
2026-05-04 22:25:59,837 INFO o.a.j.t.JMeterThread: Thread finished: Config 3: Exp9 1-26
2026-05-04 22:25:59,837 INFO o.a.j.t.JMeterThread: Stopping because end time detected by thread: Config 3: Exp9 1-47
2026-05-04 22:25:59,837 INFO o.a.j.t.JMeterThread: Stopping because end time detected by thread: Config 3: Exp9 1-46
2026-05-04 22:25:59,837 INFO o.a.j.t.JMeterThread: Stopping because end time detected by thread: Config 3: Exp9 1-25
2026-05-04 22:25:59,837 INFO o.a.j.t.JMeterThread: Thread finished: Config 3: Exp9 1-47
2026-05-04 22:25:59,837 INFO o.a.j.t.JMeterThread: Thread finished: Config 3: Exp9 1-46
2026-05-04 22:25:59,837 INFO o.a.j.t.JMeterThread: Stopping because end time detected by thread: Config 3: Exp9 1-13
2026-05-04 22:25:59,837 INFO o.a.j.t.JMeterThread: Thread finished: Config 3: Exp9 1-24
2026-05-04 22:25:59,837 INFO o.a.j.t.JMeterThread: Stopping because end time detected by thread: Config 3: Exp9 1-54
2026-05-04 22:25:59,837 INFO o.a.j.t.JMeterThread: Stopping because end time detected by thread: Config 3: Exp9 1-511
2026-05-04 22:25:59,837 INFO o.a.j.t.JMeterThread: Thread finished: Config 3: Exp9 1-507
2026-05-04 22:25:59,838 INFO o.a.j.t.JMeterThread: Thread finished: Config 3: Exp9 1-54
2026-05-04 22:25:59,837 INFO o.a.j.t.JMeterThread: Stopping because end time detected by thread: Config 3: Exp9 1-10
2026-05-04 22:25:59,837 INFO o.a.j.t.JMeterThread: Thread finished: Config 3: Exp9 1-36
2026-05-04 22:25:59,838 INFO o.a.j.t.JMeterThread: Stopping because end time detected by thread: Config 3: Exp9 1-406
2026-05-04 22:25:59,838 INFO o.a.j.t.JMeterThread: Thread finished: Config 3: Exp9 1-10
2026-05-04 22:25:59,838 INFO o.a.j.t.JMeterThread: Thread finished: Config 3: Exp9 1-406
2026-05-04 22:25:59,836 INFO o.a.j.t.JMeterThread: Stopping because end time detected by thread: Config 3: Exp9 1-23
2026-05-04 22:25:59,838 INFO o.a.j.t.JMeterThread: Stopping because end time detected by thread: Config 3: Exp9 1-7
2026-05-04 22:25:59,836 INFO o.a.j.t.JMeterThread: Stopping because end time detected by thread: Config 3: Exp9 1-510
2026-05-04 22:25:59,838 INFO o.a.j.t.JMeterThread: Stopping because end time detected by thread: Config 3: Exp9 1-31
2026-05-04 22:25:59,838 INFO o.a.j.t.JMeterThread: Thread finished: Config 3: Exp9 1-510
2026-05-04 22:25:59,838 INFO o.a.j.t.JMeterThread: Stopping because end time detected by thread: Config 3: Exp9 1-53
2026-05-04 22:25:59,838 INFO o.a.j.t.JMeterThread: Stopping because end time detected by thread: Config 3: Exp9 1-357
2026-05-04 22:25:59,836 INFO o.a.j.t.JMeterThread: Stopping because end time detected by thread: Config 3: Exp9 1-424
2026-05-04 22:25:59,838 INFO o.a.j.t.JMeterThread: Thread finished: Config 3: Exp9 1-357
2026-05-04 22:25:59,838 INFO o.a.j.t.JMeterThread: Stopping because end time detected by thread: Config 3: Exp9 1-275
2026-05-04 22:25:59,838 INFO o.a.j.t.JMeterThread: Stopping because end time detected by thread: Config 3: Exp9 1-393
2026-05-04 22:25:59,838 INFO o.a.j.t.JMeterThread: Thread finished: Config 3: Exp9 1-275
2026-05-04 22:25:59,838 INFO o.a.j.t.JMeterThread: Thread finished: Config 3: Exp9 1-31
2026-05-04 22:25:59,838 INFO o.a.j.t.JMeterThread: Thread finished: Config 3: Exp9 1-7
2026-05-04 22:25:59,838 INFO o.a.j.t.JMeterThread: Stopping because end time detected by thread: Config 3: Exp9 1-348
2026-05-04 22:25:59,838 INFO o.a.j.t.JMeterThread: Stopping because end time detected by thread: Config 3: Exp9 1-394
2026-05-04 22:25:59,838 INFO o.a.j.t.JMeterThread: Thread finished: Config 3: Exp9 1-23
2026-05-04 22:25:59,838 INFO o.a.j.t.JMeterThread: Stopping because end time detected by thread: Config 3: Exp9 1-30
2026-05-04 22:25:59,838 INFO o.a.j.t.JMeterThread: Thread finished: Config 3: Exp9 1-394
2026-05-04 22:25:59,838 INFO o.a.j.t.JMeterThread: Thread finished: Config 3: Exp9 1-30
2026-05-04 22:25:59,838 INFO o.a.j.t.JMeterThread: Stopping because end time detected by thread: Config 3: Exp9 1-410
2026-05-04 22:25:59,838 INFO o.a.j.t.JMeterThread: Thread finished: Config 3: Exp9 1-511
2026-05-04 22:25:59,838 INFO o.a.j.t.JMeterThread: Thread finished: Config 3: Exp9 1-13
2026-05-04 22:25:59,837 INFO o.a.j.t.JMeterThread: Thread finished: Config 3: Exp9 1-76
2026-05-04 22:25:59,837 INFO o.a.j.t.JMeterThread: Stopping because end time detected by thread: Config 3: Exp9 1-350
2026-05-04 22:25:59,839 INFO o.a.j.t.JMeterThread: Thread finished: Config 3: Exp9 1-25
2026-05-04 22:25:59,837 INFO o.a.j.t.JMeterThread: Stopping because end time detected by thread: Config 3: Exp9 1-355
2026-05-04 22:25:59,837 INFO o.a.j.t.JMeterThread: Stopping because end time detected by thread: Config 3: Exp9 1-270
2026-05-04 22:25:59,837 INFO o.a.j.t.JMeterThread: Thread finished: Config 3: Exp9 1-178
2026-05-04 22:25:59,839 INFO o.a.j.t.JMeterThread: Thread finished: Config 3: Exp9 1-270
2026-05-04 22:25:59,839 INFO o.a.j.t.JMeterThread: Stopping because end time detected by thread: Config 3: Exp9 1-402
2026-05-04 22:25:59,837 INFO o.a.j.t.JMeterThread: Thread finished: Config 3: Exp9 1-282
2026-05-04 22:25:59,839 INFO o.a.j.t.JMeterThread: Stopping because end time detected by thread: Config 3: Exp9 1-409
2026-05-04 22:25:59,839 INFO o.a.j.t.JMeterThread: Thread finished: Config 3: Exp9 1-59
2026-05-04 22:25:59,839 INFO o.a.j.t.JMeterThread: Thread finished: Config 3: Exp9 1-277
2026-05-04 22:25:59,839 INFO o.a.j.t.JMeterThread: Stopping because end time detected by thread: Config 3: Exp9 1-352
2026-05-04 22:25:59,839 INFO o.a.j.t.JMeterThread: Thread finished: Config 3: Exp9 1-409
2026-05-04 22:25:59,837 INFO o.a.j.t.JMeterThread: Stopping because end time detected by thread: Config 3: Exp9 1-264
2026-05-04 22:25:59,839 INFO o.a.j.t.JMeterThread: Thread finished: Config 3: Exp9 1-352
2026-05-04 22:25:59,837 INFO o.a.j.t.JMeterThread: Stopping because end time detected by thread: Config 3: Exp9 1-278
2026-05-04 22:25:59,837 INFO o.a.j.t.JMeterThread: Stopping because end time detected by thread: Config 3: Exp9 1-273
2026-05-04 22:25:59,839 INFO o.a.j.t.JMeterThread: Thread finished: Config 3: Exp9 1-278
2026-05-04 22:25:59,839 INFO o.a.j.t.JMeterThread: Thread finished: Config 3: Exp9 1-273
2026-05-04 22:25:59,839 INFO o.a.j.t.JMeterThread: Thread finished: Config 3: Exp9 1-513
2026-05-04 22:25:59,839 INFO o.a.j.t.JMeterThread: Thread finished: Config 3: Exp9 1-402
2026-05-04 22:25:59,839 INFO o.a.j.t.JMeterThread: Thread finished: Config 3: Exp9 1-400
2026-05-04 22:25:59,839 INFO o.a.j.t.JMeterThread: Stopping because end time detected by thread: Config 3: Exp9 1-399
2026-05-04 22:25:59,839 INFO o.a.j.t.JMeterThread: Thread finished: Config 3: Exp9 1-355
2026-05-04 22:25:59,840 INFO o.a.j.t.JMeterThread: Thread finished: Config 3: Exp9 1-399
2026-05-04 22:25:59,840 INFO o.a.j.t.JMeterThread: Thread finished: Config 3: Exp9 1-350
2026-05-04 22:25:59,838 INFO o.a.j.t.JMeterThread: Thread finished: Config 3: Exp9 1-410
2026-05-04 22:25:59,838 INFO o.a.j.t.JMeterThread: Stopping because end time detected by thread: Config 3: Exp9 1-353
2026-05-04 22:25:59,838 INFO o.a.j.t.JMeterThread: Thread finished: Config 3: Exp9 1-348
2026-05-04 22:25:59,840 INFO o.a.j.t.JMeterThread: Thread finished: Config 3: Exp9 1-353
2026-05-04 22:25:59,838 INFO o.a.j.t.JMeterThread: Thread finished: Config 3: Exp9 1-53
2026-05-04 22:25:59,840 INFO o.a.j.t.JMeterThread: Thread finished: Config 3: Exp9 1-393
2026-05-04 22:25:59,839 INFO o.a.j.t.JMeterThread: Thread finished: Config 3: Exp9 1-264
2026-05-04 22:25:59,840 INFO o.a.j.t.JMeterThread: Thread finished: Config 3: Exp9 1-424
2026-05-04 22:25:59,841 INFO o.a.j.t.JMeterThread: Stopping because end time detected by thread: Config 3: Exp9 1-405
2026-05-04 22:25:59,841 INFO o.a.j.t.JMeterThread: Stopping because end time detected by thread: Config 3: Exp9 1-395
2026-05-04 22:25:59,841 INFO o.a.j.t.JMeterThread: Stopping because end time detected by thread: Config 3: Exp9 1-416
2026-05-04 22:25:59,841 INFO o.a.j.t.JMeterThread: Stopping because end time detected by thread: Config 3: Exp9 1-417
2026-05-04 22:25:59,841 INFO o.a.j.t.JMeterThread: Thread finished: Config 3: Exp9 1-395
2026-05-04 22:25:59,841 INFO o.a.j.t.JMeterThread: Thread finished: Config 3: Exp9 1-417
2026-05-04 22:25:59,841 INFO o.a.j.t.JMeterThread: Stopping because end time detected by thread: Config 3: Exp9 1-398
2026-05-04 22:25:59,841 INFO o.a.j.t.JMeterThread: Stopping because end time detected by thread: Config 3: Exp9 1-419
2026-05-04 22:25:59,841 INFO o.a.j.t.JMeterThread: Stopping because end time detected by thread: Config 3: Exp9 1-418
2026-05-04 22:25:59,841 INFO o.a.j.t.JMeterThread: Thread finished: Config 3: Exp9 1-416
2026-05-04 22:25:59,841 INFO o.a.j.t.JMeterThread: Stopping because end time detected by thread: Config 3: Exp9 1-421
2026-05-04 22:25:59,841 INFO o.a.j.t.JMeterThread: Thread finished: Config 3: Exp9 1-418
2026-05-04 22:25:59,841 INFO o.a.j.t.JMeterThread: Thread finished: Config 3: Exp9 1-405
2026-05-04 22:25:59,841 INFO o.a.j.t.JMeterThread: Thread finished: Config 3: Exp9 1-421
2026-05-04 22:25:59,841 INFO o.a.j.t.JMeterThread: Stopping because end time detected by thread: Config 3: Exp9 1-411
2026-05-04 22:25:59,841 INFO o.a.j.t.JMeterThread: Stopping because end time detected by thread: Config 3: Exp9 1-138
2026-05-04 22:25:59,841 INFO o.a.j.t.JMeterThread: Stopping because end time detected by thread: Config 3: Exp9 1-407
2026-05-04 22:25:59,841 INFO o.a.j.t.JMeterThread: Stopping because end time detected by thread: Config 3: Exp9 1-126
2026-05-04 22:25:59,841 INFO o.a.j.t.JMeterThread: Thread finished: Config 3: Exp9 1-407
2026-05-04 22:25:59,841 INFO o.a.j.t.JMeterThread: Stopping because end time detected by thread: Config 3: Exp9 1-430
2026-05-04 22:25:59,841 INFO o.a.j.t.JMeterThread: Stopping because end time detected by thread: Config 3: Exp9 1-408
2026-05-04 22:25:59,841 INFO o.a.j.t.JMeterThread: Thread finished: Config 3: Exp9 1-126
2026-05-04 22:25:59,841 INFO o.a.j.t.JMeterThread: Stopping because end time detected by thread: Config 3: Exp9 1-188
2026-05-04 22:25:59,841 INFO o.a.j.t.JMeterThread: Thread finished: Config 3: Exp9 1-408
2026-05-04 22:25:59,842 INFO o.a.j.t.JMeterThread: Stopping because end time detected by thread: Config 3: Exp9 1-329
2026-05-04 22:25:59,842 INFO o.a.j.t.JMeterThread: Thread finished: Config 3: Exp9 1-329
2026-05-04 22:25:59,841 INFO o.a.j.t.JMeterThread: Thread finished: Config 3: Exp9 1-138
2026-05-04 22:25:59,841 INFO o.a.j.t.JMeterThread: Stopping because end time detected by thread: Config 3: Exp9 1-337
2026-05-04 22:25:59,842 INFO o.a.j.t.JMeterThread: Thread finished: Config 3: Exp9 1-337
2026-05-04 22:25:59,841 INFO o.a.j.t.JMeterThread: Stopping because end time detected by thread: Config 3: Exp9 1-136
2026-05-04 22:25:59,841 INFO o.a.j.t.JMeterThread: Thread finished: Config 3: Exp9 1-419
2026-05-04 22:25:59,841 INFO o.a.j.t.JMeterThread: Stopping because end time detected by thread: Config 3: Exp9 1-413
2026-05-04 22:25:59,842 INFO o.a.j.t.JMeterThread: Thread finished: Config 3: Exp9 1-411
2026-05-04 22:25:59,842 INFO o.a.j.t.JMeterThread: Thread finished: Config 3: Exp9 1-413
2026-05-04 22:25:59,842 INFO o.a.j.t.JMeterThread: Thread finished: Config 3: Exp9 1-136
2026-05-04 22:25:59,842 INFO o.a.j.t.JMeterThread: Thread finished: Config 3: Exp9 1-398
2026-05-04 22:25:59,842 INFO o.a.j.t.JMeterThread: Stopping because end time detected by thread: Config 3: Exp9 1-354
2026-05-04 22:25:59,842 INFO o.a.j.t.JMeterThread: Thread finished: Config 3: Exp9 1-354
2026-05-04 22:25:59,841 INFO o.a.j.t.JMeterThread: Thread finished: Config 3: Exp9 1-188
2026-05-04 22:25:59,842 INFO o.a.j.t.JMeterThread: Stopping because end time detected by thread: Config 3: Exp9 1-358
2026-05-04 22:25:59,842 INFO o.a.j.t.JMeterThread: Thread finished: Config 3: Exp9 1-358
2026-05-04 22:25:59,842 INFO o.a.j.t.JMeterThread: Stopping because end time detected by thread: Config 3: Exp9 1-351
2026-05-04 22:25:59,841 INFO o.a.j.t.JMeterThread: Thread finished: Config 3: Exp9 1-430
2026-05-04 22:25:59,841 INFO o.a.j.t.JMeterThread: Stopping because end time detected by thread: Config 3: Exp9 1-288
2026-05-04 22:25:59,842 INFO o.a.j.t.JMeterThread: Thread finished: Config 3: Exp9 1-351
2026-05-04 22:25:59,842 INFO o.a.j.t.JMeterThread: Stopping because end time detected by thread: Config 3: Exp9 1-349
2026-05-04 22:25:59,842 INFO o.a.j.t.JMeterThread: Thread finished: Config 3: Exp9 1-349
2026-05-04 22:25:59,842 INFO o.a.j.t.JMeterThread: Stopping because end time detected by thread: Config 3: Exp9 1-280
2026-05-04 22:25:59,842 INFO o.a.j.t.JMeterThread: Stopping because end time detected by thread: Config 3: Exp9 1-356
2026-05-04 22:25:59,842 INFO o.a.j.t.JMeterThread: Stopping because end time detected by thread: Config 3: Exp9 1-281
2026-05-04 22:25:59,842 INFO o.a.j.t.JMeterThread: Thread finished: Config 3: Exp9 1-356
2026-05-04 22:25:59,842 INFO o.a.j.t.JMeterThread: Thread finished: Config 3: Exp9 1-288
2026-05-04 22:25:59,842 INFO o.a.j.t.JMeterThread: Thread finished: Config 3: Exp9 1-280
2026-05-04 22:25:59,843 INFO o.a.j.t.JMeterThread: Thread finished: Config 3: Exp9 1-281
2026-05-04 22:25:59,843 INFO o.a.j.t.JMeterThread: Stopping because end time detected by thread: Config 3: Exp9 1-266
2026-05-04 22:25:59,843 INFO o.a.j.t.JMeterThread: Stopping because end time detected by thread: Config 3: Exp9 1-265
2026-05-04 22:25:59,843 INFO o.a.j.t.JMeterThread: Thread finished: Config 3: Exp9 1-266
2026-05-04 22:25:59,843 INFO o.a.j.t.JMeterThread: Thread finished: Config 3: Exp9 1-265
2026-05-04 22:25:59,843 INFO o.a.j.t.JMeterThread: Stopping because end time detected by thread: Config 3: Exp9 1-397
2026-05-04 22:25:59,843 INFO o.a.j.t.JMeterThread: Stopping because end time detected by thread: Config 3: Exp9 1-267
2026-05-04 22:25:59,843 INFO o.a.j.t.JMeterThread: Thread finished: Config 3: Exp9 1-397
2026-05-04 22:25:59,843 INFO o.a.j.t.JMeterThread: Stopping because end time detected by thread: Config 3: Exp9 1-425
2026-05-04 22:25:59,843 INFO o.a.j.t.JMeterThread: Thread finished: Config 3: Exp9 1-267
2026-05-04 22:25:59,843 INFO o.a.j.t.JMeterThread: Stopping because end time detected by thread: Config 3: Exp9 1-415
2026-05-04 22:25:59,843 INFO o.a.j.t.JMeterThread: Stopping because end time detected by thread: Config 3: Exp9 1-137
2026-05-04 22:25:59,843 INFO o.a.j.t.JMeterThread: Stopping because end time detected by thread: Config 3: Exp9 1-185
2026-05-04 22:25:59,843 INFO o.a.j.t.JMeterThread: Thread finished: Config 3: Exp9 1-137
2026-05-04 22:25:59,843 INFO o.a.j.t.JMeterThread: Thread finished: Config 3: Exp9 1-185
2026-05-04 22:25:59,843 INFO o.a.j.t.JMeterThread: Stopping because end time detected by thread: Config 3: Exp9 1-414
2026-05-04 22:25:59,843 INFO o.a.j.t.JMeterThread: Thread finished: Config 3: Exp9 1-415
2026-05-04 22:25:59,843 INFO o.a.j.t.JMeterThread: Stopping because end time detected by thread: Config 3: Exp9 1-431
2026-05-04 22:25:59,843 INFO o.a.j.t.JMeterThread: Stopping because end time detected by thread: Config 3: Exp9 1-427
2026-05-04 22:25:59,843 INFO o.a.j.t.JMeterThread: Stopping because end time detected by thread: Config 3: Exp9 1-226
2026-05-04 22:25:59,843 INFO o.a.j.t.JMeterThread: Thread finished: Config 3: Exp9 1-425
2026-05-04 22:25:59,843 INFO o.a.j.t.JMeterThread: Stopping because end time detected by thread: Config 3: Exp9 1-422
2026-05-04 22:25:59,844 INFO o.a.j.t.JMeterThread: Thread finished: Config 3: Exp9 1-422
2026-05-04 22:25:59,843 INFO o.a.j.t.JMeterThread: Stopping because end time detected by thread: Config 3: Exp9 1-412
2026-05-04 22:25:59,844 INFO o.a.j.t.JMeterThread: Thread finished: Config 3: Exp9 1-412
2026-05-04 22:25:59,843 INFO o.a.j.t.JMeterThread: Stopping because end time detected by thread: Config 3: Exp9 1-420
2026-05-04 22:25:59,844 INFO o.a.j.t.JMeterThread: Stopping because end time detected by thread: Config 3: Exp9 1-237
2026-05-04 22:25:59,844 INFO o.a.j.t.JMeterThread: Thread finished: Config 3: Exp9 1-420
2026-05-04 22:25:59,843 INFO o.a.j.t.JMeterThread: Thread finished: Config 3: Exp9 1-226
2026-05-04 22:25:59,844 INFO o.a.j.t.JMeterThread: Thread finished: Config 3: Exp9 1-237
2026-05-04 22:25:59,843 INFO o.a.j.t.JMeterThread: Stopping because end time detected by thread: Config 3: Exp9 1-428
2026-05-04 22:25:59,844 INFO o.a.j.t.JMeterThread: Thread finished: Config 3: Exp9 1-428
2026-05-04 22:25:59,843 INFO o.a.j.t.JMeterThread: Stopping because end time detected by thread: Config 3: Exp9 1-183
2026-05-04 22:25:59,843 INFO o.a.j.t.JMeterThread: Stopping because end time detected by thread: Config 3: Exp9 1-233
2026-05-04 22:25:59,843 INFO o.a.j.t.JMeterThread: Thread finished: Config 3: Exp9 1-427
2026-05-04 22:25:59,844 INFO o.a.j.t.JMeterThread: Stopping because end time detected by thread: Config 3: Exp9 1-335
2026-05-04 22:25:59,844 INFO o.a.j.t.JMeterThread: Stopping because end time detected by thread: Config 3: Exp9 1-342
2026-05-04 22:25:59,844 INFO o.a.j.t.JMeterThread: Stopping because end time detected by thread: Config 3: Exp9 1-338
2026-05-04 22:25:59,844 INFO o.a.j.t.JMeterThread: Thread finished: Config 3: Exp9 1-335
2026-05-04 22:25:59,844 INFO o.a.j.t.JMeterThread: Stopping because end time detected by thread: Config 3: Exp9 1-344
2026-05-04 22:25:59,844 INFO o.a.j.t.JMeterThread: Thread finished: Config 3: Exp9 1-338
2026-05-04 22:25:59,843 INFO o.a.j.t.JMeterThread: Stopping because end time detected by thread: Config 3: Exp9 1-221
2026-05-04 22:25:59,844 INFO o.a.j.t.JMeterThread: Thread finished: Config 3: Exp9 1-344
2026-05-04 22:25:59,843 INFO o.a.j.t.JMeterThread: Stopping because end time detected by thread: Config 3: Exp9 1-239
2026-05-04 22:25:59,844 INFO o.a.j.t.JMeterThread: Stopping because end time detected by thread: Config 3: Exp9 1-345
2026-05-04 22:25:59,843 INFO o.a.j.t.JMeterThread: Thread finished: Config 3: Exp9 1-431
2026-05-04 22:25:59,843 INFO o.a.j.t.JMeterThread: Stopping because end time detected by thread: Config 3: Exp9 1-429
2026-05-04 22:25:59,843 INFO o.a.j.t.JMeterThread: Stopping because end time detected by thread: Config 3: Exp9 1-238
2026-05-04 22:25:59,844 INFO o.a.j.t.JMeterThread: Thread finished: Config 3: Exp9 1-429
2026-05-04 22:25:59,844 INFO o.a.j.t.JMeterThread: Thread finished: Config 3: Exp9 1-238
2026-05-04 22:25:59,843 INFO o.a.j.t.JMeterThread: Thread finished: Config 3: Exp9 1-414
2026-05-04 22:25:59,844 INFO o.a.j.t.JMeterThread: Thread finished: Config 3: Exp9 1-345
2026-05-04 22:25:59,844 INFO o.a.j.t.JMeterThread: Stopping because end time detected by thread: Config 3: Exp9 1-143
2026-05-04 22:25:59,844 INFO o.a.j.t.JMeterThread: Stopping because end time detected by thread: Config 3: Exp9 1-220
2026-05-04 22:25:59,844 INFO o.a.j.t.JMeterThread: Stopping because end time detected by thread: Config 3: Exp9 1-236
2026-05-04 22:25:59,845 INFO o.a.j.t.JMeterThread: Thread finished: Config 3: Exp9 1-143
2026-05-04 22:25:59,844 INFO o.a.j.t.JMeterThread: Stopping because end time detected by thread: Config 3: Exp9 1-18
2026-05-04 22:25:59,845 INFO o.a.j.t.JMeterThread: Thread finished: Config 3: Exp9 1-220
2026-05-04 22:25:59,844 INFO o.a.j.t.JMeterThread: Stopping because end time detected by thread: Config 3: Exp9 1-343
2026-05-04 22:25:59,845 INFO o.a.j.t.JMeterThread: Thread finished: Config 3: Exp9 1-18
2026-05-04 22:25:59,844 INFO o.a.j.t.JMeterThread: Stopping because end time detected by thread: Config 3: Exp9 1-144
2026-05-04 22:25:59,845 INFO o.a.j.t.JMeterThread: Thread finished: Config 3: Exp9 1-343
2026-05-04 22:25:59,845 INFO o.a.j.t.JMeterThread: Thread finished: Config 3: Exp9 1-144
2026-05-04 22:25:59,844 INFO o.a.j.t.JMeterThread: Thread finished: Config 3: Exp9 1-342
2026-05-04 22:25:59,844 INFO o.a.j.t.JMeterThread: Thread finished: Config 3: Exp9 1-233
2026-05-04 22:25:59,844 INFO o.a.j.t.JMeterThread: Stopping because end time detected by thread: Config 3: Exp9 1-340
2026-05-04 22:25:59,844 INFO o.a.j.t.JMeterThread: Stopping because end time detected by thread: Config 3: Exp9 1-268
2026-05-04 22:25:59,845 INFO o.a.j.t.JMeterThread: Thread finished: Config 3: Exp9 1-340
2026-05-04 22:25:59,845 INFO o.a.j.t.JMeterThread: Thread finished: Config 3: Exp9 1-268
2026-05-04 22:25:59,844 INFO o.a.j.t.JMeterThread: Stopping because end time detected by thread: Config 3: Exp9 1-333
2026-05-04 22:25:59,844 INFO o.a.j.t.JMeterThread: Thread finished: Config 3: Exp9 1-183
2026-05-04 22:25:59,845 INFO o.a.j.t.JMeterThread: Thread finished: Config 3: Exp9 1-221
2026-05-04 22:25:59,845 INFO o.a.j.t.JMeterThread: Thread finished: Config 3: Exp9 1-239
2026-05-04 22:25:59,845 INFO o.a.j.t.JMeterThread: Thread finished: Config 3: Exp9 1-333
2026-05-04 22:25:59,845 INFO o.a.j.t.JMeterThread: Thread finished: Config 3: Exp9 1-236
2026-05-04 22:25:59,847 INFO o.a.j.t.JMeterThread: Stopping because end time detected by thread: Config 3: Exp9 1-426
2026-05-04 22:25:59,847 INFO o.a.j.t.JMeterThread: Stopping because end time detected by thread: Config 3: Exp9 1-142
2026-05-04 22:25:59,847 INFO o.a.j.t.JMeterThread: Thread finished: Config 3: Exp9 1-426
2026-05-04 22:25:59,847 INFO o.a.j.t.JMeterThread: Stopping because end time detected by thread: Config 3: Exp9 1-227
2026-05-04 22:25:59,847 INFO o.a.j.t.JMeterThread: Stopping because end time detected by thread: Config 3: Exp9 1-224
2026-05-04 22:25:59,848 INFO o.a.j.t.JMeterThread: Thread finished: Config 3: Exp9 1-224
2026-05-04 22:25:59,848 INFO o.a.j.t.JMeterThread: Thread finished: Config 3: Exp9 1-142
2026-05-04 22:25:59,848 INFO o.a.j.t.JMeterThread: Stopping because end time detected by thread: Config 3: Exp9 1-232
2026-05-04 22:25:59,847 INFO o.a.j.t.JMeterThread: Thread finished: Config 3: Exp9 1-227
2026-05-04 22:25:59,848 INFO o.a.j.t.JMeterThread: Thread finished: Config 3: Exp9 1-232
2026-05-04 22:25:59,848 INFO o.a.j.t.JMeterThread: Stopping because end time detected by thread: Config 3: Exp9 1-515
2026-05-04 22:25:59,848 INFO o.a.j.t.JMeterThread: Thread finished: Config 3: Exp9 1-515
2026-05-04 22:25:59,848 INFO o.a.j.t.JMeterThread: Stopping because end time detected by thread: Config 3: Exp9 1-516
2026-05-04 22:25:59,848 INFO o.a.j.t.JMeterThread: Thread finished: Config 3: Exp9 1-516
2026-05-04 22:25:59,848 INFO o.a.j.t.JMeterThread: Stopping because end time detected by thread: Config 3: Exp9 1-519
2026-05-04 22:25:59,848 INFO o.a.j.t.JMeterThread: Stopping because end time detected by thread: Config 3: Exp9 1-518
2026-05-04 22:25:59,848 INFO o.a.j.t.JMeterThread: Stopping because end time detected by thread: Config 3: Exp9 1-229
2026-05-04 22:25:59,848 INFO o.a.j.t.JMeterThread: Thread finished: Config 3: Exp9 1-518
2026-05-04 22:25:59,848 INFO o.a.j.t.JMeterThread: Thread finished: Config 3: Exp9 1-229
2026-05-04 22:25:59,848 INFO o.a.j.t.JMeterThread: Thread finished: Config 3: Exp9 1-519
2026-05-04 22:25:59,850 INFO o.a.j.t.JMeterThread: Stopping because end time detected by thread: Config 3: Exp9 1-109
2026-05-04 22:25:59,850 INFO o.a.j.t.JMeterThread: Thread finished: Config 3: Exp9 1-109
2026-05-04 22:25:59,850 INFO o.a.j.t.JMeterThread: Stopping because end time detected by thread: Config 3: Exp9 1-525
2026-05-04 22:25:59,850 INFO o.a.j.t.JMeterThread: Stopping because end time detected by thread: Config 3: Exp9 1-9
2026-05-04 22:25:59,850 INFO o.a.j.t.JMeterThread: Thread finished: Config 3: Exp9 1-525
2026-05-04 22:25:59,850 INFO o.a.j.t.JMeterThread: Stopping because end time detected by thread: Config 3: Exp9 1-526
2026-05-04 22:25:59,850 INFO o.a.j.t.JMeterThread: Thread finished: Config 3: Exp9 1-9
2026-05-04 22:25:59,850 INFO o.a.j.t.JMeterThread: Thread finished: Config 3: Exp9 1-526
2026-05-04 22:25:59,850 INFO o.a.j.t.JMeterThread: Stopping because end time detected by thread: Config 3: Exp9 1-228
2026-05-04 22:25:59,850 INFO o.a.j.t.JMeterThread: Stopping because end time detected by thread: Config 3: Exp9 1-234
2026-05-04 22:25:59,850 INFO o.a.j.t.JMeterThread: Thread finished: Config 3: Exp9 1-228
2026-05-04 22:25:59,850 INFO o.a.j.t.JMeterThread: Thread finished: Config 3: Exp9 1-234
2026-05-04 22:25:59,851 INFO o.a.j.t.JMeterThread: Stopping because end time detected by thread: Config 3: Exp9 1-514
2026-05-04 22:25:59,851 INFO o.a.j.t.JMeterThread: Thread finished: Config 3: Exp9 1-514
2026-05-04 22:25:59,851 INFO o.a.j.t.JMeterThread: Stopping because end time detected by thread: Config 3: Exp9 1-522
2026-05-04 22:25:59,851 INFO o.a.j.t.JMeterThread: Thread finished: Config 3: Exp9 1-522
2026-05-04 22:25:59,851 INFO o.a.j.t.JMeterThread: Stopping because end time detected by thread: Config 3: Exp9 1-523
2026-05-04 22:25:59,851 INFO o.a.j.t.JMeterThread: Thread finished: Config 3: Exp9 1-523
2026-05-04 22:25:59,851 INFO o.a.j.t.JMeterThread: Stopping because end time detected by thread: Config 3: Exp9 1-529
2026-05-04 22:25:59,851 INFO o.a.j.t.JMeterThread: Stopping because end time detected by thread: Config 3: Exp9 1-531
2026-05-04 22:25:59,851 INFO o.a.j.t.JMeterThread: Stopping because end time detected by thread: Config 3: Exp9 1-527
2026-05-04 22:25:59,852 INFO o.a.j.t.JMeterThread: Thread finished: Config 3: Exp9 1-527
2026-05-04 22:25:59,851 INFO o.a.j.t.JMeterThread: Stopping because end time detected by thread: Config 3: Exp9 1-517
2026-05-04 22:25:59,851 INFO o.a.j.t.JMeterThread: Stopping because end time detected by thread: Config 3: Exp9 1-520
2026-05-04 22:25:59,852 INFO o.a.j.t.JMeterThread: Thread finished: Config 3: Exp9 1-520
2026-05-04 22:25:59,852 INFO o.a.j.t.JMeterThread: Stopping because end time detected by thread: Config 3: Exp9 1-528
2026-05-04 22:25:59,852 INFO o.a.j.t.JMeterThread: Thread finished: Config 3: Exp9 1-531
2026-05-04 22:25:59,851 INFO o.a.j.t.JMeterThread: Stopping because end time detected by thread: Config 3: Exp9 1-521
2026-05-04 22:25:59,851 INFO o.a.j.t.JMeterThread: Thread finished: Config 3: Exp9 1-529
2026-05-04 22:25:59,852 INFO o.a.j.t.JMeterThread: Thread finished: Config 3: Exp9 1-521
2026-05-04 22:25:59,851 INFO o.a.j.t.JMeterThread: Stopping because end time detected by thread: Config 3: Exp9 1-524
2026-05-04 22:25:59,852 INFO o.a.j.t.JMeterThread: Thread finished: Config 3: Exp9 1-524
2026-05-04 22:25:59,852 INFO o.a.j.t.JMeterThread: Thread finished: Config 3: Exp9 1-528
2026-05-04 22:25:59,852 INFO o.a.j.t.JMeterThread: Thread finished: Config 3: Exp9 1-517
2026-05-04 22:25:59,852 INFO o.a.j.e.StandardJMeterEngine: Notifying test listeners of end of test
2026-05-04 22:25:59,853 INFO o.a.j.g.u.JMeterMenuBar: setRunning(false, *local*)
