timeStamp,elapsed,label,responseCode,responseMessage,threadName,dataType,success,failureMessage,bytes,sentBytes,grpThreads,allThreads,URL,Latency,IdleTime,Connect
1777970110981,5845,HTTP Request,500,Internal Server Error,Config 3: Exp15 1-5,text,false,,233,158,16,16,http://localhost:8079/?token=518504778&user=-1355064518&config=3,5844,0,1
1777970111474,5352,HTTP Request,500,Internal Server Error,Config 3: Exp15 1-6,text,false,,233,158,16,16,http://localhost:8079/?token=518504778&user=-1355064518&config=3,5352,0,1
1777970109500,9830,HTTP Request,200,OK,Config 3: Exp15 1-2,text,true,,231,158,21,21,http://localhost:8079/?token=518504778&user=-1355064518&config=3,9830,0,0
1777970109992,9338,HTTP Request,200,OK,Config 3: Exp15 1-3,text,true,,231,158,21,21,http://localhost:8079/?token=518504778&user=-1355064518&config=3,9338,0,1
1777970109006,10324,HTTP Request,200,OK,Config 3: Exp15 1-1,text,true,,231,158,21,21,http://localhost:8079/?token=518504778&user=-1355064518&config=3,10324,0,1
1777970110486,8845,HTTP Request,200,OK,Config 3: Exp15 1-4,text,true,,231,158,21,21,http://localhost:8079/?token=518504778&user=-1355064518&config=3,8845,0,1
1777970112463,7331,HTTP Request,200,OK,Config 3: Exp15 1-8,text,true,,231,158,22,22,http://localhost:8079/?token=518504778&user=-1355064518&config=3,7331,0,1
1777970111968,7826,HTTP Request,200,OK,Config 3: Exp15 1-7,text,true,,231,158,22,22,http://localhost:8079/?token=518504778&user=-1355064518&config=3,7826,0,1
1777970112957,6838,HTTP Request,200,OK,Config 3: Exp15 1-9,text,true,,231,158,22,22,http://localhost:8079/?token=518504778&user=-1355064518&config=3,6838,0,1
1777970113450,6345,HTTP Request,200,OK,Config 3: Exp15 1-10,text,true,,231,158,22,22,http://localhost:8079/?token=518504778&user=-1355064518&config=3,6345,0,0
1777970113945,5850,HTTP Request,200,OK,Config 3: Exp15 1-11,text,true,,231,158,22,22,http://localhost:8079/?token=518504778&user=-1355064518&config=3,5850,0,1
1777970114440,7664,HTTP Request,200,OK,Config 3: Exp15 1-12,text,true,,231,158,27,27,http://localhost:8079/?token=518504778&user=-1355064518&config=3,7664,0,0
1777970114932,11240,HTTP Request,200,OK,Config 3: Exp15 1-13,text,true,,231,158,35,35,http://localhost:8079/?token=518504778&user=-1355064518&config=3,11240,0,1
1777970117403,8778,HTTP Request,200,OK,Config 3: Exp15 1-18,text,true,,231,158,35,35,http://localhost:8079/?token=518504778&user=-1355064518&config=3,8778,0,0
1777970116826,9355,HTTP Request,200,OK,Config 3: Exp15 1-6,text,true,,231,158,35,35,http://localhost:8079/?token=518504778&user=-1355064518&config=3,9355,0,0
1777970116907,9274,HTTP Request,200,OK,Config 3: Exp15 1-17,text,true,,231,158,35,35,http://localhost:8079/?token=518504778&user=-1355064518&config=3,9274,0,0
1777970116826,9355,HTTP Request,200,OK,Config 3: Exp15 1-5,text,true,,231,158,35,35,http://localhost:8079/?token=518504778&user=-1355064518&config=3,9355,0,0
1777970119331,6850,HTTP Request,500,Internal Server Error,Config 3: Exp15 1-2,text,false,,233,158,35,35,http://localhost:8079/?token=518504778&user=-1355064518&config=3,6850,0,0
1777970119331,6850,HTTP Request,500,Internal Server Error,Config 3: Exp15 1-1,text,false,,233,158,35,35,http://localhost:8079/?token=518504778&user=-1355064518&config=3,6850,0,0
1777970119331,6855,HTTP Request,500,Internal Server Error,Config 3: Exp15 1-3,text,false,,233,158,35,35,http://localhost:8079/?token=518504778&user=-1355064518&config=3,6855,0,0
1777970119331,6855,HTTP Request,500,Internal Server Error,Config 3: Exp15 1-4,text,false,,233,158,35,35,http://localhost:8079/?token=518504778&user=-1355064518&config=3,6855,0,0
1777970119378,6808,HTTP Request,500,Internal Server Error,Config 3: Exp15 1-22,text,false,,233,158,35,35,http://localhost:8079/?token=518504778&user=-1355064518&config=3,6808,0,0
1777970115921,12381,HTTP Request,200,OK,Config 3: Exp15 1-15,text,true,,231,158,40,40,http://localhost:8079/?token=518504778&user=-1355064518&config=3,12381,0,0
1777970116415,11887,HTTP Request,200,OK,Config 3: Exp15 1-16,text,true,,231,158,40,40,http://localhost:8079/?token=518504778&user=-1355064518&config=3,11887,0,0
1777970115427,12876,HTTP Request,200,OK,Config 3: Exp15 1-14,text,true,,231,158,40,40,http://localhost:8079/?token=518504778&user=-1355064518&config=3,12876,0,0
1777970117896,10621,HTTP Request,200,OK,Config 3: Exp15 1-19,text,true,,231,158,40,40,http://localhost:8079/?token=518504778&user=-1355064518&config=3,10621,0,1
1777970118390,10127,HTTP Request,200,OK,Config 3: Exp15 1-20,text,true,,231,158,40,40,http://localhost:8079/?token=518504778&user=-1355064518&config=3,10127,0,1
1777970118884,9633,HTTP Request,200,OK,Config 3: Exp15 1-21,text,true,,231,158,40,40,http://localhost:8079/?token=518504778&user=-1355064518&config=3,9633,0,0
1777970119794,12822,HTTP Request,200,OK,Config 3: Exp15 1-8,text,true,,231,158,48,48,http://localhost:8079/?token=518504778&user=-1355064518&config=3,12822,0,0
1777970119795,15809,HTTP Request,200,OK,Config 3: Exp15 1-11,text,true,,231,158,54,54,http://localhost:8079/?token=518504778&user=-1355064518&config=3,15809,0,0
1777970119794,16978,HTTP Request,200,OK,Config 3: Exp15 1-7,text,true,,231,158,57,57,http://localhost:8079/?token=518504778&user=-1355064518&config=3,16978,0,0
1777970119795,16977,HTTP Request,200,OK,Config 3: Exp15 1-9,text,true,,231,158,57,57,http://localhost:8079/?token=518504778&user=-1355064518&config=3,16977,0,0
1777970119795,16977,HTTP Request,200,OK,Config 3: Exp15 1-10,text,true,,231,158,57,57,http://localhost:8079/?token=518504778&user=-1355064518&config=3,16977,0,0
1777970119873,16899,HTTP Request,200,OK,Config 3: Exp15 1-23,text,true,,231,158,57,57,http://localhost:8079/?token=518504778&user=-1355064518&config=3,16899,0,1
1777970122104,14673,HTTP Request,200,OK,Config 3: Exp15 1-12,text,true,,231,158,57,57,http://localhost:8079/?token=518504778&user=-1355064518&config=3,14673,0,0
1777970120367,16410,HTTP Request,200,OK,Config 3: Exp15 1-24,text,true,,231,158,57,57,http://localhost:8079/?token=518504778&user=-1355064518&config=3,16410,0,0
1777970121355,15422,HTTP Request,200,OK,Config 3: Exp15 1-26,text,true,,231,158,57,57,http://localhost:8079/?token=518504778&user=-1355064518&config=3,15422,0,1
1777970122342,14435,HTTP Request,200,OK,Config 3: Exp15 1-28,text,true,,231,158,57,57,http://localhost:8079/?token=518504778&user=-1355064518&config=3,14435,0,1
1777970121849,14928,HTTP Request,200,OK,Config 3: Exp15 1-27,text,true,,231,158,57,57,http://localhost:8079/?token=518504778&user=-1355064518&config=3,14928,0,1
1777970120861,15916,HTTP Request,200,OK,Config 3: Exp15 1-25,text,true,,231,158,57,57,http://localhost:8079/?token=518504778&user=-1355064518&config=3,15916,0,0
1777970122837,13943,HTTP Request,200,OK,Config 3: Exp15 1-29,text,true,,231,158,57,57,http://localhost:8079/?token=518504778&user=-1355064518&config=3,13943,0,0
1777970123330,13450,HTTP Request,200,OK,Config 3: Exp15 1-30,text,true,,231,158,57,57,http://localhost:8079/?token=518504778&user=-1355064518&config=3,13450,0,1
1777970123825,12956,HTTP Request,200,OK,Config 3: Exp15 1-31,text,true,,231,158,57,57,http://localhost:8079/?token=518504778&user=-1355064518&config=3,12956,0,0
1777970124814,11970,HTTP Request,200,OK,Config 3: Exp15 1-33,text,true,,231,158,57,57,http://localhost:8079/?token=518504778&user=-1355064518&config=3,11970,0,1
1777970124320,12464,HTTP Request,200,OK,Config 3: Exp15 1-32,text,true,,231,158,57,57,http://localhost:8079/?token=518504778&user=-1355064518&config=3,12464,0,0
1777970125308,11476,HTTP Request,200,OK,Config 3: Exp15 1-34,text,true,,231,158,57,57,http://localhost:8079/?token=518504778&user=-1355064518&config=3,11476,0,1
1777970125802,10982,HTTP Request,200,OK,Config 3: Exp15 1-35,text,true,,231,158,57,57,http://localhost:8079/?token=518504778&user=-1355064518&config=3,10982,0,0
1777970126182,10603,HTTP Request,200,OK,Config 3: Exp15 1-17,text,true,,231,158,57,57,http://localhost:8079/?token=518504778&user=-1355064518&config=3,10603,0,0
1777970126174,10611,HTTP Request,200,OK,Config 3: Exp15 1-13,text,true,,231,158,57,57,http://localhost:8079/?token=518504778&user=-1355064518&config=3,10611,0,0
1777970126182,10604,HTTP Request,200,OK,Config 3: Exp15 1-6,text,true,,231,158,57,57,http://localhost:8079/?token=518504778&user=-1355064518&config=3,10604,0,0
1777970126182,10604,HTTP Request,200,OK,Config 3: Exp15 1-5,text,true,,231,158,57,57,http://localhost:8079/?token=518504778&user=-1355064518&config=3,10604,0,0
1777970126182,10606,HTTP Request,200,OK,Config 3: Exp15 1-2,text,true,,231,158,57,57,http://localhost:8079/?token=518504778&user=-1355064518&config=3,10606,0,0
1777970126182,10606,HTTP Request,200,OK,Config 3: Exp15 1-18,text,true,,231,158,57,57,http://localhost:8079/?token=518504778&user=-1355064518&config=3,10606,0,0
1777970126187,10601,HTTP Request,200,OK,Config 3: Exp15 1-3,text,true,,231,158,57,57,http://localhost:8079/?token=518504778&user=-1355064518&config=3,10601,0,1
1777970126182,10606,HTTP Request,200,OK,Config 3: Exp15 1-1,text,true,,231,158,57,57,http://localhost:8079/?token=518504778&user=-1355064518&config=3,10606,0,0
1777970126188,10600,HTTP Request,200,OK,Config 3: Exp15 1-4,text,true,,231,158,57,57,http://localhost:8079/?token=518504778&user=-1355064518&config=3,10600,0,0
1777970126296,10493,HTTP Request,200,OK,Config 3: Exp15 1-36,text,true,,231,158,57,57,http://localhost:8079/?token=518504778&user=-1355064518&config=3,10493,0,0
1777970126188,10601,HTTP Request,200,OK,Config 3: Exp15 1-22,text,true,,231,158,57,57,http://localhost:8079/?token=518504778&user=-1355064518&config=3,10601,0,0
1777970126789,10002,HTTP Request,200,OK,Config 3: Exp15 1-37,text,true,,231,158,57,57,http://localhost:8079/?token=518504778&user=-1355064518&config=3,10002,0,1
1777970127285,11178,HTTP Request,200,OK,Config 3: Exp15 1-38,text,true,,231,158,60,60,http://localhost:8079/?token=518504778&user=-1355064518&config=3,11178,0,0
1777970127779,10684,HTTP Request,200,OK,Config 3: Exp15 1-39,text,true,,231,158,60,60,http://localhost:8079/?token=518504778&user=-1355064518&config=3,10684,0,1
1777970128304,10160,HTTP Request,200,OK,Config 3: Exp15 1-16,text,true,,231,158,60,60,http://localhost:8079/?token=518504778&user=-1355064518&config=3,10160,0,0
1777970128304,10160,HTTP Request,200,OK,Config 3: Exp15 1-15,text,true,,231,158,60,60,http://localhost:8079/?token=518504778&user=-1355064518&config=3,10160,0,0
1777970128304,10163,HTTP Request,200,OK,Config 3: Exp15 1-14,text,true,,231,158,60,60,http://localhost:8079/?token=518504778&user=-1355064518&config=3,10163,0,0
1777970128271,10196,HTTP Request,200,OK,Config 3: Exp15 1-40,text,true,,231,158,60,60,http://localhost:8079/?token=518504778&user=-1355064518&config=3,10196,0,1
1777970128518,9950,HTTP Request,200,OK,Config 3: Exp15 1-19,text,true,,231,158,60,60,http://localhost:8079/?token=518504778&user=-1355064518&config=3,9950,0,0
1777970128518,9950,HTTP Request,200,OK,Config 3: Exp15 1-21,text,true,,231,158,60,60,http://localhost:8079/?token=518504778&user=-1355064518&config=3,9950,0,0
1777970128518,9955,HTTP Request,200,OK,Config 3: Exp15 1-20,text,true,,231,158,60,60,http://localhost:8079/?token=518504778&user=-1355064518&config=3,9955,0,0
1777970129258,14548,HTTP Request,200,OK,Config 3: Exp15 1-42,text,true,,231,158,71,71,http://localhost:8079/?token=518504778&user=-1355064518&config=3,14548,0,1
1777970130741,13065,HTTP Request,200,OK,Config 3: Exp15 1-45,text,true,,231,158,71,71,http://localhost:8079/?token=518504778&user=-1355064518&config=3,13065,0,0
1777970128766,15041,HTTP Request,200,OK,Config 3: Exp15 1-41,text,true,,231,158,71,71,http://localhost:8079/?token=518504778&user=-1355064518&config=3,15041,0,0
1777970130247,13559,HTTP Request,200,OK,Config 3: Exp15 1-44,text,true,,231,158,71,71,http://localhost:8079/?token=518504778&user=-1355064518&config=3,13559,0,0
1777970131235,12571,HTTP Request,200,OK,Config 3: Exp15 1-46,text,true,,231,158,71,71,http://localhost:8079/?token=518504778&user=-1355064518&config=3,12571,0,0
1777970132222,11584,HTTP Request,200,OK,Config 3: Exp15 1-48,text,true,,231,158,71,71,http://localhost:8079/?token=518504778&user=-1355064518&config=3,11584,0,1
1777970131728,12078,HTTP Request,200,OK,Config 3: Exp15 1-47,text,true,,231,158,71,71,http://localhost:8079/?token=518504778&user=-1355064518&config=3,12078,0,1
1777970129754,14052,HTTP Request,200,OK,Config 3: Exp15 1-43,text,true,,231,158,71,71,http://localhost:8079/?token=518504778&user=-1355064518&config=3,14052,0,1
1777970132616,11192,HTTP Request,200,OK,Config 3: Exp15 1-8,text,true,,231,158,71,71,http://localhost:8079/?token=518504778&user=-1355064518&config=3,11192,0,0
1777970132717,11091,HTTP Request,200,OK,Config 3: Exp15 1-49,text,true,,231,158,71,71,http://localhost:8079/?token=518504778&user=-1355064518&config=3,11091,0,0
1777970133210,10599,HTTP Request,200,OK,Config 3: Exp15 1-50,text,true,,231,158,71,71,http://localhost:8079/?token=518504778&user=-1355064518&config=3,10599,0,1
1777970133705,10104,HTTP Request,200,OK,Config 3: Exp15 1-51,text,true,,231,158,71,71,http://localhost:8079/?token=518504778&user=-1355064518&config=3,10104,0,1
1777970134199,9611,HTTP Request,200,OK,Config 3: Exp15 1-52,text,true,,231,158,71,71,http://localhost:8079/?token=518504778&user=-1355064518&config=3,9611,0,0
1777970134692,9118,HTTP Request,200,OK,Config 3: Exp15 1-53,text,true,,231,158,71,71,http://localhost:8079/?token=518504778&user=-1355064518&config=3,9118,0,1
1777970135186,8626,HTTP Request,200,OK,Config 3: Exp15 1-54,text,true,,231,158,71,71,http://localhost:8079/?token=518504778&user=-1355064518&config=3,8626,0,1
1777970135604,8208,HTTP Request,200,OK,Config 3: Exp15 1-11,text,true,,231,158,71,71,http://localhost:8079/?token=518504778&user=-1355064518&config=3,8208,0,0
1777970136772,7041,HTTP Request,200,OK,Config 3: Exp15 1-10,text,true,,231,158,71,71,http://localhost:8079/?token=518504778&user=-1355064518&config=3,7041,0,0
1777970135680,8133,HTTP Request,200,OK,Config 3: Exp15 1-55,text,true,,231,158,71,71,http://localhost:8079/?token=518504778&user=-1355064518&config=3,8133,0,1
1777970136175,7638,HTTP Request,200,OK,Config 3: Exp15 1-56,text,true,,231,158,71,71,http://localhost:8079/?token=518504778&user=-1355064518&config=3,7638,0,1
1777970136669,7144,HTTP Request,200,OK,Config 3: Exp15 1-57,text,true,,231,158,71,71,http://localhost:8079/?token=518504778&user=-1355064518&config=3,7144,0,0
1777970136772,7041,HTTP Request,200,OK,Config 3: Exp15 1-9,text,true,,231,158,71,71,http://localhost:8079/?token=518504778&user=-1355064518&config=3,7041,0,0
1777970136772,7041,HTTP Request,200,OK,Config 3: Exp15 1-23,text,true,,231,158,71,71,http://localhost:8079/?token=518504778&user=-1355064518&config=3,7041,0,0
1777970136772,7042,HTTP Request,200,OK,Config 3: Exp15 1-7,text,true,,231,158,71,71,http://localhost:8079/?token=518504778&user=-1355064518&config=3,7042,0,0
1777970136777,7040,HTTP Request,200,OK,Config 3: Exp15 1-26,text,true,,231,158,71,71,http://localhost:8079/?token=518504778&user=-1355064518&config=3,7040,0,0
1777970136777,7040,HTTP Request,200,OK,Config 3: Exp15 1-27,text,true,,231,158,71,71,http://localhost:8079/?token=518504778&user=-1355064518&config=3,7040,0,0
1777970136777,7043,HTTP Request,200,OK,Config 3: Exp15 1-25,text,true,,231,158,71,71,http://localhost:8079/?token=518504778&user=-1355064518&config=3,7043,0,0
1777970136777,7043,HTTP Request,200,OK,Config 3: Exp15 1-12,text,true,,231,158,71,71,http://localhost:8079/?token=518504778&user=-1355064518&config=3,7043,0,0
1777970136777,7043,HTTP Request,200,OK,Config 3: Exp15 1-28,text,true,,231,158,71,71,http://localhost:8079/?token=518504778&user=-1355064518&config=3,7043,0,0
1777970136780,7040,HTTP Request,200,OK,Config 3: Exp15 1-29,text,true,,231,158,71,71,http://localhost:8079/?token=518504778&user=-1355064518&config=3,7040,0,0
1777970136777,7043,HTTP Request,200,OK,Config 3: Exp15 1-24,text,true,,231,158,71,71,http://localhost:8079/?token=518504778&user=-1355064518&config=3,7043,0,0
1777970136780,7083,HTTP Request,200,OK,Config 3: Exp15 1-30,text,true,,231,158,71,71,http://localhost:8079/?token=518504778&user=-1355064518&config=3,7083,0,0
1777970136780,7083,HTTP Request,200,OK,Config 3: Exp15 1-31,text,true,,231,158,71,71,http://localhost:8079/?token=518504778&user=-1355064518&config=3,7083,0,0
1777970136783,7081,HTTP Request,200,OK,Config 3: Exp15 1-33,text,true,,231,158,71,71,http://localhost:8079/?token=518504778&user=-1355064518&config=3,7081,0,0
1777970136783,7081,HTTP Request,200,OK,Config 3: Exp15 1-32,text,true,,231,158,71,71,http://localhost:8079/?token=518504778&user=-1355064518&config=3,7081,0,0
1777970136783,7082,HTTP Request,200,OK,Config 3: Exp15 1-34,text,true,,231,158,71,71,http://localhost:8079/?token=518504778&user=-1355064518&config=3,7082,0,0
1777970136784,7084,HTTP Request,200,OK,Config 3: Exp15 1-17,text,true,,231,158,71,71,http://localhost:8079/?token=518504778&user=-1355064518&config=3,7084,0,0
1777970136783,7085,HTTP Request,200,OK,Config 3: Exp15 1-35,text,true,,231,158,71,71,http://localhost:8079/?token=518504778&user=-1355064518&config=3,7085,0,0
1777970136785,7086,HTTP Request,200,OK,Config 3: Exp15 1-13,text,true,,231,158,71,71,http://localhost:8079/?token=518504778&user=-1355064518&config=3,7086,0,0
1777970136787,7085,HTTP Request,200,OK,Config 3: Exp15 1-2,text,true,,231,158,71,71,http://localhost:8079/?token=518504778&user=-1355064518&config=3,7085,0,0
1777970136785,7087,HTTP Request,200,OK,Config 3: Exp15 1-6,text,true,,231,158,71,71,http://localhost:8079/?token=518504778&user=-1355064518&config=3,7087,0,0
1777970136787,7092,HTTP Request,200,OK,Config 3: Exp15 1-18,text,true,,231,158,71,71,http://localhost:8079/?token=518504778&user=-1355064518&config=3,7092,0,0
1777970136785,7094,HTTP Request,200,OK,Config 3: Exp15 1-5,text,true,,231,158,71,71,http://localhost:8079/?token=518504778&user=-1355064518&config=3,7094,0,0
1777970136787,7092,HTTP Request,200,OK,Config 3: Exp15 1-4,text,true,,231,158,71,71,http://localhost:8079/?token=518504778&user=-1355064518&config=3,7092,0,0
1777970136787,7092,HTTP Request,200,OK,Config 3: Exp15 1-1,text,true,,231,158,71,71,http://localhost:8079/?token=518504778&user=-1355064518&config=3,7092,0,0
1777970136787,7092,HTTP Request,200,OK,Config 3: Exp15 1-3,text,true,,231,158,71,71,http://localhost:8079/?token=518504778&user=-1355064518&config=3,7092,0,0
1777970136788,7091,HTTP Request,200,OK,Config 3: Exp15 1-22,text,true,,231,158,71,71,http://localhost:8079/?token=518504778&user=-1355064518&config=3,7091,0,0
1777970136788,7091,HTTP Request,200,OK,Config 3: Exp15 1-36,text,true,,231,158,71,71,http://localhost:8079/?token=518504778&user=-1355064518&config=3,7091,0,0
1777970136790,7090,HTTP Request,200,OK,Config 3: Exp15 1-37,text,true,,231,158,71,71,http://localhost:8079/?token=518504778&user=-1355064518&config=3,7090,0,0
1777970137162,6718,HTTP Request,200,OK,Config 3: Exp15 1-58,text,true,,231,158,71,71,http://localhost:8079/?token=518504778&user=-1355064518&config=3,6718,0,0
1777970137656,6225,HTTP Request,200,OK,Config 3: Exp15 1-59,text,true,,231,158,71,71,http://localhost:8079/?token=518504778&user=-1355064518&config=3,6225,0,1
1777970138151,5968,HTTP Request,200,OK,Config 3: Exp15 1-60,text,true,,231,158,72,72,http://localhost:8079/?token=518504778&user=-1355064518&config=3,5968,0,0
1777970138463,5656,HTTP Request,500,Internal Server Error,Config 3: Exp15 1-16,text,false,,233,158,72,72,http://localhost:8079/?token=518504778&user=-1355064518&config=3,5656,0,0
1777970138462,5657,HTTP Request,500,Internal Server Error,Config 3: Exp15 1-39,text,false,,233,158,72,72,http://localhost:8079/?token=518504778&user=-1355064518&config=3,5657,0,0
1777970138467,5652,HTTP Request,500,Internal Server Error,Config 3: Exp15 1-21,text,false,,233,158,72,72,http://localhost:8079/?token=518504778&user=-1355064518&config=3,5652,0,0
1777970138467,5653,HTTP Request,500,Internal Server Error,Config 3: Exp15 1-19,text,false,,233,158,72,72,http://localhost:8079/?token=518504778&user=-1355064518&config=3,5653,0,0
1777970138464,5659,HTTP Request,500,Internal Server Error,Config 3: Exp15 1-15,text,false,,233,158,72,72,http://localhost:8079/?token=518504778&user=-1355064518&config=3,5659,0,0
1777970138466,5657,HTTP Request,500,Internal Server Error,Config 3: Exp15 1-40,text,false,,233,158,72,72,http://localhost:8079/?token=518504778&user=-1355064518&config=3,5657,0,0
1777970138644,5479,HTTP Request,500,Internal Server Error,Config 3: Exp15 1-61,text,false,,233,158,72,72,http://localhost:8079/?token=518504778&user=-1355064518&config=3,5479,0,1
1777970138462,6549,HTTP Request,200,OK,Config 3: Exp15 1-38,text,true,,231,158,73,73,http://localhost:8079/?token=518504778&user=-1355064518&config=3,6549,0,0
1777970138466,6545,HTTP Request,200,OK,Config 3: Exp15 1-14,text,true,,231,158,73,73,http://localhost:8079/?token=518504778&user=-1355064518&config=3,6545,0,0
1777970138473,6538,HTTP Request,200,OK,Config 3: Exp15 1-20,text,true,,231,158,73,73,http://localhost:8079/?token=518504778&user=-1355064518&config=3,6538,0,0
1777970139138,5962,HTTP Request,200,OK,Config 3: Exp15 1-62,text,true,,231,158,74,74,http://localhost:8079/?token=518504778&user=-1355064518&config=3,5962,0,1
1777970139632,5471,HTTP Request,200,OK,Config 3: Exp15 1-63,text,true,,231,158,74,74,http://localhost:8079/?token=518504778&user=-1355064518&config=3,5471,0,1
1777970143807,6801,HTTP Request,200,OK,Config 3: Exp15 1-41,text,true,,231,158,85,85,http://localhost:8079/?token=518504778&user=-1355064518&config=3,6801,0,0
1777970143807,6801,HTTP Request,200,OK,Config 3: Exp15 1-42,text,true,,231,158,85,85,http://localhost:8079/?token=518504778&user=-1355064518&config=3,6801,0,0
1777970141114,9493,HTTP Request,200,OK,Config 3: Exp15 1-66,text,true,,231,158,85,85,http://localhost:8079/?token=518504778&user=-1355064518&config=3,9493,0,0
1777970140127,10480,HTTP Request,200,OK,Config 3: Exp15 1-64,text,true,,231,158,85,85,http://localhost:8079/?token=518504778&user=-1355064518&config=3,10480,0,1
1777970143091,7517,HTTP Request,200,OK,Config 3: Exp15 1-70,text,true,,231,158,85,85,http://localhost:8079/?token=518504778&user=-1355064518&config=3,7517,0,0
1777970142596,8012,HTTP Request,200,OK,Config 3: Exp15 1-69,text,true,,231,158,85,85,http://localhost:8079/?token=518504778&user=-1355064518&config=3,8012,0,1
1777970143585,7023,HTTP Request,200,OK,Config 3: Exp15 1-71,text,true,,231,158,85,85,http://localhost:8079/?token=518504778&user=-1355064518&config=3,7023,0,0
1777970141609,8999,HTTP Request,200,OK,Config 3: Exp15 1-67,text,true,,231,158,85,85,http://localhost:8079/?token=518504778&user=-1355064518&config=3,8999,0,0
1777970140620,9988,HTTP Request,200,OK,Config 3: Exp15 1-65,text,true,,231,158,85,85,http://localhost:8079/?token=518504778&user=-1355064518&config=3,9988,0,1
1777970142104,8504,HTTP Request,200,OK,Config 3: Exp15 1-68,text,true,,231,158,85,85,http://localhost:8079/?token=518504778&user=-1355064518&config=3,8504,0,0
1777970143807,6802,HTTP Request,200,OK,Config 3: Exp15 1-44,text,true,,231,158,85,85,http://localhost:8079/?token=518504778&user=-1355064518&config=3,6802,0,0
1777970143807,6802,HTTP Request,200,OK,Config 3: Exp15 1-45,text,true,,231,158,85,85,http://localhost:8079/?token=518504778&user=-1355064518&config=3,6802,0,0
1777970143807,6802,HTTP Request,200,OK,Config 3: Exp15 1-46,text,true,,231,158,85,85,http://localhost:8079/?token=518504778&user=-1355064518&config=3,6802,0,0
1777970143809,6800,HTTP Request,200,OK,Config 3: Exp15 1-8,text,true,,231,158,85,85,http://localhost:8079/?token=518504778&user=-1355064518&config=3,6800,0,0
1777970143813,6796,HTTP Request,200,OK,Config 3: Exp15 1-11,text,true,,231,158,85,85,http://localhost:8079/?token=518504778&user=-1355064518&config=3,6796,0,0
1777970143808,6801,HTTP Request,200,OK,Config 3: Exp15 1-47,text,true,,231,158,85,85,http://localhost:8079/?token=518504778&user=-1355064518&config=3,6801,0,0
1777970143809,6800,HTTP Request,200,OK,Config 3: Exp15 1-49,text,true,,231,158,85,85,http://localhost:8079/?token=518504778&user=-1355064518&config=3,6800,0,0
1777970143811,6800,HTTP Request,200,OK,Config 3: Exp15 1-52,text,true,,231,158,85,85,http://localhost:8079/?token=518504778&user=-1355064518&config=3,6800,0,0
1777970143810,6801,HTTP Request,200,OK,Config 3: Exp15 1-50,text,true,,231,158,85,85,http://localhost:8079/?token=518504778&user=-1355064518&config=3,6801,0,0
1777970143814,6798,HTTP Request,200,OK,Config 3: Exp15 1-10,text,true,,231,158,85,85,http://localhost:8079/?token=518504778&user=-1355064518&config=3,6798,0,0
1777970143810,6802,HTTP Request,200,OK,Config 3: Exp15 1-51,text,true,,231,158,85,85,http://localhost:8079/?token=518504778&user=-1355064518&config=3,6802,0,0
1777970143813,6799,HTTP Request,200,OK,Config 3: Exp15 1-54,text,true,,231,158,85,85,http://localhost:8079/?token=518504778&user=-1355064518&config=3,6799,0,0
1777970143811,6801,HTTP Request,200,OK,Config 3: Exp15 1-53,text,true,,231,158,85,85,http://localhost:8079/?token=518504778&user=-1355064518&config=3,6801,0,0
1777970143808,6804,HTTP Request,200,OK,Config 3: Exp15 1-48,text,true,,231,158,85,85,http://localhost:8079/?token=518504778&user=-1355064518&config=3,6804,0,0
1777970143815,6798,HTTP Request,200,OK,Config 3: Exp15 1-23,text,true,,231,158,85,85,http://localhost:8079/?token=518504778&user=-1355064518&config=3,6798,0,0
1777970143808,6805,HTTP Request,200,OK,Config 3: Exp15 1-43,text,true,,231,158,85,85,http://localhost:8079/?token=518504778&user=-1355064518&config=3,6805,0,0
1777970143815,6798,HTTP Request,200,OK,Config 3: Exp15 1-7,text,true,,231,158,85,85,http://localhost:8079/?token=518504778&user=-1355064518&config=3,6798,0,0
1777970143818,6795,HTTP Request,200,OK,Config 3: Exp15 1-26,text,true,,231,158,85,85,http://localhost:8079/?token=518504778&user=-1355064518&config=3,6795,0,0
1777970143814,6799,HTTP Request,200,OK,Config 3: Exp15 1-56,text,true,,231,158,85,85,http://localhost:8079/?token=518504778&user=-1355064518&config=3,6799,0,0
1777970143814,6800,HTTP Request,200,OK,Config 3: Exp15 1-57,text,true,,231,158,85,85,http://localhost:8079/?token=518504778&user=-1355064518&config=3,6800,0,0
1777970143814,6800,HTTP Request,200,OK,Config 3: Exp15 1-55,text,true,,231,158,85,85,http://localhost:8079/?token=518504778&user=-1355064518&config=3,6800,0,0
1777970143814,6800,HTTP Request,200,OK,Config 3: Exp15 1-9,text,true,,231,158,85,85,http://localhost:8079/?token=518504778&user=-1355064518&config=3,6800,0,0
1777970143821,6793,HTTP Request,200,OK,Config 3: Exp15 1-28,text,true,,231,158,85,85,http://localhost:8079/?token=518504778&user=-1355064518&config=3,6793,0,0
1777970143818,6796,HTTP Request,200,OK,Config 3: Exp15 1-27,text,true,,231,158,85,85,http://localhost:8079/?token=518504778&user=-1355064518&config=3,6796,0,0
1777970143821,6795,HTTP Request,200,OK,Config 3: Exp15 1-24,text,true,,231,158,85,85,http://localhost:8079/?token=518504778&user=-1355064518&config=3,6795,0,0
1777970143821,6795,HTTP Request,200,OK,Config 3: Exp15 1-12,text,true,,231,158,85,85,http://localhost:8079/?token=518504778&user=-1355064518&config=3,6795,0,0
1777970143821,6795,HTTP Request,200,OK,Config 3: Exp15 1-25,text,true,,231,158,85,85,http://localhost:8079/?token=518504778&user=-1355064518&config=3,6795,0,0
1777970144124,6493,HTTP Request,500,Internal Server Error,Config 3: Exp15 1-40,text,false,,233,158,85,85,http://localhost:8079/?token=518504778&user=-1355064518&config=3,6492,0,1
1777970143821,6796,HTTP Request,200,OK,Config 3: Exp15 1-29,text,true,,231,158,85,85,http://localhost:8079/?token=518504778&user=-1355064518&config=3,6796,0,0
1777970144121,6496,HTTP Request,500,Internal Server Error,Config 3: Exp15 1-19,text,false,,233,158,85,85,http://localhost:8079/?token=518504778&user=-1355064518&config=3,6496,0,1
1777970144120,6497,HTTP Request,500,Internal Server Error,Config 3: Exp15 1-16,text,false,,233,158,85,85,http://localhost:8079/?token=518504778&user=-1355064518&config=3,6497,0,1
1777970144573,6052,HTTP Request,500,Internal Server Error,Config 3: Exp15 1-73,text,false,,233,158,85,85,http://localhost:8079/?token=518504778&user=-1355064518&config=3,6052,0,0
1777970144124,6501,HTTP Request,500,Internal Server Error,Config 3: Exp15 1-61,text,false,,233,158,85,85,http://localhost:8079/?token=518504778&user=-1355064518&config=3,6501,0,1
1777970144121,6504,HTTP Request,500,Internal Server Error,Config 3: Exp15 1-39,text,false,,233,158,85,85,http://localhost:8079/?token=518504778&user=-1355064518&config=3,6504,0,0
1777970144124,6501,HTTP Request,500,Internal Server Error,Config 3: Exp15 1-15,text,false,,233,158,85,85,http://localhost:8079/?token=518504778&user=-1355064518&config=3,6501,0,1
1777970143880,9778,HTTP Request,200,OK,Config 3: Exp15 1-4,text,true,,231,158,91,91,http://localhost:8079/?token=518504778&user=-1355064518&config=3,9778,0,0
1777970143880,9778,HTTP Request,200,OK,Config 3: Exp15 1-1,text,true,,231,158,91,91,http://localhost:8079/?token=518504778&user=-1355064518&config=3,9778,0,0
1777970143881,9777,HTTP Request,200,OK,Config 3: Exp15 1-58,text,true,,231,158,91,91,http://localhost:8079/?token=518504778&user=-1355064518&config=3,9777,0,0
1777970143881,9808,HTTP Request,200,OK,Config 3: Exp15 1-37,text,true,,231,158,91,91,http://localhost:8079/?token=518504778&user=-1355064518&config=3,9808,0,0
1777970143873,9816,HTTP Request,200,OK,Config 3: Exp15 1-13,text,true,,231,158,91,91,http://localhost:8079/?token=518504778&user=-1355064518&config=3,9816,0,0
1777970143881,9808,HTTP Request,200,OK,Config 3: Exp15 1-36,text,true,,231,158,91,91,http://localhost:8079/?token=518504778&user=-1355064518&config=3,9808,0,0
1777970143864,9825,HTTP Request,200,OK,Config 3: Exp15 1-30,text,true,,231,158,91,91,http://localhost:8079/?token=518504778&user=-1355064518&config=3,9825,0,0
1777970143880,9809,HTTP Request,200,OK,Config 3: Exp15 1-18,text,true,,231,158,91,91,http://localhost:8079/?token=518504778&user=-1355064518&config=3,9809,0,0
1777970143880,9809,HTTP Request,200,OK,Config 3: Exp15 1-5,text,true,,231,158,91,91,http://localhost:8079/?token=518504778&user=-1355064518&config=3,9809,0,0
1777970143864,9825,HTTP Request,200,OK,Config 3: Exp15 1-31,text,true,,231,158,91,91,http://localhost:8079/?token=518504778&user=-1355064518&config=3,9825,0,0
1777970143873,9816,HTTP Request,200,OK,Config 3: Exp15 1-6,text,true,,231,158,91,91,http://localhost:8079/?token=518504778&user=-1355064518&config=3,9816,0,0
1777970143869,9820,HTTP Request,200,OK,Config 3: Exp15 1-17,text,true,,231,158,91,91,http://localhost:8079/?token=518504778&user=-1355064518&config=3,9820,0,0
1777970143880,9809,HTTP Request,200,OK,Config 3: Exp15 1-3,text,true,,231,158,91,91,http://localhost:8079/?token=518504778&user=-1355064518&config=3,9809,0,0
1777970143873,9816,HTTP Request,200,OK,Config 3: Exp15 1-2,text,true,,231,158,91,91,http://localhost:8079/?token=518504778&user=-1355064518&config=3,9816,0,0
1777970143880,9809,HTTP Request,200,OK,Config 3: Exp15 1-22,text,true,,231,158,91,91,http://localhost:8079/?token=518504778&user=-1355064518&config=3,9809,0,0
1777970143882,9807,HTTP Request,200,OK,Config 3: Exp15 1-59,text,true,,231,158,91,91,http://localhost:8079/?token=518504778&user=-1355064518&config=3,9807,0,0
1777970143869,9820,HTTP Request,200,OK,Config 3: Exp15 1-35,text,true,,231,158,91,91,http://localhost:8079/?token=518504778&user=-1355064518&config=3,9820,0,0
1777970143866,9823,HTTP Request,200,OK,Config 3: Exp15 1-34,text,true,,231,158,91,91,http://localhost:8079/?token=518504778&user=-1355064518&config=3,9823,0,0
1777970143866,9823,HTTP Request,200,OK,Config 3: Exp15 1-32,text,true,,231,158,91,91,http://localhost:8079/?token=518504778&user=-1355064518&config=3,9823,0,0
1777970143866,9823,HTTP Request,200,OK,Config 3: Exp15 1-33,text,true,,231,158,91,91,http://localhost:8079/?token=518504778&user=-1355064518&config=3,9823,0,0
1777970144079,9624,HTTP Request,200,OK,Config 3: Exp15 1-72,text,true,,231,158,91,91,http://localhost:8079/?token=518504778&user=-1355064518&config=3,9624,0,1
1777970144120,9583,HTTP Request,200,OK,Config 3: Exp15 1-60,text,true,,231,158,91,91,http://localhost:8079/?token=518504778&user=-1355064518&config=3,9583,0,0
1777970144121,9583,HTTP Request,200,OK,Config 3: Exp15 1-21,text,true,,231,158,91,91,http://localhost:8079/?token=518504778&user=-1355064518&config=3,9583,0,0
1777970145067,8897,HTTP Request,500,Internal Server Error,Config 3: Exp15 1-74,text,false,,233,158,92,92,http://localhost:8079/?token=518504778&user=-1355064518&config=3,8897,0,1
1777970148526,5438,HTTP Request,500,Internal Server Error,Config 3: Exp15 1-81,text,false,,233,158,92,92,http://localhost:8079/?token=518504778&user=-1355064518&config=3,5438,0,0
1777970145561,8403,HTTP Request,500,Internal Server Error,Config 3: Exp15 1-75,text,false,,233,158,92,92,http://localhost:8079/?token=518504778&user=-1355064518&config=3,8403,0,1
1777970146057,7907,HTTP Request,500,Internal Server Error,Config 3: Exp15 1-76,text,false,,233,158,92,92,http://localhost:8079/?token=518504778&user=-1355064518&config=3,7907,0,0
1777970148031,5933,HTTP Request,500,Internal Server Error,Config 3: Exp15 1-80,text,false,,233,158,92,92,http://localhost:8079/?token=518504778&user=-1355064518&config=3,5933,0,1
1777970147043,6921,HTTP Request,500,Internal Server Error,Config 3: Exp15 1-78,text,false,,233,158,92,92,http://localhost:8079/?token=518504778&user=-1355064518&config=3,6921,0,0
1777970146551,7413,HTTP Request,500,Internal Server Error,Config 3: Exp15 1-77,text,false,,233,158,92,92,http://localhost:8079/?token=518504778&user=-1355064518&config=3,7413,0,0
1777970145101,8863,HTTP Request,500,Internal Server Error,Config 3: Exp15 1-62,text,false,,233,158,92,92,http://localhost:8079/?token=518504778&user=-1355064518&config=3,8863,0,0
1777970145104,8860,HTTP Request,500,Internal Server Error,Config 3: Exp15 1-63,text,false,,233,158,92,92,http://localhost:8079/?token=518504778&user=-1355064518&config=3,8860,0,0
1777970147538,6426,HTTP Request,500,Internal Server Error,Config 3: Exp15 1-79,text,false,,233,158,92,92,http://localhost:8079/?token=518504778&user=-1355064518&config=3,6426,0,1
1777970145012,12631,HTTP Request,200,OK,Config 3: Exp15 1-38,text,true,,231,158,99,99,http://localhost:8079/?token=518504778&user=-1355064518&config=3,12631,0,0
1777970145012,12631,HTTP Request,200,OK,Config 3: Exp15 1-20,text,true,,231,158,99,99,http://localhost:8079/?token=518504778&user=-1355064518&config=3,12631,0,0
1777970145012,12631,HTTP Request,200,OK,Config 3: Exp15 1-14,text,true,,231,158,99,99,http://localhost:8079/?token=518504778&user=-1355064518&config=3,12631,0,0
1777970149018,8718,HTTP Request,200,OK,Config 3: Exp15 1-82,text,true,,231,158,99,99,http://localhost:8079/?token=518504778&user=-1355064518&config=3,8718,0,1
1777970149512,8224,HTTP Request,200,OK,Config 3: Exp15 1-83,text,true,,231,158,99,99,http://localhost:8079/?token=518504778&user=-1355064518&config=3,8224,0,0
1777970150007,7729,HTTP Request,200,OK,Config 3: Exp15 1-84,text,true,,231,158,99,99,http://localhost:8079/?token=518504778&user=-1355064518&config=3,7729,0,1
1777970150608,7136,HTTP Request,200,OK,Config 3: Exp15 1-41,text,true,,231,158,99,99,http://localhost:8079/?token=518504778&user=-1355064518&config=3,7136,0,0
1777970150501,7243,HTTP Request,200,OK,Config 3: Exp15 1-85,text,true,,231,158,99,99,http://localhost:8079/?token=518504778&user=-1355064518&config=3,7243,0,1
1777970150608,7136,HTTP Request,200,OK,Config 3: Exp15 1-70,text,true,,231,158,99,99,http://localhost:8079/?token=518504778&user=-1355064518&config=3,7136,0,0
1777970150608,7136,HTTP Request,200,OK,Config 3: Exp15 1-64,text,true,,231,158,99,99,http://localhost:8079/?token=518504778&user=-1355064518&config=3,7136,0,0
1777970150608,7136,HTTP Request,200,OK,Config 3: Exp15 1-66,text,true,,231,158,99,99,http://localhost:8079/?token=518504778&user=-1355064518&config=3,7136,0,0
1777970150608,7136,HTTP Request,200,OK,Config 3: Exp15 1-71,text,true,,231,158,99,99,http://localhost:8079/?token=518504778&user=-1355064518&config=3,7136,0,0
1777970150608,7136,HTTP Request,200,OK,Config 3: Exp15 1-69,text,true,,231,158,99,99,http://localhost:8079/?token=518504778&user=-1355064518&config=3,7136,0,0
1777970150608,7136,HTTP Request,200,OK,Config 3: Exp15 1-44,text,true,,231,158,99,99,http://localhost:8079/?token=518504778&user=-1355064518&config=3,7136,0,0
1777970150608,7136,HTTP Request,200,OK,Config 3: Exp15 1-68,text,true,,231,158,99,99,http://localhost:8079/?token=518504778&user=-1355064518&config=3,7136,0,0
1777970150608,7136,HTTP Request,200,OK,Config 3: Exp15 1-67,text,true,,231,158,99,99,http://localhost:8079/?token=518504778&user=-1355064518&config=3,7136,0,0
1777970150608,7137,HTTP Request,200,OK,Config 3: Exp15 1-42,text,true,,231,158,99,99,http://localhost:8079/?token=518504778&user=-1355064518&config=3,7136,0,0
1777970150608,7137,HTTP Request,200,OK,Config 3: Exp15 1-11,text,true,,231,158,99,99,http://localhost:8079/?token=518504778&user=-1355064518&config=3,7137,0,0
1777970150611,7134,HTTP Request,200,OK,Config 3: Exp15 1-10,text,true,,231,158,99,99,http://localhost:8079/?token=518504778&user=-1355064518&config=3,7134,0,0
1777970150611,7134,HTTP Request,200,OK,Config 3: Exp15 1-54,text,true,,231,158,99,99,http://localhost:8079/?token=518504778&user=-1355064518&config=3,7134,0,0
1777970150611,7134,HTTP Request,200,OK,Config 3: Exp15 1-51,text,true,,231,158,99,99,http://localhost:8079/?token=518504778&user=-1355064518&config=3,7134,0,0
1777970150608,7137,HTTP Request,200,OK,Config 3: Exp15 1-65,text,true,,231,158,99,99,http://localhost:8079/?token=518504778&user=-1355064518&config=3,7137,0,0
1777970150612,7135,HTTP Request,200,OK,Config 3: Exp15 1-7,text,true,,231,158,99,99,http://localhost:8079/?token=518504778&user=-1355064518&config=3,7135,0,0
1777970150608,7139,HTTP Request,200,OK,Config 3: Exp15 1-8,text,true,,231,158,99,99,http://localhost:8079/?token=518504778&user=-1355064518&config=3,7139,0,0
1777970150612,7135,HTTP Request,200,OK,Config 3: Exp15 1-23,text,true,,231,158,99,99,http://localhost:8079/?token=518504778&user=-1355064518&config=3,7135,0,0
1777970150608,7139,HTTP Request,200,OK,Config 3: Exp15 1-49,text,true,,231,158,99,99,http://localhost:8079/?token=518504778&user=-1355064518&config=3,7139,0,0
1777970150610,7137,HTTP Request,200,OK,Config 3: Exp15 1-52,text,true,,231,158,99,99,http://localhost:8079/?token=518504778&user=-1355064518&config=3,7137,0,0
1777970150610,7137,HTTP Request,200,OK,Config 3: Exp15 1-50,text,true,,231,158,99,99,http://localhost:8079/?token=518504778&user=-1355064518&config=3,7137,0,0
1777970150608,7139,HTTP Request,200,OK,Config 3: Exp15 1-46,text,true,,231,158,99,99,http://localhost:8079/?token=518504778&user=-1355064518&config=3,7139,0,0
1777970150611,7136,HTTP Request,200,OK,Config 3: Exp15 1-48,text,true,,231,158,99,99,http://localhost:8079/?token=518504778&user=-1355064518&config=3,7136,0,0
1777970150612,7136,HTTP Request,200,OK,Config 3: Exp15 1-26,text,true,,231,158,99,99,http://localhost:8079/?token=518504778&user=-1355064518&config=3,7136,0,0
1777970150612,7136,HTTP Request,200,OK,Config 3: Exp15 1-43,text,true,,231,158,99,99,http://localhost:8079/?token=518504778&user=-1355064518&config=3,7136,0,0
1777970150608,7140,HTTP Request,200,OK,Config 3: Exp15 1-45,text,true,,231,158,99,99,http://localhost:8079/?token=518504778&user=-1355064518&config=3,7140,0,0
1777970150611,7137,HTTP Request,200,OK,Config 3: Exp15 1-53,text,true,,231,158,99,99,http://localhost:8079/?token=518504778&user=-1355064518&config=3,7137,0,0
1777970150608,7140,HTTP Request,200,OK,Config 3: Exp15 1-47,text,true,,231,158,99,99,http://localhost:8079/?token=518504778&user=-1355064518&config=3,7140,0,0
1777970150613,7136,HTTP Request,200,OK,Config 3: Exp15 1-9,text,true,,231,158,99,99,http://localhost:8079/?token=518504778&user=-1355064518&config=3,7136,0,0
1777970150615,7134,HTTP Request,200,OK,Config 3: Exp15 1-25,text,true,,231,158,99,99,http://localhost:8079/?token=518504778&user=-1355064518&config=3,7134,0,0
1777970150615,7134,HTTP Request,200,OK,Config 3: Exp15 1-12,text,true,,231,158,99,99,http://localhost:8079/?token=518504778&user=-1355064518&config=3,7134,0,0
1777970150615,7134,HTTP Request,200,OK,Config 3: Exp15 1-24,text,true,,231,158,99,99,http://localhost:8079/?token=518504778&user=-1355064518&config=3,7134,0,0
1777970150616,7133,HTTP Request,200,OK,Config 3: Exp15 1-29,text,true,,231,158,99,99,http://localhost:8079/?token=518504778&user=-1355064518&config=3,7133,0,0
1777970150613,7136,HTTP Request,200,OK,Config 3: Exp15 1-55,text,true,,231,158,99,99,http://localhost:8079/?token=518504778&user=-1355064518&config=3,7136,0,0
1777970150613,7137,HTTP Request,200,OK,Config 3: Exp15 1-28,text,true,,231,158,99,99,http://localhost:8079/?token=518504778&user=-1355064518&config=3,7137,0,0
1777970150613,7137,HTTP Request,200,OK,Config 3: Exp15 1-27,text,true,,231,158,99,99,http://localhost:8079/?token=518504778&user=-1355064518&config=3,7137,0,0
1777970150613,7137,HTTP Request,200,OK,Config 3: Exp15 1-56,text,true,,231,158,99,99,http://localhost:8079/?token=518504778&user=-1355064518&config=3,7137,0,0
1777970150616,7134,HTTP Request,200,OK,Config 3: Exp15 1-16,text,true,,231,158,99,99,http://localhost:8079/?token=518504778&user=-1355064518&config=3,7134,0,0
1777970150613,7137,HTTP Request,200,OK,Config 3: Exp15 1-57,text,true,,231,158,99,99,http://localhost:8079/?token=518504778&user=-1355064518&config=3,7137,0,0
1777970150624,7126,HTTP Request,200,OK,Config 3: Exp15 1-73,text,true,,231,158,99,99,http://localhost:8079/?token=518504778&user=-1355064518&config=3,7126,0,0
1777970150624,7126,HTTP Request,200,OK,Config 3: Exp15 1-61,text,true,,231,158,99,99,http://localhost:8079/?token=518504778&user=-1355064518&config=3,7126,0,1
1777970150616,7135,HTTP Request,200,OK,Config 3: Exp15 1-40,text,true,,231,158,99,99,http://localhost:8079/?token=518504778&user=-1355064518&config=3,7135,0,0
1777970150616,7135,HTTP Request,200,OK,Config 3: Exp15 1-19,text,true,,231,158,99,99,http://localhost:8079/?token=518504778&user=-1355064518&config=3,7135,0,0
1777970150624,7127,HTTP Request,200,OK,Config 3: Exp15 1-39,text,true,,231,158,99,99,http://localhost:8079/?token=518504778&user=-1355064518&config=3,7127,0,1
1777970150995,6756,HTTP Request,200,OK,Config 3: Exp15 1-86,text,true,,231,158,99,99,http://localhost:8079/?token=518504778&user=-1355064518&config=3,6756,0,0
1777970151488,6264,HTTP Request,500,Internal Server Error,Config 3: Exp15 1-87,text,false,,233,158,99,99,http://localhost:8079/?token=518504778&user=-1355064518&config=3,6264,0,1
1777970151982,5770,HTTP Request,500,Internal Server Error,Config 3: Exp15 1-88,text,false,,233,158,99,99,http://localhost:8079/?token=518504778&user=-1355064518&config=3,5770,0,1
1777970152476,5276,HTTP Request,500,Internal Server Error,Config 3: Exp15 1-89,text,false,,233,158,99,99,http://localhost:8079/?token=518504778&user=-1355064518&config=3,5276,0,1
1777970150624,7129,HTTP Request,200,OK,Config 3: Exp15 1-15,text,true,,231,158,99,99,http://localhost:8079/?token=518504778&user=-1355064518&config=3,7129,0,1
1777970152970,4783,HTTP Request,500,Internal Server Error,Config 3: Exp15 1-90,text,false,,233,158,99,99,http://localhost:8079/?token=518504778&user=-1355064518&config=3,4783,0,0
1777970153465,4288,HTTP Request,500,Internal Server Error,Config 3: Exp15 1-91,text,false,,233,158,99,99,http://localhost:8079/?token=518504778&user=-1355064518&config=3,4288,0,1
1777970153689,9074,HTTP Request,200,OK,Config 3: Exp15 1-6,text,true,,231,158,109,109,http://localhost:8079/?token=518504778&user=-1355064518&config=3,9074,0,0
1777970153688,9075,HTTP Request,200,OK,Config 3: Exp15 1-5,text,true,,231,158,109,109,http://localhost:8079/?token=518504778&user=-1355064518&config=3,9075,0,0
1777970153657,9106,HTTP Request,200,OK,Config 3: Exp15 1-1,text,true,,231,158,109,109,http://localhost:8079/?token=518504778&user=-1355064518&config=3,9106,0,0
1777970153657,9106,HTTP Request,200,OK,Config 3: Exp15 1-58,text,true,,231,158,109,109,http://localhost:8079/?token=518504778&user=-1355064518&config=3,9106,0,0
1777970153657,9106,HTTP Request,200,OK,Config 3: Exp15 1-4,text,true,,231,158,109,109,http://localhost:8079/?token=518504778&user=-1355064518&config=3,9106,0,0
1777970153688,9077,HTTP Request,200,OK,Config 3: Exp15 1-13,text,true,,231,158,109,109,http://localhost:8079/?token=518504778&user=-1355064518&config=3,9077,0,0
1777970153688,9077,HTTP Request,200,OK,Config 3: Exp15 1-37,text,true,,231,158,109,109,http://localhost:8079/?token=518504778&user=-1355064518&config=3,9077,0,0
1777970153689,9108,HTTP Request,200,OK,Config 3: Exp15 1-22,text,true,,231,158,109,109,http://localhost:8079/?token=518504778&user=-1355064518&config=3,9108,0,0
1777970153689,9108,HTTP Request,200,OK,Config 3: Exp15 1-31,text,true,,231,158,109,109,http://localhost:8079/?token=518504778&user=-1355064518&config=3,9108,0,0
1777970153689,9108,HTTP Request,200,OK,Config 3: Exp15 1-2,text,true,,231,158,109,109,http://localhost:8079/?token=518504778&user=-1355064518&config=3,9108,0,0
1777970153688,9109,HTTP Request,200,OK,Config 3: Exp15 1-36,text,true,,231,158,109,109,http://localhost:8079/?token=518504778&user=-1355064518&config=3,9109,0,0
1777970153689,9108,HTTP Request,200,OK,Config 3: Exp15 1-34,text,true,,231,158,109,109,http://localhost:8079/?token=518504778&user=-1355064518&config=3,9108,0,0
1777970153689,9108,HTTP Request,200,OK,Config 3: Exp15 1-33,text,true,,231,158,109,109,http://localhost:8079/?token=518504778&user=-1355064518&config=3,9108,0,0
1777970153689,9108,HTTP Request,200,OK,Config 3: Exp15 1-17,text,true,,231,158,109,109,http://localhost:8079/?token=518504778&user=-1355064518&config=3,9108,0,0
1777970153688,9109,HTTP Request,200,OK,Config 3: Exp15 1-30,text,true,,231,158,109,109,http://localhost:8079/?token=518504778&user=-1355064518&config=3,9109,0,0
1777970153688,9109,HTTP Request,200,OK,Config 3: Exp15 1-18,text,true,,231,158,109,109,http://localhost:8079/?token=518504778&user=-1355064518&config=3,9109,0,0
1777970153689,9108,HTTP Request,200,OK,Config 3: Exp15 1-59,text,true,,231,158,109,109,http://localhost:8079/?token=518504778&user=-1355064518&config=3,9108,0,0
1777970153689,9108,HTTP Request,200,OK,Config 3: Exp15 1-35,text,true,,231,158,109,109,http://localhost:8079/?token=518504778&user=-1355064518&config=3,9108,0,0
1777970153703,9094,HTTP Request,200,OK,Config 3: Exp15 1-60,text,true,,231,158,109,109,http://localhost:8079/?token=518504778&user=-1355064518&config=3,9094,0,0
1777970153689,9108,HTTP Request,200,OK,Config 3: Exp15 1-32,text,true,,231,158,109,109,http://localhost:8079/?token=518504778&user=-1355064518&config=3,9108,0,0
1777970153689,9108,HTTP Request,200,OK,Config 3: Exp15 1-3,text,true,,231,158,109,109,http://localhost:8079/?token=518504778&user=-1355064518&config=3,9108,0,0
1777970153703,9094,HTTP Request,200,OK,Config 3: Exp15 1-72,text,true,,231,158,109,109,http://localhost:8079/?token=518504778&user=-1355064518&config=3,9094,0,0
1777970153703,9094,HTTP Request,200,OK,Config 3: Exp15 1-21,text,true,,231,158,109,109,http://localhost:8079/?token=518504778&user=-1355064518&config=3,9094,0,0
1777970153964,13733,HTTP Request,200,OK,Config 3: Exp15 1-80,text,true,,231,158,119,119,http://localhost:8079/?token=518504778&user=-1355064518&config=3,13733,0,1
1777970153964,13733,HTTP Request,200,OK,Config 3: Exp15 1-78,text,true,,231,158,119,119,http://localhost:8079/?token=518504778&user=-1355064518&config=3,13733,0,1
1777970153959,13739,HTTP Request,200,OK,Config 3: Exp15 1-92,text,true,,231,158,119,119,http://localhost:8079/?token=518504778&user=-1355064518&config=3,13739,0,1
1777970153964,13734,HTTP Request,200,OK,Config 3: Exp15 1-74,text,true,,231,158,119,119,http://localhost:8079/?token=518504778&user=-1355064518&config=3,13734,0,1
1777970153964,13734,HTTP Request,200,OK,Config 3: Exp15 1-76,text,true,,231,158,119,119,http://localhost:8079/?token=518504778&user=-1355064518&config=3,13734,0,1
1777970154453,13257,HTTP Request,200,OK,Config 3: Exp15 1-93,text,true,,231,158,119,119,http://localhost:8079/?token=518504778&user=-1355064518&config=3,13257,0,1
1777970154956,12754,HTTP Request,200,OK,Config 3: Exp15 1-94,text,true,,231,158,119,119,http://localhost:8079/?token=518504778&user=-1355064518&config=3,12754,0,1
1777970155935,11775,HTTP Request,200,OK,Config 3: Exp15 1-96,text,true,,231,158,119,119,http://localhost:8079/?token=518504778&user=-1355064518&config=3,11775,0,0
1777970153964,13746,HTTP Request,200,OK,Config 3: Exp15 1-81,text,true,,231,158,119,119,http://localhost:8079/?token=518504778&user=-1355064518&config=3,13746,0,1
1777970153964,13746,HTTP Request,200,OK,Config 3: Exp15 1-79,text,true,,231,158,119,119,http://localhost:8079/?token=518504778&user=-1355064518&config=3,13746,0,1
1777970153964,13746,HTTP Request,200,OK,Config 3: Exp15 1-62,text,true,,231,158,119,119,http://localhost:8079/?token=518504778&user=-1355064518&config=3,13746,0,1
1777970153964,13746,HTTP Request,200,OK,Config 3: Exp15 1-63,text,true,,231,158,119,119,http://localhost:8079/?token=518504778&user=-1355064518&config=3,13746,0,1
1777970153964,13746,HTTP Request,200,OK,Config 3: Exp15 1-77,text,true,,231,158,119,119,http://localhost:8079/?token=518504778&user=-1355064518&config=3,13746,0,1
1777970156923,10787,HTTP Request,200,OK,Config 3: Exp15 1-98,text,true,,231,158,119,119,http://localhost:8079/?token=518504778&user=-1355064518&config=3,10787,0,1
1777970157417,10293,HTTP Request,200,OK,Config 3: Exp15 1-99,text,true,,231,158,119,119,http://localhost:8079/?token=518504778&user=-1355064518&config=3,10293,0,1
1777970153964,13746,HTTP Request,200,OK,Config 3: Exp15 1-75,text,true,,231,158,119,119,http://localhost:8079/?token=518504778&user=-1355064518&config=3,13746,0,1
1777970156430,11280,HTTP Request,200,OK,Config 3: Exp15 1-97,text,true,,231,158,119,119,http://localhost:8079/?token=518504778&user=-1355064518&config=3,11280,0,1
1777970155441,12269,HTTP Request,200,OK,Config 3: Exp15 1-95,text,true,,231,158,119,119,http://localhost:8079/?token=518504778&user=-1355064518&config=3,12269,0,0
1777970157745,10021,HTTP Request,200,OK,Config 3: Exp15 1-41,text,true,,231,158,119,119,http://localhost:8079/?token=518504778&user=-1355064518&config=3,10021,0,0
1777970157745,10021,HTTP Request,200,OK,Config 3: Exp15 1-70,text,true,,231,158,119,119,http://localhost:8079/?token=518504778&user=-1355064518&config=3,10021,0,0
1777970157745,10021,HTTP Request,200,OK,Config 3: Exp15 1-44,text,true,,231,158,119,119,http://localhost:8079/?token=518504778&user=-1355064518&config=3,10021,0,0
1777970157745,10021,HTTP Request,200,OK,Config 3: Exp15 1-64,text,true,,231,158,119,119,http://localhost:8079/?token=518504778&user=-1355064518&config=3,10021,0,0
1777970157745,10021,HTTP Request,200,OK,Config 3: Exp15 1-71,text,true,,231,158,119,119,http://localhost:8079/?token=518504778&user=-1355064518&config=3,10021,0,0
1777970157745,10021,HTTP Request,200,OK,Config 3: Exp15 1-66,text,true,,231,158,119,119,http://localhost:8079/?token=518504778&user=-1355064518&config=3,10021,0,0
1777970157746,10020,HTTP Request,200,OK,Config 3: Exp15 1-42,text,true,,231,158,119,119,http://localhost:8079/?token=518504778&user=-1355064518&config=3,10020,0,0
1777970157738,10028,HTTP Request,200,OK,Config 3: Exp15 1-84,text,true,,231,158,119,119,http://localhost:8079/?token=518504778&user=-1355064518&config=3,10028,0,0
1777970157745,10021,HTTP Request,200,OK,Config 3: Exp15 1-69,text,true,,231,158,119,119,http://localhost:8079/?token=518504778&user=-1355064518&config=3,10021,0,0
1777970157745,10021,HTTP Request,200,OK,Config 3: Exp15 1-85,text,true,,231,158,119,119,http://localhost:8079/?token=518504778&user=-1355064518&config=3,10021,0,0
1777970157738,10028,HTTP Request,200,OK,Config 3: Exp15 1-83,text,true,,231,158,119,119,http://localhost:8079/?token=518504778&user=-1355064518&config=3,10028,0,0
1777970157738,10029,HTTP Request,200,OK,Config 3: Exp15 1-82,text,true,,231,158,119,119,http://localhost:8079/?token=518504778&user=-1355064518&config=3,10029,0,0
1777970159393,8376,HTTP Request,500,Internal Server Error,Config 3: Exp15 1-103,text,false,,233,158,119,119,http://localhost:8079/?token=518504778&user=-1355064518&config=3,8376,0,0
1777970159886,7883,HTTP Request,500,Internal Server Error,Config 3: Exp15 1-104,text,false,,233,158,119,119,http://localhost:8079/?token=518504778&user=-1355064518&config=3,7883,0,1
1777970160876,6893,HTTP Request,500,Internal Server Error,Config 3: Exp15 1-106,text,false,,233,158,119,119,http://localhost:8079/?token=518504778&user=-1355064518&config=3,6893,0,0
1777970160380,7389,HTTP Request,500,Internal Server Error,Config 3: Exp15 1-105,text,false,,233,158,119,119,http://localhost:8079/?token=518504778&user=-1355064518&config=3,7389,0,1
1777970161368,6402,HTTP Request,500,Internal Server Error,Config 3: Exp15 1-107,text,false,,233,158,119,119,http://localhost:8079/?token=518504778&user=-1355064518&config=3,6402,0,1
1777970161862,5908,HTTP Request,500,Internal Server Error,Config 3: Exp15 1-108,text,false,,233,158,119,119,http://localhost:8079/?token=518504778&user=-1355064518&config=3,5908,0,0
1777970162357,5413,HTTP Request,500,Internal Server Error,Config 3: Exp15 1-109,text,false,,233,158,119,119,http://localhost:8079/?token=518504778&user=-1355064518&config=3,5413,0,0
1777970157643,12412,HTTP Request,200,OK,Config 3: Exp15 1-14,text,true,,231,158,124,124,http://localhost:8079/?token=518504778&user=-1355064518&config=3,12412,0,0
1777970157643,12412,HTTP Request,200,OK,Config 3: Exp15 1-38,text,true,,231,158,124,124,http://localhost:8079/?token=518504778&user=-1355064518&config=3,12412,0,0
1777970157643,12412,HTTP Request,200,OK,Config 3: Exp15 1-20,text,true,,231,158,124,124,http://localhost:8079/?token=518504778&user=-1355064518&config=3,12412,0,0
1777970157748,12900,HTTP Request,200,OK,Config 3: Exp15 1-7,text,true,,231,158,125,125,http://localhost:8079/?token=518504778&user=-1355064518&config=3,12900,0,0
1777970157748,12900,HTTP Request,200,OK,Config 3: Exp15 1-23,text,true,,231,158,125,125,http://localhost:8079/?token=518504778&user=-1355064518&config=3,12900,0,0
1777970157746,12902,HTTP Request,200,OK,Config 3: Exp15 1-10,text,true,,231,158,125,125,http://localhost:8079/?token=518504778&user=-1355064518&config=3,12902,0,0
1777970157746,12902,HTTP Request,200,OK,Config 3: Exp15 1-11,text,true,,231,158,125,125,http://localhost:8079/?token=518504778&user=-1355064518&config=3,12902,0,0
1777970157747,12901,HTTP Request,200,OK,Config 3: Exp15 1-65,text,true,,231,158,125,125,http://localhost:8079/?token=518504778&user=-1355064518&config=3,12901,0,0
1777970157747,12902,HTTP Request,200,OK,Config 3: Exp15 1-51,text,true,,231,158,125,125,http://localhost:8079/?token=518504778&user=-1355064518&config=3,12902,0,0
1777970157747,12902,HTTP Request,200,OK,Config 3: Exp15 1-54,text,true,,231,158,125,125,http://localhost:8079/?token=518504778&user=-1355064518&config=3,12902,0,0
1777970157746,12903,HTTP Request,200,OK,Config 3: Exp15 1-67,text,true,,231,158,125,125,http://localhost:8079/?token=518504778&user=-1355064518&config=3,12903,0,0
1777970157748,12905,HTTP Request,200,OK,Config 3: Exp15 1-48,text,true,,231,158,125,125,http://localhost:8079/?token=518504778&user=-1355064518&config=3,12905,0,0
1777970157748,12905,HTTP Request,200,OK,Config 3: Exp15 1-52,text,true,,231,158,125,125,http://localhost:8079/?token=518504778&user=-1355064518&config=3,12905,0,0
1777970157746,12907,HTTP Request,200,OK,Config 3: Exp15 1-68,text,true,,231,158,125,125,http://localhost:8079/?token=518504778&user=-1355064518&config=3,12907,0,0
1777970157748,12906,HTTP Request,200,OK,Config 3: Exp15 1-8,text,true,,231,158,125,125,http://localhost:8079/?token=518504778&user=-1355064518&config=3,12906,0,0
1777970157750,12904,HTTP Request,200,OK,Config 3: Exp15 1-24,text,true,,231,158,125,125,http://localhost:8079/?token=518504778&user=-1355064518&config=3,12904,0,0
1777970157749,12905,HTTP Request,200,OK,Config 3: Exp15 1-26,text,true,,231,158,125,125,http://localhost:8079/?token=518504778&user=-1355064518&config=3,12905,0,0
1777970157750,12904,HTTP Request,200,OK,Config 3: Exp15 1-9,text,true,,231,158,125,125,http://localhost:8079/?token=518504778&user=-1355064518&config=3,12904,0,0
1777970157750,12904,HTTP Request,200,OK,Config 3: Exp15 1-12,text,true,,231,158,125,125,http://localhost:8079/?token=518504778&user=-1355064518&config=3,12904,0,0
1777970157749,12905,HTTP Request,200,OK,Config 3: Exp15 1-45,text,true,,231,158,125,125,http://localhost:8079/?token=518504778&user=-1355064518&config=3,12905,0,0
1777970157748,12906,HTTP Request,200,OK,Config 3: Exp15 1-46,text,true,,231,158,125,125,http://localhost:8079/?token=518504778&user=-1355064518&config=3,12906,0,0
1777970157748,12906,HTTP Request,200,OK,Config 3: Exp15 1-50,text,true,,231,158,125,125,http://localhost:8079/?token=518504778&user=-1355064518&config=3,12906,0,0
1777970157749,12905,HTTP Request,200,OK,Config 3: Exp15 1-53,text,true,,231,158,125,125,http://localhost:8079/?token=518504778&user=-1355064518&config=3,12905,0,0
1777970157751,12903,HTTP Request,200,OK,Config 3: Exp15 1-27,text,true,,231,158,125,125,http://localhost:8079/?token=518504778&user=-1355064518&config=3,12903,0,0
1777970157748,12906,HTTP Request,200,OK,Config 3: Exp15 1-49,text,true,,231,158,125,125,http://localhost:8079/?token=518504778&user=-1355064518&config=3,12906,0,0
1777970157749,12905,HTTP Request,200,OK,Config 3: Exp15 1-47,text,true,,231,158,125,125,http://localhost:8079/?token=518504778&user=-1355064518&config=3,12905,0,0
1777970157749,12905,HTTP Request,200,OK,Config 3: Exp15 1-43,text,true,,231,158,125,125,http://localhost:8079/?token=518504778&user=-1355064518&config=3,12905,0,0
1777970157750,12905,HTTP Request,200,OK,Config 3: Exp15 1-25,text,true,,231,158,125,125,http://localhost:8079/?token=518504778&user=-1355064518&config=3,12905,0,0
1777970157751,12904,HTTP Request,200,OK,Config 3: Exp15 1-28,text,true,,231,158,125,125,http://localhost:8079/?token=518504778&user=-1355064518&config=3,12904,0,0
1777970157752,12903,HTTP Request,200,OK,Config 3: Exp15 1-57,text,true,,231,158,125,125,http://localhost:8079/?token=518504778&user=-1355064518&config=3,12903,0,0
1777970157753,12902,HTTP Request,200,OK,Config 3: Exp15 1-86,text,true,,231,158,125,125,http://localhost:8079/?token=518504778&user=-1355064518&config=3,12902,0,0
1777970157751,12904,HTTP Request,200,OK,Config 3: Exp15 1-56,text,true,,231,158,125,125,http://localhost:8079/?token=518504778&user=-1355064518&config=3,12904,0,0
1777970157751,12904,HTTP Request,200,OK,Config 3: Exp15 1-55,text,true,,231,158,125,125,http://localhost:8079/?token=518504778&user=-1355064518&config=3,12904,0,0
1777970157752,12903,HTTP Request,200,OK,Config 3: Exp15 1-40,text,true,,231,158,125,125,http://localhost:8079/?token=518504778&user=-1355064518&config=3,12903,0,0
1777970157754,12903,HTTP Request,200,OK,Config 3: Exp15 1-89,text,true,,231,158,125,125,http://localhost:8079/?token=518504778&user=-1355064518&config=3,12903,0,0
1777970157752,12905,HTTP Request,200,OK,Config 3: Exp15 1-19,text,true,,231,158,125,125,http://localhost:8079/?token=518504778&user=-1355064518&config=3,12905,0,0
1777970157752,12905,HTTP Request,200,OK,Config 3: Exp15 1-16,text,true,,231,158,125,125,http://localhost:8079/?token=518504778&user=-1355064518&config=3,12905,0,0
1777970157754,12903,HTTP Request,200,OK,Config 3: Exp15 1-15,text,true,,231,158,125,125,http://localhost:8079/?token=518504778&user=-1355064518&config=3,12903,0,0
1777970157752,12905,HTTP Request,200,OK,Config 3: Exp15 1-73,text,true,,231,158,125,125,http://localhost:8079/?token=518504778&user=-1355064518&config=3,12905,0,0
1777970157750,12913,HTTP Request,200,OK,Config 3: Exp15 1-29,text,true,,231,158,125,125,http://localhost:8079/?token=518504778&user=-1355064518&config=3,12913,0,0
1777970158405,12258,HTTP Request,200,OK,Config 3: Exp15 1-101,text,true,,231,158,125,125,http://localhost:8079/?token=518504778&user=-1355064518&config=3,12258,0,1
1777970157911,12752,HTTP Request,200,OK,Config 3: Exp15 1-100,text,true,,231,158,125,125,http://localhost:8079/?token=518504778&user=-1355064518&config=3,12752,0,1
1777970157754,12909,HTTP Request,200,OK,Config 3: Exp15 1-87,text,true,,231,158,125,125,http://localhost:8079/?token=518504778&user=-1355064518&config=3,12909,0,0
1777970158898,11764,HTTP Request,200,OK,Config 3: Exp15 1-102,text,true,,231,158,125,125,http://localhost:8079/?token=518504778&user=-1355064518&config=3,11764,0,1
1777970157754,12909,HTTP Request,200,OK,Config 3: Exp15 1-88,text,true,,231,158,125,125,http://localhost:8079/?token=518504778&user=-1355064518&config=3,12909,0,0
1777970157752,12911,HTTP Request,200,OK,Config 3: Exp15 1-39,text,true,,231,158,125,125,http://localhost:8079/?token=518504778&user=-1355064518&config=3,12911,0,0
1777970157754,12909,HTTP Request,200,OK,Config 3: Exp15 1-91,text,true,,231,158,125,125,http://localhost:8079/?token=518504778&user=-1355064518&config=3,12909,0,0
1777970157754,12909,HTTP Request,200,OK,Config 3: Exp15 1-90,text,true,,231,158,125,125,http://localhost:8079/?token=518504778&user=-1355064518&config=3,12909,0,0
1777970157752,12911,HTTP Request,200,OK,Config 3: Exp15 1-61,text,true,,231,158,125,125,http://localhost:8079/?token=518504778&user=-1355064518&config=3,12911,0,0
1777970162763,8010,HTTP Request,200,OK,Config 3: Exp15 1-6,text,true,,231,158,126,126,http://localhost:8079/?token=518504778&user=-1355064518&config=3,8010,0,0
1777970162763,8012,HTTP Request,200,OK,Config 3: Exp15 1-1,text,true,,231,158,126,126,http://localhost:8079/?token=518504778&user=-1355064518&config=3,8012,0,0
1777970162763,8012,HTTP Request,200,OK,Config 3: Exp15 1-4,text,true,,231,158,126,126,http://localhost:8079/?token=518504778&user=-1355064518&config=3,8012,0,0
1777970162763,8012,HTTP Request,200,OK,Config 3: Exp15 1-58,text,true,,231,158,126,126,http://localhost:8079/?token=518504778&user=-1355064518&config=3,8012,0,0
1777970162765,8010,HTTP Request,200,OK,Config 3: Exp15 1-37,text,true,,231,158,126,126,http://localhost:8079/?token=518504778&user=-1355064518&config=3,8010,0,0
1777970162763,8012,HTTP Request,200,OK,Config 3: Exp15 1-5,text,true,,231,158,126,126,http://localhost:8079/?token=518504778&user=-1355064518&config=3,8012,0,0
1777970162765,8010,HTTP Request,200,OK,Config 3: Exp15 1-13,text,true,,231,158,126,126,http://localhost:8079/?token=518504778&user=-1355064518&config=3,8010,0,0
1777970162797,7978,HTTP Request,200,OK,Config 3: Exp15 1-30,text,true,,231,158,126,126,http://localhost:8079/?token=518504778&user=-1355064518&config=3,7978,0,0
1777970162797,7979,HTTP Request,200,OK,Config 3: Exp15 1-36,text,true,,231,158,126,126,http://localhost:8079/?token=518504778&user=-1355064518&config=3,7979,0,0
1777970162797,7979,HTTP Request,200,OK,Config 3: Exp15 1-31,text,true,,231,158,126,126,http://localhost:8079/?token=518504778&user=-1355064518&config=3,7979,0,0
1777970162797,7979,HTTP Request,200,OK,Config 3: Exp15 1-33,text,true,,231,158,126,126,http://localhost:8079/?token=518504778&user=-1355064518&config=3,7979,0,0
1777970162797,7979,HTTP Request,200,OK,Config 3: Exp15 1-17,text,true,,231,158,126,126,http://localhost:8079/?token=518504778&user=-1355064518&config=3,7979,0,0
1777970162797,7979,HTTP Request,200,OK,Config 3: Exp15 1-34,text,true,,231,158,126,126,http://localhost:8079/?token=518504778&user=-1355064518&config=3,7979,0,0
1777970162797,7982,HTTP Request,200,OK,Config 3: Exp15 1-2,text,true,,231,158,126,126,http://localhost:8079/?token=518504778&user=-1355064518&config=3,7982,0,0
1777970162797,7982,HTTP Request,200,OK,Config 3: Exp15 1-22,text,true,,231,158,126,126,http://localhost:8079/?token=518504778&user=-1355064518&config=3,7982,0,0
1777970162797,7984,HTTP Request,200,OK,Config 3: Exp15 1-3,text,true,,231,158,126,126,http://localhost:8079/?token=518504778&user=-1355064518&config=3,7984,0,0
1777970162797,7984,HTTP Request,200,OK,Config 3: Exp15 1-18,text,true,,231,158,126,126,http://localhost:8079/?token=518504778&user=-1355064518&config=3,7984,0,0
1777970162797,7984,HTTP Request,200,OK,Config 3: Exp15 1-32,text,true,,231,158,126,126,http://localhost:8079/?token=518504778&user=-1355064518&config=3,7984,0,0
1777970162797,7985,HTTP Request,200,OK,Config 3: Exp15 1-21,text,true,,231,158,126,126,http://localhost:8079/?token=518504778&user=-1355064518&config=3,7984,0,0
1777970162797,7985,HTTP Request,200,OK,Config 3: Exp15 1-59,text,true,,231,158,126,126,http://localhost:8079/?token=518504778&user=-1355064518&config=3,7985,0,0
1777970162797,7985,HTTP Request,200,OK,Config 3: Exp15 1-60,text,true,,231,158,126,126,http://localhost:8079/?token=518504778&user=-1355064518&config=3,7985,0,0
1777970162851,7931,HTTP Request,200,OK,Config 3: Exp15 1-110,text,true,,231,158,126,126,http://localhost:8079/?token=518504778&user=-1355064518&config=3,7931,0,0
1777970163344,7438,HTTP Request,200,OK,Config 3: Exp15 1-111,text,true,,231,158,126,126,http://localhost:8079/?token=518504778&user=-1355064518&config=3,7438,0,0
1777970162797,7985,HTTP Request,200,OK,Config 3: Exp15 1-35,text,true,,231,158,126,126,http://localhost:8079/?token=518504778&user=-1355064518&config=3,7985,0,0
1777970162797,7985,HTTP Request,200,OK,Config 3: Exp15 1-72,text,true,,231,158,126,126,http://localhost:8079/?token=518504778&user=-1355064518&config=3,7985,0,0
1777970163839,8550,HTTP Request,200,OK,Config 3: Exp15 1-112,text,true,,231,158,129,129,http://localhost:8079/?token=518504778&user=-1355064518&config=3,8550,0,0
1777970167696,7607,HTTP Request,200,OK,Config 3: Exp15 1-80,text,true,,231,158,135,135,http://localhost:8079/?token=518504778&user=-1355064518&config=3,7607,0,0
1777970167697,9879,HTTP Request,200,OK,Config 3: Exp15 1-76,text,true,,231,158,139,139,http://localhost:8079/?token=518504778&user=-1355064518&config=3,9879,0,0
1777970167697,9879,HTTP Request,200,OK,Config 3: Exp15 1-92,text,true,,231,158,139,139,http://localhost:8079/?token=518504778&user=-1355064518&config=3,9879,0,0
1777970167696,9880,HTTP Request,200,OK,Config 3: Exp15 1-78,text,true,,231,158,139,139,http://localhost:8079/?token=518504778&user=-1355064518&config=3,9880,0,0
1777970167697,9879,HTTP Request,200,OK,Config 3: Exp15 1-74,text,true,,231,158,139,139,http://localhost:8079/?token=518504778&user=-1355064518&config=3,9879,0,0
1777970167709,9868,HTTP Request,200,OK,Config 3: Exp15 1-93,text,true,,231,158,139,139,http://localhost:8079/?token=518504778&user=-1355064518&config=3,9868,0,0
1777970167710,9867,HTTP Request,200,OK,Config 3: Exp15 1-98,text,true,,231,158,139,139,http://localhost:8079/?token=518504778&user=-1355064518&config=3,9867,0,0
1777970167710,9867,HTTP Request,200,OK,Config 3: Exp15 1-77,text,true,,231,158,139,139,http://localhost:8079/?token=518504778&user=-1355064518&config=3,9867,0,0
1777970167709,9868,HTTP Request,200,OK,Config 3: Exp15 1-81,text,true,,231,158,139,139,http://localhost:8079/?token=518504778&user=-1355064518&config=3,9868,0,0
1777970167710,9867,HTTP Request,200,OK,Config 3: Exp15 1-63,text,true,,231,158,139,139,http://localhost:8079/?token=518504778&user=-1355064518&config=3,9867,0,0
1777970167710,9867,HTTP Request,200,OK,Config 3: Exp15 1-99,text,true,,231,158,139,139,http://localhost:8079/?token=518504778&user=-1355064518&config=3,9867,0,0
1777970167709,9868,HTTP Request,200,OK,Config 3: Exp15 1-96,text,true,,231,158,139,139,http://localhost:8079/?token=518504778&user=-1355064518&config=3,9868,0,0
1777970167709,9868,HTTP Request,200,OK,Config 3: Exp15 1-94,text,true,,231,158,139,139,http://localhost:8079/?token=518504778&user=-1355064518&config=3,9868,0,0
1777970167710,9867,HTTP Request,200,OK,Config 3: Exp15 1-62,text,true,,231,158,139,139,http://localhost:8079/?token=518504778&user=-1355064518&config=3,9867,0,0
1777970167710,9868,HTTP Request,200,OK,Config 3: Exp15 1-97,text,true,,231,158,139,139,http://localhost:8079/?token=518504778&user=-1355064518&config=3,9868,0,0
1777970167710,9868,HTTP Request,200,OK,Config 3: Exp15 1-95,text,true,,231,158,139,139,http://localhost:8079/?token=518504778&user=-1355064518&config=3,9868,0,0
1777970167766,9812,HTTP Request,200,OK,Config 3: Exp15 1-41,text,true,,231,158,139,139,http://localhost:8079/?token=518504778&user=-1355064518&config=3,9812,0,0
1777970167766,9813,HTTP Request,200,OK,Config 3: Exp15 1-44,text,true,,231,158,139,139,http://localhost:8079/?token=518504778&user=-1355064518&config=3,9813,0,0
1777970167766,9813,HTTP Request,200,OK,Config 3: Exp15 1-64,text,true,,231,158,139,139,http://localhost:8079/?token=518504778&user=-1355064518&config=3,9813,0,0
1777970167710,9869,HTTP Request,200,OK,Config 3: Exp15 1-75,text,true,,231,158,139,139,http://localhost:8079/?token=518504778&user=-1355064518&config=3,9869,0,0
1777970167709,9870,HTTP Request,200,OK,Config 3: Exp15 1-79,text,true,,231,158,139,139,http://localhost:8079/?token=518504778&user=-1355064518&config=3,9870,0,0
1777970167766,9813,HTTP Request,200,OK,Config 3: Exp15 1-42,text,true,,231,158,139,139,http://localhost:8079/?token=518504778&user=-1355064518&config=3,9813,0,0
1777970167766,9813,HTTP Request,200,OK,Config 3: Exp15 1-84,text,true,,231,158,139,139,http://localhost:8079/?token=518504778&user=-1355064518&config=3,9813,0,0
1777970167766,9813,HTTP Request,200,OK,Config 3: Exp15 1-66,text,true,,231,158,139,139,http://localhost:8079/?token=518504778&user=-1355064518&config=3,9813,0,0
1777970167766,9813,HTTP Request,200,OK,Config 3: Exp15 1-69,text,true,,231,158,139,139,http://localhost:8079/?token=518504778&user=-1355064518&config=3,9813,0,0
1777970167766,9813,HTTP Request,200,OK,Config 3: Exp15 1-82,text,true,,231,158,139,139,http://localhost:8079/?token=518504778&user=-1355064518&config=3,9813,0,0
1777970167766,9813,HTTP Request,200,OK,Config 3: Exp15 1-71,text,true,,231,158,139,139,http://localhost:8079/?token=518504778&user=-1355064518&config=3,9813,0,0
1777970167766,9813,HTTP Request,200,OK,Config 3: Exp15 1-85,text,true,,231,158,139,139,http://localhost:8079/?token=518504778&user=-1355064518&config=3,9813,0,0
1777970167766,9815,HTTP Request,200,OK,Config 3: Exp15 1-70,text,true,,231,158,139,139,http://localhost:8079/?token=518504778&user=-1355064518&config=3,9815,0,0
1777970167766,9815,HTTP Request,200,OK,Config 3: Exp15 1-83,text,true,,231,158,139,139,http://localhost:8079/?token=518504778&user=-1355064518&config=3,9815,0,0
1777970164333,14489,HTTP Request,200,OK,Config 3: Exp15 1-113,text,true,,231,158,142,142,http://localhost:8079/?token=518504778&user=-1355064518&config=3,14489,0,1
1777970164827,14011,HTTP Request,200,OK,Config 3: Exp15 1-114,text,true,,231,158,142,142,http://localhost:8079/?token=518504778&user=-1355064518&config=3,14010,0,1
1777970165815,13023,HTTP Request,200,OK,Config 3: Exp15 1-116,text,true,,231,158,142,142,http://localhost:8079/?token=518504778&user=-1355064518&config=3,13023,0,0
1777970167296,11542,HTTP Request,200,OK,Config 3: Exp15 1-119,text,true,,231,158,142,142,http://localhost:8079/?token=518504778&user=-1355064518&config=3,11542,0,0
1777970165320,13518,HTTP Request,200,OK,Config 3: Exp15 1-115,text,true,,231,158,142,142,http://localhost:8079/?token=518504778&user=-1355064518&config=3,13518,0,1
1777970166309,12529,HTTP Request,200,OK,Config 3: Exp15 1-117,text,true,,231,158,142,142,http://localhost:8079/?token=518504778&user=-1355064518&config=3,12529,0,0
1777970166802,12040,HTTP Request,200,OK,Config 3: Exp15 1-118,text,true,,231,158,142,142,http://localhost:8079/?token=518504778&user=-1355064518&config=3,12040,0,1
1777970167769,12424,HTTP Request,200,OK,Config 3: Exp15 1-104,text,true,,231,158,145,145,http://localhost:8079/?token=518504778&user=-1355064518&config=3,12424,0,1
1777970168779,11414,HTTP Request,200,OK,Config 3: Exp15 1-122,text,true,,231,158,145,145,http://localhost:8079/?token=518504778&user=-1355064518&config=3,11414,0,1
1777970167769,12424,HTTP Request,200,OK,Config 3: Exp15 1-103,text,true,,231,158,145,145,http://localhost:8079/?token=518504778&user=-1355064518&config=3,12424,0,1
1777970168284,11909,HTTP Request,200,OK,Config 3: Exp15 1-121,text,true,,231,158,145,145,http://localhost:8079/?token=518504778&user=-1355064518&config=3,11909,0,0
1777970167770,12423,HTTP Request,200,OK,Config 3: Exp15 1-109,text,true,,231,158,145,145,http://localhost:8079/?token=518504778&user=-1355064518&config=3,12423,0,1
1777970167770,12423,HTTP Request,200,OK,Config 3: Exp15 1-105,text,true,,231,158,145,145,http://localhost:8079/?token=518504778&user=-1355064518&config=3,12423,0,0
1777970167770,12423,HTTP Request,200,OK,Config 3: Exp15 1-106,text,true,,231,158,145,145,http://localhost:8079/?token=518504778&user=-1355064518&config=3,12423,0,0
1777970167790,12403,HTTP Request,200,OK,Config 3: Exp15 1-120,text,true,,231,158,145,145,http://localhost:8079/?token=518504778&user=-1355064518&config=3,12403,0,1
1777970169272,10921,HTTP Request,200,OK,Config 3: Exp15 1-123,text,true,,231,158,145,145,http://localhost:8079/?token=518504778&user=-1355064518&config=3,10921,0,1
1777970167770,12423,HTTP Request,200,OK,Config 3: Exp15 1-108,text,true,,231,158,145,145,http://localhost:8079/?token=518504778&user=-1355064518&config=3,12423,0,0
1777970167770,12423,HTTP Request,200,OK,Config 3: Exp15 1-107,text,true,,231,158,145,145,http://localhost:8079/?token=518504778&user=-1355064518&config=3,12423,0,0
1777970169767,10426,HTTP Request,200,OK,Config 3: Exp15 1-124,text,true,,231,158,145,145,http://localhost:8079/?token=518504778&user=-1355064518&config=3,10426,0,1
1777970170054,10434,HTTP Request,200,OK,Config 3: Exp15 1-38,text,true,,231,158,145,145,http://localhost:8079/?token=518504778&user=-1355064518&config=3,10434,0,0
1777970170054,10435,HTTP Request,200,OK,Config 3: Exp15 1-14,text,true,,231,158,145,145,http://localhost:8079/?token=518504778&user=-1355064518&config=3,10435,0,0
1777970170054,10435,HTTP Request,200,OK,Config 3: Exp15 1-20,text,true,,231,158,145,145,http://localhost:8079/?token=518504778&user=-1355064518&config=3,10435,0,0
1777970170260,10229,HTTP Request,200,OK,Config 3: Exp15 1-125,text,true,,231,158,145,145,http://localhost:8079/?token=518504778&user=-1355064518&config=3,10229,0,1
1777970170775,9716,HTTP Request,200,OK,Config 3: Exp15 1-1,text,true,,231,158,145,145,http://localhost:8079/?token=518504778&user=-1355064518&config=3,9716,0,0
1777970170775,9716,HTTP Request,200,OK,Config 3: Exp15 1-4,text,true,,231,158,145,145,http://localhost:8079/?token=518504778&user=-1355064518&config=3,9716,0,0
1777970170775,9716,HTTP Request,200,OK,Config 3: Exp15 1-58,text,true,,231,158,145,145,http://localhost:8079/?token=518504778&user=-1355064518&config=3,9716,0,0
1777970170775,9717,HTTP Request,200,OK,Config 3: Exp15 1-37,text,true,,231,158,145,145,http://localhost:8079/?token=518504778&user=-1355064518&config=3,9717,0,0
1777970170775,9723,HTTP Request,200,OK,Config 3: Exp15 1-13,text,true,,231,158,145,145,http://localhost:8079/?token=518504778&user=-1355064518&config=3,9723,0,0
1777970170774,9724,HTTP Request,200,OK,Config 3: Exp15 1-6,text,true,,231,158,145,145,http://localhost:8079/?token=518504778&user=-1355064518&config=3,9724,0,0
1777970170775,9723,HTTP Request,200,OK,Config 3: Exp15 1-5,text,true,,231,158,145,145,http://localhost:8079/?token=518504778&user=-1355064518&config=3,9723,0,0
1777970170775,9723,HTTP Request,200,OK,Config 3: Exp15 1-30,text,true,,231,158,145,145,http://localhost:8079/?token=518504778&user=-1355064518&config=3,9723,0,0
1777970172390,8114,HTTP Request,500,Internal Server Error,Config 3: Exp15 1-112,text,false,,233,158,145,145,http://localhost:8079/?token=518504778&user=-1355064518&config=3,8114,0,0
1777970172237,8267,HTTP Request,500,Internal Server Error,Config 3: Exp15 1-129,text,false,,233,158,145,145,http://localhost:8079/?token=518504778&user=-1355064518&config=3,8267,0,0
1777970170647,10918,HTTP Request,200,OK,Config 3: Exp15 1-10,text,true,,231,158,147,147,http://localhost:8079/?token=518504778&user=-1355064518&config=3,10918,0,0
1777970170652,10913,HTTP Request,200,OK,Config 3: Exp15 1-68,text,true,,231,158,147,147,http://localhost:8079/?token=518504778&user=-1355064518&config=3,10913,0,0
1777970170647,10918,HTTP Request,200,OK,Config 3: Exp15 1-23,text,true,,231,158,147,147,http://localhost:8079/?token=518504778&user=-1355064518&config=3,10918,0,0
1777970170652,10913,HTTP Request,200,OK,Config 3: Exp15 1-48,text,true,,231,158,147,147,http://localhost:8079/?token=518504778&user=-1355064518&config=3,10913,0,0
1777970170652,10913,HTTP Request,200,OK,Config 3: Exp15 1-52,text,true,,231,158,147,147,http://localhost:8079/?token=518504778&user=-1355064518&config=3,10913,0,0
1777970170653,10913,HTTP Request,200,OK,Config 3: Exp15 1-45,text,true,,231,158,147,147,http://localhost:8079/?token=518504778&user=-1355064518&config=3,10913,0,0
1777970170647,10919,HTTP Request,200,OK,Config 3: Exp15 1-65,text,true,,231,158,147,147,http://localhost:8079/?token=518504778&user=-1355064518&config=3,10919,0,0
1777970170653,10921,HTTP Request,200,OK,Config 3: Exp15 1-9,text,true,,231,158,147,147,http://localhost:8079/?token=518504778&user=-1355064518&config=3,10921,0,0
1777970170653,10921,HTTP Request,200,OK,Config 3: Exp15 1-8,text,true,,231,158,147,147,http://localhost:8079/?token=518504778&user=-1355064518&config=3,10921,0,0
1777970170647,10927,HTTP Request,200,OK,Config 3: Exp15 1-7,text,true,,231,158,147,147,http://localhost:8079/?token=518504778&user=-1355064518&config=3,10927,0,0
1777970170647,10927,HTTP Request,200,OK,Config 3: Exp15 1-11,text,true,,231,158,147,147,http://localhost:8079/?token=518504778&user=-1355064518&config=3,10927,0,0
1777970170653,10921,HTTP Request,200,OK,Config 3: Exp15 1-26,text,true,,231,158,147,147,http://localhost:8079/?token=518504778&user=-1355064518&config=3,10921,0,0
1777970170653,10921,HTTP Request,200,OK,Config 3: Exp15 1-27,text,true,,231,158,147,147,http://localhost:8079/?token=518504778&user=-1355064518&config=3,10921,0,0
1777970170653,10921,HTTP Request,200,OK,Config 3: Exp15 1-12,text,true,,231,158,147,147,http://localhost:8079/?token=518504778&user=-1355064518&config=3,10921,0,0
1777970170653,10921,HTTP Request,200,OK,Config 3: Exp15 1-46,text,true,,231,158,147,147,http://localhost:8079/?token=518504778&user=-1355064518&config=3,10921,0,0
1777970170648,10926,HTTP Request,200,OK,Config 3: Exp15 1-51,text,true,,231,158,147,147,http://localhost:8079/?token=518504778&user=-1355064518&config=3,10926,0,0
1777970170648,10926,HTTP Request,200,OK,Config 3: Exp15 1-67,text,true,,231,158,147,147,http://localhost:8079/?token=518504778&user=-1355064518&config=3,10926,0,0
1777970170648,10926,HTTP Request,200,OK,Config 3: Exp15 1-54,text,true,,231,158,147,147,http://localhost:8079/?token=518504778&user=-1355064518&config=3,10926,0,0
1777970170653,10921,HTTP Request,200,OK,Config 3: Exp15 1-53,text,true,,231,158,147,147,http://localhost:8079/?token=518504778&user=-1355064518&config=3,10921,0,0
1777970170653,10922,HTTP Request,200,OK,Config 3: Exp15 1-24,text,true,,231,158,147,147,http://localhost:8079/?token=518504778&user=-1355064518&config=3,10922,0,0
1777970170653,10922,HTTP Request,200,OK,Config 3: Exp15 1-43,text,true,,231,158,147,147,http://localhost:8079/?token=518504778&user=-1355064518&config=3,10922,0,0
1777970170654,10921,HTTP Request,200,OK,Config 3: Exp15 1-55,text,true,,231,158,147,147,http://localhost:8079/?token=518504778&user=-1355064518&config=3,10921,0,0
1777970170654,10924,HTTP Request,200,OK,Config 3: Exp15 1-25,text,true,,231,158,147,147,http://localhost:8079/?token=518504778&user=-1355064518&config=3,10924,0,0
1777970170654,10924,HTTP Request,200,OK,Config 3: Exp15 1-57,text,true,,231,158,147,147,http://localhost:8079/?token=518504778&user=-1355064518&config=3,10924,0,0
1777970170653,10925,HTTP Request,200,OK,Config 3: Exp15 1-49,text,true,,231,158,147,147,http://localhost:8079/?token=518504778&user=-1355064518&config=3,10925,0,0
1777970170654,10924,HTTP Request,200,OK,Config 3: Exp15 1-28,text,true,,231,158,147,147,http://localhost:8079/?token=518504778&user=-1355064518&config=3,10924,0,0
1777970170653,10925,HTTP Request,200,OK,Config 3: Exp15 1-47,text,true,,231,158,147,147,http://localhost:8079/?token=518504778&user=-1355064518&config=3,10925,0,0
1777970170654,10924,HTTP Request,200,OK,Config 3: Exp15 1-56,text,true,,231,158,147,147,http://localhost:8079/?token=518504778&user=-1355064518&config=3,10924,0,0
1777970170654,10924,HTTP Request,200,OK,Config 3: Exp15 1-40,text,true,,231,158,147,147,http://localhost:8079/?token=518504778&user=-1355064518&config=3,10924,0,0
1777970170654,10924,HTTP Request,200,OK,Config 3: Exp15 1-86,text,true,,231,158,147,147,http://localhost:8079/?token=518504778&user=-1355064518&config=3,10924,0,0
1777970170662,10920,HTTP Request,200,OK,Config 3: Exp15 1-29,text,true,,231,158,147,147,http://localhost:8079/?token=518504778&user=-1355064518&config=3,10920,0,0
1777970170653,10930,HTTP Request,200,OK,Config 3: Exp15 1-50,text,true,,231,158,147,147,http://localhost:8079/?token=518504778&user=-1355064518&config=3,10930,0,0
1777970170656,10927,HTTP Request,200,OK,Config 3: Exp15 1-15,text,true,,231,158,147,147,http://localhost:8079/?token=518504778&user=-1355064518&config=3,10927,0,0
1777970170656,10927,HTTP Request,200,OK,Config 3: Exp15 1-89,text,true,,231,158,147,147,http://localhost:8079/?token=518504778&user=-1355064518&config=3,10927,0,0
1777970170662,10921,HTTP Request,200,OK,Config 3: Exp15 1-61,text,true,,231,158,147,147,http://localhost:8079/?token=518504778&user=-1355064518&config=3,10921,0,0
1777970170662,10921,HTTP Request,200,OK,Config 3: Exp15 1-90,text,true,,231,158,147,147,http://localhost:8079/?token=518504778&user=-1355064518&config=3,10921,0,0
1777970170656,10927,HTTP Request,200,OK,Config 3: Exp15 1-19,text,true,,231,158,147,147,http://localhost:8079/?token=518504778&user=-1355064518&config=3,10927,0,0
1777970170656,10927,HTTP Request,200,OK,Config 3: Exp15 1-73,text,true,,231,158,147,147,http://localhost:8079/?token=518504778&user=-1355064518&config=3,10927,0,0
1777970170662,10921,HTTP Request,200,OK,Config 3: Exp15 1-91,text,true,,231,158,147,147,http://localhost:8079/?token=518504778&user=-1355064518&config=3,10921,0,0
1777970170662,10921,HTTP Request,200,OK,Config 3: Exp15 1-101,text,true,,231,158,147,147,http://localhost:8079/?token=518504778&user=-1355064518&config=3,10921,0,0
1777970170662,10921,HTTP Request,200,OK,Config 3: Exp15 1-102,text,true,,231,158,147,147,http://localhost:8079/?token=518504778&user=-1355064518&config=3,10921,0,0
1777970170662,10921,HTTP Request,200,OK,Config 3: Exp15 1-88,text,true,,231,158,147,147,http://localhost:8079/?token=518504778&user=-1355064518&config=3,10921,0,0
1777970170662,10921,HTTP Request,200,OK,Config 3: Exp15 1-87,text,true,,231,158,147,147,http://localhost:8079/?token=518504778&user=-1355064518&config=3,10921,0,0
1777970170662,10921,HTTP Request,200,OK,Config 3: Exp15 1-100,text,true,,231,158,147,147,http://localhost:8079/?token=518504778&user=-1355064518&config=3,10921,0,0
1777970170656,10927,HTTP Request,200,OK,Config 3: Exp15 1-16,text,true,,231,158,147,147,http://localhost:8079/?token=518504778&user=-1355064518&config=3,10927,0,0
1777970170662,10921,HTTP Request,200,OK,Config 3: Exp15 1-39,text,true,,231,158,147,147,http://localhost:8079/?token=518504778&user=-1355064518&config=3,10921,0,0
1777970170777,12445,HTTP Request,200,OK,Config 3: Exp15 1-36,text,true,,231,158,151,151,http://localhost:8079/?token=518504778&user=-1355064518&config=3,12445,0,0
1777970170777,12445,HTTP Request,200,OK,Config 3: Exp15 1-31,text,true,,231,158,151,151,http://localhost:8079/?token=518504778&user=-1355064518&config=3,12445,0,0
1777970170777,12445,HTTP Request,200,OK,Config 3: Exp15 1-33,text,true,,231,158,151,151,http://localhost:8079/?token=518504778&user=-1355064518&config=3,12445,0,0
1777970170777,12445,HTTP Request,200,OK,Config 3: Exp15 1-34,text,true,,231,158,151,151,http://localhost:8079/?token=518504778&user=-1355064518&config=3,12445,0,0
1777970170777,12445,HTTP Request,200,OK,Config 3: Exp15 1-17,text,true,,231,158,151,151,http://localhost:8079/?token=518504778&user=-1355064518&config=3,12445,0,0
1777970170779,12444,HTTP Request,200,OK,Config 3: Exp15 1-2,text,true,,231,158,151,151,http://localhost:8079/?token=518504778&user=-1355064518&config=3,12444,0,0
1777970170782,12441,HTTP Request,200,OK,Config 3: Exp15 1-3,text,true,,231,158,151,151,http://localhost:8079/?token=518504778&user=-1355064518&config=3,12441,0,0
1777970170782,12444,HTTP Request,200,OK,Config 3: Exp15 1-32,text,true,,231,158,151,151,http://localhost:8079/?token=518504778&user=-1355064518&config=3,12444,0,0
1777970170782,12444,HTTP Request,200,OK,Config 3: Exp15 1-18,text,true,,231,158,151,151,http://localhost:8079/?token=518504778&user=-1355064518&config=3,12444,0,0
1777970170782,12444,HTTP Request,200,OK,Config 3: Exp15 1-21,text,true,,231,158,151,151,http://localhost:8079/?token=518504778&user=-1355064518&config=3,12444,0,0
1777970170779,12448,HTTP Request,200,OK,Config 3: Exp15 1-22,text,true,,231,158,151,151,http://localhost:8079/?token=518504778&user=-1355064518&config=3,12448,0,0
1777970170782,12445,HTTP Request,200,OK,Config 3: Exp15 1-35,text,true,,231,158,151,151,http://localhost:8079/?token=518504778&user=-1355064518&config=3,12445,0,0
1777970170782,12446,HTTP Request,200,OK,Config 3: Exp15 1-60,text,true,,231,158,151,151,http://localhost:8079/?token=518504778&user=-1355064518&config=3,12446,0,0
1777970170755,12473,HTTP Request,200,OK,Config 3: Exp15 1-126,text,true,,231,158,151,151,http://localhost:8079/?token=518504778&user=-1355064518&config=3,12473,0,0
1777970170782,12446,HTTP Request,200,OK,Config 3: Exp15 1-59,text,true,,231,158,151,151,http://localhost:8079/?token=518504778&user=-1355064518&config=3,12446,0,0
1777970170782,12446,HTTP Request,200,OK,Config 3: Exp15 1-72,text,true,,231,158,151,151,http://localhost:8079/?token=518504778&user=-1355064518&config=3,12446,0,0
1777970170782,12446,HTTP Request,200,OK,Config 3: Exp15 1-111,text,true,,231,158,151,151,http://localhost:8079/?token=518504778&user=-1355064518&config=3,12446,0,0
1777970171742,11486,HTTP Request,200,OK,Config 3: Exp15 1-128,text,true,,231,158,151,151,http://localhost:8079/?token=518504778&user=-1355064518&config=3,11486,0,1
1777970171248,11980,HTTP Request,200,OK,Config 3: Exp15 1-127,text,true,,231,158,151,151,http://localhost:8079/?token=518504778&user=-1355064518&config=3,11980,0,1
1777970170782,12446,HTTP Request,200,OK,Config 3: Exp15 1-110,text,true,,231,158,151,151,http://localhost:8079/?token=518504778&user=-1355064518&config=3,12446,0,0
1777970175304,10277,HTTP Request,200,OK,Config 3: Exp15 1-80,text,true,,231,158,156,156,http://localhost:8079/?token=518504778&user=-1355064518&config=3,10277,0,0
1777970175202,10379,HTTP Request,200,OK,Config 3: Exp15 1-135,text,true,,231,158,156,156,http://localhost:8079/?token=518504778&user=-1355064518&config=3,10379,0,1
1777970177578,8004,HTTP Request,200,OK,Config 3: Exp15 1-93,text,true,,231,158,156,156,http://localhost:8079/?token=518504778&user=-1355064518&config=3,8004,0,0
1777970177578,8004,HTTP Request,200,OK,Config 3: Exp15 1-96,text,true,,231,158,156,156,http://localhost:8079/?token=518504778&user=-1355064518&config=3,8004,0,0
1777970177578,8004,HTTP Request,200,OK,Config 3: Exp15 1-92,text,true,,231,158,156,156,http://localhost:8079/?token=518504778&user=-1355064518&config=3,8004,0,0
1777970177578,8004,HTTP Request,200,OK,Config 3: Exp15 1-94,text,true,,231,158,156,156,http://localhost:8079/?token=518504778&user=-1355064518&config=3,8004,0,0
1777970177578,8004,HTTP Request,200,OK,Config 3: Exp15 1-98,text,true,,231,158,156,156,http://localhost:8079/?token=518504778&user=-1355064518&config=3,8004,0,0
1777970177578,8004,HTTP Request,200,OK,Config 3: Exp15 1-99,text,true,,231,158,156,156,http://localhost:8079/?token=518504778&user=-1355064518&config=3,8004,0,0
1777970175695,9887,HTTP Request,200,OK,Config 3: Exp15 1-136,text,true,,231,158,156,156,http://localhost:8079/?token=518504778&user=-1355064518&config=3,9887,0,0
1777970177578,8004,HTTP Request,200,OK,Config 3: Exp15 1-77,text,true,,231,158,156,156,http://localhost:8079/?token=518504778&user=-1355064518&config=3,8004,0,0
1777970176189,9393,HTTP Request,200,OK,Config 3: Exp15 1-137,text,true,,231,158,156,156,http://localhost:8079/?token=518504778&user=-1355064518&config=3,9393,0,0
1777970177578,8004,HTTP Request,200,OK,Config 3: Exp15 1-62,text,true,,231,158,156,156,http://localhost:8079/?token=518504778&user=-1355064518&config=3,8004,0,0
1777970177578,8004,HTTP Request,200,OK,Config 3: Exp15 1-78,text,true,,231,158,156,156,http://localhost:8079/?token=518504778&user=-1355064518&config=3,8004,0,0
1777970177578,8004,HTTP Request,200,OK,Config 3: Exp15 1-74,text,true,,231,158,156,156,http://localhost:8079/?token=518504778&user=-1355064518&config=3,8004,0,0
1777970177578,8004,HTTP Request,200,OK,Config 3: Exp15 1-76,text,true,,231,158,156,156,http://localhost:8079/?token=518504778&user=-1355064518&config=3,8004,0,0
1777970177179,8403,HTTP Request,200,OK,Config 3: Exp15 1-139,text,true,,231,158,156,156,http://localhost:8079/?token=518504778&user=-1355064518&config=3,8403,0,1
1777970176685,8897,HTTP Request,200,OK,Config 3: Exp15 1-138,text,true,,231,158,156,156,http://localhost:8079/?token=518504778&user=-1355064518&config=3,8897,0,0
1777970177580,8003,HTTP Request,200,OK,Config 3: Exp15 1-64,text,true,,231,158,156,156,http://localhost:8079/?token=518504778&user=-1355064518&config=3,8003,0,0
1777970177580,8004,HTTP Request,200,OK,Config 3: Exp15 1-44,text,true,,231,158,156,156,http://localhost:8079/?token=518504778&user=-1355064518&config=3,8004,0,0
1777970177579,8005,HTTP Request,200,OK,Config 3: Exp15 1-97,text,true,,231,158,156,156,http://localhost:8079/?token=518504778&user=-1355064518&config=3,8005,0,0
1777970177580,8004,HTTP Request,200,OK,Config 3: Exp15 1-41,text,true,,231,158,156,156,http://localhost:8079/?token=518504778&user=-1355064518&config=3,8004,0,0
1777970177578,8008,HTTP Request,200,OK,Config 3: Exp15 1-81,text,true,,231,158,156,156,http://localhost:8079/?token=518504778&user=-1355064518&config=3,8008,0,0
1777970177578,8008,HTTP Request,200,OK,Config 3: Exp15 1-63,text,true,,231,158,156,156,http://localhost:8079/?token=518504778&user=-1355064518&config=3,8008,0,0
1777970172731,12954,HTTP Request,200,OK,Config 3: Exp15 1-130,text,true,,231,158,156,156,http://localhost:8079/?token=518504778&user=-1355064518&config=3,12954,0,1
1777970173226,12459,HTTP Request,200,OK,Config 3: Exp15 1-131,text,true,,231,158,156,156,http://localhost:8079/?token=518504778&user=-1355064518&config=3,12459,0,0
1777970173718,11967,HTTP Request,200,OK,Config 3: Exp15 1-132,text,true,,231,158,156,156,http://localhost:8079/?token=518504778&user=-1355064518&config=3,11967,0,0
1777970174213,11473,HTTP Request,200,OK,Config 3: Exp15 1-133,text,true,,231,158,156,156,http://localhost:8079/?token=518504778&user=-1355064518&config=3,11473,0,0
1777970174708,10978,HTTP Request,200,OK,Config 3: Exp15 1-134,text,true,,231,158,156,156,http://localhost:8079/?token=518504778&user=-1355064518&config=3,10978,0,1
1777970177580,12741,HTTP Request,200,OK,Config 3: Exp15 1-42,text,true,,231,158,165,165,http://localhost:8079/?token=518504778&user=-1355064518&config=3,12741,0,0
1777970177580,12741,HTTP Request,200,OK,Config 3: Exp15 1-95,text,true,,231,158,165,165,http://localhost:8079/?token=518504778&user=-1355064518&config=3,12741,0,0
1777970177580,12741,HTTP Request,200,OK,Config 3: Exp15 1-69,text,true,,231,158,165,165,http://localhost:8079/?token=518504778&user=-1355064518&config=3,12741,0,0
1777970177580,12741,HTTP Request,200,OK,Config 3: Exp15 1-66,text,true,,231,158,165,165,http://localhost:8079/?token=518504778&user=-1355064518&config=3,12741,0,0
1777970177580,12741,HTTP Request,200,OK,Config 3: Exp15 1-84,text,true,,231,158,165,165,http://localhost:8079/?token=518504778&user=-1355064518&config=3,12741,0,0
1777970177580,12741,HTTP Request,200,OK,Config 3: Exp15 1-71,text,true,,231,158,165,165,http://localhost:8079/?token=518504778&user=-1355064518&config=3,12741,0,0
1777970177582,12739,HTTP Request,200,OK,Config 3: Exp15 1-70,text,true,,231,158,165,165,http://localhost:8079/?token=518504778&user=-1355064518&config=3,12739,0,0
1777970177580,12741,HTTP Request,200,OK,Config 3: Exp15 1-85,text,true,,231,158,165,165,http://localhost:8079/?token=518504778&user=-1355064518&config=3,12741,0,0
1777970177580,12741,HTTP Request,200,OK,Config 3: Exp15 1-75,text,true,,231,158,165,165,http://localhost:8079/?token=518504778&user=-1355064518&config=3,12741,0,0
1777970177580,12741,HTTP Request,200,OK,Config 3: Exp15 1-82,text,true,,231,158,165,165,http://localhost:8079/?token=518504778&user=-1355064518&config=3,12741,0,0
1777970177582,12739,HTTP Request,200,OK,Config 3: Exp15 1-83,text,true,,231,158,165,165,http://localhost:8079/?token=518504778&user=-1355064518&config=3,12739,0,0
1777970177580,12741,HTTP Request,200,OK,Config 3: Exp15 1-79,text,true,,231,158,165,165,http://localhost:8079/?token=518504778&user=-1355064518&config=3,12741,0,0
1777970177672,12649,HTTP Request,200,OK,Config 3: Exp15 1-140,text,true,,231,158,165,165,http://localhost:8079/?token=518504778&user=-1355064518&config=3,12649,0,1
1777970178659,11662,HTTP Request,200,OK,Config 3: Exp15 1-142,text,true,,231,158,165,165,http://localhost:8079/?token=518504778&user=-1355064518&config=3,11662,0,1
1777970178166,12155,HTTP Request,200,OK,Config 3: Exp15 1-141,text,true,,231,158,165,165,http://localhost:8079/?token=518504778&user=-1355064518&config=3,12155,0,0
1777970178823,11497,HTTP Request,200,OK,Config 3: Exp15 1-113,text,true,,231,158,165,165,http://localhost:8079/?token=518504778&user=-1355064518&config=3,11497,0,0
1777970180488,9847,HTTP Request,200,OK,Config 3: Exp15 1-38,text,true,,231,158,165,165,http://localhost:8079/?token=518504778&user=-1355064518&config=3,9847,0,0
1777970180498,9837,HTTP Request,200,OK,Config 3: Exp15 1-30,text,true,,231,158,165,165,http://localhost:8079/?token=518504778&user=-1355064518&config=3,9837,0,0
1777970180491,9844,HTTP Request,200,OK,Config 3: Exp15 1-1,text,true,,231,158,165,165,http://localhost:8079/?token=518504778&user=-1355064518&config=3,9844,0,0
1777970180492,9843,HTTP Request,200,OK,Config 3: Exp15 1-58,text,true,,231,158,165,165,http://localhost:8079/?token=518504778&user=-1355064518&config=3,9843,0,0
1777970180492,9843,HTTP Request,200,OK,Config 3: Exp15 1-4,text,true,,231,158,165,165,http://localhost:8079/?token=518504778&user=-1355064518&config=3,9843,0,0
1777970180489,9846,HTTP Request,200,OK,Config 3: Exp15 1-125,text,true,,231,158,165,165,http://localhost:8079/?token=518504778&user=-1355064518&config=3,9846,0,0
1777970180492,9843,HTTP Request,200,OK,Config 3: Exp15 1-37,text,true,,231,158,165,165,http://localhost:8079/?token=518504778&user=-1355064518&config=3,9843,0,0
1777970180489,9849,HTTP Request,200,OK,Config 3: Exp15 1-14,text,true,,231,158,165,165,http://localhost:8079/?token=518504778&user=-1355064518&config=3,9849,0,0
1777970180489,9849,HTTP Request,200,OK,Config 3: Exp15 1-20,text,true,,231,158,165,165,http://localhost:8079/?token=518504778&user=-1355064518&config=3,9849,0,0
1777970180504,9834,HTTP Request,200,OK,Config 3: Exp15 1-129,text,true,,231,158,165,165,http://localhost:8079/?token=518504778&user=-1355064518&config=3,9834,0,0
1777970180498,9840,HTTP Request,200,OK,Config 3: Exp15 1-13,text,true,,231,158,165,165,http://localhost:8079/?token=518504778&user=-1355064518&config=3,9840,0,0
1777970180498,9840,HTTP Request,200,OK,Config 3: Exp15 1-6,text,true,,231,158,165,165,http://localhost:8079/?token=518504778&user=-1355064518&config=3,9840,0,0
1777970180498,9840,HTTP Request,200,OK,Config 3: Exp15 1-5,text,true,,231,158,165,165,http://localhost:8079/?token=518504778&user=-1355064518&config=3,9840,0,0
1777970180634,9705,HTTP Request,200,OK,Config 3: Exp15 1-146,text,true,,231,158,165,165,http://localhost:8079/?token=518504778&user=-1355064518&config=3,9705,0,0
1777970180504,9835,HTTP Request,200,OK,Config 3: Exp15 1-112,text,true,,231,158,165,165,http://localhost:8079/?token=518504778&user=-1355064518&config=3,9835,0,0
1777970178842,11695,HTTP Request,200,OK,Config 3: Exp15 1-118,text,true,,231,158,166,166,http://localhost:8079/?token=518504778&user=-1355064518&config=3,11695,0,0
1777970178838,11699,HTTP Request,200,OK,Config 3: Exp15 1-117,text,true,,231,158,166,166,http://localhost:8079/?token=518504778&user=-1355064518&config=3,11699,0,0
1777970178838,11699,HTTP Request,200,OK,Config 3: Exp15 1-116,text,true,,231,158,166,166,http://localhost:8079/?token=518504778&user=-1355064518&config=3,11699,0,0
1777970179152,11385,HTTP Request,200,OK,Config 3: Exp15 1-143,text,true,,231,158,166,166,http://localhost:8079/?token=518504778&user=-1355064518&config=3,11385,0,1
1777970178838,11700,HTTP Request,200,OK,Config 3: Exp15 1-114,text,true,,231,158,166,166,http://localhost:8079/?token=518504778&user=-1355064518&config=3,11700,0,0
1777970178838,11700,HTTP Request,200,OK,Config 3: Exp15 1-119,text,true,,231,158,166,166,http://localhost:8079/?token=518504778&user=-1355064518&config=3,11700,0,0
1777970178838,11700,HTTP Request,200,OK,Config 3: Exp15 1-115,text,true,,231,158,166,166,http://localhost:8079/?token=518504778&user=-1355064518&config=3,11700,0,0
1777970179646,10892,HTTP Request,200,OK,Config 3: Exp15 1-144,text,true,,231,158,166,166,http://localhost:8079/?token=518504778&user=-1355064518&config=3,10892,0,1
1777970180193,10567,HTTP Request,200,OK,Config 3: Exp15 1-104,text,true,,231,158,166,166,http://localhost:8079/?token=518504778&user=-1355064518&config=3,10567,0,0
1777970180193,10567,HTTP Request,200,OK,Config 3: Exp15 1-120,text,true,,231,158,166,166,http://localhost:8079/?token=518504778&user=-1355064518&config=3,10567,0,0
1777970180193,10567,HTTP Request,200,OK,Config 3: Exp15 1-103,text,true,,231,158,166,166,http://localhost:8079/?token=518504778&user=-1355064518&config=3,10567,0,0
1777970180193,10567,HTTP Request,200,OK,Config 3: Exp15 1-122,text,true,,231,158,166,166,http://localhost:8079/?token=518504778&user=-1355064518&config=3,10567,0,0
1777970180193,10567,HTTP Request,200,OK,Config 3: Exp15 1-108,text,true,,231,158,166,166,http://localhost:8079/?token=518504778&user=-1355064518&config=3,10567,0,0
1777970180140,10621,HTTP Request,200,OK,Config 3: Exp15 1-145,text,true,,231,158,166,166,http://localhost:8079/?token=518504778&user=-1355064518&config=3,10621,0,1
1777970180193,10568,HTTP Request,200,OK,Config 3: Exp15 1-121,text,true,,231,158,166,166,http://localhost:8079/?token=518504778&user=-1355064518&config=3,10568,0,0
1777970180193,10568,HTTP Request,200,OK,Config 3: Exp15 1-124,text,true,,231,158,166,166,http://localhost:8079/?token=518504778&user=-1355064518&config=3,10568,0,0
1777970180193,10568,HTTP Request,200,OK,Config 3: Exp15 1-105,text,true,,231,158,166,166,http://localhost:8079/?token=518504778&user=-1355064518&config=3,10568,0,0
1777970180193,10568,HTTP Request,200,OK,Config 3: Exp15 1-107,text,true,,231,158,166,166,http://localhost:8079/?token=518504778&user=-1355064518&config=3,10568,0,0
1777970180193,10569,HTTP Request,200,OK,Config 3: Exp15 1-109,text,true,,231,158,166,166,http://localhost:8079/?token=518504778&user=-1355064518&config=3,10569,0,0
1777970180193,10569,HTTP Request,200,OK,Config 3: Exp15 1-106,text,true,,231,158,166,166,http://localhost:8079/?token=518504778&user=-1355064518&config=3,10569,0,0
1777970180193,10569,HTTP Request,200,OK,Config 3: Exp15 1-123,text,true,,231,158,166,166,http://localhost:8079/?token=518504778&user=-1355064518&config=3,10569,0,0
1777970183227,7551,HTTP Request,500,Internal Server Error,Config 3: Exp15 1-21,text,false,,233,158,166,166,http://localhost:8079/?token=518504778&user=-1355064518&config=3,7551,0,0
1777970183222,7556,HTTP Request,500,Internal Server Error,Config 3: Exp15 1-17,text,false,,233,158,166,166,http://localhost:8079/?token=518504778&user=-1355064518&config=3,7556,0,1
1777970183227,7551,HTTP Request,500,Internal Server Error,Config 3: Exp15 1-18,text,false,,233,158,166,166,http://localhost:8079/?token=518504778&user=-1355064518&config=3,7551,0,0
1777970183227,7551,HTTP Request,500,Internal Server Error,Config 3: Exp15 1-35,text,false,,233,158,166,166,http://localhost:8079/?token=518504778&user=-1355064518&config=3,7551,0,0
1777970183598,7180,HTTP Request,500,Internal Server Error,Config 3: Exp15 1-152,text,false,,233,158,166,166,http://localhost:8079/?token=518504778&user=-1355064518&config=3,7180,0,1
1777970181584,11331,HTTP Request,200,OK,Config 3: Exp15 1-100,text,true,,231,158,170,170,http://localhost:8079/?token=518504778&user=-1355064518&config=3,11331,0,0
1777970181129,11786,HTTP Request,200,OK,Config 3: Exp15 1-147,text,true,,231,158,170,170,http://localhost:8079/?token=518504778&user=-1355064518&config=3,11786,0,1
1777970181574,11341,HTTP Request,200,OK,Config 3: Exp15 1-7,text,true,,231,158,170,170,http://localhost:8079/?token=518504778&user=-1355064518&config=3,11341,0,1
1777970181574,11341,HTTP Request,200,OK,Config 3: Exp15 1-27,text,true,,231,158,170,170,http://localhost:8079/?token=518504778&user=-1355064518&config=3,11341,0,0
1777970181583,11332,HTTP Request,200,OK,Config 3: Exp15 1-29,text,true,,231,158,170,170,http://localhost:8079/?token=518504778&user=-1355064518&config=3,11332,0,0
1777970181565,11350,HTTP Request,200,OK,Config 3: Exp15 1-10,text,true,,231,158,170,170,http://localhost:8079/?token=518504778&user=-1355064518&config=3,11350,0,1
1777970181565,11350,HTTP Request,200,OK,Config 3: Exp15 1-23,text,true,,231,158,170,170,http://localhost:8079/?token=518504778&user=-1355064518&config=3,11350,0,1
1777970181578,11337,HTTP Request,200,OK,Config 3: Exp15 1-28,text,true,,231,158,170,170,http://localhost:8079/?token=518504778&user=-1355064518&config=3,11337,0,0
1777970181578,11338,HTTP Request,200,OK,Config 3: Exp15 1-49,text,true,,231,158,170,170,http://localhost:8079/?token=518504778&user=-1355064518&config=3,11338,0,0
1777970181566,11350,HTTP Request,200,OK,Config 3: Exp15 1-45,text,true,,231,158,170,170,http://localhost:8079/?token=518504778&user=-1355064518&config=3,11350,0,0
1777970181576,11340,HTTP Request,200,OK,Config 3: Exp15 1-43,text,true,,231,158,170,170,http://localhost:8079/?token=518504778&user=-1355064518&config=3,11340,0,0
1777970181574,11342,HTTP Request,200,OK,Config 3: Exp15 1-46,text,true,,231,158,170,170,http://localhost:8079/?token=518504778&user=-1355064518&config=3,11342,0,0
1777970181565,11351,HTTP Request,200,OK,Config 3: Exp15 1-48,text,true,,231,158,170,170,http://localhost:8079/?token=518504778&user=-1355064518&config=3,11351,0,0
1777970181576,11340,HTTP Request,200,OK,Config 3: Exp15 1-55,text,true,,231,158,170,170,http://localhost:8079/?token=518504778&user=-1355064518&config=3,11340,0,0
1777970181578,11338,HTTP Request,200,OK,Config 3: Exp15 1-47,text,true,,231,158,170,170,http://localhost:8079/?token=518504778&user=-1355064518&config=3,11338,0,0
1777970181574,11342,HTTP Request,200,OK,Config 3: Exp15 1-51,text,true,,231,158,170,170,http://localhost:8079/?token=518504778&user=-1355064518&config=3,11342,0,0
1777970181575,11341,HTTP Request,200,OK,Config 3: Exp15 1-53,text,true,,231,158,170,170,http://localhost:8079/?token=518504778&user=-1355064518&config=3,11341,0,0
1777970181565,11351,HTTP Request,200,OK,Config 3: Exp15 1-52,text,true,,231,158,170,170,http://localhost:8079/?token=518504778&user=-1355064518&config=3,11351,0,0
1777970181574,11342,HTTP Request,200,OK,Config 3: Exp15 1-54,text,true,,231,158,170,170,http://localhost:8079/?token=518504778&user=-1355064518&config=3,11342,0,0
1777970181565,11351,HTTP Request,200,OK,Config 3: Exp15 1-68,text,true,,231,158,170,170,http://localhost:8079/?token=518504778&user=-1355064518&config=3,11351,0,0
1777970181578,11338,HTTP Request,200,OK,Config 3: Exp15 1-57,text,true,,231,158,170,170,http://localhost:8079/?token=518504778&user=-1355064518&config=3,11338,0,0
1777970181567,11349,HTTP Request,200,OK,Config 3: Exp15 1-65,text,true,,231,158,170,170,http://localhost:8079/?token=518504778&user=-1355064518&config=3,11349,0,0
1777970181583,11333,HTTP Request,200,OK,Config 3: Exp15 1-15,text,true,,231,158,170,170,http://localhost:8079/?token=518504778&user=-1355064518&config=3,11333,0,0
1777970181583,11333,HTTP Request,200,OK,Config 3: Exp15 1-87,text,true,,231,158,170,170,http://localhost:8079/?token=518504778&user=-1355064518&config=3,11333,0,0
1777970181578,11338,HTTP Request,200,OK,Config 3: Exp15 1-40,text,true,,231,158,170,170,http://localhost:8079/?token=518504778&user=-1355064518&config=3,11338,0,0
1777970181583,11333,HTTP Request,200,OK,Config 3: Exp15 1-90,text,true,,231,158,170,170,http://localhost:8079/?token=518504778&user=-1355064518&config=3,11333,0,0
1777970181583,11333,HTTP Request,200,OK,Config 3: Exp15 1-89,text,true,,231,158,170,170,http://localhost:8079/?token=518504778&user=-1355064518&config=3,11333,0,0
1777970181578,11338,HTTP Request,200,OK,Config 3: Exp15 1-56,text,true,,231,158,170,170,http://localhost:8079/?token=518504778&user=-1355064518&config=3,11338,0,0
1777970181578,11338,HTTP Request,200,OK,Config 3: Exp15 1-86,text,true,,231,158,170,170,http://localhost:8079/?token=518504778&user=-1355064518&config=3,11338,0,0
1777970181574,11343,HTTP Request,200,OK,Config 3: Exp15 1-67,text,true,,231,158,170,170,http://localhost:8079/?token=518504778&user=-1355064518&config=3,11343,0,0
1777970181622,11296,HTTP Request,200,OK,Config 3: Exp15 1-148,text,true,,231,158,170,170,http://localhost:8079/?token=518504778&user=-1355064518&config=3,11296,0,1
1777970181578,11340,HTTP Request,200,OK,Config 3: Exp15 1-25,text,true,,231,158,170,170,http://localhost:8079/?token=518504778&user=-1355064518&config=3,11340,0,0
1777970181574,11344,HTTP Request,200,OK,Config 3: Exp15 1-12,text,true,,231,158,170,170,http://localhost:8079/?token=518504778&user=-1355064518&config=3,11344,0,1
1777970181574,11344,HTTP Request,200,OK,Config 3: Exp15 1-9,text,true,,231,158,170,170,http://localhost:8079/?token=518504778&user=-1355064518&config=3,11344,0,1
1777970181574,11344,HTTP Request,200,OK,Config 3: Exp15 1-26,text,true,,231,158,170,170,http://localhost:8079/?token=518504778&user=-1355064518&config=3,11344,0,1
1777970181574,11344,HTTP Request,200,OK,Config 3: Exp15 1-11,text,true,,231,158,170,170,http://localhost:8079/?token=518504778&user=-1355064518&config=3,11344,0,1
1777970181583,11335,HTTP Request,200,OK,Config 3: Exp15 1-88,text,true,,231,158,170,170,http://localhost:8079/?token=518504778&user=-1355064518&config=3,11335,0,0
1777970181583,11335,HTTP Request,200,OK,Config 3: Exp15 1-73,text,true,,231,158,170,170,http://localhost:8079/?token=518504778&user=-1355064518&config=3,11335,0,0
1777970181574,11344,HTTP Request,200,OK,Config 3: Exp15 1-8,text,true,,231,158,170,170,http://localhost:8079/?token=518504778&user=-1355064518&config=3,11344,0,1
1777970181584,11334,HTTP Request,200,OK,Config 3: Exp15 1-16,text,true,,231,158,170,170,http://localhost:8079/?token=518504778&user=-1355064518&config=3,11334,0,0
1777970181583,11335,HTTP Request,200,OK,Config 3: Exp15 1-61,text,true,,231,158,170,170,http://localhost:8079/?token=518504778&user=-1355064518&config=3,11335,0,0
1777970181575,11343,HTTP Request,200,OK,Config 3: Exp15 1-24,text,true,,231,158,170,170,http://localhost:8079/?token=518504778&user=-1355064518&config=3,11343,0,1
1777970181583,11334,HTTP Request,200,OK,Config 3: Exp15 1-102,text,true,,231,158,170,170,http://localhost:8079/?token=518504778&user=-1355064518&config=3,11334,0,0
1777970181583,11334,HTTP Request,200,OK,Config 3: Exp15 1-91,text,true,,231,158,170,170,http://localhost:8079/?token=518504778&user=-1355064518&config=3,11334,0,0
1777970181583,11334,HTTP Request,200,OK,Config 3: Exp15 1-101,text,true,,231,158,170,170,http://localhost:8079/?token=518504778&user=-1355064518&config=3,11334,0,0
1777970181583,11334,HTTP Request,200,OK,Config 3: Exp15 1-50,text,true,,231,158,170,170,http://localhost:8079/?token=518504778&user=-1355064518&config=3,11334,0,0
1777970181583,11334,HTTP Request,200,OK,Config 3: Exp15 1-19,text,true,,231,158,170,170,http://localhost:8079/?token=518504778&user=-1355064518&config=3,11334,0,0
1777970181584,11333,HTTP Request,200,OK,Config 3: Exp15 1-39,text,true,,231,158,170,170,http://localhost:8079/?token=518504778&user=-1355064518&config=3,11333,0,0
1777970183222,9751,HTTP Request,200,OK,Config 3: Exp15 1-36,text,true,,231,158,170,170,http://localhost:8079/?token=518504778&user=-1355064518&config=3,9751,0,0
1777970182117,10857,HTTP Request,200,OK,Config 3: Exp15 1-149,text,true,,231,158,170,170,http://localhost:8079/?token=518504778&user=-1355064518&config=3,10857,0,0
1777970183222,9752,HTTP Request,200,OK,Config 3: Exp15 1-33,text,true,,231,158,170,170,http://localhost:8079/?token=518504778&user=-1355064518&config=3,9752,0,0
1777970183227,9747,HTTP Request,200,OK,Config 3: Exp15 1-32,text,true,,231,158,170,170,http://localhost:8079/?token=518504778&user=-1355064518&config=3,9747,0,0
1777970183104,9870,HTTP Request,200,OK,Config 3: Exp15 1-151,text,true,,231,158,170,170,http://localhost:8079/?token=518504778&user=-1355064518&config=3,9870,0,0
1777970183228,9746,HTTP Request,200,OK,Config 3: Exp15 1-59,text,true,,231,158,170,170,http://localhost:8079/?token=518504778&user=-1355064518&config=3,9746,0,0
1777970183223,9751,HTTP Request,200,OK,Config 3: Exp15 1-3,text,true,,231,158,170,170,http://localhost:8079/?token=518504778&user=-1355064518&config=3,9751,0,0
1777970183222,9752,HTTP Request,200,OK,Config 3: Exp15 1-31,text,true,,231,158,170,170,http://localhost:8079/?token=518504778&user=-1355064518&config=3,9752,0,0
1777970183223,9751,HTTP Request,200,OK,Config 3: Exp15 1-2,text,true,,231,158,170,170,http://localhost:8079/?token=518504778&user=-1355064518&config=3,9751,0,0
1777970183227,9747,HTTP Request,200,OK,Config 3: Exp15 1-22,text,true,,231,158,170,170,http://localhost:8079/?token=518504778&user=-1355064518&config=3,9747,0,0
1777970183222,9752,HTTP Request,200,OK,Config 3: Exp15 1-34,text,true,,231,158,170,170,http://localhost:8079/?token=518504778&user=-1355064518&config=3,9752,0,0
1777970182610,10364,HTTP Request,200,OK,Config 3: Exp15 1-150,text,true,,231,158,170,170,http://localhost:8079/?token=518504778&user=-1355064518&config=3,10364,0,1
1777970183228,9746,HTTP Request,200,OK,Config 3: Exp15 1-111,text,true,,231,158,170,170,http://localhost:8079/?token=518504778&user=-1355064518&config=3,9746,0,0
1777970183228,9746,HTTP Request,200,OK,Config 3: Exp15 1-127,text,true,,231,158,170,170,http://localhost:8079/?token=518504778&user=-1355064518&config=3,9746,0,0
1777970183228,9746,HTTP Request,200,OK,Config 3: Exp15 1-60,text,true,,231,158,170,170,http://localhost:8079/?token=518504778&user=-1355064518&config=3,9746,0,0
1777970183228,9746,HTTP Request,200,OK,Config 3: Exp15 1-126,text,true,,231,158,170,170,http://localhost:8079/?token=518504778&user=-1355064518&config=3,9746,0,0
1777970183228,9746,HTTP Request,200,OK,Config 3: Exp15 1-72,text,true,,231,158,170,170,http://localhost:8079/?token=518504778&user=-1355064518&config=3,9746,0,0
1777970183228,9746,HTTP Request,200,OK,Config 3: Exp15 1-110,text,true,,231,158,170,170,http://localhost:8079/?token=518504778&user=-1355064518&config=3,9746,0,0
1777970183228,9746,HTTP Request,200,OK,Config 3: Exp15 1-128,text,true,,231,158,170,170,http://localhost:8079/?token=518504778&user=-1355064518&config=3,9746,0,0
1777970184092,9926,HTTP Request,200,OK,Config 3: Exp15 1-153,text,true,,231,158,173,173,http://localhost:8079/?token=518504778&user=-1355064518&config=3,9926,0,0
1777970184587,9431,HTTP Request,200,OK,Config 3: Exp15 1-154,text,true,,231,158,173,173,http://localhost:8079/?token=518504778&user=-1355064518&config=3,9431,0,0
1777970185081,8937,HTTP Request,200,OK,Config 3: Exp15 1-155,text,true,,231,158,173,173,http://localhost:8079/?token=518504778&user=-1355064518&config=3,8937,0,1
1777970185581,8440,HTTP Request,200,OK,Config 3: Exp15 1-93,text,true,,231,158,173,173,http://localhost:8079/?token=518504778&user=-1355064518&config=3,8440,0,0
1777970185580,8441,HTTP Request,200,OK,Config 3: Exp15 1-80,text,true,,231,158,173,173,http://localhost:8079/?token=518504778&user=-1355064518&config=3,8441,0,0
1777970185581,8443,HTTP Request,200,OK,Config 3: Exp15 1-94,text,true,,231,158,173,173,http://localhost:8079/?token=518504778&user=-1355064518&config=3,8443,0,0
1777970185581,8443,HTTP Request,200,OK,Config 3: Exp15 1-62,text,true,,231,158,173,173,http://localhost:8079/?token=518504778&user=-1355064518&config=3,8443,0,0
1777970185581,8444,HTTP Request,200,OK,Config 3: Exp15 1-77,text,true,,231,158,173,173,http://localhost:8079/?token=518504778&user=-1355064518&config=3,8444,0,0
1777970185581,8444,HTTP Request,200,OK,Config 3: Exp15 1-137,text,true,,231,158,173,173,http://localhost:8079/?token=518504778&user=-1355064518&config=3,8444,0,0
1777970185581,8444,HTTP Request,200,OK,Config 3: Exp15 1-136,text,true,,231,158,173,173,http://localhost:8079/?token=518504778&user=-1355064518&config=3,8444,0,0
1777970185582,8443,HTTP Request,200,OK,Config 3: Exp15 1-138,text,true,,231,158,173,173,http://localhost:8079/?token=518504778&user=-1355064518&config=3,8443,0,0
1777970185581,8444,HTTP Request,200,OK,Config 3: Exp15 1-99,text,true,,231,158,173,173,http://localhost:8079/?token=518504778&user=-1355064518&config=3,8444,0,0
1777970185583,8442,HTTP Request,200,OK,Config 3: Exp15 1-41,text,true,,231,158,173,173,http://localhost:8079/?token=518504778&user=-1355064518&config=3,8442,0,0
1777970185583,8442,HTTP Request,200,OK,Config 3: Exp15 1-97,text,true,,231,158,173,173,http://localhost:8079/?token=518504778&user=-1355064518&config=3,8442,0,0
1777970185581,8445,HTTP Request,200,OK,Config 3: Exp15 1-78,text,true,,231,158,173,173,http://localhost:8079/?token=518504778&user=-1355064518&config=3,8445,0,0
1777970185581,8444,HTTP Request,200,OK,Config 3: Exp15 1-76,text,true,,231,158,173,173,http://localhost:8079/?token=518504778&user=-1355064518&config=3,8444,0,0
1777970185582,8443,HTTP Request,200,OK,Config 3: Exp15 1-64,text,true,,231,158,173,173,http://localhost:8079/?token=518504778&user=-1355064518&config=3,8443,0,0
1777970185583,8444,HTTP Request,200,OK,Config 3: Exp15 1-44,text,true,,231,158,173,173,http://localhost:8079/?token=518504778&user=-1355064518&config=3,8444,0,0
1777970185581,8446,HTTP Request,200,OK,Config 3: Exp15 1-74,text,true,,231,158,173,173,http://localhost:8079/?token=518504778&user=-1355064518&config=3,8446,0,0
1777970185580,8447,HTTP Request,200,OK,Config 3: Exp15 1-135,text,true,,231,158,173,173,http://localhost:8079/?token=518504778&user=-1355064518&config=3,8447,0,0
1777970185585,9488,HTTP Request,200,OK,Config 3: Exp15 1-63,text,true,,231,158,175,175,http://localhost:8079/?token=518504778&user=-1355064518&config=3,9488,0,0
1777970185581,9492,HTTP Request,200,OK,Config 3: Exp15 1-98,text,true,,231,158,175,175,http://localhost:8079/?token=518504778&user=-1355064518&config=3,9492,0,0
1777970185581,9492,HTTP Request,200,OK,Config 3: Exp15 1-92,text,true,,231,158,175,175,http://localhost:8079/?token=518504778&user=-1355064518&config=3,9492,0,0
1777970185585,9488,HTTP Request,200,OK,Config 3: Exp15 1-81,text,true,,231,158,175,175,http://localhost:8079/?token=518504778&user=-1355064518&config=3,9488,0,0
1777970185582,9491,HTTP Request,200,OK,Config 3: Exp15 1-139,text,true,,231,158,175,175,http://localhost:8079/?token=518504778&user=-1355064518&config=3,9491,0,0
1777970185686,9392,HTTP Request,200,OK,Config 3: Exp15 1-133,text,true,,231,158,175,175,http://localhost:8079/?token=518504778&user=-1355064518&config=3,9392,0,0
1777970185581,9497,HTTP Request,200,OK,Config 3: Exp15 1-96,text,true,,231,158,175,175,http://localhost:8079/?token=518504778&user=-1355064518&config=3,9497,0,0
1777970185576,9502,HTTP Request,200,OK,Config 3: Exp15 1-156,text,true,,231,158,175,175,http://localhost:8079/?token=518504778&user=-1355064518&config=3,9502,0,0
1777970185685,9393,HTTP Request,200,OK,Config 3: Exp15 1-130,text,true,,231,158,175,175,http://localhost:8079/?token=518504778&user=-1355064518&config=3,9393,0,0
1777970185685,9393,HTTP Request,200,OK,Config 3: Exp15 1-131,text,true,,231,158,175,175,http://localhost:8079/?token=518504778&user=-1355064518&config=3,9393,0,0
1777970185685,9393,HTTP Request,200,OK,Config 3: Exp15 1-132,text,true,,231,158,175,175,http://localhost:8079/?token=518504778&user=-1355064518&config=3,9393,0,0
1777970188539,6539,HTTP Request,200,OK,Config 3: Exp15 1-162,text,true,,231,158,175,175,http://localhost:8079/?token=518504778&user=-1355064518&config=3,6539,0,0
1777970185685,9393,HTTP Request,200,OK,Config 3: Exp15 1-134,text,true,,231,158,175,175,http://localhost:8079/?token=518504778&user=-1355064518&config=3,9393,0,0
1777970190336,7734,HTTP Request,200,OK,Config 3: Exp15 1-58,text,true,,231,158,181,181,http://localhost:8079/?token=518504778&user=-1355064518&config=3,7734,0,0
1777970190321,7749,HTTP Request,200,OK,Config 3: Exp15 1-84,text,true,,231,158,181,181,http://localhost:8079/?token=518504778&user=-1355064518&config=3,7749,0,0
1777970190321,7749,HTTP Request,200,OK,Config 3: Exp15 1-71,text,true,,231,158,181,181,http://localhost:8079/?token=518504778&user=-1355064518&config=3,7749,0,0
1777970190321,7749,HTTP Request,200,OK,Config 3: Exp15 1-140,text,true,,231,158,181,181,http://localhost:8079/?token=518504778&user=-1355064518&config=3,7749,0,0
1777970190321,7750,HTTP Request,200,OK,Config 3: Exp15 1-75,text,true,,231,158,181,181,http://localhost:8079/?token=518504778&user=-1355064518&config=3,7750,0,0
1777970190321,7750,HTTP Request,200,OK,Config 3: Exp15 1-82,text,true,,231,158,181,181,http://localhost:8079/?token=518504778&user=-1355064518&config=3,7750,0,0
1777970190336,7735,HTTP Request,200,OK,Config 3: Exp15 1-125,text,true,,231,158,181,181,http://localhost:8079/?token=518504778&user=-1355064518&config=3,7735,0,0
1777970190321,7750,HTTP Request,200,OK,Config 3: Exp15 1-85,text,true,,231,158,181,181,http://localhost:8079/?token=518504778&user=-1355064518&config=3,7750,0,0
1777970186561,13995,HTTP Request,200,OK,Config 3: Exp15 1-158,text,true,,231,158,186,186,http://localhost:8079/?token=518504778&user=-1355064518&config=3,13995,0,1
1777970186068,14488,HTTP Request,200,OK,Config 3: Exp15 1-157,text,true,,231,158,186,186,http://localhost:8079/?token=518504778&user=-1355064518&config=3,14488,0,1
1777970189033,11547,HTTP Request,200,OK,Config 3: Exp15 1-163,text,true,,231,158,186,186,http://localhost:8079/?token=518504778&user=-1355064518&config=3,11547,0,0
1777970187550,13029,HTTP Request,200,OK,Config 3: Exp15 1-160,text,true,,231,158,186,186,http://localhost:8079/?token=518504778&user=-1355064518&config=3,13029,0,0
1777970187056,13523,HTTP Request,200,OK,Config 3: Exp15 1-159,text,true,,231,158,186,186,http://localhost:8079/?token=518504778&user=-1355064518&config=3,13523,0,1
1777970188045,12534,HTTP Request,200,OK,Config 3: Exp15 1-161,text,true,,231,158,186,186,http://localhost:8079/?token=518504778&user=-1355064518&config=3,12534,0,0
1777970189529,11051,HTTP Request,200,OK,Config 3: Exp15 1-164,text,true,,231,158,186,186,http://localhost:8079/?token=518504778&user=-1355064518&config=3,11051,0,0
1777970190321,10260,HTTP Request,200,OK,Config 3: Exp15 1-95,text,true,,231,158,186,186,http://localhost:8079/?token=518504778&user=-1355064518&config=3,10260,0,0
1777970190340,10241,HTTP Request,200,OK,Config 3: Exp15 1-146,text,true,,231,158,186,186,http://localhost:8079/?token=518504778&user=-1355064518&config=3,10241,0,0
1777970190321,10260,HTTP Request,200,OK,Config 3: Exp15 1-70,text,true,,231,158,186,186,http://localhost:8079/?token=518504778&user=-1355064518&config=3,10260,0,0
1777970190321,10260,HTTP Request,200,OK,Config 3: Exp15 1-66,text,true,,231,158,186,186,http://localhost:8079/?token=518504778&user=-1355064518&config=3,10260,0,0
1777970190321,10260,HTTP Request,200,OK,Config 3: Exp15 1-69,text,true,,231,158,186,186,http://localhost:8079/?token=518504778&user=-1355064518&config=3,10260,0,0
1777970190539,10042,HTTP Request,200,OK,Config 3: Exp15 1-114,text,true,,231,158,186,186,http://localhost:8079/?token=518504778&user=-1355064518&config=3,10042,0,0
1777970190538,10043,HTTP Request,200,OK,Config 3: Exp15 1-117,text,true,,231,158,186,186,http://localhost:8079/?token=518504778&user=-1355064518&config=3,10043,0,0
1777970190321,10260,HTTP Request,200,OK,Config 3: Exp15 1-142,text,true,,231,158,186,186,http://localhost:8079/?token=518504778&user=-1355064518&config=3,10260,0,0
1777970190538,10043,HTTP Request,200,OK,Config 3: Exp15 1-116,text,true,,231,158,186,186,http://localhost:8079/?token=518504778&user=-1355064518&config=3,10043,0,0
1777970190539,10042,HTTP Request,200,OK,Config 3: Exp15 1-144,text,true,,231,158,186,186,http://localhost:8079/?token=518504778&user=-1355064518&config=3,10042,0,0
1777970190321,10260,HTTP Request,200,OK,Config 3: Exp15 1-79,text,true,,231,158,186,186,http://localhost:8079/?token=518504778&user=-1355064518&config=3,10260,0,0
1777970190321,10260,HTTP Request,200,OK,Config 3: Exp15 1-113,text,true,,231,158,186,186,http://localhost:8079/?token=518504778&user=-1355064518&config=3,10260,0,0
1777970190321,10260,HTTP Request,200,OK,Config 3: Exp15 1-83,text,true,,231,158,186,186,http://localhost:8079/?token=518504778&user=-1355064518&config=3,10260,0,0
1777970190539,10042,HTTP Request,200,OK,Config 3: Exp15 1-115,text,true,,231,158,186,186,http://localhost:8079/?token=518504778&user=-1355064518&config=3,10042,0,0
1777970190538,10043,HTTP Request,200,OK,Config 3: Exp15 1-143,text,true,,231,158,186,186,http://localhost:8079/?token=518504778&user=-1355064518&config=3,10043,0,0
1777970190538,10043,HTTP Request,200,OK,Config 3: Exp15 1-118,text,true,,231,158,186,186,http://localhost:8079/?token=518504778&user=-1355064518&config=3,10043,0,0
1777970190339,10242,HTTP Request,200,OK,Config 3: Exp15 1-14,text,true,,231,158,186,186,http://localhost:8079/?token=518504778&user=-1355064518&config=3,10242,0,0
1777970190321,10260,HTTP Request,200,OK,Config 3: Exp15 1-141,text,true,,231,158,186,186,http://localhost:8079/?token=518504778&user=-1355064518&config=3,10260,0,0
1777970190321,10260,HTTP Request,200,OK,Config 3: Exp15 1-42,text,true,,231,158,186,186,http://localhost:8079/?token=518504778&user=-1355064518&config=3,10260,0,1
1777970190339,10242,HTTP Request,200,OK,Config 3: Exp15 1-129,text,true,,231,158,186,186,http://localhost:8079/?token=518504778&user=-1355064518&config=3,10242,0,0
1777970190340,10241,HTTP Request,200,OK,Config 3: Exp15 1-5,text,true,,231,158,186,186,http://localhost:8079/?token=518504778&user=-1355064518&config=3,10241,0,0
1777970190336,10245,HTTP Request,200,OK,Config 3: Exp15 1-38,text,true,,231,158,186,186,http://localhost:8079/?token=518504778&user=-1355064518&config=3,10245,0,1
1777970190339,10242,HTTP Request,200,OK,Config 3: Exp15 1-6,text,true,,231,158,186,186,http://localhost:8079/?token=518504778&user=-1355064518&config=3,10242,0,0
1777970190340,10241,HTTP Request,200,OK,Config 3: Exp15 1-112,text,true,,231,158,186,186,http://localhost:8079/?token=518504778&user=-1355064518&config=3,10241,0,0
1777970190761,9820,HTTP Request,200,OK,Config 3: Exp15 1-104,text,true,,231,158,186,186,http://localhost:8079/?token=518504778&user=-1355064518&config=3,9820,0,0
1777970190539,10042,HTTP Request,200,OK,Config 3: Exp15 1-119,text,true,,231,158,186,186,http://localhost:8079/?token=518504778&user=-1355064518&config=3,10042,0,0
1777970190337,10244,HTTP Request,200,OK,Config 3: Exp15 1-37,text,true,,231,158,186,186,http://localhost:8079/?token=518504778&user=-1355064518&config=3,10244,0,0
1777970190339,10242,HTTP Request,200,OK,Config 3: Exp15 1-13,text,true,,231,158,186,186,http://localhost:8079/?token=518504778&user=-1355064518&config=3,10242,0,0
1777970190022,10559,HTTP Request,200,OK,Config 3: Exp15 1-165,text,true,,231,158,186,186,http://localhost:8079/?token=518504778&user=-1355064518&config=3,10559,0,0
1777970190336,10245,HTTP Request,200,OK,Config 3: Exp15 1-4,text,true,,231,158,186,186,http://localhost:8079/?token=518504778&user=-1355064518&config=3,10245,0,1
1777970190339,10242,HTTP Request,200,OK,Config 3: Exp15 1-20,text,true,,231,158,186,186,http://localhost:8079/?token=518504778&user=-1355064518&config=3,10242,0,0
1777970190336,10245,HTTP Request,200,OK,Config 3: Exp15 1-1,text,true,,231,158,186,186,http://localhost:8079/?token=518504778&user=-1355064518&config=3,10245,0,1
1777970190336,10245,HTTP Request,200,OK,Config 3: Exp15 1-30,text,true,,231,158,186,186,http://localhost:8079/?token=518504778&user=-1355064518&config=3,10245,0,1
1777970190516,10071,HTTP Request,200,OK,Config 3: Exp15 1-166,text,true,,231,158,186,186,http://localhost:8079/?token=518504778&user=-1355064518&config=3,10071,0,0
1777970190762,9825,HTTP Request,200,OK,Config 3: Exp15 1-108,text,true,,231,158,186,186,http://localhost:8079/?token=518504778&user=-1355064518&config=3,9825,0,0
1777970190762,9825,HTTP Request,200,OK,Config 3: Exp15 1-124,text,true,,231,158,186,186,http://localhost:8079/?token=518504778&user=-1355064518&config=3,9825,0,0
1777970190761,9826,HTTP Request,200,OK,Config 3: Exp15 1-120,text,true,,231,158,186,186,http://localhost:8079/?token=518504778&user=-1355064518&config=3,9826,0,0
1777970190761,9826,HTTP Request,200,OK,Config 3: Exp15 1-103,text,true,,231,158,186,186,http://localhost:8079/?token=518504778&user=-1355064518&config=3,9826,0,0
1777970190761,9826,HTTP Request,200,OK,Config 3: Exp15 1-122,text,true,,231,158,186,186,http://localhost:8079/?token=518504778&user=-1355064518&config=3,9826,0,0
1777970190762,9825,HTTP Request,200,OK,Config 3: Exp15 1-145,text,true,,231,158,186,186,http://localhost:8079/?token=518504778&user=-1355064518&config=3,9825,0,0
1777970190762,9827,HTTP Request,200,OK,Config 3: Exp15 1-105,text,true,,231,158,186,186,http://localhost:8079/?token=518504778&user=-1355064518&config=3,9827,0,0
1777970190763,9826,HTTP Request,200,OK,Config 3: Exp15 1-107,text,true,,231,158,186,186,http://localhost:8079/?token=518504778&user=-1355064518&config=3,9826,0,0
1777970190762,9827,HTTP Request,200,OK,Config 3: Exp15 1-121,text,true,,231,158,186,186,http://localhost:8079/?token=518504778&user=-1355064518&config=3,9827,0,0
1777970190763,10395,HTTP Request,200,OK,Config 3: Exp15 1-109,text,true,,231,158,187,187,http://localhost:8079/?token=518504778&user=-1355064518&config=3,10395,0,0
1777970190763,10395,HTTP Request,200,OK,Config 3: Exp15 1-123,text,true,,231,158,187,187,http://localhost:8079/?token=518504778&user=-1355064518&config=3,10395,0,0
1777970190779,10383,HTTP Request,200,OK,Config 3: Exp15 1-18,text,true,,231,158,187,187,http://localhost:8079/?token=518504778&user=-1355064518&config=3,10383,0,1
1777970190763,10399,HTTP Request,200,OK,Config 3: Exp15 1-106,text,true,,231,158,187,187,http://localhost:8079/?token=518504778&user=-1355064518&config=3,10399,0,0
1777970190779,10384,HTTP Request,200,OK,Config 3: Exp15 1-21,text,true,,231,158,187,187,http://localhost:8079/?token=518504778&user=-1355064518&config=3,10384,0,1
1777970191009,10154,HTTP Request,200,OK,Config 3: Exp15 1-167,text,true,,231,158,187,187,http://localhost:8079/?token=518504778&user=-1355064518&config=3,10154,0,1
1777970191504,9659,HTTP Request,200,OK,Config 3: Exp15 1-168,text,true,,231,158,187,187,http://localhost:8079/?token=518504778&user=-1355064518&config=3,9659,0,1
1777970190780,10383,HTTP Request,200,OK,Config 3: Exp15 1-152,text,true,,231,158,187,187,http://localhost:8079/?token=518504778&user=-1355064518&config=3,10383,0,0
1777970190779,10384,HTTP Request,200,OK,Config 3: Exp15 1-17,text,true,,231,158,187,187,http://localhost:8079/?token=518504778&user=-1355064518&config=3,10384,0,1
1777970190779,10384,HTTP Request,200,OK,Config 3: Exp15 1-35,text,true,,231,158,187,187,http://localhost:8079/?token=518504778&user=-1355064518&config=3,10384,0,1
1777970191997,11945,HTTP Request,200,OK,Config 3: Exp15 1-169,text,true,,231,158,193,193,http://localhost:8079/?token=518504778&user=-1355064518&config=3,11945,0,1
1777970192491,11452,HTTP Request,200,OK,Config 3: Exp15 1-170,text,true,,231,158,193,193,http://localhost:8079/?token=518504778&user=-1355064518&config=3,11452,0,1
1777970192917,11043,HTTP Request,200,OK,Config 3: Exp15 1-100,text,true,,231,158,193,193,http://localhost:8079/?token=518504778&user=-1355064518&config=3,11043,0,0
1777970192917,11043,HTTP Request,200,OK,Config 3: Exp15 1-147,text,true,,231,158,193,193,http://localhost:8079/?token=518504778&user=-1355064518&config=3,11043,0,0
1777970192917,11043,HTTP Request,200,OK,Config 3: Exp15 1-10,text,true,,231,158,193,193,http://localhost:8079/?token=518504778&user=-1355064518&config=3,11043,0,0
1777970192917,11043,HTTP Request,200,OK,Config 3: Exp15 1-23,text,true,,231,158,193,193,http://localhost:8079/?token=518504778&user=-1355064518&config=3,11043,0,0
1777970192917,11043,HTTP Request,200,OK,Config 3: Exp15 1-52,text,true,,231,158,193,193,http://localhost:8079/?token=518504778&user=-1355064518&config=3,11043,0,0
1777970192917,11043,HTTP Request,200,OK,Config 3: Exp15 1-57,text,true,,231,158,193,193,http://localhost:8079/?token=518504778&user=-1355064518&config=3,11043,0,0
1777970192917,11043,HTTP Request,200,OK,Config 3: Exp15 1-7,text,true,,231,158,193,193,http://localhost:8079/?token=518504778&user=-1355064518&config=3,11043,0,0
1777970192917,11045,HTTP Request,200,OK,Config 3: Exp15 1-51,text,true,,231,158,193,193,http://localhost:8079/?token=518504778&user=-1355064518&config=3,11045,0,0
1777970192917,11046,HTTP Request,200,OK,Config 3: Exp15 1-53,text,true,,231,158,193,193,http://localhost:8079/?token=518504778&user=-1355064518&config=3,11046,0,0
1777970192917,11046,HTTP Request,200,OK,Config 3: Exp15 1-54,text,true,,231,158,193,193,http://localhost:8079/?token=518504778&user=-1355064518&config=3,11046,0,0
1777970192917,11046,HTTP Request,200,OK,Config 3: Exp15 1-55,text,true,,231,158,193,193,http://localhost:8079/?token=518504778&user=-1355064518&config=3,11046,0,0
1777970192917,11047,HTTP Request,200,OK,Config 3: Exp15 1-65,text,true,,231,158,193,193,http://localhost:8079/?token=518504778&user=-1355064518&config=3,11047,0,0
1777970192917,11047,HTTP Request,200,OK,Config 3: Exp15 1-89,text,true,,231,158,193,193,http://localhost:8079/?token=518504778&user=-1355064518&config=3,11047,0,0
1777970192917,11047,HTTP Request,200,OK,Config 3: Exp15 1-86,text,true,,231,158,193,193,http://localhost:8079/?token=518504778&user=-1355064518&config=3,11047,0,0
1777970192917,11047,HTTP Request,200,OK,Config 3: Exp15 1-15,text,true,,231,158,193,193,http://localhost:8079/?token=518504778&user=-1355064518&config=3,11047,0,0
1777970192917,11047,HTTP Request,200,OK,Config 3: Exp15 1-68,text,true,,231,158,193,193,http://localhost:8079/?token=518504778&user=-1355064518&config=3,11047,0,0
1777970192917,11048,HTTP Request,200,OK,Config 3: Exp15 1-40,text,true,,231,158,193,193,http://localhost:8079/?token=518504778&user=-1355064518&config=3,11048,0,0
1777970192975,10990,HTTP Request,200,OK,Config 3: Exp15 1-151,text,true,,231,158,193,193,http://localhost:8079/?token=518504778&user=-1355064518&config=3,10990,0,0
1777970192922,11043,HTTP Request,200,OK,Config 3: Exp15 1-50,text,true,,231,158,193,193,http://localhost:8079/?token=518504778&user=-1355064518&config=3,11043,0,0
1777970192917,11050,HTTP Request,200,OK,Config 3: Exp15 1-87,text,true,,231,158,193,193,http://localhost:8079/?token=518504778&user=-1355064518&config=3,11050,0,0
1777970192921,11046,HTTP Request,200,OK,Config 3: Exp15 1-16,text,true,,231,158,193,193,http://localhost:8079/?token=518504778&user=-1355064518&config=3,11046,0,0
1777970192922,11045,HTTP Request,200,OK,Config 3: Exp15 1-101,text,true,,231,158,193,193,http://localhost:8079/?token=518504778&user=-1355064518&config=3,11045,0,0
1777970192921,11046,HTTP Request,200,OK,Config 3: Exp15 1-73,text,true,,231,158,193,193,http://localhost:8079/?token=518504778&user=-1355064518&config=3,11046,0,0
1777970192917,11050,HTTP Request,200,OK,Config 3: Exp15 1-90,text,true,,231,158,193,193,http://localhost:8079/?token=518504778&user=-1355064518&config=3,11050,0,0
1777970192922,11046,HTTP Request,200,OK,Config 3: Exp15 1-102,text,true,,231,158,193,193,http://localhost:8079/?token=518504778&user=-1355064518&config=3,11046,0,0
1777970192917,11051,HTTP Request,200,OK,Config 3: Exp15 1-56,text,true,,231,158,193,193,http://localhost:8079/?token=518504778&user=-1355064518&config=3,11051,0,0
1777970192921,11047,HTTP Request,200,OK,Config 3: Exp15 1-8,text,true,,231,158,193,193,http://localhost:8079/?token=518504778&user=-1355064518&config=3,11047,0,0
1777970192921,11047,HTTP Request,200,OK,Config 3: Exp15 1-61,text,true,,231,158,193,193,http://localhost:8079/?token=518504778&user=-1355064518&config=3,11047,0,0
1777970192975,10993,HTTP Request,200,OK,Config 3: Exp15 1-126,text,true,,231,158,193,193,http://localhost:8079/?token=518504778&user=-1355064518&config=3,10993,0,0
1777970192922,11047,HTTP Request,200,OK,Config 3: Exp15 1-91,text,true,,231,158,193,193,http://localhost:8079/?token=518504778&user=-1355064518&config=3,11047,0,0
1777970192921,11048,HTTP Request,200,OK,Config 3: Exp15 1-88,text,true,,231,158,193,193,http://localhost:8079/?token=518504778&user=-1355064518&config=3,11048,0,0
1777970192975,10995,HTTP Request,200,OK,Config 3: Exp15 1-127,text,true,,231,158,193,193,http://localhost:8079/?token=518504778&user=-1355064518&config=3,10995,0,0
1777970192975,10995,HTTP Request,200,OK,Config 3: Exp15 1-59,text,true,,231,158,193,193,http://localhost:8079/?token=518504778&user=-1355064518&config=3,10995,0,0
1777970192920,11050,HTTP Request,200,OK,Config 3: Exp15 1-25,text,true,,231,158,193,193,http://localhost:8079/?token=518504778&user=-1355064518&config=3,11050,0,0
1777970192975,10996,HTTP Request,200,OK,Config 3: Exp15 1-110,text,true,,231,158,193,193,http://localhost:8079/?token=518504778&user=-1355064518&config=3,10996,0,0
1777970192920,11051,HTTP Request,200,OK,Config 3: Exp15 1-148,text,true,,231,158,193,193,http://localhost:8079/?token=518504778&user=-1355064518&config=3,11051,0,0
1777970192922,11049,HTTP Request,200,OK,Config 3: Exp15 1-19,text,true,,231,158,193,193,http://localhost:8079/?token=518504778&user=-1355064518&config=3,11049,0,0
1777970192921,11050,HTTP Request,200,OK,Config 3: Exp15 1-26,text,true,,231,158,193,193,http://localhost:8079/?token=518504778&user=-1355064518&config=3,11050,0,0
1777970192975,10998,HTTP Request,200,OK,Config 3: Exp15 1-149,text,true,,231,158,193,193,http://localhost:8079/?token=518504778&user=-1355064518&config=3,10998,0,0
1777970192975,10998,HTTP Request,200,OK,Config 3: Exp15 1-111,text,true,,231,158,193,193,http://localhost:8079/?token=518504778&user=-1355064518&config=3,10998,0,0
1777970192922,11052,HTTP Request,200,OK,Config 3: Exp15 1-39,text,true,,231,158,193,193,http://localhost:8079/?token=518504778&user=-1355064518&config=3,11052,0,0
1777970192975,10999,HTTP Request,200,OK,Config 3: Exp15 1-72,text,true,,231,158,193,193,http://localhost:8079/?token=518504778&user=-1355064518&config=3,10999,0,0
1777970192975,10999,HTTP Request,200,OK,Config 3: Exp15 1-60,text,true,,231,158,193,193,http://localhost:8079/?token=518504778&user=-1355064518&config=3,10999,0,0
1777970192921,11053,HTTP Request,200,OK,Config 3: Exp15 1-9,text,true,,231,158,193,193,http://localhost:8079/?token=518504778&user=-1355064518&config=3,11053,0,0
1777970192921,11053,HTTP Request,200,OK,Config 3: Exp15 1-11,text,true,,231,158,193,193,http://localhost:8079/?token=518504778&user=-1355064518&config=3,11053,0,0
1777970192920,11054,HTTP Request,200,OK,Config 3: Exp15 1-67,text,true,,231,158,193,193,http://localhost:8079/?token=518504778&user=-1355064518&config=3,11054,0,0
1777970192975,10999,HTTP Request,200,OK,Config 3: Exp15 1-150,text,true,,231,158,193,193,http://localhost:8079/?token=518504778&user=-1355064518&config=3,10999,0,0
1777970192975,11000,HTTP Request,200,OK,Config 3: Exp15 1-128,text,true,,231,158,193,193,http://localhost:8079/?token=518504778&user=-1355064518&config=3,11000,0,0
1777970192921,11054,HTTP Request,200,OK,Config 3: Exp15 1-24,text,true,,231,158,193,193,http://localhost:8079/?token=518504778&user=-1355064518&config=3,11054,0,0
1777970192921,11055,HTTP Request,200,OK,Config 3: Exp15 1-12,text,true,,231,158,193,193,http://localhost:8079/?token=518504778&user=-1355064518&config=3,11055,0,0
1777970192917,11059,HTTP Request,200,OK,Config 3: Exp15 1-49,text,true,,231,158,193,193,http://localhost:8079/?token=518504778&user=-1355064518&config=3,11059,0,0
1777970192917,11059,HTTP Request,200,OK,Config 3: Exp15 1-45,text,true,,231,158,193,193,http://localhost:8079/?token=518504778&user=-1355064518&config=3,11059,0,0
1777970192917,11059,HTTP Request,200,OK,Config 3: Exp15 1-43,text,true,,231,158,193,193,http://localhost:8079/?token=518504778&user=-1355064518&config=3,11059,0,0
1777970192975,11003,HTTP Request,200,OK,Config 3: Exp15 1-2,text,true,,231,158,193,193,http://localhost:8079/?token=518504778&user=-1355064518&config=3,11003,0,0
1777970192917,11061,HTTP Request,200,OK,Config 3: Exp15 1-27,text,true,,231,158,193,193,http://localhost:8079/?token=518504778&user=-1355064518&config=3,11061,0,0
1777970192917,11061,HTTP Request,200,OK,Config 3: Exp15 1-46,text,true,,231,158,193,193,http://localhost:8079/?token=518504778&user=-1355064518&config=3,11061,0,0
1777970192975,11003,HTTP Request,200,OK,Config 3: Exp15 1-33,text,true,,231,158,193,193,http://localhost:8079/?token=518504778&user=-1355064518&config=3,11003,0,0
1777970192986,10992,HTTP Request,200,OK,Config 3: Exp15 1-171,text,true,,231,158,193,193,http://localhost:8079/?token=518504778&user=-1355064518&config=3,10992,0,0
1777970192917,11068,HTTP Request,200,OK,Config 3: Exp15 1-29,text,true,,231,158,193,193,http://localhost:8079/?token=518504778&user=-1355064518&config=3,11068,0,0
1777970192917,11068,HTTP Request,200,OK,Config 3: Exp15 1-48,text,true,,231,158,193,193,http://localhost:8079/?token=518504778&user=-1355064518&config=3,11068,0,0
1777970192917,11068,HTTP Request,200,OK,Config 3: Exp15 1-28,text,true,,231,158,193,193,http://localhost:8079/?token=518504778&user=-1355064518&config=3,11068,0,0
1777970192975,11010,HTTP Request,200,OK,Config 3: Exp15 1-34,text,true,,231,158,193,193,http://localhost:8079/?token=518504778&user=-1355064518&config=3,11010,0,0
1777970192975,11010,HTTP Request,200,OK,Config 3: Exp15 1-32,text,true,,231,158,193,193,http://localhost:8079/?token=518504778&user=-1355064518&config=3,11010,0,0
1777970192917,11068,HTTP Request,200,OK,Config 3: Exp15 1-47,text,true,,231,158,193,193,http://localhost:8079/?token=518504778&user=-1355064518&config=3,11068,0,0
1777970192975,11010,HTTP Request,200,OK,Config 3: Exp15 1-3,text,true,,231,158,193,193,http://localhost:8079/?token=518504778&user=-1355064518&config=3,11010,0,0
1777970193480,10506,HTTP Request,200,OK,Config 3: Exp15 1-172,text,true,,231,158,193,193,http://localhost:8079/?token=518504778&user=-1355064518&config=3,10506,0,1
1777970192975,11011,HTTP Request,200,OK,Config 3: Exp15 1-31,text,true,,231,158,193,193,http://localhost:8079/?token=518504778&user=-1355064518&config=3,11011,0,0
1777970192975,11011,HTTP Request,200,OK,Config 3: Exp15 1-22,text,true,,231,158,193,193,http://localhost:8079/?token=518504778&user=-1355064518&config=3,11011,0,0
1777970192975,11011,HTTP Request,200,OK,Config 3: Exp15 1-36,text,true,,231,158,193,193,http://localhost:8079/?token=518504778&user=-1355064518&config=3,11011,0,0
1777970195078,9265,HTTP Request,500,Internal Server Error,Config 3: Exp15 1-134,text,false,,233,158,193,193,http://localhost:8079/?token=518504778&user=-1355064518&config=3,9265,0,0
1777970195078,9266,HTTP Request,500,Internal Server Error,Config 3: Exp15 1-162,text,false,,233,158,193,193,http://localhost:8079/?token=518504778&user=-1355064518&config=3,9266,0,0
1777970195454,8890,HTTP Request,500,Internal Server Error,Config 3: Exp15 1-176,text,false,,233,158,193,193,http://localhost:8079/?token=518504778&user=-1355064518&config=3,8890,0,0
1777970195948,8409,HTTP Request,500,Internal Server Error,Config 3: Exp15 1-177,text,false,,233,158,194,194,http://localhost:8079/?token=518504778&user=-1355064518&config=3,8409,0,0
1777970194018,13099,HTTP Request,200,OK,Config 3: Exp15 1-153,text,true,,231,158,199,199,http://localhost:8079/?token=518504778&user=-1355064518&config=3,13099,0,0
1777970194018,13099,HTTP Request,200,OK,Config 3: Exp15 1-154,text,true,,231,158,199,199,http://localhost:8079/?token=518504778&user=-1355064518&config=3,13099,0,0
1777970194026,13091,HTTP Request,200,OK,Config 3: Exp15 1-78,text,true,,231,158,199,199,http://localhost:8079/?token=518504778&user=-1355064518&config=3,13091,0,0
1777970194026,13093,HTTP Request,200,OK,Config 3: Exp15 1-64,text,true,,231,158,199,199,http://localhost:8079/?token=518504778&user=-1355064518&config=3,13093,0,0
1777970194026,13093,HTTP Request,200,OK,Config 3: Exp15 1-76,text,true,,231,158,199,199,http://localhost:8079/?token=518504778&user=-1355064518&config=3,13093,0,0
1777970194027,13092,HTTP Request,200,OK,Config 3: Exp15 1-135,text,true,,231,158,199,199,http://localhost:8079/?token=518504778&user=-1355064518&config=3,13092,0,0
1777970194024,13100,HTTP Request,200,OK,Config 3: Exp15 1-62,text,true,,231,158,199,199,http://localhost:8079/?token=518504778&user=-1355064518&config=3,13100,0,0
1777970194021,13103,HTTP Request,200,OK,Config 3: Exp15 1-80,text,true,,231,158,199,199,http://localhost:8079/?token=518504778&user=-1355064518&config=3,13103,0,0
1777970193973,13151,HTTP Request,200,OK,Config 3: Exp15 1-173,text,true,,231,158,199,199,http://localhost:8079/?token=518504778&user=-1355064518&config=3,13151,0,0
1777970194026,13098,HTTP Request,200,OK,Config 3: Exp15 1-97,text,true,,231,158,199,199,http://localhost:8079/?token=518504778&user=-1355064518&config=3,13098,0,0
1777970194025,13100,HTTP Request,200,OK,Config 3: Exp15 1-99,text,true,,231,158,199,199,http://localhost:8079/?token=518504778&user=-1355064518&config=3,13100,0,0
1777970194025,13100,HTTP Request,200,OK,Config 3: Exp15 1-77,text,true,,231,158,199,199,http://localhost:8079/?token=518504778&user=-1355064518&config=3,13100,0,0
1777970194025,13100,HTTP Request,200,OK,Config 3: Exp15 1-136,text,true,,231,158,199,199,http://localhost:8079/?token=518504778&user=-1355064518&config=3,13100,0,0
1777970194021,13104,HTTP Request,200,OK,Config 3: Exp15 1-93,text,true,,231,158,199,199,http://localhost:8079/?token=518504778&user=-1355064518&config=3,13104,0,0
1777970194027,13098,HTTP Request,200,OK,Config 3: Exp15 1-44,text,true,,231,158,199,199,http://localhost:8079/?token=518504778&user=-1355064518&config=3,13098,0,0
1777970194024,13101,HTTP Request,200,OK,Config 3: Exp15 1-94,text,true,,231,158,199,199,http://localhost:8079/?token=518504778&user=-1355064518&config=3,13101,0,0
1777970194025,13101,HTTP Request,200,OK,Config 3: Exp15 1-137,text,true,,231,158,199,199,http://localhost:8079/?token=518504778&user=-1355064518&config=3,13101,0,0
1777970194025,13101,HTTP Request,200,OK,Config 3: Exp15 1-138,text,true,,231,158,199,199,http://localhost:8079/?token=518504778&user=-1355064518&config=3,13101,0,0
1777970194466,12661,HTTP Request,200,OK,Config 3: Exp15 1-174,text,true,,231,158,199,199,http://localhost:8079/?token=518504778&user=-1355064518&config=3,12661,0,0
1777970194026,13101,HTTP Request,200,OK,Config 3: Exp15 1-41,text,true,,231,158,199,199,http://localhost:8079/?token=518504778&user=-1355064518&config=3,13101,0,0
1777970194018,13114,HTTP Request,200,OK,Config 3: Exp15 1-155,text,true,,231,158,199,199,http://localhost:8079/?token=518504778&user=-1355064518&config=3,13114,0,0
1777970194027,13105,HTTP Request,200,OK,Config 3: Exp15 1-74,text,true,,231,158,199,199,http://localhost:8079/?token=518504778&user=-1355064518&config=3,13105,0,0
1777970194959,12983,HTTP Request,200,OK,Config 3: Exp15 1-175,text,true,,231,158,201,201,http://localhost:8079/?token=518504778&user=-1355064518&config=3,12983,0,1
1777970195073,12869,HTTP Request,200,OK,Config 3: Exp15 1-98,text,true,,231,158,201,201,http://localhost:8079/?token=518504778&user=-1355064518&config=3,12869,0,0
1777970195073,12869,HTTP Request,200,OK,Config 3: Exp15 1-63,text,true,,231,158,201,201,http://localhost:8079/?token=518504778&user=-1355064518&config=3,12869,0,0
1777970195073,12871,HTTP Request,200,OK,Config 3: Exp15 1-92,text,true,,231,158,201,201,http://localhost:8079/?token=518504778&user=-1355064518&config=3,12871,0,0
1777970195073,12871,HTTP Request,200,OK,Config 3: Exp15 1-81,text,true,,231,158,201,201,http://localhost:8079/?token=518504778&user=-1355064518&config=3,12871,0,0
1777970195074,12870,HTTP Request,200,OK,Config 3: Exp15 1-139,text,true,,231,158,201,201,http://localhost:8079/?token=518504778&user=-1355064518&config=3,12870,0,0
1777970195078,12911,HTTP Request,200,OK,Config 3: Exp15 1-156,text,true,,231,158,201,201,http://localhost:8079/?token=518504778&user=-1355064518&config=3,12911,0,0
1777970195078,12911,HTTP Request,200,OK,Config 3: Exp15 1-96,text,true,,231,158,201,201,http://localhost:8079/?token=518504778&user=-1355064518&config=3,12911,0,0
1777970195078,12911,HTTP Request,200,OK,Config 3: Exp15 1-133,text,true,,231,158,201,201,http://localhost:8079/?token=518504778&user=-1355064518&config=3,12911,0,0
1777970195078,12911,HTTP Request,200,OK,Config 3: Exp15 1-130,text,true,,231,158,201,201,http://localhost:8079/?token=518504778&user=-1355064518&config=3,12911,0,0
1777970198070,9919,HTTP Request,200,OK,Config 3: Exp15 1-84,text,true,,231,158,201,201,http://localhost:8079/?token=518504778&user=-1355064518&config=3,9919,0,0
1777970195078,12911,HTTP Request,200,OK,Config 3: Exp15 1-131,text,true,,231,158,201,201,http://localhost:8079/?token=518504778&user=-1355064518&config=3,12911,0,0
1777970195078,12911,HTTP Request,200,OK,Config 3: Exp15 1-132,text,true,,231,158,201,201,http://localhost:8079/?token=518504778&user=-1355064518&config=3,12911,0,0
1777970198070,9919,HTTP Request,200,OK,Config 3: Exp15 1-75,text,true,,231,158,201,201,http://localhost:8079/?token=518504778&user=-1355064518&config=3,9919,0,0
1777970198070,9919,HTTP Request,200,OK,Config 3: Exp15 1-85,text,true,,231,158,201,201,http://localhost:8079/?token=518504778&user=-1355064518&config=3,9919,0,0
1777970198070,9919,HTTP Request,200,OK,Config 3: Exp15 1-82,text,true,,231,158,201,201,http://localhost:8079/?token=518504778&user=-1355064518&config=3,9919,0,0
1777970198070,9919,HTTP Request,200,OK,Config 3: Exp15 1-71,text,true,,231,158,201,201,http://localhost:8079/?token=518504778&user=-1355064518&config=3,9919,0,0
1777970198070,9919,HTTP Request,200,OK,Config 3: Exp15 1-140,text,true,,231,158,201,201,http://localhost:8079/?token=518504778&user=-1355064518&config=3,9919,0,0
1777970200586,7491,HTTP Request,200,OK,Config 3: Exp15 1-166,text,true,,231,158,201,201,http://localhost:8079/?token=518504778&user=-1355064518&config=3,7491,0,0
1777970200580,7497,HTTP Request,200,OK,Config 3: Exp15 1-146,text,true,,231,158,201,201,http://localhost:8079/?token=518504778&user=-1355064518&config=3,7497,0,0
1777970200580,7497,HTTP Request,200,OK,Config 3: Exp15 1-95,text,true,,231,158,201,201,http://localhost:8079/?token=518504778&user=-1355064518&config=3,7497,0,0
1777970201162,6915,HTTP Request,500,Internal Server Error,Config 3: Exp15 1-168,text,false,,233,158,201,201,http://localhost:8079/?token=518504778&user=-1355064518&config=3,6915,0,0
1777970200556,7521,HTTP Request,200,OK,Config 3: Exp15 1-158,text,true,,231,158,201,201,http://localhost:8079/?token=518504778&user=-1355064518&config=3,7521,0,0
1777970201161,6916,HTTP Request,500,Internal Server Error,Config 3: Exp15 1-18,text,false,,233,158,201,201,http://localhost:8079/?token=518504778&user=-1355064518&config=3,6916,0,0
1777970201162,6915,HTTP Request,500,Internal Server Error,Config 3: Exp15 1-167,text,false,,233,158,201,201,http://localhost:8079/?token=518504778&user=-1355064518&config=3,6915,0,0
1777970200556,7521,HTTP Request,200,OK,Config 3: Exp15 1-157,text,true,,231,158,201,201,http://localhost:8079/?token=518504778&user=-1355064518&config=3,7521,0,0
1777970197925,10152,HTTP Request,200,OK,Config 3: Exp15 1-181,text,true,,231,158,201,201,http://localhost:8079/?token=518504778&user=-1355064518&config=3,10152,0,1
1777970201162,6915,HTTP Request,500,Internal Server Error,Config 3: Exp15 1-21,text,false,,233,158,201,201,http://localhost:8079/?token=518504778&user=-1355064518&config=3,6915,0,0
1777970201162,6915,HTTP Request,500,Internal Server Error,Config 3: Exp15 1-35,text,false,,233,158,201,201,http://localhost:8079/?token=518504778&user=-1355064518&config=3,6915,0,0
1777970201162,6915,HTTP Request,500,Internal Server Error,Config 3: Exp15 1-17,text,false,,233,158,201,201,http://localhost:8079/?token=518504778&user=-1355064518&config=3,6915,0,0
1777970198069,10008,HTTP Request,200,OK,Config 3: Exp15 1-58,text,true,,231,158,201,201,http://localhost:8079/?token=518504778&user=-1355064518&config=3,10008,0,1
1777970199407,8670,HTTP Request,200,OK,Config 3: Exp15 1-184,text,true,,231,158,201,201,http://localhost:8079/?token=518504778&user=-1355064518&config=3,8670,0,1
1777970198912,9165,HTTP Request,200,OK,Config 3: Exp15 1-183,text,true,,231,158,201,201,http://localhost:8079/?token=518504778&user=-1355064518&config=3,9165,0,0
1777970198418,9659,HTTP Request,200,OK,Config 3: Exp15 1-182,text,true,,231,158,201,201,http://localhost:8079/?token=518504778&user=-1355064518&config=3,9659,0,0
1777970199900,8177,HTTP Request,200,OK,Config 3: Exp15 1-185,text,true,,231,158,201,201,http://localhost:8079/?token=518504778&user=-1355064518&config=3,8177,0,1
1777970201162,6915,HTTP Request,500,Internal Server Error,Config 3: Exp15 1-152,text,false,,233,158,201,201,http://localhost:8079/?token=518504778&user=-1355064518&config=3,6915,0,0
1777970201383,6695,HTTP Request,500,Internal Server Error,Config 3: Exp15 1-188,text,false,,233,158,201,201,http://localhost:8079/?token=518504778&user=-1355064518&config=3,6694,0,0
1777970200580,7498,HTTP Request,200,OK,Config 3: Exp15 1-69,text,true,,231,158,201,201,http://localhost:8079/?token=518504778&user=-1355064518&config=3,7498,0,0
1777970200580,7498,HTTP Request,200,OK,Config 3: Exp15 1-66,text,true,,231,158,201,201,http://localhost:8079/?token=518504778&user=-1355064518&config=3,7498,0,0
1777970200580,7498,HTTP Request,200,OK,Config 3: Exp15 1-113,text,true,,231,158,201,201,http://localhost:8079/?token=518504778&user=-1355064518&config=3,7498,0,0
1777970200580,7498,HTTP Request,200,OK,Config 3: Exp15 1-79,text,true,,231,158,201,201,http://localhost:8079/?token=518504778&user=-1355064518&config=3,7498,0,0
1777970198070,10008,HTTP Request,200,OK,Config 3: Exp15 1-125,text,true,,231,158,201,201,http://localhost:8079/?token=518504778&user=-1355064518&config=3,10008,0,0
1777970200580,7498,HTTP Request,200,OK,Config 3: Exp15 1-116,text,true,,231,158,201,201,http://localhost:8079/?token=518504778&user=-1355064518&config=3,7498,0,0
1777970200580,7498,HTTP Request,200,OK,Config 3: Exp15 1-70,text,true,,231,158,201,201,http://localhost:8079/?token=518504778&user=-1355064518&config=3,7498,0,0
1777970200580,7498,HTTP Request,200,OK,Config 3: Exp15 1-115,text,true,,231,158,201,201,http://localhost:8079/?token=518504778&user=-1355064518&config=3,7498,0,0
1777970200580,7498,HTTP Request,200,OK,Config 3: Exp15 1-119,text,true,,231,158,201,201,http://localhost:8079/?token=518504778&user=-1355064518&config=3,7498,0,0
1777970200580,7498,HTTP Request,200,OK,Config 3: Exp15 1-83,text,true,,231,158,201,201,http://localhost:8079/?token=518504778&user=-1355064518&config=3,7498,0,0
1777970200580,7498,HTTP Request,200,OK,Config 3: Exp15 1-141,text,true,,231,158,201,201,http://localhost:8079/?token=518504778&user=-1355064518&config=3,7498,0,0
1777970200586,7492,HTTP Request,200,OK,Config 3: Exp15 1-108,text,true,,231,158,201,201,http://localhost:8079/?token=518504778&user=-1355064518&config=3,7492,0,0
1777970200580,7498,HTTP Request,200,OK,Config 3: Exp15 1-114,text,true,,231,158,201,201,http://localhost:8079/?token=518504778&user=-1355064518&config=3,7498,0,0
1777970201161,6917,HTTP Request,500,Internal Server Error,Config 3: Exp15 1-106,text,false,,233,158,201,201,http://localhost:8079/?token=518504778&user=-1355064518&config=3,6917,0,0
1777970200580,7498,HTTP Request,200,OK,Config 3: Exp15 1-142,text,true,,231,158,201,201,http://localhost:8079/?token=518504778&user=-1355064518&config=3,7498,0,0
1777970200580,7498,HTTP Request,200,OK,Config 3: Exp15 1-104,text,true,,231,158,201,201,http://localhost:8079/?token=518504778&user=-1355064518&config=3,7498,0,0
1777970200580,7498,HTTP Request,200,OK,Config 3: Exp15 1-143,text,true,,231,158,201,201,http://localhost:8079/?token=518504778&user=-1355064518&config=3,7498,0,0
1777970200580,7498,HTTP Request,200,OK,Config 3: Exp15 1-14,text,true,,231,158,201,201,http://localhost:8079/?token=518504778&user=-1355064518&config=3,7498,0,0
1777970200580,7498,HTTP Request,200,OK,Config 3: Exp15 1-20,text,true,,231,158,201,201,http://localhost:8079/?token=518504778&user=-1355064518&config=3,7498,0,0
1777970200580,7498,HTTP Request,200,OK,Config 3: Exp15 1-144,text,true,,231,158,201,201,http://localhost:8079/?token=518504778&user=-1355064518&config=3,7498,0,0
1777970200580,7498,HTTP Request,200,OK,Config 3: Exp15 1-5,text,true,,231,158,201,201,http://localhost:8079/?token=518504778&user=-1355064518&config=3,7498,0,0
1777970200580,7498,HTTP Request,200,OK,Config 3: Exp15 1-117,text,true,,231,158,201,201,http://localhost:8079/?token=518504778&user=-1355064518&config=3,7498,0,0
1777970200586,7492,HTTP Request,200,OK,Config 3: Exp15 1-124,text,true,,231,158,201,201,http://localhost:8079/?token=518504778&user=-1355064518&config=3,7492,0,0
1777970200580,7498,HTTP Request,200,OK,Config 3: Exp15 1-118,text,true,,231,158,201,201,http://localhost:8079/?token=518504778&user=-1355064518&config=3,7498,0,0
1777970200580,7498,HTTP Request,200,OK,Config 3: Exp15 1-13,text,true,,231,158,201,201,http://localhost:8079/?token=518504778&user=-1355064518&config=3,7498,0,0
1777970200580,7498,HTTP Request,200,OK,Config 3: Exp15 1-6,text,true,,231,158,201,201,http://localhost:8079/?token=518504778&user=-1355064518&config=3,7498,0,0
1777970200579,7499,HTTP Request,200,OK,Config 3: Exp15 1-164,text,true,,231,158,201,201,http://localhost:8079/?token=518504778&user=-1355064518&config=3,7499,0,0
1777970200581,7497,HTTP Request,200,OK,Config 3: Exp15 1-1,text,true,,231,158,201,201,http://localhost:8079/?token=518504778&user=-1355064518&config=3,7497,0,0
1777970200579,7499,HTTP Request,200,OK,Config 3: Exp15 1-163,text,true,,231,158,201,201,http://localhost:8079/?token=518504778&user=-1355064518&config=3,7499,0,0
1777970200580,7498,HTTP Request,200,OK,Config 3: Exp15 1-165,text,true,,231,158,201,201,http://localhost:8079/?token=518504778&user=-1355064518&config=3,7498,0,0
1777970200579,7499,HTTP Request,200,OK,Config 3: Exp15 1-160,text,true,,231,158,201,201,http://localhost:8079/?token=518504778&user=-1355064518&config=3,7499,0,0
1777970200579,7500,HTTP Request,200,OK,Config 3: Exp15 1-161,text,true,,231,158,201,201,http://localhost:8079/?token=518504778&user=-1355064518&config=3,7500,0,0
1777970200580,7499,HTTP Request,200,OK,Config 3: Exp15 1-37,text,true,,231,158,201,201,http://localhost:8079/?token=518504778&user=-1355064518&config=3,7499,0,0
1777970200580,7499,HTTP Request,200,OK,Config 3: Exp15 1-4,text,true,,231,158,201,201,http://localhost:8079/?token=518504778&user=-1355064518&config=3,7499,0,0
1777970200581,7498,HTTP Request,200,OK,Config 3: Exp15 1-30,text,true,,231,158,201,201,http://localhost:8079/?token=518504778&user=-1355064518&config=3,7498,0,0
1777970200580,7498,HTTP Request,200,OK,Config 3: Exp15 1-42,text,true,,231,158,201,201,http://localhost:8079/?token=518504778&user=-1355064518&config=3,7498,0,0
1777970200579,7499,HTTP Request,200,OK,Config 3: Exp15 1-159,text,true,,231,158,201,201,http://localhost:8079/?token=518504778&user=-1355064518&config=3,7499,0,0
1777970200581,7497,HTTP Request,200,OK,Config 3: Exp15 1-38,text,true,,231,158,201,201,http://localhost:8079/?token=518504778&user=-1355064518&config=3,7497,0,0
1777970202370,5709,HTTP Request,500,Internal Server Error,Config 3: Exp15 1-190,text,false,,233,158,201,201,http://localhost:8079/?token=518504778&user=-1355064518&config=3,5709,0,1
1777970203358,4721,HTTP Request,500,Internal Server Error,Config 3: Exp15 1-192,text,false,,233,158,201,201,http://localhost:8079/?token=518504778&user=-1355064518&config=3,4721,0,1
1777970200580,7498,HTTP Request,200,OK,Config 3: Exp15 1-112,text,true,,231,158,201,201,http://localhost:8079/?token=518504778&user=-1355064518&config=3,7498,0,0
1777970201877,6202,HTTP Request,500,Internal Server Error,Config 3: Exp15 1-189,text,false,,233,158,201,201,http://localhost:8079/?token=518504778&user=-1355064518&config=3,6202,0,1
1777970200580,7498,HTTP Request,200,OK,Config 3: Exp15 1-129,text,true,,231,158,201,201,http://localhost:8079/?token=518504778&user=-1355064518&config=3,7498,0,0
1777970202865,5214,HTTP Request,500,Internal Server Error,Config 3: Exp15 1-191,text,false,,233,158,201,201,http://localhost:8079/?token=518504778&user=-1355064518&config=3,5214,0,1
1777970196443,13124,HTTP Request,200,OK,Config 3: Exp15 1-178,text,true,,231,158,204,204,http://localhost:8079/?token=518504778&user=-1355064518&config=3,13124,0,0
1777970196936,12631,HTTP Request,200,OK,Config 3: Exp15 1-179,text,true,,231,158,204,204,http://localhost:8079/?token=518504778&user=-1355064518&config=3,12631,0,1
1777970197440,12127,HTTP Request,200,OK,Config 3: Exp15 1-180,text,true,,231,158,204,204,http://localhost:8079/?token=518504778&user=-1355064518&config=3,12127,0,0
1777970200394,12283,HTTP Request,200,OK,Config 3: Exp15 1-186,text,true,,231,158,210,210,http://localhost:8079/?token=518504778&user=-1355064518&config=3,12283,0,1
1777970200588,12089,HTTP Request,200,OK,Config 3: Exp15 1-121,text,true,,231,158,210,210,http://localhost:8079/?token=518504778&user=-1355064518&config=3,12089,0,0
1777970200888,11789,HTTP Request,200,OK,Config 3: Exp15 1-187,text,true,,231,158,210,210,http://localhost:8079/?token=518504778&user=-1355064518&config=3,11789,0,0
1777970200586,12091,HTTP Request,200,OK,Config 3: Exp15 1-103,text,true,,231,158,210,210,http://localhost:8079/?token=518504778&user=-1355064518&config=3,12091,0,0
1777970200586,12091,HTTP Request,200,OK,Config 3: Exp15 1-122,text,true,,231,158,210,210,http://localhost:8079/?token=518504778&user=-1355064518&config=3,12091,0,0
1777970200588,12089,HTTP Request,200,OK,Config 3: Exp15 1-105,text,true,,231,158,210,210,http://localhost:8079/?token=518504778&user=-1355064518&config=3,12089,0,0
1777970200586,12091,HTTP Request,200,OK,Config 3: Exp15 1-120,text,true,,231,158,210,210,http://localhost:8079/?token=518504778&user=-1355064518&config=3,12091,0,0
1777970200588,12089,HTTP Request,200,OK,Config 3: Exp15 1-107,text,true,,231,158,210,210,http://localhost:8079/?token=518504778&user=-1355064518&config=3,12089,0,0
1777970200586,12091,HTTP Request,200,OK,Config 3: Exp15 1-145,text,true,,231,158,210,210,http://localhost:8079/?token=518504778&user=-1355064518&config=3,12091,0,0
1777970201158,11519,HTTP Request,200,OK,Config 3: Exp15 1-109,text,true,,231,158,210,210,http://localhost:8079/?token=518504778&user=-1355064518&config=3,11519,0,0
1777970201158,11520,HTTP Request,200,OK,Config 3: Exp15 1-123,text,true,,231,158,210,210,http://localhost:8079/?token=518504778&user=-1355064518&config=3,11520,0,0
1777970203965,10057,HTTP Request,200,OK,Config 3: Exp15 1-151,text,true,,231,158,213,213,http://localhost:8079/?token=518504778&user=-1355064518&config=3,10057,0,0
1777970203960,10062,HTTP Request,200,OK,Config 3: Exp15 1-100,text,true,,231,158,213,213,http://localhost:8079/?token=518504778&user=-1355064518&config=3,10062,0,0
1777970203960,10062,HTTP Request,200,OK,Config 3: Exp15 1-10,text,true,,231,158,213,213,http://localhost:8079/?token=518504778&user=-1355064518&config=3,10062,0,0
1777970203943,10079,HTTP Request,200,OK,Config 3: Exp15 1-170,text,true,,231,158,213,213,http://localhost:8079/?token=518504778&user=-1355064518&config=3,10079,0,0
1777970203942,10080,HTTP Request,200,OK,Config 3: Exp15 1-169,text,true,,231,158,213,213,http://localhost:8079/?token=518504778&user=-1355064518&config=3,10080,0,0
1777970203967,10055,HTTP Request,200,OK,Config 3: Exp15 1-101,text,true,,231,158,213,213,http://localhost:8079/?token=518504778&user=-1355064518&config=3,10055,0,0
1777970203960,10062,HTTP Request,200,OK,Config 3: Exp15 1-147,text,true,,231,158,213,213,http://localhost:8079/?token=518504778&user=-1355064518&config=3,10062,0,0
1777970203960,10062,HTTP Request,200,OK,Config 3: Exp15 1-23,text,true,,231,158,213,213,http://localhost:8079/?token=518504778&user=-1355064518&config=3,10062,0,0
1777970203967,10055,HTTP Request,200,OK,Config 3: Exp15 1-87,text,true,,231,158,213,213,http://localhost:8079/?token=518504778&user=-1355064518&config=3,10055,0,0
1777970203961,10061,HTTP Request,200,OK,Config 3: Exp15 1-7,text,true,,231,158,213,213,http://localhost:8079/?token=518504778&user=-1355064518&config=3,10061,0,0
1777970203964,10058,HTTP Request,200,OK,Config 3: Exp15 1-89,text,true,,231,158,213,213,http://localhost:8079/?token=518504778&user=-1355064518&config=3,10058,0,0
1777970203968,10054,HTTP Request,200,OK,Config 3: Exp15 1-102,text,true,,231,158,213,213,http://localhost:8079/?token=518504778&user=-1355064518&config=3,10054,0,0
1777970203967,10055,HTTP Request,200,OK,Config 3: Exp15 1-73,text,true,,231,158,213,213,http://localhost:8079/?token=518504778&user=-1355064518&config=3,10055,0,0
1777970203968,10054,HTTP Request,200,OK,Config 3: Exp15 1-61,text,true,,231,158,213,213,http://localhost:8079/?token=518504778&user=-1355064518&config=3,10054,0,0
1777970203969,10053,HTTP Request,200,OK,Config 3: Exp15 1-88,text,true,,231,158,213,213,http://localhost:8079/?token=518504778&user=-1355064518&config=3,10053,0,0
1777970203967,10055,HTTP Request,200,OK,Config 3: Exp15 1-16,text,true,,231,158,213,213,http://localhost:8079/?token=518504778&user=-1355064518&config=3,10055,0,0
1777970203971,10051,HTTP Request,200,OK,Config 3: Exp15 1-19,text,true,,231,158,213,213,http://localhost:8079/?token=518504778&user=-1355064518&config=3,10051,0,0
1777970203965,10057,HTTP Request,200,OK,Config 3: Exp15 1-40,text,true,,231,158,213,213,http://localhost:8079/?token=518504778&user=-1355064518&config=3,10057,0,0
1777970203964,10058,HTTP Request,200,OK,Config 3: Exp15 1-86,text,true,,231,158,213,213,http://localhost:8079/?token=518504778&user=-1355064518&config=3,10058,0,0
1777970203971,10051,HTTP Request,200,OK,Config 3: Exp15 1-110,text,true,,231,158,213,213,http://localhost:8079/?token=518504778&user=-1355064518&config=3,10051,0,0
1777970203975,10047,HTTP Request,200,OK,Config 3: Exp15 1-128,text,true,,231,158,213,213,http://localhost:8079/?token=518504778&user=-1355064518&config=3,10047,0,0
1777970203967,10055,HTTP Request,200,OK,Config 3: Exp15 1-90,text,true,,231,158,213,213,http://localhost:8079/?token=518504778&user=-1355064518&config=3,10055,0,0
1777970203965,10057,HTTP Request,200,OK,Config 3: Exp15 1-15,text,true,,231,158,213,213,http://localhost:8079/?token=518504778&user=-1355064518&config=3,10057,0,0
1777970203968,10054,HTTP Request,200,OK,Config 3: Exp15 1-8,text,true,,231,158,213,213,http://localhost:8079/?token=518504778&user=-1355064518&config=3,10054,0,0
1777970203968,10054,HTTP Request,200,OK,Config 3: Exp15 1-126,text,true,,231,158,213,213,http://localhost:8079/?token=518504778&user=-1355064518&config=3,10054,0,0
1777970203969,10053,HTTP Request,200,OK,Config 3: Exp15 1-91,text,true,,231,158,213,213,http://localhost:8079/?token=518504778&user=-1355064518&config=3,10053,0,0
1777970203975,10047,HTTP Request,200,OK,Config 3: Exp15 1-24,text,true,,231,158,213,213,http://localhost:8079/?token=518504778&user=-1355064518&config=3,10047,0,0
1777970203971,10051,HTTP Request,200,OK,Config 3: Exp15 1-25,text,true,,231,158,213,213,http://localhost:8079/?token=518504778&user=-1355064518&config=3,10051,0,0
1777970203853,10169,HTTP Request,200,OK,Config 3: Exp15 1-193,text,true,,231,158,213,213,http://localhost:8079/?token=518504778&user=-1355064518&config=3,10169,0,0
1777970203971,10051,HTTP Request,200,OK,Config 3: Exp15 1-148,text,true,,231,158,213,213,http://localhost:8079/?token=518504778&user=-1355064518&config=3,10051,0,0
1777970203970,10053,HTTP Request,200,OK,Config 3: Exp15 1-127,text,true,,231,158,213,213,http://localhost:8079/?token=518504778&user=-1355064518&config=3,10053,0,0
1777970203974,10050,HTTP Request,200,OK,Config 3: Exp15 1-39,text,true,,231,158,213,213,http://localhost:8079/?token=518504778&user=-1355064518&config=3,10050,0,0
1777970203986,10038,HTTP Request,200,OK,Config 3: Exp15 1-172,text,true,,231,158,213,213,http://localhost:8079/?token=518504778&user=-1355064518&config=3,10038,0,0
1777970203974,10050,HTTP Request,200,OK,Config 3: Exp15 1-150,text,true,,231,158,213,213,http://localhost:8079/?token=518504778&user=-1355064518&config=3,10050,0,0
1777970203985,10039,HTTP Request,200,OK,Config 3: Exp15 1-47,text,true,,231,158,213,213,http://localhost:8079/?token=518504778&user=-1355064518&config=3,10039,0,0
1777970203974,10050,HTTP Request,200,OK,Config 3: Exp15 1-9,text,true,,231,158,213,213,http://localhost:8079/?token=518504778&user=-1355064518&config=3,10050,0,0
1777970203976,10048,HTTP Request,200,OK,Config 3: Exp15 1-49,text,true,,231,158,213,213,http://localhost:8079/?token=518504778&user=-1355064518&config=3,10048,0,0
1777970203974,10050,HTTP Request,200,OK,Config 3: Exp15 1-11,text,true,,231,158,213,213,http://localhost:8079/?token=518504778&user=-1355064518&config=3,10050,0,0
1777970203961,10063,HTTP Request,200,OK,Config 3: Exp15 1-57,text,true,,231,158,213,213,http://localhost:8079/?token=518504778&user=-1355064518&config=3,10063,0,0
1777970203978,10046,HTTP Request,200,OK,Config 3: Exp15 1-27,text,true,,231,158,213,213,http://localhost:8079/?token=518504778&user=-1355064518&config=3,10046,0,0
1777970203976,10048,HTTP Request,200,OK,Config 3: Exp15 1-43,text,true,,231,158,213,213,http://localhost:8079/?token=518504778&user=-1355064518&config=3,10048,0,0
1777970203976,10048,HTTP Request,200,OK,Config 3: Exp15 1-45,text,true,,231,158,213,213,http://localhost:8079/?token=518504778&user=-1355064518&config=3,10048,0,0
1777970203976,10048,HTTP Request,200,OK,Config 3: Exp15 1-12,text,true,,231,158,213,213,http://localhost:8079/?token=518504778&user=-1355064518&config=3,10048,0,0
1777970203986,10038,HTTP Request,200,OK,Config 3: Exp15 1-22,text,true,,231,158,213,213,http://localhost:8079/?token=518504778&user=-1355064518&config=3,10038,0,0
1777970203985,10039,HTTP Request,200,OK,Config 3: Exp15 1-48,text,true,,231,158,213,213,http://localhost:8079/?token=518504778&user=-1355064518&config=3,10039,0,0
1777970203986,10038,HTTP Request,200,OK,Config 3: Exp15 1-36,text,true,,231,158,213,213,http://localhost:8079/?token=518504778&user=-1355064518&config=3,10038,0,0
1777970203986,10038,HTTP Request,200,OK,Config 3: Exp15 1-31,text,true,,231,158,213,213,http://localhost:8079/?token=518504778&user=-1355064518&config=3,10038,0,0
1777970203973,10052,HTTP Request,200,OK,Config 3: Exp15 1-149,text,true,,231,158,213,213,http://localhost:8079/?token=518504778&user=-1355064518&config=3,10052,0,0
1777970203973,10052,HTTP Request,200,OK,Config 3: Exp15 1-111,text,true,,231,158,213,213,http://localhost:8079/?token=518504778&user=-1355064518&config=3,10052,0,0
1777970203974,10051,HTTP Request,200,OK,Config 3: Exp15 1-72,text,true,,231,158,213,213,http://localhost:8079/?token=518504778&user=-1355064518&config=3,10051,0,0
1777970203971,10054,HTTP Request,200,OK,Config 3: Exp15 1-26,text,true,,231,158,213,213,http://localhost:8079/?token=518504778&user=-1355064518&config=3,10054,0,0
1777970203978,10047,HTTP Request,200,OK,Config 3: Exp15 1-2,text,true,,231,158,213,213,http://localhost:8079/?token=518504778&user=-1355064518&config=3,10047,0,0
1777970203985,10040,HTTP Request,200,OK,Config 3: Exp15 1-28,text,true,,231,158,213,213,http://localhost:8079/?token=518504778&user=-1355064518&config=3,10040,0,0
1777970203985,10040,HTTP Request,200,OK,Config 3: Exp15 1-32,text,true,,231,158,213,213,http://localhost:8079/?token=518504778&user=-1355064518&config=3,10040,0,0
1777970203985,10040,HTTP Request,200,OK,Config 3: Exp15 1-29,text,true,,231,158,213,213,http://localhost:8079/?token=518504778&user=-1355064518&config=3,10040,0,0
1777970203978,10047,HTTP Request,200,OK,Config 3: Exp15 1-33,text,true,,231,158,213,213,http://localhost:8079/?token=518504778&user=-1355064518&config=3,10047,0,0
1777970203985,10040,HTTP Request,200,OK,Config 3: Exp15 1-3,text,true,,231,158,213,213,http://localhost:8079/?token=518504778&user=-1355064518&config=3,10040,0,0
1777970203978,10047,HTTP Request,200,OK,Config 3: Exp15 1-46,text,true,,231,158,213,213,http://localhost:8079/?token=518504778&user=-1355064518&config=3,10047,0,0
1777970203962,10063,HTTP Request,200,OK,Config 3: Exp15 1-51,text,true,,231,158,213,213,http://localhost:8079/?token=518504778&user=-1355064518&config=3,10063,0,1
1777970203985,10040,HTTP Request,200,OK,Config 3: Exp15 1-34,text,true,,231,158,213,213,http://localhost:8079/?token=518504778&user=-1355064518&config=3,10040,0,0
1777970203978,10047,HTTP Request,200,OK,Config 3: Exp15 1-171,text,true,,231,158,213,213,http://localhost:8079/?token=518504778&user=-1355064518&config=3,10047,0,0
1777970203963,10062,HTTP Request,200,OK,Config 3: Exp15 1-53,text,true,,231,158,213,213,http://localhost:8079/?token=518504778&user=-1355064518&config=3,10062,0,1
1777970203960,10066,HTTP Request,200,OK,Config 3: Exp15 1-52,text,true,,231,158,213,213,http://localhost:8079/?token=518504778&user=-1355064518&config=3,10066,0,1
1777970203965,10061,HTTP Request,200,OK,Config 3: Exp15 1-68,text,true,,231,158,213,213,http://localhost:8079/?token=518504778&user=-1355064518&config=3,10061,0,0
1777970203963,10063,HTTP Request,200,OK,Config 3: Exp15 1-54,text,true,,231,158,213,213,http://localhost:8079/?token=518504778&user=-1355064518&config=3,10063,0,1
1777970203963,10063,HTTP Request,200,OK,Config 3: Exp15 1-55,text,true,,231,158,213,213,http://localhost:8079/?token=518504778&user=-1355064518&config=3,10063,0,1
1777970203965,10061,HTTP Request,200,OK,Config 3: Exp15 1-50,text,true,,231,158,213,213,http://localhost:8079/?token=518504778&user=-1355064518&config=3,10061,0,0
1777970203964,10062,HTTP Request,200,OK,Config 3: Exp15 1-65,text,true,,231,158,213,213,http://localhost:8079/?token=518504778&user=-1355064518&config=3,10062,0,0
1777970203968,10058,HTTP Request,200,OK,Config 3: Exp15 1-56,text,true,,231,158,213,213,http://localhost:8079/?token=518504778&user=-1355064518&config=3,10058,0,0
1777970203974,10053,HTTP Request,200,OK,Config 3: Exp15 1-67,text,true,,231,158,213,213,http://localhost:8079/?token=518504778&user=-1355064518&config=3,10052,0,0
1777970203970,10067,HTTP Request,200,OK,Config 3: Exp15 1-59,text,true,,231,158,213,213,http://localhost:8079/?token=518504778&user=-1355064518&config=3,10067,0,1
1777970203974,10063,HTTP Request,200,OK,Config 3: Exp15 1-60,text,true,,231,158,213,213,http://localhost:8079/?token=518504778&user=-1355064518&config=3,10063,0,0
1777970207133,6905,HTTP Request,500,Internal Server Error,Config 3: Exp15 1-155,text,false,,233,158,213,213,http://localhost:8079/?token=518504778&user=-1355064518&config=3,6904,0,0
1777970207126,6912,HTTP Request,500,Internal Server Error,Config 3: Exp15 1-136,text,false,,233,158,213,213,http://localhost:8079/?token=518504778&user=-1355064518&config=3,6912,0,0
1777970207118,6921,HTTP Request,500,Internal Server Error,Config 3: Exp15 1-154,text,false,,233,158,213,213,http://localhost:8079/?token=518504778&user=-1355064518&config=3,6921,0,0
1777970207128,6915,HTTP Request,500,Internal Server Error,Config 3: Exp15 1-174,text,false,,233,158,213,213,http://localhost:8079/?token=518504778&user=-1355064518&config=3,6915,0,0
1777970207126,6917,HTTP Request,500,Internal Server Error,Config 3: Exp15 1-94,text,false,,233,158,213,213,http://localhost:8079/?token=518504778&user=-1355064518&config=3,6917,0,0
1777970207126,6917,HTTP Request,500,Internal Server Error,Config 3: Exp15 1-93,text,false,,233,158,213,213,http://localhost:8079/?token=518504778&user=-1355064518&config=3,6917,0,0
1777970207128,6915,HTTP Request,500,Internal Server Error,Config 3: Exp15 1-41,text,false,,233,158,213,213,http://localhost:8079/?token=518504778&user=-1355064518&config=3,6915,0,0
1777970207126,6917,HTTP Request,500,Internal Server Error,Config 3: Exp15 1-97,text,false,,233,158,213,213,http://localhost:8079/?token=518504778&user=-1355064518&config=3,6917,0,0
1777970207126,6917,HTTP Request,500,Internal Server Error,Config 3: Exp15 1-99,text,false,,233,158,213,213,http://localhost:8079/?token=518504778&user=-1355064518&config=3,6917,0,0
1777970207120,6923,HTTP Request,500,Internal Server Error,Config 3: Exp15 1-76,text,false,,233,158,213,213,http://localhost:8079/?token=518504778&user=-1355064518&config=3,6923,0,0
1777970207133,6910,HTTP Request,500,Internal Server Error,Config 3: Exp15 1-74,text,false,,233,158,213,213,http://localhost:8079/?token=518504778&user=-1355064518&config=3,6910,0,0
1777970207120,6923,HTTP Request,500,Internal Server Error,Config 3: Exp15 1-135,text,false,,233,158,213,213,http://localhost:8079/?token=518504778&user=-1355064518&config=3,6923,0,0
1777970207118,6925,HTTP Request,500,Internal Server Error,Config 3: Exp15 1-78,text,false,,233,158,213,213,http://localhost:8079/?token=518504778&user=-1355064518&config=3,6925,0,0
1777970207120,6923,HTTP Request,500,Internal Server Error,Config 3: Exp15 1-64,text,false,,233,158,213,213,http://localhost:8079/?token=518504778&user=-1355064518&config=3,6923,0,0
1777970207313,6730,HTTP Request,500,Internal Server Error,Config 3: Exp15 1-200,text,false,,233,158,213,213,http://localhost:8079/?token=518504778&user=-1355064518&config=3,6730,0,0
1777970207127,6917,HTTP Request,500,Internal Server Error,Config 3: Exp15 1-137,text,false,,233,158,213,213,http://localhost:8079/?token=518504778&user=-1355064518&config=3,6917,0,0
1777970207127,6917,HTTP Request,500,Internal Server Error,Config 3: Exp15 1-138,text,false,,233,158,213,213,http://localhost:8079/?token=518504778&user=-1355064518&config=3,6917,0,0
1777970204344,13929,HTTP Request,200,OK,Config 3: Exp15 1-134,text,true,,231,158,222,222,http://localhost:8079/?token=518504778&user=-1355064518&config=3,13929,0,1
1777970204345,13928,HTTP Request,200,OK,Config 3: Exp15 1-176,text,true,,231,158,222,222,http://localhost:8079/?token=518504778&user=-1355064518&config=3,13928,0,1
1777970204345,13928,HTTP Request,200,OK,Config 3: Exp15 1-162,text,true,,231,158,222,222,http://localhost:8079/?token=518504778&user=-1355064518&config=3,13928,0,0
1777970204347,13926,HTTP Request,200,OK,Config 3: Exp15 1-194,text,true,,231,158,222,222,http://localhost:8079/?token=518504778&user=-1355064518&config=3,13926,0,1
1777970204359,13915,HTTP Request,200,OK,Config 3: Exp15 1-177,text,true,,231,158,222,222,http://localhost:8079/?token=518504778&user=-1355064518&config=3,13915,0,0
1777970204841,13433,HTTP Request,200,OK,Config 3: Exp15 1-195,text,true,,231,158,222,222,http://localhost:8079/?token=518504778&user=-1355064518&config=3,13433,0,0
1777970205336,12942,HTTP Request,200,OK,Config 3: Exp15 1-196,text,true,,231,158,222,222,http://localhost:8079/?token=518504778&user=-1355064518&config=3,12942,0,0
1777970205829,12449,HTTP Request,200,OK,Config 3: Exp15 1-197,text,true,,231,158,222,222,http://localhost:8079/?token=518504778&user=-1355064518&config=3,12449,0,1
1777970206324,11954,HTTP Request,200,OK,Config 3: Exp15 1-198,text,true,,231,158,222,222,http://localhost:8079/?token=518504778&user=-1355064518&config=3,11954,0,0
1777970207126,11213,HTTP Request,200,OK,Config 3: Exp15 1-173,text,true,,231,158,222,222,http://localhost:8079/?token=518504778&user=-1355064518&config=3,11213,0,0
1777970207118,11221,HTTP Request,200,OK,Config 3: Exp15 1-153,text,true,,231,158,222,222,http://localhost:8079/?token=518504778&user=-1355064518&config=3,11221,0,0
1777970207125,11214,HTTP Request,200,OK,Config 3: Exp15 1-80,text,true,,231,158,222,222,http://localhost:8079/?token=518504778&user=-1355064518&config=3,11214,0,0
1777970207126,11213,HTTP Request,200,OK,Config 3: Exp15 1-44,text,true,,231,158,222,222,http://localhost:8079/?token=518504778&user=-1355064518&config=3,11213,0,0
1777970206817,11522,HTTP Request,200,OK,Config 3: Exp15 1-199,text,true,,231,158,222,222,http://localhost:8079/?token=518504778&user=-1355064518&config=3,11522,0,0
1777970207126,11213,HTTP Request,200,OK,Config 3: Exp15 1-77,text,true,,231,158,222,222,http://localhost:8079/?token=518504778&user=-1355064518&config=3,11213,0,0
1777970207125,11214,HTTP Request,200,OK,Config 3: Exp15 1-62,text,true,,231,158,222,222,http://localhost:8079/?token=518504778&user=-1355064518&config=3,11214,0,0
1777970207805,11519,HTTP Request,200,OK,Config 3: Exp15 1-201,text,true,,231,158,224,224,http://localhost:8079/?token=518504778&user=-1355064518&config=3,11519,0,1
1777970207943,11381,HTTP Request,200,OK,Config 3: Exp15 1-175,text,true,,231,158,224,224,http://localhost:8079/?token=518504778&user=-1355064518&config=3,11381,0,0
1777970207943,11381,HTTP Request,200,OK,Config 3: Exp15 1-98,text,true,,231,158,224,224,http://localhost:8079/?token=518504778&user=-1355064518&config=3,11381,0,0
1777970207945,11379,HTTP Request,200,OK,Config 3: Exp15 1-81,text,true,,231,158,224,224,http://localhost:8079/?token=518504778&user=-1355064518&config=3,11379,0,0
1777970207943,11381,HTTP Request,200,OK,Config 3: Exp15 1-63,text,true,,231,158,224,224,http://localhost:8079/?token=518504778&user=-1355064518&config=3,11381,0,0
1777970207945,11379,HTTP Request,200,OK,Config 3: Exp15 1-139,text,true,,231,158,224,224,http://localhost:8079/?token=518504778&user=-1355064518&config=3,11379,0,0
1777970207990,11334,HTTP Request,200,OK,Config 3: Exp15 1-96,text,true,,231,158,224,224,http://localhost:8079/?token=518504778&user=-1355064518&config=3,11334,0,0
1777970207945,11379,HTTP Request,200,OK,Config 3: Exp15 1-92,text,true,,231,158,224,224,http://localhost:8079/?token=518504778&user=-1355064518&config=3,11379,0,0
1777970207990,11335,HTTP Request,200,OK,Config 3: Exp15 1-84,text,true,,231,158,224,224,http://localhost:8079/?token=518504778&user=-1355064518&config=3,11335,0,0
1777970207990,11335,HTTP Request,200,OK,Config 3: Exp15 1-131,text,true,,231,158,224,224,http://localhost:8079/?token=518504778&user=-1355064518&config=3,11335,0,0
1777970207990,11335,HTTP Request,200,OK,Config 3: Exp15 1-85,text,true,,231,158,224,224,http://localhost:8079/?token=518504778&user=-1355064518&config=3,11335,0,0
1777970207990,11335,HTTP Request,200,OK,Config 3: Exp15 1-75,text,true,,231,158,224,224,http://localhost:8079/?token=518504778&user=-1355064518&config=3,11335,0,0
1777970207990,11336,HTTP Request,200,OK,Config 3: Exp15 1-82,text,true,,231,158,224,224,http://localhost:8079/?token=518504778&user=-1355064518&config=3,11336,0,0
1777970207990,11335,HTTP Request,200,OK,Config 3: Exp15 1-156,text,true,,231,158,224,224,http://localhost:8079/?token=518504778&user=-1355064518&config=3,11335,0,0
1777970207990,11335,HTTP Request,200,OK,Config 3: Exp15 1-130,text,true,,231,158,224,224,http://localhost:8079/?token=518504778&user=-1355064518&config=3,11335,0,0
1777970208078,11249,HTTP Request,200,OK,Config 3: Exp15 1-166,text,true,,231,158,224,224,http://localhost:8079/?token=518504778&user=-1355064518&config=3,11249,0,0
1777970208078,11249,HTTP Request,200,OK,Config 3: Exp15 1-158,text,true,,231,158,224,224,http://localhost:8079/?token=518504778&user=-1355064518&config=3,11249,0,0
1777970207990,11337,HTTP Request,200,OK,Config 3: Exp15 1-132,text,true,,231,158,224,224,http://localhost:8079/?token=518504778&user=-1355064518&config=3,11337,0,0
1777970207990,11337,HTTP Request,200,OK,Config 3: Exp15 1-133,text,true,,231,158,224,224,http://localhost:8079/?token=518504778&user=-1355064518&config=3,11337,0,0
1777970207991,11336,HTTP Request,200,OK,Config 3: Exp15 1-140,text,true,,231,158,224,224,http://localhost:8079/?token=518504778&user=-1355064518&config=3,11336,0,0
1777970208078,11260,HTTP Request,200,OK,Config 3: Exp15 1-146,text,true,,231,158,224,224,http://localhost:8079/?token=518504778&user=-1355064518&config=3,11260,0,0
1777970208078,11260,HTTP Request,200,OK,Config 3: Exp15 1-95,text,true,,231,158,224,224,http://localhost:8079/?token=518504778&user=-1355064518&config=3,11260,0,0
1777970208078,11264,HTTP Request,200,OK,Config 3: Exp15 1-157,text,true,,231,158,224,224,http://localhost:8079/?token=518504778&user=-1355064518&config=3,11264,0,0
1777970208078,11265,HTTP Request,200,OK,Config 3: Exp15 1-181,text,true,,231,158,224,224,http://localhost:8079/?token=518504778&user=-1355064518&config=3,11265,0,0
1777970208079,11264,HTTP Request,200,OK,Config 3: Exp15 1-183,text,true,,231,158,224,224,http://localhost:8079/?token=518504778&user=-1355064518&config=3,11264,0,0
1777970208079,11264,HTTP Request,200,OK,Config 3: Exp15 1-182,text,true,,231,158,224,224,http://localhost:8079/?token=518504778&user=-1355064518&config=3,11264,0,0
1777970208079,11264,HTTP Request,200,OK,Config 3: Exp15 1-58,text,true,,231,158,224,224,http://localhost:8079/?token=518504778&user=-1355064518&config=3,11264,0,0
1777970208079,11264,HTTP Request,200,OK,Config 3: Exp15 1-185,text,true,,231,158,224,224,http://localhost:8079/?token=518504778&user=-1355064518&config=3,11264,0,0
1777970208078,11265,HTTP Request,200,OK,Config 3: Exp15 1-184,text,true,,231,158,224,224,http://localhost:8079/?token=518504778&user=-1355064518&config=3,11265,0,0
1777970208079,11264,HTTP Request,200,OK,Config 3: Exp15 1-83,text,true,,231,158,224,224,http://localhost:8079/?token=518504778&user=-1355064518&config=3,11264,0,0
1777970208079,11264,HTTP Request,200,OK,Config 3: Exp15 1-79,text,true,,231,158,224,224,http://localhost:8079/?token=518504778&user=-1355064518&config=3,11264,0,0
1777970212678,6664,HTTP Request,500,Internal Server Error,Config 3: Exp15 1-123,text,false,,233,158,224,224,http://localhost:8079/?token=518504778&user=-1355064518&config=3,6664,0,0
1777970212677,6665,HTTP Request,500,Internal Server Error,Config 3: Exp15 1-187,text,false,,233,158,224,224,http://localhost:8079/?token=518504778&user=-1355064518&config=3,6665,0,0
1777970208079,11264,HTTP Request,200,OK,Config 3: Exp15 1-119,text,true,,231,158,224,224,http://localhost:8079/?token=518504778&user=-1355064518&config=3,11264,0,0
1777970208079,11264,HTTP Request,200,OK,Config 3: Exp15 1-104,text,true,,231,158,224,224,http://localhost:8079/?token=518504778&user=-1355064518&config=3,11264,0,0
1777970208079,11264,HTTP Request,200,OK,Config 3: Exp15 1-114,text,true,,231,158,224,224,http://localhost:8079/?token=518504778&user=-1355064518&config=3,11264,0,0
1777970208079,11264,HTTP Request,200,OK,Config 3: Exp15 1-124,text,true,,231,158,224,224,http://localhost:8079/?token=518504778&user=-1355064518&config=3,11264,0,0
1777970208079,11264,HTTP Request,200,OK,Config 3: Exp15 1-113,text,true,,231,158,224,224,http://localhost:8079/?token=518504778&user=-1355064518&config=3,11264,0,0
1777970208079,11264,HTTP Request,200,OK,Config 3: Exp15 1-125,text,true,,231,158,224,224,http://localhost:8079/?token=518504778&user=-1355064518&config=3,11264,0,0
1777970212677,6665,HTTP Request,500,Internal Server Error,Config 3: Exp15 1-103,text,false,,233,158,224,224,http://localhost:8079/?token=518504778&user=-1355064518&config=3,6665,0,0
1777970212677,6665,HTTP Request,500,Internal Server Error,Config 3: Exp15 1-109,text,false,,233,158,224,224,http://localhost:8079/?token=518504778&user=-1355064518&config=3,6665,0,0
1777970212677,6665,HTTP Request,500,Internal Server Error,Config 3: Exp15 1-145,text,false,,233,158,224,224,http://localhost:8079/?token=518504778&user=-1355064518&config=3,6665,0,0
1777970213239,6105,HTTP Request,500,Internal Server Error,Config 3: Exp15 1-212,text,false,,233,158,224,224,http://localhost:8079/?token=518504778&user=-1355064518&config=3,6104,0,0
1777970213732,5612,HTTP Request,500,Internal Server Error,Config 3: Exp15 1-213,text,false,,233,158,224,224,http://localhost:8079/?token=518504778&user=-1355064518&config=3,5612,0,0
1777970212745,6599,HTTP Request,500,Internal Server Error,Config 3: Exp15 1-211,text,false,,233,158,224,224,http://localhost:8079/?token=518504778&user=-1355064518&config=3,6599,0,1
1777970208079,14261,HTTP Request,200,OK,Config 3: Exp15 1-115,text,true,,231,158,230,230,http://localhost:8079/?token=518504778&user=-1355064518&config=3,14261,0,0
1777970208079,14261,HTTP Request,200,OK,Config 3: Exp15 1-116,text,true,,231,158,230,230,http://localhost:8079/?token=518504778&user=-1355064518&config=3,14261,0,0
1777970208079,14261,HTTP Request,200,OK,Config 3: Exp15 1-117,text,true,,231,158,230,230,http://localhost:8079/?token=518504778&user=-1355064518&config=3,14261,0,0
1777970208079,14261,HTTP Request,200,OK,Config 3: Exp15 1-118,text,true,,231,158,230,230,http://localhost:8079/?token=518504778&user=-1355064518&config=3,14261,0,0
1777970208079,14262,HTTP Request,200,OK,Config 3: Exp15 1-142,text,true,,231,158,230,230,http://localhost:8079/?token=518504778&user=-1355064518&config=3,14261,0,0
1777970208080,14261,HTTP Request,200,OK,Config 3: Exp15 1-160,text,true,,231,158,230,230,http://localhost:8079/?token=518504778&user=-1355064518&config=3,14261,0,0
1777970208079,14262,HTTP Request,200,OK,Config 3: Exp15 1-141,text,true,,231,158,230,230,http://localhost:8079/?token=518504778&user=-1355064518&config=3,14262,0,0
1777970208079,14262,HTTP Request,200,OK,Config 3: Exp15 1-108,text,true,,231,158,230,230,http://localhost:8079/?token=518504778&user=-1355064518&config=3,14262,0,0
1777970208079,14262,HTTP Request,200,OK,Config 3: Exp15 1-144,text,true,,231,158,230,230,http://localhost:8079/?token=518504778&user=-1355064518&config=3,14262,0,0
1777970208080,14261,HTTP Request,200,OK,Config 3: Exp15 1-129,text,true,,231,158,230,230,http://localhost:8079/?token=518504778&user=-1355064518&config=3,14261,0,0
1777970208079,14262,HTTP Request,200,OK,Config 3: Exp15 1-13,text,true,,231,158,230,230,http://localhost:8079/?token=518504778&user=-1355064518&config=3,14262,0,0
1777970208079,14262,HTTP Request,200,OK,Config 3: Exp15 1-14,text,true,,231,158,230,230,http://localhost:8079/?token=518504778&user=-1355064518&config=3,14262,0,0
1777970208080,14261,HTTP Request,200,OK,Config 3: Exp15 1-42,text,true,,231,158,230,230,http://localhost:8079/?token=518504778&user=-1355064518&config=3,14261,0,0
1777970208080,14262,HTTP Request,200,OK,Config 3: Exp15 1-38,text,true,,231,158,230,230,http://localhost:8079/?token=518504778&user=-1355064518&config=3,14262,0,0
1777970208079,14263,HTTP Request,200,OK,Config 3: Exp15 1-5,text,true,,231,158,230,230,http://localhost:8079/?token=518504778&user=-1355064518&config=3,14263,0,0
1777970208080,14262,HTTP Request,200,OK,Config 3: Exp15 1-1,text,true,,231,158,230,230,http://localhost:8079/?token=518504778&user=-1355064518&config=3,14262,0,0
1777970208079,14263,HTTP Request,200,OK,Config 3: Exp15 1-6,text,true,,231,158,230,230,http://localhost:8079/?token=518504778&user=-1355064518&config=3,14263,0,0
1777970208079,14263,HTTP Request,200,OK,Config 3: Exp15 1-20,text,true,,231,158,230,230,http://localhost:8079/?token=518504778&user=-1355064518&config=3,14263,0,0
1777970208078,14264,HTTP Request,200,OK,Config 3: Exp15 1-18,text,true,,231,158,230,230,http://localhost:8079/?token=518504778&user=-1355064518&config=3,14264,0,1
1777970208078,14264,HTTP Request,200,OK,Config 3: Exp15 1-168,text,true,,231,158,230,230,http://localhost:8079/?token=518504778&user=-1355064518&config=3,14264,0,1
1777970208080,14262,HTTP Request,200,OK,Config 3: Exp15 1-112,text,true,,231,158,230,230,http://localhost:8079/?token=518504778&user=-1355064518&config=3,14262,0,0
1777970208079,14263,HTTP Request,200,OK,Config 3: Exp15 1-143,text,true,,231,158,230,230,http://localhost:8079/?token=518504778&user=-1355064518&config=3,14263,0,0
1777970208080,14262,HTTP Request,200,OK,Config 3: Exp15 1-161,text,true,,231,158,230,230,http://localhost:8079/?token=518504778&user=-1355064518&config=3,14262,0,0
1777970208080,14262,HTTP Request,200,OK,Config 3: Exp15 1-159,text,true,,231,158,230,230,http://localhost:8079/?token=518504778&user=-1355064518&config=3,14262,0,0
1777970208080,14262,HTTP Request,200,OK,Config 3: Exp15 1-30,text,true,,231,158,230,230,http://localhost:8079/?token=518504778&user=-1355064518&config=3,14262,0,0
1777970208080,14263,HTTP Request,200,OK,Config 3: Exp15 1-164,text,true,,231,158,230,230,http://localhost:8079/?token=518504778&user=-1355064518&config=3,14263,0,0
1777970208080,14263,HTTP Request,200,OK,Config 3: Exp15 1-165,text,true,,231,158,230,230,http://localhost:8079/?token=518504778&user=-1355064518&config=3,14263,0,0
1777970207990,14355,HTTP Request,200,OK,Config 3: Exp15 1-71,text,true,,231,158,230,230,http://localhost:8079/?token=518504778&user=-1355064518&config=3,14355,0,1
1777970208080,14265,HTTP Request,200,OK,Config 3: Exp15 1-163,text,true,,231,158,230,230,http://localhost:8079/?token=518504778&user=-1355064518&config=3,14265,0,0
1777970208079,14266,HTTP Request,200,OK,Config 3: Exp15 1-69,text,true,,231,158,230,230,http://localhost:8079/?token=518504778&user=-1355064518&config=3,14266,0,0
1777970208079,14266,HTTP Request,200,OK,Config 3: Exp15 1-106,text,true,,231,158,230,230,http://localhost:8079/?token=518504778&user=-1355064518&config=3,14266,0,0
1777970208080,14265,HTTP Request,200,OK,Config 3: Exp15 1-4,text,true,,231,158,230,230,http://localhost:8079/?token=518504778&user=-1355064518&config=3,14265,0,0
1777970208080,14265,HTTP Request,200,OK,Config 3: Exp15 1-192,text,true,,231,158,230,230,http://localhost:8079/?token=518504778&user=-1355064518&config=3,14265,0,0
1777970208078,14267,HTTP Request,200,OK,Config 3: Exp15 1-167,text,true,,231,158,230,230,http://localhost:8079/?token=518504778&user=-1355064518&config=3,14267,0,1
1777970208078,14267,HTTP Request,200,OK,Config 3: Exp15 1-17,text,true,,231,158,230,230,http://localhost:8079/?token=518504778&user=-1355064518&config=3,14267,0,1
1777970208080,14265,HTTP Request,200,OK,Config 3: Exp15 1-37,text,true,,231,158,230,230,http://localhost:8079/?token=518504778&user=-1355064518&config=3,14265,0,0
1777970208080,14265,HTTP Request,200,OK,Config 3: Exp15 1-191,text,true,,231,158,230,230,http://localhost:8079/?token=518504778&user=-1355064518&config=3,14265,0,0
1777970208299,14047,HTTP Request,200,OK,Config 3: Exp15 1-202,text,true,,231,158,230,230,http://localhost:8079/?token=518504778&user=-1355064518&config=3,14047,0,1
1777970208079,14267,HTTP Request,200,OK,Config 3: Exp15 1-66,text,true,,231,158,230,230,http://localhost:8079/?token=518504778&user=-1355064518&config=3,14267,0,0
1777970208080,14266,HTTP Request,200,OK,Config 3: Exp15 1-190,text,true,,231,158,230,230,http://localhost:8079/?token=518504778&user=-1355064518&config=3,14266,0,0
1777970208078,14268,HTTP Request,200,OK,Config 3: Exp15 1-21,text,true,,231,158,230,230,http://localhost:8079/?token=518504778&user=-1355064518&config=3,14268,0,1
1777970208080,14267,HTTP Request,200,OK,Config 3: Exp15 1-189,text,true,,231,158,230,230,http://localhost:8079/?token=518504778&user=-1355064518&config=3,14267,0,0
1777970208078,14269,HTTP Request,200,OK,Config 3: Exp15 1-35,text,true,,231,158,230,230,http://localhost:8079/?token=518504778&user=-1355064518&config=3,14268,0,1
1777970208079,14268,HTTP Request,200,OK,Config 3: Exp15 1-70,text,true,,231,158,230,230,http://localhost:8079/?token=518504778&user=-1355064518&config=3,14268,0,0
1777970208079,14268,HTTP Request,200,OK,Config 3: Exp15 1-152,text,true,,231,158,230,230,http://localhost:8079/?token=518504778&user=-1355064518&config=3,14268,0,0
1777970208793,13554,HTTP Request,200,OK,Config 3: Exp15 1-203,text,true,,231,158,230,230,http://localhost:8079/?token=518504778&user=-1355064518&config=3,13554,0,0
1777970209286,13061,HTTP Request,200,OK,Config 3: Exp15 1-204,text,true,,231,158,230,230,http://localhost:8079/?token=518504778&user=-1355064518&config=3,13061,0,1
1777970208079,14269,HTTP Request,200,OK,Config 3: Exp15 1-188,text,true,,231,158,230,230,http://localhost:8079/?token=518504778&user=-1355064518&config=3,14269,0,0
1777970209567,12780,HTTP Request,200,OK,Config 3: Exp15 1-178,text,true,,231,158,230,230,http://localhost:8079/?token=518504778&user=-1355064518&config=3,12780,0,0
1777970209567,12780,HTTP Request,200,OK,Config 3: Exp15 1-179,text,true,,231,158,230,230,http://localhost:8079/?token=518504778&user=-1355064518&config=3,12780,0,0
1777970209781,12567,HTTP Request,200,OK,Config 3: Exp15 1-205,text,true,,231,158,230,230,http://localhost:8079/?token=518504778&user=-1355064518&config=3,12567,0,0
1777970210275,12073,HTTP Request,200,OK,Config 3: Exp15 1-206,text,true,,231,158,230,230,http://localhost:8079/?token=518504778&user=-1355064518&config=3,12073,0,0
1777970210768,11580,HTTP Request,200,OK,Config 3: Exp15 1-207,text,true,,231,158,230,230,http://localhost:8079/?token=518504778&user=-1355064518&config=3,11580,0,0
1777970209567,12781,HTTP Request,200,OK,Config 3: Exp15 1-180,text,true,,231,158,230,230,http://localhost:8079/?token=518504778&user=-1355064518&config=3,12781,0,0
1777970211264,11085,HTTP Request,200,OK,Config 3: Exp15 1-208,text,true,,231,158,230,230,http://localhost:8079/?token=518504778&user=-1355064518&config=3,11085,0,0
1777970212677,9672,HTTP Request,200,OK,Config 3: Exp15 1-186,text,true,,231,158,230,230,http://localhost:8079/?token=518504778&user=-1355064518&config=3,9672,0,0
1777970212677,9672,HTTP Request,200,OK,Config 3: Exp15 1-105,text,true,,231,158,230,230,http://localhost:8079/?token=518504778&user=-1355064518&config=3,9672,0,0
1777970212250,10099,HTTP Request,200,OK,Config 3: Exp15 1-210,text,true,,231,158,230,230,http://localhost:8079/?token=518504778&user=-1355064518&config=3,10099,0,0
1777970212677,9672,HTTP Request,200,OK,Config 3: Exp15 1-120,text,true,,231,158,230,230,http://localhost:8079/?token=518504778&user=-1355064518&config=3,9672,0,0
1777970212677,9672,HTTP Request,200,OK,Config 3: Exp15 1-121,text,true,,231,158,230,230,http://localhost:8079/?token=518504778&user=-1355064518&config=3,9672,0,0
1777970211757,10592,HTTP Request,200,OK,Config 3: Exp15 1-209,text,true,,231,158,230,230,http://localhost:8079/?token=518504778&user=-1355064518&config=3,10592,0,0
1777970212677,9672,HTTP Request,200,OK,Config 3: Exp15 1-107,text,true,,231,158,230,230,http://localhost:8079/?token=518504778&user=-1355064518&config=3,9672,0,0
1777970212677,9672,HTTP Request,200,OK,Config 3: Exp15 1-122,text,true,,231,158,230,230,http://localhost:8079/?token=518504778&user=-1355064518&config=3,9672,0,0
1777970214021,8623,HTTP Request,200,OK,Config 3: Exp15 1-151,text,true,,231,158,231,231,http://localhost:8079/?token=518504778&user=-1355064518&config=3,8623,0,0
1777970214021,8623,HTTP Request,200,OK,Config 3: Exp15 1-169,text,true,,231,158,231,231,http://localhost:8079/?token=518504778&user=-1355064518&config=3,8623,0,0
1777970214021,8623,HTTP Request,200,OK,Config 3: Exp15 1-100,text,true,,231,158,231,231,http://localhost:8079/?token=518504778&user=-1355064518&config=3,8623,0,0
1777970214021,8623,HTTP Request,200,OK,Config 3: Exp15 1-23,text,true,,231,158,231,231,http://localhost:8079/?token=518504778&user=-1355064518&config=3,8623,0,0
1777970214021,8636,HTTP Request,200,OK,Config 3: Exp15 1-10,text,true,,231,158,231,231,http://localhost:8079/?token=518504778&user=-1355064518&config=3,8636,0,0
1777970214021,8636,HTTP Request,200,OK,Config 3: Exp15 1-147,text,true,,231,158,231,231,http://localhost:8079/?token=518504778&user=-1355064518&config=3,8636,0,0
1777970214021,8636,HTTP Request,200,OK,Config 3: Exp15 1-7,text,true,,231,158,231,231,http://localhost:8079/?token=518504778&user=-1355064518&config=3,8636,0,0
1777970214021,8640,HTTP Request,200,OK,Config 3: Exp15 1-87,text,true,,231,158,231,231,http://localhost:8079/?token=518504778&user=-1355064518&config=3,8640,0,0
1777970214023,8697,HTTP Request,200,OK,Config 3: Exp15 1-172,text,true,,231,158,231,231,http://localhost:8079/?token=518504778&user=-1355064518&config=3,8697,0,0
1777970214024,8696,HTTP Request,200,OK,Config 3: Exp15 1-149,text,true,,231,158,231,231,http://localhost:8079/?token=518504778&user=-1355064518&config=3,8696,0,0
1777970214021,8699,HTTP Request,200,OK,Config 3: Exp15 1-101,text,true,,231,158,231,231,http://localhost:8079/?token=518504778&user=-1355064518&config=3,8699,0,0
1777970214021,8699,HTTP Request,200,OK,Config 3: Exp15 1-170,text,true,,231,158,231,231,http://localhost:8079/?token=518504778&user=-1355064518&config=3,8699,0,0
1777970214023,8697,HTTP Request,200,OK,Config 3: Exp15 1-150,text,true,,231,158,231,231,http://localhost:8079/?token=518504778&user=-1355064518&config=3,8697,0,0
1777970214021,8699,HTTP Request,200,OK,Config 3: Exp15 1-88,text,true,,231,158,231,231,http://localhost:8079/?token=518504778&user=-1355064518&config=3,8699,0,0
1777970214021,8699,HTTP Request,200,OK,Config 3: Exp15 1-102,text,true,,231,158,231,231,http://localhost:8079/?token=518504778&user=-1355064518&config=3,8699,0,0
1777970214021,8699,HTTP Request,200,OK,Config 3: Exp15 1-89,text,true,,231,158,231,231,http://localhost:8079/?token=518504778&user=-1355064518&config=3,8699,0,0
1777970214023,8697,HTTP Request,200,OK,Config 3: Exp15 1-49,text,true,,231,158,231,231,http://localhost:8079/?token=518504778&user=-1355064518&config=3,8697,0,0
1777970214024,8697,HTTP Request,200,OK,Config 3: Exp15 1-111,text,true,,231,158,231,231,http://localhost:8079/?token=518504778&user=-1355064518&config=3,8697,0,0
1777970214021,8700,HTTP Request,200,OK,Config 3: Exp15 1-90,text,true,,231,158,231,231,http://localhost:8079/?token=518504778&user=-1355064518&config=3,8700,0,0
1777970214021,8700,HTTP Request,200,OK,Config 3: Exp15 1-91,text,true,,231,158,231,231,http://localhost:8079/?token=518504778&user=-1355064518&config=3,8700,0,0
1777970214022,8699,HTTP Request,200,OK,Config 3: Exp15 1-127,text,true,,231,158,231,231,http://localhost:8079/?token=518504778&user=-1355064518&config=3,8699,0,0
1777970214021,8700,HTTP Request,200,OK,Config 3: Exp15 1-126,text,true,,231,158,231,231,http://localhost:8079/?token=518504778&user=-1355064518&config=3,8700,0,0
1777970214021,8700,HTTP Request,200,OK,Config 3: Exp15 1-110,text,true,,231,158,231,231,http://localhost:8079/?token=518504778&user=-1355064518&config=3,8700,0,0
1777970214023,8698,HTTP Request,200,OK,Config 3: Exp15 1-11,text,true,,231,158,231,231,http://localhost:8079/?token=518504778&user=-1355064518&config=3,8698,0,0
1777970214023,8698,HTTP Request,200,OK,Config 3: Exp15 1-9,text,true,,231,158,231,231,http://localhost:8079/?token=518504778&user=-1355064518&config=3,8698,0,0
1777970214021,8700,HTTP Request,200,OK,Config 3: Exp15 1-8,text,true,,231,158,231,231,http://localhost:8079/?token=518504778&user=-1355064518&config=3,8700,0,0
1777970214021,8700,HTTP Request,200,OK,Config 3: Exp15 1-128,text,true,,231,158,231,231,http://localhost:8079/?token=518504778&user=-1355064518&config=3,8700,0,0
1777970214021,8700,HTTP Request,200,OK,Config 3: Exp15 1-24,text,true,,231,158,231,231,http://localhost:8079/?token=518504778&user=-1355064518&config=3,8700,0,0
1777970214024,8697,HTTP Request,200,OK,Config 3: Exp15 1-12,text,true,,231,158,231,231,http://localhost:8079/?token=518504778&user=-1355064518&config=3,8697,0,0
1777970214024,8697,HTTP Request,200,OK,Config 3: Exp15 1-26,text,true,,231,158,231,231,http://localhost:8079/?token=518504778&user=-1355064518&config=3,8697,0,0
1777970214021,8701,HTTP Request,200,OK,Config 3: Exp15 1-25,text,true,,231,158,231,231,http://localhost:8079/?token=518504778&user=-1355064518&config=3,8701,0,0
1777970214022,8700,HTTP Request,200,OK,Config 3: Exp15 1-148,text,true,,231,158,231,231,http://localhost:8079/?token=518504778&user=-1355064518&config=3,8700,0,0
1777970214025,8702,HTTP Request,200,OK,Config 3: Exp15 1-68,text,true,,231,158,231,231,http://localhost:8079/?token=518504778&user=-1355064518&config=3,8702,0,0
1777970214024,8703,HTTP Request,200,OK,Config 3: Exp15 1-53,text,true,,231,158,231,231,http://localhost:8079/?token=518504778&user=-1355064518&config=3,8703,0,0
1777970214023,8704,HTTP Request,200,OK,Config 3: Exp15 1-57,text,true,,231,158,231,231,http://localhost:8079/?token=518504778&user=-1355064518&config=3,8704,0,0
1777970214024,8703,HTTP Request,200,OK,Config 3: Exp15 1-171,text,true,,231,158,231,231,http://localhost:8079/?token=518504778&user=-1355064518&config=3,8703,0,0
1777970214024,8703,HTTP Request,200,OK,Config 3: Exp15 1-51,text,true,,231,158,231,231,http://localhost:8079/?token=518504778&user=-1355064518&config=3,8703,0,0
1777970214025,8702,HTTP Request,200,OK,Config 3: Exp15 1-54,text,true,,231,158,231,231,http://localhost:8079/?token=518504778&user=-1355064518&config=3,8702,0,0
1777970214024,8703,HTTP Request,200,OK,Config 3: Exp15 1-33,text,true,,231,158,231,231,http://localhost:8079/?token=518504778&user=-1355064518&config=3,8703,0,0
1777970214024,8703,HTTP Request,200,OK,Config 3: Exp15 1-32,text,true,,231,158,231,231,http://localhost:8079/?token=518504778&user=-1355064518&config=3,8703,0,0
1777970214021,8706,HTTP Request,200,OK,Config 3: Exp15 1-193,text,true,,231,158,231,231,http://localhost:8079/?token=518504778&user=-1355064518&config=3,8706,0,0
1777970214024,8703,HTTP Request,200,OK,Config 3: Exp15 1-2,text,true,,231,158,231,231,http://localhost:8079/?token=518504778&user=-1355064518&config=3,8703,0,0
1777970214024,8699,HTTP Request,200,OK,Config 3: Exp15 1-46,text,true,,231,158,231,231,http://localhost:8079/?token=518504778&user=-1355064518&config=3,8699,0,0
1777970214024,8699,HTTP Request,200,OK,Config 3: Exp15 1-45,text,true,,231,158,231,231,http://localhost:8079/?token=518504778&user=-1355064518&config=3,8699,0,0
1777970214024,8699,HTTP Request,200,OK,Config 3: Exp15 1-43,text,true,,231,158,231,231,http://localhost:8079/?token=518504778&user=-1355064518&config=3,8699,0,0
1777970214026,8702,HTTP Request,200,OK,Config 3: Exp15 1-56,text,true,,231,158,231,231,http://localhost:8079/?token=518504778&user=-1355064518&config=3,8702,0,0
1777970214036,8692,HTTP Request,200,OK,Config 3: Exp15 1-60,text,true,,231,158,231,231,http://localhost:8079/?token=518504778&user=-1355064518&config=3,8692,0,0
1777970214023,8700,HTTP Request,200,OK,Config 3: Exp15 1-47,text,true,,231,158,231,231,http://localhost:8079/?token=518504778&user=-1355064518&config=3,8700,0,0
1777970214036,8693,HTTP Request,200,OK,Config 3: Exp15 1-59,text,true,,231,158,231,231,http://localhost:8079/?token=518504778&user=-1355064518&config=3,8693,0,0
1777970214026,8703,HTTP Request,200,OK,Config 3: Exp15 1-67,text,true,,231,158,231,231,http://localhost:8079/?token=518504778&user=-1355064518&config=3,8703,0,0
1777970214024,8699,HTTP Request,200,OK,Config 3: Exp15 1-27,text,true,,231,158,231,231,http://localhost:8079/?token=518504778&user=-1355064518&config=3,8699,0,0
1777970214024,14382,HTTP Request,200,OK,Config 3: Exp15 1-28,text,true,,231,158,242,242,http://localhost:8079/?token=518504778&user=-1355064518&config=3,14382,0,0
1777970214024,14382,HTTP Request,200,OK,Config 3: Exp15 1-48,text,true,,231,158,242,242,http://localhost:8079/?token=518504778&user=-1355064518&config=3,14382,0,0
1777970214037,14370,HTTP Request,200,OK,Config 3: Exp15 1-155,text,true,,231,158,242,242,http://localhost:8079/?token=518504778&user=-1355064518&config=3,14370,0,0
1777970214025,14381,HTTP Request,200,OK,Config 3: Exp15 1-50,text,true,,231,158,242,242,http://localhost:8079/?token=518504778&user=-1355064518&config=3,14381,0,0
1777970214024,14383,HTTP Request,200,OK,Config 3: Exp15 1-72,text,true,,231,158,242,242,http://localhost:8079/?token=518504778&user=-1355064518&config=3,14383,0,0
1777970214021,14386,HTTP Request,200,OK,Config 3: Exp15 1-40,text,true,,231,158,242,242,http://localhost:8079/?token=518504778&user=-1355064518&config=3,14386,0,1
1777970214021,14385,HTTP Request,200,OK,Config 3: Exp15 1-73,text,true,,231,158,242,242,http://localhost:8079/?token=518504778&user=-1355064518&config=3,14385,0,1
1777970214025,14381,HTTP Request,200,OK,Config 3: Exp15 1-55,text,true,,231,158,242,242,http://localhost:8079/?token=518504778&user=-1355064518&config=3,14381,0,0
1777970214024,14382,HTTP Request,200,OK,Config 3: Exp15 1-34,text,true,,231,158,242,242,http://localhost:8079/?token=518504778&user=-1355064518&config=3,14382,0,0
1777970214021,14385,HTTP Request,200,OK,Config 3: Exp15 1-16,text,true,,231,158,242,242,http://localhost:8079/?token=518504778&user=-1355064518&config=3,14385,0,1
1777970214024,14382,HTTP Request,200,OK,Config 3: Exp15 1-3,text,true,,231,158,242,242,http://localhost:8079/?token=518504778&user=-1355064518&config=3,14382,0,0
1777970214025,14381,HTTP Request,200,OK,Config 3: Exp15 1-52,text,true,,231,158,242,242,http://localhost:8079/?token=518504778&user=-1355064518&config=3,14381,0,0
1777970214021,14385,HTTP Request,200,OK,Config 3: Exp15 1-61,text,true,,231,158,242,242,http://localhost:8079/?token=518504778&user=-1355064518&config=3,14385,0,1
1777970214025,14381,HTTP Request,200,OK,Config 3: Exp15 1-65,text,true,,231,158,242,242,http://localhost:8079/?token=518504778&user=-1355064518&config=3,14381,0,0
1777970214024,14382,HTTP Request,200,OK,Config 3: Exp15 1-31,text,true,,231,158,242,242,http://localhost:8079/?token=518504778&user=-1355064518&config=3,14382,0,0
1777970214021,14388,HTTP Request,200,OK,Config 3: Exp15 1-15,text,true,,231,158,242,242,http://localhost:8079/?token=518504778&user=-1355064518&config=3,14388,0,1
1777970214024,14385,HTTP Request,200,OK,Config 3: Exp15 1-29,text,true,,231,158,242,242,http://localhost:8079/?token=518504778&user=-1355064518&config=3,14385,0,0
1777970214024,14385,HTTP Request,200,OK,Config 3: Exp15 1-22,text,true,,231,158,242,242,http://localhost:8079/?token=518504778&user=-1355064518&config=3,14385,0,0
1777970214024,14385,HTTP Request,200,OK,Config 3: Exp15 1-36,text,true,,231,158,242,242,http://localhost:8079/?token=518504778&user=-1355064518&config=3,14385,0,0
1777970214023,14386,HTTP Request,200,OK,Config 3: Exp15 1-39,text,true,,231,158,242,242,http://localhost:8079/?token=518504778&user=-1355064518&config=3,14386,0,1
1777970214042,14368,HTTP Request,200,OK,Config 3: Exp15 1-174,text,true,,231,158,242,242,http://localhost:8079/?token=518504778&user=-1355064518&config=3,14367,0,0
1777970214042,14368,HTTP Request,200,OK,Config 3: Exp15 1-97,text,true,,231,158,242,242,http://localhost:8079/?token=518504778&user=-1355064518&config=3,14367,0,0
1777970214038,14372,HTTP Request,200,OK,Config 3: Exp15 1-154,text,true,,231,158,242,242,http://localhost:8079/?token=518504778&user=-1355064518&config=3,14371,0,1
1777970214042,14368,HTTP Request,200,OK,Config 3: Exp15 1-94,text,true,,231,158,242,242,http://localhost:8079/?token=518504778&user=-1355064518&config=3,14367,0,0
1777970214042,14368,HTTP Request,200,OK,Config 3: Exp15 1-78,text,true,,231,158,242,242,http://localhost:8079/?token=518504778&user=-1355064518&config=3,14368,0,0
1777970214037,14374,HTTP Request,200,OK,Config 3: Exp15 1-136,text,true,,231,158,242,242,http://localhost:8079/?token=518504778&user=-1355064518&config=3,14374,0,0
1777970214021,14390,HTTP Request,200,OK,Config 3: Exp15 1-19,text,true,,231,158,242,242,http://localhost:8079/?token=518504778&user=-1355064518&config=3,14390,0,1
1777970214021,14390,HTTP Request,200,OK,Config 3: Exp15 1-86,text,true,,231,158,242,242,http://localhost:8079/?token=518504778&user=-1355064518&config=3,14390,0,1
1777970214042,14369,HTTP Request,200,OK,Config 3: Exp15 1-93,text,true,,231,158,242,242,http://localhost:8079/?token=518504778&user=-1355064518&config=3,14369,0,0
1777970214042,14377,HTTP Request,200,OK,Config 3: Exp15 1-41,text,true,,231,158,242,242,http://localhost:8079/?token=518504778&user=-1355064518&config=3,14377,0,0
1777970214042,14377,HTTP Request,200,OK,Config 3: Exp15 1-74,text,true,,231,158,242,242,http://localhost:8079/?token=518504778&user=-1355064518&config=3,14377,0,0
1777970214042,14377,HTTP Request,200,OK,Config 3: Exp15 1-99,text,true,,231,158,242,242,http://localhost:8079/?token=518504778&user=-1355064518&config=3,14377,0,0
1777970214043,14376,HTTP Request,200,OK,Config 3: Exp15 1-137,text,true,,231,158,242,242,http://localhost:8079/?token=518504778&user=-1355064518&config=3,14376,0,0
1777970214042,14377,HTTP Request,200,OK,Config 3: Exp15 1-64,text,true,,231,158,242,242,http://localhost:8079/?token=518504778&user=-1355064518&config=3,14377,0,1
1777970214043,14376,HTTP Request,200,OK,Config 3: Exp15 1-138,text,true,,231,158,242,242,http://localhost:8079/?token=518504778&user=-1355064518&config=3,14376,0,0
1777970214227,14199,HTTP Request,200,OK,Config 3: Exp15 1-214,text,true,,231,158,242,242,http://localhost:8079/?token=518504778&user=-1355064518&config=3,14199,0,0
1777970214042,14384,HTTP Request,200,OK,Config 3: Exp15 1-135,text,true,,231,158,242,242,http://localhost:8079/?token=518504778&user=-1355064518&config=3,14384,0,0
1777970214043,14383,HTTP Request,200,OK,Config 3: Exp15 1-200,text,true,,231,158,242,242,http://localhost:8079/?token=518504778&user=-1355064518&config=3,14383,0,0
1777970218273,10158,HTTP Request,200,OK,Config 3: Exp15 1-134,text,true,,231,158,242,242,http://localhost:8079/?token=518504778&user=-1355064518&config=3,10158,0,0
1777970218273,10158,HTTP Request,200,OK,Config 3: Exp15 1-176,text,true,,231,158,242,242,http://localhost:8079/?token=518504778&user=-1355064518&config=3,10158,0,0
1777970214042,14389,HTTP Request,200,OK,Config 3: Exp15 1-76,text,true,,231,158,242,242,http://localhost:8079/?token=518504778&user=-1355064518&config=3,14389,0,0
1777970218338,10093,HTTP Request,200,OK,Config 3: Exp15 1-44,text,true,,231,158,242,242,http://localhost:8079/?token=518504778&user=-1355064518&config=3,10093,0,0
1777970218277,10154,HTTP Request,200,OK,Config 3: Exp15 1-196,text,true,,231,158,242,242,http://localhost:8079/?token=518504778&user=-1355064518&config=3,10154,0,0
1777970218338,10093,HTTP Request,200,OK,Config 3: Exp15 1-173,text,true,,231,158,242,242,http://localhost:8079/?token=518504778&user=-1355064518&config=3,10093,0,0
1777970218273,10158,HTTP Request,200,OK,Config 3: Exp15 1-177,text,true,,231,158,242,242,http://localhost:8079/?token=518504778&user=-1355064518&config=3,10158,0,0
1777970218277,10154,HTTP Request,200,OK,Config 3: Exp15 1-198,text,true,,231,158,242,242,http://localhost:8079/?token=518504778&user=-1355064518&config=3,10154,0,0
1777970218338,10093,HTTP Request,200,OK,Config 3: Exp15 1-199,text,true,,231,158,242,242,http://localhost:8079/?token=518504778&user=-1355064518&config=3,10093,0,0
1777970218277,10154,HTTP Request,200,OK,Config 3: Exp15 1-197,text,true,,231,158,242,242,http://localhost:8079/?token=518504778&user=-1355064518&config=3,10154,0,0
1777970218338,10890,HTTP Request,200,OK,Config 3: Exp15 1-153,text,true,,231,158,244,244,http://localhost:8079/?token=518504778&user=-1355064518&config=3,10890,0,0
1777970220648,8678,HTTP Request,500,Internal Server Error,Config 3: Exp15 1-227,text,false,,233,158,244,244,http://localhost:8079/?token=518504778&user=-1355064518&config=3,8678,0,1
1777970221142,8184,HTTP Request,500,Internal Server Error,Config 3: Exp15 1-228,text,false,,233,158,244,244,http://localhost:8079/?token=518504778&user=-1355064518&config=3,8184,0,1
1777970215215,15652,HTTP Request,200,OK,Config 3: Exp15 1-216,text,true,,231,158,247,247,http://localhost:8079/?token=518504778&user=-1355064518&config=3,15652,0,0
1777970215708,15159,HTTP Request,200,OK,Config 3: Exp15 1-217,text,true,,231,158,247,247,http://localhost:8079/?token=518504778&user=-1355064518&config=3,15159,0,1
1777970214721,16146,HTTP Request,200,OK,Config 3: Exp15 1-215,text,true,,231,158,247,247,http://localhost:8079/?token=518504778&user=-1355064518&config=3,16146,0,0
1777970216202,14665,HTTP Request,200,OK,Config 3: Exp15 1-218,text,true,,231,158,247,247,http://localhost:8079/?token=518504778&user=-1355064518&config=3,14665,0,0
1777970216697,14259,HTTP Request,200,OK,Config 3: Exp15 1-219,text,true,,231,158,247,247,http://localhost:8079/?token=518504778&user=-1355064518&config=3,14259,0,0
1777970217684,13272,HTTP Request,200,OK,Config 3: Exp15 1-221,text,true,,231,158,247,247,http://localhost:8079/?token=518504778&user=-1355064518&config=3,13272,0,1
1777970217190,13812,HTTP Request,200,OK,Config 3: Exp15 1-220,text,true,,231,158,247,247,http://localhost:8079/?token=518504778&user=-1355064518&config=3,13812,0,0
1777970218273,14877,HTTP Request,200,OK,Config 3: Exp15 1-162,text,true,,231,158,252,252,http://localhost:8079/?token=518504778&user=-1355064518&config=3,14877,0,0
1777970218273,14877,HTTP Request,200,OK,Config 3: Exp15 1-195,text,true,,231,158,252,252,http://localhost:8079/?token=518504778&user=-1355064518&config=3,14877,0,0
1777970218273,14877,HTTP Request,200,OK,Config 3: Exp15 1-194,text,true,,231,158,252,252,http://localhost:8079/?token=518504778&user=-1355064518&config=3,14877,0,0
1777970218179,14971,HTTP Request,200,OK,Config 3: Exp15 1-222,text,true,,231,158,252,252,http://localhost:8079/?token=518504778&user=-1355064518&config=3,14971,0,0
1777970218338,14958,HTTP Request,200,OK,Config 3: Exp15 1-80,text,true,,231,158,252,252,http://localhost:8079/?token=518504778&user=-1355064518&config=3,14958,0,1
1777970218338,14958,HTTP Request,200,OK,Config 3: Exp15 1-62,text,true,,231,158,252,252,http://localhost:8079/?token=518504778&user=-1355064518&config=3,14958,0,1
1777970218338,14958,HTTP Request,200,OK,Config 3: Exp15 1-77,text,true,,231,158,252,252,http://localhost:8079/?token=518504778&user=-1355064518&config=3,14958,0,1
1777970218672,14624,HTTP Request,200,OK,Config 3: Exp15 1-223,text,true,,231,158,252,252,http://localhost:8079/?token=518504778&user=-1355064518&config=3,14624,0,0
1777970219168,14129,HTTP Request,200,OK,Config 3: Exp15 1-224,text,true,,231,158,252,252,http://localhost:8079/?token=518504778&user=-1355064518&config=3,14129,0,1
1777970219326,14309,HTTP Request,200,OK,Config 3: Exp15 1-166,text,true,,231,158,253,253,http://localhost:8079/?token=518504778&user=-1355064518&config=3,14309,0,0
1777970219341,14294,HTTP Request,200,OK,Config 3: Exp15 1-157,text,true,,231,158,253,253,http://localhost:8079/?token=518504778&user=-1355064518&config=3,14294,0,0
1777970219325,14310,HTTP Request,200,OK,Config 3: Exp15 1-130,text,true,,231,158,253,253,http://localhost:8079/?token=518504778&user=-1355064518&config=3,14310,0,0
1777970219325,14310,HTTP Request,200,OK,Config 3: Exp15 1-156,text,true,,231,158,253,253,http://localhost:8079/?token=518504778&user=-1355064518&config=3,14310,0,0
1777970219337,14298,HTTP Request,200,OK,Config 3: Exp15 1-146,text,true,,231,158,253,253,http://localhost:8079/?token=518504778&user=-1355064518&config=3,14298,0,0
1777970219323,14313,HTTP Request,200,OK,Config 3: Exp15 1-201,text,true,,231,158,253,253,http://localhost:8079/?token=518504778&user=-1355064518&config=3,14313,0,0
1777970219342,14294,HTTP Request,200,OK,Config 3: Exp15 1-182,text,true,,231,158,253,253,http://localhost:8079/?token=518504778&user=-1355064518&config=3,14294,0,0
1777970219326,14310,HTTP Request,200,OK,Config 3: Exp15 1-133,text,true,,231,158,253,253,http://localhost:8079/?token=518504778&user=-1355064518&config=3,14310,0,0
1777970219342,14294,HTTP Request,200,OK,Config 3: Exp15 1-181,text,true,,231,158,253,253,http://localhost:8079/?token=518504778&user=-1355064518&config=3,14294,0,0
1777970219324,14312,HTTP Request,200,OK,Config 3: Exp15 1-131,text,true,,231,158,253,253,http://localhost:8079/?token=518504778&user=-1355064518&config=3,14312,0,0
1777970219326,14310,HTTP Request,200,OK,Config 3: Exp15 1-158,text,true,,231,158,253,253,http://localhost:8079/?token=518504778&user=-1355064518&config=3,14310,0,0
1777970219323,14313,HTTP Request,200,OK,Config 3: Exp15 1-139,text,true,,231,158,253,253,http://localhost:8079/?token=518504778&user=-1355064518&config=3,14313,0,0
1777970219323,14313,HTTP Request,200,OK,Config 3: Exp15 1-175,text,true,,231,158,253,253,http://localhost:8079/?token=518504778&user=-1355064518&config=3,14313,0,0
1777970219326,14311,HTTP Request,200,OK,Config 3: Exp15 1-132,text,true,,231,158,253,253,http://localhost:8079/?token=518504778&user=-1355064518&config=3,14311,0,0
1777970219342,14296,HTTP Request,200,OK,Config 3: Exp15 1-58,text,true,,231,158,253,253,http://localhost:8079/?token=518504778&user=-1355064518&config=3,14296,0,0
1777970219326,14312,HTTP Request,200,OK,Config 3: Exp15 1-140,text,true,,231,158,253,253,http://localhost:8079/?token=518504778&user=-1355064518&config=3,14312,0,0
1777970219342,14299,HTTP Request,200,OK,Config 3: Exp15 1-185,text,true,,231,158,253,253,http://localhost:8079/?token=518504778&user=-1355064518&config=3,14299,0,0
1777970219323,14318,HTTP Request,200,OK,Config 3: Exp15 1-98,text,true,,231,158,253,253,http://localhost:8079/?token=518504778&user=-1355064518&config=3,14318,0,1
1777970219323,14318,HTTP Request,200,OK,Config 3: Exp15 1-81,text,true,,231,158,253,253,http://localhost:8079/?token=518504778&user=-1355064518&config=3,14318,0,1
1777970219323,14318,HTTP Request,200,OK,Config 3: Exp15 1-63,text,true,,231,158,253,253,http://localhost:8079/?token=518504778&user=-1355064518&config=3,14318,0,1
1777970219342,14299,HTTP Request,200,OK,Config 3: Exp15 1-183,text,true,,231,158,253,253,http://localhost:8079/?token=518504778&user=-1355064518&config=3,14299,0,0
1777970219343,14298,HTTP Request,200,OK,Config 3: Exp15 1-124,text,true,,231,158,253,253,http://localhost:8079/?token=518504778&user=-1355064518&config=3,14298,0,0
1777970219343,14298,HTTP Request,200,OK,Config 3: Exp15 1-113,text,true,,231,158,253,253,http://localhost:8079/?token=518504778&user=-1355064518&config=3,14298,0,0
1777970219342,14299,HTTP Request,200,OK,Config 3: Exp15 1-119,text,true,,231,158,253,253,http://localhost:8079/?token=518504778&user=-1355064518&config=3,14299,0,0
1777970219343,14298,HTTP Request,200,OK,Config 3: Exp15 1-114,text,true,,231,158,253,253,http://localhost:8079/?token=518504778&user=-1355064518&config=3,14298,0,0
1777970219343,14303,HTTP Request,200,OK,Config 3: Exp15 1-104,text,true,,231,158,253,253,http://localhost:8079/?token=518504778&user=-1355064518&config=3,14303,0,0
1777970219342,14304,HTTP Request,200,OK,Config 3: Exp15 1-184,text,true,,231,158,253,253,http://localhost:8079/?token=518504778&user=-1355064518&config=3,14304,0,0
1777970219343,14303,HTTP Request,200,OK,Config 3: Exp15 1-125,text,true,,231,158,253,253,http://localhost:8079/?token=518504778&user=-1355064518&config=3,14303,0,0
1777970219324,14323,HTTP Request,200,OK,Config 3: Exp15 1-84,text,true,,231,158,253,253,http://localhost:8079/?token=518504778&user=-1355064518&config=3,14323,0,0
1777970219325,14322,HTTP Request,200,OK,Config 3: Exp15 1-82,text,true,,231,158,253,253,http://localhost:8079/?token=518504778&user=-1355064518&config=3,14322,0,0
1777970219337,14310,HTTP Request,200,OK,Config 3: Exp15 1-95,text,true,,231,158,253,253,http://localhost:8079/?token=518504778&user=-1355064518&config=3,14310,0,1
1777970219660,13995,HTTP Request,200,OK,Config 3: Exp15 1-225,text,true,,231,158,253,253,http://localhost:8079/?token=518504778&user=-1355064518&config=3,13995,0,0
1777970219324,14331,HTTP Request,200,OK,Config 3: Exp15 1-96,text,true,,231,158,253,253,http://localhost:8079/?token=518504778&user=-1355064518&config=3,14331,0,0
1777970219343,14312,HTTP Request,200,OK,Config 3: Exp15 1-145,text,true,,231,158,253,253,http://localhost:8079/?token=518504778&user=-1355064518&config=3,14312,0,0
1777970219342,14313,HTTP Request,200,OK,Config 3: Exp15 1-123,text,true,,231,158,253,253,http://localhost:8079/?token=518504778&user=-1355064518&config=3,14313,0,1
1777970219344,14311,HTTP Request,200,OK,Config 3: Exp15 1-211,text,true,,231,158,253,253,http://localhost:8079/?token=518504778&user=-1355064518&config=3,14311,0,0
1777970219325,14330,HTTP Request,200,OK,Config 3: Exp15 1-75,text,true,,231,158,253,253,http://localhost:8079/?token=518504778&user=-1355064518&config=3,14330,0,0
1777970219342,14313,HTTP Request,200,OK,Config 3: Exp15 1-187,text,true,,231,158,253,253,http://localhost:8079/?token=518504778&user=-1355064518&config=3,14313,0,1
1777970219344,14311,HTTP Request,200,OK,Config 3: Exp15 1-212,text,true,,231,158,253,253,http://localhost:8079/?token=518504778&user=-1355064518&config=3,14311,0,0
1777970219344,14311,HTTP Request,200,OK,Config 3: Exp15 1-213,text,true,,231,158,253,253,http://localhost:8079/?token=518504778&user=-1355064518&config=3,14311,0,0
1777970219342,14313,HTTP Request,200,OK,Config 3: Exp15 1-83,text,true,,231,158,253,253,http://localhost:8079/?token=518504778&user=-1355064518&config=3,14313,0,1
1777970219325,14330,HTTP Request,200,OK,Config 3: Exp15 1-85,text,true,,231,158,253,253,http://localhost:8079/?token=518504778&user=-1355064518&config=3,14330,0,0
1777970219343,14312,HTTP Request,200,OK,Config 3: Exp15 1-109,text,true,,231,158,253,253,http://localhost:8079/?token=518504778&user=-1355064518&config=3,14312,0,0
1777970219324,14332,HTTP Request,200,OK,Config 3: Exp15 1-92,text,true,,231,158,253,253,http://localhost:8079/?token=518504778&user=-1355064518&config=3,14332,0,0
1777970219343,14313,HTTP Request,200,OK,Config 3: Exp15 1-103,text,true,,231,158,253,253,http://localhost:8079/?token=518504778&user=-1355064518&config=3,14313,0,0
1777970219342,14314,HTTP Request,200,OK,Config 3: Exp15 1-79,text,true,,231,158,253,253,http://localhost:8079/?token=518504778&user=-1355064518&config=3,14314,0,1
1777970220155,13502,HTTP Request,200,OK,Config 3: Exp15 1-226,text,true,,231,158,253,253,http://localhost:8079/?token=518504778&user=-1355064518&config=3,13502,0,1
1777970223118,10658,HTTP Request,500,Internal Server Error,Config 3: Exp15 1-232,text,false,,233,158,253,253,http://localhost:8079/?token=518504778&user=-1355064518&config=3,10658,0,1
1777970221636,12334,HTTP Request,200,OK,Config 3: Exp15 1-229,text,true,,231,158,253,253,http://localhost:8079/?token=518504778&user=-1355064518&config=3,12334,0,1
1777970222130,11840,HTTP Request,200,OK,Config 3: Exp15 1-230,text,true,,231,158,253,253,http://localhost:8079/?token=518504778&user=-1355064518&config=3,11840,0,0
1777970224108,9867,HTTP Request,500,Internal Server Error,Config 3: Exp15 1-234,text,false,,233,158,253,253,http://localhost:8079/?token=518504778&user=-1355064518&config=3,9867,0,1
1777970224602,9374,HTTP Request,500,Internal Server Error,Config 3: Exp15 1-235,text,false,,233,158,253,253,http://localhost:8079/?token=518504778&user=-1355064518&config=3,9374,0,1
1777970225095,8881,HTTP Request,500,Internal Server Error,Config 3: Exp15 1-236,text,false,,233,158,253,253,http://localhost:8079/?token=518504778&user=-1355064518&config=3,8881,0,1
1777970225589,8389,HTTP Request,500,Internal Server Error,Config 3: Exp15 1-237,text,false,,233,158,253,253,http://localhost:8079/?token=518504778&user=-1355064518&config=3,8388,0,0
1777970226083,7895,HTTP Request,500,Internal Server Error,Config 3: Exp15 1-238,text,false,,233,158,253,253,http://localhost:8079/?token=518504778&user=-1355064518&config=3,7894,0,1
1777970222339,13117,HTTP Request,200,OK,Config 3: Exp15 1-117,text,true,,231,158,256,256,http://localhost:8079/?token=518504778&user=-1355064518&config=3,13117,0,0
1777970222339,13118,HTTP Request,200,OK,Config 3: Exp15 1-116,text,true,,231,158,256,256,http://localhost:8079/?token=518504778&user=-1355064518&config=3,13118,0,0
1777970222340,13117,HTTP Request,200,OK,Config 3: Exp15 1-142,text,true,,231,158,256,256,http://localhost:8079/?token=518504778&user=-1355064518&config=3,13117,0,0
1777970222339,13118,HTTP Request,200,OK,Config 3: Exp15 1-115,text,true,,231,158,256,256,http://localhost:8079/?token=518504778&user=-1355064518&config=3,13118,0,0
1777970222340,13117,HTTP Request,200,OK,Config 3: Exp15 1-141,text,true,,231,158,256,256,http://localhost:8079/?token=518504778&user=-1355064518&config=3,13117,0,0
1777970222340,13117,HTTP Request,200,OK,Config 3: Exp15 1-129,text,true,,231,158,256,256,http://localhost:8079/?token=518504778&user=-1355064518&config=3,13117,0,0
1777970222340,13117,HTTP Request,200,OK,Config 3: Exp15 1-160,text,true,,231,158,256,256,http://localhost:8079/?token=518504778&user=-1355064518&config=3,13117,0,0
1777970222346,13136,HTTP Request,200,OK,Config 3: Exp15 1-202,text,true,,231,158,257,257,http://localhost:8079/?token=518504778&user=-1355064518&config=3,13136,0,0
1777970222348,13134,HTTP Request,200,OK,Config 3: Exp15 1-180,text,true,,231,158,257,257,http://localhost:8079/?token=518504778&user=-1355064518&config=3,13134,0,0
1777970222348,13134,HTTP Request,200,OK,Config 3: Exp15 1-205,text,true,,231,158,257,257,http://localhost:8079/?token=518504778&user=-1355064518&config=3,13134,0,0
1777970222349,13133,HTTP Request,200,OK,Config 3: Exp15 1-186,text,true,,231,158,257,257,http://localhost:8079/?token=518504778&user=-1355064518&config=3,13133,0,0
1777970222347,13135,HTTP Request,200,OK,Config 3: Exp15 1-204,text,true,,231,158,257,257,http://localhost:8079/?token=518504778&user=-1355064518&config=3,13135,0,0
1777970222348,13134,HTTP Request,200,OK,Config 3: Exp15 1-206,text,true,,231,158,257,257,http://localhost:8079/?token=518504778&user=-1355064518&config=3,13134,0,0
1777970222347,13135,HTTP Request,200,OK,Config 3: Exp15 1-203,text,true,,231,158,257,257,http://localhost:8079/?token=518504778&user=-1355064518&config=3,13135,0,0
1777970222348,13134,HTTP Request,200,OK,Config 3: Exp15 1-207,text,true,,231,158,257,257,http://localhost:8079/?token=518504778&user=-1355064518&config=3,13134,0,0
1777970222347,13135,HTTP Request,200,OK,Config 3: Exp15 1-179,text,true,,231,158,257,257,http://localhost:8079/?token=518504778&user=-1355064518&config=3,13135,0,0
1777970222347,13135,HTTP Request,200,OK,Config 3: Exp15 1-178,text,true,,231,158,257,257,http://localhost:8079/?token=518504778&user=-1355064518&config=3,13135,0,0
1777970222349,13133,HTTP Request,200,OK,Config 3: Exp15 1-208,text,true,,231,158,257,257,http://localhost:8079/?token=518504778&user=-1355064518&config=3,13133,0,0
1777970222341,13141,HTTP Request,200,OK,Config 3: Exp15 1-168,text,true,,231,158,257,257,http://localhost:8079/?token=518504778&user=-1355064518&config=3,13141,0,0
1777970222349,13133,HTTP Request,200,OK,Config 3: Exp15 1-121,text,true,,231,158,257,257,http://localhost:8079/?token=518504778&user=-1355064518&config=3,13133,0,0
1777970222344,13138,HTTP Request,200,OK,Config 3: Exp15 1-167,text,true,,231,158,257,257,http://localhost:8079/?token=518504778&user=-1355064518&config=3,13138,0,0
1777970222349,13133,HTTP Request,200,OK,Config 3: Exp15 1-122,text,true,,231,158,257,257,http://localhost:8079/?token=518504778&user=-1355064518&config=3,13133,0,0
1777970222344,13138,HTTP Request,200,OK,Config 3: Exp15 1-71,text,true,,231,158,257,257,http://localhost:8079/?token=518504778&user=-1355064518&config=3,13138,0,0
1777970222341,13141,HTTP Request,200,OK,Config 3: Exp15 1-18,text,true,,231,158,257,257,http://localhost:8079/?token=518504778&user=-1355064518&config=3,13141,0,0
1777970222349,13133,HTTP Request,200,OK,Config 3: Exp15 1-210,text,true,,231,158,257,257,http://localhost:8079/?token=518504778&user=-1355064518&config=3,13133,0,0
1777970222349,13133,HTTP Request,200,OK,Config 3: Exp15 1-209,text,true,,231,158,257,257,http://localhost:8079/?token=518504778&user=-1355064518&config=3,13133,0,0
1777970222349,13133,HTTP Request,200,OK,Config 3: Exp15 1-105,text,true,,231,158,257,257,http://localhost:8079/?token=518504778&user=-1355064518&config=3,13133,0,0
1777970222346,13136,HTTP Request,200,OK,Config 3: Exp15 1-21,text,true,,231,158,257,257,http://localhost:8079/?token=518504778&user=-1355064518&config=3,13136,0,0
1777970222341,13141,HTTP Request,200,OK,Config 3: Exp15 1-20,text,true,,231,158,257,257,http://localhost:8079/?token=518504778&user=-1355064518&config=3,13141,0,0
1777970222349,13133,HTTP Request,200,OK,Config 3: Exp15 1-120,text,true,,231,158,257,257,http://localhost:8079/?token=518504778&user=-1355064518&config=3,13133,0,0
1777970222339,13143,HTTP Request,200,OK,Config 3: Exp15 1-118,text,true,,231,158,257,257,http://localhost:8079/?token=518504778&user=-1355064518&config=3,13143,0,0
1777970222340,13142,HTTP Request,200,OK,Config 3: Exp15 1-13,text,true,,231,158,257,257,http://localhost:8079/?token=518504778&user=-1355064518&config=3,13142,0,0
1777970222340,13142,HTTP Request,200,OK,Config 3: Exp15 1-108,text,true,,231,158,257,257,http://localhost:8079/?token=518504778&user=-1355064518&config=3,13142,0,0
1777970222349,13133,HTTP Request,200,OK,Config 3: Exp15 1-107,text,true,,231,158,257,257,http://localhost:8079/?token=518504778&user=-1355064518&config=3,13133,0,0
1777970222341,13141,HTTP Request,200,OK,Config 3: Exp15 1-143,text,true,,231,158,257,257,http://localhost:8079/?token=518504778&user=-1355064518&config=3,13141,0,0
1777970222340,13142,HTTP Request,200,OK,Config 3: Exp15 1-144,text,true,,231,158,257,257,http://localhost:8079/?token=518504778&user=-1355064518&config=3,13142,0,0
1777970222340,13142,HTTP Request,200,OK,Config 3: Exp15 1-14,text,true,,231,158,257,257,http://localhost:8079/?token=518504778&user=-1355064518&config=3,13142,0,0
1777970222342,13140,HTTP Request,200,OK,Config 3: Exp15 1-159,text,true,,231,158,257,257,http://localhost:8079/?token=518504778&user=-1355064518&config=3,13140,0,0
1777970222341,13141,HTTP Request,200,OK,Config 3: Exp15 1-112,text,true,,231,158,257,257,http://localhost:8079/?token=518504778&user=-1355064518&config=3,13141,0,0
1777970222341,13141,HTTP Request,200,OK,Config 3: Exp15 1-5,text,true,,231,158,257,257,http://localhost:8079/?token=518504778&user=-1355064518&config=3,13141,0,0
1777970222341,13141,HTTP Request,200,OK,Config 3: Exp15 1-6,text,true,,231,158,257,257,http://localhost:8079/?token=518504778&user=-1355064518&config=3,13141,0,0
1777970222343,13140,HTTP Request,200,OK,Config 3: Exp15 1-165,text,true,,231,158,257,257,http://localhost:8079/?token=518504778&user=-1355064518&config=3,13140,0,0
1777970222340,13143,HTTP Request,200,OK,Config 3: Exp15 1-42,text,true,,231,158,257,257,http://localhost:8079/?token=518504778&user=-1355064518&config=3,13143,0,0
1777970222341,13142,HTTP Request,200,OK,Config 3: Exp15 1-38,text,true,,231,158,257,257,http://localhost:8079/?token=518504778&user=-1355064518&config=3,13142,0,0
1777970222344,13139,HTTP Request,200,OK,Config 3: Exp15 1-163,text,true,,231,158,257,257,http://localhost:8079/?token=518504778&user=-1355064518&config=3,13139,0,0
1777970222343,13140,HTTP Request,200,OK,Config 3: Exp15 1-164,text,true,,231,158,257,257,http://localhost:8079/?token=518504778&user=-1355064518&config=3,13140,0,0
1777970222346,13137,HTTP Request,200,OK,Config 3: Exp15 1-35,text,true,,231,158,257,257,http://localhost:8079/?token=518504778&user=-1355064518&config=3,13137,0,0
1777970222341,13142,HTTP Request,200,OK,Config 3: Exp15 1-1,text,true,,231,158,257,257,http://localhost:8079/?token=518504778&user=-1355064518&config=3,13142,0,0
1777970222344,13139,HTTP Request,200,OK,Config 3: Exp15 1-4,text,true,,231,158,257,257,http://localhost:8079/?token=518504778&user=-1355064518&config=3,13139,0,0
1777970222344,13139,HTTP Request,200,OK,Config 3: Exp15 1-37,text,true,,231,158,257,257,http://localhost:8079/?token=518504778&user=-1355064518&config=3,13139,0,0
1777970222341,13142,HTTP Request,200,OK,Config 3: Exp15 1-161,text,true,,231,158,257,257,http://localhost:8079/?token=518504778&user=-1355064518&config=3,13142,0,0
1777970222344,13139,HTTP Request,200,OK,Config 3: Exp15 1-69,text,true,,231,158,257,257,http://localhost:8079/?token=518504778&user=-1355064518&config=3,13139,0,0
1777970222342,13141,HTTP Request,200,OK,Config 3: Exp15 1-30,text,true,,231,158,257,257,http://localhost:8079/?token=518504778&user=-1355064518&config=3,13141,0,0
1777970222346,13137,HTTP Request,200,OK,Config 3: Exp15 1-152,text,true,,231,158,257,257,http://localhost:8079/?token=518504778&user=-1355064518&config=3,13137,0,0
1777970222344,13139,HTTP Request,200,OK,Config 3: Exp15 1-17,text,true,,231,158,257,257,http://localhost:8079/?token=518504778&user=-1355064518&config=3,13139,0,0
1777970222346,13137,HTTP Request,200,OK,Config 3: Exp15 1-70,text,true,,231,158,257,257,http://localhost:8079/?token=518504778&user=-1355064518&config=3,13137,0,0
1777970222346,13137,HTTP Request,200,OK,Config 3: Exp15 1-66,text,true,,231,158,257,257,http://localhost:8079/?token=518504778&user=-1355064518&config=3,13137,0,0
1777970222346,13137,HTTP Request,200,OK,Config 3: Exp15 1-190,text,true,,231,158,257,257,http://localhost:8079/?token=518504778&user=-1355064518&config=3,13137,0,0
1777970222347,13136,HTTP Request,200,OK,Config 3: Exp15 1-188,text,true,,231,158,257,257,http://localhost:8079/?token=518504778&user=-1355064518&config=3,13136,0,0
1777970222344,13139,HTTP Request,200,OK,Config 3: Exp15 1-106,text,true,,231,158,257,257,http://localhost:8079/?token=518504778&user=-1355064518&config=3,13139,0,0
1777970222344,13139,HTTP Request,200,OK,Config 3: Exp15 1-192,text,true,,231,158,257,257,http://localhost:8079/?token=518504778&user=-1355064518&config=3,13139,0,0
1777970222346,13137,HTTP Request,200,OK,Config 3: Exp15 1-189,text,true,,231,158,257,257,http://localhost:8079/?token=518504778&user=-1355064518&config=3,13137,0,0
1777970222345,13138,HTTP Request,200,OK,Config 3: Exp15 1-191,text,true,,231,158,257,257,http://localhost:8079/?token=518504778&user=-1355064518&config=3,13138,0,0
1777970222645,14106,HTTP Request,200,OK,Config 3: Exp15 1-151,text,true,,231,158,259,259,http://localhost:8079/?token=518504778&user=-1355064518&config=3,14106,0,0
1777970222721,14032,HTTP Request,200,OK,Config 3: Exp15 1-126,text,true,,231,158,259,259,http://localhost:8079/?token=518504778&user=-1355064518&config=3,14032,0,0
1777970222657,14096,HTTP Request,200,OK,Config 3: Exp15 1-10,text,true,,231,158,259,259,http://localhost:8079/?token=518504778&user=-1355064518&config=3,14096,0,0
1777970222657,14096,HTTP Request,200,OK,Config 3: Exp15 1-147,text,true,,231,158,259,259,http://localhost:8079/?token=518504778&user=-1355064518&config=3,14096,0,0
1777970222721,14032,HTTP Request,200,OK,Config 3: Exp15 1-8,text,true,,231,158,259,259,http://localhost:8079/?token=518504778&user=-1355064518&config=3,14032,0,0
1777970222722,14031,HTTP Request,200,OK,Config 3: Exp15 1-25,text,true,,231,158,259,259,http://localhost:8079/?token=518504778&user=-1355064518&config=3,14031,0,0
1777970222729,14024,HTTP Request,200,OK,Config 3: Exp15 1-60,text,true,,231,158,259,259,http://localhost:8079/?token=518504778&user=-1355064518&config=3,14024,0,0
1777970222645,14109,HTTP Request,200,OK,Config 3: Exp15 1-169,text,true,,231,158,259,259,http://localhost:8079/?token=518504778&user=-1355064518&config=3,14109,0,0
1777970222720,14034,HTTP Request,200,OK,Config 3: Exp15 1-150,text,true,,231,158,259,259,http://localhost:8079/?token=518504778&user=-1355064518&config=3,14034,0,0
1777970222657,14097,HTTP Request,200,OK,Config 3: Exp15 1-7,text,true,,231,158,259,259,http://localhost:8079/?token=518504778&user=-1355064518&config=3,14097,0,0
1777970222728,14026,HTTP Request,200,OK,Config 3: Exp15 1-45,text,true,,231,158,259,259,http://localhost:8079/?token=518504778&user=-1355064518&config=3,14026,0,0
1777970222720,14034,HTTP Request,200,OK,Config 3: Exp15 1-49,text,true,,231,158,259,259,http://localhost:8079/?token=518504778&user=-1355064518&config=3,14034,0,0
1777970222720,14034,HTTP Request,200,OK,Config 3: Exp15 1-170,text,true,,231,158,259,259,http://localhost:8079/?token=518504778&user=-1355064518&config=3,14034,0,0
1777970222728,14026,HTTP Request,200,OK,Config 3: Exp15 1-57,text,true,,231,158,259,259,http://localhost:8079/?token=518504778&user=-1355064518&config=3,14026,0,0
1777970222645,14110,HTTP Request,200,OK,Config 3: Exp15 1-23,text,true,,231,158,259,259,http://localhost:8079/?token=518504778&user=-1355064518&config=3,14110,0,0
1777970222720,14035,HTTP Request,200,OK,Config 3: Exp15 1-172,text,true,,231,158,259,259,http://localhost:8079/?token=518504778&user=-1355064518&config=3,14035,0,0
1777970222721,14034,HTTP Request,200,OK,Config 3: Exp15 1-9,text,true,,231,158,259,259,http://localhost:8079/?token=518504778&user=-1355064518&config=3,14034,0,0
1777970222721,14034,HTTP Request,200,OK,Config 3: Exp15 1-11,text,true,,231,158,259,259,http://localhost:8079/?token=518504778&user=-1355064518&config=3,14034,0,0
1777970222728,14027,HTTP Request,200,OK,Config 3: Exp15 1-54,text,true,,231,158,259,259,http://localhost:8079/?token=518504778&user=-1355064518&config=3,14027,0,0
1777970222729,14026,HTTP Request,200,OK,Config 3: Exp15 1-56,text,true,,231,158,259,259,http://localhost:8079/?token=518504778&user=-1355064518&config=3,14026,0,0
1777970222624,14131,HTTP Request,200,OK,Config 3: Exp15 1-231,text,true,,231,158,259,259,http://localhost:8079/?token=518504778&user=-1355064518&config=3,14131,0,1
1777970222727,14028,HTTP Request,200,OK,Config 3: Exp15 1-68,text,true,,231,158,259,259,http://localhost:8079/?token=518504778&user=-1355064518&config=3,14028,0,0
1777970222729,14026,HTTP Request,200,OK,Config 3: Exp15 1-47,text,true,,231,158,259,259,http://localhost:8079/?token=518504778&user=-1355064518&config=3,14026,0,0
1777970222727,14028,HTTP Request,200,OK,Config 3: Exp15 1-53,text,true,,231,158,259,259,http://localhost:8079/?token=518504778&user=-1355064518&config=3,14028,0,0
1777970222720,14036,HTTP Request,200,OK,Config 3: Exp15 1-149,text,true,,231,158,259,259,http://localhost:8079/?token=518504778&user=-1355064518&config=3,14036,0,0
1777970222721,14035,HTTP Request,200,OK,Config 3: Exp15 1-24,text,true,,231,158,259,259,http://localhost:8079/?token=518504778&user=-1355064518&config=3,14035,0,0
1777970222721,14035,HTTP Request,200,OK,Config 3: Exp15 1-127,text,true,,231,158,259,259,http://localhost:8079/?token=518504778&user=-1355064518&config=3,14035,0,0
1777970222728,14028,HTTP Request,200,OK,Config 3: Exp15 1-43,text,true,,231,158,259,259,http://localhost:8079/?token=518504778&user=-1355064518&config=3,14028,0,0
1777970222721,14035,HTTP Request,200,OK,Config 3: Exp15 1-128,text,true,,231,158,259,259,http://localhost:8079/?token=518504778&user=-1355064518&config=3,14035,0,0
1777970222722,14034,HTTP Request,200,OK,Config 3: Exp15 1-148,text,true,,231,158,259,259,http://localhost:8079/?token=518504778&user=-1355064518&config=3,14034,0,0
1777970222729,14027,HTTP Request,200,OK,Config 3: Exp15 1-27,text,true,,231,158,259,259,http://localhost:8079/?token=518504778&user=-1355064518&config=3,14027,0,0
1777970222728,14028,HTTP Request,200,OK,Config 3: Exp15 1-193,text,true,,231,158,259,259,http://localhost:8079/?token=518504778&user=-1355064518&config=3,14028,0,0
1777970222645,14112,HTTP Request,200,OK,Config 3: Exp15 1-100,text,true,,231,158,259,259,http://localhost:8079/?token=518504778&user=-1355064518&config=3,14112,0,0
1777970222721,14036,HTTP Request,200,OK,Config 3: Exp15 1-12,text,true,,231,158,259,259,http://localhost:8079/?token=518504778&user=-1355064518&config=3,14036,0,0
1777970222661,14098,HTTP Request,200,OK,Config 3: Exp15 1-87,text,true,,231,158,259,259,http://localhost:8079/?token=518504778&user=-1355064518&config=3,14098,0,0
1777970222720,14040,HTTP Request,200,OK,Config 3: Exp15 1-89,text,true,,231,158,259,259,http://localhost:8079/?token=518504778&user=-1355064518&config=3,14040,0,0
1777970222721,14039,HTTP Request,200,OK,Config 3: Exp15 1-91,text,true,,231,158,259,259,http://localhost:8079/?token=518504778&user=-1355064518&config=3,14039,0,0
1777970222721,14039,HTTP Request,200,OK,Config 3: Exp15 1-110,text,true,,231,158,259,259,http://localhost:8079/?token=518504778&user=-1355064518&config=3,14039,0,0
1777970222721,14039,HTTP Request,200,OK,Config 3: Exp15 1-90,text,true,,231,158,259,259,http://localhost:8079/?token=518504778&user=-1355064518&config=3,14039,0,0
1777970222728,14033,HTTP Request,200,OK,Config 3: Exp15 1-51,text,true,,231,158,259,259,http://localhost:8079/?token=518504778&user=-1355064518&config=3,14033,0,0
1777970222729,14032,HTTP Request,200,OK,Config 3: Exp15 1-67,text,true,,231,158,259,259,http://localhost:8079/?token=518504778&user=-1355064518&config=3,14032,0,0
1777970222728,14035,HTTP Request,200,OK,Config 3: Exp15 1-171,text,true,,231,158,259,259,http://localhost:8079/?token=518504778&user=-1355064518&config=3,14035,0,0
1777970222722,14041,HTTP Request,200,OK,Config 3: Exp15 1-26,text,true,,231,158,259,259,http://localhost:8079/?token=518504778&user=-1355064518&config=3,14041,0,0
1777970222729,14035,HTTP Request,200,OK,Config 3: Exp15 1-59,text,true,,231,158,259,259,http://localhost:8079/?token=518504778&user=-1355064518&config=3,14035,0,0
1777970222728,14036,HTTP Request,200,OK,Config 3: Exp15 1-46,text,true,,231,158,259,259,http://localhost:8079/?token=518504778&user=-1355064518&config=3,14036,0,0
1777970222728,14036,HTTP Request,200,OK,Config 3: Exp15 1-2,text,true,,231,158,259,259,http://localhost:8079/?token=518504778&user=-1355064518&config=3,14036,0,0
1777970222721,14043,HTTP Request,200,OK,Config 3: Exp15 1-111,text,true,,231,158,259,259,http://localhost:8079/?token=518504778&user=-1355064518&config=3,14043,0,0
1777970222728,14036,HTTP Request,200,OK,Config 3: Exp15 1-33,text,true,,231,158,259,259,http://localhost:8079/?token=518504778&user=-1355064518&config=3,14036,0,0
1777970222728,14037,HTTP Request,200,OK,Config 3: Exp15 1-32,text,true,,231,158,259,259,http://localhost:8079/?token=518504778&user=-1355064518&config=3,14037,0,0
1777970222720,14047,HTTP Request,200,OK,Config 3: Exp15 1-102,text,true,,231,158,259,259,http://localhost:8079/?token=518504778&user=-1355064518&config=3,14047,0,0
1777970222720,14047,HTTP Request,200,OK,Config 3: Exp15 1-101,text,true,,231,158,259,259,http://localhost:8079/?token=518504778&user=-1355064518&config=3,14047,0,0
1777970222720,14047,HTTP Request,200,OK,Config 3: Exp15 1-88,text,true,,231,158,259,259,http://localhost:8079/?token=518504778&user=-1355064518&config=3,14047,0,0
1777970223613,13155,HTTP Request,200,OK,Config 3: Exp15 1-233,text,true,,231,158,259,259,http://localhost:8079/?token=518504778&user=-1355064518&config=3,13155,0,1
1777970226577,10236,HTTP Request,200,OK,Config 3: Exp15 1-239,text,true,,231,158,259,259,http://localhost:8079/?token=518504778&user=-1355064518&config=3,10236,0,0
1777970228408,8405,HTTP Request,200,OK,Config 3: Exp15 1-28,text,true,,231,158,259,259,http://localhost:8079/?token=518504778&user=-1355064518&config=3,8405,0,0
1777970227071,9742,HTTP Request,200,OK,Config 3: Exp15 1-240,text,true,,231,158,259,259,http://localhost:8079/?token=518504778&user=-1355064518&config=3,9742,0,1
1777970228408,8405,HTTP Request,200,OK,Config 3: Exp15 1-48,text,true,,231,158,259,259,http://localhost:8079/?token=518504778&user=-1355064518&config=3,8405,0,0
1777970227565,9251,HTTP Request,200,OK,Config 3: Exp15 1-241,text,true,,231,158,259,259,http://localhost:8079/?token=518504778&user=-1355064518&config=3,9251,0,1
1777970228059,8757,HTTP Request,200,OK,Config 3: Exp15 1-242,text,true,,231,158,259,259,http://localhost:8079/?token=518504778&user=-1355064518&config=3,8757,0,0
1777970228408,8408,HTTP Request,200,OK,Config 3: Exp15 1-3,text,true,,231,158,259,259,http://localhost:8079/?token=518504778&user=-1355064518&config=3,8408,0,0
1777970228408,8408,HTTP Request,200,OK,Config 3: Exp15 1-34,text,true,,231,158,259,259,http://localhost:8079/?token=518504778&user=-1355064518&config=3,8408,0,0
1777970228408,8408,HTTP Request,200,OK,Config 3: Exp15 1-52,text,true,,231,158,259,259,http://localhost:8079/?token=518504778&user=-1355064518&config=3,8408,0,0
1777970228408,8409,HTTP Request,200,OK,Config 3: Exp15 1-73,text,true,,231,158,259,259,http://localhost:8079/?token=518504778&user=-1355064518&config=3,8409,0,0
1777970228409,8408,HTTP Request,200,OK,Config 3: Exp15 1-31,text,true,,231,158,259,259,http://localhost:8079/?token=518504778&user=-1355064518&config=3,8408,0,0
1777970228408,8409,HTTP Request,200,OK,Config 3: Exp15 1-16,text,true,,231,158,259,259,http://localhost:8079/?token=518504778&user=-1355064518&config=3,8409,0,0
1777970228408,8409,HTTP Request,200,OK,Config 3: Exp15 1-40,text,true,,231,158,259,259,http://localhost:8079/?token=518504778&user=-1355064518&config=3,8409,0,0
1777970228408,8409,HTTP Request,200,OK,Config 3: Exp15 1-155,text,true,,231,158,259,259,http://localhost:8079/?token=518504778&user=-1355064518&config=3,8409,0,0
1777970228408,8410,HTTP Request,200,OK,Config 3: Exp15 1-55,text,true,,231,158,259,259,http://localhost:8079/?token=518504778&user=-1355064518&config=3,8410,0,0
1777970228410,8408,HTTP Request,200,OK,Config 3: Exp15 1-22,text,true,,231,158,259,259,http://localhost:8079/?token=518504778&user=-1355064518&config=3,8408,0,0
1777970228409,8409,HTTP Request,200,OK,Config 3: Exp15 1-61,text,true,,231,158,259,259,http://localhost:8079/?token=518504778&user=-1355064518&config=3,8409,0,0
1777970228408,8410,HTTP Request,200,OK,Config 3: Exp15 1-72,text,true,,231,158,259,259,http://localhost:8079/?token=518504778&user=-1355064518&config=3,8410,0,0
1777970228409,8409,HTTP Request,200,OK,Config 3: Exp15 1-65,text,true,,231,158,259,259,http://localhost:8079/?token=518504778&user=-1355064518&config=3,8409,0,0
1777970228410,8411,HTTP Request,200,OK,Config 3: Exp15 1-29,text,true,,231,158,259,259,http://localhost:8079/?token=518504778&user=-1355064518&config=3,8411,0,0
1777970228410,8411,HTTP Request,200,OK,Config 3: Exp15 1-15,text,true,,231,158,259,259,http://localhost:8079/?token=518504778&user=-1355064518&config=3,8411,0,0
1777970228411,8410,HTTP Request,200,OK,Config 3: Exp15 1-36,text,true,,231,158,259,259,http://localhost:8079/?token=518504778&user=-1355064518&config=3,8410,0,0
1777970228408,8413,HTTP Request,200,OK,Config 3: Exp15 1-50,text,true,,231,158,259,259,http://localhost:8079/?token=518504778&user=-1355064518&config=3,8413,0,0
1777970228411,8410,HTTP Request,200,OK,Config 3: Exp15 1-39,text,true,,231,158,259,259,http://localhost:8079/?token=518504778&user=-1355064518&config=3,8410,0,0
1777970228412,8418,HTTP Request,200,OK,Config 3: Exp15 1-93,text,true,,231,158,259,259,http://localhost:8079/?token=518504778&user=-1355064518&config=3,8418,0,0
1777970228411,8419,HTTP Request,200,OK,Config 3: Exp15 1-154,text,true,,231,158,259,259,http://localhost:8079/?token=518504778&user=-1355064518&config=3,8419,0,0
1777970228412,8418,HTTP Request,200,OK,Config 3: Exp15 1-86,text,true,,231,158,259,259,http://localhost:8079/?token=518504778&user=-1355064518&config=3,8418,0,0
1777970228411,8419,HTTP Request,200,OK,Config 3: Exp15 1-94,text,true,,231,158,259,259,http://localhost:8079/?token=518504778&user=-1355064518&config=3,8419,0,0
1777970228411,8419,HTTP Request,200,OK,Config 3: Exp15 1-174,text,true,,231,158,259,259,http://localhost:8079/?token=518504778&user=-1355064518&config=3,8419,0,0
1777970228411,8419,HTTP Request,200,OK,Config 3: Exp15 1-97,text,true,,231,158,259,259,http://localhost:8079/?token=518504778&user=-1355064518&config=3,8419,0,0
1777970228411,8419,HTTP Request,200,OK,Config 3: Exp15 1-78,text,true,,231,158,259,259,http://localhost:8079/?token=518504778&user=-1355064518&config=3,8419,0,0
1777970228412,8484,HTTP Request,200,OK,Config 3: Exp15 1-19,text,true,,231,158,259,259,http://localhost:8079/?token=518504778&user=-1355064518&config=3,8484,0,0
1777970228421,8476,HTTP Request,200,OK,Config 3: Exp15 1-99,text,true,,231,158,259,259,http://localhost:8079/?token=518504778&user=-1355064518&config=3,8476,0,0
1777970228421,8476,HTTP Request,200,OK,Config 3: Exp15 1-137,text,true,,231,158,259,259,http://localhost:8079/?token=518504778&user=-1355064518&config=3,8476,0,0
1777970228412,8485,HTTP Request,200,OK,Config 3: Exp15 1-136,text,true,,231,158,259,259,http://localhost:8079/?token=518504778&user=-1355064518&config=3,8485,0,0
1777970228421,8478,HTTP Request,200,OK,Config 3: Exp15 1-138,text,true,,231,158,259,259,http://localhost:8079/?token=518504778&user=-1355064518&config=3,8478,0,0
1777970228421,8478,HTTP Request,200,OK,Config 3: Exp15 1-64,text,true,,231,158,259,259,http://localhost:8079/?token=518504778&user=-1355064518&config=3,8478,0,0
1777970228432,8467,HTTP Request,200,OK,Config 3: Exp15 1-134,text,true,,231,158,259,259,http://localhost:8079/?token=518504778&user=-1355064518&config=3,8467,0,0
1777970228421,8478,HTTP Request,200,OK,Config 3: Exp15 1-41,text,true,,231,158,259,259,http://localhost:8079/?token=518504778&user=-1355064518&config=3,8478,0,0
1777970228421,8478,HTTP Request,200,OK,Config 3: Exp15 1-74,text,true,,231,158,259,259,http://localhost:8079/?token=518504778&user=-1355064518&config=3,8478,0,0
1777970228427,8472,HTTP Request,200,OK,Config 3: Exp15 1-214,text,true,,231,158,259,259,http://localhost:8079/?token=518504778&user=-1355064518&config=3,8472,0,0
1777970228427,8473,HTTP Request,200,OK,Config 3: Exp15 1-200,text,true,,231,158,259,259,http://localhost:8079/?token=518504778&user=-1355064518&config=3,8473,0,0
1777970228427,11338,HTTP Request,200,OK,Config 3: Exp15 1-135,text,true,,231,158,265,265,http://localhost:8079/?token=518504778&user=-1355064518&config=3,11338,0,0
1777970228432,11334,HTTP Request,200,OK,Config 3: Exp15 1-76,text,true,,231,158,265,265,http://localhost:8079/?token=518504778&user=-1355064518&config=3,11334,0,0
1777970228432,11334,HTTP Request,200,OK,Config 3: Exp15 1-196,text,true,,231,158,265,265,http://localhost:8079/?token=518504778&user=-1355064518&config=3,11334,0,0
1777970228432,11334,HTTP Request,200,OK,Config 3: Exp15 1-176,text,true,,231,158,265,265,http://localhost:8079/?token=518504778&user=-1355064518&config=3,11334,0,0
1777970228432,11335,HTTP Request,200,OK,Config 3: Exp15 1-44,text,true,,231,158,265,265,http://localhost:8079/?token=518504778&user=-1355064518&config=3,11335,0,0
1777970228432,11335,HTTP Request,200,OK,Config 3: Exp15 1-197,text,true,,231,158,265,265,http://localhost:8079/?token=518504778&user=-1355064518&config=3,11335,0,0
1777970228432,11336,HTTP Request,200,OK,Config 3: Exp15 1-173,text,true,,231,158,265,265,http://localhost:8079/?token=518504778&user=-1355064518&config=3,11336,0,0
1777970228432,11336,HTTP Request,200,OK,Config 3: Exp15 1-199,text,true,,231,158,265,265,http://localhost:8079/?token=518504778&user=-1355064518&config=3,11336,0,0
1777970229228,10544,HTTP Request,200,OK,Config 3: Exp15 1-153,text,true,,231,158,265,265,http://localhost:8079/?token=518504778&user=-1355064518&config=3,10544,0,0
1777970229048,10724,HTTP Request,200,OK,Config 3: Exp15 1-244,text,true,,231,158,265,265,http://localhost:8079/?token=518504778&user=-1355064518&config=3,10724,0,1
1777970229541,10231,HTTP Request,200,OK,Config 3: Exp15 1-245,text,true,,231,158,265,265,http://localhost:8079/?token=518504778&user=-1355064518&config=3,10231,0,1
1777970229327,10445,HTTP Request,200,OK,Config 3: Exp15 1-228,text,true,,231,158,265,265,http://localhost:8079/?token=518504778&user=-1355064518&config=3,10445,0,0
1777970228432,11341,HTTP Request,200,OK,Config 3: Exp15 1-198,text,true,,231,158,265,265,http://localhost:8079/?token=518504778&user=-1355064518&config=3,11341,0,0
1777970228554,11219,HTTP Request,200,OK,Config 3: Exp15 1-243,text,true,,231,158,265,265,http://localhost:8079/?token=518504778&user=-1355064518&config=3,11219,0,0
1777970228432,11341,HTTP Request,200,OK,Config 3: Exp15 1-177,text,true,,231,158,265,265,http://localhost:8079/?token=518504778&user=-1355064518&config=3,11341,0,0
1777970229327,10445,HTTP Request,200,OK,Config 3: Exp15 1-227,text,true,,231,158,265,265,http://localhost:8079/?token=518504778&user=-1355064518&config=3,10445,0,0
1777970233150,8939,HTTP Request,200,OK,Config 3: Exp15 1-222,text,true,,231,158,270,270,http://localhost:8079/?token=518504778&user=-1355064518&config=3,8939,0,0
1777970233150,8939,HTTP Request,200,OK,Config 3: Exp15 1-194,text,true,,231,158,270,270,http://localhost:8079/?token=518504778&user=-1355064518&config=3,8939,0,0
1777970233297,8795,HTTP Request,200,OK,Config 3: Exp15 1-62,text,true,,231,158,270,270,http://localhost:8079/?token=518504778&user=-1355064518&config=3,8795,0,0
1777970233150,8942,HTTP Request,200,OK,Config 3: Exp15 1-195,text,true,,231,158,270,270,http://localhost:8079/?token=518504778&user=-1355064518&config=3,8942,0,0
1777970233150,8942,HTTP Request,200,OK,Config 3: Exp15 1-162,text,true,,231,158,270,270,http://localhost:8079/?token=518504778&user=-1355064518&config=3,8942,0,0
1777970233297,8795,HTTP Request,200,OK,Config 3: Exp15 1-80,text,true,,231,158,270,270,http://localhost:8079/?token=518504778&user=-1355064518&config=3,8795,0,0
1777970233297,8795,HTTP Request,200,OK,Config 3: Exp15 1-223,text,true,,231,158,270,270,http://localhost:8079/?token=518504778&user=-1355064518&config=3,8795,0,0
1777970233297,8795,HTTP Request,200,OK,Config 3: Exp15 1-77,text,true,,231,158,270,270,http://localhost:8079/?token=518504778&user=-1355064518&config=3,8795,0,0
1777970230867,13861,HTTP Request,200,OK,Config 3: Exp15 1-216,text,true,,231,158,275,275,http://localhost:8079/?token=518504778&user=-1355064518&config=3,13861,0,0
1777970230867,13861,HTTP Request,200,OK,Config 3: Exp15 1-218,text,true,,231,158,275,275,http://localhost:8079/?token=518504778&user=-1355064518&config=3,13861,0,0
1777970230867,13861,HTTP Request,200,OK,Config 3: Exp15 1-215,text,true,,231,158,275,275,http://localhost:8079/?token=518504778&user=-1355064518&config=3,13861,0,0
1777970230034,14694,HTTP Request,200,OK,Config 3: Exp15 1-246,text,true,,231,158,275,275,http://localhost:8079/?token=518504778&user=-1355064518&config=3,14694,0,0
1777970230528,14200,HTTP Request,200,OK,Config 3: Exp15 1-247,text,true,,231,158,275,275,http://localhost:8079/?token=518504778&user=-1355064518&config=3,14200,0,0
1777970230956,13773,HTTP Request,200,OK,Config 3: Exp15 1-221,text,true,,231,158,275,275,http://localhost:8079/?token=518504778&user=-1355064518&config=3,13773,0,0
1777970230867,13862,HTTP Request,200,OK,Config 3: Exp15 1-217,text,true,,231,158,275,275,http://localhost:8079/?token=518504778&user=-1355064518&config=3,13862,0,0
1777970230956,13773,HTTP Request,200,OK,Config 3: Exp15 1-219,text,true,,231,158,275,275,http://localhost:8079/?token=518504778&user=-1355064518&config=3,13773,0,0
1777970231002,13796,HTTP Request,200,OK,Config 3: Exp15 1-220,text,true,,231,158,275,275,http://localhost:8079/?token=518504778&user=-1355064518&config=3,13796,0,0
1777970231023,13776,HTTP Request,200,OK,Config 3: Exp15 1-248,text,true,,231,158,275,275,http://localhost:8079/?token=518504778&user=-1355064518&config=3,13776,0,0
1777970231516,13283,HTTP Request,200,OK,Config 3: Exp15 1-249,text,true,,231,158,275,275,http://localhost:8079/?token=518504778&user=-1355064518&config=3,13283,0,1
1777970232011,14938,HTTP Request,200,OK,Config 3: Exp15 1-250,text,true,,231,158,280,280,http://localhost:8079/?token=518504778&user=-1355064518&config=3,14938,0,0
1777970232999,13950,HTTP Request,200,OK,Config 3: Exp15 1-252,text,true,,231,158,280,280,http://localhost:8079/?token=518504778&user=-1355064518&config=3,13950,0,0
1777970232505,14444,HTTP Request,200,OK,Config 3: Exp15 1-251,text,true,,231,158,280,280,http://localhost:8079/?token=518504778&user=-1355064518&config=3,14444,0,0
1777970233297,13781,HTTP Request,200,OK,Config 3: Exp15 1-224,text,true,,231,158,280,280,http://localhost:8079/?token=518504778&user=-1355064518&config=3,13781,0,0
1777970233492,13586,HTTP Request,200,OK,Config 3: Exp15 1-253,text,true,,231,158,280,280,http://localhost:8079/?token=518504778&user=-1355064518&config=3,13586,0,0
1777970233636,13448,HTTP Request,200,OK,Config 3: Exp15 1-156,text,true,,231,158,280,280,http://localhost:8079/?token=518504778&user=-1355064518&config=3,13448,0,0
1777970233636,13448,HTTP Request,200,OK,Config 3: Exp15 1-146,text,true,,231,158,280,280,http://localhost:8079/?token=518504778&user=-1355064518&config=3,13448,0,0
1777970233636,13448,HTTP Request,200,OK,Config 3: Exp15 1-157,text,true,,231,158,280,280,http://localhost:8079/?token=518504778&user=-1355064518&config=3,13448,0,0
1777970233636,13449,HTTP Request,200,OK,Config 3: Exp15 1-158,text,true,,231,158,280,280,http://localhost:8079/?token=518504778&user=-1355064518&config=3,13449,0,0
1777970233636,13449,HTTP Request,200,OK,Config 3: Exp15 1-181,text,true,,231,158,280,280,http://localhost:8079/?token=518504778&user=-1355064518&config=3,13449,0,0
1777970233636,13456,HTTP Request,200,OK,Config 3: Exp15 1-166,text,true,,231,158,280,280,http://localhost:8079/?token=518504778&user=-1355064518&config=3,13456,0,0
1777970233636,13456,HTTP Request,200,OK,Config 3: Exp15 1-175,text,true,,231,158,280,280,http://localhost:8079/?token=518504778&user=-1355064518&config=3,13456,0,0
1777970233641,13451,HTTP Request,200,OK,Config 3: Exp15 1-98,text,true,,231,158,280,280,http://localhost:8079/?token=518504778&user=-1355064518&config=3,13451,0,0
1777970233636,13456,HTTP Request,200,OK,Config 3: Exp15 1-133,text,true,,231,158,280,280,http://localhost:8079/?token=518504778&user=-1355064518&config=3,13456,0,0
1777970233641,13454,HTTP Request,200,OK,Config 3: Exp15 1-185,text,true,,231,158,280,280,http://localhost:8079/?token=518504778&user=-1355064518&config=3,13454,0,0
1777970233636,13459,HTTP Request,200,OK,Config 3: Exp15 1-182,text,true,,231,158,280,280,http://localhost:8079/?token=518504778&user=-1355064518&config=3,13459,0,0
1777970233636,13459,HTTP Request,200,OK,Config 3: Exp15 1-139,text,true,,231,158,280,280,http://localhost:8079/?token=518504778&user=-1355064518&config=3,13459,0,0
1777970233641,13454,HTTP Request,200,OK,Config 3: Exp15 1-63,text,true,,231,158,280,280,http://localhost:8079/?token=518504778&user=-1355064518&config=3,13454,0,0
1777970233638,13457,HTTP Request,200,OK,Config 3: Exp15 1-58,text,true,,231,158,280,280,http://localhost:8079/?token=518504778&user=-1355064518&config=3,13457,0,0
1777970233638,13457,HTTP Request,200,OK,Config 3: Exp15 1-132,text,true,,231,158,280,280,http://localhost:8079/?token=518504778&user=-1355064518&config=3,13457,0,0
1777970233641,13454,HTTP Request,200,OK,Config 3: Exp15 1-81,text,true,,231,158,280,280,http://localhost:8079/?token=518504778&user=-1355064518&config=3,13454,0,0
1777970233638,13458,HTTP Request,200,OK,Config 3: Exp15 1-140,text,true,,231,158,280,280,http://localhost:8079/?token=518504778&user=-1355064518&config=3,13458,0,0
1777970233636,13459,HTTP Request,200,OK,Config 3: Exp15 1-201,text,true,,231,158,280,280,http://localhost:8079/?token=518504778&user=-1355064518&config=3,13459,0,0
1777970233641,13454,HTTP Request,200,OK,Config 3: Exp15 1-183,text,true,,231,158,280,280,http://localhost:8079/?token=518504778&user=-1355064518&config=3,13454,0,0
1777970233655,15267,HTTP Request,200,OK,Config 3: Exp15 1-225,text,true,,231,158,284,284,http://localhost:8079/?token=518504778&user=-1355064518&config=3,15267,0,0
1777970233657,15265,HTTP Request,200,OK,Config 3: Exp15 1-226,text,true,,231,158,284,284,http://localhost:8079/?token=518504778&user=-1355064518&config=3,15265,0,0
1777970233655,15267,HTTP Request,200,OK,Config 3: Exp15 1-96,text,true,,231,158,284,284,http://localhost:8079/?token=518504778&user=-1355064518&config=3,15267,0,0
1777970233656,15266,HTTP Request,200,OK,Config 3: Exp15 1-103,text,true,,231,158,284,284,http://localhost:8079/?token=518504778&user=-1355064518&config=3,15266,0,0
1777970233647,15275,HTTP Request,200,OK,Config 3: Exp15 1-84,text,true,,231,158,284,284,http://localhost:8079/?token=518504778&user=-1355064518&config=3,15275,0,0
1777970233655,15267,HTTP Request,200,OK,Config 3: Exp15 1-85,text,true,,231,158,284,284,http://localhost:8079/?token=518504778&user=-1355064518&config=3,15267,0,0
1777970233647,15275,HTTP Request,200,OK,Config 3: Exp15 1-82,text,true,,231,158,284,284,http://localhost:8079/?token=518504778&user=-1355064518&config=3,15275,0,0
1777970233776,15146,HTTP Request,200,OK,Config 3: Exp15 1-232,text,true,,231,158,284,284,http://localhost:8079/?token=518504778&user=-1355064518&config=3,15146,0,0
1777970233647,15275,HTTP Request,200,OK,Config 3: Exp15 1-95,text,true,,231,158,284,284,http://localhost:8079/?token=518504778&user=-1355064518&config=3,15275,0,0
1777970233655,15267,HTTP Request,200,OK,Config 3: Exp15 1-75,text,true,,231,158,284,284,http://localhost:8079/?token=518504778&user=-1355064518&config=3,15267,0,0
1777970233656,15266,HTTP Request,200,OK,Config 3: Exp15 1-79,text,true,,231,158,284,284,http://localhost:8079/?token=518504778&user=-1355064518&config=3,15266,0,0
1777970233655,15267,HTTP Request,200,OK,Config 3: Exp15 1-145,text,true,,231,158,284,284,http://localhost:8079/?token=518504778&user=-1355064518&config=3,15267,0,0
1777970233655,15267,HTTP Request,200,OK,Config 3: Exp15 1-187,text,true,,231,158,284,284,http://localhost:8079/?token=518504778&user=-1355064518&config=3,15267,0,0
1777970233655,15267,HTTP Request,200,OK,Config 3: Exp15 1-109,text,true,,231,158,284,284,http://localhost:8079/?token=518504778&user=-1355064518&config=3,15267,0,0
1777970233655,15267,HTTP Request,200,OK,Config 3: Exp15 1-123,text,true,,231,158,284,284,http://localhost:8079/?token=518504778&user=-1355064518&config=3,15267,0,0
1777970233655,15268,HTTP Request,200,OK,Config 3: Exp15 1-212,text,true,,231,158,284,284,http://localhost:8079/?token=518504778&user=-1355064518&config=3,15268,0,0
1777970233655,15268,HTTP Request,200,OK,Config 3: Exp15 1-213,text,true,,231,158,284,284,http://localhost:8079/?token=518504778&user=-1355064518&config=3,15268,0,0
1777970233655,15268,HTTP Request,200,OK,Config 3: Exp15 1-211,text,true,,231,158,284,284,http://localhost:8079/?token=518504778&user=-1355064518&config=3,15268,0,0
1777970233636,15287,HTTP Request,200,OK,Config 3: Exp15 1-130,text,true,,231,158,284,284,http://localhost:8079/?token=518504778&user=-1355064518&config=3,15287,0,0
1777970233636,15287,HTTP Request,200,OK,Config 3: Exp15 1-131,text,true,,231,158,284,284,http://localhost:8079/?token=518504778&user=-1355064518&config=3,15287,0,1
1777970233641,15282,HTTP Request,200,OK,Config 3: Exp15 1-124,text,true,,231,158,284,284,http://localhost:8079/?token=518504778&user=-1355064518&config=3,15282,0,1
1777970233655,15268,HTTP Request,200,OK,Config 3: Exp15 1-83,text,true,,231,158,284,284,http://localhost:8079/?token=518504778&user=-1355064518&config=3,15268,0,0
1777970233641,15282,HTTP Request,200,OK,Config 3: Exp15 1-113,text,true,,231,158,284,284,http://localhost:8079/?token=518504778&user=-1355064518&config=3,15282,0,1
1777970233647,15276,HTTP Request,200,OK,Config 3: Exp15 1-125,text,true,,231,158,284,284,http://localhost:8079/?token=518504778&user=-1355064518&config=3,15276,0,0
1777970233970,14954,HTTP Request,200,OK,Config 3: Exp15 1-230,text,true,,231,158,284,284,http://localhost:8079/?token=518504778&user=-1355064518&config=3,14954,0,0
1777970233974,14950,HTTP Request,200,OK,Config 3: Exp15 1-234,text,true,,231,158,284,284,http://localhost:8079/?token=518504778&user=-1355064518&config=3,14950,0,1
1777970233647,15277,HTTP Request,200,OK,Config 3: Exp15 1-184,text,true,,231,158,284,284,http://localhost:8079/?token=518504778&user=-1355064518&config=3,15277,0,0
1777970233656,15268,HTTP Request,200,OK,Config 3: Exp15 1-92,text,true,,231,158,284,284,http://localhost:8079/?token=518504778&user=-1355064518&config=3,15268,0,0
1777970233975,14949,HTTP Request,200,OK,Config 3: Exp15 1-235,text,true,,231,158,284,284,http://localhost:8079/?token=518504778&user=-1355064518&config=3,14949,0,0
1777970233970,14954,HTTP Request,200,OK,Config 3: Exp15 1-229,text,true,,231,158,284,284,http://localhost:8079/?token=518504778&user=-1355064518&config=3,14954,0,0
1777970234482,14442,HTTP Request,200,OK,Config 3: Exp15 1-255,text,true,,231,158,284,284,http://localhost:8079/?token=518504778&user=-1355064518&config=3,14442,0,0
1777970233977,14947,HTTP Request,200,OK,Config 3: Exp15 1-238,text,true,,231,158,284,284,http://localhost:8079/?token=518504778&user=-1355064518&config=3,14947,0,0
1777970234975,13949,HTTP Request,200,OK,Config 3: Exp15 1-256,text,true,,231,158,284,284,http://localhost:8079/?token=518504778&user=-1355064518&config=3,13949,0,1
1777970233975,14949,HTTP Request,200,OK,Config 3: Exp15 1-236,text,true,,231,158,284,284,http://localhost:8079/?token=518504778&user=-1355064518&config=3,14949,0,0
1777970233986,14939,HTTP Request,200,OK,Config 3: Exp15 1-254,text,true,,231,158,284,284,http://localhost:8079/?token=518504778&user=-1355064518&config=3,14939,0,0
1777970233977,14948,HTTP Request,200,OK,Config 3: Exp15 1-237,text,true,,231,158,284,284,http://localhost:8079/?token=518504778&user=-1355064518&config=3,14948,0,0
1777970233647,15278,HTTP Request,200,OK,Config 3: Exp15 1-104,text,true,,231,158,284,284,http://localhost:8079/?token=518504778&user=-1355064518&config=3,15278,0,0
1777970233641,15284,HTTP Request,200,OK,Config 3: Exp15 1-114,text,true,,231,158,284,284,http://localhost:8079/?token=518504778&user=-1355064518&config=3,15284,0,1
1777970233641,15284,HTTP Request,200,OK,Config 3: Exp15 1-119,text,true,,231,158,284,284,http://localhost:8079/?token=518504778&user=-1355064518&config=3,15284,0,1
1777970236751,12244,HTTP Request,200,OK,Config 3: Exp15 1-151,text,true,,231,158,284,284,http://localhost:8079/?token=518504778&user=-1355064518&config=3,12244,0,0
1777970236753,12242,HTTP Request,200,OK,Config 3: Exp15 1-8,text,true,,231,158,284,284,http://localhost:8079/?token=518504778&user=-1355064518&config=3,12242,0,0
1777970236754,12241,HTTP Request,200,OK,Config 3: Exp15 1-7,text,true,,231,158,284,284,http://localhost:8079/?token=518504778&user=-1355064518&config=3,12241,0,0
1777970236753,12242,HTTP Request,200,OK,Config 3: Exp15 1-25,text,true,,231,158,284,284,http://localhost:8079/?token=518504778&user=-1355064518&config=3,12242,0,0
1777970239765,9230,HTTP Request,500,Internal Server Error,Config 3: Exp15 1-196,text,false,,233,158,284,284,http://localhost:8079/?token=518504778&user=-1355064518&config=3,9230,0,0
1777970239772,9224,HTTP Request,500,Internal Server Error,Config 3: Exp15 1-245,text,false,,233,158,284,284,http://localhost:8079/?token=518504778&user=-1355064518&config=3,9224,0,0
1777970239767,9229,HTTP Request,500,Internal Server Error,Config 3: Exp15 1-173,text,false,,233,158,284,284,http://localhost:8079/?token=518504778&user=-1355064518&config=3,9229,0,0
1777970239766,9230,HTTP Request,500,Internal Server Error,Config 3: Exp15 1-44,text,false,,233,158,284,284,http://localhost:8079/?token=518504778&user=-1355064518&config=3,9230,0,0
1777970239765,9231,HTTP Request,500,Internal Server Error,Config 3: Exp15 1-76,text,false,,233,158,284,284,http://localhost:8079/?token=518504778&user=-1355064518&config=3,9231,0,0
1777970239772,9224,HTTP Request,500,Internal Server Error,Config 3: Exp15 1-228,text,false,,233,158,284,284,http://localhost:8079/?token=518504778&user=-1355064518&config=3,9224,0,0
1777970239764,9232,HTTP Request,500,Internal Server Error,Config 3: Exp15 1-135,text,false,,233,158,284,284,http://localhost:8079/?token=518504778&user=-1355064518&config=3,9232,0,0
1777970239772,9225,HTTP Request,500,Internal Server Error,Config 3: Exp15 1-198,text,false,,233,158,284,284,http://localhost:8079/?token=518504778&user=-1355064518&config=3,9225,0,0
1777970239766,9231,HTTP Request,500,Internal Server Error,Config 3: Exp15 1-176,text,false,,233,158,284,284,http://localhost:8079/?token=518504778&user=-1355064518&config=3,9231,0,0
1777970239766,9231,HTTP Request,500,Internal Server Error,Config 3: Exp15 1-197,text,false,,233,158,284,284,http://localhost:8079/?token=518504778&user=-1355064518&config=3,9231,0,0
1777970239773,9224,HTTP Request,500,Internal Server Error,Config 3: Exp15 1-177,text,false,,233,158,284,284,http://localhost:8079/?token=518504778&user=-1355064518&config=3,9224,0,0
1777970239772,9225,HTTP Request,500,Internal Server Error,Config 3: Exp15 1-244,text,false,,233,158,284,284,http://localhost:8079/?token=518504778&user=-1355064518&config=3,9225,0,0
1777970239767,9230,HTTP Request,500,Internal Server Error,Config 3: Exp15 1-199,text,false,,233,158,284,284,http://localhost:8079/?token=518504778&user=-1355064518&config=3,9230,0,0
1777970239772,9225,HTTP Request,500,Internal Server Error,Config 3: Exp15 1-243,text,false,,233,158,284,284,http://localhost:8079/?token=518504778&user=-1355064518&config=3,9225,0,0
1777970239772,9225,HTTP Request,500,Internal Server Error,Config 3: Exp15 1-153,text,false,,233,158,284,284,http://localhost:8079/?token=518504778&user=-1355064518&config=3,9225,0,0
1777970239915,9082,HTTP Request,500,Internal Server Error,Config 3: Exp15 1-266,text,false,,233,158,284,284,http://localhost:8079/?token=518504778&user=-1355064518&config=3,9082,0,1
1777970240903,8095,HTTP Request,500,Internal Server Error,Config 3: Exp15 1-268,text,false,,233,158,284,284,http://localhost:8079/?token=518504778&user=-1355064518&config=3,8095,0,1
1777970239773,9225,HTTP Request,500,Internal Server Error,Config 3: Exp15 1-227,text,false,,233,158,284,284,http://localhost:8079/?token=518504778&user=-1355064518&config=3,9225,0,0
1777970240408,8591,HTTP Request,500,Internal Server Error,Config 3: Exp15 1-267,text,false,,233,158,284,284,http://localhost:8079/?token=518504778&user=-1355064518&config=3,8591,0,1
1777970241396,7603,HTTP Request,500,Internal Server Error,Config 3: Exp15 1-269,text,false,,233,158,284,284,http://localhost:8079/?token=518504778&user=-1355064518&config=3,7603,0,1
1777970241890,7109,HTTP Request,500,Internal Server Error,Config 3: Exp15 1-270,text,false,,233,158,284,284,http://localhost:8079/?token=518504778&user=-1355064518&config=3,7109,0,1
1777970235457,13865,HTTP Request,200,OK,Config 3: Exp15 1-141,text,true,,231,158,285,285,http://localhost:8079/?token=518504778&user=-1355064518&config=3,13865,0,0
1777970235457,13865,HTTP Request,200,OK,Config 3: Exp15 1-142,text,true,,231,158,285,285,http://localhost:8079/?token=518504778&user=-1355064518&config=3,13865,0,0
1777970235482,13841,HTTP Request,200,OK,Config 3: Exp15 1-204,text,true,,231,158,285,285,http://localhost:8079/?token=518504778&user=-1355064518&config=3,13841,0,0
1777970235482,13841,HTTP Request,200,OK,Config 3: Exp15 1-203,text,true,,231,158,285,285,http://localhost:8079/?token=518504778&user=-1355064518&config=3,13841,0,0
1777970235482,13841,HTTP Request,200,OK,Config 3: Exp15 1-205,text,true,,231,158,285,285,http://localhost:8079/?token=518504778&user=-1355064518&config=3,13841,0,0
1777970235482,13841,HTTP Request,200,OK,Config 3: Exp15 1-206,text,true,,231,158,285,285,http://localhost:8079/?token=518504778&user=-1355064518&config=3,13841,0,0
1777970235482,13841,HTTP Request,200,OK,Config 3: Exp15 1-202,text,true,,231,158,285,285,http://localhost:8079/?token=518504778&user=-1355064518&config=3,13841,0,0
1777970235482,13841,HTTP Request,200,OK,Config 3: Exp15 1-178,text,true,,231,158,285,285,http://localhost:8079/?token=518504778&user=-1355064518&config=3,13841,0,0
1777970235482,13841,HTTP Request,200,OK,Config 3: Exp15 1-209,text,true,,231,158,285,285,http://localhost:8079/?token=518504778&user=-1355064518&config=3,13841,0,0
1777970235482,13841,HTTP Request,200,OK,Config 3: Exp15 1-180,text,true,,231,158,285,285,http://localhost:8079/?token=518504778&user=-1355064518&config=3,13841,0,0
1777970235482,13841,HTTP Request,200,OK,Config 3: Exp15 1-210,text,true,,231,158,285,285,http://localhost:8079/?token=518504778&user=-1355064518&config=3,13841,0,0
1777970235482,13841,HTTP Request,200,OK,Config 3: Exp15 1-179,text,true,,231,158,285,285,http://localhost:8079/?token=518504778&user=-1355064518&config=3,13841,0,0
1777970235482,13841,HTTP Request,200,OK,Config 3: Exp15 1-207,text,true,,231,158,285,285,http://localhost:8079/?token=518504778&user=-1355064518&config=3,13841,0,0
1777970235482,13841,HTTP Request,200,OK,Config 3: Exp15 1-208,text,true,,231,158,285,285,http://localhost:8079/?token=518504778&user=-1355064518&config=3,13841,0,0
1777970235482,13841,HTTP Request,200,OK,Config 3: Exp15 1-18,text,true,,231,158,285,285,http://localhost:8079/?token=518504778&user=-1355064518&config=3,13841,0,0
1777970235482,13841,HTTP Request,200,OK,Config 3: Exp15 1-71,text,true,,231,158,285,285,http://localhost:8079/?token=518504778&user=-1355064518&config=3,13841,0,0
1777970235482,13841,HTTP Request,200,OK,Config 3: Exp15 1-167,text,true,,231,158,285,285,http://localhost:8079/?token=518504778&user=-1355064518&config=3,13841,0,0
1777970235482,13841,HTTP Request,200,OK,Config 3: Exp15 1-186,text,true,,231,158,285,285,http://localhost:8079/?token=518504778&user=-1355064518&config=3,13841,0,0
1777970235482,13841,HTTP Request,200,OK,Config 3: Exp15 1-21,text,true,,231,158,285,285,http://localhost:8079/?token=518504778&user=-1355064518&config=3,13841,0,0
1777970235482,13841,HTTP Request,200,OK,Config 3: Exp15 1-20,text,true,,231,158,285,285,http://localhost:8079/?token=518504778&user=-1355064518&config=3,13841,0,0
1777970235457,13866,HTTP Request,200,OK,Config 3: Exp15 1-160,text,true,,231,158,285,285,http://localhost:8079/?token=518504778&user=-1355064518&config=3,13866,0,0
1777970235483,13840,HTTP Request,200,OK,Config 3: Exp15 1-6,text,true,,231,158,285,285,http://localhost:8079/?token=518504778&user=-1355064518&config=3,13840,0,0
1777970235457,13866,HTTP Request,200,OK,Config 3: Exp15 1-129,text,true,,231,158,285,285,http://localhost:8079/?token=518504778&user=-1355064518&config=3,13866,0,0
1777970235482,13841,HTTP Request,200,OK,Config 3: Exp15 1-112,text,true,,231,158,285,285,http://localhost:8079/?token=518504778&user=-1355064518&config=3,13841,0,0
1777970235482,13843,HTTP Request,200,OK,Config 3: Exp15 1-143,text,true,,231,158,285,285,http://localhost:8079/?token=518504778&user=-1355064518&config=3,13843,0,0
1777970235483,13842,HTTP Request,200,OK,Config 3: Exp15 1-1,text,true,,231,158,285,285,http://localhost:8079/?token=518504778&user=-1355064518&config=3,13842,0,0
1777970235483,13842,HTTP Request,200,OK,Config 3: Exp15 1-30,text,true,,231,158,285,285,http://localhost:8079/?token=518504778&user=-1355064518&config=3,13842,0,0
1777970235483,13842,HTTP Request,200,OK,Config 3: Exp15 1-38,text,true,,231,158,285,285,http://localhost:8079/?token=518504778&user=-1355064518&config=3,13842,0,0
1777970235483,13842,HTTP Request,200,OK,Config 3: Exp15 1-35,text,true,,231,158,285,285,http://localhost:8079/?token=518504778&user=-1355064518&config=3,13842,0,0
1777970235483,13842,HTTP Request,200,OK,Config 3: Exp15 1-37,text,true,,231,158,285,285,http://localhost:8079/?token=518504778&user=-1355064518&config=3,13842,0,0
1777970235483,13842,HTTP Request,200,OK,Config 3: Exp15 1-164,text,true,,231,158,285,285,http://localhost:8079/?token=518504778&user=-1355064518&config=3,13842,0,0
1777970235483,13842,HTTP Request,200,OK,Config 3: Exp15 1-163,text,true,,231,158,285,285,http://localhost:8079/?token=518504778&user=-1355064518&config=3,13842,0,0
1777970235483,13842,HTTP Request,200,OK,Config 3: Exp15 1-42,text,true,,231,158,285,285,http://localhost:8079/?token=518504778&user=-1355064518&config=3,13842,0,0
1777970235483,13842,HTTP Request,200,OK,Config 3: Exp15 1-66,text,true,,231,158,285,285,http://localhost:8079/?token=518504778&user=-1355064518&config=3,13842,0,0
1777970235483,13842,HTTP Request,200,OK,Config 3: Exp15 1-152,text,true,,231,158,285,285,http://localhost:8079/?token=518504778&user=-1355064518&config=3,13842,0,0
1777970235483,13842,HTTP Request,200,OK,Config 3: Exp15 1-188,text,true,,231,158,285,285,http://localhost:8079/?token=518504778&user=-1355064518&config=3,13842,0,0
1777970235482,13842,HTTP Request,200,OK,Config 3: Exp15 1-5,text,true,,231,158,285,285,http://localhost:8079/?token=518504778&user=-1355064518&config=3,13842,0,0
1777970235483,13842,HTTP Request,200,OK,Config 3: Exp15 1-106,text,true,,231,158,285,285,http://localhost:8079/?token=518504778&user=-1355064518&config=3,13842,0,0
1777970235483,13842,HTTP Request,200,OK,Config 3: Exp15 1-17,text,true,,231,158,285,285,http://localhost:8079/?token=518504778&user=-1355064518&config=3,13842,0,0
1777970235483,13842,HTTP Request,200,OK,Config 3: Exp15 1-4,text,true,,231,158,285,285,http://localhost:8079/?token=518504778&user=-1355064518&config=3,13842,0,0
1777970235483,13842,HTTP Request,200,OK,Config 3: Exp15 1-69,text,true,,231,158,285,285,http://localhost:8079/?token=518504778&user=-1355064518&config=3,13842,0,0
1777970235483,13842,HTTP Request,200,OK,Config 3: Exp15 1-70,text,true,,231,158,285,285,http://localhost:8079/?token=518504778&user=-1355064518&config=3,13842,0,0
1777970235483,13842,HTTP Request,200,OK,Config 3: Exp15 1-190,text,true,,231,158,285,285,http://localhost:8079/?token=518504778&user=-1355064518&config=3,13842,0,0
1777970235483,13842,HTTP Request,200,OK,Config 3: Exp15 1-189,text,true,,231,158,285,285,http://localhost:8079/?token=518504778&user=-1355064518&config=3,13842,0,0
1777970235482,13843,HTTP Request,200,OK,Config 3: Exp15 1-13,text,true,,231,158,285,285,http://localhost:8079/?token=518504778&user=-1355064518&config=3,13843,0,0
1777970235482,13843,HTTP Request,200,OK,Config 3: Exp15 1-14,text,true,,231,158,285,285,http://localhost:8079/?token=518504778&user=-1355064518&config=3,13843,0,0
1777970235483,13841,HTTP Request,200,OK,Config 3: Exp15 1-161,text,true,,231,158,285,285,http://localhost:8079/?token=518504778&user=-1355064518&config=3,13841,0,0
1777970235457,13867,HTTP Request,200,OK,Config 3: Exp15 1-116,text,true,,231,158,285,285,http://localhost:8079/?token=518504778&user=-1355064518&config=3,13867,0,1
1777970235457,13867,HTTP Request,200,OK,Config 3: Exp15 1-115,text,true,,231,158,285,285,http://localhost:8079/?token=518504778&user=-1355064518&config=3,13867,0,1
1777970235483,13842,HTTP Request,200,OK,Config 3: Exp15 1-159,text,true,,231,158,285,285,http://localhost:8079/?token=518504778&user=-1355064518&config=3,13842,0,0
1777970235483,13842,HTTP Request,200,OK,Config 3: Exp15 1-165,text,true,,231,158,285,285,http://localhost:8079/?token=518504778&user=-1355064518&config=3,13842,0,0
1777970235482,13843,HTTP Request,200,OK,Config 3: Exp15 1-144,text,true,,231,158,285,285,http://localhost:8079/?token=518504778&user=-1355064518&config=3,13843,0,0
1777970235482,13842,HTTP Request,200,OK,Config 3: Exp15 1-168,text,true,,231,158,285,285,http://localhost:8079/?token=518504778&user=-1355064518&config=3,13842,0,0
1777970235962,13364,HTTP Request,200,OK,Config 3: Exp15 1-258,text,true,,231,158,285,285,http://localhost:8079/?token=518504778&user=-1355064518&config=3,13364,0,0
1777970235456,13870,HTTP Request,200,OK,Config 3: Exp15 1-117,text,true,,231,158,285,285,http://localhost:8079/?token=518504778&user=-1355064518&config=3,13870,0,1
1777970235469,13857,HTTP Request,200,OK,Config 3: Exp15 1-257,text,true,,231,158,285,285,http://localhost:8079/?token=518504778&user=-1355064518&config=3,13857,0,1
1777970235483,13843,HTTP Request,200,OK,Config 3: Exp15 1-192,text,true,,231,158,285,285,http://localhost:8079/?token=518504778&user=-1355064518&config=3,13843,0,0
1777970235482,13844,HTTP Request,200,OK,Config 3: Exp15 1-122,text,true,,231,158,285,285,http://localhost:8079/?token=518504778&user=-1355064518&config=3,13844,0,0
1777970235483,13843,HTTP Request,200,OK,Config 3: Exp15 1-191,text,true,,231,158,285,285,http://localhost:8079/?token=518504778&user=-1355064518&config=3,13843,0,0
1777970235482,13844,HTTP Request,200,OK,Config 3: Exp15 1-121,text,true,,231,158,285,285,http://localhost:8079/?token=518504778&user=-1355064518&config=3,13844,0,0
1777970235482,13844,HTTP Request,200,OK,Config 3: Exp15 1-105,text,true,,231,158,285,285,http://localhost:8079/?token=518504778&user=-1355064518&config=3,13844,0,1
1777970235482,13844,HTTP Request,200,OK,Config 3: Exp15 1-120,text,true,,231,158,285,285,http://localhost:8079/?token=518504778&user=-1355064518&config=3,13844,0,1
1777970235482,13844,HTTP Request,200,OK,Config 3: Exp15 1-108,text,true,,231,158,285,285,http://localhost:8079/?token=518504778&user=-1355064518&config=3,13844,0,1
1777970235482,13844,HTTP Request,200,OK,Config 3: Exp15 1-107,text,true,,231,158,285,285,http://localhost:8079/?token=518504778&user=-1355064518&config=3,13844,0,1
1777970235482,13844,HTTP Request,200,OK,Config 3: Exp15 1-118,text,true,,231,158,285,285,http://localhost:8079/?token=518504778&user=-1355064518&config=3,13844,0,1
1777970236457,12869,HTTP Request,200,OK,Config 3: Exp15 1-259,text,true,,231,158,285,285,http://localhost:8079/?token=518504778&user=-1355064518&config=3,12869,0,0
1777970236754,13103,HTTP Request,200,OK,Config 3: Exp15 1-169,text,true,,231,158,286,286,http://localhost:8079/?token=518504778&user=-1355064518&config=3,13103,0,0
1777970236755,13102,HTTP Request,200,OK,Config 3: Exp15 1-172,text,true,,231,158,286,286,http://localhost:8079/?token=518504778&user=-1355064518&config=3,13102,0,0
1777970236754,13103,HTTP Request,200,OK,Config 3: Exp15 1-150,text,true,,231,158,286,286,http://localhost:8079/?token=518504778&user=-1355064518&config=3,13103,0,0
1777970236756,13101,HTTP Request,200,OK,Config 3: Exp15 1-149,text,true,,231,158,286,286,http://localhost:8079/?token=518504778&user=-1355064518&config=3,13101,0,0
1777970236755,13102,HTTP Request,200,OK,Config 3: Exp15 1-23,text,true,,231,158,286,286,http://localhost:8079/?token=518504778&user=-1355064518&config=3,13102,0,0
1777970236755,13102,HTTP Request,200,OK,Config 3: Exp15 1-231,text,true,,231,158,286,286,http://localhost:8079/?token=518504778&user=-1355064518&config=3,13102,0,0
1777970236761,13097,HTTP Request,200,OK,Config 3: Exp15 1-51,text,true,,231,158,286,286,http://localhost:8079/?token=518504778&user=-1355064518&config=3,13097,0,0
1777970236761,13097,HTTP Request,200,OK,Config 3: Exp15 1-67,text,true,,231,158,286,286,http://localhost:8079/?token=518504778&user=-1355064518&config=3,13097,0,0
1777970236754,13104,HTTP Request,200,OK,Config 3: Exp15 1-60,text,true,,231,158,286,286,http://localhost:8079/?token=518504778&user=-1355064518&config=3,13104,0,0
1777970236756,13102,HTTP Request,200,OK,Config 3: Exp15 1-24,text,true,,231,158,286,286,http://localhost:8079/?token=518504778&user=-1355064518&config=3,13102,0,0
1777970236755,13103,HTTP Request,200,OK,Config 3: Exp15 1-54,text,true,,231,158,286,286,http://localhost:8079/?token=518504778&user=-1355064518&config=3,13103,0,0
1777970236755,13103,HTTP Request,200,OK,Config 3: Exp15 1-68,text,true,,231,158,286,286,http://localhost:8079/?token=518504778&user=-1355064518&config=3,13103,0,0
1777970236755,13103,HTTP Request,200,OK,Config 3: Exp15 1-56,text,true,,231,158,286,286,http://localhost:8079/?token=518504778&user=-1355064518&config=3,13103,0,0
1777970236755,13103,HTTP Request,200,OK,Config 3: Exp15 1-53,text,true,,231,158,286,286,http://localhost:8079/?token=518504778&user=-1355064518&config=3,13103,0,0
1777970236753,13104,HTTP Request,200,OK,Config 3: Exp15 1-147,text,true,,231,158,286,286,http://localhost:8079/?token=518504778&user=-1355064518&config=3,13104,0,0
1777970236754,13103,HTTP Request,200,OK,Config 3: Exp15 1-49,text,true,,231,158,286,286,http://localhost:8079/?token=518504778&user=-1355064518&config=3,13103,0,0
1777970236753,13104,HTTP Request,200,OK,Config 3: Exp15 1-10,text,true,,231,158,286,286,http://localhost:8079/?token=518504778&user=-1355064518&config=3,13104,0,0
1777970236754,13104,HTTP Request,200,OK,Config 3: Exp15 1-57,text,true,,231,158,286,286,http://localhost:8079/?token=518504778&user=-1355064518&config=3,13104,0,0
1777970236755,13103,HTTP Request,200,OK,Config 3: Exp15 1-9,text,true,,231,158,286,286,http://localhost:8079/?token=518504778&user=-1355064518&config=3,13103,0,0
1777970236754,13103,HTTP Request,200,OK,Config 3: Exp15 1-170,text,true,,231,158,286,286,http://localhost:8079/?token=518504778&user=-1355064518&config=3,13103,0,0
1777970236755,13103,HTTP Request,200,OK,Config 3: Exp15 1-11,text,true,,231,158,286,286,http://localhost:8079/?token=518504778&user=-1355064518&config=3,13103,0,0
1777970236754,13104,HTTP Request,200,OK,Config 3: Exp15 1-45,text,true,,231,158,286,286,http://localhost:8079/?token=518504778&user=-1355064518&config=3,13104,0,0
1777970236755,13103,HTTP Request,200,OK,Config 3: Exp15 1-47,text,true,,231,158,286,286,http://localhost:8079/?token=518504778&user=-1355064518&config=3,13103,0,0
1777970236756,13102,HTTP Request,200,OK,Config 3: Exp15 1-43,text,true,,231,158,286,286,http://localhost:8079/?token=518504778&user=-1355064518&config=3,13102,0,0
1777970236764,13094,HTTP Request,200,OK,Config 3: Exp15 1-26,text,true,,231,158,286,286,http://localhost:8079/?token=518504778&user=-1355064518&config=3,13094,0,0
1777970236756,13102,HTTP Request,200,OK,Config 3: Exp15 1-27,text,true,,231,158,286,286,http://localhost:8079/?token=518504778&user=-1355064518&config=3,13102,0,0
1777970236756,13102,HTTP Request,200,OK,Config 3: Exp15 1-148,text,true,,231,158,286,286,http://localhost:8079/?token=518504778&user=-1355064518&config=3,13102,0,0
1777970236768,13118,HTTP Request,200,OK,Config 3: Exp15 1-233,text,true,,231,158,286,286,http://localhost:8079/?token=518504778&user=-1355064518&config=3,13118,0,0
1777970236767,13119,HTTP Request,200,OK,Config 3: Exp15 1-101,text,true,,231,158,286,286,http://localhost:8079/?token=518504778&user=-1355064518&config=3,13119,0,0
1777970236760,13126,HTTP Request,200,OK,Config 3: Exp15 1-89,text,true,,231,158,286,286,http://localhost:8079/?token=518504778&user=-1355064518&config=3,13126,0,0
1777970236757,13129,HTTP Request,200,OK,Config 3: Exp15 1-100,text,true,,231,158,286,286,http://localhost:8079/?token=518504778&user=-1355064518&config=3,13129,0,0
1777970236760,13127,HTTP Request,200,OK,Config 3: Exp15 1-91,text,true,,231,158,286,286,http://localhost:8079/?token=518504778&user=-1355064518&config=3,13126,0,0
1777970236815,13072,HTTP Request,200,OK,Config 3: Exp15 1-241,text,true,,231,158,286,286,http://localhost:8079/?token=518504778&user=-1355064518&config=3,13072,0,0
1777970236759,13128,HTTP Request,200,OK,Config 3: Exp15 1-87,text,true,,231,158,286,286,http://localhost:8079/?token=518504778&user=-1355064518&config=3,13128,0,0
1777970236760,13127,HTTP Request,200,OK,Config 3: Exp15 1-90,text,true,,231,158,286,286,http://localhost:8079/?token=518504778&user=-1355064518&config=3,13127,0,0
1777970236767,13120,HTTP Request,200,OK,Config 3: Exp15 1-102,text,true,,231,158,286,286,http://localhost:8079/?token=518504778&user=-1355064518&config=3,13120,0,0
1777970236767,13120,HTTP Request,200,OK,Config 3: Exp15 1-88,text,true,,231,158,286,286,http://localhost:8079/?token=518504778&user=-1355064518&config=3,13120,0,0
1777970236813,13074,HTTP Request,200,OK,Config 3: Exp15 1-240,text,true,,231,158,286,286,http://localhost:8079/?token=518504778&user=-1355064518&config=3,13074,0,0
1777970236813,13074,HTTP Request,200,OK,Config 3: Exp15 1-239,text,true,,231,158,286,286,http://localhost:8079/?token=518504778&user=-1355064518&config=3,13074,0,0
1777970236815,13072,HTTP Request,200,OK,Config 3: Exp15 1-242,text,true,,231,158,286,286,http://localhost:8079/?token=518504778&user=-1355064518&config=3,13072,0,0
1777970236757,13130,HTTP Request,200,OK,Config 3: Exp15 1-12,text,true,,231,158,286,286,http://localhost:8079/?token=518504778&user=-1355064518&config=3,13130,0,0
1777970236816,13071,HTTP Request,200,OK,Config 3: Exp15 1-31,text,true,,231,158,286,286,http://localhost:8079/?token=518504778&user=-1355064518&config=3,13071,0,0
1777970236764,13123,HTTP Request,200,OK,Config 3: Exp15 1-46,text,true,,231,158,286,286,http://localhost:8079/?token=518504778&user=-1355064518&config=3,13123,0,0
1777970236813,13074,HTTP Request,200,OK,Config 3: Exp15 1-48,text,true,,231,158,286,286,http://localhost:8079/?token=518504778&user=-1355064518&config=3,13074,0,0
1777970236813,13074,HTTP Request,200,OK,Config 3: Exp15 1-28,text,true,,231,158,286,286,http://localhost:8079/?token=518504778&user=-1355064518&config=3,13074,0,0
1777970236764,13123,HTTP Request,200,OK,Config 3: Exp15 1-171,text,true,,231,158,286,286,http://localhost:8079/?token=518504778&user=-1355064518&config=3,13123,0,0
1777970236816,13071,HTTP Request,200,OK,Config 3: Exp15 1-16,text,true,,231,158,286,286,http://localhost:8079/?token=518504778&user=-1355064518&config=3,13071,0,0
1777970236756,13131,HTTP Request,200,OK,Config 3: Exp15 1-193,text,true,,231,158,286,286,http://localhost:8079/?token=518504778&user=-1355064518&config=3,13131,0,0
1777970236815,13072,HTTP Request,200,OK,Config 3: Exp15 1-52,text,true,,231,158,286,286,http://localhost:8079/?token=518504778&user=-1355064518&config=3,13072,0,0
1777970236816,13071,HTTP Request,200,OK,Config 3: Exp15 1-73,text,true,,231,158,286,286,http://localhost:8079/?token=518504778&user=-1355064518&config=3,13071,0,0
1777970236817,13070,HTTP Request,200,OK,Config 3: Exp15 1-22,text,true,,231,158,286,286,http://localhost:8079/?token=518504778&user=-1355064518&config=3,13070,0,0
1777970236764,13123,HTTP Request,200,OK,Config 3: Exp15 1-2,text,true,,231,158,286,286,http://localhost:8079/?token=518504778&user=-1355064518&config=3,13123,0,0
1777970236817,13070,HTTP Request,200,OK,Config 3: Exp15 1-55,text,true,,231,158,286,286,http://localhost:8079/?token=518504778&user=-1355064518&config=3,13070,0,0
1777970236765,13123,HTTP Request,200,OK,Config 3: Exp15 1-33,text,true,,231,158,286,286,http://localhost:8079/?token=518504778&user=-1355064518&config=3,13123,0,0
1777970236817,13071,HTTP Request,200,OK,Config 3: Exp15 1-72,text,true,,231,158,286,286,http://localhost:8079/?token=518504778&user=-1355064518&config=3,13071,0,0
1777970236816,13072,HTTP Request,200,OK,Config 3: Exp15 1-155,text,true,,231,158,286,286,http://localhost:8079/?token=518504778&user=-1355064518&config=3,13072,0,0
1777970236815,13072,HTTP Request,200,OK,Config 3: Exp15 1-3,text,true,,231,158,286,286,http://localhost:8079/?token=518504778&user=-1355064518&config=3,13072,0,0
1777970236815,13072,HTTP Request,200,OK,Config 3: Exp15 1-34,text,true,,231,158,286,286,http://localhost:8079/?token=518504778&user=-1355064518&config=3,13072,0,0
1777970236817,13070,HTTP Request,200,OK,Config 3: Exp15 1-65,text,true,,231,158,286,286,http://localhost:8079/?token=518504778&user=-1355064518&config=3,13070,0,0
1777970236764,13123,HTTP Request,200,OK,Config 3: Exp15 1-59,text,true,,231,158,286,286,http://localhost:8079/?token=518504778&user=-1355064518&config=3,13123,0,0
1777970236816,13071,HTTP Request,200,OK,Config 3: Exp15 1-40,text,true,,231,158,286,286,http://localhost:8079/?token=518504778&user=-1355064518&config=3,13071,0,0
1777970236765,13122,HTTP Request,200,OK,Config 3: Exp15 1-32,text,true,,231,158,286,286,http://localhost:8079/?token=518504778&user=-1355064518&config=3,13122,0,0
1777970236753,13158,HTTP Request,200,OK,Config 3: Exp15 1-126,text,true,,231,158,286,286,http://localhost:8079/?token=518504778&user=-1355064518&config=3,13158,0,1
1777970236764,13147,HTTP Request,200,OK,Config 3: Exp15 1-111,text,true,,231,158,286,286,http://localhost:8079/?token=518504778&user=-1355064518&config=3,13147,0,1
1777970236820,13091,HTTP Request,200,OK,Config 3: Exp15 1-36,text,true,,231,158,286,286,http://localhost:8079/?token=518504778&user=-1355064518&config=3,13091,0,0
1777970236756,13155,HTTP Request,200,OK,Config 3: Exp15 1-127,text,true,,231,158,286,286,http://localhost:8079/?token=518504778&user=-1355064518&config=3,13155,0,0
1777970236760,13151,HTTP Request,200,OK,Config 3: Exp15 1-110,text,true,,231,158,286,286,http://localhost:8079/?token=518504778&user=-1355064518&config=3,13151,0,0
1777970236820,13091,HTTP Request,200,OK,Config 3: Exp15 1-29,text,true,,231,158,286,286,http://localhost:8079/?token=518504778&user=-1355064518&config=3,13091,0,0
1777970236817,13094,HTTP Request,200,OK,Config 3: Exp15 1-61,text,true,,231,158,286,286,http://localhost:8079/?token=518504778&user=-1355064518&config=3,13094,0,0
1777970236820,13091,HTTP Request,200,OK,Config 3: Exp15 1-15,text,true,,231,158,286,286,http://localhost:8079/?token=518504778&user=-1355064518&config=3,13091,0,0
1777970236896,13015,HTTP Request,200,OK,Config 3: Exp15 1-19,text,true,,231,158,286,286,http://localhost:8079/?token=518504778&user=-1355064518&config=3,13015,0,0
1777970236829,13082,HTTP Request,200,OK,Config 3: Exp15 1-86,text,true,,231,158,286,286,http://localhost:8079/?token=518504778&user=-1355064518&config=3,13082,0,0
1777970236820,13091,HTTP Request,200,OK,Config 3: Exp15 1-50,text,true,,231,158,286,286,http://localhost:8079/?token=518504778&user=-1355064518&config=3,13091,0,0
1777970236829,13082,HTTP Request,200,OK,Config 3: Exp15 1-93,text,true,,231,158,286,286,http://localhost:8079/?token=518504778&user=-1355064518&config=3,13082,0,0
1777970236829,13082,HTTP Request,200,OK,Config 3: Exp15 1-78,text,true,,231,158,286,286,http://localhost:8079/?token=518504778&user=-1355064518&config=3,13082,0,0
1777970236829,13082,HTTP Request,200,OK,Config 3: Exp15 1-94,text,true,,231,158,286,286,http://localhost:8079/?token=518504778&user=-1355064518&config=3,13082,0,0
1777970236829,13082,HTTP Request,200,OK,Config 3: Exp15 1-174,text,true,,231,158,286,286,http://localhost:8079/?token=518504778&user=-1355064518&config=3,13082,0,0
1777970236829,13082,HTTP Request,200,OK,Config 3: Exp15 1-154,text,true,,231,158,286,286,http://localhost:8079/?token=518504778&user=-1355064518&config=3,13082,0,0
1777970236820,13091,HTTP Request,200,OK,Config 3: Exp15 1-39,text,true,,231,158,286,286,http://localhost:8079/?token=518504778&user=-1355064518&config=3,13091,0,0
1777970236896,13015,HTTP Request,200,OK,Config 3: Exp15 1-136,text,true,,231,158,286,286,http://localhost:8079/?token=518504778&user=-1355064518&config=3,13015,0,0
1777970236898,13015,HTTP Request,200,OK,Config 3: Exp15 1-134,text,true,,231,158,286,286,http://localhost:8079/?token=518504778&user=-1355064518&config=3,13015,0,0
1777970236899,13014,HTTP Request,200,OK,Config 3: Exp15 1-214,text,true,,231,158,286,286,http://localhost:8079/?token=518504778&user=-1355064518&config=3,13014,0,0
1777970236950,12963,HTTP Request,200,OK,Config 3: Exp15 1-260,text,true,,231,158,286,286,http://localhost:8079/?token=518504778&user=-1355064518&config=3,12963,0,1
1777970237938,11975,HTTP Request,200,OK,Config 3: Exp15 1-262,text,true,,231,158,286,286,http://localhost:8079/?token=518504778&user=-1355064518&config=3,11975,0,1
1777970237444,12469,HTTP Request,200,OK,Config 3: Exp15 1-261,text,true,,231,158,286,286,http://localhost:8079/?token=518504778&user=-1355064518&config=3,12469,0,0
1777970238433,11480,HTTP Request,200,OK,Config 3: Exp15 1-263,text,true,,231,158,286,286,http://localhost:8079/?token=518504778&user=-1355064518&config=3,11480,0,1
1777970236756,13157,HTTP Request,200,OK,Config 3: Exp15 1-128,text,true,,231,158,286,286,http://localhost:8079/?token=518504778&user=-1355064518&config=3,13157,0,0
1777970238927,10986,HTTP Request,200,OK,Config 3: Exp15 1-264,text,true,,231,158,286,286,http://localhost:8079/?token=518504778&user=-1355064518&config=3,10986,0,1
1777970239421,10493,HTTP Request,200,OK,Config 3: Exp15 1-265,text,true,,231,158,286,286,http://localhost:8079/?token=518504778&user=-1355064518&config=3,10493,0,0
1777970236898,13016,HTTP Request,200,OK,Config 3: Exp15 1-41,text,true,,231,158,286,286,http://localhost:8079/?token=518504778&user=-1355064518&config=3,13016,0,0
1777970236829,13085,HTTP Request,200,OK,Config 3: Exp15 1-97,text,true,,231,158,286,286,http://localhost:8079/?token=518504778&user=-1355064518&config=3,13085,0,0
1777970236896,13018,HTTP Request,200,OK,Config 3: Exp15 1-99,text,true,,231,158,286,286,http://localhost:8079/?token=518504778&user=-1355064518&config=3,13018,0,0
1777970236899,13015,HTTP Request,200,OK,Config 3: Exp15 1-200,text,true,,231,158,286,286,http://localhost:8079/?token=518504778&user=-1355064518&config=3,13015,0,0
1777970236898,13016,HTTP Request,200,OK,Config 3: Exp15 1-74,text,true,,231,158,286,286,http://localhost:8079/?token=518504778&user=-1355064518&config=3,13016,0,0
1777970236898,13016,HTTP Request,200,OK,Config 3: Exp15 1-64,text,true,,231,158,286,286,http://localhost:8079/?token=518504778&user=-1355064518&config=3,13016,0,0
1777970236898,13016,HTTP Request,200,OK,Config 3: Exp15 1-138,text,true,,231,158,286,286,http://localhost:8079/?token=518504778&user=-1355064518&config=3,13016,0,0
1777970236896,13018,HTTP Request,200,OK,Config 3: Exp15 1-137,text,true,,231,158,286,286,http://localhost:8079/?token=518504778&user=-1355064518&config=3,13018,0,0
1777970242090,9149,HTTP Request,200,OK,Config 3: Exp15 1-194,text,true,,231,158,288,288,http://localhost:8079/?token=518504778&user=-1355064518&config=3,9149,0,0
1777970242093,9146,HTTP Request,200,OK,Config 3: Exp15 1-80,text,true,,231,158,288,288,http://localhost:8079/?token=518504778&user=-1355064518&config=3,9146,0,0
1777970242384,8855,HTTP Request,200,OK,Config 3: Exp15 1-271,text,true,,231,158,288,288,http://localhost:8079/?token=518504778&user=-1355064518&config=3,8855,0,1
1777970242093,9146,HTTP Request,200,OK,Config 3: Exp15 1-62,text,true,,231,158,288,288,http://localhost:8079/?token=518504778&user=-1355064518&config=3,9146,0,0
1777970242093,9146,HTTP Request,200,OK,Config 3: Exp15 1-223,text,true,,231,158,288,288,http://localhost:8079/?token=518504778&user=-1355064518&config=3,9146,0,0
1777970242093,9146,HTTP Request,200,OK,Config 3: Exp15 1-162,text,true,,231,158,288,288,http://localhost:8079/?token=518504778&user=-1355064518&config=3,9146,0,0
1777970242090,9149,HTTP Request,200,OK,Config 3: Exp15 1-222,text,true,,231,158,288,288,http://localhost:8079/?token=518504778&user=-1355064518&config=3,9149,0,0
1777970242093,9146,HTTP Request,200,OK,Config 3: Exp15 1-195,text,true,,231,158,288,288,http://localhost:8079/?token=518504778&user=-1355064518&config=3,9146,0,0
1777970242093,9146,HTTP Request,200,OK,Config 3: Exp15 1-77,text,true,,231,158,288,288,http://localhost:8079/?token=518504778&user=-1355064518&config=3,9146,0,0
1777970242878,8362,HTTP Request,200,OK,Config 3: Exp15 1-272,text,true,,231,158,288,288,http://localhost:8079/?token=518504778&user=-1355064518&config=3,8362,0,0
1777970243373,7893,HTTP Request,200,OK,Config 3: Exp15 1-273,text,true,,231,158,288,288,http://localhost:8079/?token=518504778&user=-1355064518&config=3,7893,0,0
1777970243867,7399,HTTP Request,200,OK,Config 3: Exp15 1-274,text,true,,231,158,288,288,http://localhost:8079/?token=518504778&user=-1355064518&config=3,7399,0,0
1777970244361,6905,HTTP Request,200,OK,Config 3: Exp15 1-275,text,true,,231,158,288,288,http://localhost:8079/?token=518504778&user=-1355064518&config=3,6905,0,0
1777970244728,6550,HTTP Request,200,OK,Config 3: Exp15 1-215,text,true,,231,158,289,289,http://localhost:8079/?token=518504778&user=-1355064518&config=3,6550,0,0
1777970244728,6550,HTTP Request,200,OK,Config 3: Exp15 1-218,text,true,,231,158,289,289,http://localhost:8079/?token=518504778&user=-1355064518&config=3,6550,0,0
1777970244728,6550,HTTP Request,200,OK,Config 3: Exp15 1-246,text,true,,231,158,289,289,http://localhost:8079/?token=518504778&user=-1355064518&config=3,6550,0,0
1777970244728,6550,HTTP Request,200,OK,Config 3: Exp15 1-247,text,true,,231,158,289,289,http://localhost:8079/?token=518504778&user=-1355064518&config=3,6550,0,0
1777970244729,6549,HTTP Request,200,OK,Config 3: Exp15 1-217,text,true,,231,158,289,289,http://localhost:8079/?token=518504778&user=-1355064518&config=3,6549,0,0
1777970244728,6550,HTTP Request,200,OK,Config 3: Exp15 1-216,text,true,,231,158,289,289,http://localhost:8079/?token=518504778&user=-1355064518&config=3,6550,0,0
1777970244729,6549,HTTP Request,200,OK,Config 3: Exp15 1-221,text,true,,231,158,289,289,http://localhost:8079/?token=518504778&user=-1355064518&config=3,6549,0,0
1777970244729,6549,HTTP Request,200,OK,Config 3: Exp15 1-219,text,true,,231,158,289,289,http://localhost:8079/?token=518504778&user=-1355064518&config=3,6549,0,0
1777970244800,6478,HTTP Request,200,OK,Config 3: Exp15 1-249,text,true,,231,158,289,289,http://localhost:8079/?token=518504778&user=-1355064518&config=3,6478,0,0
1777970244799,6480,HTTP Request,200,OK,Config 3: Exp15 1-220,text,true,,231,158,289,289,http://localhost:8079/?token=518504778&user=-1355064518&config=3,6480,0,0
1777970244854,6425,HTTP Request,200,OK,Config 3: Exp15 1-276,text,true,,231,158,289,289,http://localhost:8079/?token=518504778&user=-1355064518&config=3,6425,0,1
1777970245348,5931,HTTP Request,200,OK,Config 3: Exp15 1-277,text,true,,231,158,289,289,http://localhost:8079/?token=518504778&user=-1355064518&config=3,5931,0,1
1777970244799,6480,HTTP Request,200,OK,Config 3: Exp15 1-248,text,true,,231,158,289,289,http://localhost:8079/?token=518504778&user=-1355064518&config=3,6480,0,0
1777970245842,5437,HTTP Request,200,OK,Config 3: Exp15 1-278,text,true,,231,158,289,289,http://localhost:8079/?token=518504778&user=-1355064518&config=3,5437,0,1
1777970246949,4331,HTTP Request,200,OK,Config 3: Exp15 1-250,text,true,,231,158,289,289,http://localhost:8079/?token=518504778&user=-1355064518&config=3,4331,0,0
1777970247079,4201,HTTP Request,200,OK,Config 3: Exp15 1-224,text,true,,231,158,289,289,http://localhost:8079/?token=518504778&user=-1355064518&config=3,4201,0,0
1777970246949,4331,HTTP Request,200,OK,Config 3: Exp15 1-251,text,true,,231,158,289,289,http://localhost:8079/?token=518504778&user=-1355064518&config=3,4331,0,0
1777970246949,4331,HTTP Request,200,OK,Config 3: Exp15 1-252,text,true,,231,158,289,289,http://localhost:8079/?token=518504778&user=-1355064518&config=3,4331,0,0
1777970246831,4449,HTTP Request,200,OK,Config 3: Exp15 1-280,text,true,,231,158,289,289,http://localhost:8079/?token=518504778&user=-1355064518&config=3,4449,0,0
1777970246337,4943,HTTP Request,200,OK,Config 3: Exp15 1-279,text,true,,231,158,289,289,http://localhost:8079/?token=518504778&user=-1355064518&config=3,4943,0,0
1777970247079,4201,HTTP Request,200,OK,Config 3: Exp15 1-253,text,true,,231,158,289,289,http://localhost:8079/?token=518504778&user=-1355064518&config=3,4201,0,0
1777970247086,4203,HTTP Request,200,OK,Config 3: Exp15 1-181,text,true,,231,158,289,289,http://localhost:8079/?token=518504778&user=-1355064518&config=3,4203,0,0
1777970247095,4194,HTTP Request,200,OK,Config 3: Exp15 1-182,text,true,,231,158,289,289,http://localhost:8079/?token=518504778&user=-1355064518&config=3,4194,0,0
1777970247096,4201,HTTP Request,200,OK,Config 3: Exp15 1-201,text,true,,231,158,289,289,http://localhost:8079/?token=518504778&user=-1355064518&config=3,4201,0,0
1777970247092,4205,HTTP Request,200,OK,Config 3: Exp15 1-166,text,true,,231,158,289,289,http://localhost:8079/?token=518504778&user=-1355064518&config=3,4205,0,0
1777970247095,4203,HTTP Request,200,OK,Config 3: Exp15 1-63,text,true,,231,158,289,289,http://localhost:8079/?token=518504778&user=-1355064518&config=3,4203,0,0
1777970247095,4204,HTTP Request,200,OK,Config 3: Exp15 1-185,text,true,,231,158,289,289,http://localhost:8079/?token=518504778&user=-1355064518&config=3,4204,0,0
1777970247096,4236,HTTP Request,200,OK,Config 3: Exp15 1-81,text,true,,231,158,289,289,http://localhost:8079/?token=518504778&user=-1355064518&config=3,4236,0,0
1777970247095,4244,HTTP Request,200,OK,Config 3: Exp15 1-58,text,true,,231,158,289,289,http://localhost:8079/?token=518504778&user=-1355064518&config=3,4244,0,0
1777970247096,4243,HTTP Request,200,OK,Config 3: Exp15 1-183,text,true,,231,158,289,289,http://localhost:8079/?token=518504778&user=-1355064518&config=3,4243,0,0
1777970247092,6876,HTTP Request,200,OK,Config 3: Exp15 1-175,text,true,,231,158,294,294,http://localhost:8079/?token=518504778&user=-1355064518&config=3,6876,0,0
1777970247092,6876,HTTP Request,200,OK,Config 3: Exp15 1-98,text,true,,231,158,294,294,http://localhost:8079/?token=518504778&user=-1355064518&config=3,6876,0,0
1777970247084,6884,HTTP Request,200,OK,Config 3: Exp15 1-157,text,true,,231,158,294,294,http://localhost:8079/?token=518504778&user=-1355064518&config=3,6884,0,1
1777970247084,6884,HTTP Request,200,OK,Config 3: Exp15 1-156,text,true,,231,158,294,294,http://localhost:8079/?token=518504778&user=-1355064518&config=3,6884,0,1
1777970247323,11961,HTTP Request,200,OK,Config 3: Exp15 1-281,text,true,,231,158,305,305,http://localhost:8079/?token=518504778&user=-1355064518&config=3,11961,0,1
1777970247818,11466,HTTP Request,200,OK,Config 3: Exp15 1-282,text,true,,231,158,305,305,http://localhost:8079/?token=518504778&user=-1355064518&config=3,11466,0,0
1777970247096,12188,HTTP Request,200,OK,Config 3: Exp15 1-132,text,true,,231,158,305,305,http://localhost:8079/?token=518504778&user=-1355064518&config=3,12188,0,0
1777970247084,12200,HTTP Request,200,OK,Config 3: Exp15 1-146,text,true,,231,158,305,305,http://localhost:8079/?token=518504778&user=-1355064518&config=3,12200,0,1
1777970247096,12188,HTTP Request,200,OK,Config 3: Exp15 1-140,text,true,,231,158,305,305,http://localhost:8079/?token=518504778&user=-1355064518&config=3,12188,0,0
1777970247092,12192,HTTP Request,200,OK,Config 3: Exp15 1-133,text,true,,231,158,305,305,http://localhost:8079/?token=518504778&user=-1355064518&config=3,12192,0,1
1777970247095,12189,HTTP Request,200,OK,Config 3: Exp15 1-139,text,true,,231,158,305,305,http://localhost:8079/?token=518504778&user=-1355064518&config=3,12189,0,1
1777970247085,12199,HTTP Request,200,OK,Config 3: Exp15 1-158,text,true,,231,158,305,305,http://localhost:8079/?token=518504778&user=-1355064518&config=3,12199,0,0
1777970248922,10366,HTTP Request,200,OK,Config 3: Exp15 1-225,text,true,,231,158,305,305,http://localhost:8079/?token=518504778&user=-1355064518&config=3,10366,0,0
1777970248312,10976,HTTP Request,200,OK,Config 3: Exp15 1-283,text,true,,231,158,305,305,http://localhost:8079/?token=518504778&user=-1355064518&config=3,10976,0,1
1777970248922,10371,HTTP Request,200,OK,Config 3: Exp15 1-85,text,true,,231,158,305,305,http://localhost:8079/?token=518504778&user=-1355064518&config=3,10371,0,0
1777970248922,10861,HTTP Request,200,OK,Config 3: Exp15 1-226,text,true,,231,158,306,306,http://localhost:8079/?token=518504778&user=-1355064518&config=3,10861,0,0
1777970248922,10928,HTTP Request,200,OK,Config 3: Exp15 1-96,text,true,,231,158,306,306,http://localhost:8079/?token=518504778&user=-1355064518&config=3,10928,0,0
1777970248922,10928,HTTP Request,200,OK,Config 3: Exp15 1-84,text,true,,231,158,306,306,http://localhost:8079/?token=518504778&user=-1355064518&config=3,10928,0,0
1777970248922,10928,HTTP Request,200,OK,Config 3: Exp15 1-75,text,true,,231,158,306,306,http://localhost:8079/?token=518504778&user=-1355064518&config=3,10928,0,0
1777970248922,10928,HTTP Request,200,OK,Config 3: Exp15 1-103,text,true,,231,158,306,306,http://localhost:8079/?token=518504778&user=-1355064518&config=3,10928,0,0
1777970248922,10928,HTTP Request,200,OK,Config 3: Exp15 1-95,text,true,,231,158,306,306,http://localhost:8079/?token=518504778&user=-1355064518&config=3,10928,0,0
1777970248922,10928,HTTP Request,200,OK,Config 3: Exp15 1-232,text,true,,231,158,306,306,http://localhost:8079/?token=518504778&user=-1355064518&config=3,10928,0,0
1777970248922,10928,HTTP Request,200,OK,Config 3: Exp15 1-79,text,true,,231,158,306,306,http://localhost:8079/?token=518504778&user=-1355064518&config=3,10928,0,0
1777970248923,10927,HTTP Request,200,OK,Config 3: Exp15 1-123,text,true,,231,158,306,306,http://localhost:8079/?token=518504778&user=-1355064518&config=3,10927,0,0
1777970248922,10928,HTTP Request,200,OK,Config 3: Exp15 1-82,text,true,,231,158,306,306,http://localhost:8079/?token=518504778&user=-1355064518&config=3,10928,0,0
1777970248923,10939,HTTP Request,200,OK,Config 3: Exp15 1-145,text,true,,231,158,306,306,http://localhost:8079/?token=518504778&user=-1355064518&config=3,10939,0,0
1777970248923,10940,HTTP Request,200,OK,Config 3: Exp15 1-213,text,true,,231,158,306,306,http://localhost:8079/?token=518504778&user=-1355064518&config=3,10940,0,0
1777970248924,11011,HTTP Request,200,OK,Config 3: Exp15 1-234,text,true,,231,158,306,306,http://localhost:8079/?token=518504778&user=-1355064518&config=3,11011,0,0
1777970248923,11012,HTTP Request,200,OK,Config 3: Exp15 1-83,text,true,,231,158,306,306,http://localhost:8079/?token=518504778&user=-1355064518&config=3,11012,0,0
1777970248923,11012,HTTP Request,200,OK,Config 3: Exp15 1-211,text,true,,231,158,306,306,http://localhost:8079/?token=518504778&user=-1355064518&config=3,11012,0,0
1777970248923,11012,HTTP Request,200,OK,Config 3: Exp15 1-130,text,true,,231,158,306,306,http://localhost:8079/?token=518504778&user=-1355064518&config=3,11012,0,0
1777970248923,11012,HTTP Request,200,OK,Config 3: Exp15 1-187,text,true,,231,158,306,306,http://localhost:8079/?token=518504778&user=-1355064518&config=3,11012,0,0
1777970248923,11012,HTTP Request,200,OK,Config 3: Exp15 1-124,text,true,,231,158,306,306,http://localhost:8079/?token=518504778&user=-1355064518&config=3,11012,0,0
1777970248923,11012,HTTP Request,200,OK,Config 3: Exp15 1-109,text,true,,231,158,306,306,http://localhost:8079/?token=518504778&user=-1355064518&config=3,11012,0,0
1777970248923,11012,HTTP Request,200,OK,Config 3: Exp15 1-131,text,true,,231,158,306,306,http://localhost:8079/?token=518504778&user=-1355064518&config=3,11012,0,0
1777970248923,11012,HTTP Request,200,OK,Config 3: Exp15 1-113,text,true,,231,158,306,306,http://localhost:8079/?token=518504778&user=-1355064518&config=3,11012,0,0
1777970248923,11012,HTTP Request,200,OK,Config 3: Exp15 1-125,text,true,,231,158,306,306,http://localhost:8079/?token=518504778&user=-1355064518&config=3,11012,0,0
1777970248924,11012,HTTP Request,200,OK,Config 3: Exp15 1-184,text,true,,231,158,306,306,http://localhost:8079/?token=518504778&user=-1355064518&config=3,11012,0,0
1777970248924,11012,HTTP Request,200,OK,Config 3: Exp15 1-92,text,true,,231,158,306,306,http://localhost:8079/?token=518504778&user=-1355064518&config=3,11012,0,0
1777970248925,11011,HTTP Request,200,OK,Config 3: Exp15 1-256,text,true,,231,158,306,306,http://localhost:8079/?token=518504778&user=-1355064518&config=3,11011,0,0
1777970248925,11011,HTTP Request,200,OK,Config 3: Exp15 1-235,text,true,,231,158,306,306,http://localhost:8079/?token=518504778&user=-1355064518&config=3,11011,0,0
1777970248923,11013,HTTP Request,200,OK,Config 3: Exp15 1-212,text,true,,231,158,306,306,http://localhost:8079/?token=518504778&user=-1355064518&config=3,11013,0,0
1777970248924,11048,HTTP Request,200,OK,Config 3: Exp15 1-229,text,true,,231,158,306,306,http://localhost:8079/?token=518504778&user=-1355064518&config=3,11048,0,0
1777970248924,11048,HTTP Request,200,OK,Config 3: Exp15 1-230,text,true,,231,158,306,306,http://localhost:8079/?token=518504778&user=-1355064518&config=3,11048,0,0
1777970248925,11047,HTTP Request,200,OK,Config 3: Exp15 1-255,text,true,,231,158,306,306,http://localhost:8079/?token=518504778&user=-1355064518&config=3,11047,0,0
1777970248925,11049,HTTP Request,200,OK,Config 3: Exp15 1-236,text,true,,231,158,306,306,http://localhost:8079/?token=518504778&user=-1355064518&config=3,11049,0,0
1777970248925,11049,HTTP Request,200,OK,Config 3: Exp15 1-237,text,true,,231,158,306,306,http://localhost:8079/?token=518504778&user=-1355064518&config=3,11049,0,0
1777970248925,11049,HTTP Request,200,OK,Config 3: Exp15 1-254,text,true,,231,158,306,306,http://localhost:8079/?token=518504778&user=-1355064518&config=3,11049,0,0
1777970248925,11049,HTTP Request,200,OK,Config 3: Exp15 1-119,text,true,,231,158,306,306,http://localhost:8079/?token=518504778&user=-1355064518&config=3,11049,0,0
1777970248925,11049,HTTP Request,200,OK,Config 3: Exp15 1-104,text,true,,231,158,306,306,http://localhost:8079/?token=518504778&user=-1355064518&config=3,11049,0,0
1777970249326,10650,HTTP Request,200,OK,Config 3: Exp15 1-258,text,true,,231,158,306,306,http://localhost:8079/?token=518504778&user=-1355064518&config=3,10650,0,0
1777970249323,10653,HTTP Request,200,OK,Config 3: Exp15 1-179,text,true,,231,158,306,306,http://localhost:8079/?token=518504778&user=-1355064518&config=3,10653,0,0
1777970249858,10118,HTTP Request,200,OK,Config 3: Exp15 1-172,text,true,,231,158,306,306,http://localhost:8079/?token=518504778&user=-1355064518&config=3,10118,0,0
1777970249323,10653,HTTP Request,200,OK,Config 3: Exp15 1-204,text,true,,231,158,306,306,http://localhost:8079/?token=518504778&user=-1355064518&config=3,10653,0,0
1777970248925,11051,HTTP Request,200,OK,Config 3: Exp15 1-238,text,true,,231,158,306,306,http://localhost:8079/?token=518504778&user=-1355064518&config=3,11051,0,0
1777970249325,10651,HTTP Request,200,OK,Config 3: Exp15 1-69,text,true,,231,158,306,306,http://localhost:8079/?token=518504778&user=-1355064518&config=3,10651,0,0
1777970248925,11051,HTTP Request,200,OK,Config 3: Exp15 1-114,text,true,,231,158,306,306,http://localhost:8079/?token=518504778&user=-1355064518&config=3,11051,0,0
1777970249323,10653,HTTP Request,200,OK,Config 3: Exp15 1-71,text,true,,231,158,306,306,http://localhost:8079/?token=518504778&user=-1355064518&config=3,10653,0,0
1777970249325,10651,HTTP Request,200,OK,Config 3: Exp15 1-106,text,true,,231,158,306,306,http://localhost:8079/?token=518504778&user=-1355064518&config=3,10651,0,0
1777970249323,10653,HTTP Request,200,OK,Config 3: Exp15 1-205,text,true,,231,158,306,306,http://localhost:8079/?token=518504778&user=-1355064518&config=3,10653,0,0
1777970249325,10652,HTTP Request,200,OK,Config 3: Exp15 1-152,text,true,,231,158,306,306,http://localhost:8079/?token=518504778&user=-1355064518&config=3,10652,0,0
1777970249325,10652,HTTP Request,200,OK,Config 3: Exp15 1-164,text,true,,231,158,306,306,http://localhost:8079/?token=518504778&user=-1355064518&config=3,10652,0,0
1777970249325,10652,HTTP Request,200,OK,Config 3: Exp15 1-165,text,true,,231,158,306,306,http://localhost:8079/?token=518504778&user=-1355064518&config=3,10652,0,0
1777970249325,10652,HTTP Request,200,OK,Config 3: Exp15 1-4,text,true,,231,158,306,306,http://localhost:8079/?token=518504778&user=-1355064518&config=3,10652,0,0
1777970249326,10651,HTTP Request,200,OK,Config 3: Exp15 1-192,text,true,,231,158,306,306,http://localhost:8079/?token=518504778&user=-1355064518&config=3,10651,0,0
1777970249323,10657,HTTP Request,200,OK,Config 3: Exp15 1-206,text,true,,231,158,306,306,http://localhost:8079/?token=518504778&user=-1355064518&config=3,10657,0,0
1777970249325,10655,HTTP Request,200,OK,Config 3: Exp15 1-190,text,true,,231,158,306,306,http://localhost:8079/?token=518504778&user=-1355064518&config=3,10655,0,0
1777970249323,10657,HTTP Request,200,OK,Config 3: Exp15 1-186,text,true,,231,158,306,306,http://localhost:8079/?token=518504778&user=-1355064518&config=3,10657,0,0
1777970249326,10654,HTTP Request,200,OK,Config 3: Exp15 1-191,text,true,,231,158,306,306,http://localhost:8079/?token=518504778&user=-1355064518&config=3,10654,0,0
1777970249326,10655,HTTP Request,200,OK,Config 3: Exp15 1-107,text,true,,231,158,306,306,http://localhost:8079/?token=518504778&user=-1355064518&config=3,10655,0,0
1777970249325,10715,HTTP Request,200,OK,Config 3: Exp15 1-70,text,true,,231,158,306,306,http://localhost:8079/?token=518504778&user=-1355064518&config=3,10715,0,0
1777970249323,10717,HTTP Request,200,OK,Config 3: Exp15 1-178,text,true,,231,158,306,306,http://localhost:8079/?token=518504778&user=-1355064518&config=3,10717,0,0
1777970249325,10715,HTTP Request,200,OK,Config 3: Exp15 1-42,text,true,,231,158,306,306,http://localhost:8079/?token=518504778&user=-1355064518&config=3,10715,0,0
1777970249326,10714,HTTP Request,200,OK,Config 3: Exp15 1-118,text,true,,231,158,306,306,http://localhost:8079/?token=518504778&user=-1355064518&config=3,10714,0,0
1777970249326,11912,HTTP Request,200,OK,Config 3: Exp15 1-121,text,true,,231,158,309,309,http://localhost:8079/?token=518504778&user=-1355064518&config=3,11912,0,0
1777970249325,11914,HTTP Request,200,OK,Config 3: Exp15 1-188,text,true,,231,158,309,309,http://localhost:8079/?token=518504778&user=-1355064518&config=3,11914,0,0
1777970249326,11915,HTTP Request,200,OK,Config 3: Exp15 1-259,text,true,,231,158,309,309,http://localhost:8079/?token=518504778&user=-1355064518&config=3,11915,0,0
1777970249323,11918,HTTP Request,200,OK,Config 3: Exp15 1-207,text,true,,231,158,309,309,http://localhost:8079/?token=518504778&user=-1355064518&config=3,11918,0,0
1777970249858,11383,HTTP Request,200,OK,Config 3: Exp15 1-169,text,true,,231,158,309,309,http://localhost:8079/?token=518504778&user=-1355064518&config=3,11383,0,0
1777970249323,11918,HTTP Request,200,OK,Config 3: Exp15 1-203,text,true,,231,158,309,309,http://localhost:8079/?token=518504778&user=-1355064518&config=3,11918,0,0
1777970249323,11918,HTTP Request,200,OK,Config 3: Exp15 1-167,text,true,,231,158,309,309,http://localhost:8079/?token=518504778&user=-1355064518&config=3,11918,0,0
1777970249325,11916,HTTP Request,200,OK,Config 3: Exp15 1-168,text,true,,231,158,309,309,http://localhost:8079/?token=518504778&user=-1355064518&config=3,11916,0,0
1777970249326,11915,HTTP Request,200,OK,Config 3: Exp15 1-120,text,true,,231,158,309,309,http://localhost:8079/?token=518504778&user=-1355064518&config=3,11915,0,0
1777970249326,11915,HTTP Request,200,OK,Config 3: Exp15 1-257,text,true,,231,158,309,309,http://localhost:8079/?token=518504778&user=-1355064518&config=3,11915,0,0
1777970249326,11915,HTTP Request,200,OK,Config 3: Exp15 1-117,text,true,,231,158,309,309,http://localhost:8079/?token=518504778&user=-1355064518&config=3,11915,0,0
1777970249325,11916,HTTP Request,200,OK,Config 3: Exp15 1-17,text,true,,231,158,309,309,http://localhost:8079/?token=518504778&user=-1355064518&config=3,11916,0,0
1777970249325,11916,HTTP Request,200,OK,Config 3: Exp15 1-37,text,true,,231,158,309,309,http://localhost:8079/?token=518504778&user=-1355064518&config=3,11916,0,0
1777970251240,10003,HTTP Request,500,Internal Server Error,Config 3: Exp15 1-162,text,false,,233,158,309,309,http://localhost:8079/?token=518504778&user=-1355064518&config=3,10002,0,0
1777970251240,10003,HTTP Request,500,Internal Server Error,Config 3: Exp15 1-222,text,false,,233,158,309,309,http://localhost:8079/?token=518504778&user=-1355064518&config=3,10003,0,0
1777970251240,10003,HTTP Request,500,Internal Server Error,Config 3: Exp15 1-195,text,false,,233,158,309,309,http://localhost:8079/?token=518504778&user=-1355064518&config=3,10003,0,0
1777970251240,10004,HTTP Request,500,Internal Server Error,Config 3: Exp15 1-62,text,false,,233,158,309,309,http://localhost:8079/?token=518504778&user=-1355064518&config=3,10004,0,0
1777970251240,10004,HTTP Request,500,Internal Server Error,Config 3: Exp15 1-272,text,false,,233,158,309,309,http://localhost:8079/?token=518504778&user=-1355064518&config=3,10004,0,0
1777970251240,10004,HTTP Request,500,Internal Server Error,Config 3: Exp15 1-223,text,false,,233,158,309,309,http://localhost:8079/?token=518504778&user=-1355064518&config=3,10004,0,0
1777970251266,9978,HTTP Request,500,Internal Server Error,Config 3: Exp15 1-275,text,false,,233,158,309,309,http://localhost:8079/?token=518504778&user=-1355064518&config=3,9978,0,0
1777970251266,9978,HTTP Request,500,Internal Server Error,Config 3: Exp15 1-274,text,false,,233,158,309,309,http://localhost:8079/?token=518504778&user=-1355064518&config=3,9978,0,0
1777970251278,9966,HTTP Request,500,Internal Server Error,Config 3: Exp15 1-247,text,false,,233,158,309,309,http://localhost:8079/?token=518504778&user=-1355064518&config=3,9966,0,0
1777970251240,10004,HTTP Request,500,Internal Server Error,Config 3: Exp15 1-77,text,false,,233,158,309,309,http://localhost:8079/?token=518504778&user=-1355064518&config=3,10004,0,0
1777970251266,9978,HTTP Request,500,Internal Server Error,Config 3: Exp15 1-273,text,false,,233,158,309,309,http://localhost:8079/?token=518504778&user=-1355064518&config=3,9978,0,0
1777970251278,9970,HTTP Request,500,Internal Server Error,Config 3: Exp15 1-218,text,false,,233,158,309,309,http://localhost:8079/?token=518504778&user=-1355064518&config=3,9970,0,0
1777970251278,9970,HTTP Request,500,Internal Server Error,Config 3: Exp15 1-221,text,false,,233,158,309,309,http://localhost:8079/?token=518504778&user=-1355064518&config=3,9970,0,0
1777970251278,9970,HTTP Request,500,Internal Server Error,Config 3: Exp15 1-217,text,false,,233,158,309,309,http://localhost:8079/?token=518504778&user=-1355064518&config=3,9970,0,0
1777970251280,9974,HTTP Request,500,Internal Server Error,Config 3: Exp15 1-279,text,false,,233,158,309,309,http://localhost:8079/?token=518504778&user=-1355064518&config=3,9974,0,0
1777970251279,9975,HTTP Request,500,Internal Server Error,Config 3: Exp15 1-277,text,false,,233,158,309,309,http://localhost:8079/?token=518504778&user=-1355064518&config=3,9975,0,0
1777970251279,9975,HTTP Request,500,Internal Server Error,Config 3: Exp15 1-276,text,false,,233,158,309,309,http://localhost:8079/?token=518504778&user=-1355064518&config=3,9975,0,0
1777970251280,9974,HTTP Request,500,Internal Server Error,Config 3: Exp15 1-253,text,false,,233,158,309,309,http://localhost:8079/?token=518504778&user=-1355064518&config=3,9974,0,0
1777970251280,9974,HTTP Request,500,Internal Server Error,Config 3: Exp15 1-250,text,false,,233,158,309,309,http://localhost:8079/?token=518504778&user=-1355064518&config=3,9974,0,0
1777970251280,9974,HTTP Request,500,Internal Server Error,Config 3: Exp15 1-251,text,false,,233,158,309,309,http://localhost:8079/?token=518504778&user=-1355064518&config=3,9974,0,0
1777970251280,9974,HTTP Request,500,Internal Server Error,Config 3: Exp15 1-280,text,false,,233,158,309,309,http://localhost:8079/?token=518504778&user=-1355064518&config=3,9974,0,0
1777970251279,9975,HTTP Request,500,Internal Server Error,Config 3: Exp15 1-248,text,false,,233,158,309,309,http://localhost:8079/?token=518504778&user=-1355064518&config=3,9975,0,0
1777970251280,9974,HTTP Request,500,Internal Server Error,Config 3: Exp15 1-252,text,false,,233,158,309,309,http://localhost:8079/?token=518504778&user=-1355064518&config=3,9974,0,0
1777970251279,9975,HTTP Request,500,Internal Server Error,Config 3: Exp15 1-220,text,false,,233,158,309,309,http://localhost:8079/?token=518504778&user=-1355064518&config=3,9975,0,0
1777970251278,9976,HTTP Request,500,Internal Server Error,Config 3: Exp15 1-216,text,false,,233,158,309,309,http://localhost:8079/?token=518504778&user=-1355064518&config=3,9976,0,0
1777970251280,9974,HTTP Request,500,Internal Server Error,Config 3: Exp15 1-224,text,false,,233,158,309,309,http://localhost:8079/?token=518504778&user=-1355064518&config=3,9974,0,0
1777970251278,9976,HTTP Request,500,Internal Server Error,Config 3: Exp15 1-219,text,false,,233,158,309,309,http://localhost:8079/?token=518504778&user=-1355064518&config=3,9976,0,0
1777970251278,9975,HTTP Request,500,Internal Server Error,Config 3: Exp15 1-246,text,false,,233,158,309,309,http://localhost:8079/?token=518504778&user=-1355064518&config=3,9975,0,0
1777970251279,9974,HTTP Request,500,Internal Server Error,Config 3: Exp15 1-278,text,false,,233,158,309,309,http://localhost:8079/?token=518504778&user=-1355064518&config=3,9974,0,0
1777970251278,9975,HTTP Request,500,Internal Server Error,Config 3: Exp15 1-249,text,false,,233,158,309,309,http://localhost:8079/?token=518504778&user=-1355064518&config=3,9975,0,0
1777970251278,9975,HTTP Request,500,Internal Server Error,Config 3: Exp15 1-215,text,false,,233,158,309,309,http://localhost:8079/?token=518504778&user=-1355064518&config=3,9975,0,0
1777970249323,13825,HTTP Request,200,OK,Config 3: Exp15 1-209,text,true,,231,158,313,313,http://localhost:8079/?token=518504778&user=-1355064518&config=3,13825,0,0
1777970249325,13823,HTTP Request,200,OK,Config 3: Exp15 1-116,text,true,,231,158,313,313,http://localhost:8079/?token=518504778&user=-1355064518&config=3,13823,0,0
1777970249323,13836,HTTP Request,200,OK,Config 3: Exp15 1-208,text,true,,231,158,313,313,http://localhost:8079/?token=518504778&user=-1355064518&config=3,13836,0,0
1777970249326,13833,HTTP Request,200,OK,Config 3: Exp15 1-122,text,true,,231,158,313,313,http://localhost:8079/?token=518504778&user=-1355064518&config=3,13833,0,0
1777970249326,13833,HTTP Request,200,OK,Config 3: Exp15 1-105,text,true,,231,158,313,313,http://localhost:8079/?token=518504778&user=-1355064518&config=3,13833,0,0
1777970249323,13836,HTTP Request,200,OK,Config 3: Exp15 1-18,text,true,,231,158,313,313,http://localhost:8079/?token=518504778&user=-1355064518&config=3,13836,0,0
1777970249325,13834,HTTP Request,200,OK,Config 3: Exp15 1-115,text,true,,231,158,313,313,http://localhost:8079/?token=518504778&user=-1355064518&config=3,13834,0,0
1777970249325,13834,HTTP Request,200,OK,Config 3: Exp15 1-30,text,true,,231,158,313,313,http://localhost:8079/?token=518504778&user=-1355064518&config=3,13834,0,0
1777970249323,13841,HTTP Request,200,OK,Config 3: Exp15 1-202,text,true,,231,158,313,313,http://localhost:8079/?token=518504778&user=-1355064518&config=3,13841,0,0
1777970249323,13841,HTTP Request,200,OK,Config 3: Exp15 1-180,text,true,,231,158,313,313,http://localhost:8079/?token=518504778&user=-1355064518&config=3,13841,0,0
1777970249887,13277,HTTP Request,200,OK,Config 3: Exp15 1-102,text,true,,231,158,313,313,http://localhost:8079/?token=518504778&user=-1355064518&config=3,13277,0,0
1777970249887,13277,HTTP Request,200,OK,Config 3: Exp15 1-233,text,true,,231,158,313,313,http://localhost:8079/?token=518504778&user=-1355064518&config=3,13277,0,0
1777970249913,13251,HTTP Request,200,OK,Config 3: Exp15 1-134,text,true,,231,158,313,313,http://localhost:8079/?token=518504778&user=-1355064518&config=3,13251,0,0
1777970249323,13841,HTTP Request,200,OK,Config 3: Exp15 1-210,text,true,,231,158,313,313,http://localhost:8079/?token=518504778&user=-1355064518&config=3,13841,0,0
1777970249911,13253,HTTP Request,200,OK,Config 3: Exp15 1-110,text,true,,231,158,313,313,http://localhost:8079/?token=518504778&user=-1355064518&config=3,13253,0,0
1777970249914,13250,HTTP Request,200,OK,Config 3: Exp15 1-263,text,true,,231,158,313,313,http://localhost:8079/?token=518504778&user=-1355064518&config=3,13250,0,0
1777970248995,14169,HTTP Request,200,OK,Config 3: Exp15 1-7,text,true,,231,158,313,313,http://localhost:8079/?token=518504778&user=-1355064518&config=3,14169,0,1
1777970249914,13250,HTTP Request,200,OK,Config 3: Exp15 1-261,text,true,,231,158,313,313,http://localhost:8079/?token=518504778&user=-1355064518&config=3,13250,0,0
1777970249911,13253,HTTP Request,200,OK,Config 3: Exp15 1-111,text,true,,231,158,313,313,http://localhost:8079/?token=518504778&user=-1355064518&config=3,13253,0,0
1777970249913,13251,HTTP Request,200,OK,Config 3: Exp15 1-214,text,true,,231,158,313,313,http://localhost:8079/?token=518504778&user=-1355064518&config=3,13251,0,0
1777970249887,13277,HTTP Request,200,OK,Config 3: Exp15 1-239,text,true,,231,158,313,313,http://localhost:8079/?token=518504778&user=-1355064518&config=3,13277,0,0
1777970249325,13839,HTTP Request,200,OK,Config 3: Exp15 1-1,text,true,,231,158,313,313,http://localhost:8079/?token=518504778&user=-1355064518&config=3,13839,0,0
1777970249887,13277,HTTP Request,200,OK,Config 3: Exp15 1-101,text,true,,231,158,313,313,http://localhost:8079/?token=518504778&user=-1355064518&config=3,13277,0,0
1777970249325,13839,HTTP Request,200,OK,Config 3: Exp15 1-38,text,true,,231,158,313,313,http://localhost:8079/?token=518504778&user=-1355064518&config=3,13839,0,0
1777970249323,13841,HTTP Request,200,OK,Config 3: Exp15 1-21,text,true,,231,158,313,313,http://localhost:8079/?token=518504778&user=-1355064518&config=3,13841,0,0
1777970249325,13839,HTTP Request,200,OK,Config 3: Exp15 1-189,text,true,,231,158,313,313,http://localhost:8079/?token=518504778&user=-1355064518&config=3,13839,0,0
1777970249888,13276,HTTP Request,200,OK,Config 3: Exp15 1-3,text,true,,231,158,313,313,http://localhost:8079/?token=518504778&user=-1355064518&config=3,13276,0,0
1777970249326,13838,HTTP Request,200,OK,Config 3: Exp15 1-108,text,true,,231,158,313,313,http://localhost:8079/?token=518504778&user=-1355064518&config=3,13838,0,0
1777970249325,13839,HTTP Request,200,OK,Config 3: Exp15 1-35,text,true,,231,158,313,313,http://localhost:8079/?token=518504778&user=-1355064518&config=3,13839,0,0
1777970248996,14168,HTTP Request,200,OK,Config 3: Exp15 1-135,text,true,,231,158,313,313,http://localhost:8079/?token=518504778&user=-1355064518&config=3,14168,0,0
1777970249325,13839,HTTP Request,200,OK,Config 3: Exp15 1-66,text,true,,231,158,313,313,http://localhost:8079/?token=518504778&user=-1355064518&config=3,13839,0,0
1777970249887,13278,HTTP Request,200,OK,Config 3: Exp15 1-242,text,true,,231,158,313,313,http://localhost:8079/?token=518504778&user=-1355064518&config=3,13278,0,0
1777970248995,14170,HTTP Request,200,OK,Config 3: Exp15 1-8,text,true,,231,158,313,313,http://localhost:8079/?token=518504778&user=-1355064518&config=3,14170,0,1
1777970249887,13278,HTTP Request,200,OK,Config 3: Exp15 1-28,text,true,,231,158,313,313,http://localhost:8079/?token=518504778&user=-1355064518&config=3,13278,0,0
1777970249887,13278,HTTP Request,200,OK,Config 3: Exp15 1-88,text,true,,231,158,313,313,http://localhost:8079/?token=518504778&user=-1355064518&config=3,13278,0,0
1777970249887,13278,HTTP Request,200,OK,Config 3: Exp15 1-91,text,true,,231,158,313,313,http://localhost:8079/?token=518504778&user=-1355064518&config=3,13278,0,0
1777970249887,13278,HTTP Request,200,OK,Config 3: Exp15 1-48,text,true,,231,158,313,313,http://localhost:8079/?token=518504778&user=-1355064518&config=3,13278,0,0
1777970249861,13304,HTTP Request,200,OK,Config 3: Exp15 1-57,text,true,,231,158,313,313,http://localhost:8079/?token=518504778&user=-1355064518&config=3,13304,0,0
1777970249862,13303,HTTP Request,200,OK,Config 3: Exp15 1-47,text,true,,231,158,313,313,http://localhost:8079/?token=518504778&user=-1355064518&config=3,13303,0,0
1777970249861,13304,HTTP Request,200,OK,Config 3: Exp15 1-54,text,true,,231,158,313,313,http://localhost:8079/?token=518504778&user=-1355064518&config=3,13304,0,0
1777970249912,13253,HTTP Request,200,OK,Config 3: Exp15 1-50,text,true,,231,158,313,313,http://localhost:8079/?token=518504778&user=-1355064518&config=3,13253,0,0
1777970249888,13277,HTTP Request,200,OK,Config 3: Exp15 1-55,text,true,,231,158,313,313,http://localhost:8079/?token=518504778&user=-1355064518&config=3,13277,0,0
1777970249887,13278,HTTP Request,200,OK,Config 3: Exp15 1-52,text,true,,231,158,313,313,http://localhost:8079/?token=518504778&user=-1355064518&config=3,13278,0,0
1777970249862,13303,HTTP Request,200,OK,Config 3: Exp15 1-45,text,true,,231,158,313,313,http://localhost:8079/?token=518504778&user=-1355064518&config=3,13303,0,0
1777970249887,13278,HTTP Request,200,OK,Config 3: Exp15 1-16,text,true,,231,158,313,313,http://localhost:8079/?token=518504778&user=-1355064518&config=3,13278,0,0
1777970249888,13277,HTTP Request,200,OK,Config 3: Exp15 1-34,text,true,,231,158,313,313,http://localhost:8079/?token=518504778&user=-1355064518&config=3,13277,0,0
1777970249861,13304,HTTP Request,200,OK,Config 3: Exp15 1-68,text,true,,231,158,313,313,http://localhost:8079/?token=518504778&user=-1355064518&config=3,13304,0,0
1777970249861,13304,HTTP Request,200,OK,Config 3: Exp15 1-53,text,true,,231,158,313,313,http://localhost:8079/?token=518504778&user=-1355064518&config=3,13304,0,0
1777970249889,13276,HTTP Request,200,OK,Config 3: Exp15 1-65,text,true,,231,158,313,313,http://localhost:8079/?token=518504778&user=-1355064518&config=3,13276,0,0
1777970249912,13254,HTTP Request,200,OK,Config 3: Exp15 1-174,text,true,,231,158,313,313,http://localhost:8079/?token=518504778&user=-1355064518&config=3,13254,0,0
1777970249861,13305,HTTP Request,200,OK,Config 3: Exp15 1-60,text,true,,231,158,313,313,http://localhost:8079/?token=518504778&user=-1355064518&config=3,13305,0,0
1777970249861,13305,HTTP Request,200,OK,Config 3: Exp15 1-56,text,true,,231,158,313,313,http://localhost:8079/?token=518504778&user=-1355064518&config=3,13305,0,0
1777970249912,13254,HTTP Request,200,OK,Config 3: Exp15 1-94,text,true,,231,158,313,313,http://localhost:8079/?token=518504778&user=-1355064518&config=3,13254,0,0
1777970249887,13281,HTTP Request,200,OK,Config 3: Exp15 1-90,text,true,,231,158,313,313,http://localhost:8079/?token=518504778&user=-1355064518&config=3,13281,0,0
1777970249862,13306,HTTP Request,200,OK,Config 3: Exp15 1-27,text,true,,231,158,313,313,http://localhost:8079/?token=518504778&user=-1355064518&config=3,13306,0,0
1777970249888,13280,HTTP Request,200,OK,Config 3: Exp15 1-72,text,true,,231,158,313,313,http://localhost:8079/?token=518504778&user=-1355064518&config=3,13280,0,0
1777970249887,13281,HTTP Request,200,OK,Config 3: Exp15 1-31,text,true,,231,158,313,313,http://localhost:8079/?token=518504778&user=-1355064518&config=3,13281,0,0
1777970249862,13306,HTTP Request,200,OK,Config 3: Exp15 1-43,text,true,,231,158,313,313,http://localhost:8079/?token=518504778&user=-1355064518&config=3,13306,0,0
1777970249889,13279,HTTP Request,200,OK,Config 3: Exp15 1-40,text,true,,231,158,313,313,http://localhost:8079/?token=518504778&user=-1355064518&config=3,13279,0,0
1777970249888,13280,HTTP Request,200,OK,Config 3: Exp15 1-155,text,true,,231,158,313,313,http://localhost:8079/?token=518504778&user=-1355064518&config=3,13280,0,0
1777970248996,14172,HTTP Request,200,OK,Config 3: Exp15 1-196,text,true,,231,158,313,313,http://localhost:8079/?token=518504778&user=-1355064518&config=3,14172,0,0
1777970249887,13281,HTTP Request,200,OK,Config 3: Exp15 1-73,text,true,,231,158,313,313,http://localhost:8079/?token=518504778&user=-1355064518&config=3,13281,0,0
1777970249914,13254,HTTP Request,200,OK,Config 3: Exp15 1-99,text,true,,231,158,313,313,http://localhost:8079/?token=518504778&user=-1355064518&config=3,13254,0,0
1777970248996,14173,HTTP Request,200,OK,Config 3: Exp15 1-228,text,true,,231,158,313,313,http://localhost:8079/?token=518504778&user=-1355064518&config=3,14173,0,0
1777970249914,13255,HTTP Request,200,OK,Config 3: Exp15 1-137,text,true,,231,158,313,313,http://localhost:8079/?token=518504778&user=-1355064518&config=3,13255,0,0
1777970249887,13283,HTTP Request,200,OK,Config 3: Exp15 1-240,text,true,,231,158,313,313,http://localhost:8079/?token=518504778&user=-1355064518&config=3,13283,0,0
1777970249914,13256,HTTP Request,200,OK,Config 3: Exp15 1-128,text,true,,231,158,313,313,http://localhost:8079/?token=518504778&user=-1355064518&config=3,13256,0,0
1777970249911,13259,HTTP Request,200,OK,Config 3: Exp15 1-36,text,true,,231,158,313,313,http://localhost:8079/?token=518504778&user=-1355064518&config=3,13259,0,0
1777970249887,13283,HTTP Request,200,OK,Config 3: Exp15 1-193,text,true,,231,158,313,313,http://localhost:8079/?token=518504778&user=-1355064518&config=3,13283,0,0
1777970249862,13312,HTTP Request,200,OK,Config 3: Exp15 1-170,text,true,,231,158,313,313,http://localhost:8079/?token=518504778&user=-1355064518&config=3,13312,0,0
1777970249861,13313,HTTP Request,200,OK,Config 3: Exp15 1-49,text,true,,231,158,313,313,http://localhost:8079/?token=518504778&user=-1355064518&config=3,13313,0,0
1777970249887,13287,HTTP Request,200,OK,Config 3: Exp15 1-89,text,true,,231,158,313,313,http://localhost:8079/?token=518504778&user=-1355064518&config=3,13287,0,0
1777970249887,13287,HTTP Request,200,OK,Config 3: Exp15 1-100,text,true,,231,158,313,313,http://localhost:8079/?token=518504778&user=-1355064518&config=3,13287,0,0
1777970248996,14178,HTTP Request,200,OK,Config 3: Exp15 1-44,text,true,,231,158,313,313,http://localhost:8079/?token=518504778&user=-1355064518&config=3,14178,0,0
1777970249914,13262,HTTP Request,200,OK,Config 3: Exp15 1-262,text,true,,231,158,313,313,http://localhost:8079/?token=518504778&user=-1355064518&config=3,13262,0,0
1777970248806,14370,HTTP Request,200,OK,Config 3: Exp15 1-284,text,true,,231,158,313,313,http://localhost:8079/?token=518504778&user=-1355064518&config=3,14370,0,0
1777970249887,13289,HTTP Request,200,OK,Config 3: Exp15 1-241,text,true,,231,158,313,313,http://localhost:8079/?token=518504778&user=-1355064518&config=3,13289,0,0
1777970249913,13263,HTTP Request,200,OK,Config 3: Exp15 1-260,text,true,,231,158,313,313,http://localhost:8079/?token=518504778&user=-1355064518&config=3,13263,0,0
1777970249887,13289,HTTP Request,200,OK,Config 3: Exp15 1-87,text,true,,231,158,313,313,http://localhost:8079/?token=518504778&user=-1355064518&config=3,13289,0,0
1777970249914,13262,HTTP Request,200,OK,Config 3: Exp15 1-264,text,true,,231,158,313,313,http://localhost:8079/?token=518504778&user=-1355064518&config=3,13262,0,0
1777970249914,13263,HTTP Request,200,OK,Config 3: Exp15 1-265,text,true,,231,158,313,313,http://localhost:8079/?token=518504778&user=-1355064518&config=3,13263,0,0
1777970249887,13290,HTTP Request,200,OK,Config 3: Exp15 1-22,text,true,,231,158,313,313,http://localhost:8079/?token=518504778&user=-1355064518&config=3,13290,0,0
1777970249911,13266,HTTP Request,200,OK,Config 3: Exp15 1-29,text,true,,231,158,313,313,http://localhost:8079/?token=518504778&user=-1355064518&config=3,13266,0,0
1777970249914,13263,HTTP Request,200,OK,Config 3: Exp15 1-97,text,true,,231,158,313,313,http://localhost:8079/?token=518504778&user=-1355064518&config=3,13263,0,0
1777970249912,13265,HTTP Request,200,OK,Config 3: Exp15 1-78,text,true,,231,158,313,313,http://localhost:8079/?token=518504778&user=-1355064518&config=3,13265,0,0
1777970249860,13317,HTTP Request,200,OK,Config 3: Exp15 1-51,text,true,,231,158,313,313,http://localhost:8079/?token=518504778&user=-1355064518&config=3,13317,0,0
1777970249912,13265,HTTP Request,200,OK,Config 3: Exp15 1-154,text,true,,231,158,313,313,http://localhost:8079/?token=518504778&user=-1355064518&config=3,13265,0,0
1777970249912,13265,HTTP Request,200,OK,Config 3: Exp15 1-15,text,true,,231,158,313,313,http://localhost:8079/?token=518504778&user=-1355064518&config=3,13265,0,0
1777970249861,13316,HTTP Request,200,OK,Config 3: Exp15 1-67,text,true,,231,158,313,313,http://localhost:8079/?token=518504778&user=-1355064518&config=3,13316,0,0
1777970249914,13263,HTTP Request,200,OK,Config 3: Exp15 1-41,text,true,,231,158,313,313,http://localhost:8079/?token=518504778&user=-1355064518&config=3,13263,0,0
1777970249914,13263,HTTP Request,200,OK,Config 3: Exp15 1-200,text,true,,231,158,313,313,http://localhost:8079/?token=518504778&user=-1355064518&config=3,13263,0,0
1777970249914,13263,HTTP Request,200,OK,Config 3: Exp15 1-64,text,true,,231,158,313,313,http://localhost:8079/?token=518504778&user=-1355064518&config=3,13263,0,0
1777970248996,14181,HTTP Request,200,OK,Config 3: Exp15 1-245,text,true,,231,158,313,313,http://localhost:8079/?token=518504778&user=-1355064518&config=3,14181,0,0
1777970249300,13877,HTTP Request,200,OK,Config 3: Exp15 1-285,text,true,,231,158,313,313,http://localhost:8079/?token=518504778&user=-1355064518&config=3,13877,0,1
1777970249323,13854,HTTP Request,200,OK,Config 3: Exp15 1-20,text,true,,231,158,313,313,http://localhost:8079/?token=518504778&user=-1355064518&config=3,13854,0,1
1777970248996,14181,HTTP Request,200,OK,Config 3: Exp15 1-76,text,true,,231,158,313,313,http://localhost:8079/?token=518504778&user=-1355064518&config=3,14181,0,0
1777970249323,13854,HTTP Request,200,OK,Config 3: Exp15 1-112,text,true,,231,158,313,313,http://localhost:8079/?token=518504778&user=-1355064518&config=3,13854,0,1
1777970249323,13854,HTTP Request,200,OK,Config 3: Exp15 1-6,text,true,,231,158,313,313,http://localhost:8079/?token=518504778&user=-1355064518&config=3,13854,0,1
1777970249323,13854,HTTP Request,200,OK,Config 3: Exp15 1-129,text,true,,231,158,313,313,http://localhost:8079/?token=518504778&user=-1355064518&config=3,13854,0,1
1777970249325,13852,HTTP Request,200,OK,Config 3: Exp15 1-161,text,true,,231,158,313,313,http://localhost:8079/?token=518504778&user=-1355064518&config=3,13852,0,0
1777970248997,14180,HTTP Request,200,OK,Config 3: Exp15 1-243,text,true,,231,158,313,313,http://localhost:8079/?token=518504778&user=-1355064518&config=3,14180,0,0
1777970249858,13319,HTTP Request,200,OK,Config 3: Exp15 1-150,text,true,,231,158,313,313,http://localhost:8079/?token=518504778&user=-1355064518&config=3,13319,0,0
1777970249860,13319,HTTP Request,200,OK,Config 3: Exp15 1-231,text,true,,231,158,313,313,http://localhost:8079/?token=518504778&user=-1355064518&config=3,13319,0,0
1777970248995,14184,HTTP Request,200,OK,Config 3: Exp15 1-151,text,true,,231,158,313,313,http://localhost:8079/?token=518504778&user=-1355064518&config=3,14184,0,1
1777970249911,13268,HTTP Request,200,OK,Config 3: Exp15 1-127,text,true,,231,158,313,313,http://localhost:8079/?token=518504778&user=-1355064518&config=3,13268,0,0
1777970248996,14183,HTTP Request,200,OK,Config 3: Exp15 1-25,text,true,,231,158,313,313,http://localhost:8079/?token=518504778&user=-1355064518&config=3,14183,0,0
1777970249888,13291,HTTP Request,200,OK,Config 3: Exp15 1-33,text,true,,231,158,313,313,http://localhost:8079/?token=518504778&user=-1355064518&config=3,13291,0,0
1777970249911,13268,HTTP Request,200,OK,Config 3: Exp15 1-126,text,true,,231,158,313,313,http://localhost:8079/?token=518504778&user=-1355064518&config=3,13268,0,0
1777970249887,13292,HTTP Request,200,OK,Config 3: Exp15 1-171,text,true,,231,158,313,313,http://localhost:8079/?token=518504778&user=-1355064518&config=3,13292,0,0
1777970249912,13267,HTTP Request,200,OK,Config 3: Exp15 1-86,text,true,,231,158,313,313,http://localhost:8079/?token=518504778&user=-1355064518&config=3,13267,0,0
1777970249887,13292,HTTP Request,200,OK,Config 3: Exp15 1-2,text,true,,231,158,313,313,http://localhost:8079/?token=518504778&user=-1355064518&config=3,13292,0,0
1777970249887,13292,HTTP Request,200,OK,Config 3: Exp15 1-46,text,true,,231,158,313,313,http://localhost:8079/?token=518504778&user=-1355064518&config=3,13292,0,0
1777970249889,13290,HTTP Request,200,OK,Config 3: Exp15 1-59,text,true,,231,158,313,313,http://localhost:8079/?token=518504778&user=-1355064518&config=3,13290,0,0
1777970248997,14182,HTTP Request,200,OK,Config 3: Exp15 1-176,text,true,,231,158,313,313,http://localhost:8079/?token=518504778&user=-1355064518&config=3,14182,0,0
1777970248997,14182,HTTP Request,200,OK,Config 3: Exp15 1-198,text,true,,231,158,313,313,http://localhost:8079/?token=518504778&user=-1355064518&config=3,14182,0,0
1777970248997,14182,HTTP Request,200,OK,Config 3: Exp15 1-197,text,true,,231,158,313,313,http://localhost:8079/?token=518504778&user=-1355064518&config=3,14182,0,0
1777970248997,14182,HTTP Request,200,OK,Config 3: Exp15 1-244,text,true,,231,158,313,313,http://localhost:8079/?token=518504778&user=-1355064518&config=3,14182,0,0
1777970248997,14182,HTTP Request,200,OK,Config 3: Exp15 1-199,text,true,,231,158,313,313,http://localhost:8079/?token=518504778&user=-1355064518&config=3,14182,0,0
1777970249912,13267,HTTP Request,200,OK,Config 3: Exp15 1-39,text,true,,231,158,313,313,http://localhost:8079/?token=518504778&user=-1355064518&config=3,13267,0,0
1777970249912,13267,HTTP Request,200,OK,Config 3: Exp15 1-93,text,true,,231,158,313,313,http://localhost:8079/?token=518504778&user=-1355064518&config=3,13267,0,0
1777970248996,14183,HTTP Request,200,OK,Config 3: Exp15 1-173,text,true,,231,158,313,313,http://localhost:8079/?token=518504778&user=-1355064518&config=3,14183,0,0
1777970249914,13265,HTTP Request,200,OK,Config 3: Exp15 1-138,text,true,,231,158,313,313,http://localhost:8079/?token=518504778&user=-1355064518&config=3,13265,0,0
1777970248998,14181,HTTP Request,200,OK,Config 3: Exp15 1-153,text,true,,231,158,313,313,http://localhost:8079/?token=518504778&user=-1355064518&config=3,14181,0,0
1777970248999,14180,HTTP Request,200,OK,Config 3: Exp15 1-270,text,true,,231,158,313,313,http://localhost:8079/?token=518504778&user=-1355064518&config=3,14180,0,0
1777970249322,13857,HTTP Request,200,OK,Config 3: Exp15 1-141,text,true,,231,158,313,313,http://localhost:8079/?token=518504778&user=-1355064518&config=3,13857,0,1
1777970249325,13855,HTTP Request,200,OK,Config 3: Exp15 1-13,text,true,,231,158,313,313,http://localhost:8079/?token=518504778&user=-1355064518&config=3,13855,0,0
1777970249325,13854,HTTP Request,200,OK,Config 3: Exp15 1-5,text,true,,231,158,313,313,http://localhost:8079/?token=518504778&user=-1355064518&config=3,13854,0,0
1777970249323,13857,HTTP Request,200,OK,Config 3: Exp15 1-160,text,true,,231,158,313,313,http://localhost:8079/?token=518504778&user=-1355064518&config=3,13857,0,1
1777970249325,13855,HTTP Request,200,OK,Config 3: Exp15 1-163,text,true,,231,158,313,313,http://localhost:8079/?token=518504778&user=-1355064518&config=3,13855,0,0
1777970249858,13322,HTTP Request,200,OK,Config 3: Exp15 1-149,text,true,,231,158,313,313,http://localhost:8079/?token=518504778&user=-1355064518&config=3,13322,0,0
1777970249889,13319,HTTP Request,200,OK,Config 3: Exp15 1-32,text,true,,231,158,313,313,http://localhost:8079/?token=518504778&user=-1355064518&config=3,13319,0,0
1777970248998,14210,HTTP Request,200,OK,Config 3: Exp15 1-268,text,true,,231,158,313,313,http://localhost:8079/?token=518504778&user=-1355064518&config=3,14210,0,0
1777970249912,13296,HTTP Request,200,OK,Config 3: Exp15 1-19,text,true,,231,158,313,313,http://localhost:8079/?token=518504778&user=-1355064518&config=3,13296,0,0
1777970248998,14210,HTTP Request,200,OK,Config 3: Exp15 1-266,text,true,,231,158,313,313,http://localhost:8079/?token=518504778&user=-1355064518&config=3,14210,0,0
1777970249911,13297,HTTP Request,200,OK,Config 3: Exp15 1-61,text,true,,231,158,313,313,http://localhost:8079/?token=518504778&user=-1355064518&config=3,13297,0,0
1777970248999,14209,HTTP Request,200,OK,Config 3: Exp15 1-269,text,true,,231,158,313,313,http://localhost:8079/?token=518504778&user=-1355064518&config=3,14209,0,0
1777970248999,14209,HTTP Request,200,OK,Config 3: Exp15 1-267,text,true,,231,158,313,313,http://localhost:8079/?token=518504778&user=-1355064518&config=3,14209,0,0
1777970249912,13296,HTTP Request,200,OK,Config 3: Exp15 1-136,text,true,,231,158,313,313,http://localhost:8079/?token=518504778&user=-1355064518&config=3,13296,0,0
1777970248997,14211,HTTP Request,200,OK,Config 3: Exp15 1-177,text,true,,231,158,313,313,http://localhost:8079/?token=518504778&user=-1355064518&config=3,14211,0,0
1777970249914,13294,HTTP Request,200,OK,Config 3: Exp15 1-74,text,true,,231,158,313,313,http://localhost:8079/?token=518504778&user=-1355064518&config=3,13294,0,0
1777970248998,14210,HTTP Request,200,OK,Config 3: Exp15 1-227,text,true,,231,158,313,313,http://localhost:8079/?token=518504778&user=-1355064518&config=3,14210,0,0
1777970249322,13886,HTTP Request,200,OK,Config 3: Exp15 1-142,text,true,,231,158,313,313,http://localhost:8079/?token=518504778&user=-1355064518&config=3,13886,0,1
1777970249325,13883,HTTP Request,200,OK,Config 3: Exp15 1-143,text,true,,231,158,313,313,http://localhost:8079/?token=518504778&user=-1355064518&config=3,13883,0,0
1777970249325,13883,HTTP Request,200,OK,Config 3: Exp15 1-144,text,true,,231,158,313,313,http://localhost:8079/?token=518504778&user=-1355064518&config=3,13883,0,0
1777970249795,13413,HTTP Request,200,OK,Config 3: Exp15 1-286,text,true,,231,158,313,313,http://localhost:8079/?token=518504778&user=-1355064518&config=3,13413,0,0
1777970249325,13883,HTTP Request,200,OK,Config 3: Exp15 1-14,text,true,,231,158,313,313,http://localhost:8079/?token=518504778&user=-1355064518&config=3,13883,0,0
1777970249325,13883,HTTP Request,200,OK,Config 3: Exp15 1-159,text,true,,231,158,313,313,http://localhost:8079/?token=518504778&user=-1355064518&config=3,13883,0,0
1777970249861,13559,HTTP Request,200,OK,Config 3: Exp15 1-24,text,true,,231,158,313,313,http://localhost:8079/?token=518504778&user=-1355064518&config=3,13559,0,0
1777970249861,13559,HTTP Request,200,OK,Config 3: Exp15 1-10,text,true,,231,158,313,313,http://localhost:8079/?token=518504778&user=-1355064518&config=3,13559,0,1
1777970249861,13559,HTTP Request,200,OK,Config 3: Exp15 1-147,text,true,,231,158,313,313,http://localhost:8079/?token=518504778&user=-1355064518&config=3,13559,0,0
1777970249862,13558,HTTP Request,200,OK,Config 3: Exp15 1-11,text,true,,231,158,313,313,http://localhost:8079/?token=518504778&user=-1355064518&config=3,13558,0,0
1777970249862,13558,HTTP Request,200,OK,Config 3: Exp15 1-26,text,true,,231,158,313,313,http://localhost:8079/?token=518504778&user=-1355064518&config=3,13558,0,0
1777970250289,13131,HTTP Request,200,OK,Config 3: Exp15 1-287,text,true,,231,158,313,313,http://localhost:8079/?token=518504778&user=-1355064518&config=3,13131,0,1
1777970249862,13558,HTTP Request,200,OK,Config 3: Exp15 1-148,text,true,,231,158,313,313,http://localhost:8079/?token=518504778&user=-1355064518&config=3,13558,0,0
1777970249862,13558,HTTP Request,200,OK,Config 3: Exp15 1-9,text,true,,231,158,313,313,http://localhost:8079/?token=518504778&user=-1355064518&config=3,13558,0,0
1777970249858,13564,HTTP Request,200,OK,Config 3: Exp15 1-23,text,true,,231,158,313,313,http://localhost:8079/?token=518504778&user=-1355064518&config=3,13564,0,1
1777970249887,13535,HTTP Request,200,OK,Config 3: Exp15 1-12,text,true,,231,158,313,313,http://localhost:8079/?token=518504778&user=-1355064518&config=3,13535,0,1
1777970251239,12684,HTTP Request,200,OK,Config 3: Exp15 1-194,text,true,,231,158,314,314,http://localhost:8079/?token=518504778&user=-1355064518&config=3,12684,0,0
1777970250783,13140,HTTP Request,200,OK,Config 3: Exp15 1-288,text,true,,231,158,314,314,http://localhost:8079/?token=518504778&user=-1355064518&config=3,13140,0,0
1777970251239,12684,HTTP Request,200,OK,Config 3: Exp15 1-80,text,true,,231,158,314,314,http://localhost:8079/?token=518504778&user=-1355064518&config=3,12684,0,0
1777970251239,12684,HTTP Request,200,OK,Config 3: Exp15 1-271,text,true,,231,158,314,314,http://localhost:8079/?token=518504778&user=-1355064518&config=3,12684,0,0
1777970254241,12886,HTTP Request,200,OK,Config 3: Exp15 1-295,text,true,,231,158,321,321,http://localhost:8079/?token=518504778&user=-1355064518&config=3,12886,0,0
1777970253968,13159,HTTP Request,200,OK,Config 3: Exp15 1-175,text,true,,231,158,321,321,http://localhost:8079/?token=518504778&user=-1355064518&config=3,13159,0,0
1777970253968,13159,HTTP Request,200,OK,Config 3: Exp15 1-98,text,true,,231,158,321,321,http://localhost:8079/?token=518504778&user=-1355064518&config=3,13159,0,0
1777970253968,13159,HTTP Request,200,OK,Config 3: Exp15 1-156,text,true,,231,158,321,321,http://localhost:8079/?token=518504778&user=-1355064518&config=3,13159,0,0
1777970253968,13160,HTTP Request,200,OK,Config 3: Exp15 1-157,text,true,,231,158,321,321,http://localhost:8079/?token=518504778&user=-1355064518&config=3,13160,0,0
1777970251289,17016,HTTP Request,200,OK,Config 3: Exp15 1-181,text,true,,231,158,323,323,http://localhost:8079/?token=518504778&user=-1355064518&config=3,17016,0,0
1777970251299,17006,HTTP Request,200,OK,Config 3: Exp15 1-185,text,true,,231,158,323,323,http://localhost:8079/?token=518504778&user=-1355064518&config=3,17006,0,0
1777970251289,17016,HTTP Request,200,OK,Config 3: Exp15 1-182,text,true,,231,158,323,323,http://localhost:8079/?token=518504778&user=-1355064518&config=3,17016,0,0
1777970251297,17008,HTTP Request,200,OK,Config 3: Exp15 1-201,text,true,,231,158,323,323,http://localhost:8079/?token=518504778&user=-1355064518&config=3,17008,0,0
1777970251298,17007,HTTP Request,200,OK,Config 3: Exp15 1-63,text,true,,231,158,323,323,http://localhost:8079/?token=518504778&user=-1355064518&config=3,17007,0,0
1777970251769,16539,HTTP Request,200,OK,Config 3: Exp15 1-290,text,true,,231,158,323,323,http://localhost:8079/?token=518504778&user=-1355064518&config=3,16539,0,1
1777970251276,17032,HTTP Request,200,OK,Config 3: Exp15 1-289,text,true,,231,158,323,323,http://localhost:8079/?token=518504778&user=-1355064518&config=3,17032,0,0
1777970251297,17011,HTTP Request,200,OK,Config 3: Exp15 1-166,text,true,,231,158,323,323,http://localhost:8079/?token=518504778&user=-1355064518&config=3,17011,0,0
1777970251332,16976,HTTP Request,200,OK,Config 3: Exp15 1-81,text,true,,231,158,323,323,http://localhost:8079/?token=518504778&user=-1355064518&config=3,16976,0,0
1777970251340,16968,HTTP Request,200,OK,Config 3: Exp15 1-58,text,true,,231,158,323,323,http://localhost:8079/?token=518504778&user=-1355064518&config=3,16968,0,0
1777970251340,16968,HTTP Request,200,OK,Config 3: Exp15 1-183,text,true,,231,158,323,323,http://localhost:8079/?token=518504778&user=-1355064518&config=3,16968,0,0
1777970252263,16109,HTTP Request,200,OK,Config 3: Exp15 1-291,text,true,,231,158,323,323,http://localhost:8079/?token=518504778&user=-1355064518&config=3,16109,0,1
1777970253747,14625,HTTP Request,200,OK,Config 3: Exp15 1-294,text,true,,231,158,323,323,http://localhost:8079/?token=518504778&user=-1355064518&config=3,14625,0,0
1777970252758,15614,HTTP Request,200,OK,Config 3: Exp15 1-292,text,true,,231,158,323,323,http://localhost:8079/?token=518504778&user=-1355064518&config=3,15614,0,0
1777970253252,15120,HTTP Request,200,OK,Config 3: Exp15 1-293,text,true,,231,158,323,323,http://localhost:8079/?token=518504778&user=-1355064518&config=3,15120,0,0
1777970254735,19035,HTTP Request,200,OK,Config 3: Exp15 1-296,text,true,,231,158,334,334,http://localhost:8079/?token=518504778&user=-1355064518&config=3,19035,0,0
1777970255228,18542,HTTP Request,200,OK,Config 3: Exp15 1-297,text,true,,231,158,334,334,http://localhost:8079/?token=518504778&user=-1355064518&config=3,18542,0,1
1777970255722,18048,HTTP Request,200,OK,Config 3: Exp15 1-298,text,true,,231,158,334,334,http://localhost:8079/?token=518504778&user=-1355064518&config=3,18048,0,0
1777970256217,17553,HTTP Request,200,OK,Config 3: Exp15 1-299,text,true,,231,158,334,334,http://localhost:8079/?token=518504778&user=-1355064518&config=3,17553,0,1
1777970256712,17084,HTTP Request,200,OK,Config 3: Exp15 1-300,text,true,,231,158,334,334,http://localhost:8079/?token=518504778&user=-1355064518&config=3,17084,0,0
1777970257204,16592,HTTP Request,200,OK,Config 3: Exp15 1-301,text,true,,231,158,334,334,http://localhost:8079/?token=518504778&user=-1355064518&config=3,16592,0,1
1777970257699,16108,HTTP Request,200,OK,Config 3: Exp15 1-302,text,true,,231,158,334,334,http://localhost:8079/?token=518504778&user=-1355064518&config=3,16108,0,1
1777970258192,15615,HTTP Request,200,OK,Config 3: Exp15 1-303,text,true,,231,158,334,334,http://localhost:8079/?token=518504778&user=-1355064518&config=3,15615,0,1
1777970258686,15127,HTTP Request,200,OK,Config 3: Exp15 1-304,text,true,,231,158,334,334,http://localhost:8079/?token=518504778&user=-1355064518&config=3,15127,0,1
1777970259285,14878,HTTP Request,200,OK,Config 3: Exp15 1-281,text,true,,231,158,335,335,http://localhost:8079/?token=518504778&user=-1355064518&config=3,14878,0,0
1777970259289,14874,HTTP Request,200,OK,Config 3: Exp15 1-225,text,true,,231,158,335,335,http://localhost:8079/?token=518504778&user=-1355064518&config=3,14874,0,0
1777970259285,14878,HTTP Request,200,OK,Config 3: Exp15 1-282,text,true,,231,158,335,335,http://localhost:8079/?token=518504778&user=-1355064518&config=3,14878,0,0
1777970259285,14878,HTTP Request,200,OK,Config 3: Exp15 1-140,text,true,,231,158,335,335,http://localhost:8079/?token=518504778&user=-1355064518&config=3,14878,0,0
1777970259289,14874,HTTP Request,200,OK,Config 3: Exp15 1-283,text,true,,231,158,335,335,http://localhost:8079/?token=518504778&user=-1355064518&config=3,14874,0,0
1777970259675,14488,HTTP Request,200,OK,Config 3: Exp15 1-306,text,true,,231,158,335,335,http://localhost:8079/?token=518504778&user=-1355064518&config=3,14488,0,1
1777970259182,14981,HTTP Request,200,OK,Config 3: Exp15 1-305,text,true,,231,158,335,335,http://localhost:8079/?token=518504778&user=-1355064518&config=3,14981,0,0
1777970259285,14878,HTTP Request,200,OK,Config 3: Exp15 1-146,text,true,,231,158,335,335,http://localhost:8079/?token=518504778&user=-1355064518&config=3,14878,0,0
1777970259285,14878,HTTP Request,200,OK,Config 3: Exp15 1-132,text,true,,231,158,335,335,http://localhost:8079/?token=518504778&user=-1355064518&config=3,14878,0,0
1777970259286,14877,HTTP Request,200,OK,Config 3: Exp15 1-158,text,true,,231,158,335,335,http://localhost:8079/?token=518504778&user=-1355064518&config=3,14877,0,0
1777970259294,14869,HTTP Request,200,OK,Config 3: Exp15 1-85,text,true,,231,158,335,335,http://localhost:8079/?token=518504778&user=-1355064518&config=3,14869,0,0
1777970259285,14879,HTTP Request,200,OK,Config 3: Exp15 1-133,text,true,,231,158,335,335,http://localhost:8079/?token=518504778&user=-1355064518&config=3,14879,0,0
1777970259285,14879,HTTP Request,200,OK,Config 3: Exp15 1-139,text,true,,231,158,335,335,http://localhost:8079/?token=518504778&user=-1355064518&config=3,14879,0,0
1777970259785,14457,HTTP Request,200,OK,Config 3: Exp15 1-226,text,true,,231,158,335,335,http://localhost:8079/?token=518504778&user=-1355064518&config=3,14457,0,0
1777970259851,14630,HTTP Request,200,OK,Config 3: Exp15 1-96,text,true,,231,158,335,335,http://localhost:8079/?token=518504778&user=-1355064518&config=3,14630,0,0
1777970259851,14631,HTTP Request,200,OK,Config 3: Exp15 1-75,text,true,,231,158,335,335,http://localhost:8079/?token=518504778&user=-1355064518&config=3,14631,0,0
1777970259851,14631,HTTP Request,200,OK,Config 3: Exp15 1-103,text,true,,231,158,335,335,http://localhost:8079/?token=518504778&user=-1355064518&config=3,14631,0,0
1777970259851,14632,HTTP Request,200,OK,Config 3: Exp15 1-84,text,true,,231,158,335,335,http://localhost:8079/?token=518504778&user=-1355064518&config=3,14632,0,0
1777970259851,14633,HTTP Request,200,OK,Config 3: Exp15 1-82,text,true,,231,158,335,335,http://localhost:8079/?token=518504778&user=-1355064518&config=3,14633,0,0
1777970259851,14633,HTTP Request,200,OK,Config 3: Exp15 1-232,text,true,,231,158,335,335,http://localhost:8079/?token=518504778&user=-1355064518&config=3,14633,0,0
1777970259936,14548,HTTP Request,200,OK,Config 3: Exp15 1-131,text,true,,231,158,335,335,http://localhost:8079/?token=518504778&user=-1355064518&config=3,14548,0,0
1777970259851,14633,HTTP Request,200,OK,Config 3: Exp15 1-95,text,true,,231,158,335,335,http://localhost:8079/?token=518504778&user=-1355064518&config=3,14633,0,0
1777970259851,14633,HTTP Request,200,OK,Config 3: Exp15 1-79,text,true,,231,158,335,335,http://localhost:8079/?token=518504778&user=-1355064518&config=3,14633,0,0
1777970259936,14548,HTTP Request,200,OK,Config 3: Exp15 1-211,text,true,,231,158,335,335,http://localhost:8079/?token=518504778&user=-1355064518&config=3,14548,0,0
1777970259936,14548,HTTP Request,200,OK,Config 3: Exp15 1-125,text,true,,231,158,335,335,http://localhost:8079/?token=518504778&user=-1355064518&config=3,14548,0,0
1777970259936,14548,HTTP Request,200,OK,Config 3: Exp15 1-124,text,true,,231,158,335,335,http://localhost:8079/?token=518504778&user=-1355064518&config=3,14548,0,0
1777970259851,14633,HTTP Request,200,OK,Config 3: Exp15 1-123,text,true,,231,158,335,335,http://localhost:8079/?token=518504778&user=-1355064518&config=3,14633,0,0
1777970259936,14548,HTTP Request,200,OK,Config 3: Exp15 1-109,text,true,,231,158,335,335,http://localhost:8079/?token=518504778&user=-1355064518&config=3,14548,0,0
1777970259936,14549,HTTP Request,200,OK,Config 3: Exp15 1-234,text,true,,231,158,335,335,http://localhost:8079/?token=518504778&user=-1355064518&config=3,14549,0,0
1777970259937,14548,HTTP Request,200,OK,Config 3: Exp15 1-92,text,true,,231,158,335,335,http://localhost:8079/?token=518504778&user=-1355064518&config=3,14548,0,0
1777970259938,14547,HTTP Request,200,OK,Config 3: Exp15 1-235,text,true,,231,158,335,335,http://localhost:8079/?token=518504778&user=-1355064518&config=3,14547,0,0
1777970259982,14503,HTTP Request,200,OK,Config 3: Exp15 1-190,text,true,,231,158,335,335,http://localhost:8079/?token=518504778&user=-1355064518&config=3,14503,0,0
1777970259982,14503,HTTP Request,200,OK,Config 3: Exp15 1-186,text,true,,231,158,335,335,http://localhost:8079/?token=518504778&user=-1355064518&config=3,14503,0,0
1777970259936,14549,HTTP Request,200,OK,Config 3: Exp15 1-83,text,true,,231,158,335,335,http://localhost:8079/?token=518504778&user=-1355064518&config=3,14549,0,0
1777970259978,14507,HTTP Request,200,OK,Config 3: Exp15 1-152,text,true,,231,158,335,335,http://localhost:8079/?token=518504778&user=-1355064518&config=3,14507,0,0
1777970259864,14621,HTTP Request,200,OK,Config 3: Exp15 1-145,text,true,,231,158,335,335,http://localhost:8079/?token=518504778&user=-1355064518&config=3,14621,0,0
1777970259936,14549,HTTP Request,200,OK,Config 3: Exp15 1-130,text,true,,231,158,335,335,http://localhost:8079/?token=518504778&user=-1355064518&config=3,14549,0,0
1777970259975,14510,HTTP Request,200,OK,Config 3: Exp15 1-236,text,true,,231,158,335,335,http://localhost:8079/?token=518504778&user=-1355064518&config=3,14510,0,0
1777970259864,14621,HTTP Request,200,OK,Config 3: Exp15 1-213,text,true,,231,158,335,335,http://localhost:8079/?token=518504778&user=-1355064518&config=3,14621,0,0
1777970259936,14549,HTTP Request,200,OK,Config 3: Exp15 1-187,text,true,,231,158,335,335,http://localhost:8079/?token=518504778&user=-1355064518&config=3,14549,0,0
1777970259936,14549,HTTP Request,200,OK,Config 3: Exp15 1-113,text,true,,231,158,335,335,http://localhost:8079/?token=518504778&user=-1355064518&config=3,14549,0,0
1777970259977,14511,HTTP Request,200,OK,Config 3: Exp15 1-204,text,true,,231,158,335,335,http://localhost:8079/?token=518504778&user=-1355064518&config=3,14511,0,0
1777970259977,14511,HTTP Request,200,OK,Config 3: Exp15 1-205,text,true,,231,158,335,335,http://localhost:8079/?token=518504778&user=-1355064518&config=3,14511,0,0
1777970259973,14515,HTTP Request,200,OK,Config 3: Exp15 1-229,text,true,,231,158,335,335,http://localhost:8079/?token=518504778&user=-1355064518&config=3,14515,0,0
1777970259937,14551,HTTP Request,200,OK,Config 3: Exp15 1-256,text,true,,231,158,335,335,http://localhost:8079/?token=518504778&user=-1355064518&config=3,14551,0,0
1777970259975,14513,HTTP Request,200,OK,Config 3: Exp15 1-104,text,true,,231,158,335,335,http://localhost:8079/?token=518504778&user=-1355064518&config=3,14513,0,0
1777970259977,14511,HTTP Request,200,OK,Config 3: Exp15 1-71,text,true,,231,158,335,335,http://localhost:8079/?token=518504778&user=-1355064518&config=3,14511,0,0
1777970259977,14511,HTTP Request,200,OK,Config 3: Exp15 1-238,text,true,,231,158,335,335,http://localhost:8079/?token=518504778&user=-1355064518&config=3,14511,0,0
1777970259975,14513,HTTP Request,200,OK,Config 3: Exp15 1-237,text,true,,231,158,335,335,http://localhost:8079/?token=518504778&user=-1355064518&config=3,14513,0,0
1777970259977,14511,HTTP Request,200,OK,Config 3: Exp15 1-69,text,true,,231,158,335,335,http://localhost:8079/?token=518504778&user=-1355064518&config=3,14511,0,0
1777970259938,14550,HTTP Request,200,OK,Config 3: Exp15 1-212,text,true,,231,158,335,335,http://localhost:8079/?token=518504778&user=-1355064518&config=3,14550,0,0
1777970259977,14511,HTTP Request,200,OK,Config 3: Exp15 1-114,text,true,,231,158,335,335,http://localhost:8079/?token=518504778&user=-1355064518&config=3,14511,0,0
1777970260169,14321,HTTP Request,200,OK,Config 3: Exp15 1-307,text,true,,231,158,335,335,http://localhost:8079/?token=518504778&user=-1355064518&config=3,14321,0,1
1777970259982,14508,HTTP Request,200,OK,Config 3: Exp15 1-206,text,true,,231,158,335,335,http://localhost:8079/?token=518504778&user=-1355064518&config=3,14508,0,0
1777970259973,14517,HTTP Request,200,OK,Config 3: Exp15 1-230,text,true,,231,158,335,335,http://localhost:8079/?token=518504778&user=-1355064518&config=3,14517,0,0
1777970260663,13827,HTTP Request,200,OK,Config 3: Exp15 1-308,text,true,,231,158,335,335,http://localhost:8079/?token=518504778&user=-1355064518&config=3,13827,0,0
1777970259973,14517,HTTP Request,200,OK,Config 3: Exp15 1-255,text,true,,231,158,335,335,http://localhost:8079/?token=518504778&user=-1355064518&config=3,14517,0,0
1777970259977,14513,HTTP Request,200,OK,Config 3: Exp15 1-179,text,true,,231,158,335,335,http://localhost:8079/?token=518504778&user=-1355064518&config=3,14513,0,0
1777970259975,14515,HTTP Request,200,OK,Config 3: Exp15 1-254,text,true,,231,158,335,335,http://localhost:8079/?token=518504778&user=-1355064518&config=3,14515,0,0
1777970259937,14553,HTTP Request,200,OK,Config 3: Exp15 1-184,text,true,,231,158,335,335,http://localhost:8079/?token=518504778&user=-1355064518&config=3,14553,0,1
1777970259977,14513,HTTP Request,200,OK,Config 3: Exp15 1-258,text,true,,231,158,335,335,http://localhost:8079/?token=518504778&user=-1355064518&config=3,14513,0,0
1777970259977,14513,HTTP Request,200,OK,Config 3: Exp15 1-172,text,true,,231,158,335,335,http://localhost:8079/?token=518504778&user=-1355064518&config=3,14513,0,0
1777970259978,14512,HTTP Request,200,OK,Config 3: Exp15 1-4,text,true,,231,158,335,335,http://localhost:8079/?token=518504778&user=-1355064518&config=3,14512,0,0
1777970260042,14448,HTTP Request,200,OK,Config 3: Exp15 1-42,text,true,,231,158,335,335,http://localhost:8079/?token=518504778&user=-1355064518&config=3,14448,0,0
1777970259978,14512,HTTP Request,200,OK,Config 3: Exp15 1-192,text,true,,231,158,335,335,http://localhost:8079/?token=518504778&user=-1355064518&config=3,14512,0,0
1777970259978,14512,HTTP Request,200,OK,Config 3: Exp15 1-165,text,true,,231,158,335,335,http://localhost:8079/?token=518504778&user=-1355064518&config=3,14512,0,0
1777970259978,14512,HTTP Request,200,OK,Config 3: Exp15 1-164,text,true,,231,158,335,335,http://localhost:8079/?token=518504778&user=-1355064518&config=3,14512,0,0
1777970260042,14448,HTTP Request,200,OK,Config 3: Exp15 1-178,text,true,,231,158,335,335,http://localhost:8079/?token=518504778&user=-1355064518&config=3,14448,0,0
1777970260042,14448,HTTP Request,200,OK,Config 3: Exp15 1-70,text,true,,231,158,335,335,http://localhost:8079/?token=518504778&user=-1355064518&config=3,14448,0,0
1777970259982,14508,HTTP Request,200,OK,Config 3: Exp15 1-191,text,true,,231,158,335,335,http://localhost:8079/?token=518504778&user=-1355064518&config=3,14508,0,0
1777970259975,14515,HTTP Request,200,OK,Config 3: Exp15 1-119,text,true,,231,158,335,335,http://localhost:8079/?token=518504778&user=-1355064518&config=3,14515,0,0
1777970260042,14448,HTTP Request,200,OK,Config 3: Exp15 1-118,text,true,,231,158,335,335,http://localhost:8079/?token=518504778&user=-1355064518&config=3,14448,0,0
1777970259977,14513,HTTP Request,200,OK,Config 3: Exp15 1-106,text,true,,231,158,335,335,http://localhost:8079/?token=518504778&user=-1355064518&config=3,14513,0,0
1777970259982,14508,HTTP Request,200,OK,Config 3: Exp15 1-107,text,true,,231,158,335,335,http://localhost:8079/?token=518504778&user=-1355064518&config=3,14508,0,0
1777970263150,11691,HTTP Request,200,OK,Config 3: Exp15 1-209,text,true,,231,158,336,336,http://localhost:8079/?token=518504778&user=-1355064518&config=3,11691,0,0
1777970263150,11691,HTTP Request,200,OK,Config 3: Exp15 1-116,text,true,,231,158,336,336,http://localhost:8079/?token=518504778&user=-1355064518&config=3,11691,0,0
1777970263165,11691,HTTP Request,200,OK,Config 3: Exp15 1-233,text,true,,231,158,336,336,http://localhost:8079/?token=518504778&user=-1355064518&config=3,11691,0,0
1777970263160,11696,HTTP Request,200,OK,Config 3: Exp15 1-208,text,true,,231,158,336,336,http://localhost:8079/?token=518504778&user=-1355064518&config=3,11696,0,0
1777970263165,11691,HTTP Request,200,OK,Config 3: Exp15 1-210,text,true,,231,158,336,336,http://localhost:8079/?token=518504778&user=-1355064518&config=3,11691,0,0
1777970263165,11691,HTTP Request,200,OK,Config 3: Exp15 1-202,text,true,,231,158,336,336,http://localhost:8079/?token=518504778&user=-1355064518&config=3,11691,0,0
1777970263160,11696,HTTP Request,200,OK,Config 3: Exp15 1-18,text,true,,231,158,336,336,http://localhost:8079/?token=518504778&user=-1355064518&config=3,11696,0,0
1777970263165,11691,HTTP Request,200,OK,Config 3: Exp15 1-101,text,true,,231,158,336,336,http://localhost:8079/?token=518504778&user=-1355064518&config=3,11691,0,0
1777970263160,11696,HTTP Request,200,OK,Config 3: Exp15 1-115,text,true,,231,158,336,336,http://localhost:8079/?token=518504778&user=-1355064518&config=3,11696,0,0
1777970263165,11691,HTTP Request,200,OK,Config 3: Exp15 1-134,text,true,,231,158,336,336,http://localhost:8079/?token=518504778&user=-1355064518&config=3,11691,0,0
1777970264121,10734,HTTP Request,500,Internal Server Error,Config 3: Exp15 1-315,text,false,,233,158,336,336,http://localhost:8079/?token=518504778&user=-1355064518&config=3,10734,0,0
1777970263165,11691,HTTP Request,200,OK,Config 3: Exp15 1-214,text,true,,231,158,336,336,http://localhost:8079/?token=518504778&user=-1355064518&config=3,11691,0,0
1777970263165,11691,HTTP Request,200,OK,Config 3: Exp15 1-102,text,true,,231,158,336,336,http://localhost:8079/?token=518504778&user=-1355064518&config=3,11691,0,0
1777970263166,11690,HTTP Request,200,OK,Config 3: Exp15 1-88,text,true,,231,158,336,336,http://localhost:8079/?token=518504778&user=-1355064518&config=3,11690,0,0
1777970263166,11690,HTTP Request,200,OK,Config 3: Exp15 1-91,text,true,,231,158,336,336,http://localhost:8079/?token=518504778&user=-1355064518&config=3,11690,0,0
1777970263165,11691,HTTP Request,200,OK,Config 3: Exp15 1-110,text,true,,231,158,336,336,http://localhost:8079/?token=518504778&user=-1355064518&config=3,11691,0,0
1777970263165,11691,HTTP Request,200,OK,Config 3: Exp15 1-239,text,true,,231,158,336,336,http://localhost:8079/?token=518504778&user=-1355064518&config=3,11691,0,0
1777970264614,10241,HTTP Request,500,Internal Server Error,Config 3: Exp15 1-316,text,false,,233,158,336,336,http://localhost:8079/?token=518504778&user=-1355064518&config=3,10241,0,0
1777970263165,11691,HTTP Request,200,OK,Config 3: Exp15 1-261,text,true,,231,158,336,336,http://localhost:8079/?token=518504778&user=-1355064518&config=3,11691,0,0
1777970263165,11691,HTTP Request,200,OK,Config 3: Exp15 1-263,text,true,,231,158,336,336,http://localhost:8079/?token=518504778&user=-1355064518&config=3,11691,0,0
1777970263165,11692,HTTP Request,200,OK,Config 3: Exp15 1-111,text,true,,231,158,336,336,http://localhost:8079/?token=518504778&user=-1355064518&config=3,11692,0,0
1777970263166,11691,HTTP Request,200,OK,Config 3: Exp15 1-35,text,true,,231,158,336,336,http://localhost:8079/?token=518504778&user=-1355064518&config=3,11691,0,0
1777970263166,11691,HTTP Request,200,OK,Config 3: Exp15 1-57,text,true,,231,158,336,336,http://localhost:8079/?token=518504778&user=-1355064518&config=3,11691,0,0
1777970263165,11692,HTTP Request,200,OK,Config 3: Exp15 1-189,text,true,,231,158,336,336,http://localhost:8079/?token=518504778&user=-1355064518&config=3,11692,0,0
1777970263165,11692,HTTP Request,200,OK,Config 3: Exp15 1-21,text,true,,231,158,336,336,http://localhost:8079/?token=518504778&user=-1355064518&config=3,11692,0,0
1777970263160,11697,HTTP Request,200,OK,Config 3: Exp15 1-122,text,true,,231,158,336,336,http://localhost:8079/?token=518504778&user=-1355064518&config=3,11697,0,0
1777970263166,11691,HTTP Request,200,OK,Config 3: Exp15 1-8,text,true,,231,158,336,336,http://localhost:8079/?token=518504778&user=-1355064518&config=3,11691,0,0
1777970263167,11690,HTTP Request,200,OK,Config 3: Exp15 1-53,text,true,,231,158,336,336,http://localhost:8079/?token=518504778&user=-1355064518&config=3,11690,0,0
1777970263160,11697,HTTP Request,200,OK,Config 3: Exp15 1-105,text,true,,231,158,336,336,http://localhost:8079/?token=518504778&user=-1355064518&config=3,11697,0,0
1777970263166,11691,HTTP Request,200,OK,Config 3: Exp15 1-135,text,true,,231,158,336,336,http://localhost:8079/?token=518504778&user=-1355064518&config=3,11691,0,0
1777970263167,11690,HTTP Request,200,OK,Config 3: Exp15 1-174,text,true,,231,158,336,336,http://localhost:8079/?token=518504778&user=-1355064518&config=3,11690,0,0
1777970263923,10933,HTTP Request,500,Internal Server Error,Config 3: Exp15 1-271,text,false,,233,158,336,336,http://localhost:8079/?token=518504778&user=-1355064518&config=3,10933,0,0
1777970263166,11691,HTTP Request,200,OK,Config 3: Exp15 1-242,text,true,,231,158,336,336,http://localhost:8079/?token=518504778&user=-1355064518&config=3,11691,0,0
1777970263166,11691,HTTP Request,200,OK,Config 3: Exp15 1-108,text,true,,231,158,336,336,http://localhost:8079/?token=518504778&user=-1355064518&config=3,11691,0,0
1777970263165,11692,HTTP Request,200,OK,Config 3: Exp15 1-7,text,true,,231,158,336,336,http://localhost:8079/?token=518504778&user=-1355064518&config=3,11692,0,0
1777970263166,11691,HTTP Request,200,OK,Config 3: Exp15 1-66,text,true,,231,158,336,336,http://localhost:8079/?token=518504778&user=-1355064518&config=3,11691,0,0
1777970265603,9255,HTTP Request,500,Internal Server Error,Config 3: Exp15 1-318,text,false,,233,158,336,336,http://localhost:8079/?token=518504778&user=-1355064518&config=3,9255,0,1
1777970265109,9749,HTTP Request,500,Internal Server Error,Config 3: Exp15 1-317,text,false,,233,158,336,336,http://localhost:8079/?token=518504778&user=-1355064518&config=3,9749,0,0
1777970266096,8762,HTTP Request,500,Internal Server Error,Config 3: Exp15 1-319,text,false,,233,158,336,336,http://localhost:8079/?token=518504778&user=-1355064518&config=3,8762,0,0
1777970266591,8267,HTTP Request,500,Internal Server Error,Config 3: Exp15 1-320,text,false,,233,158,336,336,http://localhost:8079/?token=518504778&user=-1355064518&config=3,8267,0,0
1777970261158,14447,HTTP Request,200,OK,Config 3: Exp15 1-309,text,true,,231,158,338,338,http://localhost:8079/?token=518504778&user=-1355064518&config=3,14447,0,0
1777970261240,14365,HTTP Request,200,OK,Config 3: Exp15 1-121,text,true,,231,158,338,338,http://localhost:8079/?token=518504778&user=-1355064518&config=3,14365,0,0
1777970261240,14365,HTTP Request,200,OK,Config 3: Exp15 1-188,text,true,,231,158,338,338,http://localhost:8079/?token=518504778&user=-1355064518&config=3,14365,0,0
1777970261242,14695,HTTP Request,200,OK,Config 3: Exp15 1-259,text,true,,231,158,338,338,http://localhost:8079/?token=518504778&user=-1355064518&config=3,14695,0,0
1777970261243,14694,HTTP Request,200,OK,Config 3: Exp15 1-117,text,true,,231,158,338,338,http://localhost:8079/?token=518504778&user=-1355064518&config=3,14694,0,0
1777970261242,14695,HTTP Request,200,OK,Config 3: Exp15 1-207,text,true,,231,158,338,338,http://localhost:8079/?token=518504778&user=-1355064518&config=3,14695,0,0
1777970261243,14694,HTTP Request,200,OK,Config 3: Exp15 1-257,text,true,,231,158,338,338,http://localhost:8079/?token=518504778&user=-1355064518&config=3,14694,0,0
1777970261242,14695,HTTP Request,200,OK,Config 3: Exp15 1-168,text,true,,231,158,338,338,http://localhost:8079/?token=518504778&user=-1355064518&config=3,14695,0,0
1777970261243,14695,HTTP Request,200,OK,Config 3: Exp15 1-17,text,true,,231,158,338,338,http://localhost:8079/?token=518504778&user=-1355064518&config=3,14695,0,0
1777970261242,14697,HTTP Request,200,OK,Config 3: Exp15 1-203,text,true,,231,158,338,338,http://localhost:8079/?token=518504778&user=-1355064518&config=3,14697,0,0
1777970261242,14697,HTTP Request,200,OK,Config 3: Exp15 1-167,text,true,,231,158,338,338,http://localhost:8079/?token=518504778&user=-1355064518&config=3,14697,0,0
1777970261243,14697,HTTP Request,200,OK,Config 3: Exp15 1-120,text,true,,231,158,338,338,http://localhost:8079/?token=518504778&user=-1355064518&config=3,14697,0,0
1777970261243,14698,HTTP Request,200,OK,Config 3: Exp15 1-37,text,true,,231,158,338,338,http://localhost:8079/?token=518504778&user=-1355064518&config=3,14698,0,0
1777970261244,14697,HTTP Request,200,OK,Config 3: Exp15 1-162,text,true,,231,158,338,338,http://localhost:8079/?token=518504778&user=-1355064518&config=3,14697,0,0
1777970261244,14697,HTTP Request,200,OK,Config 3: Exp15 1-222,text,true,,231,158,338,338,http://localhost:8079/?token=518504778&user=-1355064518&config=3,14697,0,0
1777970261245,14696,HTTP Request,200,OK,Config 3: Exp15 1-272,text,true,,231,158,338,338,http://localhost:8079/?token=518504778&user=-1355064518&config=3,14696,0,0
1777970261245,14696,HTTP Request,200,OK,Config 3: Exp15 1-62,text,true,,231,158,338,338,http://localhost:8079/?token=518504778&user=-1355064518&config=3,14696,0,0
1777970261244,14697,HTTP Request,200,OK,Config 3: Exp15 1-195,text,true,,231,158,338,338,http://localhost:8079/?token=518504778&user=-1355064518&config=3,14697,0,0
1777970261245,14696,HTTP Request,200,OK,Config 3: Exp15 1-223,text,true,,231,158,338,338,http://localhost:8079/?token=518504778&user=-1355064518&config=3,14696,0,0
1777970261245,14696,HTTP Request,200,OK,Config 3: Exp15 1-275,text,true,,231,158,338,338,http://localhost:8079/?token=518504778&user=-1355064518&config=3,14696,0,0
1777970261245,14696,HTTP Request,200,OK,Config 3: Exp15 1-274,text,true,,231,158,338,338,http://localhost:8079/?token=518504778&user=-1355064518&config=3,14696,0,1
1777970261245,14696,HTTP Request,200,OK,Config 3: Exp15 1-273,text,true,,231,158,338,338,http://localhost:8079/?token=518504778&user=-1355064518&config=3,14696,0,1
1777970261249,14692,HTTP Request,200,OK,Config 3: Exp15 1-217,text,true,,231,158,338,338,http://localhost:8079/?token=518504778&user=-1355064518&config=3,14692,0,0
1777970261249,14692,HTTP Request,200,OK,Config 3: Exp15 1-221,text,true,,231,158,338,338,http://localhost:8079/?token=518504778&user=-1355064518&config=3,14692,0,0
1777970261258,14683,HTTP Request,200,OK,Config 3: Exp15 1-279,text,true,,231,158,338,338,http://localhost:8079/?token=518504778&user=-1355064518&config=3,14683,0,1
1777970261245,14696,HTTP Request,200,OK,Config 3: Exp15 1-77,text,true,,231,158,338,338,http://localhost:8079/?token=518504778&user=-1355064518&config=3,14696,0,1
1777970261245,14696,HTTP Request,200,OK,Config 3: Exp15 1-247,text,true,,231,158,338,338,http://localhost:8079/?token=518504778&user=-1355064518&config=3,14696,0,1
1777970261249,14692,HTTP Request,200,OK,Config 3: Exp15 1-218,text,true,,231,158,338,338,http://localhost:8079/?token=518504778&user=-1355064518&config=3,14692,0,0
1777970261258,14683,HTTP Request,200,OK,Config 3: Exp15 1-277,text,true,,231,158,338,338,http://localhost:8079/?token=518504778&user=-1355064518&config=3,14683,0,1
1777970261258,14683,HTTP Request,200,OK,Config 3: Exp15 1-276,text,true,,231,158,338,338,http://localhost:8079/?token=518504778&user=-1355064518&config=3,14683,0,1
1777970261259,14682,HTTP Request,200,OK,Config 3: Exp15 1-253,text,true,,231,158,338,338,http://localhost:8079/?token=518504778&user=-1355064518&config=3,14682,0,0
1777970261242,14700,HTTP Request,200,OK,Config 3: Exp15 1-169,text,true,,231,158,338,338,http://localhost:8079/?token=518504778&user=-1355064518&config=3,14700,0,1
1777970261259,14683,HTTP Request,200,OK,Config 3: Exp15 1-220,text,true,,231,158,338,338,http://localhost:8079/?token=518504778&user=-1355064518&config=3,14683,0,0
1777970261259,14685,HTTP Request,200,OK,Config 3: Exp15 1-280,text,true,,231,158,338,338,http://localhost:8079/?token=518504778&user=-1355064518&config=3,14685,0,0
1777970261259,14685,HTTP Request,200,OK,Config 3: Exp15 1-250,text,true,,231,158,338,338,http://localhost:8079/?token=518504778&user=-1355064518&config=3,14685,0,0
1777970261259,14685,HTTP Request,200,OK,Config 3: Exp15 1-216,text,true,,231,158,338,338,http://localhost:8079/?token=518504778&user=-1355064518&config=3,14685,0,0
1777970262145,13800,HTTP Request,200,OK,Config 3: Exp15 1-311,text,true,,231,158,338,338,http://localhost:8079/?token=518504778&user=-1355064518&config=3,13800,0,1
1777970261259,14686,HTTP Request,200,OK,Config 3: Exp15 1-248,text,true,,231,158,338,338,http://localhost:8079/?token=518504778&user=-1355064518&config=3,14686,0,0
1777970261259,14687,HTTP Request,200,OK,Config 3: Exp15 1-251,text,true,,231,158,338,338,http://localhost:8079/?token=518504778&user=-1355064518&config=3,14687,0,0
1777970261259,14687,HTTP Request,200,OK,Config 3: Exp15 1-252,text,true,,231,158,338,338,http://localhost:8079/?token=518504778&user=-1355064518&config=3,14687,0,0
1777970261259,14687,HTTP Request,200,OK,Config 3: Exp15 1-224,text,true,,231,158,338,338,http://localhost:8079/?token=518504778&user=-1355064518&config=3,14687,0,0
1777970261259,14687,HTTP Request,200,OK,Config 3: Exp15 1-246,text,true,,231,158,338,338,http://localhost:8079/?token=518504778&user=-1355064518&config=3,14687,0,0
1777970261259,14687,HTTP Request,200,OK,Config 3: Exp15 1-219,text,true,,231,158,338,338,http://localhost:8079/?token=518504778&user=-1355064518&config=3,14687,0,0
1777970261259,14687,HTTP Request,200,OK,Config 3: Exp15 1-278,text,true,,231,158,338,338,http://localhost:8079/?token=518504778&user=-1355064518&config=3,14687,0,0
1777970261259,14687,HTTP Request,200,OK,Config 3: Exp15 1-249,text,true,,231,158,338,338,http://localhost:8079/?token=518504778&user=-1355064518&config=3,14687,0,0
1777970261259,14687,HTTP Request,200,OK,Config 3: Exp15 1-215,text,true,,231,158,338,338,http://localhost:8079/?token=518504778&user=-1355064518&config=3,14687,0,1
1777970261652,14294,HTTP Request,200,OK,Config 3: Exp15 1-310,text,true,,231,158,338,338,http://localhost:8079/?token=518504778&user=-1355064518&config=3,14294,0,0
1777970262641,14370,HTTP Request,200,OK,Config 3: Exp15 1-312,text,true,,231,158,341,341,http://localhost:8079/?token=518504778&user=-1355064518&config=3,14370,0,0
1777970263167,14222,HTTP Request,200,OK,Config 3: Exp15 1-65,text,true,,231,158,341,341,http://localhost:8079/?token=518504778&user=-1355064518&config=3,14222,0,0
1777970263167,14222,HTTP Request,200,OK,Config 3: Exp15 1-50,text,true,,231,158,341,341,http://localhost:8079/?token=518504778&user=-1355064518&config=3,14222,0,0
1777970263167,14222,HTTP Request,200,OK,Config 3: Exp15 1-55,text,true,,231,158,341,341,http://localhost:8079/?token=518504778&user=-1355064518&config=3,14222,0,0
1777970263167,14222,HTTP Request,200,OK,Config 3: Exp15 1-68,text,true,,231,158,341,341,http://localhost:8079/?token=518504778&user=-1355064518&config=3,14222,0,0
1777970263167,14222,HTTP Request,200,OK,Config 3: Exp15 1-52,text,true,,231,158,341,341,http://localhost:8079/?token=518504778&user=-1355064518&config=3,14222,0,0
1777970263167,14222,HTTP Request,200,OK,Config 3: Exp15 1-60,text,true,,231,158,341,341,http://localhost:8079/?token=518504778&user=-1355064518&config=3,14222,0,0
1777970263170,14219,HTTP Request,200,OK,Config 3: Exp15 1-73,text,true,,231,158,341,341,http://localhost:8079/?token=518504778&user=-1355064518&config=3,14219,0,0
1777970263167,14222,HTTP Request,200,OK,Config 3: Exp15 1-54,text,true,,231,158,341,341,http://localhost:8079/?token=518504778&user=-1355064518&config=3,14222,0,0
1777970263170,14219,HTTP Request,200,OK,Config 3: Exp15 1-40,text,true,,231,158,341,341,http://localhost:8079/?token=518504778&user=-1355064518&config=3,14219,0,0
1777970263169,14220,HTTP Request,200,OK,Config 3: Exp15 1-72,text,true,,231,158,341,341,http://localhost:8079/?token=518504778&user=-1355064518&config=3,14220,0,0
1777970263169,14220,HTTP Request,200,OK,Config 3: Exp15 1-90,text,true,,231,158,341,341,http://localhost:8079/?token=518504778&user=-1355064518&config=3,14220,0,0
1777970263167,14223,HTTP Request,200,OK,Config 3: Exp15 1-56,text,true,,231,158,341,341,http://localhost:8079/?token=518504778&user=-1355064518&config=3,14223,0,0
1777970263170,14220,HTTP Request,200,OK,Config 3: Exp15 1-155,text,true,,231,158,341,341,http://localhost:8079/?token=518504778&user=-1355064518&config=3,14220,0,0
1777970263167,14223,HTTP Request,200,OK,Config 3: Exp15 1-16,text,true,,231,158,341,341,http://localhost:8079/?token=518504778&user=-1355064518&config=3,14223,0,0
1777970263167,14224,HTTP Request,200,OK,Config 3: Exp15 1-94,text,true,,231,158,341,341,http://localhost:8079/?token=518504778&user=-1355064518&config=3,14224,0,0
1777970263170,14221,HTTP Request,200,OK,Config 3: Exp15 1-137,text,true,,231,158,341,341,http://localhost:8079/?token=518504778&user=-1355064518&config=3,14221,0,0
1777970263170,14221,HTTP Request,200,OK,Config 3: Exp15 1-99,text,true,,231,158,341,341,http://localhost:8079/?token=518504778&user=-1355064518&config=3,14221,0,0
1777970263170,14221,HTTP Request,200,OK,Config 3: Exp15 1-196,text,true,,231,158,341,341,http://localhost:8079/?token=518504778&user=-1355064518&config=3,14221,0,0
1777970263171,14220,HTTP Request,200,OK,Config 3: Exp15 1-240,text,true,,231,158,341,341,http://localhost:8079/?token=518504778&user=-1355064518&config=3,14220,0,0
1777970263171,14220,HTTP Request,200,OK,Config 3: Exp15 1-128,text,true,,231,158,341,341,http://localhost:8079/?token=518504778&user=-1355064518&config=3,14220,0,0
1777970263175,14217,HTTP Request,200,OK,Config 3: Exp15 1-44,text,true,,231,158,341,341,http://localhost:8079/?token=518504778&user=-1355064518&config=3,14217,0,0
1777970263170,14222,HTTP Request,200,OK,Config 3: Exp15 1-228,text,true,,231,158,341,341,http://localhost:8079/?token=518504778&user=-1355064518&config=3,14222,0,0
1777970263171,14221,HTTP Request,200,OK,Config 3: Exp15 1-193,text,true,,231,158,341,341,http://localhost:8079/?token=518504778&user=-1355064518&config=3,14221,0,0
1777970263175,14217,HTTP Request,200,OK,Config 3: Exp15 1-100,text,true,,231,158,341,341,http://localhost:8079/?token=518504778&user=-1355064518&config=3,14217,0,0
1777970263175,14217,HTTP Request,200,OK,Config 3: Exp15 1-89,text,true,,231,158,341,341,http://localhost:8079/?token=518504778&user=-1355064518&config=3,14217,0,0
1777970263178,14221,HTTP Request,200,OK,Config 3: Exp15 1-260,text,true,,231,158,341,341,http://localhost:8079/?token=518504778&user=-1355064518&config=3,14221,0,0
1777970263178,14221,HTTP Request,200,OK,Config 3: Exp15 1-245,text,true,,231,158,341,341,http://localhost:8079/?token=518504778&user=-1355064518&config=3,14221,0,0
1777970263178,14221,HTTP Request,200,OK,Config 3: Exp15 1-243,text,true,,231,158,341,341,http://localhost:8079/?token=518504778&user=-1355064518&config=3,14221,0,0
1777970263178,14226,HTTP Request,200,OK,Config 3: Exp15 1-262,text,true,,231,158,341,341,http://localhost:8079/?token=518504778&user=-1355064518&config=3,14226,0,0
1777970263178,14226,HTTP Request,200,OK,Config 3: Exp15 1-284,text,true,,231,158,341,341,http://localhost:8079/?token=518504778&user=-1355064518&config=3,14226,0,0
1777970263178,14226,HTTP Request,200,OK,Config 3: Exp15 1-241,text,true,,231,158,341,341,http://localhost:8079/?token=518504778&user=-1355064518&config=3,14226,0,0
1777970263178,14226,HTTP Request,200,OK,Config 3: Exp15 1-264,text,true,,231,158,341,341,http://localhost:8079/?token=518504778&user=-1355064518&config=3,14226,0,0
1777970263178,14226,HTTP Request,200,OK,Config 3: Exp15 1-67,text,true,,231,158,341,341,http://localhost:8079/?token=518504778&user=-1355064518&config=3,14226,0,0
1777970263178,14226,HTTP Request,200,OK,Config 3: Exp15 1-87,text,true,,231,158,341,341,http://localhost:8079/?token=518504778&user=-1355064518&config=3,14226,0,0
1777970263178,14226,HTTP Request,200,OK,Config 3: Exp15 1-265,text,true,,231,158,341,341,http://localhost:8079/?token=518504778&user=-1355064518&config=3,14226,0,0
1777970263178,14226,HTTP Request,200,OK,Config 3: Exp15 1-97,text,true,,231,158,341,341,http://localhost:8079/?token=518504778&user=-1355064518&config=3,14226,0,0
1777970263178,14226,HTTP Request,200,OK,Config 3: Exp15 1-78,text,true,,231,158,341,341,http://localhost:8079/?token=518504778&user=-1355064518&config=3,14226,0,0
1777970263178,14226,HTTP Request,200,OK,Config 3: Exp15 1-15,text,true,,231,158,341,341,http://localhost:8079/?token=518504778&user=-1355064518&config=3,14226,0,0
1777970263178,14226,HTTP Request,200,OK,Config 3: Exp15 1-51,text,true,,231,158,341,341,http://localhost:8079/?token=518504778&user=-1355064518&config=3,14226,0,0
1777970263180,14224,HTTP Request,200,OK,Config 3: Exp15 1-86,text,true,,231,158,341,341,http://localhost:8079/?token=518504778&user=-1355064518&config=3,14224,0,0
1777970263178,14226,HTTP Request,200,OK,Config 3: Exp15 1-154,text,true,,231,158,341,341,http://localhost:8079/?token=518504778&user=-1355064518&config=3,14226,0,0
1777970263180,14224,HTTP Request,200,OK,Config 3: Exp15 1-138,text,true,,231,158,341,341,http://localhost:8079/?token=518504778&user=-1355064518&config=3,14224,0,0
1777970263178,14226,HTTP Request,200,OK,Config 3: Exp15 1-76,text,true,,231,158,341,341,http://localhost:8079/?token=518504778&user=-1355064518&config=3,14226,0,0
1777970263180,14224,HTTP Request,200,OK,Config 3: Exp15 1-93,text,true,,231,158,341,341,http://localhost:8079/?token=518504778&user=-1355064518&config=3,14224,0,0
1777970263178,14226,HTTP Request,200,OK,Config 3: Exp15 1-41,text,true,,231,158,341,341,http://localhost:8079/?token=518504778&user=-1355064518&config=3,14226,0,0
1777970263178,14226,HTTP Request,200,OK,Config 3: Exp15 1-200,text,true,,231,158,341,341,http://localhost:8079/?token=518504778&user=-1355064518&config=3,14226,0,0
1777970263178,14226,HTTP Request,200,OK,Config 3: Exp15 1-64,text,true,,231,158,341,341,http://localhost:8079/?token=518504778&user=-1355064518&config=3,14226,0,0
1777970263178,14226,HTTP Request,200,OK,Config 3: Exp15 1-20,text,true,,231,158,341,341,http://localhost:8079/?token=518504778&user=-1355064518&config=3,14226,0,0
1777970263178,14226,HTTP Request,200,OK,Config 3: Exp15 1-285,text,true,,231,158,341,341,http://localhost:8079/?token=518504778&user=-1355064518&config=3,14226,0,0
1777970263178,14226,HTTP Request,200,OK,Config 3: Exp15 1-150,text,true,,231,158,341,341,http://localhost:8079/?token=518504778&user=-1355064518&config=3,14226,0,0
1777970263178,14226,HTTP Request,200,OK,Config 3: Exp15 1-161,text,true,,231,158,341,341,http://localhost:8079/?token=518504778&user=-1355064518&config=3,14226,0,0
1777970263178,14226,HTTP Request,200,OK,Config 3: Exp15 1-129,text,true,,231,158,341,341,http://localhost:8079/?token=518504778&user=-1355064518&config=3,14226,0,0
1777970263178,14226,HTTP Request,200,OK,Config 3: Exp15 1-6,text,true,,231,158,341,341,http://localhost:8079/?token=518504778&user=-1355064518&config=3,14226,0,0
1777970263178,14227,HTTP Request,200,OK,Config 3: Exp15 1-112,text,true,,231,158,341,341,http://localhost:8079/?token=518504778&user=-1355064518&config=3,14227,0,0
1777970263180,14228,HTTP Request,200,OK,Config 3: Exp15 1-126,text,true,,231,158,341,341,http://localhost:8079/?token=518504778&user=-1355064518&config=3,14228,0,0
1777970263180,14298,HTTP Request,200,OK,Config 3: Exp15 1-231,text,true,,231,158,342,342,http://localhost:8079/?token=518504778&user=-1355064518&config=3,14298,0,0
1777970263180,14298,HTTP Request,200,OK,Config 3: Exp15 1-151,text,true,,231,158,342,342,http://localhost:8079/?token=518504778&user=-1355064518&config=3,14298,0,0
1777970263180,14298,HTTP Request,200,OK,Config 3: Exp15 1-127,text,true,,231,158,342,342,http://localhost:8079/?token=518504778&user=-1355064518&config=3,14298,0,0
1777970263180,14298,HTTP Request,200,OK,Config 3: Exp15 1-198,text,true,,231,158,342,342,http://localhost:8079/?token=518504778&user=-1355064518&config=3,14298,0,0
1777970263180,14298,HTTP Request,200,OK,Config 3: Exp15 1-173,text,true,,231,158,342,342,http://localhost:8079/?token=518504778&user=-1355064518&config=3,14298,0,0
1777970263180,14301,HTTP Request,200,OK,Config 3: Exp15 1-59,text,true,,231,158,342,342,http://localhost:8079/?token=518504778&user=-1355064518&config=3,14301,0,0
1777970263180,14301,HTTP Request,200,OK,Config 3: Exp15 1-25,text,true,,231,158,342,342,http://localhost:8079/?token=518504778&user=-1355064518&config=3,14301,0,0
1777970263180,14301,HTTP Request,200,OK,Config 3: Exp15 1-39,text,true,,231,158,342,342,http://localhost:8079/?token=518504778&user=-1355064518&config=3,14301,0,0
1777970263180,14301,HTTP Request,200,OK,Config 3: Exp15 1-244,text,true,,231,158,342,342,http://localhost:8079/?token=518504778&user=-1355064518&config=3,14301,0,0
1777970263181,14300,HTTP Request,200,OK,Config 3: Exp15 1-270,text,true,,231,158,342,342,http://localhost:8079/?token=518504778&user=-1355064518&config=3,14300,0,0
1777970263923,13561,HTTP Request,200,OK,Config 3: Exp15 1-288,text,true,,231,158,342,342,http://localhost:8079/?token=518504778&user=-1355064518&config=3,13561,0,0
1777970263134,14351,HTTP Request,200,OK,Config 3: Exp15 1-313,text,true,,231,158,342,342,http://localhost:8079/?token=518504778&user=-1355064518&config=3,14351,0,1
1777970263160,14325,HTTP Request,200,OK,Config 3: Exp15 1-30,text,true,,231,158,342,342,http://localhost:8079/?token=518504778&user=-1355064518&config=3,14325,0,1
1777970263165,14320,HTTP Request,200,OK,Config 3: Exp15 1-180,text,true,,231,158,342,342,http://localhost:8079/?token=518504778&user=-1355064518&config=3,14320,0,0
1777970263165,14320,HTTP Request,200,OK,Config 3: Exp15 1-38,text,true,,231,158,342,342,http://localhost:8079/?token=518504778&user=-1355064518&config=3,14320,0,1
1777970263165,14320,HTTP Request,200,OK,Config 3: Exp15 1-3,text,true,,231,158,342,342,http://localhost:8079/?token=518504778&user=-1355064518&config=3,14320,0,1
1777970263167,14318,HTTP Request,200,OK,Config 3: Exp15 1-34,text,true,,231,158,342,342,http://localhost:8079/?token=518504778&user=-1355064518&config=3,14318,0,0
1777970263165,14320,HTTP Request,200,OK,Config 3: Exp15 1-1,text,true,,231,158,342,342,http://localhost:8079/?token=518504778&user=-1355064518&config=3,14320,0,1
1777970263166,14319,HTTP Request,200,OK,Config 3: Exp15 1-48,text,true,,231,158,342,342,http://localhost:8079/?token=518504778&user=-1355064518&config=3,14319,0,1
1777970263169,14316,HTTP Request,200,OK,Config 3: Exp15 1-27,text,true,,231,158,342,342,http://localhost:8079/?token=518504778&user=-1355064518&config=3,14316,0,1
1777970263627,13858,HTTP Request,200,OK,Config 3: Exp15 1-314,text,true,,231,158,342,342,http://localhost:8079/?token=518504778&user=-1355064518&config=3,13858,0,0
1777970263166,14319,HTTP Request,200,OK,Config 3: Exp15 1-28,text,true,,231,158,342,342,http://localhost:8079/?token=518504778&user=-1355064518&config=3,14319,0,1
1777970263169,14316,HTTP Request,200,OK,Config 3: Exp15 1-31,text,true,,231,158,342,342,http://localhost:8079/?token=518504778&user=-1355064518&config=3,14316,0,1
1777970263170,14315,HTTP Request,200,OK,Config 3: Exp15 1-43,text,true,,231,158,342,342,http://localhost:8079/?token=518504778&user=-1355064518&config=3,14315,0,0
1777970263166,14319,HTTP Request,200,OK,Config 3: Exp15 1-47,text,true,,231,158,342,342,http://localhost:8079/?token=518504778&user=-1355064518&config=3,14319,0,1
1777970263923,13561,HTTP Request,200,OK,Config 3: Exp15 1-80,text,true,,231,158,342,342,http://localhost:8079/?token=518504778&user=-1355064518&config=3,13561,0,0
1777970263167,14318,HTTP Request,200,OK,Config 3: Exp15 1-45,text,true,,231,158,342,342,http://localhost:8079/?token=518504778&user=-1355064518&config=3,14318,0,0
1777970263923,13561,HTTP Request,200,OK,Config 3: Exp15 1-194,text,true,,231,158,342,342,http://localhost:8079/?token=518504778&user=-1355064518&config=3,13561,0,0
1777970263171,14314,HTTP Request,200,OK,Config 3: Exp15 1-36,text,true,,231,158,342,342,http://localhost:8079/?token=518504778&user=-1355064518&config=3,14314,0,0
1777970263209,14277,HTTP Request,200,OK,Config 3: Exp15 1-19,text,true,,231,158,342,342,http://localhost:8079/?token=518504778&user=-1355064518&config=3,14277,0,0
1777970263175,14311,HTTP Request,200,OK,Config 3: Exp15 1-170,text,true,,231,158,342,342,http://localhost:8079/?token=518504778&user=-1355064518&config=3,14311,0,0
1777970263209,14277,HTTP Request,200,OK,Config 3: Exp15 1-61,text,true,,231,158,342,342,http://localhost:8079/?token=518504778&user=-1355064518&config=3,14277,0,0
1777970263209,14277,HTTP Request,200,OK,Config 3: Exp15 1-136,text,true,,231,158,342,342,http://localhost:8079/?token=518504778&user=-1355064518&config=3,14277,0,0
1777970263178,14308,HTTP Request,200,OK,Config 3: Exp15 1-22,text,true,,231,158,342,342,http://localhost:8079/?token=518504778&user=-1355064518&config=3,14308,0,0
1777970263178,14308,HTTP Request,200,OK,Config 3: Exp15 1-29,text,true,,231,158,342,342,http://localhost:8079/?token=518504778&user=-1355064518&config=3,14308,0,0
1777970263175,14311,HTTP Request,200,OK,Config 3: Exp15 1-49,text,true,,231,158,342,342,http://localhost:8079/?token=518504778&user=-1355064518&config=3,14311,0,0
1777970263180,14306,HTTP Request,200,OK,Config 3: Exp15 1-2,text,true,,231,158,342,342,http://localhost:8079/?token=518504778&user=-1355064518&config=3,14306,0,0
1777970263180,14306,HTTP Request,200,OK,Config 3: Exp15 1-171,text,true,,231,158,342,342,http://localhost:8079/?token=518504778&user=-1355064518&config=3,14306,0,0
1777970263180,14306,HTTP Request,200,OK,Config 3: Exp15 1-46,text,true,,231,158,342,342,http://localhost:8079/?token=518504778&user=-1355064518&config=3,14306,0,0
1777970263180,14306,HTTP Request,200,OK,Config 3: Exp15 1-33,text,true,,231,158,342,342,http://localhost:8079/?token=518504778&user=-1355064518&config=3,14306,0,0
1777970263209,14277,HTTP Request,200,OK,Config 3: Exp15 1-177,text,true,,231,158,342,342,http://localhost:8079/?token=518504778&user=-1355064518&config=3,14277,0,0
1777970263209,14277,HTTP Request,200,OK,Config 3: Exp15 1-266,text,true,,231,158,342,342,http://localhost:8079/?token=518504778&user=-1355064518&config=3,14277,0,0
1777970263180,14306,HTTP Request,200,OK,Config 3: Exp15 1-199,text,true,,231,158,342,342,http://localhost:8079/?token=518504778&user=-1355064518&config=3,14306,0,0
1777970263180,14306,HTTP Request,200,OK,Config 3: Exp15 1-153,text,true,,231,158,342,342,http://localhost:8079/?token=518504778&user=-1355064518&config=3,14306,0,0
1777970263210,14276,HTTP Request,200,OK,Config 3: Exp15 1-227,text,true,,231,158,342,342,http://localhost:8079/?token=518504778&user=-1355064518&config=3,14276,0,0
1777970263209,14277,HTTP Request,200,OK,Config 3: Exp15 1-267,text,true,,231,158,342,342,http://localhost:8079/?token=518504778&user=-1355064518&config=3,14277,0,0
1777970263180,14306,HTTP Request,200,OK,Config 3: Exp15 1-197,text,true,,231,158,342,342,http://localhost:8079/?token=518504778&user=-1355064518&config=3,14306,0,0
1777970263181,14305,HTTP Request,200,OK,Config 3: Exp15 1-141,text,true,,231,158,342,342,http://localhost:8079/?token=518504778&user=-1355064518&config=3,14305,0,0
1777970263180,14306,HTTP Request,200,OK,Config 3: Exp15 1-176,text,true,,231,158,342,342,http://localhost:8079/?token=518504778&user=-1355064518&config=3,14306,0,0
1777970263181,14305,HTTP Request,200,OK,Config 3: Exp15 1-160,text,true,,231,158,342,342,http://localhost:8079/?token=518504778&user=-1355064518&config=3,14305,0,0
1777970263209,14277,HTTP Request,200,OK,Config 3: Exp15 1-269,text,true,,231,158,342,342,http://localhost:8079/?token=518504778&user=-1355064518&config=3,14277,0,0
1777970263210,14276,HTTP Request,200,OK,Config 3: Exp15 1-142,text,true,,231,158,342,342,http://localhost:8079/?token=518504778&user=-1355064518&config=3,14276,0,0
1777970263209,14277,HTTP Request,200,OK,Config 3: Exp15 1-32,text,true,,231,158,342,342,http://localhost:8079/?token=518504778&user=-1355064518&config=3,14277,0,1
1777970263181,14305,HTTP Request,200,OK,Config 3: Exp15 1-163,text,true,,231,158,342,342,http://localhost:8079/?token=518504778&user=-1355064518&config=3,14305,0,0
1777970263181,14305,HTTP Request,200,OK,Config 3: Exp15 1-5,text,true,,231,158,342,342,http://localhost:8079/?token=518504778&user=-1355064518&config=3,14305,0,0
1777970263209,14277,HTTP Request,200,OK,Config 3: Exp15 1-268,text,true,,231,158,342,342,http://localhost:8079/?token=518504778&user=-1355064518&config=3,14277,0,0
1777970263181,14305,HTTP Request,200,OK,Config 3: Exp15 1-13,text,true,,231,158,342,342,http://localhost:8079/?token=518504778&user=-1355064518&config=3,14305,0,0
1777970263210,14276,HTTP Request,200,OK,Config 3: Exp15 1-159,text,true,,231,158,342,342,http://localhost:8079/?token=518504778&user=-1355064518&config=3,14276,0,0
1777970263210,14276,HTTP Request,200,OK,Config 3: Exp15 1-144,text,true,,231,158,342,342,http://localhost:8079/?token=518504778&user=-1355064518&config=3,14276,0,0
1777970263210,14276,HTTP Request,200,OK,Config 3: Exp15 1-143,text,true,,231,158,342,342,http://localhost:8079/?token=518504778&user=-1355064518&config=3,14276,0,0
1777970263209,14277,HTTP Request,200,OK,Config 3: Exp15 1-74,text,true,,231,158,342,342,http://localhost:8079/?token=518504778&user=-1355064518&config=3,14277,0,0
1777970263210,14276,HTTP Request,200,OK,Config 3: Exp15 1-286,text,true,,231,158,342,342,http://localhost:8079/?token=518504778&user=-1355064518&config=3,14276,0,0
1777970263181,14305,HTTP Request,200,OK,Config 3: Exp15 1-149,text,true,,231,158,342,342,http://localhost:8079/?token=518504778&user=-1355064518&config=3,14305,0,0
1777970263422,14064,HTTP Request,200,OK,Config 3: Exp15 1-24,text,true,,231,158,342,342,http://localhost:8079/?token=518504778&user=-1355064518&config=3,14064,0,0
1777970263422,14064,HTTP Request,200,OK,Config 3: Exp15 1-9,text,true,,231,158,342,342,http://localhost:8079/?token=518504778&user=-1355064518&config=3,14064,0,0
1777970263422,14064,HTTP Request,200,OK,Config 3: Exp15 1-11,text,true,,231,158,342,342,http://localhost:8079/?token=518504778&user=-1355064518&config=3,14064,0,0
1777970263423,14063,HTTP Request,200,OK,Config 3: Exp15 1-23,text,true,,231,158,342,342,http://localhost:8079/?token=518504778&user=-1355064518&config=3,14063,0,0
1777970263422,14064,HTTP Request,200,OK,Config 3: Exp15 1-148,text,true,,231,158,342,342,http://localhost:8079/?token=518504778&user=-1355064518&config=3,14064,0,0
1777970263422,14064,HTTP Request,200,OK,Config 3: Exp15 1-26,text,true,,231,158,342,342,http://localhost:8079/?token=518504778&user=-1355064518&config=3,14064,0,0
1777970263210,14276,HTTP Request,200,OK,Config 3: Exp15 1-14,text,true,,231,158,342,342,http://localhost:8079/?token=518504778&user=-1355064518&config=3,14276,0,0
1777970263422,14064,HTTP Request,200,OK,Config 3: Exp15 1-147,text,true,,231,158,342,342,http://localhost:8079/?token=518504778&user=-1355064518&config=3,14064,0,0
1777970263422,14065,HTTP Request,200,OK,Config 3: Exp15 1-10,text,true,,231,158,342,342,http://localhost:8079/?token=518504778&user=-1355064518&config=3,14065,0,0
1777970263423,14064,HTTP Request,200,OK,Config 3: Exp15 1-12,text,true,,231,158,342,342,http://localhost:8079/?token=518504778&user=-1355064518&config=3,14064,0,0
1777970263422,14065,HTTP Request,200,OK,Config 3: Exp15 1-287,text,true,,231,158,342,342,http://localhost:8079/?token=518504778&user=-1355064518&config=3,14065,0,0
1777970267128,11855,HTTP Request,200,OK,Config 3: Exp15 1-295,text,true,,231,158,345,345,http://localhost:8079/?token=518504778&user=-1355064518&config=3,11855,0,0
1777970267128,11855,HTTP Request,200,OK,Config 3: Exp15 1-98,text,true,,231,158,345,345,http://localhost:8079/?token=518504778&user=-1355064518&config=3,11855,0,0
1777970267085,11898,HTTP Request,200,OK,Config 3: Exp15 1-321,text,true,,231,158,345,345,http://localhost:8079/?token=518504778&user=-1355064518&config=3,11898,0,0
1777970267128,11855,HTTP Request,200,OK,Config 3: Exp15 1-175,text,true,,231,158,345,345,http://localhost:8079/?token=518504778&user=-1355064518&config=3,11855,0,0
1777970267128,11856,HTTP Request,200,OK,Config 3: Exp15 1-157,text,true,,231,158,345,345,http://localhost:8079/?token=518504778&user=-1355064518&config=3,11856,0,0
1777970267128,11856,HTTP Request,200,OK,Config 3: Exp15 1-156,text,true,,231,158,345,345,http://localhost:8079/?token=518504778&user=-1355064518&config=3,11856,0,0
1777970267578,13752,HTTP Request,200,OK,Config 3: Exp15 1-322,text,true,,231,158,349,349,http://localhost:8079/?token=518504778&user=-1355064518&config=3,13752,0,1
1777970268305,14555,HTTP Request,200,OK,Config 3: Exp15 1-63,text,true,,231,158,352,352,http://localhost:8079/?token=518504778&user=-1355064518&config=3,14555,0,0
1777970268073,14787,HTTP Request,200,OK,Config 3: Exp15 1-323,text,true,,231,158,352,352,http://localhost:8079/?token=518504778&user=-1355064518&config=3,14787,0,0
1777970268308,14594,HTTP Request,200,OK,Config 3: Exp15 1-289,text,true,,231,158,353,353,http://localhost:8079/?token=518504778&user=-1355064518&config=3,14594,0,0
1777970268305,14597,HTTP Request,200,OK,Config 3: Exp15 1-201,text,true,,231,158,353,353,http://localhost:8079/?token=518504778&user=-1355064518&config=3,14597,0,1
1777970268308,14595,HTTP Request,200,OK,Config 3: Exp15 1-166,text,true,,231,158,353,353,http://localhost:8079/?token=518504778&user=-1355064518&config=3,14595,0,0
1777970268372,14531,HTTP Request,200,OK,Config 3: Exp15 1-292,text,true,,231,158,353,353,http://localhost:8079/?token=518504778&user=-1355064518&config=3,14531,0,0
1777970268308,14595,HTTP Request,200,OK,Config 3: Exp15 1-81,text,true,,231,158,353,353,http://localhost:8079/?token=518504778&user=-1355064518&config=3,14595,0,0
1777970273770,11198,HTTP Request,200,OK,Config 3: Exp15 1-298,text,true,,231,158,357,357,http://localhost:8079/?token=518504778&user=-1355064518&config=3,11198,0,0
1777970273770,11198,HTTP Request,200,OK,Config 3: Exp15 1-296,text,true,,231,158,357,357,http://localhost:8079/?token=518504778&user=-1355064518&config=3,11198,0,0
1777970273770,11198,HTTP Request,200,OK,Config 3: Exp15 1-297,text,true,,231,158,357,357,http://localhost:8079/?token=518504778&user=-1355064518&config=3,11198,0,0
1777970273797,11172,HTTP Request,200,OK,Config 3: Exp15 1-301,text,true,,231,158,357,357,http://localhost:8079/?token=518504778&user=-1355064518&config=3,11172,0,0
1777970275940,9029,HTTP Request,500,Internal Server Error,Config 3: Exp15 1-77,text,false,,233,158,357,357,http://localhost:8079/?token=518504778&user=-1355064518&config=3,9029,0,0
1777970273797,11172,HTTP Request,200,OK,Config 3: Exp15 1-300,text,true,,231,158,357,357,http://localhost:8079/?token=518504778&user=-1355064518&config=3,11172,0,0
1777970273770,11199,HTTP Request,200,OK,Config 3: Exp15 1-299,text,true,,231,158,357,357,http://localhost:8079/?token=518504778&user=-1355064518&config=3,11199,0,0
1777970275945,9024,HTTP Request,500,Internal Server Error,Config 3: Exp15 1-311,text,false,,233,158,357,357,http://localhost:8079/?token=518504778&user=-1355064518&config=3,9024,0,0
1777970275945,9024,HTTP Request,500,Internal Server Error,Config 3: Exp15 1-251,text,false,,233,158,357,357,http://localhost:8079/?token=518504778&user=-1355064518&config=3,9024,0,0
1777970275940,9029,HTTP Request,500,Internal Server Error,Config 3: Exp15 1-276,text,false,,233,158,357,357,http://localhost:8079/?token=518504778&user=-1355064518&config=3,9029,0,0
1777970275940,9029,HTTP Request,500,Internal Server Error,Config 3: Exp15 1-62,text,false,,233,158,357,357,http://localhost:8079/?token=518504778&user=-1355064518&config=3,9029,0,0
1777970275945,9024,HTTP Request,500,Internal Server Error,Config 3: Exp15 1-219,text,false,,233,158,357,357,http://localhost:8079/?token=518504778&user=-1355064518&config=3,9024,0,0
1777970275939,9030,HTTP Request,500,Internal Server Error,Config 3: Exp15 1-120,text,false,,233,158,357,357,http://localhost:8079/?token=518504778&user=-1355064518&config=3,9030,0,0
1777970275945,9024,HTTP Request,500,Internal Server Error,Config 3: Exp15 1-310,text,false,,233,158,357,357,http://localhost:8079/?token=518504778&user=-1355064518&config=3,9024,0,0
1777970275940,9031,HTTP Request,500,Internal Server Error,Config 3: Exp15 1-221,text,false,,233,158,357,357,http://localhost:8079/?token=518504778&user=-1355064518&config=3,9031,0,0
1777970275940,9031,HTTP Request,500,Internal Server Error,Config 3: Exp15 1-217,text,false,,233,158,357,357,http://localhost:8079/?token=518504778&user=-1355064518&config=3,9031,0,0
1777970275940,9031,HTTP Request,500,Internal Server Error,Config 3: Exp15 1-279,text,false,,233,158,357,357,http://localhost:8079/?token=518504778&user=-1355064518&config=3,9031,0,0
1777970275945,9026,HTTP Request,500,Internal Server Error,Config 3: Exp15 1-248,text,false,,233,158,357,357,http://localhost:8079/?token=518504778&user=-1355064518&config=3,9026,0,0
1777970275945,9026,HTTP Request,500,Internal Server Error,Config 3: Exp15 1-252,text,false,,233,158,357,357,http://localhost:8079/?token=518504778&user=-1355064518&config=3,9026,0,0
1777970275941,9031,HTTP Request,500,Internal Server Error,Config 3: Exp15 1-169,text,false,,233,158,357,357,http://localhost:8079/?token=518504778&user=-1355064518&config=3,9031,0,0
1777970275940,9032,HTTP Request,500,Internal Server Error,Config 3: Exp15 1-277,text,false,,233,158,357,357,http://localhost:8079/?token=518504778&user=-1355064518&config=3,9032,0,0
1777970275945,9027,HTTP Request,500,Internal Server Error,Config 3: Exp15 1-278,text,false,,233,158,357,357,http://localhost:8079/?token=518504778&user=-1355064518&config=3,9027,0,0
1777970275943,9029,HTTP Request,500,Internal Server Error,Config 3: Exp15 1-280,text,false,,233,158,357,357,http://localhost:8079/?token=518504778&user=-1355064518&config=3,9029,0,0
1777970275940,9032,HTTP Request,500,Internal Server Error,Config 3: Exp15 1-253,text,false,,233,158,357,357,http://localhost:8079/?token=518504778&user=-1355064518&config=3,9032,0,0
1777970275943,9029,HTTP Request,500,Internal Server Error,Config 3: Exp15 1-250,text,false,,233,158,357,357,http://localhost:8079/?token=518504778&user=-1355064518&config=3,9029,0,0
1777970275941,9031,HTTP Request,500,Internal Server Error,Config 3: Exp15 1-220,text,false,,233,158,357,357,http://localhost:8079/?token=518504778&user=-1355064518&config=3,9031,0,0
1777970275943,9029,HTTP Request,500,Internal Server Error,Config 3: Exp15 1-216,text,false,,233,158,357,357,http://localhost:8079/?token=518504778&user=-1355064518&config=3,9029,0,0
1777970275945,9027,HTTP Request,500,Internal Server Error,Config 3: Exp15 1-246,text,false,,233,158,357,357,http://localhost:8079/?token=518504778&user=-1355064518&config=3,9027,0,0
1777970275945,9027,HTTP Request,500,Internal Server Error,Config 3: Exp15 1-224,text,false,,233,158,357,357,http://localhost:8079/?token=518504778&user=-1355064518&config=3,9027,0,0
1777970275945,9027,HTTP Request,500,Internal Server Error,Config 3: Exp15 1-249,text,false,,233,158,357,357,http://localhost:8079/?token=518504778&user=-1355064518&config=3,9027,0,0
1777970275945,9028,HTTP Request,500,Internal Server Error,Config 3: Exp15 1-215,text,false,,233,158,357,357,http://localhost:8079/?token=518504778&user=-1355064518&config=3,9027,0,0
1777970268372,21852,HTTP Request,200,OK,Config 3: Exp15 1-294,text,true,,231,158,367,367,http://localhost:8079/?token=518504778&user=-1355064518&config=3,21852,0,0
1777970268372,21855,HTTP Request,200,OK,Config 3: Exp15 1-293,text,true,,231,158,367,367,http://localhost:8079/?token=518504778&user=-1355064518&config=3,21855,0,0
1777970268305,21922,HTTP Request,200,OK,Config 3: Exp15 1-181,text,true,,231,158,367,367,http://localhost:8079/?token=518504778&user=-1355064518&config=3,21922,0,1
1777970268308,21919,HTTP Request,200,OK,Config 3: Exp15 1-183,text,true,,231,158,367,367,http://localhost:8079/?token=518504778&user=-1355064518&config=3,21919,0,0
1777970268372,21857,HTTP Request,200,OK,Config 3: Exp15 1-291,text,true,,231,158,367,367,http://localhost:8079/?token=518504778&user=-1355064518&config=3,21857,0,0
1777970268308,21921,HTTP Request,200,OK,Config 3: Exp15 1-290,text,true,,231,158,367,367,http://localhost:8079/?token=518504778&user=-1355064518&config=3,21921,0,0
1777970268566,21663,HTTP Request,200,OK,Config 3: Exp15 1-324,text,true,,231,158,367,367,http://localhost:8079/?token=518504778&user=-1355064518&config=3,21663,0,0
1777970269061,21168,HTTP Request,200,OK,Config 3: Exp15 1-325,text,true,,231,158,367,367,http://localhost:8079/?token=518504778&user=-1355064518&config=3,21168,0,1
1777970270542,19687,HTTP Request,200,OK,Config 3: Exp15 1-328,text,true,,231,158,367,367,http://localhost:8079/?token=518504778&user=-1355064518&config=3,19687,0,1
1777970269556,20673,HTTP Request,200,OK,Config 3: Exp15 1-326,text,true,,231,158,367,367,http://localhost:8079/?token=518504778&user=-1355064518&config=3,20673,0,0
1777970271036,19193,HTTP Request,200,OK,Config 3: Exp15 1-329,text,true,,231,158,367,367,http://localhost:8079/?token=518504778&user=-1355064518&config=3,19193,0,1
1777970270049,20180,HTTP Request,200,OK,Config 3: Exp15 1-327,text,true,,231,158,367,367,http://localhost:8079/?token=518504778&user=-1355064518&config=3,20180,0,1
1777970268305,21924,HTTP Request,200,OK,Config 3: Exp15 1-182,text,true,,231,158,367,367,http://localhost:8079/?token=518504778&user=-1355064518&config=3,21924,0,1
1777970268308,21921,HTTP Request,200,OK,Config 3: Exp15 1-58,text,true,,231,158,367,367,http://localhost:8079/?token=518504778&user=-1355064518&config=3,21921,0,0
1777970273507,16722,HTTP Request,200,OK,Config 3: Exp15 1-334,text,true,,231,158,367,367,http://localhost:8079/?token=518504778&user=-1355064518&config=3,16722,0,0
1777970272023,18206,HTTP Request,200,OK,Config 3: Exp15 1-331,text,true,,231,158,367,367,http://localhost:8079/?token=518504778&user=-1355064518&config=3,18206,0,1
1777970273012,17217,HTTP Request,200,OK,Config 3: Exp15 1-333,text,true,,231,158,367,367,http://localhost:8079/?token=518504778&user=-1355064518&config=3,17217,0,1
1777970268305,21924,HTTP Request,200,OK,Config 3: Exp15 1-185,text,true,,231,158,367,367,http://localhost:8079/?token=518504778&user=-1355064518&config=3,21924,0,1
1777970272518,17711,HTTP Request,200,OK,Config 3: Exp15 1-332,text,true,,231,158,367,367,http://localhost:8079/?token=518504778&user=-1355064518&config=3,17711,0,1
1777970271530,18699,HTTP Request,200,OK,Config 3: Exp15 1-330,text,true,,231,158,367,367,http://localhost:8079/?token=518504778&user=-1355064518&config=3,18699,0,0
1777970273807,17835,HTTP Request,200,OK,Config 3: Exp15 1-303,text,true,,231,158,370,370,http://localhost:8079/?token=518504778&user=-1355064518&config=3,17835,0,0
1777970273807,17835,HTTP Request,200,OK,Config 3: Exp15 1-302,text,true,,231,158,370,370,http://localhost:8079/?token=518504778&user=-1355064518&config=3,17835,0,0
1777970273813,17829,HTTP Request,200,OK,Config 3: Exp15 1-304,text,true,,231,158,370,370,http://localhost:8079/?token=518504778&user=-1355064518&config=3,17829,0,0
1777970274162,17683,HTTP Request,200,OK,Config 3: Exp15 1-281,text,true,,231,158,371,371,http://localhost:8079/?token=518504778&user=-1355064518&config=3,17683,0,0
1777970274162,17684,HTTP Request,200,OK,Config 3: Exp15 1-225,text,true,,231,158,371,371,http://localhost:8079/?token=518504778&user=-1355064518&config=3,17683,0,0
1777970274162,17684,HTTP Request,200,OK,Config 3: Exp15 1-140,text,true,,231,158,371,371,http://localhost:8079/?token=518504778&user=-1355064518&config=3,17684,0,0
1777970274163,17683,HTTP Request,200,OK,Config 3: Exp15 1-146,text,true,,231,158,371,371,http://localhost:8079/?token=518504778&user=-1355064518&config=3,17683,0,0
1777970274163,17683,HTTP Request,200,OK,Config 3: Exp15 1-139,text,true,,231,158,371,371,http://localhost:8079/?token=518504778&user=-1355064518&config=3,17683,0,0
1777970274163,17683,HTTP Request,200,OK,Config 3: Exp15 1-158,text,true,,231,158,371,371,http://localhost:8079/?token=518504778&user=-1355064518&config=3,17683,0,0
1777970274163,17683,HTTP Request,200,OK,Config 3: Exp15 1-306,text,true,,231,158,371,371,http://localhost:8079/?token=518504778&user=-1355064518&config=3,17683,0,0
1777970274163,17683,HTTP Request,200,OK,Config 3: Exp15 1-133,text,true,,231,158,371,371,http://localhost:8079/?token=518504778&user=-1355064518&config=3,17683,0,0
1777970274163,17683,HTTP Request,200,OK,Config 3: Exp15 1-305,text,true,,231,158,371,371,http://localhost:8079/?token=518504778&user=-1355064518&config=3,17683,0,0
1777970274163,17683,HTTP Request,200,OK,Config 3: Exp15 1-132,text,true,,231,158,371,371,http://localhost:8079/?token=518504778&user=-1355064518&config=3,17683,0,0
1777970274162,17683,HTTP Request,200,OK,Config 3: Exp15 1-282,text,true,,231,158,371,371,http://localhost:8079/?token=518504778&user=-1355064518&config=3,17683,0,0
1777970274487,17444,HTTP Request,200,OK,Config 3: Exp15 1-229,text,true,,231,158,371,371,http://localhost:8079/?token=518504778&user=-1355064518&config=3,17444,0,0
1777970274242,17689,HTTP Request,200,OK,Config 3: Exp15 1-226,text,true,,231,158,371,371,http://localhost:8079/?token=518504778&user=-1355064518&config=3,17689,0,0
1777970274163,17768,HTTP Request,200,OK,Config 3: Exp15 1-283,text,true,,231,158,371,371,http://localhost:8079/?token=518504778&user=-1355064518&config=3,17768,0,0
1777970274489,17442,HTTP Request,200,OK,Config 3: Exp15 1-307,text,true,,231,158,371,371,http://localhost:8079/?token=518504778&user=-1355064518&config=3,17442,0,0
1777970274484,17447,HTTP Request,200,OK,Config 3: Exp15 1-234,text,true,,231,158,371,371,http://localhost:8079/?token=518504778&user=-1355064518&config=3,17447,0,0
1777970274489,17442,HTTP Request,200,OK,Config 3: Exp15 1-230,text,true,,231,158,371,371,http://localhost:8079/?token=518504778&user=-1355064518&config=3,17442,0,0
1777970274489,17442,HTTP Request,200,OK,Config 3: Exp15 1-258,text,true,,231,158,371,371,http://localhost:8079/?token=518504778&user=-1355064518&config=3,17442,0,0
1777970274487,17444,HTTP Request,200,OK,Config 3: Exp15 1-256,text,true,,231,158,371,371,http://localhost:8079/?token=518504778&user=-1355064518&config=3,17444,0,0
1777970274489,17442,HTTP Request,200,OK,Config 3: Exp15 1-308,text,true,,231,158,371,371,http://localhost:8079/?token=518504778&user=-1355064518&config=3,17442,0,0
1777970274484,17447,HTTP Request,200,OK,Config 3: Exp15 1-92,text,true,,231,158,371,371,http://localhost:8079/?token=518504778&user=-1355064518&config=3,17447,0,0
1777970274489,17442,HTTP Request,200,OK,Config 3: Exp15 1-255,text,true,,231,158,371,371,http://localhost:8079/?token=518504778&user=-1355064518&config=3,17442,0,0
1777970274483,17448,HTTP Request,200,OK,Config 3: Exp15 1-82,text,true,,231,158,371,371,http://localhost:8079/?token=518504778&user=-1355064518&config=3,17448,0,0
1777970274481,17450,HTTP Request,200,OK,Config 3: Exp15 1-103,text,true,,231,158,371,371,http://localhost:8079/?token=518504778&user=-1355064518&config=3,17450,0,0
1777970274481,17450,HTTP Request,200,OK,Config 3: Exp15 1-96,text,true,,231,158,371,371,http://localhost:8079/?token=518504778&user=-1355064518&config=3,17450,0,0
1777970274483,17448,HTTP Request,200,OK,Config 3: Exp15 1-84,text,true,,231,158,371,371,http://localhost:8079/?token=518504778&user=-1355064518&config=3,17448,0,0
1777970274163,17768,HTTP Request,200,OK,Config 3: Exp15 1-85,text,true,,231,158,371,371,http://localhost:8079/?token=518504778&user=-1355064518&config=3,17768,0,0
1777970274481,17450,HTTP Request,200,OK,Config 3: Exp15 1-75,text,true,,231,158,371,371,http://localhost:8079/?token=518504778&user=-1355064518&config=3,17450,0,0
1777970274483,17448,HTTP Request,200,OK,Config 3: Exp15 1-232,text,true,,231,158,371,371,http://localhost:8079/?token=518504778&user=-1355064518&config=3,17448,0,0
1777970274483,17448,HTTP Request,200,OK,Config 3: Exp15 1-95,text,true,,231,158,371,371,http://localhost:8079/?token=518504778&user=-1355064518&config=3,17448,0,0
1777970274484,17448,HTTP Request,200,OK,Config 3: Exp15 1-235,text,true,,231,158,371,371,http://localhost:8079/?token=518504778&user=-1355064518&config=3,17448,0,0
1777970274487,17445,HTTP Request,200,OK,Config 3: Exp15 1-237,text,true,,231,158,371,371,http://localhost:8079/?token=518504778&user=-1355064518&config=3,17445,0,0
1777970274489,17443,HTTP Request,200,OK,Config 3: Exp15 1-179,text,true,,231,158,371,371,http://localhost:8079/?token=518504778&user=-1355064518&config=3,17443,0,0
1777970274489,17443,HTTP Request,200,OK,Config 3: Exp15 1-254,text,true,,231,158,371,371,http://localhost:8079/?token=518504778&user=-1355064518&config=3,17443,0,0
1777970274489,17443,HTTP Request,200,OK,Config 3: Exp15 1-172,text,true,,231,158,371,371,http://localhost:8079/?token=518504778&user=-1355064518&config=3,17443,0,0
1777970274487,17445,HTTP Request,200,OK,Config 3: Exp15 1-238,text,true,,231,158,371,371,http://localhost:8079/?token=518504778&user=-1355064518&config=3,17445,0,0
1777970274484,17448,HTTP Request,200,OK,Config 3: Exp15 1-236,text,true,,231,158,371,371,http://localhost:8079/?token=518504778&user=-1355064518&config=3,17448,0,0
1777970274489,17443,HTTP Request,200,OK,Config 3: Exp15 1-184,text,true,,231,158,371,371,http://localhost:8079/?token=518504778&user=-1355064518&config=3,17443,0,0
1777970274483,17449,HTTP Request,200,OK,Config 3: Exp15 1-79,text,true,,231,158,371,371,http://localhost:8079/?token=518504778&user=-1355064518&config=3,17449,0,0
1777970274483,17449,HTTP Request,200,OK,Config 3: Exp15 1-123,text,true,,231,158,371,371,http://localhost:8079/?token=518504778&user=-1355064518&config=3,17449,0,0
1777970274484,17448,HTTP Request,200,OK,Config 3: Exp15 1-145,text,true,,231,158,371,371,http://localhost:8079/?token=518504778&user=-1355064518&config=3,17448,0,0
1777970274483,17449,HTTP Request,200,OK,Config 3: Exp15 1-109,text,true,,231,158,371,371,http://localhost:8079/?token=518504778&user=-1355064518&config=3,17449,0,0
1777970274489,17443,HTTP Request,200,OK,Config 3: Exp15 1-165,text,true,,231,158,371,371,http://localhost:8079/?token=518504778&user=-1355064518&config=3,17443,0,0
1777970274489,17444,HTTP Request,200,OK,Config 3: Exp15 1-42,text,true,,231,158,371,371,http://localhost:8079/?token=518504778&user=-1355064518&config=3,17444,0,0
1777970274489,17444,HTTP Request,200,OK,Config 3: Exp15 1-178,text,true,,231,158,371,371,http://localhost:8079/?token=518504778&user=-1355064518&config=3,17444,0,0
1777970274489,17444,HTTP Request,200,OK,Config 3: Exp15 1-4,text,true,,231,158,371,371,http://localhost:8079/?token=518504778&user=-1355064518&config=3,17444,0,0
1777970274489,17444,HTTP Request,200,OK,Config 3: Exp15 1-164,text,true,,231,158,371,371,http://localhost:8079/?token=518504778&user=-1355064518&config=3,17444,0,0
1777970274000,17933,HTTP Request,200,OK,Config 3: Exp15 1-335,text,true,,231,158,371,371,http://localhost:8079/?token=518504778&user=-1355064518&config=3,17933,0,1
1777970274484,17449,HTTP Request,200,OK,Config 3: Exp15 1-187,text,true,,231,158,371,371,http://localhost:8079/?token=518504778&user=-1355064518&config=3,17449,0,0
1777970274484,17449,HTTP Request,200,OK,Config 3: Exp15 1-213,text,true,,231,158,371,371,http://localhost:8079/?token=518504778&user=-1355064518&config=3,17449,0,0
1777970274484,17449,HTTP Request,200,OK,Config 3: Exp15 1-83,text,true,,231,158,371,371,http://localhost:8079/?token=518504778&user=-1355064518&config=3,17449,0,0
1777970274487,17446,HTTP Request,200,OK,Config 3: Exp15 1-212,text,true,,231,158,371,371,http://localhost:8079/?token=518504778&user=-1355064518&config=3,17446,0,0
1777970274483,17450,HTTP Request,200,OK,Config 3: Exp15 1-211,text,true,,231,158,371,371,http://localhost:8079/?token=518504778&user=-1355064518&config=3,17450,0,0
1777970274484,17449,HTTP Request,200,OK,Config 3: Exp15 1-130,text,true,,231,158,371,371,http://localhost:8079/?token=518504778&user=-1355064518&config=3,17449,0,0
1777970274483,17450,HTTP Request,200,OK,Config 3: Exp15 1-124,text,true,,231,158,371,371,http://localhost:8079/?token=518504778&user=-1355064518&config=3,17450,0,0
1777970274489,17444,HTTP Request,200,OK,Config 3: Exp15 1-118,text,true,,231,158,371,371,http://localhost:8079/?token=518504778&user=-1355064518&config=3,17444,0,0
1777970274483,17450,HTTP Request,200,OK,Config 3: Exp15 1-125,text,true,,231,158,371,371,http://localhost:8079/?token=518504778&user=-1355064518&config=3,17450,0,0
1777970274487,17446,HTTP Request,200,OK,Config 3: Exp15 1-104,text,true,,231,158,371,371,http://localhost:8079/?token=518504778&user=-1355064518&config=3,17446,0,0
1777970274484,17449,HTTP Request,200,OK,Config 3: Exp15 1-113,text,true,,231,158,371,371,http://localhost:8079/?token=518504778&user=-1355064518&config=3,17449,0,0
1777970274489,17444,HTTP Request,200,OK,Config 3: Exp15 1-119,text,true,,231,158,371,371,http://localhost:8079/?token=518504778&user=-1355064518&config=3,17444,0,0
1777970274487,17446,HTTP Request,200,OK,Config 3: Exp15 1-114,text,true,,231,158,371,371,http://localhost:8079/?token=518504778&user=-1355064518&config=3,17446,0,0
1777970274483,17450,HTTP Request,200,OK,Config 3: Exp15 1-131,text,true,,231,158,371,371,http://localhost:8079/?token=518504778&user=-1355064518&config=3,17450,0,0
1777970274489,17444,HTTP Request,200,OK,Config 3: Exp15 1-107,text,true,,231,158,371,371,http://localhost:8079/?token=518504778&user=-1355064518&config=3,17444,0,0
1777970274988,16947,HTTP Request,200,OK,Config 3: Exp15 1-337,text,true,,231,158,371,371,http://localhost:8079/?token=518504778&user=-1355064518&config=3,16947,0,1
1777970274840,17095,HTTP Request,200,OK,Config 3: Exp15 1-209,text,true,,231,158,371,371,http://localhost:8079/?token=518504778&user=-1355064518&config=3,17095,0,0
1777970274856,17079,HTTP Request,200,OK,Config 3: Exp15 1-315,text,true,,231,158,371,371,http://localhost:8079/?token=518504778&user=-1355064518&config=3,17079,0,0
1777970275605,16330,HTTP Request,200,OK,Config 3: Exp15 1-309,text,true,,231,158,371,371,http://localhost:8079/?token=518504778&user=-1355064518&config=3,16330,0,0
1777970274856,17079,HTTP Request,200,OK,Config 3: Exp15 1-316,text,true,,231,158,371,371,http://localhost:8079/?token=518504778&user=-1355064518&config=3,17079,0,0
1777970274855,17080,HTTP Request,200,OK,Config 3: Exp15 1-233,text,true,,231,158,371,371,http://localhost:8079/?token=518504778&user=-1355064518&config=3,17080,0,0
1777970275482,16453,HTTP Request,200,OK,Config 3: Exp15 1-338,text,true,,231,158,371,371,http://localhost:8079/?token=518504778&user=-1355064518&config=3,16453,0,0
1777970275605,16330,HTTP Request,200,OK,Config 3: Exp15 1-188,text,true,,231,158,371,371,http://localhost:8079/?token=518504778&user=-1355064518&config=3,16330,0,0
1777970274856,17079,HTTP Request,200,OK,Config 3: Exp15 1-202,text,true,,231,158,371,371,http://localhost:8079/?token=518504778&user=-1355064518&config=3,17079,0,0
1777970275936,15999,HTTP Request,200,OK,Config 3: Exp15 1-259,text,true,,231,158,371,371,http://localhost:8079/?token=518504778&user=-1355064518&config=3,15999,0,0
1777970275936,15999,HTTP Request,200,OK,Config 3: Exp15 1-117,text,true,,231,158,371,371,http://localhost:8079/?token=518504778&user=-1355064518&config=3,15999,0,0
1777970274856,17079,HTTP Request,200,OK,Config 3: Exp15 1-102,text,true,,231,158,371,371,http://localhost:8079/?token=518504778&user=-1355064518&config=3,17079,0,0
1777970274840,17095,HTTP Request,200,OK,Config 3: Exp15 1-116,text,true,,231,158,371,371,http://localhost:8079/?token=518504778&user=-1355064518&config=3,17095,0,0
1777970274856,17079,HTTP Request,200,OK,Config 3: Exp15 1-210,text,true,,231,158,371,371,http://localhost:8079/?token=518504778&user=-1355064518&config=3,17079,0,0
1777970274856,17079,HTTP Request,200,OK,Config 3: Exp15 1-101,text,true,,231,158,371,371,http://localhost:8079/?token=518504778&user=-1355064518&config=3,17079,0,0
1777970274856,17079,HTTP Request,200,OK,Config 3: Exp15 1-88,text,true,,231,158,371,371,http://localhost:8079/?token=518504778&user=-1355064518&config=3,17079,0,0
1777970274856,17079,HTTP Request,200,OK,Config 3: Exp15 1-91,text,true,,231,158,371,371,http://localhost:8079/?token=518504778&user=-1355064518&config=3,17079,0,0
1777970274856,17079,HTTP Request,200,OK,Config 3: Exp15 1-239,text,true,,231,158,371,371,http://localhost:8079/?token=518504778&user=-1355064518&config=3,17079,0,0
1777970274856,17079,HTTP Request,200,OK,Config 3: Exp15 1-261,text,true,,231,158,371,371,http://localhost:8079/?token=518504778&user=-1355064518&config=3,17079,0,0
1777970274856,17079,HTTP Request,200,OK,Config 3: Exp15 1-263,text,true,,231,158,371,371,http://localhost:8079/?token=518504778&user=-1355064518&config=3,17079,0,0
1777970274856,17079,HTTP Request,200,OK,Config 3: Exp15 1-111,text,true,,231,158,371,371,http://localhost:8079/?token=518504778&user=-1355064518&config=3,17079,0,0
1777970274856,17079,HTTP Request,200,OK,Config 3: Exp15 1-115,text,true,,231,158,371,371,http://localhost:8079/?token=518504778&user=-1355064518&config=3,17079,0,0
1777970275937,15998,HTTP Request,200,OK,Config 3: Exp15 1-257,text,true,,231,158,371,371,http://localhost:8079/?token=518504778&user=-1355064518&config=3,15998,0,0
1777970274856,17079,HTTP Request,200,OK,Config 3: Exp15 1-122,text,true,,231,158,371,371,http://localhost:8079/?token=518504778&user=-1355064518&config=3,17079,0,0
1777970274856,17079,HTTP Request,200,OK,Config 3: Exp15 1-110,text,true,,231,158,371,371,http://localhost:8079/?token=518504778&user=-1355064518&config=3,17079,0,0
1777970274856,17079,HTTP Request,200,OK,Config 3: Exp15 1-242,text,true,,231,158,371,371,http://localhost:8079/?token=518504778&user=-1355064518&config=3,17079,0,0
1777970274856,17080,HTTP Request,200,OK,Config 3: Exp15 1-8,text,true,,231,158,371,371,http://localhost:8079/?token=518504778&user=-1355064518&config=3,17080,0,0
1777970275940,15996,HTTP Request,200,OK,Config 3: Exp15 1-162,text,true,,231,158,371,371,http://localhost:8079/?token=518504778&user=-1355064518&config=3,15996,0,0
1777970275940,15996,HTTP Request,200,OK,Config 3: Exp15 1-37,text,true,,231,158,371,371,http://localhost:8079/?token=518504778&user=-1355064518&config=3,15996,0,0
1777970274856,17080,HTTP Request,200,OK,Config 3: Exp15 1-7,text,true,,231,158,371,371,http://localhost:8079/?token=518504778&user=-1355064518&config=3,17080,0,0
1777970275940,15996,HTTP Request,200,OK,Config 3: Exp15 1-222,text,true,,231,158,371,371,http://localhost:8079/?token=518504778&user=-1355064518&config=3,15996,0,0
1777970275940,15996,HTTP Request,200,OK,Config 3: Exp15 1-195,text,true,,231,158,371,371,http://localhost:8079/?token=518504778&user=-1355064518&config=3,15996,0,0
1777970275940,15996,HTTP Request,200,OK,Config 3: Exp15 1-223,text,true,,231,158,371,371,http://localhost:8079/?token=518504778&user=-1355064518&config=3,15996,0,0
1777970275940,15996,HTTP Request,200,OK,Config 3: Exp15 1-274,text,true,,231,158,371,371,http://localhost:8079/?token=518504778&user=-1355064518&config=3,15996,0,0
1777970275940,15996,HTTP Request,200,OK,Config 3: Exp15 1-273,text,true,,231,158,371,371,http://localhost:8079/?token=518504778&user=-1355064518&config=3,15996,0,0
1777970275940,15996,HTTP Request,200,OK,Config 3: Exp15 1-272,text,true,,231,158,371,371,http://localhost:8079/?token=518504778&user=-1355064518&config=3,15996,0,0
1777970275940,15996,HTTP Request,200,OK,Config 3: Exp15 1-218,text,true,,231,158,371,371,http://localhost:8079/?token=518504778&user=-1355064518&config=3,15996,0,0
1777970275940,15996,HTTP Request,200,OK,Config 3: Exp15 1-247,text,true,,231,158,371,371,http://localhost:8079/?token=518504778&user=-1355064518&config=3,15996,0,0
1777970275940,15996,HTTP Request,200,OK,Config 3: Exp15 1-275,text,true,,231,158,371,371,http://localhost:8079/?token=518504778&user=-1355064518&config=3,15996,0,0
1777970274484,17452,HTTP Request,200,OK,Config 3: Exp15 1-190,text,true,,231,158,371,371,http://localhost:8079/?token=518504778&user=-1355064518&config=3,17452,0,0
1777970274856,17080,HTTP Request,200,OK,Config 3: Exp15 1-134,text,true,,231,158,371,371,http://localhost:8079/?token=518504778&user=-1355064518&config=3,17080,0,0
1777970274856,17080,HTTP Request,200,OK,Config 3: Exp15 1-18,text,true,,231,158,371,371,http://localhost:8079/?token=518504778&user=-1355064518&config=3,17080,0,0
1777970274856,17080,HTTP Request,200,OK,Config 3: Exp15 1-208,text,true,,231,158,371,371,http://localhost:8079/?token=518504778&user=-1355064518&config=3,17080,0,0
1777970274856,17080,HTTP Request,200,OK,Config 3: Exp15 1-214,text,true,,231,158,371,371,http://localhost:8079/?token=518504778&user=-1355064518&config=3,17080,0,0
1777970274856,17080,HTTP Request,200,OK,Config 3: Exp15 1-57,text,true,,231,158,371,371,http://localhost:8079/?token=518504778&user=-1355064518&config=3,17080,0,0
1777970274856,17080,HTTP Request,200,OK,Config 3: Exp15 1-35,text,true,,231,158,371,371,http://localhost:8079/?token=518504778&user=-1355064518&config=3,17080,0,0
1777970274856,17080,HTTP Request,200,OK,Config 3: Exp15 1-189,text,true,,231,158,371,371,http://localhost:8079/?token=518504778&user=-1355064518&config=3,17080,0,0
1777970275605,16331,HTTP Request,200,OK,Config 3: Exp15 1-121,text,true,,231,158,371,371,http://localhost:8079/?token=518504778&user=-1355064518&config=3,16331,0,0
1777970274856,17080,HTTP Request,200,OK,Config 3: Exp15 1-108,text,true,,231,158,371,371,http://localhost:8079/?token=518504778&user=-1355064518&config=3,17080,0,0
1777970274484,17452,HTTP Request,200,OK,Config 3: Exp15 1-186,text,true,,231,158,371,371,http://localhost:8079/?token=518504778&user=-1355064518&config=3,17452,0,0
1777970274856,17080,HTTP Request,200,OK,Config 3: Exp15 1-105,text,true,,231,158,371,371,http://localhost:8079/?token=518504778&user=-1355064518&config=3,17080,0,0
1777970274484,17452,HTTP Request,200,OK,Config 3: Exp15 1-152,text,true,,231,158,371,371,http://localhost:8079/?token=518504778&user=-1355064518&config=3,17452,0,0
1777970274487,17449,HTTP Request,200,OK,Config 3: Exp15 1-204,text,true,,231,158,371,371,http://localhost:8079/?token=518504778&user=-1355064518&config=3,17449,0,1
1777970274487,17449,HTTP Request,200,OK,Config 3: Exp15 1-69,text,true,,231,158,371,371,http://localhost:8079/?token=518504778&user=-1355064518&config=3,17449,0,1
1777970274487,17449,HTTP Request,200,OK,Config 3: Exp15 1-205,text,true,,231,158,371,371,http://localhost:8079/?token=518504778&user=-1355064518&config=3,17449,0,1
1777970274487,17449,HTTP Request,200,OK,Config 3: Exp15 1-71,text,true,,231,158,371,371,http://localhost:8079/?token=518504778&user=-1355064518&config=3,17449,0,1
1777970274489,17447,HTTP Request,200,OK,Config 3: Exp15 1-206,text,true,,231,158,371,371,http://localhost:8079/?token=518504778&user=-1355064518&config=3,17447,0,0
1777970274856,17080,HTTP Request,200,OK,Config 3: Exp15 1-135,text,true,,231,158,371,371,http://localhost:8079/?token=518504778&user=-1355064518&config=3,17080,0,0
1777970274489,17448,HTTP Request,200,OK,Config 3: Exp15 1-192,text,true,,231,158,371,371,http://localhost:8079/?token=518504778&user=-1355064518&config=3,17448,0,0
1777970274489,17448,HTTP Request,200,OK,Config 3: Exp15 1-191,text,true,,231,158,371,371,http://localhost:8079/?token=518504778&user=-1355064518&config=3,17448,0,0
1777970274489,17448,HTTP Request,200,OK,Config 3: Exp15 1-70,text,true,,231,158,371,371,http://localhost:8079/?token=518504778&user=-1355064518&config=3,17448,0,0
1777970274489,17448,HTTP Request,200,OK,Config 3: Exp15 1-106,text,true,,231,158,371,371,http://localhost:8079/?token=518504778&user=-1355064518&config=3,17448,0,1
1777970274856,17081,HTTP Request,200,OK,Config 3: Exp15 1-271,text,true,,231,158,371,371,http://localhost:8079/?token=518504778&user=-1355064518&config=3,17081,0,0
1777970274856,17081,HTTP Request,200,OK,Config 3: Exp15 1-174,text,true,,231,158,371,371,http://localhost:8079/?token=518504778&user=-1355064518&config=3,17081,0,1
1777970274494,17443,HTTP Request,200,OK,Config 3: Exp15 1-336,text,true,,231,158,371,371,http://localhost:8079/?token=518504778&user=-1355064518&config=3,17443,0,0
1777970274858,17079,HTTP Request,200,OK,Config 3: Exp15 1-317,text,true,,231,158,371,371,http://localhost:8079/?token=518504778&user=-1355064518&config=3,17079,0,0
1777970274857,17080,HTTP Request,200,OK,Config 3: Exp15 1-66,text,true,,231,158,371,371,http://localhost:8079/?token=518504778&user=-1355064518&config=3,17080,0,0
1777970274856,17081,HTTP Request,200,OK,Config 3: Exp15 1-21,text,true,,231,158,371,371,http://localhost:8079/?token=518504778&user=-1355064518&config=3,17081,0,1
1777970274858,17079,HTTP Request,200,OK,Config 3: Exp15 1-318,text,true,,231,158,371,371,http://localhost:8079/?token=518504778&user=-1355064518&config=3,17079,0,0
1777970274856,17081,HTTP Request,200,OK,Config 3: Exp15 1-53,text,true,,231,158,371,371,http://localhost:8079/?token=518504778&user=-1355064518&config=3,17081,0,1
1777970274858,17079,HTTP Request,200,OK,Config 3: Exp15 1-319,text,true,,231,158,371,371,http://localhost:8079/?token=518504778&user=-1355064518&config=3,17079,0,1
1777970274858,17079,HTTP Request,200,OK,Config 3: Exp15 1-320,text,true,,231,158,371,371,http://localhost:8079/?token=518504778&user=-1355064518&config=3,17079,0,1
1777970275936,17213,HTTP Request,200,OK,Config 3: Exp15 1-168,text,true,,231,158,373,373,http://localhost:8079/?token=518504778&user=-1355064518&config=3,17213,0,1
1777970275936,17213,HTTP Request,200,OK,Config 3: Exp15 1-207,text,true,,231,158,373,373,http://localhost:8079/?token=518504778&user=-1355064518&config=3,17213,0,1
1777970275938,17211,HTTP Request,200,OK,Config 3: Exp15 1-167,text,true,,231,158,373,373,http://localhost:8079/?token=518504778&user=-1355064518&config=3,17211,0,1
1777970275937,17212,HTTP Request,200,OK,Config 3: Exp15 1-17,text,true,,231,158,373,373,http://localhost:8079/?token=518504778&user=-1355064518&config=3,17212,0,0
1777970275976,17173,HTTP Request,200,OK,Config 3: Exp15 1-339,text,true,,231,158,373,373,http://localhost:8079/?token=518504778&user=-1355064518&config=3,17173,0,1
1777970275938,17211,HTTP Request,200,OK,Config 3: Exp15 1-203,text,true,,231,158,373,373,http://localhost:8079/?token=518504778&user=-1355064518&config=3,17211,0,1
1777970281330,11845,HTTP Request,500,Internal Server Error,Config 3: Exp15 1-322,text,false,,233,158,373,373,http://localhost:8079/?token=518504778&user=-1355064518&config=3,11845,0,0
1777970281905,11273,HTTP Request,500,Internal Server Error,Config 3: Exp15 1-351,text,false,,233,158,373,373,http://localhost:8079/?token=518504778&user=-1355064518&config=3,11272,0,0
1777970281410,11770,HTTP Request,500,Internal Server Error,Config 3: Exp15 1-350,text,false,,233,158,373,373,http://localhost:8079/?token=518504778&user=-1355064518&config=3,11770,0,1
1777970282398,10808,HTTP Request,500,Internal Server Error,Config 3: Exp15 1-352,text,false,,233,158,373,373,http://localhost:8079/?token=518504778&user=-1355064518&config=3,10808,0,1
1777970276471,17292,HTTP Request,200,OK,Config 3: Exp15 1-340,text,true,,231,158,375,375,http://localhost:8079/?token=518504778&user=-1355064518&config=3,17292,0,1
1777970276964,16799,HTTP Request,200,OK,Config 3: Exp15 1-341,text,true,,231,158,375,375,http://localhost:8079/?token=518504778&user=-1355064518&config=3,16799,0,1
1777970277010,16753,HTTP Request,200,OK,Config 3: Exp15 1-312,text,true,,231,158,375,375,http://localhost:8079/?token=518504778&user=-1355064518&config=3,16753,0,0
1777970277389,16374,HTTP Request,200,OK,Config 3: Exp15 1-90,text,true,,231,158,375,375,http://localhost:8079/?token=518504778&user=-1355064518&config=3,16374,0,0
1777970277484,17825,HTTP Request,200,OK,Config 3: Exp15 1-313,text,true,,231,158,378,378,http://localhost:8079/?token=518504778&user=-1355064518&config=3,17825,0,0
1777970277484,17825,HTTP Request,200,OK,Config 3: Exp15 1-180,text,true,,231,158,378,378,http://localhost:8079/?token=518504778&user=-1355064518&config=3,17825,0,0
1777970277403,17906,HTTP Request,200,OK,Config 3: Exp15 1-284,text,true,,231,158,378,378,http://localhost:8079/?token=518504778&user=-1355064518&config=3,17906,0,0
1777970277484,17825,HTTP Request,200,OK,Config 3: Exp15 1-3,text,true,,231,158,378,378,http://localhost:8079/?token=518504778&user=-1355064518&config=3,17825,0,0
1777970277403,17906,HTTP Request,200,OK,Config 3: Exp15 1-87,text,true,,231,158,378,378,http://localhost:8079/?token=518504778&user=-1355064518&config=3,17906,0,0
1777970277477,17832,HTTP Request,200,OK,Config 3: Exp15 1-231,text,true,,231,158,378,378,http://localhost:8079/?token=518504778&user=-1355064518&config=3,17832,0,0
1777970277484,17825,HTTP Request,200,OK,Config 3: Exp15 1-38,text,true,,231,158,378,378,http://localhost:8079/?token=518504778&user=-1355064518&config=3,17825,0,0
1777970277403,17907,HTTP Request,200,OK,Config 3: Exp15 1-262,text,true,,231,158,378,378,http://localhost:8079/?token=518504778&user=-1355064518&config=3,17907,0,0
1777970277392,17918,HTTP Request,200,OK,Config 3: Exp15 1-100,text,true,,231,158,378,378,http://localhost:8079/?token=518504778&user=-1355064518&config=3,17918,0,0
1777970277484,17826,HTTP Request,200,OK,Config 3: Exp15 1-48,text,true,,231,158,378,378,http://localhost:8079/?token=518504778&user=-1355064518&config=3,17826,0,0
1777970277392,17918,HTTP Request,200,OK,Config 3: Exp15 1-89,text,true,,231,158,378,378,http://localhost:8079/?token=518504778&user=-1355064518&config=3,17918,0,0
1777970277391,17919,HTTP Request,200,OK,Config 3: Exp15 1-240,text,true,,231,158,378,378,http://localhost:8079/?token=518504778&user=-1355064518&config=3,17919,0,0
1777970277407,17903,HTTP Request,200,OK,Config 3: Exp15 1-126,text,true,,231,158,378,378,http://localhost:8079/?token=518504778&user=-1355064518&config=3,17903,0,0
1777970277391,17919,HTTP Request,200,OK,Config 3: Exp15 1-128,text,true,,231,158,378,378,http://localhost:8079/?token=518504778&user=-1355064518&config=3,17919,0,0
1777970277398,17912,HTTP Request,200,OK,Config 3: Exp15 1-260,text,true,,231,158,378,378,http://localhost:8079/?token=518504778&user=-1355064518&config=3,17912,0,0
1777970277484,17826,HTTP Request,200,OK,Config 3: Exp15 1-36,text,true,,231,158,378,378,http://localhost:8079/?token=518504778&user=-1355064518&config=3,17826,0,0
1777970277403,17907,HTTP Request,200,OK,Config 3: Exp15 1-241,text,true,,231,158,378,378,http://localhost:8079/?token=518504778&user=-1355064518&config=3,17907,0,0
1777970277477,17833,HTTP Request,200,OK,Config 3: Exp15 1-127,text,true,,231,158,378,378,http://localhost:8079/?token=518504778&user=-1355064518&config=3,17833,0,0
1777970277403,17907,HTTP Request,200,OK,Config 3: Exp15 1-264,text,true,,231,158,378,378,http://localhost:8079/?token=518504778&user=-1355064518&config=3,17907,0,0
1777970277485,17825,HTTP Request,200,OK,Config 3: Exp15 1-170,text,true,,231,158,378,378,http://localhost:8079/?token=518504778&user=-1355064518&config=3,17825,0,0
1777970277390,17920,HTTP Request,200,OK,Config 3: Exp15 1-196,text,true,,231,158,378,378,http://localhost:8079/?token=518504778&user=-1355064518&config=3,17920,0,0
1777970277403,17907,HTTP Request,200,OK,Config 3: Exp15 1-265,text,true,,231,158,378,378,http://localhost:8079/?token=518504778&user=-1355064518&config=3,17907,0,0
1777970277403,17907,HTTP Request,200,OK,Config 3: Exp15 1-76,text,true,,231,158,378,378,http://localhost:8079/?token=518504778&user=-1355064518&config=3,17907,0,0
1777970277391,17919,HTTP Request,200,OK,Config 3: Exp15 1-228,text,true,,231,158,378,378,http://localhost:8079/?token=518504778&user=-1355064518&config=3,17919,0,0
1777970277398,17912,HTTP Request,200,OK,Config 3: Exp15 1-243,text,true,,231,158,378,378,http://localhost:8079/?token=518504778&user=-1355064518&config=3,17912,0,0
1777970277391,17919,HTTP Request,200,OK,Config 3: Exp15 1-44,text,true,,231,158,378,378,http://localhost:8079/?token=518504778&user=-1355064518&config=3,17919,0,0
1777970277398,17912,HTTP Request,200,OK,Config 3: Exp15 1-245,text,true,,231,158,378,378,http://localhost:8079/?token=518504778&user=-1355064518&config=3,17912,0,0
1777970277480,17830,HTTP Request,200,OK,Config 3: Exp15 1-244,text,true,,231,158,378,378,http://localhost:8079/?token=518504778&user=-1355064518&config=3,17830,0,0
1777970277404,17906,HTTP Request,200,OK,Config 3: Exp15 1-6,text,true,,231,158,378,378,http://localhost:8079/?token=518504778&user=-1355064518&config=3,17906,0,0
1777970277404,17906,HTTP Request,200,OK,Config 3: Exp15 1-112,text,true,,231,158,378,378,http://localhost:8079/?token=518504778&user=-1355064518&config=3,17906,0,0
1777970277403,17907,HTTP Request,200,OK,Config 3: Exp15 1-150,text,true,,231,158,378,378,http://localhost:8079/?token=518504778&user=-1355064518&config=3,17907,0,0
1777970277403,17907,HTTP Request,200,OK,Config 3: Exp15 1-129,text,true,,231,158,378,378,http://localhost:8079/?token=518504778&user=-1355064518&config=3,17907,0,0
1777970277403,17907,HTTP Request,200,OK,Config 3: Exp15 1-161,text,true,,231,158,378,378,http://localhost:8079/?token=518504778&user=-1355064518&config=3,17907,0,0
1777970277403,17907,HTTP Request,200,OK,Config 3: Exp15 1-285,text,true,,231,158,378,378,http://localhost:8079/?token=518504778&user=-1355064518&config=3,17907,0,0
1777970277403,17907,HTTP Request,200,OK,Config 3: Exp15 1-20,text,true,,231,158,378,378,http://localhost:8079/?token=518504778&user=-1355064518&config=3,17907,0,0
1777970277484,17828,HTTP Request,200,OK,Config 3: Exp15 1-27,text,true,,231,158,378,378,http://localhost:8079/?token=518504778&user=-1355064518&config=3,17828,0,0
1777970277484,17828,HTTP Request,200,OK,Config 3: Exp15 1-43,text,true,,231,158,378,378,http://localhost:8079/?token=518504778&user=-1355064518&config=3,17828,0,0
1777970277484,17828,HTTP Request,200,OK,Config 3: Exp15 1-1,text,true,,231,158,378,378,http://localhost:8079/?token=518504778&user=-1355064518&config=3,17828,0,0
1777970277478,17834,HTTP Request,200,OK,Config 3: Exp15 1-198,text,true,,231,158,378,378,http://localhost:8079/?token=518504778&user=-1355064518&config=3,17834,0,0
1777970277477,17835,HTTP Request,200,OK,Config 3: Exp15 1-151,text,true,,231,158,378,378,http://localhost:8079/?token=518504778&user=-1355064518&config=3,17835,0,0
1777970277480,17832,HTTP Request,200,OK,Config 3: Exp15 1-270,text,true,,231,158,378,378,http://localhost:8079/?token=518504778&user=-1355064518&config=3,17832,0,0
1777970277480,17832,HTTP Request,200,OK,Config 3: Exp15 1-25,text,true,,231,158,378,378,http://localhost:8079/?token=518504778&user=-1355064518&config=3,17832,0,0
1777970277478,17834,HTTP Request,200,OK,Config 3: Exp15 1-173,text,true,,231,158,378,378,http://localhost:8079/?token=518504778&user=-1355064518&config=3,17834,0,0
1777970277485,17827,HTTP Request,200,OK,Config 3: Exp15 1-49,text,true,,231,158,378,378,http://localhost:8079/?token=518504778&user=-1355064518&config=3,17827,0,0
1777970277484,17889,HTTP Request,200,OK,Config 3: Exp15 1-30,text,true,,231,158,378,378,http://localhost:8079/?token=518504778&user=-1355064518&config=3,17889,0,0
1777970277484,17889,HTTP Request,200,OK,Config 3: Exp15 1-288,text,true,,231,158,378,378,http://localhost:8079/?token=518504778&user=-1355064518&config=3,17889,0,0
1777970277484,17889,HTTP Request,200,OK,Config 3: Exp15 1-47,text,true,,231,158,378,378,http://localhost:8079/?token=518504778&user=-1355064518&config=3,17889,0,0
1777970277485,17888,HTTP Request,200,OK,Config 3: Exp15 1-33,text,true,,231,158,378,378,http://localhost:8079/?token=518504778&user=-1355064518&config=3,17888,0,0
1777970277484,17889,HTTP Request,200,OK,Config 3: Exp15 1-45,text,true,,231,158,378,378,http://localhost:8079/?token=518504778&user=-1355064518&config=3,17889,0,0
1777970277484,17889,HTTP Request,200,OK,Config 3: Exp15 1-80,text,true,,231,158,378,378,http://localhost:8079/?token=518504778&user=-1355064518&config=3,17889,0,0
1777970277485,17888,HTTP Request,200,OK,Config 3: Exp15 1-171,text,true,,231,158,378,378,http://localhost:8079/?token=518504778&user=-1355064518&config=3,17888,0,0
1777970277485,17888,HTTP Request,200,OK,Config 3: Exp15 1-29,text,true,,231,158,378,378,http://localhost:8079/?token=518504778&user=-1355064518&config=3,17888,0,0
1777970277485,17888,HTTP Request,200,OK,Config 3: Exp15 1-2,text,true,,231,158,378,378,http://localhost:8079/?token=518504778&user=-1355064518&config=3,17888,0,0
1777970277484,17890,HTTP Request,200,OK,Config 3: Exp15 1-28,text,true,,231,158,378,378,http://localhost:8079/?token=518504778&user=-1355064518&config=3,17890,0,0
1777970277484,17890,HTTP Request,200,OK,Config 3: Exp15 1-31,text,true,,231,158,378,378,http://localhost:8079/?token=518504778&user=-1355064518&config=3,17890,0,0
1777970277484,17890,HTTP Request,200,OK,Config 3: Exp15 1-314,text,true,,231,158,378,378,http://localhost:8079/?token=518504778&user=-1355064518&config=3,17890,0,0
1777970277484,17890,HTTP Request,200,OK,Config 3: Exp15 1-34,text,true,,231,158,378,378,http://localhost:8079/?token=518504778&user=-1355064518&config=3,17890,0,0
1777970277485,17889,HTTP Request,200,OK,Config 3: Exp15 1-22,text,true,,231,158,378,378,http://localhost:8079/?token=518504778&user=-1355064518&config=3,17889,0,0
1777970277485,17889,HTTP Request,200,OK,Config 3: Exp15 1-268,text,true,,231,158,378,378,http://localhost:8079/?token=518504778&user=-1355064518&config=3,17889,0,0
1777970277485,17889,HTTP Request,200,OK,Config 3: Exp15 1-266,text,true,,231,158,378,378,http://localhost:8079/?token=518504778&user=-1355064518&config=3,17889,0,0
1777970277485,17889,HTTP Request,200,OK,Config 3: Exp15 1-46,text,true,,231,158,378,378,http://localhost:8079/?token=518504778&user=-1355064518&config=3,17889,0,0
1777970277485,17889,HTTP Request,200,OK,Config 3: Exp15 1-269,text,true,,231,158,378,378,http://localhost:8079/?token=518504778&user=-1355064518&config=3,17889,0,0
1777970277485,17889,HTTP Request,200,OK,Config 3: Exp15 1-177,text,true,,231,158,378,378,http://localhost:8079/?token=518504778&user=-1355064518&config=3,17889,0,0
1777970277485,17889,HTTP Request,200,OK,Config 3: Exp15 1-197,text,true,,231,158,378,378,http://localhost:8079/?token=518504778&user=-1355064518&config=3,17889,0,0
1777970277485,17889,HTTP Request,200,OK,Config 3: Exp15 1-199,text,true,,231,158,378,378,http://localhost:8079/?token=518504778&user=-1355064518&config=3,17889,0,0
1777970277485,17889,HTTP Request,200,OK,Config 3: Exp15 1-176,text,true,,231,158,378,378,http://localhost:8079/?token=518504778&user=-1355064518&config=3,17889,0,0
1777970277485,17889,HTTP Request,200,OK,Config 3: Exp15 1-267,text,true,,231,158,378,378,http://localhost:8079/?token=518504778&user=-1355064518&config=3,17889,0,0
1777970277485,17889,HTTP Request,200,OK,Config 3: Exp15 1-163,text,true,,231,158,378,378,http://localhost:8079/?token=518504778&user=-1355064518&config=3,17889,0,0
1777970277485,17889,HTTP Request,200,OK,Config 3: Exp15 1-13,text,true,,231,158,378,378,http://localhost:8079/?token=518504778&user=-1355064518&config=3,17889,0,0
1777970277485,17889,HTTP Request,200,OK,Config 3: Exp15 1-160,text,true,,231,158,378,378,http://localhost:8079/?token=518504778&user=-1355064518&config=3,17889,0,0
1777970277485,17889,HTTP Request,200,OK,Config 3: Exp15 1-141,text,true,,231,158,378,378,http://localhost:8079/?token=518504778&user=-1355064518&config=3,17889,0,0
1777970277485,17889,HTTP Request,200,OK,Config 3: Exp15 1-153,text,true,,231,158,378,378,http://localhost:8079/?token=518504778&user=-1355064518&config=3,17889,0,0
1777970277485,17889,HTTP Request,200,OK,Config 3: Exp15 1-227,text,true,,231,158,378,378,http://localhost:8079/?token=518504778&user=-1355064518&config=3,17889,0,0
1777970277485,17889,HTTP Request,200,OK,Config 3: Exp15 1-159,text,true,,231,158,378,378,http://localhost:8079/?token=518504778&user=-1355064518&config=3,17889,0,0
1777970277485,17889,HTTP Request,200,OK,Config 3: Exp15 1-142,text,true,,231,158,378,378,http://localhost:8079/?token=518504778&user=-1355064518&config=3,17889,0,0
1777970277485,17889,HTTP Request,200,OK,Config 3: Exp15 1-14,text,true,,231,158,378,378,http://localhost:8079/?token=518504778&user=-1355064518&config=3,17889,0,0
1777970277485,17889,HTTP Request,200,OK,Config 3: Exp15 1-5,text,true,,231,158,378,378,http://localhost:8079/?token=518504778&user=-1355064518&config=3,17889,0,0
1777970277485,17890,HTTP Request,200,OK,Config 3: Exp15 1-24,text,true,,231,158,378,378,http://localhost:8079/?token=518504778&user=-1355064518&config=3,17890,0,0
1777970277388,17988,HTTP Request,200,OK,Config 3: Exp15 1-65,text,true,,231,158,378,378,http://localhost:8079/?token=518504778&user=-1355064518&config=3,17988,0,0
1777970277388,17988,HTTP Request,200,OK,Config 3: Exp15 1-50,text,true,,231,158,378,378,http://localhost:8079/?token=518504778&user=-1355064518&config=3,17988,0,0
1777970277389,17987,HTTP Request,200,OK,Config 3: Exp15 1-40,text,true,,231,158,378,378,http://localhost:8079/?token=518504778&user=-1355064518&config=3,17987,0,0
1777970277486,17890,HTTP Request,200,OK,Config 3: Exp15 1-10,text,true,,231,158,378,378,http://localhost:8079/?token=518504778&user=-1355064518&config=3,17890,0,0
1777970277389,17987,HTTP Request,200,OK,Config 3: Exp15 1-155,text,true,,231,158,378,378,http://localhost:8079/?token=518504778&user=-1355064518&config=3,17987,0,0
1777970277485,17891,HTTP Request,200,OK,Config 3: Exp15 1-11,text,true,,231,158,378,378,http://localhost:8079/?token=518504778&user=-1355064518&config=3,17891,0,0
1777970277485,17891,HTTP Request,200,OK,Config 3: Exp15 1-32,text,true,,231,158,378,378,http://localhost:8079/?token=518504778&user=-1355064518&config=3,17891,0,0
1777970277389,17987,HTTP Request,200,OK,Config 3: Exp15 1-56,text,true,,231,158,378,378,http://localhost:8079/?token=518504778&user=-1355064518&config=3,17987,0,0
1777970277389,17987,HTTP Request,200,OK,Config 3: Exp15 1-16,text,true,,231,158,378,378,http://localhost:8079/?token=518504778&user=-1355064518&config=3,17987,0,0
1777970277390,17986,HTTP Request,200,OK,Config 3: Exp15 1-99,text,true,,231,158,378,378,http://localhost:8079/?token=518504778&user=-1355064518&config=3,17986,0,0
1777970277486,17890,HTTP Request,200,OK,Config 3: Exp15 1-287,text,true,,231,158,378,378,http://localhost:8079/?token=518504778&user=-1355064518&config=3,17890,0,0
1777970277485,17891,HTTP Request,200,OK,Config 3: Exp15 1-143,text,true,,231,158,378,378,http://localhost:8079/?token=518504778&user=-1355064518&config=3,17891,0,0
1777970277485,17891,HTTP Request,200,OK,Config 3: Exp15 1-144,text,true,,231,158,378,378,http://localhost:8079/?token=518504778&user=-1355064518&config=3,17891,0,0
1777970277485,17891,HTTP Request,200,OK,Config 3: Exp15 1-149,text,true,,231,158,378,378,http://localhost:8079/?token=518504778&user=-1355064518&config=3,17891,0,0
1777970277485,17891,HTTP Request,200,OK,Config 3: Exp15 1-286,text,true,,231,158,378,378,http://localhost:8079/?token=518504778&user=-1355064518&config=3,17891,0,0
1777970277388,17992,HTTP Request,200,OK,Config 3: Exp15 1-68,text,true,,231,158,378,378,http://localhost:8079/?token=518504778&user=-1355064518&config=3,17992,0,0
1777970277388,17992,HTTP Request,200,OK,Config 3: Exp15 1-52,text,true,,231,158,378,378,http://localhost:8079/?token=518504778&user=-1355064518&config=3,17992,0,0
1777970277388,17992,HTTP Request,200,OK,Config 3: Exp15 1-60,text,true,,231,158,378,378,http://localhost:8079/?token=518504778&user=-1355064518&config=3,17992,0,0
1777970277485,17895,HTTP Request,200,OK,Config 3: Exp15 1-23,text,true,,231,158,378,378,http://localhost:8079/?token=518504778&user=-1355064518&config=3,17895,0,0
1777970277390,17990,HTTP Request,200,OK,Config 3: Exp15 1-94,text,true,,231,158,378,378,http://localhost:8079/?token=518504778&user=-1355064518&config=3,17990,0,0
1777970277388,17992,HTTP Request,200,OK,Config 3: Exp15 1-73,text,true,,231,158,378,378,http://localhost:8079/?token=518504778&user=-1355064518&config=3,17992,0,1
1777970277485,17895,HTTP Request,200,OK,Config 3: Exp15 1-9,text,true,,231,158,378,378,http://localhost:8079/?token=518504778&user=-1355064518&config=3,17895,0,0
1777970277485,17895,HTTP Request,200,OK,Config 3: Exp15 1-147,text,true,,231,158,378,378,http://localhost:8079/?token=518504778&user=-1355064518&config=3,17895,0,0
1777970277485,17895,HTTP Request,200,OK,Config 3: Exp15 1-148,text,true,,231,158,378,378,http://localhost:8079/?token=518504778&user=-1355064518&config=3,17895,0,0
1777970277486,17894,HTTP Request,200,OK,Config 3: Exp15 1-26,text,true,,231,158,378,378,http://localhost:8079/?token=518504778&user=-1355064518&config=3,17894,0,0
1777970278984,16829,HTTP Request,200,OK,Config 3: Exp15 1-295,text,true,,231,158,379,379,http://localhost:8079/?token=518504778&user=-1355064518&config=3,16829,0,0
1777970277953,17860,HTTP Request,200,OK,Config 3: Exp15 1-343,text,true,,231,158,379,379,http://localhost:8079/?token=518504778&user=-1355064518&config=3,17860,0,0
1777970278984,16829,HTTP Request,200,OK,Config 3: Exp15 1-98,text,true,,231,158,379,379,http://localhost:8079/?token=518504778&user=-1355064518&config=3,16829,0,0
1777970277388,18426,HTTP Request,200,OK,Config 3: Exp15 1-55,text,true,,231,158,379,379,http://localhost:8079/?token=518504778&user=-1355064518&config=3,18426,0,0
1777970278447,17367,HTTP Request,200,OK,Config 3: Exp15 1-344,text,true,,231,158,379,379,http://localhost:8079/?token=518504778&user=-1355064518&config=3,17367,0,0
1777970278984,16830,HTTP Request,200,OK,Config 3: Exp15 1-321,text,true,,231,158,379,379,http://localhost:8079/?token=518504778&user=-1355064518&config=3,16830,0,0
1777970278940,16874,HTTP Request,200,OK,Config 3: Exp15 1-345,text,true,,231,158,379,379,http://localhost:8079/?token=518504778&user=-1355064518&config=3,16874,0,1
1777970278984,16830,HTTP Request,200,OK,Config 3: Exp15 1-175,text,true,,231,158,379,379,http://localhost:8079/?token=518504778&user=-1355064518&config=3,16830,0,0
1777970277389,18425,HTTP Request,200,OK,Config 3: Exp15 1-54,text,true,,231,158,379,379,http://localhost:8079/?token=518504778&user=-1355064518&config=3,18425,0,0
1777970280423,15391,HTTP Request,200,OK,Config 3: Exp15 1-348,text,true,,231,158,379,379,http://localhost:8079/?token=518504778&user=-1355064518&config=3,15391,0,0
1777970279928,15886,HTTP Request,200,OK,Config 3: Exp15 1-347,text,true,,231,158,379,379,http://localhost:8079/?token=518504778&user=-1355064518&config=3,15886,0,1
1777970279434,16380,HTTP Request,200,OK,Config 3: Exp15 1-346,text,true,,231,158,379,379,http://localhost:8079/?token=518504778&user=-1355064518&config=3,16380,0,0
1777970280917,14897,HTTP Request,200,OK,Config 3: Exp15 1-349,text,true,,231,158,379,379,http://localhost:8079/?token=518504778&user=-1355064518&config=3,14897,0,0
1777970277390,18424,HTTP Request,200,OK,Config 3: Exp15 1-137,text,true,,231,158,379,379,http://localhost:8079/?token=518504778&user=-1355064518&config=3,18424,0,0
1777970278984,16830,HTTP Request,200,OK,Config 3: Exp15 1-156,text,true,,231,158,379,379,http://localhost:8079/?token=518504778&user=-1355064518&config=3,16830,0,0
1777970278984,16830,HTTP Request,200,OK,Config 3: Exp15 1-157,text,true,,231,158,379,379,http://localhost:8079/?token=518504778&user=-1355064518&config=3,16830,0,0
1777970277389,18425,HTTP Request,200,OK,Config 3: Exp15 1-72,text,true,,231,158,379,379,http://localhost:8079/?token=518504778&user=-1355064518&config=3,18425,0,0
1777970277486,18328,HTTP Request,200,OK,Config 3: Exp15 1-12,text,true,,231,158,379,379,http://localhost:8079/?token=518504778&user=-1355064518&config=3,18328,0,0
1777970277403,18411,HTTP Request,200,OK,Config 3: Exp15 1-15,text,true,,231,158,379,379,http://localhost:8079/?token=518504778&user=-1355064518&config=3,18411,0,1
1777970277403,18411,HTTP Request,200,OK,Config 3: Exp15 1-78,text,true,,231,158,379,379,http://localhost:8079/?token=518504778&user=-1355064518&config=3,18411,0,0
1777970277403,18412,HTTP Request,200,OK,Config 3: Exp15 1-67,text,true,,231,158,379,379,http://localhost:8079/?token=518504778&user=-1355064518&config=3,18412,0,0
1777970277403,18412,HTTP Request,200,OK,Config 3: Exp15 1-200,text,true,,231,158,379,379,http://localhost:8079/?token=518504778&user=-1355064518&config=3,18412,0,1
1777970277403,18412,HTTP Request,200,OK,Config 3: Exp15 1-64,text,true,,231,158,379,379,http://localhost:8079/?token=518504778&user=-1355064518&config=3,18412,0,1
1777970277403,18412,HTTP Request,200,OK,Config 3: Exp15 1-93,text,true,,231,158,379,379,http://localhost:8079/?token=518504778&user=-1355064518&config=3,18412,0,1
1777970277403,18412,HTTP Request,200,OK,Config 3: Exp15 1-51,text,true,,231,158,379,379,http://localhost:8079/?token=518504778&user=-1355064518&config=3,18412,0,1
1777970277403,18412,HTTP Request,200,OK,Config 3: Exp15 1-41,text,true,,231,158,379,379,http://localhost:8079/?token=518504778&user=-1355064518&config=3,18412,0,1
1777970277458,18357,HTTP Request,200,OK,Config 3: Exp15 1-342,text,true,,231,158,379,379,http://localhost:8079/?token=518504778&user=-1355064518&config=3,18357,0,1
1777970277403,18412,HTTP Request,200,OK,Config 3: Exp15 1-154,text,true,,231,158,379,379,http://localhost:8079/?token=518504778&user=-1355064518&config=3,18412,0,1
1777970277392,18422,HTTP Request,200,OK,Config 3: Exp15 1-193,text,true,,231,158,379,379,http://localhost:8079/?token=518504778&user=-1355064518&config=3,18422,0,0
1777970277480,18335,HTTP Request,200,OK,Config 3: Exp15 1-39,text,true,,231,158,379,379,http://localhost:8079/?token=518504778&user=-1355064518&config=3,18335,0,1
1777970277403,18412,HTTP Request,200,OK,Config 3: Exp15 1-86,text,true,,231,158,379,379,http://localhost:8079/?token=518504778&user=-1355064518&config=3,18412,0,1
1777970277403,18412,HTTP Request,200,OK,Config 3: Exp15 1-138,text,true,,231,158,379,379,http://localhost:8079/?token=518504778&user=-1355064518&config=3,18412,0,1
1777970277480,18335,HTTP Request,200,OK,Config 3: Exp15 1-59,text,true,,231,158,379,379,http://localhost:8079/?token=518504778&user=-1355064518&config=3,18335,0,1
1777970277484,18331,HTTP Request,200,OK,Config 3: Exp15 1-194,text,true,,231,158,379,379,http://localhost:8079/?token=518504778&user=-1355064518&config=3,18331,0,1
1777970277403,18411,HTTP Request,200,OK,Config 3: Exp15 1-97,text,true,,231,158,379,379,http://localhost:8079/?token=518504778&user=-1355064518&config=3,18411,0,0
1777970277485,18330,HTTP Request,200,OK,Config 3: Exp15 1-136,text,true,,231,158,379,379,http://localhost:8079/?token=518504778&user=-1355064518&config=3,18330,0,0
1777970277485,18330,HTTP Request,200,OK,Config 3: Exp15 1-19,text,true,,231,158,379,379,http://localhost:8079/?token=518504778&user=-1355064518&config=3,18330,0,0
1777970277485,18330,HTTP Request,200,OK,Config 3: Exp15 1-61,text,true,,231,158,379,379,http://localhost:8079/?token=518504778&user=-1355064518&config=3,18330,0,0
1777970277485,18330,HTTP Request,200,OK,Config 3: Exp15 1-74,text,true,,231,158,379,379,http://localhost:8079/?token=518504778&user=-1355064518&config=3,18330,0,1
1777970284969,12955,HTTP Request,200,OK,Config 3: Exp15 1-276,text,true,,231,158,383,383,http://localhost:8079/?token=518504778&user=-1355064518&config=3,12955,0,0
1777970284969,12955,HTTP Request,200,OK,Config 3: Exp15 1-77,text,true,,231,158,383,383,http://localhost:8079/?token=518504778&user=-1355064518&config=3,12955,0,0
1777970284969,12955,HTTP Request,200,OK,Config 3: Exp15 1-311,text,true,,231,158,383,383,http://localhost:8079/?token=518504778&user=-1355064518&config=3,12955,0,0
1777970284969,13164,HTTP Request,200,OK,Config 3: Exp15 1-219,text,true,,231,158,383,383,http://localhost:8079/?token=518504778&user=-1355064518&config=3,13164,0,0
1777970284969,13164,HTTP Request,200,OK,Config 3: Exp15 1-62,text,true,,231,158,383,383,http://localhost:8079/?token=518504778&user=-1355064518&config=3,13164,0,0
1777970284969,13164,HTTP Request,200,OK,Config 3: Exp15 1-120,text,true,,231,158,383,383,http://localhost:8079/?token=518504778&user=-1355064518&config=3,13164,0,0
1777970284969,13173,HTTP Request,200,OK,Config 3: Exp15 1-251,text,true,,231,158,383,383,http://localhost:8079/?token=518504778&user=-1355064518&config=3,13173,0,0
1777970284969,13173,HTTP Request,200,OK,Config 3: Exp15 1-310,text,true,,231,158,383,383,http://localhost:8079/?token=518504778&user=-1355064518&config=3,13173,0,1
1777970282903,15305,HTTP Request,200,OK,Config 3: Exp15 1-289,text,true,,231,158,384,384,http://localhost:8079/?token=518504778&user=-1355064518&config=3,15305,0,0
1777970282903,15305,HTTP Request,200,OK,Config 3: Exp15 1-292,text,true,,231,158,384,384,http://localhost:8079/?token=518504778&user=-1355064518&config=3,15305,0,0
1777970282903,15305,HTTP Request,200,OK,Config 3: Exp15 1-166,text,true,,231,158,384,384,http://localhost:8079/?token=518504778&user=-1355064518&config=3,15305,0,0
1777970283387,14821,HTTP Request,200,OK,Config 3: Exp15 1-354,text,true,,231,158,384,384,http://localhost:8079/?token=518504778&user=-1355064518&config=3,14821,0,1
1777970283881,14327,HTTP Request,200,OK,Config 3: Exp15 1-355,text,true,,231,158,384,384,http://localhost:8079/?token=518504778&user=-1355064518&config=3,14327,0,1
1777970282903,15305,HTTP Request,200,OK,Config 3: Exp15 1-201,text,true,,231,158,384,384,http://localhost:8079/?token=518504778&user=-1355064518&config=3,15305,0,0
1777970282860,15348,HTTP Request,200,OK,Config 3: Exp15 1-323,text,true,,231,158,384,384,http://localhost:8079/?token=518504778&user=-1355064518&config=3,15348,0,0
1777970282903,15305,HTTP Request,200,OK,Config 3: Exp15 1-81,text,true,,231,158,384,384,http://localhost:8079/?token=518504778&user=-1355064518&config=3,15305,0,1
1777970282892,15316,HTTP Request,200,OK,Config 3: Exp15 1-353,text,true,,231,158,384,384,http://localhost:8079/?token=518504778&user=-1355064518&config=3,15316,0,0
1777970282860,15348,HTTP Request,200,OK,Config 3: Exp15 1-63,text,true,,231,158,384,384,http://localhost:8079/?token=518504778&user=-1355064518&config=3,15348,0,0
1777970284374,13834,HTTP Request,200,OK,Config 3: Exp15 1-356,text,true,,231,158,384,384,http://localhost:8079/?token=518504778&user=-1355064518&config=3,13834,0,1
1777970284971,13279,HTTP Request,200,OK,Config 3: Exp15 1-221,text,true,,231,158,384,384,http://localhost:8079/?token=518504778&user=-1355064518&config=3,13279,0,0
1777970284971,13279,HTTP Request,200,OK,Config 3: Exp15 1-279,text,true,,231,158,384,384,http://localhost:8079/?token=518504778&user=-1355064518&config=3,13279,0,0
1777970284971,13279,HTTP Request,200,OK,Config 3: Exp15 1-248,text,true,,231,158,384,384,http://localhost:8079/?token=518504778&user=-1355064518&config=3,13279,0,0
1777970284972,13278,HTTP Request,200,OK,Config 3: Exp15 1-169,text,true,,231,158,384,384,http://localhost:8079/?token=518504778&user=-1355064518&config=3,13278,0,1
1777970284971,13279,HTTP Request,200,OK,Config 3: Exp15 1-252,text,true,,231,158,384,384,http://localhost:8079/?token=518504778&user=-1355064518&config=3,13279,0,1
1777970284972,13278,HTTP Request,200,OK,Config 3: Exp15 1-278,text,true,,231,158,384,384,http://localhost:8079/?token=518504778&user=-1355064518&config=3,13278,0,1
1777970284972,13278,HTTP Request,200,OK,Config 3: Exp15 1-253,text,true,,231,158,384,384,http://localhost:8079/?token=518504778&user=-1355064518&config=3,13278,0,1
1777970284971,13281,HTTP Request,200,OK,Config 3: Exp15 1-217,text,true,,231,158,384,384,http://localhost:8079/?token=518504778&user=-1355064518&config=3,13281,0,0
1777970284972,13280,HTTP Request,200,OK,Config 3: Exp15 1-280,text,true,,231,158,384,384,http://localhost:8079/?token=518504778&user=-1355064518&config=3,13280,0,1
1777970284973,13279,HTTP Request,200,OK,Config 3: Exp15 1-224,text,true,,231,158,384,384,http://localhost:8079/?token=518504778&user=-1355064518&config=3,13279,0,0
1777970284973,13279,HTTP Request,200,OK,Config 3: Exp15 1-246,text,true,,231,158,384,384,http://localhost:8079/?token=518504778&user=-1355064518&config=3,13279,0,0
1777970284973,13279,HTTP Request,200,OK,Config 3: Exp15 1-249,text,true,,231,158,384,384,http://localhost:8079/?token=518504778&user=-1355064518&config=3,13279,0,0
1777970284973,13279,HTTP Request,200,OK,Config 3: Exp15 1-220,text,true,,231,158,384,384,http://localhost:8079/?token=518504778&user=-1355064518&config=3,13279,0,0
1777970284973,13279,HTTP Request,200,OK,Config 3: Exp15 1-215,text,true,,231,158,384,384,http://localhost:8079/?token=518504778&user=-1355064518&config=3,13279,0,0
1777970284972,13280,HTTP Request,200,OK,Config 3: Exp15 1-250,text,true,,231,158,384,384,http://localhost:8079/?token=518504778&user=-1355064518&config=3,13280,0,1
1777970284973,13279,HTTP Request,200,OK,Config 3: Exp15 1-216,text,true,,231,158,384,384,http://localhost:8079/?token=518504778&user=-1355064518&config=3,13279,0,0
1777970284972,13280,HTTP Request,200,OK,Config 3: Exp15 1-277,text,true,,231,158,384,384,http://localhost:8079/?token=518504778&user=-1355064518&config=3,13280,0,1
1777970290230,9385,HTTP Request,200,OK,Config 3: Exp15 1-324,text,true,,231,158,386,386,http://localhost:8079/?token=518504778&user=-1355064518&config=3,9385,0,0
1777970285363,14251,HTTP Request,200,OK,Config 3: Exp15 1-358,text,true,,231,158,386,386,http://localhost:8079/?token=518504778&user=-1355064518&config=3,14251,0,0
1777970290230,9385,HTTP Request,200,OK,Config 3: Exp15 1-326,text,true,,231,158,386,386,http://localhost:8079/?token=518504778&user=-1355064518&config=3,9385,0,0
1777970290230,9385,HTTP Request,200,OK,Config 3: Exp15 1-290,text,true,,231,158,386,386,http://localhost:8079/?token=518504778&user=-1355064518&config=3,9385,0,0
1777970290230,9385,HTTP Request,200,OK,Config 3: Exp15 1-328,text,true,,231,158,386,386,http://localhost:8079/?token=518504778&user=-1355064518&config=3,9385,0,0
1777970290230,9385,HTTP Request,200,OK,Config 3: Exp15 1-329,text,true,,231,158,386,386,http://localhost:8079/?token=518504778&user=-1355064518&config=3,9385,0,0
1777970290225,9390,HTTP Request,200,OK,Config 3: Exp15 1-294,text,true,,231,158,386,386,http://localhost:8079/?token=518504778&user=-1355064518&config=3,9390,0,0
1777970290230,9385,HTTP Request,200,OK,Config 3: Exp15 1-291,text,true,,231,158,386,386,http://localhost:8079/?token=518504778&user=-1355064518&config=3,9385,0,0
1777970290228,9387,HTTP Request,200,OK,Config 3: Exp15 1-293,text,true,,231,158,386,386,http://localhost:8079/?token=518504778&user=-1355064518&config=3,9387,0,0
1777970290230,9385,HTTP Request,200,OK,Config 3: Exp15 1-325,text,true,,231,158,386,386,http://localhost:8079/?token=518504778&user=-1355064518&config=3,9385,0,0
1777970286351,13263,HTTP Request,200,OK,Config 3: Exp15 1-360,text,true,,231,158,386,386,http://localhost:8079/?token=518504778&user=-1355064518&config=3,13263,0,0
1777970285856,13758,HTTP Request,200,OK,Config 3: Exp15 1-359,text,true,,231,158,386,386,http://localhost:8079/?token=518504778&user=-1355064518&config=3,13758,0,1
1777970290230,9385,HTTP Request,200,OK,Config 3: Exp15 1-327,text,true,,231,158,386,386,http://localhost:8079/?token=518504778&user=-1355064518&config=3,9385,0,0
1777970286845,12769,HTTP Request,200,OK,Config 3: Exp15 1-361,text,true,,231,158,386,386,http://localhost:8079/?token=518504778&user=-1355064518&config=3,12769,0,0
1777970287338,12276,HTTP Request,200,OK,Config 3: Exp15 1-362,text,true,,231,158,386,386,http://localhost:8079/?token=518504778&user=-1355064518&config=3,12276,0,1
1777970289316,10299,HTTP Request,200,OK,Config 3: Exp15 1-366,text,true,,231,158,386,386,http://localhost:8079/?token=518504778&user=-1355064518&config=3,10299,0,0
1777970288326,11288,HTTP Request,200,OK,Config 3: Exp15 1-364,text,true,,231,158,386,386,http://localhost:8079/?token=518504778&user=-1355064518&config=3,11288,0,1
1777970287832,11782,HTTP Request,200,OK,Config 3: Exp15 1-363,text,true,,231,158,386,386,http://localhost:8079/?token=518504778&user=-1355064518&config=3,11782,0,1
1777970288821,10794,HTTP Request,200,OK,Config 3: Exp15 1-365,text,true,,231,158,386,386,http://localhost:8079/?token=518504778&user=-1355064518&config=3,10794,0,0
1777970289809,9807,HTTP Request,200,OK,Config 3: Exp15 1-367,text,true,,231,158,386,386,http://localhost:8079/?token=518504778&user=-1355064518&config=3,9807,0,1
1777970290303,9313,HTTP Request,200,OK,Config 3: Exp15 1-368,text,true,,231,158,386,386,http://localhost:8079/?token=518504778&user=-1355064518&config=3,9313,0,1
1777970290228,9388,HTTP Request,200,OK,Config 3: Exp15 1-181,text,true,,231,158,386,386,http://localhost:8079/?token=518504778&user=-1355064518&config=3,9388,0,0
1777970290228,9388,HTTP Request,200,OK,Config 3: Exp15 1-183,text,true,,231,158,386,386,http://localhost:8079/?token=518504778&user=-1355064518&config=3,9388,0,0
1777970290231,9385,HTTP Request,200,OK,Config 3: Exp15 1-185,text,true,,231,158,386,386,http://localhost:8079/?token=518504778&user=-1355064518&config=3,9385,0,0
1777970290798,8818,HTTP Request,200,OK,Config 3: Exp15 1-369,text,true,,231,158,386,386,http://localhost:8079/?token=518504778&user=-1355064518&config=3,8818,0,1
1777970290230,9386,HTTP Request,200,OK,Config 3: Exp15 1-182,text,true,,231,158,386,386,http://localhost:8079/?token=518504778&user=-1355064518&config=3,9386,0,0
1777970290231,9385,HTTP Request,200,OK,Config 3: Exp15 1-58,text,true,,231,158,386,386,http://localhost:8079/?token=518504778&user=-1355064518&config=3,9385,0,0
1777970290231,9385,HTTP Request,200,OK,Config 3: Exp15 1-331,text,true,,231,158,386,386,http://localhost:8079/?token=518504778&user=-1355064518&config=3,9385,0,0
1777970290231,9385,HTTP Request,200,OK,Config 3: Exp15 1-330,text,true,,231,158,386,386,http://localhost:8079/?token=518504778&user=-1355064518&config=3,9385,0,0
1777970290231,9385,HTTP Request,200,OK,Config 3: Exp15 1-332,text,true,,231,158,386,386,http://localhost:8079/?token=518504778&user=-1355064518&config=3,9385,0,0
1777970290231,9385,HTTP Request,200,OK,Config 3: Exp15 1-333,text,true,,231,158,386,386,http://localhost:8079/?token=518504778&user=-1355064518&config=3,9385,0,0
1777970290231,9385,HTTP Request,200,OK,Config 3: Exp15 1-334,text,true,,231,158,386,386,http://localhost:8079/?token=518504778&user=-1355064518&config=3,9385,0,0
1777970291291,8325,HTTP Request,200,OK,Config 3: Exp15 1-370,text,true,,231,158,386,386,http://localhost:8079/?token=518504778&user=-1355064518&config=3,8325,0,0
1777970284969,16077,HTTP Request,200,OK,Config 3: Exp15 1-299,text,true,,231,158,389,389,http://localhost:8079/?token=518504778&user=-1355064518&config=3,16077,0,0
1777970284868,16178,HTTP Request,200,OK,Config 3: Exp15 1-357,text,true,,231,158,389,389,http://localhost:8079/?token=518504778&user=-1355064518&config=3,16178,0,1
1777970284969,16077,HTTP Request,200,OK,Config 3: Exp15 1-301,text,true,,231,158,389,389,http://localhost:8079/?token=518504778&user=-1355064518&config=3,16077,0,0
1777970284968,16080,HTTP Request,200,OK,Config 3: Exp15 1-296,text,true,,231,158,389,389,http://localhost:8079/?token=518504778&user=-1355064518&config=3,16080,0,0
1777970284968,16080,HTTP Request,200,OK,Config 3: Exp15 1-297,text,true,,231,158,389,389,http://localhost:8079/?token=518504778&user=-1355064518&config=3,16080,0,0
1777970284969,16079,HTTP Request,200,OK,Config 3: Exp15 1-300,text,true,,231,158,389,389,http://localhost:8079/?token=518504778&user=-1355064518&config=3,16079,0,0
1777970284968,16080,HTTP Request,200,OK,Config 3: Exp15 1-298,text,true,,231,158,389,389,http://localhost:8079/?token=518504778&user=-1355064518&config=3,16080,0,0
1777970291643,17685,HTTP Request,200,OK,Config 3: Exp15 1-304,text,true,,231,158,405,405,http://localhost:8079/?token=518504778&user=-1355064518&config=3,17685,0,0
1777970291643,17685,HTTP Request,200,OK,Config 3: Exp15 1-302,text,true,,231,158,405,405,http://localhost:8079/?token=518504778&user=-1355064518&config=3,17685,0,0
1777970291643,17685,HTTP Request,200,OK,Config 3: Exp15 1-303,text,true,,231,158,405,405,http://localhost:8079/?token=518504778&user=-1355064518&config=3,17685,0,0
1777970291847,17481,HTTP Request,200,OK,Config 3: Exp15 1-139,text,true,,231,158,405,405,http://localhost:8079/?token=518504778&user=-1355064518&config=3,17481,0,0
1777970291847,17481,HTTP Request,200,OK,Config 3: Exp15 1-146,text,true,,231,158,405,405,http://localhost:8079/?token=518504778&user=-1355064518&config=3,17481,0,0
1777970291847,17481,HTTP Request,200,OK,Config 3: Exp15 1-158,text,true,,231,158,405,405,http://localhost:8079/?token=518504778&user=-1355064518&config=3,17481,0,0
1777970291847,17578,HTTP Request,200,OK,Config 3: Exp15 1-281,text,true,,231,158,405,405,http://localhost:8079/?token=518504778&user=-1355064518&config=3,17578,0,0
1777970291932,17529,HTTP Request,200,OK,Config 3: Exp15 1-308,text,true,,231,158,405,405,http://localhost:8079/?token=518504778&user=-1355064518&config=3,17529,0,0
1777970291848,17613,HTTP Request,200,OK,Config 3: Exp15 1-282,text,true,,231,158,405,405,http://localhost:8079/?token=518504778&user=-1355064518&config=3,17613,0,0
1777970291932,17529,HTTP Request,200,OK,Config 3: Exp15 1-307,text,true,,231,158,405,405,http://localhost:8079/?token=518504778&user=-1355064518&config=3,17529,0,0
1777970291848,17613,HTTP Request,200,OK,Config 3: Exp15 1-305,text,true,,231,158,405,405,http://localhost:8079/?token=518504778&user=-1355064518&config=3,17613,0,0
1777970291932,17529,HTTP Request,200,OK,Config 3: Exp15 1-283,text,true,,231,158,405,405,http://localhost:8079/?token=518504778&user=-1355064518&config=3,17529,0,0
1777970291932,17529,HTTP Request,200,OK,Config 3: Exp15 1-234,text,true,,231,158,405,405,http://localhost:8079/?token=518504778&user=-1355064518&config=3,17529,0,0
1777970291848,17613,HTTP Request,200,OK,Config 3: Exp15 1-133,text,true,,231,158,405,405,http://localhost:8079/?token=518504778&user=-1355064518&config=3,17613,0,0
1777970291847,17614,HTTP Request,200,OK,Config 3: Exp15 1-306,text,true,,231,158,405,405,http://localhost:8079/?token=518504778&user=-1355064518&config=3,17614,0,0
1777970291847,17614,HTTP Request,200,OK,Config 3: Exp15 1-140,text,true,,231,158,405,405,http://localhost:8079/?token=518504778&user=-1355064518&config=3,17614,0,0
1777970291932,17529,HTTP Request,200,OK,Config 3: Exp15 1-255,text,true,,231,158,405,405,http://localhost:8079/?token=518504778&user=-1355064518&config=3,17529,0,0
1777970291937,18108,HTTP Request,200,OK,Config 3: Exp15 1-134,text,true,,231,158,405,405,http://localhost:8079/?token=518504778&user=-1355064518&config=3,18108,0,0
1777970291848,18197,HTTP Request,200,OK,Config 3: Exp15 1-132,text,true,,231,158,405,405,http://localhost:8079/?token=518504778&user=-1355064518&config=3,18197,0,0
1777970291936,18595,HTTP Request,200,OK,Config 3: Exp15 1-188,text,true,,231,158,405,405,http://localhost:8079/?token=518504778&user=-1355064518&config=3,18595,0,0
1777970291937,18594,HTTP Request,200,OK,Config 3: Exp15 1-162,text,true,,231,158,405,405,http://localhost:8079/?token=518504778&user=-1355064518&config=3,18594,0,0
1777970291936,18595,HTTP Request,200,OK,Config 3: Exp15 1-338,text,true,,231,158,405,405,http://localhost:8079/?token=518504778&user=-1355064518&config=3,18595,0,0
1777970291936,18595,HTTP Request,200,OK,Config 3: Exp15 1-259,text,true,,231,158,405,405,http://localhost:8079/?token=518504778&user=-1355064518&config=3,18595,0,0
1777970291937,18594,HTTP Request,200,OK,Config 3: Exp15 1-223,text,true,,231,158,405,405,http://localhost:8079/?token=518504778&user=-1355064518&config=3,18594,0,0
1777970291935,18596,HTTP Request,200,OK,Config 3: Exp15 1-113,text,true,,231,158,405,405,http://localhost:8079/?token=518504778&user=-1355064518&config=3,18596,0,0
1777970291937,18594,HTTP Request,200,OK,Config 3: Exp15 1-190,text,true,,231,158,405,405,http://localhost:8079/?token=518504778&user=-1355064518&config=3,18594,0,0
1777970291937,18594,HTTP Request,200,OK,Config 3: Exp15 1-247,text,true,,231,158,405,405,http://localhost:8079/?token=518504778&user=-1355064518&config=3,18594,0,0
1777970291937,18594,HTTP Request,200,OK,Config 3: Exp15 1-195,text,true,,231,158,405,405,http://localhost:8079/?token=518504778&user=-1355064518&config=3,18594,0,0
1777970291937,18594,HTTP Request,200,OK,Config 3: Exp15 1-272,text,true,,231,158,405,405,http://localhost:8079/?token=518504778&user=-1355064518&config=3,18594,0,0
1777970291935,18596,HTTP Request,200,OK,Config 3: Exp15 1-131,text,true,,231,158,405,405,http://localhost:8079/?token=518504778&user=-1355064518&config=3,18596,0,0
1777970291934,18597,HTTP Request,200,OK,Config 3: Exp15 1-104,text,true,,231,158,405,405,http://localhost:8079/?token=518504778&user=-1355064518&config=3,18597,0,0
1777970291934,18597,HTTP Request,200,OK,Config 3: Exp15 1-118,text,true,,231,158,405,405,http://localhost:8079/?token=518504778&user=-1355064518&config=3,18597,0,0
1777970291937,18594,HTTP Request,200,OK,Config 3: Exp15 1-18,text,true,,231,158,405,405,http://localhost:8079/?token=518504778&user=-1355064518&config=3,18594,0,0
1777970291937,18594,HTTP Request,200,OK,Config 3: Exp15 1-57,text,true,,231,158,405,405,http://localhost:8079/?token=518504778&user=-1355064518&config=3,18594,0,0
1777970291937,18594,HTTP Request,200,OK,Config 3: Exp15 1-189,text,true,,231,158,405,405,http://localhost:8079/?token=518504778&user=-1355064518&config=3,18594,0,0
1777970291937,18594,HTTP Request,200,OK,Config 3: Exp15 1-214,text,true,,231,158,405,405,http://localhost:8079/?token=518504778&user=-1355064518&config=3,18594,0,0
1777970291935,18596,HTTP Request,200,OK,Config 3: Exp15 1-107,text,true,,231,158,405,405,http://localhost:8079/?token=518504778&user=-1355064518&config=3,18596,0,0
1777970291937,18594,HTTP Request,200,OK,Config 3: Exp15 1-69,text,true,,231,158,405,405,http://localhost:8079/?token=518504778&user=-1355064518&config=3,18594,0,0
1777970291938,18593,HTTP Request,200,OK,Config 3: Exp15 1-70,text,true,,231,158,405,405,http://localhost:8079/?token=518504778&user=-1355064518&config=3,18593,0,0
1777970291938,18593,HTTP Request,200,OK,Config 3: Exp15 1-135,text,true,,231,158,405,405,http://localhost:8079/?token=518504778&user=-1355064518&config=3,18593,0,0
1777970291938,18594,HTTP Request,200,OK,Config 3: Exp15 1-336,text,true,,231,158,405,405,http://localhost:8079/?token=518504778&user=-1355064518&config=3,18594,0,0
1777970291932,18934,HTTP Request,200,OK,Config 3: Exp15 1-256,text,true,,231,158,405,405,http://localhost:8079/?token=518504778&user=-1355064518&config=3,18934,0,0
1777970291932,18934,HTTP Request,200,OK,Config 3: Exp15 1-258,text,true,,231,158,405,405,http://localhost:8079/?token=518504778&user=-1355064518&config=3,18934,0,0
1777970291936,18930,HTTP Request,200,OK,Config 3: Exp15 1-117,text,true,,231,158,405,405,http://localhost:8079/?token=518504778&user=-1355064518&config=3,18930,0,0
1777970291933,18933,HTTP Request,200,OK,Config 3: Exp15 1-232,text,true,,231,158,405,405,http://localhost:8079/?token=518504778&user=-1355064518&config=3,18933,0,0
1777970291933,18933,HTTP Request,200,OK,Config 3: Exp15 1-236,text,true,,231,158,405,405,http://localhost:8079/?token=518504778&user=-1355064518&config=3,18933,0,0
1777970291933,18933,HTTP Request,200,OK,Config 3: Exp15 1-238,text,true,,231,158,405,405,http://localhost:8079/?token=518504778&user=-1355064518&config=3,18933,0,0
1777970291934,18932,HTTP Request,200,OK,Config 3: Exp15 1-178,text,true,,231,158,405,405,http://localhost:8079/?token=518504778&user=-1355064518&config=3,18932,0,0
1777970291937,18930,HTTP Request,200,OK,Config 3: Exp15 1-7,text,true,,231,158,405,405,http://localhost:8079/?token=518504778&user=-1355064518&config=3,18930,0,0
1777970291933,18933,HTTP Request,200,OK,Config 3: Exp15 1-179,text,true,,231,158,405,405,http://localhost:8079/?token=518504778&user=-1355064518&config=3,18933,0,0
1777970291934,18933,HTTP Request,200,OK,Config 3: Exp15 1-164,text,true,,231,158,405,405,http://localhost:8079/?token=518504778&user=-1355064518&config=3,18933,0,0
1777970291933,18934,HTTP Request,200,OK,Config 3: Exp15 1-172,text,true,,231,158,405,405,http://localhost:8079/?token=518504778&user=-1355064518&config=3,18934,0,0
1777970291934,18933,HTTP Request,200,OK,Config 3: Exp15 1-4,text,true,,231,158,405,405,http://localhost:8079/?token=518504778&user=-1355064518&config=3,18933,0,0
1777970291937,18930,HTTP Request,200,OK,Config 3: Exp15 1-218,text,true,,231,158,405,405,http://localhost:8079/?token=518504778&user=-1355064518&config=3,18930,0,0
1777970291933,18933,HTTP Request,200,OK,Config 3: Exp15 1-184,text,true,,231,158,405,405,http://localhost:8079/?token=518504778&user=-1355064518&config=3,18933,0,0
1777970291934,18933,HTTP Request,200,OK,Config 3: Exp15 1-124,text,true,,231,158,405,405,http://localhost:8079/?token=518504778&user=-1355064518&config=3,18933,0,0
1777970291934,18933,HTTP Request,200,OK,Config 3: Exp15 1-335,text,true,,231,158,405,405,http://localhost:8079/?token=518504778&user=-1355064518&config=3,18933,0,0
1777970291937,18930,HTTP Request,200,OK,Config 3: Exp15 1-152,text,true,,231,158,405,405,http://localhost:8079/?token=518504778&user=-1355064518&config=3,18930,0,0
1777970291937,18930,HTTP Request,200,OK,Config 3: Exp15 1-71,text,true,,231,158,405,405,http://localhost:8079/?token=518504778&user=-1355064518&config=3,18930,0,0
1777970291934,18933,HTTP Request,200,OK,Config 3: Exp15 1-130,text,true,,231,158,405,405,http://localhost:8079/?token=518504778&user=-1355064518&config=3,18933,0,0
1777970291933,18933,HTTP Request,200,OK,Config 3: Exp15 1-235,text,true,,231,158,405,405,http://localhost:8079/?token=518504778&user=-1355064518&config=3,18933,0,0
1777970291938,18929,HTTP Request,200,OK,Config 3: Exp15 1-271,text,true,,231,158,405,405,http://localhost:8079/?token=518504778&user=-1355064518&config=3,18929,0,0
1777970291934,18932,HTTP Request,200,OK,Config 3: Exp15 1-165,text,true,,231,158,405,405,http://localhost:8079/?token=518504778&user=-1355064518&config=3,18932,0,0
1777970291933,18933,HTTP Request,200,OK,Config 3: Exp15 1-254,text,true,,231,158,405,405,http://localhost:8079/?token=518504778&user=-1355064518&config=3,18933,0,0
1777970291933,18933,HTTP Request,200,OK,Config 3: Exp15 1-237,text,true,,231,158,405,405,http://localhost:8079/?token=518504778&user=-1355064518&config=3,18933,0,0
1777970291934,18933,HTTP Request,200,OK,Config 3: Exp15 1-42,text,true,,231,158,405,405,http://localhost:8079/?token=518504778&user=-1355064518&config=3,18933,0,0
1777970298209,13577,HTTP Request,500,Internal Server Error,Config 3: Exp15 1-201,text,false,,233,158,405,405,http://localhost:8079/?token=518504778&user=-1355064518&config=3,13577,0,0
1777970298208,13579,HTTP Request,500,Internal Server Error,Config 3: Exp15 1-384,text,false,,233,158,405,405,http://localhost:8079/?token=518504778&user=-1355064518&config=3,13579,0,1
1777970298209,13578,HTTP Request,500,Internal Server Error,Config 3: Exp15 1-289,text,false,,233,158,405,405,http://localhost:8079/?token=518504778&user=-1355064518&config=3,13578,0,0
1777970298209,13578,HTTP Request,500,Internal Server Error,Config 3: Exp15 1-292,text,false,,233,158,405,405,http://localhost:8079/?token=518504778&user=-1355064518&config=3,13578,0,0
1777970298701,13086,HTTP Request,500,Internal Server Error,Config 3: Exp15 1-385,text,false,,233,158,405,405,http://localhost:8079/?token=518504778&user=-1355064518&config=3,13086,0,0
1777970298209,13578,HTTP Request,500,Internal Server Error,Config 3: Exp15 1-63,text,false,,233,158,405,405,http://localhost:8079/?token=518504778&user=-1355064518&config=3,13578,0,0
1777970298209,13578,HTTP Request,500,Internal Server Error,Config 3: Exp15 1-166,text,false,,233,158,405,405,http://localhost:8079/?token=518504778&user=-1355064518&config=3,13578,0,0
1777970298209,13578,HTTP Request,500,Internal Server Error,Config 3: Exp15 1-356,text,false,,233,158,405,405,http://localhost:8079/?token=518504778&user=-1355064518&config=3,13578,0,0
1777970298209,13578,HTTP Request,500,Internal Server Error,Config 3: Exp15 1-354,text,false,,233,158,405,405,http://localhost:8079/?token=518504778&user=-1355064518&config=3,13578,0,0
1777970298209,13578,HTTP Request,500,Internal Server Error,Config 3: Exp15 1-353,text,false,,233,158,405,405,http://localhost:8079/?token=518504778&user=-1355064518&config=3,13578,0,0
1777970298209,13578,HTTP Request,500,Internal Server Error,Config 3: Exp15 1-81,text,false,,233,158,405,405,http://localhost:8079/?token=518504778&user=-1355064518&config=3,13578,0,0
1777970298209,13578,HTTP Request,500,Internal Server Error,Config 3: Exp15 1-355,text,false,,233,158,405,405,http://localhost:8079/?token=518504778&user=-1355064518&config=3,13578,0,0
1777970298209,13578,HTTP Request,500,Internal Server Error,Config 3: Exp15 1-323,text,false,,233,158,405,405,http://localhost:8079/?token=518504778&user=-1355064518&config=3,13578,0,0
1777970298143,13644,HTTP Request,500,Internal Server Error,Config 3: Exp15 1-310,text,false,,233,158,405,405,http://localhost:8079/?token=518504778&user=-1355064518&config=3,13644,0,0
1777970298251,13536,HTTP Request,500,Internal Server Error,Config 3: Exp15 1-221,text,false,,233,158,405,405,http://localhost:8079/?token=518504778&user=-1355064518&config=3,13536,0,0
1777970298251,13536,HTTP Request,500,Internal Server Error,Config 3: Exp15 1-279,text,false,,233,158,405,405,http://localhost:8079/?token=518504778&user=-1355064518&config=3,13536,0,0
1777970298253,13534,HTTP Request,500,Internal Server Error,Config 3: Exp15 1-250,text,false,,233,158,405,405,http://localhost:8079/?token=518504778&user=-1355064518&config=3,13534,0,0
1777970298253,13534,HTTP Request,500,Internal Server Error,Config 3: Exp15 1-217,text,false,,233,158,405,405,http://localhost:8079/?token=518504778&user=-1355064518&config=3,13534,0,0
1777970298251,13536,HTTP Request,500,Internal Server Error,Config 3: Exp15 1-252,text,false,,233,158,405,405,http://localhost:8079/?token=518504778&user=-1355064518&config=3,13536,0,0
1777970298251,13536,HTTP Request,500,Internal Server Error,Config 3: Exp15 1-248,text,false,,233,158,405,405,http://localhost:8079/?token=518504778&user=-1355064518&config=3,13536,0,0
1777970298251,13536,HTTP Request,500,Internal Server Error,Config 3: Exp15 1-253,text,false,,233,158,405,405,http://localhost:8079/?token=518504778&user=-1355064518&config=3,13536,0,0
1777970298253,13534,HTTP Request,500,Internal Server Error,Config 3: Exp15 1-220,text,false,,233,158,405,405,http://localhost:8079/?token=518504778&user=-1355064518&config=3,13534,0,0
1777970298251,13536,HTTP Request,500,Internal Server Error,Config 3: Exp15 1-278,text,false,,233,158,405,405,http://localhost:8079/?token=518504778&user=-1355064518&config=3,13536,0,0
1777970298253,13535,HTTP Request,500,Internal Server Error,Config 3: Exp15 1-215,text,false,,233,158,405,405,http://localhost:8079/?token=518504778&user=-1355064518&config=3,13535,0,0
1777970298253,13535,HTTP Request,500,Internal Server Error,Config 3: Exp15 1-249,text,false,,233,158,405,405,http://localhost:8079/?token=518504778&user=-1355064518&config=3,13535,0,0
1777970298253,13535,HTTP Request,500,Internal Server Error,Config 3: Exp15 1-277,text,false,,233,158,405,405,http://localhost:8079/?token=518504778&user=-1355064518&config=3,13534,0,0
1777970298253,13535,HTTP Request,500,Internal Server Error,Config 3: Exp15 1-246,text,false,,233,158,405,405,http://localhost:8079/?token=518504778&user=-1355064518&config=3,13535,0,0
1777970298253,13535,HTTP Request,500,Internal Server Error,Config 3: Exp15 1-216,text,false,,233,158,405,405,http://localhost:8079/?token=518504778&user=-1355064518&config=3,13535,0,0
1777970298253,13535,HTTP Request,500,Internal Server Error,Config 3: Exp15 1-224,text,false,,233,158,405,405,http://localhost:8079/?token=518504778&user=-1355064518&config=3,13535,0,0
1777970298253,13535,HTTP Request,500,Internal Server Error,Config 3: Exp15 1-280,text,false,,233,158,405,405,http://localhost:8079/?token=518504778&user=-1355064518&config=3,13535,0,0
1777970298251,13537,HTTP Request,500,Internal Server Error,Config 3: Exp15 1-169,text,false,,233,158,405,405,http://localhost:8079/?token=518504778&user=-1355064518&config=3,13536,0,0
1777970291937,21692,HTTP Request,200,OK,Config 3: Exp15 1-274,text,true,,231,158,405,405,http://localhost:8079/?token=518504778&user=-1355064518&config=3,21692,0,0
1777970291937,21692,HTTP Request,200,OK,Config 3: Exp15 1-110,text,true,,231,158,405,405,http://localhost:8079/?token=518504778&user=-1355064518&config=3,21692,0,0
1777970291936,21694,HTTP Request,200,OK,Config 3: Exp15 1-337,text,true,,231,158,405,405,http://localhost:8079/?token=518504778&user=-1355064518&config=3,21694,0,0
1777970291936,21694,HTTP Request,200,OK,Config 3: Exp15 1-209,text,true,,231,158,405,405,http://localhost:8079/?token=518504778&user=-1355064518&config=3,21694,0,0
1777970291936,21694,HTTP Request,200,OK,Config 3: Exp15 1-263,text,true,,231,158,405,405,http://localhost:8079/?token=518504778&user=-1355064518&config=3,21694,0,0
1777970291936,21694,HTTP Request,200,OK,Config 3: Exp15 1-309,text,true,,231,158,405,405,http://localhost:8079/?token=518504778&user=-1355064518&config=3,21694,0,0
1777970291936,21694,HTTP Request,200,OK,Config 3: Exp15 1-316,text,true,,231,158,405,405,http://localhost:8079/?token=518504778&user=-1355064518&config=3,21694,0,0
1777970291936,21694,HTTP Request,200,OK,Config 3: Exp15 1-116,text,true,,231,158,405,405,http://localhost:8079/?token=518504778&user=-1355064518&config=3,21694,0,0
1777970291937,21693,HTTP Request,200,OK,Config 3: Exp15 1-122,text,true,,231,158,405,405,http://localhost:8079/?token=518504778&user=-1355064518&config=3,21693,0,0
1777970291936,21694,HTTP Request,200,OK,Config 3: Exp15 1-257,text,true,,231,158,405,405,http://localhost:8079/?token=518504778&user=-1355064518&config=3,21694,0,0
1777970291936,21694,HTTP Request,200,OK,Config 3: Exp15 1-115,text,true,,231,158,405,405,http://localhost:8079/?token=518504778&user=-1355064518&config=3,21694,0,0
1777970291936,21694,HTTP Request,200,OK,Config 3: Exp15 1-261,text,true,,231,158,405,405,http://localhost:8079/?token=518504778&user=-1355064518&config=3,21694,0,0
1777970291936,21694,HTTP Request,200,OK,Config 3: Exp15 1-210,text,true,,231,158,405,405,http://localhost:8079/?token=518504778&user=-1355064518&config=3,21694,0,0
1777970291936,21694,HTTP Request,200,OK,Config 3: Exp15 1-111,text,true,,231,158,405,405,http://localhost:8079/?token=518504778&user=-1355064518&config=3,21694,0,0
1777970291937,21693,HTTP Request,200,OK,Config 3: Exp15 1-8,text,true,,231,158,405,405,http://localhost:8079/?token=518504778&user=-1355064518&config=3,21693,0,0
1777970291935,21695,HTTP Request,200,OK,Config 3: Exp15 1-119,text,true,,231,158,405,405,http://localhost:8079/?token=518504778&user=-1355064518&config=3,21695,0,0
1777970291937,21693,HTTP Request,200,OK,Config 3: Exp15 1-35,text,true,,231,158,405,405,http://localhost:8079/?token=518504778&user=-1355064518&config=3,21693,0,0
1777970291937,21693,HTTP Request,200,OK,Config 3: Exp15 1-222,text,true,,231,158,405,405,http://localhost:8079/?token=518504778&user=-1355064518&config=3,21693,0,0
1777970291937,21693,HTTP Request,200,OK,Config 3: Exp15 1-208,text,true,,231,158,405,405,http://localhost:8079/?token=518504778&user=-1355064518&config=3,21693,0,0
1777970291937,21693,HTTP Request,200,OK,Config 3: Exp15 1-37,text,true,,231,158,405,405,http://localhost:8079/?token=518504778&user=-1355064518&config=3,21693,0,0
1777970291937,21693,HTTP Request,200,OK,Config 3: Exp15 1-275,text,true,,231,158,405,405,http://localhost:8079/?token=518504778&user=-1355064518&config=3,21693,0,0
1777970291935,21696,HTTP Request,200,OK,Config 3: Exp15 1-114,text,true,,231,158,405,405,http://localhost:8079/?token=518504778&user=-1355064518&config=3,21696,0,0
1777970291934,21697,HTTP Request,200,OK,Config 3: Exp15 1-125,text,true,,231,158,405,405,http://localhost:8079/?token=518504778&user=-1355064518&config=3,21697,0,0
1777970291937,21694,HTTP Request,200,OK,Config 3: Exp15 1-186,text,true,,231,158,405,405,http://localhost:8079/?token=518504778&user=-1355064518&config=3,21694,0,0
1777970291937,21694,HTTP Request,200,OK,Config 3: Exp15 1-121,text,true,,231,158,405,405,http://localhost:8079/?token=518504778&user=-1355064518&config=3,21694,0,0
1777970291937,21694,HTTP Request,200,OK,Config 3: Exp15 1-204,text,true,,231,158,405,405,http://localhost:8079/?token=518504778&user=-1355064518&config=3,21694,0,0
1777970291937,21694,HTTP Request,200,OK,Config 3: Exp15 1-205,text,true,,231,158,405,405,http://localhost:8079/?token=518504778&user=-1355064518&config=3,21694,0,0
1777970291938,21693,HTTP Request,200,OK,Config 3: Exp15 1-206,text,true,,231,158,405,405,http://localhost:8079/?token=518504778&user=-1355064518&config=3,21693,0,0
1777970291938,21693,HTTP Request,200,OK,Config 3: Exp15 1-192,text,true,,231,158,405,405,http://localhost:8079/?token=518504778&user=-1355064518&config=3,21693,0,0
1777970291938,21693,HTTP Request,200,OK,Config 3: Exp15 1-191,text,true,,231,158,405,405,http://localhost:8079/?token=518504778&user=-1355064518&config=3,21693,0,0
1777970291936,21696,HTTP Request,200,OK,Config 3: Exp15 1-315,text,true,,231,158,405,405,http://localhost:8079/?token=518504778&user=-1355064518&config=3,21696,0,0
1777970291936,21696,HTTP Request,200,OK,Config 3: Exp15 1-202,text,true,,231,158,405,405,http://localhost:8079/?token=518504778&user=-1355064518&config=3,21696,0,0
1777970291937,21695,HTTP Request,200,OK,Config 3: Exp15 1-273,text,true,,231,158,405,405,http://localhost:8079/?token=518504778&user=-1355064518&config=3,21695,0,0
1777970291937,21695,HTTP Request,200,OK,Config 3: Exp15 1-108,text,true,,231,158,405,405,http://localhost:8079/?token=518504778&user=-1355064518&config=3,21695,0,0
1777970291937,21696,HTTP Request,200,OK,Config 3: Exp15 1-105,text,true,,231,158,405,405,http://localhost:8079/?token=518504778&user=-1355064518&config=3,21695,0,0
1777970291938,21695,HTTP Request,200,OK,Config 3: Exp15 1-21,text,true,,231,158,405,405,http://localhost:8079/?token=518504778&user=-1355064518&config=3,21695,0,0
1777970291938,21695,HTTP Request,200,OK,Config 3: Exp15 1-53,text,true,,231,158,405,405,http://localhost:8079/?token=518504778&user=-1355064518&config=3,21695,0,0
1777970291938,21695,HTTP Request,200,OK,Config 3: Exp15 1-106,text,true,,231,158,405,405,http://localhost:8079/?token=518504778&user=-1355064518&config=3,21695,0,0
1777970291938,21695,HTTP Request,200,OK,Config 3: Exp15 1-174,text,true,,231,158,405,405,http://localhost:8079/?token=518504778&user=-1355064518&config=3,21695,0,0
1777970291938,21695,HTTP Request,200,OK,Config 3: Exp15 1-319,text,true,,231,158,405,405,http://localhost:8079/?token=518504778&user=-1355064518&config=3,21695,0,0
1777970291938,21695,HTTP Request,200,OK,Config 3: Exp15 1-317,text,true,,231,158,405,405,http://localhost:8079/?token=518504778&user=-1355064518&config=3,21695,0,0
1777970291938,21695,HTTP Request,200,OK,Config 3: Exp15 1-318,text,true,,231,158,405,405,http://localhost:8079/?token=518504778&user=-1355064518&config=3,21695,0,0
1777970291938,21695,HTTP Request,200,OK,Config 3: Exp15 1-66,text,true,,231,158,405,405,http://localhost:8079/?token=518504778&user=-1355064518&config=3,21695,0,0
1777970293150,20788,HTTP Request,200,OK,Config 3: Exp15 1-17,text,true,,231,158,405,405,http://localhost:8079/?token=518504778&user=-1355064518&config=3,20788,0,0
1777970293150,20788,HTTP Request,200,OK,Config 3: Exp15 1-168,text,true,,231,158,405,405,http://localhost:8079/?token=518504778&user=-1355064518&config=3,20788,0,0
1777970291784,22154,HTTP Request,200,OK,Config 3: Exp15 1-371,text,true,,231,158,405,405,http://localhost:8079/?token=518504778&user=-1355064518&config=3,22154,0,1
1777970291938,22000,HTTP Request,200,OK,Config 3: Exp15 1-320,text,true,,231,158,405,405,http://localhost:8079/?token=518504778&user=-1355064518&config=3,22000,0,0
1777970291847,22091,HTTP Request,200,OK,Config 3: Exp15 1-225,text,true,,231,158,405,405,http://localhost:8079/?token=518504778&user=-1355064518&config=3,22091,0,1
1777970295311,18701,HTTP Request,200,OK,Config 3: Exp15 1-313,text,true,,231,158,405,405,http://localhost:8079/?token=518504778&user=-1355064518&config=3,18701,0,0
1777970293150,20862,HTTP Request,200,OK,Config 3: Exp15 1-167,text,true,,231,158,405,405,http://localhost:8079/?token=518504778&user=-1355064518&config=3,20862,0,0
1777970295311,18701,HTTP Request,200,OK,Config 3: Exp15 1-3,text,true,,231,158,405,405,http://localhost:8079/?token=518504778&user=-1355064518&config=3,18701,0,0
1777970293764,20248,HTTP Request,200,OK,Config 3: Exp15 1-341,text,true,,231,158,405,405,http://localhost:8079/?token=518504778&user=-1355064518&config=3,20248,0,0
1777970293150,20862,HTTP Request,200,OK,Config 3: Exp15 1-203,text,true,,231,158,405,405,http://localhost:8079/?token=518504778&user=-1355064518&config=3,20862,0,0
1777970295311,18701,HTTP Request,200,OK,Config 3: Exp15 1-284,text,true,,231,158,405,405,http://localhost:8079/?token=518504778&user=-1355064518&config=3,18701,0,0
1777970293150,20862,HTTP Request,200,OK,Config 3: Exp15 1-207,text,true,,231,158,405,405,http://localhost:8079/?token=518504778&user=-1355064518&config=3,20862,0,0
1777970293150,20862,HTTP Request,200,OK,Config 3: Exp15 1-339,text,true,,231,158,405,405,http://localhost:8079/?token=518504778&user=-1355064518&config=3,20862,0,0
1777970295311,18701,HTTP Request,200,OK,Config 3: Exp15 1-36,text,true,,231,158,405,405,http://localhost:8079/?token=518504778&user=-1355064518&config=3,18701,0,0
1777970291933,22079,HTTP Request,200,OK,Config 3: Exp15 1-103,text,true,,231,158,405,405,http://localhost:8079/?token=518504778&user=-1355064518&config=3,22079,0,0
1777970291932,22080,HTTP Request,200,OK,Config 3: Exp15 1-226,text,true,,231,158,405,405,http://localhost:8079/?token=518504778&user=-1355064518&config=3,22080,0,1
1777970295311,18712,HTTP Request,200,OK,Config 3: Exp15 1-180,text,true,,231,158,405,405,http://localhost:8079/?token=518504778&user=-1355064518&config=3,18712,0,0
1777970295311,18712,HTTP Request,200,OK,Config 3: Exp15 1-126,text,true,,231,158,405,405,http://localhost:8079/?token=518504778&user=-1355064518&config=3,18712,0,0
1777970295311,18712,HTTP Request,200,OK,Config 3: Exp15 1-48,text,true,,231,158,405,405,http://localhost:8079/?token=518504778&user=-1355064518&config=3,18712,0,0
1777970295311,18712,HTTP Request,200,OK,Config 3: Exp15 1-127,text,true,,231,158,405,405,http://localhost:8079/?token=518504778&user=-1355064518&config=3,18712,0,0
1777970295311,18712,HTTP Request,200,OK,Config 3: Exp15 1-244,text,true,,231,158,405,405,http://localhost:8079/?token=518504778&user=-1355064518&config=3,18712,0,0
1777970293764,20261,HTTP Request,200,OK,Config 3: Exp15 1-340,text,true,,231,158,405,405,http://localhost:8079/?token=518504778&user=-1355064518&config=3,20261,0,0
1777970295312,18714,HTTP Request,200,OK,Config 3: Exp15 1-112,text,true,,231,158,405,405,http://localhost:8079/?token=518504778&user=-1355064518&config=3,18714,0,0
1777970295311,18715,HTTP Request,200,OK,Config 3: Exp15 1-196,text,true,,231,158,405,405,http://localhost:8079/?token=518504778&user=-1355064518&config=3,18715,0,0
1777970295311,18715,HTTP Request,200,OK,Config 3: Exp15 1-228,text,true,,231,158,405,405,http://localhost:8079/?token=518504778&user=-1355064518&config=3,18715,0,0
1777970295312,18714,HTTP Request,200,OK,Config 3: Exp15 1-6,text,true,,231,158,405,405,http://localhost:8079/?token=518504778&user=-1355064518&config=3,18714,0,0
1777970295311,18719,HTTP Request,200,OK,Config 3: Exp15 1-260,text,true,,231,158,405,405,http://localhost:8079/?token=518504778&user=-1355064518&config=3,18719,0,0
1777970293764,20266,HTTP Request,200,OK,Config 3: Exp15 1-312,text,true,,231,158,405,405,http://localhost:8079/?token=518504778&user=-1355064518&config=3,20266,0,0
1777970295311,18719,HTTP Request,200,OK,Config 3: Exp15 1-38,text,true,,231,158,405,405,http://localhost:8079/?token=518504778&user=-1355064518&config=3,18719,0,0
1777970295311,18719,HTTP Request,200,OK,Config 3: Exp15 1-265,text,true,,231,158,405,405,http://localhost:8079/?token=518504778&user=-1355064518&config=3,18719,0,0
1777970295311,18719,HTTP Request,200,OK,Config 3: Exp15 1-262,text,true,,231,158,405,405,http://localhost:8079/?token=518504778&user=-1355064518&config=3,18719,0,0
1777970295313,18717,HTTP Request,200,OK,Config 3: Exp15 1-1,text,true,,231,158,405,405,http://localhost:8079/?token=518504778&user=-1355064518&config=3,18717,0,0
1777970295313,18717,HTTP Request,200,OK,Config 3: Exp15 1-25,text,true,,231,158,405,405,http://localhost:8079/?token=518504778&user=-1355064518&config=3,18717,0,0
1777970295311,18719,HTTP Request,200,OK,Config 3: Exp15 1-128,text,true,,231,158,405,405,http://localhost:8079/?token=518504778&user=-1355064518&config=3,18719,0,0
1777970295311,18719,HTTP Request,200,OK,Config 3: Exp15 1-264,text,true,,231,158,405,405,http://localhost:8079/?token=518504778&user=-1355064518&config=3,18719,0,0
1777970295311,18719,HTTP Request,200,OK,Config 3: Exp15 1-170,text,true,,231,158,405,405,http://localhost:8079/?token=518504778&user=-1355064518&config=3,18719,0,0
1777970295313,18717,HTTP Request,200,OK,Config 3: Exp15 1-49,text,true,,231,158,405,405,http://localhost:8079/?token=518504778&user=-1355064518&config=3,18717,0,0
1777970295313,18717,HTTP Request,200,OK,Config 3: Exp15 1-173,text,true,,231,158,405,405,http://localhost:8079/?token=518504778&user=-1355064518&config=3,18717,0,0
1777970295311,18719,HTTP Request,200,OK,Config 3: Exp15 1-76,text,true,,231,158,405,405,http://localhost:8079/?token=518504778&user=-1355064518&config=3,18719,0,0
1777970295311,18719,HTTP Request,200,OK,Config 3: Exp15 1-245,text,true,,231,158,405,405,http://localhost:8079/?token=518504778&user=-1355064518&config=3,18719,0,0
1777970295312,18718,HTTP Request,200,OK,Config 3: Exp15 1-150,text,true,,231,158,405,405,http://localhost:8079/?token=518504778&user=-1355064518&config=3,18718,0,0
1777970295311,18719,HTTP Request,200,OK,Config 3: Exp15 1-44,text,true,,231,158,405,405,http://localhost:8079/?token=518504778&user=-1355064518&config=3,18719,0,0
1777970295312,18718,HTTP Request,200,OK,Config 3: Exp15 1-285,text,true,,231,158,405,405,http://localhost:8079/?token=518504778&user=-1355064518&config=3,18718,0,0
1777970295312,18718,HTTP Request,200,OK,Config 3: Exp15 1-129,text,true,,231,158,405,405,http://localhost:8079/?token=518504778&user=-1355064518&config=3,18718,0,0
1777970295313,18717,HTTP Request,200,OK,Config 3: Exp15 1-270,text,true,,231,158,405,405,http://localhost:8079/?token=518504778&user=-1355064518&config=3,18717,0,0
1777970295311,18719,HTTP Request,200,OK,Config 3: Exp15 1-243,text,true,,231,158,405,405,http://localhost:8079/?token=518504778&user=-1355064518&config=3,18719,0,0
1777970295313,18720,HTTP Request,200,OK,Config 3: Exp15 1-27,text,true,,231,158,405,405,http://localhost:8079/?token=518504778&user=-1355064518&config=3,18720,0,0
1777970295313,18720,HTTP Request,200,OK,Config 3: Exp15 1-43,text,true,,231,158,405,405,http://localhost:8079/?token=518504778&user=-1355064518&config=3,18720,0,0
1777970295313,18720,HTTP Request,200,OK,Config 3: Exp15 1-151,text,true,,231,158,405,405,http://localhost:8079/?token=518504778&user=-1355064518&config=3,18720,0,0
1777970295375,18658,HTTP Request,200,OK,Config 3: Exp15 1-33,text,true,,231,158,405,405,http://localhost:8079/?token=518504778&user=-1355064518&config=3,18658,0,0
1777970295313,18720,HTTP Request,200,OK,Config 3: Exp15 1-198,text,true,,231,158,405,405,http://localhost:8079/?token=518504778&user=-1355064518&config=3,18720,0,0
1777970295375,18694,HTTP Request,200,OK,Config 3: Exp15 1-28,text,true,,231,158,405,405,http://localhost:8079/?token=518504778&user=-1355064518&config=3,18694,0,0
1777970295375,18694,HTTP Request,200,OK,Config 3: Exp15 1-171,text,true,,231,158,405,405,http://localhost:8079/?token=518504778&user=-1355064518&config=3,18694,0,0
1777970295312,18757,HTTP Request,200,OK,Config 3: Exp15 1-20,text,true,,231,158,405,405,http://localhost:8079/?token=518504778&user=-1355064518&config=3,18757,0,0
1777970295312,18757,HTTP Request,200,OK,Config 3: Exp15 1-161,text,true,,231,158,405,405,http://localhost:8079/?token=518504778&user=-1355064518&config=3,18757,0,0
1777970295375,18694,HTTP Request,200,OK,Config 3: Exp15 1-176,text,true,,231,158,405,405,http://localhost:8079/?token=518504778&user=-1355064518&config=3,18694,0,0
1777970295375,18714,HTTP Request,200,OK,Config 3: Exp15 1-34,text,true,,231,158,405,405,http://localhost:8079/?token=518504778&user=-1355064518&config=3,18714,0,0
1777970295375,18714,HTTP Request,200,OK,Config 3: Exp15 1-22,text,true,,231,158,405,405,http://localhost:8079/?token=518504778&user=-1355064518&config=3,18714,0,0
1777970295375,18714,HTTP Request,200,OK,Config 3: Exp15 1-31,text,true,,231,158,405,405,http://localhost:8079/?token=518504778&user=-1355064518&config=3,18714,0,0
1777970295375,18714,HTTP Request,200,OK,Config 3: Exp15 1-197,text,true,,231,158,405,405,http://localhost:8079/?token=518504778&user=-1355064518&config=3,18714,0,0
1777970295375,18714,HTTP Request,200,OK,Config 3: Exp15 1-267,text,true,,231,158,405,405,http://localhost:8079/?token=518504778&user=-1355064518&config=3,18714,0,0
1777970295376,18713,HTTP Request,200,OK,Config 3: Exp15 1-24,text,true,,231,158,405,405,http://localhost:8079/?token=518504778&user=-1355064518&config=3,18713,0,0
1777970295375,18714,HTTP Request,200,OK,Config 3: Exp15 1-13,text,true,,231,158,405,405,http://localhost:8079/?token=518504778&user=-1355064518&config=3,18714,0,0
1777970295375,18714,HTTP Request,200,OK,Config 3: Exp15 1-199,text,true,,231,158,405,405,http://localhost:8079/?token=518504778&user=-1355064518&config=3,18714,0,0
1777970295375,18714,HTTP Request,200,OK,Config 3: Exp15 1-269,text,true,,231,158,405,405,http://localhost:8079/?token=518504778&user=-1355064518&config=3,18714,0,0
1777970295375,18714,HTTP Request,200,OK,Config 3: Exp15 1-160,text,true,,231,158,405,405,http://localhost:8079/?token=518504778&user=-1355064518&config=3,18714,0,0
1777970295375,18715,HTTP Request,200,OK,Config 3: Exp15 1-288,text,true,,231,158,405,405,http://localhost:8079/?token=518504778&user=-1355064518&config=3,18715,0,0
1777970295375,18715,HTTP Request,200,OK,Config 3: Exp15 1-314,text,true,,231,158,405,405,http://localhost:8079/?token=518504778&user=-1355064518&config=3,18715,0,0
1777970295375,18715,HTTP Request,200,OK,Config 3: Exp15 1-30,text,true,,231,158,405,405,http://localhost:8079/?token=518504778&user=-1355064518&config=3,18715,0,0
1777970295375,18715,HTTP Request,200,OK,Config 3: Exp15 1-47,text,true,,231,158,405,405,http://localhost:8079/?token=518504778&user=-1355064518&config=3,18715,0,0
1777970295377,18713,HTTP Request,200,OK,Config 3: Exp15 1-50,text,true,,231,158,405,405,http://localhost:8079/?token=518504778&user=-1355064518&config=3,18713,0,0
1777970295378,18713,HTTP Request,200,OK,Config 3: Exp15 1-16,text,true,,231,158,405,405,http://localhost:8079/?token=518504778&user=-1355064518&config=3,18713,0,0
1777970295375,18716,HTTP Request,200,OK,Config 3: Exp15 1-2,text,true,,231,158,405,405,http://localhost:8079/?token=518504778&user=-1355064518&config=3,18716,0,0
1777970295378,18713,HTTP Request,200,OK,Config 3: Exp15 1-99,text,true,,231,158,405,405,http://localhost:8079/?token=518504778&user=-1355064518&config=3,18713,0,0
1777970295376,18715,HTTP Request,200,OK,Config 3: Exp15 1-141,text,true,,231,158,405,405,http://localhost:8079/?token=518504778&user=-1355064518&config=3,18715,0,0
1777970295376,18715,HTTP Request,200,OK,Config 3: Exp15 1-14,text,true,,231,158,405,405,http://localhost:8079/?token=518504778&user=-1355064518&config=3,18715,0,0
1777970295375,18719,HTTP Request,200,OK,Config 3: Exp15 1-45,text,true,,231,158,405,405,http://localhost:8079/?token=518504778&user=-1355064518&config=3,18719,0,0
1777970295375,18719,HTTP Request,200,OK,Config 3: Exp15 1-46,text,true,,231,158,405,405,http://localhost:8079/?token=518504778&user=-1355064518&config=3,18719,0,0
1777970295375,18719,HTTP Request,200,OK,Config 3: Exp15 1-29,text,true,,231,158,405,405,http://localhost:8079/?token=518504778&user=-1355064518&config=3,18719,0,0
1777970295375,18719,HTTP Request,200,OK,Config 3: Exp15 1-266,text,true,,231,158,405,405,http://localhost:8079/?token=518504778&user=-1355064518&config=3,18719,0,0
1777970295375,18719,HTTP Request,200,OK,Config 3: Exp15 1-268,text,true,,231,158,405,405,http://localhost:8079/?token=518504778&user=-1355064518&config=3,18719,0,0
1777970295376,18718,HTTP Request,200,OK,Config 3: Exp15 1-227,text,true,,231,158,405,405,http://localhost:8079/?token=518504778&user=-1355064518&config=3,18718,0,0
1777970295376,18718,HTTP Request,200,OK,Config 3: Exp15 1-142,text,true,,231,158,405,405,http://localhost:8079/?token=518504778&user=-1355064518&config=3,18718,0,0
1777970295375,18719,HTTP Request,200,OK,Config 3: Exp15 1-159,text,true,,231,158,405,405,http://localhost:8079/?token=518504778&user=-1355064518&config=3,18719,0,0
1777970295375,18719,HTTP Request,200,OK,Config 3: Exp15 1-177,text,true,,231,158,405,405,http://localhost:8079/?token=518504778&user=-1355064518&config=3,18719,0,0
1777970295377,19500,HTTP Request,200,OK,Config 3: Exp15 1-65,text,true,,231,158,405,405,http://localhost:8079/?token=518504778&user=-1355064518&config=3,19500,0,0
1777970295377,19500,HTTP Request,200,OK,Config 3: Exp15 1-40,text,true,,231,158,405,405,http://localhost:8079/?token=518504778&user=-1355064518&config=3,19500,0,0
1777970295376,19501,HTTP Request,200,OK,Config 3: Exp15 1-5,text,true,,231,158,405,405,http://localhost:8079/?token=518504778&user=-1355064518&config=3,19501,0,0
1777970295375,19502,HTTP Request,200,OK,Config 3: Exp15 1-163,text,true,,231,158,405,405,http://localhost:8079/?token=518504778&user=-1355064518&config=3,19502,0,0
1777970295376,19501,HTTP Request,200,OK,Config 3: Exp15 1-153,text,true,,231,158,405,405,http://localhost:8079/?token=518504778&user=-1355064518&config=3,19501,0,0
1777970293177,22825,HTTP Request,200,OK,Config 3: Exp15 1-322,text,true,,231,158,405,405,http://localhost:8079/?token=518504778&user=-1355064518&config=3,22825,0,0
1777970295815,20187,HTTP Request,200,OK,Config 3: Exp15 1-295,text,true,,231,158,405,405,http://localhost:8079/?token=518504778&user=-1355064518&config=3,20187,0,0
1777970295311,20691,HTTP Request,200,OK,Config 3: Exp15 1-231,text,true,,231,158,405,405,http://localhost:8079/?token=518504778&user=-1355064518&config=3,20691,0,0
1777970293179,22823,HTTP Request,200,OK,Config 3: Exp15 1-351,text,true,,231,158,405,405,http://localhost:8079/?token=518504778&user=-1355064518&config=3,22823,0,0
1777970295815,20187,HTTP Request,200,OK,Config 3: Exp15 1-343,text,true,,231,158,405,405,http://localhost:8079/?token=518504778&user=-1355064518&config=3,20187,0,0
1777970293181,22821,HTTP Request,200,OK,Config 3: Exp15 1-350,text,true,,231,158,405,405,http://localhost:8079/?token=518504778&user=-1355064518&config=3,22821,0,0
1777970293762,22240,HTTP Request,200,OK,Config 3: Exp15 1-375,text,true,,231,158,405,405,http://localhost:8079/?token=518504778&user=-1355064518&config=3,22240,0,0
1777970294255,21747,HTTP Request,200,OK,Config 3: Exp15 1-376,text,true,,231,158,405,405,http://localhost:8079/?token=518504778&user=-1355064518&config=3,21747,0,0
1777970295311,20691,HTTP Request,200,OK,Config 3: Exp15 1-87,text,true,,231,158,405,405,http://localhost:8079/?token=518504778&user=-1355064518&config=3,20691,0,0
1777970293267,22735,HTTP Request,200,OK,Config 3: Exp15 1-374,text,true,,231,158,405,405,http://localhost:8079/?token=518504778&user=-1355064518&config=3,22735,0,0
1777970295381,20621,HTTP Request,200,OK,Config 3: Exp15 1-68,text,true,,231,158,405,405,http://localhost:8079/?token=518504778&user=-1355064518&config=3,20621,0,0
1777970295815,20187,HTTP Request,200,OK,Config 3: Exp15 1-321,text,true,,231,158,405,405,http://localhost:8079/?token=518504778&user=-1355064518&config=3,20187,0,0
1777970295815,20188,HTTP Request,200,OK,Config 3: Exp15 1-175,text,true,,231,158,405,405,http://localhost:8079/?token=518504778&user=-1355064518&config=3,20188,0,0
1777970295381,20622,HTTP Request,200,OK,Config 3: Exp15 1-52,text,true,,231,158,405,405,http://localhost:8079/?token=518504778&user=-1355064518&config=3,20622,0,0
1777970295815,20188,HTTP Request,200,OK,Config 3: Exp15 1-55,text,true,,231,158,405,405,http://localhost:8079/?token=518504778&user=-1355064518&config=3,20188,0,0
1777970295381,20622,HTTP Request,200,OK,Config 3: Exp15 1-73,text,true,,231,158,405,405,http://localhost:8079/?token=518504778&user=-1355064518&config=3,20622,0,0
1777970295815,20188,HTTP Request,200,OK,Config 3: Exp15 1-344,text,true,,231,158,405,405,http://localhost:8079/?token=518504778&user=-1355064518&config=3,20188,0,0
1777970295381,20622,HTTP Request,200,OK,Config 3: Exp15 1-60,text,true,,231,158,405,405,http://localhost:8079/?token=518504778&user=-1355064518&config=3,20622,0,0
1777970295815,20188,HTTP Request,200,OK,Config 3: Exp15 1-345,text,true,,231,158,405,405,http://localhost:8079/?token=518504778&user=-1355064518&config=3,20188,0,0
1777970295815,20188,HTTP Request,200,OK,Config 3: Exp15 1-347,text,true,,231,158,405,405,http://localhost:8079/?token=518504778&user=-1355064518&config=3,20188,0,0
1777970295815,20188,HTTP Request,200,OK,Config 3: Exp15 1-346,text,true,,231,158,405,405,http://localhost:8079/?token=518504778&user=-1355064518&config=3,20188,0,0
1777970295815,20188,HTTP Request,200,OK,Config 3: Exp15 1-348,text,true,,231,158,405,405,http://localhost:8079/?token=518504778&user=-1355064518&config=3,20188,0,0
1777970295815,20188,HTTP Request,200,OK,Config 3: Exp15 1-349,text,true,,231,158,405,405,http://localhost:8079/?token=518504778&user=-1355064518&config=3,20188,0,0
1777970295378,20625,HTTP Request,200,OK,Config 3: Exp15 1-56,text,true,,231,158,405,405,http://localhost:8079/?token=518504778&user=-1355064518&config=3,20625,0,0
1777970295815,20188,HTTP Request,200,OK,Config 3: Exp15 1-72,text,true,,231,158,405,405,http://localhost:8079/?token=518504778&user=-1355064518&config=3,20188,0,0
1777970295815,20188,HTTP Request,200,OK,Config 3: Exp15 1-54,text,true,,231,158,405,405,http://localhost:8079/?token=518504778&user=-1355064518&config=3,20188,0,0
1777970291932,24071,HTTP Request,200,OK,Config 3: Exp15 1-229,text,true,,231,158,405,405,http://localhost:8079/?token=518504778&user=-1355064518&config=3,24071,0,1
1777970291932,24071,HTTP Request,200,OK,Config 3: Exp15 1-230,text,true,,231,158,405,405,http://localhost:8079/?token=518504778&user=-1355064518&config=3,24071,0,1
1777970291932,24071,HTTP Request,200,OK,Config 3: Exp15 1-92,text,true,,231,158,405,405,http://localhost:8079/?token=518504778&user=-1355064518&config=3,24071,0,1
1777970295381,20622,HTTP Request,200,OK,Config 3: Exp15 1-94,text,true,,231,158,405,405,http://localhost:8079/?token=518504778&user=-1355064518&config=3,20622,0,0
1777970295815,20188,HTTP Request,200,OK,Config 3: Exp15 1-137,text,true,,231,158,405,405,http://localhost:8079/?token=518504778&user=-1355064518&config=3,20188,0,0
1777970295377,20626,HTTP Request,200,OK,Config 3: Exp15 1-155,text,true,,231,158,405,405,http://localhost:8079/?token=518504778&user=-1355064518&config=3,20626,0,0
1777970295381,20622,HTTP Request,200,OK,Config 3: Exp15 1-147,text,true,,231,158,405,405,http://localhost:8079/?token=518504778&user=-1355064518&config=3,20622,0,0
1777970295378,20625,HTTP Request,200,OK,Config 3: Exp15 1-286,text,true,,231,158,405,405,http://localhost:8079/?token=518504778&user=-1355064518&config=3,20625,0,0
1777970295378,20625,HTTP Request,200,OK,Config 3: Exp15 1-32,text,true,,231,158,405,405,http://localhost:8079/?token=518504778&user=-1355064518&config=3,20625,0,0
1777970295378,20625,HTTP Request,200,OK,Config 3: Exp15 1-149,text,true,,231,158,405,405,http://localhost:8079/?token=518504778&user=-1355064518&config=3,20625,0,0
1777970295381,20622,HTTP Request,200,OK,Config 3: Exp15 1-23,text,true,,231,158,405,405,http://localhost:8079/?token=518504778&user=-1355064518&config=3,20622,0,0
1777970295815,20188,HTTP Request,200,OK,Config 3: Exp15 1-157,text,true,,231,158,405,405,http://localhost:8079/?token=518504778&user=-1355064518&config=3,20188,0,0
1777970295815,20188,HTTP Request,200,OK,Config 3: Exp15 1-156,text,true,,231,158,405,405,http://localhost:8079/?token=518504778&user=-1355064518&config=3,20188,0,0
1777970295378,20625,HTTP Request,200,OK,Config 3: Exp15 1-144,text,true,,231,158,405,405,http://localhost:8079/?token=518504778&user=-1355064518&config=3,20625,0,0
1777970295381,20622,HTTP Request,200,OK,Config 3: Exp15 1-9,text,true,,231,158,405,405,http://localhost:8079/?token=518504778&user=-1355064518&config=3,20622,0,0
1777970295377,20626,HTTP Request,200,OK,Config 3: Exp15 1-10,text,true,,231,158,405,405,http://localhost:8079/?token=518504778&user=-1355064518&config=3,20626,0,0
1777970295378,20625,HTTP Request,200,OK,Config 3: Exp15 1-143,text,true,,231,158,405,405,http://localhost:8079/?token=518504778&user=-1355064518&config=3,20625,0,0
1777970295377,20626,HTTP Request,200,OK,Config 3: Exp15 1-11,text,true,,231,158,405,405,http://localhost:8079/?token=518504778&user=-1355064518&config=3,20626,0,0
1777970295381,20622,HTTP Request,200,OK,Config 3: Exp15 1-148,text,true,,231,158,405,405,http://localhost:8079/?token=518504778&user=-1355064518&config=3,20622,0,0
1777970291933,24070,HTTP Request,200,OK,Config 3: Exp15 1-82,text,true,,231,158,405,405,http://localhost:8079/?token=518504778&user=-1355064518&config=3,24070,0,0
1777970291933,24070,HTTP Request,200,OK,Config 3: Exp15 1-85,text,true,,231,158,405,405,http://localhost:8079/?token=518504778&user=-1355064518&config=3,24070,0,0
1777970291933,24070,HTTP Request,200,OK,Config 3: Exp15 1-96,text,true,,231,158,405,405,http://localhost:8079/?token=518504778&user=-1355064518&config=3,24070,0,0
1777970291933,24070,HTTP Request,200,OK,Config 3: Exp15 1-75,text,true,,231,158,405,405,http://localhost:8079/?token=518504778&user=-1355064518&config=3,24070,0,0
1777970295816,20187,HTTP Request,200,OK,Config 3: Exp15 1-12,text,true,,231,158,405,405,http://localhost:8079/?token=518504778&user=-1355064518&config=3,20187,0,0
1777970291933,24070,HTTP Request,200,OK,Config 3: Exp15 1-84,text,true,,231,158,405,405,http://localhost:8079/?token=518504778&user=-1355064518&config=3,24070,0,0
1777970295378,20625,HTTP Request,200,OK,Config 3: Exp15 1-287,text,true,,231,158,405,405,http://localhost:8079/?token=518504778&user=-1355064518&config=3,20625,0,0
1777970295381,20622,HTTP Request,200,OK,Config 3: Exp15 1-26,text,true,,231,158,405,405,http://localhost:8079/?token=518504778&user=-1355064518&config=3,20622,0,0
1777970295816,20187,HTTP Request,200,OK,Config 3: Exp15 1-193,text,true,,231,158,405,405,http://localhost:8079/?token=518504778&user=-1355064518&config=3,20187,0,0
1777970295816,20188,HTTP Request,200,OK,Config 3: Exp15 1-67,text,true,,231,158,405,405,http://localhost:8079/?token=518504778&user=-1355064518&config=3,20188,0,0
1777970295816,20188,HTTP Request,200,OK,Config 3: Exp15 1-78,text,true,,231,158,405,405,http://localhost:8079/?token=518504778&user=-1355064518&config=3,20188,0,0
1777970295816,20188,HTTP Request,200,OK,Config 3: Exp15 1-154,text,true,,231,158,405,405,http://localhost:8079/?token=518504778&user=-1355064518&config=3,20188,0,0
1777970295816,20188,HTTP Request,200,OK,Config 3: Exp15 1-86,text,true,,231,158,405,405,http://localhost:8079/?token=518504778&user=-1355064518&config=3,20188,0,0
1777970295816,20188,HTTP Request,200,OK,Config 3: Exp15 1-97,text,true,,231,158,405,405,http://localhost:8079/?token=518504778&user=-1355064518&config=3,20188,0,0
1777970295816,20188,HTTP Request,200,OK,Config 3: Exp15 1-93,text,true,,231,158,405,405,http://localhost:8079/?token=518504778&user=-1355064518&config=3,20188,0,0
1777970295816,20188,HTTP Request,200,OK,Config 3: Exp15 1-64,text,true,,231,158,405,405,http://localhost:8079/?token=518504778&user=-1355064518&config=3,20188,0,0
1777970295816,20188,HTTP Request,200,OK,Config 3: Exp15 1-138,text,true,,231,158,405,405,http://localhost:8079/?token=518504778&user=-1355064518&config=3,20188,0,0
1777970295816,20188,HTTP Request,200,OK,Config 3: Exp15 1-41,text,true,,231,158,405,405,http://localhost:8079/?token=518504778&user=-1355064518&config=3,20188,0,0
1777970295816,20188,HTTP Request,200,OK,Config 3: Exp15 1-342,text,true,,231,158,405,405,http://localhost:8079/?token=518504778&user=-1355064518&config=3,20188,0,0
1777970295816,20188,HTTP Request,200,OK,Config 3: Exp15 1-200,text,true,,231,158,405,405,http://localhost:8079/?token=518504778&user=-1355064518&config=3,20188,0,0
1777970295816,20188,HTTP Request,200,OK,Config 3: Exp15 1-15,text,true,,231,158,405,405,http://localhost:8079/?token=518504778&user=-1355064518&config=3,20188,0,0
1777970295816,20188,HTTP Request,200,OK,Config 3: Exp15 1-194,text,true,,231,158,405,405,http://localhost:8079/?token=518504778&user=-1355064518&config=3,20188,0,0
1777970295816,20188,HTTP Request,200,OK,Config 3: Exp15 1-51,text,true,,231,158,405,405,http://localhost:8079/?token=518504778&user=-1355064518&config=3,20188,0,0
1777970295816,20188,HTTP Request,200,OK,Config 3: Exp15 1-39,text,true,,231,158,405,405,http://localhost:8079/?token=518504778&user=-1355064518&config=3,20188,0,0
1777970295816,20188,HTTP Request,200,OK,Config 3: Exp15 1-136,text,true,,231,158,405,405,http://localhost:8079/?token=518504778&user=-1355064518&config=3,20188,0,0
1777970295817,20187,HTTP Request,200,OK,Config 3: Exp15 1-61,text,true,,231,158,405,405,http://localhost:8079/?token=518504778&user=-1355064518&config=3,20187,0,0
1777970295817,20187,HTTP Request,200,OK,Config 3: Exp15 1-74,text,true,,231,158,405,405,http://localhost:8079/?token=518504778&user=-1355064518&config=3,20187,0,0
1777970295816,20188,HTTP Request,200,OK,Config 3: Exp15 1-59,text,true,,231,158,405,405,http://localhost:8079/?token=518504778&user=-1355064518&config=3,20188,0,0
1777970295816,20188,HTTP Request,200,OK,Config 3: Exp15 1-19,text,true,,231,158,405,405,http://localhost:8079/?token=518504778&user=-1355064518&config=3,20188,0,0
1777970291933,24071,HTTP Request,200,OK,Config 3: Exp15 1-95,text,true,,231,158,405,405,http://localhost:8079/?token=518504778&user=-1355064518&config=3,24071,0,1
1777970291934,24070,HTTP Request,200,OK,Config 3: Exp15 1-145,text,true,,231,158,405,405,http://localhost:8079/?token=518504778&user=-1355064518&config=3,24070,0,0
1777970291934,24070,HTTP Request,200,OK,Config 3: Exp15 1-123,text,true,,231,158,405,405,http://localhost:8079/?token=518504778&user=-1355064518&config=3,24070,0,0
1777970291934,24070,HTTP Request,200,OK,Config 3: Exp15 1-109,text,true,,231,158,405,405,http://localhost:8079/?token=518504778&user=-1355064518&config=3,24070,0,0
1777970291934,24070,HTTP Request,200,OK,Config 3: Exp15 1-187,text,true,,231,158,405,405,http://localhost:8079/?token=518504778&user=-1355064518&config=3,24070,0,0
1777970291933,24071,HTTP Request,200,OK,Config 3: Exp15 1-79,text,true,,231,158,405,405,http://localhost:8079/?token=518504778&user=-1355064518&config=3,24071,0,1
1777970291934,24070,HTTP Request,200,OK,Config 3: Exp15 1-212,text,true,,231,158,405,405,http://localhost:8079/?token=518504778&user=-1355064518&config=3,24070,0,1
1777970291936,24068,HTTP Request,200,OK,Config 3: Exp15 1-101,text,true,,231,158,405,405,http://localhost:8079/?token=518504778&user=-1355064518&config=3,24068,0,0
1777970291934,24070,HTTP Request,200,OK,Config 3: Exp15 1-211,text,true,,231,158,405,405,http://localhost:8079/?token=518504778&user=-1355064518&config=3,24070,0,1
1777970291936,24068,HTTP Request,200,OK,Config 3: Exp15 1-88,text,true,,231,158,405,405,http://localhost:8079/?token=518504778&user=-1355064518&config=3,24068,0,0
1777970291936,24068,HTTP Request,200,OK,Config 3: Exp15 1-233,text,true,,231,158,405,405,http://localhost:8079/?token=518504778&user=-1355064518&config=3,24068,0,0
1777970291936,24068,HTTP Request,200,OK,Config 3: Exp15 1-91,text,true,,231,158,405,405,http://localhost:8079/?token=518504778&user=-1355064518&config=3,24068,0,0
1777970291936,24068,HTTP Request,200,OK,Config 3: Exp15 1-239,text,true,,231,158,405,405,http://localhost:8079/?token=518504778&user=-1355064518&config=3,24068,0,0
1777970292280,23724,HTTP Request,200,OK,Config 3: Exp15 1-372,text,true,,231,158,405,405,http://localhost:8079/?token=518504778&user=-1355064518&config=3,23724,0,0
1777970292773,23519,HTTP Request,200,OK,Config 3: Exp15 1-373,text,true,,231,158,405,405,http://localhost:8079/?token=518504778&user=-1355064518&config=3,23519,0,0
1777970291934,24358,HTTP Request,200,OK,Config 3: Exp15 1-83,text,true,,231,158,405,405,http://localhost:8079/?token=518504778&user=-1355064518&config=3,24358,0,1
1777970291934,24358,HTTP Request,200,OK,Config 3: Exp15 1-213,text,true,,231,158,405,405,http://localhost:8079/?token=518504778&user=-1355064518&config=3,24358,0,0
1777970291936,24356,HTTP Request,200,OK,Config 3: Exp15 1-102,text,true,,231,158,405,405,http://localhost:8079/?token=518504778&user=-1355064518&config=3,24356,0,0
1777970291937,24355,HTTP Request,200,OK,Config 3: Exp15 1-242,text,true,,231,158,405,405,http://localhost:8079/?token=518504778&user=-1355064518&config=3,24355,0,0
1777970299614,16679,HTTP Request,500,Internal Server Error,Config 3: Exp15 1-293,text,false,,233,158,405,405,http://localhost:8079/?token=518504778&user=-1355064518&config=3,16679,0,0
1777970297714,18580,HTTP Request,200,OK,Config 3: Exp15 1-383,text,true,,231,158,405,405,http://localhost:8079/?token=518504778&user=-1355064518&config=3,18580,0,0
1777970293764,22530,HTTP Request,200,OK,Config 3: Exp15 1-90,text,true,,231,158,405,405,http://localhost:8079/?token=518504778&user=-1355064518&config=3,22530,0,0
1777970299614,16679,HTTP Request,500,Internal Server Error,Config 3: Exp15 1-329,text,false,,233,158,405,405,http://localhost:8079/?token=518504778&user=-1355064518&config=3,16679,0,0
1777970299614,16679,HTTP Request,500,Internal Server Error,Config 3: Exp15 1-328,text,false,,233,158,405,405,http://localhost:8079/?token=518504778&user=-1355064518&config=3,16679,0,0
1777970293207,23087,HTTP Request,200,OK,Config 3: Exp15 1-352,text,true,,231,158,405,405,http://localhost:8079/?token=518504778&user=-1355064518&config=3,23087,0,0
1777970299614,16679,HTTP Request,500,Internal Server Error,Config 3: Exp15 1-325,text,false,,233,158,405,405,http://localhost:8079/?token=518504778&user=-1355064518&config=3,16679,0,0
1777970295243,21051,HTTP Request,200,OK,Config 3: Exp15 1-378,text,true,,231,158,405,405,http://localhost:8079/?token=518504778&user=-1355064518&config=3,21051,0,1
1777970299614,16679,HTTP Request,500,Internal Server Error,Config 3: Exp15 1-294,text,false,,233,158,405,405,http://localhost:8079/?token=518504778&user=-1355064518&config=3,16679,0,0
1777970299614,16679,HTTP Request,500,Internal Server Error,Config 3: Exp15 1-291,text,false,,233,158,405,405,http://localhost:8079/?token=518504778&user=-1355064518&config=3,16679,0,0
1777970295311,20983,HTTP Request,200,OK,Config 3: Exp15 1-89,text,true,,231,158,405,405,http://localhost:8079/?token=518504778&user=-1355064518&config=3,20983,0,0
1777970295311,20983,HTTP Request,200,OK,Config 3: Exp15 1-240,text,true,,231,158,405,405,http://localhost:8079/?token=518504778&user=-1355064518&config=3,20983,0,0
1777970295311,20983,HTTP Request,200,OK,Config 3: Exp15 1-100,text,true,,231,158,405,405,http://localhost:8079/?token=518504778&user=-1355064518&config=3,20983,0,0
1777970294749,21545,HTTP Request,200,OK,Config 3: Exp15 1-377,text,true,,231,158,405,405,http://localhost:8079/?token=518504778&user=-1355064518&config=3,21545,0,1
1777970295311,20983,HTTP Request,200,OK,Config 3: Exp15 1-241,text,true,,231,158,405,405,http://localhost:8079/?token=518504778&user=-1355064518&config=3,20983,0,0
1777970297220,19074,HTTP Request,200,OK,Config 3: Exp15 1-382,text,true,,231,158,405,405,http://localhost:8079/?token=518504778&user=-1355064518&config=3,19074,0,1
1777970295815,20479,HTTP Request,200,OK,Config 3: Exp15 1-98,text,true,,231,158,405,405,http://localhost:8079/?token=518504778&user=-1355064518&config=3,20479,0,0
1777970295737,20557,HTTP Request,200,OK,Config 3: Exp15 1-379,text,true,,231,158,405,405,http://localhost:8079/?token=518504778&user=-1355064518&config=3,20557,0,1
1777970295375,20919,HTTP Request,200,OK,Config 3: Exp15 1-80,text,true,,231,158,405,405,http://localhost:8079/?token=518504778&user=-1355064518&config=3,20919,0,0
1777970297926,18368,HTTP Request,200,OK,Config 3: Exp15 1-77,text,true,,231,158,405,405,http://localhost:8079/?token=518504778&user=-1355064518&config=3,18368,0,0
1777970296232,20062,HTTP Request,200,OK,Config 3: Exp15 1-380,text,true,,231,158,405,405,http://localhost:8079/?token=518504778&user=-1355064518&config=3,20062,0,0
1777970296735,19559,HTTP Request,200,OK,Config 3: Exp15 1-381,text,true,,231,158,405,405,http://localhost:8079/?token=518504778&user=-1355064518&config=3,19559,0,1
1777970299614,16679,HTTP Request,500,Internal Server Error,Config 3: Exp15 1-290,text,false,,233,158,405,405,http://localhost:8079/?token=518504778&user=-1355064518&config=3,16679,0,0
1777970299614,16679,HTTP Request,500,Internal Server Error,Config 3: Exp15 1-360,text,false,,233,158,405,405,http://localhost:8079/?token=518504778&user=-1355064518&config=3,16679,0,0
1777970299614,16679,HTTP Request,500,Internal Server Error,Config 3: Exp15 1-358,text,false,,233,158,405,405,http://localhost:8079/?token=518504778&user=-1355064518&config=3,16679,0,0
1777970298134,18161,HTTP Request,200,OK,Config 3: Exp15 1-219,text,true,,231,158,405,405,http://localhost:8079/?token=518504778&user=-1355064518&config=3,18161,0,0
1777970297926,18369,HTTP Request,200,OK,Config 3: Exp15 1-311,text,true,,231,158,405,405,http://localhost:8079/?token=518504778&user=-1355064518&config=3,18369,0,0
1777970298134,18161,HTTP Request,200,OK,Config 3: Exp15 1-120,text,true,,231,158,405,405,http://localhost:8079/?token=518504778&user=-1355064518&config=3,18161,0,0
1777970297926,18369,HTTP Request,200,OK,Config 3: Exp15 1-276,text,true,,231,158,405,405,http://localhost:8079/?token=518504778&user=-1355064518&config=3,18369,0,0
1777970298143,18152,HTTP Request,200,OK,Config 3: Exp15 1-251,text,true,,231,158,405,405,http://localhost:8079/?token=518504778&user=-1355064518&config=3,18152,0,0
1777970298134,18161,HTTP Request,200,OK,Config 3: Exp15 1-62,text,true,,231,158,405,405,http://localhost:8079/?token=518504778&user=-1355064518&config=3,18161,0,0
1777970299614,16987,HTTP Request,200,OK,Config 3: Exp15 1-362,text,true,,231,158,405,405,http://localhost:8079/?token=518504778&user=-1355064518&config=3,16987,0,0
1777970299615,16986,HTTP Request,200,OK,Config 3: Exp15 1-366,text,true,,231,158,405,405,http://localhost:8079/?token=518504778&user=-1355064518&config=3,16986,0,0
1777970299615,16986,HTTP Request,200,OK,Config 3: Exp15 1-330,text,true,,231,158,405,405,http://localhost:8079/?token=518504778&user=-1355064518&config=3,16986,0,0
1777970299615,16986,HTTP Request,200,OK,Config 3: Exp15 1-182,text,true,,231,158,405,405,http://localhost:8079/?token=518504778&user=-1355064518&config=3,16986,0,0
1777970299615,16986,HTTP Request,200,OK,Config 3: Exp15 1-364,text,true,,231,158,405,405,http://localhost:8079/?token=518504778&user=-1355064518&config=3,16986,0,0
1777970299615,16986,HTTP Request,200,OK,Config 3: Exp15 1-365,text,true,,231,158,405,405,http://localhost:8079/?token=518504778&user=-1355064518&config=3,16986,0,0
1777970299615,16986,HTTP Request,200,OK,Config 3: Exp15 1-334,text,true,,231,158,405,405,http://localhost:8079/?token=518504778&user=-1355064518&config=3,16986,0,0
1777970299614,16987,HTTP Request,200,OK,Config 3: Exp15 1-361,text,true,,231,158,405,405,http://localhost:8079/?token=518504778&user=-1355064518&config=3,16987,0,0
1777970299615,16986,HTTP Request,200,OK,Config 3: Exp15 1-332,text,true,,231,158,405,405,http://localhost:8079/?token=518504778&user=-1355064518&config=3,16986,0,0
1777970299615,16986,HTTP Request,200,OK,Config 3: Exp15 1-363,text,true,,231,158,405,405,http://localhost:8079/?token=518504778&user=-1355064518&config=3,16986,0,0
1777970299615,16986,HTTP Request,200,OK,Config 3: Exp15 1-181,text,true,,231,158,405,405,http://localhost:8079/?token=518504778&user=-1355064518&config=3,16986,0,0
1777970299615,16986,HTTP Request,200,OK,Config 3: Exp15 1-367,text,true,,231,158,405,405,http://localhost:8079/?token=518504778&user=-1355064518&config=3,16986,0,0
1777970299615,16986,HTTP Request,200,OK,Config 3: Exp15 1-333,text,true,,231,158,405,405,http://localhost:8079/?token=518504778&user=-1355064518&config=3,16986,0,0
1777970299614,17321,HTTP Request,200,OK,Config 3: Exp15 1-327,text,true,,231,158,405,405,http://localhost:8079/?token=518504778&user=-1355064518&config=3,17321,0,0
1777970299195,17741,HTTP Request,200,OK,Config 3: Exp15 1-386,text,true,,231,158,405,405,http://localhost:8079/?token=518504778&user=-1355064518&config=3,17740,0,0
1777970299614,17323,HTTP Request,200,OK,Config 3: Exp15 1-324,text,true,,231,158,405,405,http://localhost:8079/?token=518504778&user=-1355064518&config=3,17323,0,0
1777970299614,17323,HTTP Request,200,OK,Config 3: Exp15 1-359,text,true,,231,158,405,405,http://localhost:8079/?token=518504778&user=-1355064518&config=3,17323,0,0
1777970299614,17323,HTTP Request,200,OK,Config 3: Exp15 1-326,text,true,,231,158,405,405,http://localhost:8079/?token=518504778&user=-1355064518&config=3,17323,0,0
1777970299615,17327,HTTP Request,200,OK,Config 3: Exp15 1-183,text,true,,231,158,405,405,http://localhost:8079/?token=518504778&user=-1355064518&config=3,17327,0,0
1777970299615,17327,HTTP Request,200,OK,Config 3: Exp15 1-331,text,true,,231,158,405,405,http://localhost:8079/?token=518504778&user=-1355064518&config=3,17327,0,0
1777970299615,17327,HTTP Request,200,OK,Config 3: Exp15 1-185,text,true,,231,158,405,405,http://localhost:8079/?token=518504778&user=-1355064518&config=3,17327,0,0
1777970299615,17327,HTTP Request,200,OK,Config 3: Exp15 1-370,text,true,,231,158,405,405,http://localhost:8079/?token=518504778&user=-1355064518&config=3,17327,0,0
1777970299615,17327,HTTP Request,200,OK,Config 3: Exp15 1-58,text,true,,231,158,405,405,http://localhost:8079/?token=518504778&user=-1355064518&config=3,17327,0,0
1777970303146,14754,HTTP Request,200,OK,Config 3: Exp15 1-394,text,true,,231,158,405,405,http://localhost:8079/?token=518504778&user=-1355064518&config=3,14754,0,0
1777970303640,14260,HTTP Request,200,OK,Config 3: Exp15 1-395,text,true,,231,158,405,405,http://localhost:8079/?token=518504778&user=-1355064518&config=3,14260,0,0
1777970304629,13271,HTTP Request,200,OK,Config 3: Exp15 1-397,text,true,,231,158,405,405,http://localhost:8079/?token=518504778&user=-1355064518&config=3,13271,0,1
1777970305122,12779,HTTP Request,200,OK,Config 3: Exp15 1-398,text,true,,231,158,405,405,http://localhost:8079/?token=518504778&user=-1355064518&config=3,12779,0,1
1777970309328,8574,HTTP Request,200,OK,Config 3: Exp15 1-302,text,true,,231,158,405,405,http://localhost:8079/?token=518504778&user=-1355064518&config=3,8574,0,0
1777970309328,8574,HTTP Request,200,OK,Config 3: Exp15 1-303,text,true,,231,158,405,405,http://localhost:8079/?token=518504778&user=-1355064518&config=3,8574,0,0
1777970305616,12285,HTTP Request,200,OK,Config 3: Exp15 1-399,text,true,,231,158,405,405,http://localhost:8079/?token=518504778&user=-1355064518&config=3,12285,0,1
1777970304136,13765,HTTP Request,200,OK,Config 3: Exp15 1-396,text,true,,231,158,405,405,http://localhost:8079/?token=518504778&user=-1355064518&config=3,13765,0,0
1777970309328,8574,HTTP Request,200,OK,Config 3: Exp15 1-304,text,true,,231,158,405,405,http://localhost:8079/?token=518504778&user=-1355064518&config=3,8574,0,0
1777970306110,11791,HTTP Request,200,OK,Config 3: Exp15 1-400,text,true,,231,158,405,405,http://localhost:8079/?token=518504778&user=-1355064518&config=3,11791,0,1
1777970307099,10802,HTTP Request,200,OK,Config 3: Exp15 1-402,text,true,,231,158,405,405,http://localhost:8079/?token=518504778&user=-1355064518&config=3,10802,0,0
1777970306604,11297,HTTP Request,200,OK,Config 3: Exp15 1-401,text,true,,231,158,405,405,http://localhost:8079/?token=518504778&user=-1355064518&config=3,11297,0,1
1777970301048,17763,HTTP Request,200,OK,Config 3: Exp15 1-296,text,true,,231,158,405,405,http://localhost:8079/?token=518504778&user=-1355064518&config=3,17763,0,0
1777970301048,17763,HTTP Request,200,OK,Config 3: Exp15 1-298,text,true,,231,158,405,405,http://localhost:8079/?token=518504778&user=-1355064518&config=3,17763,0,0
1777970301047,17764,HTTP Request,200,OK,Config 3: Exp15 1-299,text,true,,231,158,405,405,http://localhost:8079/?token=518504778&user=-1355064518&config=3,17764,0,0
1777970301048,17763,HTTP Request,200,OK,Config 3: Exp15 1-297,text,true,,231,158,405,405,http://localhost:8079/?token=518504778&user=-1355064518&config=3,17763,0,0
1777970301047,17764,HTTP Request,200,OK,Config 3: Exp15 1-301,text,true,,231,158,405,405,http://localhost:8079/?token=518504778&user=-1355064518&config=3,17764,0,0
1777970300182,18629,HTTP Request,200,OK,Config 3: Exp15 1-388,text,true,,231,158,405,405,http://localhost:8079/?token=518504778&user=-1355064518&config=3,18629,0,1
1777970299689,19122,HTTP Request,200,OK,Config 3: Exp15 1-387,text,true,,231,158,405,405,http://localhost:8079/?token=518504778&user=-1355064518&config=3,19122,0,0
1777970301170,17641,HTTP Request,200,OK,Config 3: Exp15 1-390,text,true,,231,158,405,405,http://localhost:8079/?token=518504778&user=-1355064518&config=3,17641,0,1
1777970301048,17763,HTTP Request,200,OK,Config 3: Exp15 1-300,text,true,,231,158,405,405,http://localhost:8079/?token=518504778&user=-1355064518&config=3,17763,0,0
1777970300676,18135,HTTP Request,200,OK,Config 3: Exp15 1-389,text,true,,231,158,405,405,http://localhost:8079/?token=518504778&user=-1355064518&config=3,18135,0,1
1777970299615,19196,HTTP Request,200,OK,Config 3: Exp15 1-369,text,true,,231,158,405,405,http://localhost:8079/?token=518504778&user=-1355064518&config=3,19196,0,0
1777970302158,16653,HTTP Request,200,OK,Config 3: Exp15 1-392,text,true,,231,158,405,405,http://localhost:8079/?token=518504778&user=-1355064518&config=3,16653,0,1
1777970299615,19196,HTTP Request,200,OK,Config 3: Exp15 1-368,text,true,,231,158,405,405,http://localhost:8079/?token=518504778&user=-1355064518&config=3,19196,0,0
1777970301664,17147,HTTP Request,200,OK,Config 3: Exp15 1-391,text,true,,231,158,405,405,http://localhost:8079/?token=518504778&user=-1355064518&config=3,17147,0,1
1777970301047,17764,HTTP Request,200,OK,Config 3: Exp15 1-357,text,true,,231,158,405,405,http://localhost:8079/?token=518504778&user=-1355064518&config=3,17764,0,0
1777970302652,16159,HTTP Request,200,OK,Config 3: Exp15 1-393,text,true,,231,158,405,405,http://localhost:8079/?token=518504778&user=-1355064518&config=3,16159,0,0
1777970309461,9800,HTTP Request,200,OK,Config 3: Exp15 1-308,text,true,,231,158,405,405,http://localhost:8079/?token=518504778&user=-1355064518&config=3,9800,0,0
1777970309461,9800,HTTP Request,200,OK,Config 3: Exp15 1-307,text,true,,231,158,405,405,http://localhost:8079/?token=518504778&user=-1355064518&config=3,9800,0,0
1777970309461,9800,HTTP Request,200,OK,Config 3: Exp15 1-306,text,true,,231,158,405,405,http://localhost:8079/?token=518504778&user=-1355064518&config=3,9800,0,0
1777970309461,9800,HTTP Request,200,OK,Config 3: Exp15 1-305,text,true,,231,158,405,405,http://localhost:8079/?token=518504778&user=-1355064518&config=3,9800,0,0
1777970310531,14326,HTTP Request,200,OK,Config 3: Exp15 1-272,text,true,,231,158,405,405,http://localhost:8079/?token=518504778&user=-1355064518&config=3,14326,0,0
1777970310531,14332,HTTP Request,200,OK,Config 3: Exp15 1-223,text,true,,231,158,405,405,http://localhost:8079/?token=518504778&user=-1355064518&config=3,14332,0,0
1777970310531,14332,HTTP Request,200,OK,Config 3: Exp15 1-18,text,true,,231,158,405,405,http://localhost:8079/?token=518504778&user=-1355064518&config=3,14332,0,0
1777970310046,14817,HTTP Request,200,OK,Config 3: Exp15 1-134,text,true,,231,158,405,405,http://localhost:8079/?token=518504778&user=-1355064518&config=3,14817,0,0
1777970310531,14332,HTTP Request,200,OK,Config 3: Exp15 1-338,text,true,,231,158,405,405,http://localhost:8079/?token=518504778&user=-1355064518&config=3,14332,0,0
1777970310531,14332,HTTP Request,200,OK,Config 3: Exp15 1-69,text,true,,231,158,405,405,http://localhost:8079/?token=518504778&user=-1355064518&config=3,14332,0,0
1777970308086,17217,HTTP Request,200,OK,Config 3: Exp15 1-404,text,true,,231,158,405,405,http://localhost:8079/?token=518504778&user=-1355064518&config=3,17217,0,1
1777970309328,15976,HTTP Request,200,OK,Config 3: Exp15 1-158,text,true,,231,158,405,405,http://localhost:8079/?token=518504778&user=-1355064518&config=3,15976,0,1
1777970309328,15976,HTTP Request,200,OK,Config 3: Exp15 1-146,text,true,,231,158,405,405,http://localhost:8079/?token=518504778&user=-1355064518&config=3,15976,0,1
1777970308580,16723,HTTP Request,200,OK,Config 3: Exp15 1-405,text,true,,231,158,405,405,http://localhost:8079/?token=518504778&user=-1355064518&config=3,16723,0,1
1777970310532,14772,HTTP Request,200,OK,Config 3: Exp15 1-70,text,true,,231,158,405,405,http://localhost:8079/?token=518504778&user=-1355064518&config=3,14772,0,0
1777970310532,14772,HTTP Request,200,OK,Config 3: Exp15 1-336,text,true,,231,158,405,405,http://localhost:8079/?token=518504778&user=-1355064518&config=3,14772,0,0
1777970307592,17711,HTTP Request,200,OK,Config 3: Exp15 1-403,text,true,,231,158,405,405,http://localhost:8079/?token=518504778&user=-1355064518&config=3,17711,0,0
1777970310531,14773,HTTP Request,200,OK,Config 3: Exp15 1-57,text,true,,231,158,405,405,http://localhost:8079/?token=518504778&user=-1355064518&config=3,14773,0,0
1777970310531,14773,HTTP Request,200,OK,Config 3: Exp15 1-195,text,true,,231,158,405,405,http://localhost:8079/?token=518504778&user=-1355064518&config=3,14773,0,0
1777970310531,14773,HTTP Request,200,OK,Config 3: Exp15 1-214,text,true,,231,158,405,405,http://localhost:8079/?token=518504778&user=-1355064518&config=3,14773,0,0
1777970310531,14773,HTTP Request,200,OK,Config 3: Exp15 1-247,text,true,,231,158,405,405,http://localhost:8079/?token=518504778&user=-1355064518&config=3,14773,0,0
1777970310531,14773,HTTP Request,200,OK,Config 3: Exp15 1-190,text,true,,231,158,405,405,http://localhost:8079/?token=518504778&user=-1355064518&config=3,14773,0,0
1777970310867,14437,HTTP Request,200,OK,Config 3: Exp15 1-184,text,true,,231,158,405,405,http://localhost:8079/?token=518504778&user=-1355064518&config=3,14437,0,0
1777970310867,14437,HTTP Request,200,OK,Config 3: Exp15 1-164,text,true,,231,158,405,405,http://localhost:8079/?token=518504778&user=-1355064518&config=3,14437,0,0
1777970310867,14437,HTTP Request,200,OK,Config 3: Exp15 1-178,text,true,,231,158,405,405,http://localhost:8079/?token=518504778&user=-1355064518&config=3,14437,0,0
1777970310531,14773,HTTP Request,200,OK,Config 3: Exp15 1-162,text,true,,231,158,405,405,http://localhost:8079/?token=518504778&user=-1355064518&config=3,14773,0,0
1777970310867,14437,HTTP Request,200,OK,Config 3: Exp15 1-172,text,true,,231,158,405,405,http://localhost:8079/?token=518504778&user=-1355064518&config=3,14437,0,0
1777970310531,14773,HTTP Request,200,OK,Config 3: Exp15 1-189,text,true,,231,158,405,405,http://localhost:8079/?token=518504778&user=-1355064518&config=3,14773,0,0
1777970310867,14437,HTTP Request,200,OK,Config 3: Exp15 1-4,text,true,,231,158,405,405,http://localhost:8079/?token=518504778&user=-1355064518&config=3,14437,0,0
1777970310867,14437,HTTP Request,200,OK,Config 3: Exp15 1-179,text,true,,231,158,405,405,http://localhost:8079/?token=518504778&user=-1355064518&config=3,14437,0,0
1777970310531,14773,HTTP Request,200,OK,Config 3: Exp15 1-188,text,true,,231,158,405,405,http://localhost:8079/?token=518504778&user=-1355064518&config=3,14773,0,0
1777970310867,15349,HTTP Request,200,OK,Config 3: Exp15 1-165,text,true,,231,158,405,405,http://localhost:8079/?token=518504778&user=-1355064518&config=3,15349,0,0
1777970310867,15349,HTTP Request,200,OK,Config 3: Exp15 1-218,text,true,,231,158,405,405,http://localhost:8079/?token=518504778&user=-1355064518&config=3,15349,0,0
1777970310867,15349,HTTP Request,200,OK,Config 3: Exp15 1-71,text,true,,231,158,405,405,http://localhost:8079/?token=518504778&user=-1355064518&config=3,15349,0,0
1777970310867,15349,HTTP Request,200,OK,Config 3: Exp15 1-335,text,true,,231,158,405,405,http://localhost:8079/?token=518504778&user=-1355064518&config=3,15349,0,0
1777970310867,15349,HTTP Request,200,OK,Config 3: Exp15 1-152,text,true,,231,158,405,405,http://localhost:8079/?token=518504778&user=-1355064518&config=3,15349,0,0
1777970310867,15349,HTTP Request,200,OK,Config 3: Exp15 1-271,text,true,,231,158,405,405,http://localhost:8079/?token=518504778&user=-1355064518&config=3,15349,0,0
1777970313630,16389,HTTP Request,200,OK,Config 3: Exp15 1-337,text,true,,231,158,405,405,http://localhost:8079/?token=518504778&user=-1355064518&config=3,16389,0,0
1777970313630,16389,HTTP Request,200,OK,Config 3: Exp15 1-209,text,true,,231,158,405,405,http://localhost:8079/?token=518504778&user=-1355064518&config=3,16389,0,0
1777970310868,19151,HTTP Request,200,OK,Config 3: Exp15 1-42,text,true,,231,158,405,405,http://localhost:8079/?token=518504778&user=-1355064518&config=3,19151,0,0
1777970313629,16390,HTTP Request,200,OK,Config 3: Exp15 1-274,text,true,,231,158,405,405,http://localhost:8079/?token=518504778&user=-1355064518&config=3,16390,0,0
1777970309328,20692,HTTP Request,200,OK,Config 3: Exp15 1-139,text,true,,231,158,405,405,http://localhost:8079/?token=518504778&user=-1355064518&config=3,20692,0,1
1777970309425,20595,HTTP Request,200,OK,Config 3: Exp15 1-281,text,true,,231,158,405,405,http://localhost:8079/?token=518504778&user=-1355064518&config=3,20595,0,0
1777970313632,19985,HTTP Request,200,OK,Config 3: Exp15 1-315,text,true,,231,158,405,405,http://localhost:8079/?token=518504778&user=-1355064518&config=3,19985,0,0
1777970313630,19987,HTTP Request,200,OK,Config 3: Exp15 1-316,text,true,,231,158,405,405,http://localhost:8079/?token=518504778&user=-1355064518&config=3,19987,0,0
1777970313630,19987,HTTP Request,200,OK,Config 3: Exp15 1-309,text,true,,231,158,405,405,http://localhost:8079/?token=518504778&user=-1355064518&config=3,19987,0,0
1777970313632,19985,HTTP Request,200,OK,Config 3: Exp15 1-202,text,true,,231,158,405,405,http://localhost:8079/?token=518504778&user=-1355064518&config=3,19985,0,0
1777970313630,19987,HTTP Request,200,OK,Config 3: Exp15 1-210,text,true,,231,158,405,405,http://localhost:8079/?token=518504778&user=-1355064518&config=3,19987,0,0
1777970313631,19986,HTTP Request,200,OK,Config 3: Exp15 1-35,text,true,,231,158,405,405,http://localhost:8079/?token=518504778&user=-1355064518&config=3,19986,0,0
1777970313631,19986,HTTP Request,200,OK,Config 3: Exp15 1-37,text,true,,231,158,405,405,http://localhost:8079/?token=518504778&user=-1355064518&config=3,19986,0,0
1777970313631,19986,HTTP Request,200,OK,Config 3: Exp15 1-208,text,true,,231,158,405,405,http://localhost:8079/?token=518504778&user=-1355064518&config=3,19986,0,0
1777970313631,19986,HTTP Request,200,OK,Config 3: Exp15 1-275,text,true,,231,158,405,405,http://localhost:8079/?token=518504778&user=-1355064518&config=3,19986,0,0
1777970313631,19986,HTTP Request,200,OK,Config 3: Exp15 1-222,text,true,,231,158,405,405,http://localhost:8079/?token=518504778&user=-1355064518&config=3,19986,0,0
1777970313633,19984,HTTP Request,200,OK,Config 3: Exp15 1-174,text,true,,231,158,405,405,http://localhost:8079/?token=518504778&user=-1355064518&config=3,19984,0,0
1777970313633,19984,HTTP Request,200,OK,Config 3: Exp15 1-21,text,true,,231,158,405,405,http://localhost:8079/?token=518504778&user=-1355064518&config=3,19984,0,0
1777970313633,19984,HTTP Request,200,OK,Config 3: Exp15 1-53,text,true,,231,158,405,405,http://localhost:8079/?token=518504778&user=-1355064518&config=3,19984,0,0
1777970313632,19992,HTTP Request,200,OK,Config 3: Exp15 1-273,text,true,,231,158,405,405,http://localhost:8079/?token=518504778&user=-1355064518&config=3,19992,0,0
1777970313633,19991,HTTP Request,200,OK,Config 3: Exp15 1-66,text,true,,231,158,405,405,http://localhost:8079/?token=518504778&user=-1355064518&config=3,19991,0,0
1777970313631,19993,HTTP Request,200,OK,Config 3: Exp15 1-186,text,true,,231,158,405,405,http://localhost:8079/?token=518504778&user=-1355064518&config=3,19993,0,0
1777970313631,19993,HTTP Request,200,OK,Config 3: Exp15 1-206,text,true,,231,158,405,405,http://localhost:8079/?token=518504778&user=-1355064518&config=3,19993,0,0
1777970313632,19992,HTTP Request,200,OK,Config 3: Exp15 1-191,text,true,,231,158,405,405,http://localhost:8079/?token=518504778&user=-1355064518&config=3,19992,0,0
1777970313631,19993,HTTP Request,200,OK,Config 3: Exp15 1-192,text,true,,231,158,405,405,http://localhost:8079/?token=518504778&user=-1355064518&config=3,19993,0,0
1777970313633,19991,HTTP Request,200,OK,Config 3: Exp15 1-318,text,true,,231,158,405,405,http://localhost:8079/?token=518504778&user=-1355064518&config=3,19991,0,0
1777970313633,19991,HTTP Request,200,OK,Config 3: Exp15 1-317,text,true,,231,158,405,405,http://localhost:8079/?token=518504778&user=-1355064518&config=3,19991,0,0
1777970313633,19991,HTTP Request,200,OK,Config 3: Exp15 1-106,text,true,,231,158,405,405,http://localhost:8079/?token=518504778&user=-1355064518&config=3,19991,0,0
1777970313633,19991,HTTP Request,500,Internal Server Error,Config 3: Exp15 1-319,text,false,,233,158,405,405,http://localhost:8079/?token=518504778&user=-1355064518&config=3,19991,0,0
1777970313631,19993,HTTP Request,200,OK,Config 3: Exp15 1-205,text,true,,231,158,405,405,http://localhost:8079/?token=518504778&user=-1355064518&config=3,19993,0,0
1777970313631,19993,HTTP Request,200,OK,Config 3: Exp15 1-204,text,true,,231,158,405,405,http://localhost:8079/?token=518504778&user=-1355064518&config=3,19993,0,0
1777970314011,23116,HTTP Request,200,OK,Config 3: Exp15 1-167,text,true,,231,158,405,405,http://localhost:8079/?token=518504778&user=-1355064518&config=3,23116,0,0
1777970314025,23102,HTTP Request,500,Internal Server Error,Config 3: Exp15 1-340,text,false,,233,158,405,405,http://localhost:8079/?token=518504778&user=-1355064518&config=3,23102,0,0
1777970314022,23105,HTTP Request,500,Internal Server Error,Config 3: Exp15 1-48,text,false,,233,158,405,405,http://localhost:8079/?token=518504778&user=-1355064518&config=3,23105,0,0
1777970314011,23116,HTTP Request,500,Internal Server Error,Config 3: Exp15 1-226,text,false,,233,158,405,405,http://localhost:8079/?token=518504778&user=-1355064518&config=3,23116,0,0
1777970314011,23152,HTTP Request,500,Internal Server Error,Config 3: Exp15 1-36,text,false,,233,158,405,405,http://localhost:8079/?token=518504778&user=-1355064518&config=3,23152,0,0
1777970314029,23164,HTTP Request,500,Internal Server Error,Config 3: Exp15 1-38,text,false,,233,158,405,405,http://localhost:8079/?token=518504778&user=-1355064518&config=3,23164,0,0
1777970314029,23164,HTTP Request,500,Internal Server Error,Config 3: Exp15 1-170,text,false,,233,158,405,405,http://localhost:8079/?token=518504778&user=-1355064518&config=3,23164,0,0
1777970314029,23164,HTTP Request,500,Internal Server Error,Config 3: Exp15 1-312,text,false,,233,158,405,405,http://localhost:8079/?token=518504778&user=-1355064518&config=3,23164,0,0
1777970314029,23164,HTTP Request,500,Internal Server Error,Config 3: Exp15 1-1,text,false,,233,158,405,405,http://localhost:8079/?token=518504778&user=-1355064518&config=3,23164,0,0
1777970314088,23178,HTTP Request,500,Internal Server Error,Config 3: Exp15 1-31,text,false,,233,158,405,405,http://localhost:8079/?token=518504778&user=-1355064518&config=3,23178,0,0
1777970314068,23198,HTTP Request,500,Internal Server Error,Config 3: Exp15 1-28,text,false,,233,158,405,405,http://localhost:8079/?token=518504778&user=-1355064518&config=3,23198,0,0
1777970314029,23237,HTTP Request,500,Internal Server Error,Config 3: Exp15 1-49,text,false,,233,158,405,405,http://localhost:8079/?token=518504778&user=-1355064518&config=3,23237,0,0
1777970314089,23177,HTTP Request,500,Internal Server Error,Config 3: Exp15 1-314,text,false,,233,158,405,405,http://localhost:8079/?token=518504778&user=-1355064518&config=3,23177,0,0
1777970314088,23178,HTTP Request,500,Internal Server Error,Config 3: Exp15 1-34,text,false,,233,158,405,405,http://localhost:8079/?token=518504778&user=-1355064518&config=3,23178,0,0
1777970314089,23177,HTTP Request,500,Internal Server Error,Config 3: Exp15 1-30,text,false,,233,158,405,405,http://localhost:8079/?token=518504778&user=-1355064518&config=3,23177,0,0
1777970314089,23177,HTTP Request,500,Internal Server Error,Config 3: Exp15 1-50,text,false,,233,158,405,405,http://localhost:8079/?token=518504778&user=-1355064518&config=3,23177,0,0
1777970314032,23234,HTTP Request,500,Internal Server Error,Config 3: Exp15 1-27,text,false,,233,158,405,405,http://localhost:8079/?token=518504778&user=-1355064518&config=3,23234,0,0
1777970314090,23176,HTTP Request,500,Internal Server Error,Config 3: Exp15 1-16,text,false,,233,158,405,405,http://localhost:8079/?token=518504778&user=-1355064518&config=3,23176,0,0
1777970314032,23234,HTTP Request,500,Internal Server Error,Config 3: Exp15 1-33,text,false,,233,158,405,405,http://localhost:8079/?token=518504778&user=-1355064518&config=3,23234,0,0
1777970314090,23176,HTTP Request,500,Internal Server Error,Config 3: Exp15 1-99,text,false,,233,158,405,405,http://localhost:8079/?token=518504778&user=-1355064518&config=3,23176,0,0
1777970314032,23234,HTTP Request,500,Internal Server Error,Config 3: Exp15 1-43,text,false,,233,158,405,405,http://localhost:8079/?token=518504778&user=-1355064518&config=3,23234,0,0
1777970314068,23198,HTTP Request,500,Internal Server Error,Config 3: Exp15 1-171,text,false,,233,158,405,405,http://localhost:8079/?token=518504778&user=-1355064518&config=3,23198,0,0
1777970314088,23178,HTTP Request,500,Internal Server Error,Config 3: Exp15 1-22,text,false,,233,158,405,405,http://localhost:8079/?token=518504778&user=-1355064518&config=3,23178,0,0
1777970314089,23211,HTTP Request,500,Internal Server Error,Config 3: Exp15 1-47,text,false,,233,158,405,405,http://localhost:8079/?token=518504778&user=-1355064518&config=3,23211,0,0
1777970314093,23207,HTTP Request,500,Internal Server Error,Config 3: Exp15 1-45,text,false,,233,158,405,405,http://localhost:8079/?token=518504778&user=-1355064518&config=3,23207,0,0
1777970314093,23207,HTTP Request,500,Internal Server Error,Config 3: Exp15 1-46,text,false,,233,158,405,405,http://localhost:8079/?token=518504778&user=-1355064518&config=3,23207,0,0
1777970314093,23207,HTTP Request,500,Internal Server Error,Config 3: Exp15 1-29,text,false,,233,158,405,405,http://localhost:8079/?token=518504778&user=-1355064518&config=3,23207,0,0
1777970314090,23210,HTTP Request,500,Internal Server Error,Config 3: Exp15 1-2,text,false,,233,158,405,405,http://localhost:8079/?token=518504778&user=-1355064518&config=3,23210,0,0
1777970316002,30743,HTTP Request,Non HTTP response code: java.net.SocketException,Non HTTP response message: Socket closed,Config 3: Exp15 1-344,text,false,,2744,0,405,405,http://localhost:8079/?token=518504778&user=-1355064518&config=3,0,0,0
1777970313630,33116,HTTP Request,Non HTTP response code: java.net.SocketException,Non HTTP response message: Socket closed,Config 3: Exp15 1-261,text,false,,2744,0,405,405,http://localhost:8079/?token=518504778&user=-1355064518&config=3,0,0,1
1777970310868,35878,HTTP Request,Non HTTP response code: java.net.SocketException,Non HTTP response message: Socket closed,Config 3: Exp15 1-254,text,false,,2744,0,405,405,http://localhost:8079/?token=518504778&user=-1355064518&config=3,0,0,0
1777970316294,30451,HTTP Request,Non HTTP response code: java.net.SocketException,Non HTTP response message: Socket closed,Config 3: Exp15 1-358,text,false,,2744,0,405,405,http://localhost:8079/?token=518504778&user=-1355064518&config=3,0,0,0
1777970330019,16727,HTTP Request,Non HTTP response code: java.net.SocketException,Non HTTP response message: Socket closed,Config 3: Exp15 1-281,text,false,,2744,0,405,405,http://localhost:8079/?token=518504778&user=-1355064518&config=3,0,0,0
1777970314093,32652,HTTP Request,Non HTTP response code: java.net.SocketException,Non HTTP response message: Socket closed,Config 3: Exp15 1-268,text,false,,2744,0,405,405,http://localhost:8079/?token=518504778&user=-1355064518&config=3,0,0,1
1777970333616,13130,HTTP Request,Non HTTP response code: java.net.SocketException,Non HTTP response message: Socket closed,Config 3: Exp15 1-21,text,false,,2744,0,405,405,http://localhost:8079/?token=518504778&user=-1355064518&config=3,0,0,0
1777970316002,30744,HTTP Request,Non HTTP response code: java.net.SocketException,Non HTTP response message: Socket closed,Config 3: Exp15 1-157,text,false,,2744,0,405,405,http://localhost:8079/?token=518504778&user=-1355064518&config=3,0,0,1
1777970319260,27486,HTTP Request,Non HTTP response code: java.net.SocketException,Non HTTP response message: Socket closed,Config 3: Exp15 1-305,text,false,,2744,0,405,405,http://localhost:8079/?token=518504778&user=-1355064518&config=3,0,0,1
1777970316294,30452,HTTP Request,Non HTTP response code: java.net.SocketException,Non HTTP response message: Socket closed,Config 3: Exp15 1-311,text,false,,2744,0,404,404,http://localhost:8079/?token=518504778&user=-1355064518&config=3,0,0,0
1777970325310,21437,HTTP Request,Non HTTP response code: java.net.SocketException,Non HTTP response message: Socket closed,Config 3: Exp15 1-214,text,false,,2744,0,403,403,http://localhost:8079/?token=518504778&user=-1355064518&config=3,0,0,0
1777970325311,21435,HTTP Request,Non HTTP response code: java.net.SocketException,Non HTTP response message: Socket closed,Config 3: Exp15 1-188,text,false,,2744,0,405,405,http://localhost:8079/?token=518504778&user=-1355064518&config=3,0,0,0
1777970314093,32653,HTTP Request,Non HTTP response code: java.net.SocketException,Non HTTP response message: Socket closed,Config 3: Exp15 1-177,text,false,,2744,0,399,399,http://localhost:8079/?token=518504778&user=-1355064518&config=3,0,0,1
1777970314029,32717,HTTP Request,Non HTTP response code: java.net.SocketException,Non HTTP response message: Socket closed,Config 3: Exp15 1-76,text,false,,2744,0,399,399,http://localhost:8079/?token=518504778&user=-1355064518&config=3,0,0,1
1777970311787,34959,HTTP Request,Non HTTP response code: java.net.SocketException,Non HTTP response message: Socket closed,Config 3: Exp15 1-166,text,false,,2744,0,405,405,http://localhost:8079/?token=518504778&user=-1355064518&config=3,0,0,0
1777970310867,35880,HTTP Request,Non HTTP response code: java.net.SocketException,Non HTTP response message: Socket closed,Config 3: Exp15 1-235,text,false,,2744,0,399,399,http://localhost:8079/?token=518504778&user=-1355064518&config=3,0,0,1
1777970316294,30451,HTTP Request,Non HTTP response code: java.net.SocketException,Non HTTP response message: Socket closed,Config 3: Exp15 1-360,text,false,,2744,0,405,405,http://localhost:8079/?token=518504778&user=-1355064518&config=3,0,0,0
1777970310867,35880,HTTP Request,Non HTTP response code: java.net.SocketException,Non HTTP response message: Socket closed,Config 3: Exp15 1-130,text,false,,2744,0,398,398,http://localhost:8079/?token=518504778&user=-1355064518&config=3,0,0,0
1777970310531,36215,HTTP Request,Non HTTP response code: java.net.SocketException,Non HTTP response message: Socket closed,Config 3: Exp15 1-118,text,false,,2744,0,405,405,http://localhost:8079/?token=518504778&user=-1355064518&config=3,0,0,1
1777970310866,35880,HTTP Request,Non HTTP response code: java.net.SocketException,Non HTTP response message: Socket closed,Config 3: Exp15 1-256,text,false,,2744,0,405,405,http://localhost:8079/?token=518504778&user=-1355064518&config=3,0,0,1
1777970314069,32676,HTTP Request,Non HTTP response code: java.net.SocketException,Non HTTP response message: Socket closed,Config 3: Exp15 1-176,text,false,,2744,0,405,405,http://localhost:8079/?token=518504778&user=-1355064518&config=3,0,0,0
1777970337127,9620,HTTP Request,Non HTTP response code: java.net.SocketException,Non HTTP response message: Socket closed,Config 3: Exp15 1-48,text,false,,2744,0,384,384,http://localhost:8079/?token=518504778&user=-1355064518&config=3,0,0,0
1777970333623,13124,HTTP Request,Non HTTP response code: java.net.SocketException,Non HTTP response message: Socket closed,Config 3: Exp15 1-66,text,false,,2744,0,384,384,http://localhost:8079/?token=518504778&user=-1355064518&config=3,0,0,0
1777970318811,27936,HTTP Request,Non HTTP response code: java.net.SocketException,Non HTTP response message: Socket closed,Config 3: Exp15 1-393,text,false,,2744,0,384,384,http://localhost:8079/?token=518504778&user=-1355064518&config=3,0,0,0
1777970318811,27936,HTTP Request,Non HTTP response code: java.net.SocketException,Non HTTP response message: Socket closed,Config 3: Exp15 1-301,text,false,,2744,0,384,384,http://localhost:8079/?token=518504778&user=-1355064518&config=3,0,0,1
1777970318811,27936,HTTP Request,Non HTTP response code: java.net.SocketException,Non HTTP response message: Socket closed,Config 3: Exp15 1-357,text,false,,2744,0,383,383,http://localhost:8079/?token=518504778&user=-1355064518&config=3,0,0,0
1777970317902,28846,HTTP Request,Non HTTP response code: java.net.SocketException,Non HTTP response message: Socket closed,Config 3: Exp15 1-400,text,false,,2744,0,382,382,http://localhost:8079/?token=518504778&user=-1355064518&config=3,0,0,0
1777970316003,30745,HTTP Request,Non HTTP response code: java.net.SocketException,Non HTTP response message: Socket closed,Config 3: Exp15 1-93,text,false,,2744,0,378,378,http://localhost:8079/?token=518504778&user=-1355064518&config=3,0,0,0
1777970326216,20533,HTTP Request,Non HTTP response code: java.net.SocketException,Non HTTP response message: Socket closed,Config 3: Exp15 1-271,text,false,,2744,0,378,378,http://localhost:8079/?token=518504778&user=-1355064518&config=3,0,0,0
1777970333616,13132,HTTP Request,Non HTTP response code: java.net.SocketException,Non HTTP response message: Socket closed,Config 3: Exp15 1-222,text,false,,2744,0,377,377,http://localhost:8079/?token=518504778&user=-1355064518&config=3,0,0,1
1777970316003,30745,HTTP Request,Non HTTP response code: java.net.SocketException,Non HTTP response message: Socket closed,Config 3: Exp15 1-61,text,false,,2744,0,376,376,http://localhost:8079/?token=518504778&user=-1355064518&config=3,0,0,0
1777970316003,30745,HTTP Request,Non HTTP response code: java.net.SocketException,Non HTTP response message: Socket closed,Config 3: Exp15 1-85,text,false,,2744,0,376,376,http://localhost:8079/?token=518504778&user=-1355064518&config=3,0,0,0
1777970314022,32726,HTTP Request,Non HTTP response code: java.net.SocketException,Non HTTP response message: Socket closed,Config 3: Exp15 1-180,text,false,,2744,0,376,376,http://localhost:8079/?token=518504778&user=-1355064518&config=3,0,0,0
1777970314011,32737,HTTP Request,Non HTTP response code: java.net.SocketException,Non HTTP response message: Socket closed,Config 3: Exp15 1-339,text,false,,2744,0,376,376,http://localhost:8079/?token=518504778&user=-1355064518&config=3,0,0,0
1777970311788,34961,HTTP Request,Non HTTP response code: java.net.SocketException,Non HTTP response message: Socket closed,Config 3: Exp15 1-215,text,false,,2744,0,374,374,http://localhost:8079/?token=518504778&user=-1355064518&config=3,0,0,0
1777970319260,27488,HTTP Request,Non HTTP response code: java.net.SocketException,Non HTTP response message: Socket closed,Config 3: Exp15 1-306,text,false,,2744,0,374,374,http://localhost:8079/?token=518504778&user=-1355064518&config=3,0,0,0
1777970316294,30454,HTTP Request,Non HTTP response code: java.net.SocketException,Non HTTP response message: Socket closed,Config 3: Exp15 1-381,text,false,,2744,0,373,373,http://localhost:8079/?token=518504778&user=-1355064518&config=3,0,0,0
1777970333624,13124,HTTP Request,Non HTTP response code: java.net.SocketException,Non HTTP response message: Socket closed,Config 3: Exp15 1-204,text,false,,2744,0,373,373,http://localhost:8079/?token=518504778&user=-1355064518&config=3,0,0,0
1777970316003,30745,HTTP Request,Non HTTP response code: java.net.SocketException,Non HTTP response message: Socket closed,Config 3: Exp15 1-79,text,false,,2744,0,369,369,http://localhost:8079/?token=518504778&user=-1355064518&config=3,0,0,0
1777970316003,30746,HTTP Request,Non HTTP response code: java.net.SocketException,Non HTTP response message: Socket closed,Config 3: Exp15 1-193,text,false,,2744,0,368,368,http://localhost:8079/?token=518504778&user=-1355064518&config=3,0,0,0
1777970316003,30746,HTTP Request,Non HTTP response code: java.net.SocketException,Non HTTP response message: Socket closed,Config 3: Exp15 1-211,text,false,,2744,0,365,365,http://localhost:8079/?token=518504778&user=-1355064518&config=3,0,0,0
1777970316003,30746,HTTP Request,Non HTTP response code: java.net.SocketException,Non HTTP response message: Socket closed,Config 3: Exp15 1-233,text,false,,2744,0,365,365,http://localhost:8079/?token=518504778&user=-1355064518&config=3,0,0,0
1777970314029,32720,HTTP Request,Non HTTP response code: java.net.SocketException,Non HTTP response message: Socket closed,Config 3: Exp15 1-265,text,false,,2744,0,364,364,http://localhost:8079/?token=518504778&user=-1355064518&config=3,0,0,1
1777970311787,34963,HTTP Request,Non HTTP response code: java.net.SocketException,Non HTTP response message: Socket closed,Config 3: Exp15 1-310,text,false,,2744,0,363,363,http://localhost:8079/?token=518504778&user=-1355064518&config=3,0,0,0
1777970316003,30746,HTTP Request,Non HTTP response code: java.net.SocketException,Non HTTP response message: Socket closed,Config 3: Exp15 1-95,text,false,,2744,0,363,363,http://localhost:8079/?token=518504778&user=-1355064518&config=3,0,0,0
1777970317901,28848,HTTP Request,Non HTTP response code: java.net.SocketException,Non HTTP response message: Socket closed,Config 3: Exp15 1-302,text,false,,2744,0,362,362,http://localhost:8079/?token=518504778&user=-1355064518&config=3,0,0,1
1777970337267,9482,HTTP Request,Non HTTP response code: java.net.SocketException,Non HTTP response message: Socket closed,Config 3: Exp15 1-99,text,false,,2744,0,362,362,http://localhost:8079/?token=518504778&user=-1355064518&config=3,0,0,0
1777970316002,30747,HTTP Request,Non HTTP response code: java.net.SocketException,Non HTTP response message: Socket closed,Config 3: Exp15 1-349,text,false,,2744,0,360,360,http://localhost:8079/?token=518504778&user=-1355064518&config=3,0,0,0
1777970311787,34963,HTTP Request,Non HTTP response code: java.net.SocketException,Non HTTP response message: Socket closed,Config 3: Exp15 1-292,text,false,,2744,0,357,357,http://localhost:8079/?token=518504778&user=-1355064518&config=3,0,0,0
1777970324857,21894,HTTP Request,Non HTTP response code: java.net.SocketException,Non HTTP response message: Socket closed,Config 3: Exp15 1-272,text,false,,2744,0,357,357,http://localhost:8079/?token=518504778&user=-1355064518&config=3,0,0,1
1777970311787,34964,HTTP Request,Non HTTP response code: java.net.SocketException,Non HTTP response message: Socket closed,Config 3: Exp15 1-221,text,false,,2744,0,355,355,http://localhost:8079/?token=518504778&user=-1355064518&config=3,0,0,0
1777970319260,27490,HTTP Request,Non HTTP response code: java.net.SocketException,Non HTTP response message: Socket closed,Config 3: Exp15 1-307,text,false,,2744,0,354,354,http://localhost:8079/?token=518504778&user=-1355064518&config=3,0,0,0
1777970316937,29813,HTTP Request,Non HTTP response code: java.net.SocketException,Non HTTP response message: Socket closed,Config 3: Exp15 1-326,text,false,,2744,0,354,354,http://localhost:8079/?token=518504778&user=-1355064518&config=3,0,0,0
1777970316002,30748,HTTP Request,Non HTTP response code: java.net.SocketException,Non HTTP response message: Socket closed,Config 3: Exp15 1-137,text,false,,2744,0,354,354,http://localhost:8079/?token=518504778&user=-1355064518&config=3,0,0,0
1777970313937,32813,HTTP Request,Non HTTP response code: java.net.SocketException,Non HTTP response message: Socket closed,Config 3: Exp15 1-17,text,false,,2744,0,351,351,http://localhost:8079/?token=518504778&user=-1355064518&config=3,0,0,0
1777970316002,30748,HTTP Request,Non HTTP response code: java.net.SocketException,Non HTTP response message: Socket closed,Config 3: Exp15 1-56,text,false,,2744,0,351,351,http://localhost:8079/?token=518504778&user=-1355064518&config=3,0,0,0
1777970316002,30748,HTTP Request,Non HTTP response code: java.net.SocketException,Non HTTP response message: Socket closed,Config 3: Exp15 1-156,text,false,,2744,0,351,351,http://localhost:8079/?token=518504778&user=-1355064518&config=3,0,0,1
1777970314029,32721,HTTP Request,Non HTTP response code: java.net.SocketException,Non HTTP response message: Socket closed,Config 3: Exp15 1-150,text,false,,2744,0,350,350,http://localhost:8079/?token=518504778&user=-1355064518&config=3,0,0,1
1777970311787,34964,HTTP Request,Non HTTP response code: java.net.SocketException,Non HTTP response message: Socket closed,Config 3: Exp15 1-279,text,false,,2744,0,348,348,http://localhost:8079/?token=518504778&user=-1355064518&config=3,0,0,1
1777970316293,30457,HTTP Request,Non HTTP response code: java.net.SocketException,Non HTTP response message: Socket closed,Config 3: Exp15 1-383,text,false,,2744,0,348,348,http://localhost:8079/?token=518504778&user=-1355064518&config=3,0,0,0
1777970316002,30748,HTTP Request,Non HTTP response code: java.net.SocketException,Non HTTP response message: Socket closed,Config 3: Exp15 1-229,text,false,,2744,0,347,347,http://localhost:8079/?token=518504778&user=-1355064518&config=3,0,0,0
1777970311787,34965,HTTP Request,Non HTTP response code: java.net.SocketException,Non HTTP response message: Socket closed,Config 3: Exp15 1-356,text,false,,2744,0,345,345,http://localhost:8079/?token=518504778&user=-1355064518&config=3,0,0,0
1777970311787,34965,HTTP Request,Non HTTP response code: java.net.SocketException,Non HTTP response message: Socket closed,Config 3: Exp15 1-353,text,false,,2744,0,343,343,http://localhost:8079/?token=518504778&user=-1355064518&config=3,0,0,0
1777970337300,9451,HTTP Request,Non HTTP response code: java.net.SocketException,Non HTTP response message: Socket closed,Config 3: Exp15 1-45,text,false,,2744,0,342,342,http://localhost:8079/?token=518504778&user=-1355064518&config=3,0,0,1
1777970311787,34965,HTTP Request,Non HTTP response code: java.net.SocketException,Non HTTP response message: Socket closed,Config 3: Exp15 1-252,text,false,,2744,0,342,342,http://localhost:8079/?token=518504778&user=-1355064518&config=3,0,0,1
1777970316003,30748,HTTP Request,Non HTTP response code: java.net.SocketException,Non HTTP response message: Socket closed,Config 3: Exp15 1-154,text,false,,2744,0,342,342,http://localhost:8079/?token=518504778&user=-1355064518&config=3,0,0,0
1777970330019,16732,HTTP Request,Non HTTP response code: java.net.SocketException,Non HTTP response message: Socket closed,Config 3: Exp15 1-139,text,false,,2744,0,340,340,http://localhost:8079/?token=518504778&user=-1355064518&config=3,0,0,0
1777970318811,27940,HTTP Request,Non HTTP response code: java.net.SocketException,Non HTTP response message: Socket closed,Config 3: Exp15 1-297,text,false,,2744,0,339,339,http://localhost:8079/?token=518504778&user=-1355064518&config=3,0,0,1
1777970311788,34964,HTTP Request,Non HTTP response code: java.net.SocketException,Non HTTP response message: Socket closed,Config 3: Exp15 1-224,text,false,,2744,0,337,337,http://localhost:8079/?token=518504778&user=-1355064518&config=3,0,0,0
1777970314093,32658,HTTP Request,Non HTTP response code: java.net.SocketException,Non HTTP response message: Socket closed,Config 3: Exp15 1-266,text,false,,2744,0,337,337,http://localhost:8079/?token=518504778&user=-1355064518&config=3,0,0,1
1777970333616,13135,HTTP Request,Non HTTP response code: java.net.SocketException,Non HTTP response message: Socket closed,Config 3: Exp15 1-275,text,false,,2744,0,336,336,http://localhost:8079/?token=518504778&user=-1355064518&config=3,0,0,1
1777970333623,13129,HTTP Request,Non HTTP response code: java.net.SocketException,Non HTTP response message: Socket closed,Config 3: Exp15 1-191,text,false,,2744,0,335,335,http://localhost:8079/?token=518504778&user=-1355064518&config=3,0,0,0
1777970313629,33124,HTTP Request,Non HTTP response code: java.net.SocketException,Non HTTP response message: Socket closed,Config 3: Exp15 1-110,text,false,,2744,0,333,333,http://localhost:8079/?token=518504778&user=-1355064518&config=3,0,0,1
1777970316003,30749,HTTP Request,Non HTTP response code: java.net.SocketException,Non HTTP response message: Socket closed,Config 3: Exp15 1-342,text,false,,2744,0,332,332,http://localhost:8079/?token=518504778&user=-1355064518&config=3,0,0,0
1777970316300,30452,HTTP Request,Non HTTP response code: java.net.SocketException,Non HTTP response message: Socket closed,Config 3: Exp15 1-120,text,false,,2744,0,331,331,http://localhost:8079/?token=518504778&user=-1355064518&config=3,0,0,0
1777970333616,13136,HTTP Request,Non HTTP response code: java.net.SocketException,Non HTTP response message: Socket closed,Config 3: Exp15 1-202,text,false,,2744,0,331,331,http://localhost:8079/?token=518504778&user=-1355064518&config=3,0,0,0
1777970337266,9486,HTTP Request,Non HTTP response code: java.net.SocketException,Non HTTP response message: Socket closed,Config 3: Exp15 1-30,text,false,,2744,0,330,330,http://localhost:8079/?token=518504778&user=-1355064518&config=3,0,0,1
1777970337193,9559,HTTP Request,Non HTTP response code: java.net.SocketException,Non HTTP response message: Socket closed,Config 3: Exp15 1-1,text,false,,2744,0,329,329,http://localhost:8079/?token=518504778&user=-1355064518&config=3,0,0,1
1777970316003,30749,HTTP Request,Non HTTP response code: java.net.SocketException,Non HTTP response message: Socket closed,Config 3: Exp15 1-88,text,false,,2744,0,329,329,http://localhost:8079/?token=518504778&user=-1355064518&config=3,0,0,0
1777970316003,30749,HTTP Request,Non HTTP response code: java.net.SocketException,Non HTTP response message: Socket closed,Config 3: Exp15 1-372,text,false,,2744,0,329,329,http://localhost:8079/?token=518504778&user=-1355064518&config=3,0,0,0
1777970324863,21890,HTTP Request,Non HTTP response code: java.net.SocketException,Non HTTP response message: Socket closed,Config 3: Exp15 1-134,text,false,,2744,0,329,329,http://localhost:8079/?token=518504778&user=-1355064518&config=3,0,0,0
1777970314876,31877,HTTP Request,Non HTTP response code: java.net.SocketException,Non HTTP response message: Socket closed,Config 3: Exp15 1-5,text,false,,2744,0,325,325,http://localhost:8079/?token=518504778&user=-1355064518&config=3,0,0,1
1777970311787,34967,HTTP Request,Non HTTP response code: java.net.SocketException,Non HTTP response message: Socket closed,Config 3: Exp15 1-81,text,false,,2744,0,323,323,http://localhost:8079/?token=518504778&user=-1355064518&config=3,0,0,0
1777970316003,30750,HTTP Request,Non HTTP response code: java.net.SocketException,Non HTTP response message: Socket closed,Config 3: Exp15 1-96,text,false,,2744,0,323,323,http://localhost:8079/?token=518504778&user=-1355064518&config=3,0,0,0
1777970333616,13137,HTTP Request,Non HTTP response code: java.net.SocketException,Non HTTP response message: Socket closed,Config 3: Exp15 1-208,text,false,,2744,0,321,321,http://localhost:8079/?token=518504778&user=-1355064518&config=3,0,0,0
1777970316002,30751,HTTP Request,Non HTTP response code: java.net.SocketException,Non HTTP response message: Socket closed,Config 3: Exp15 1-32,text,false,,2744,0,321,321,http://localhost:8079/?token=518504778&user=-1355064518&config=3,0,0,0
1777970316002,30751,HTTP Request,Non HTTP response code: java.net.SocketException,Non HTTP response message: Socket closed,Config 3: Exp15 1-175,text,false,,2744,0,321,321,http://localhost:8079/?token=518504778&user=-1355064518&config=3,0,0,0
1777970316293,30460,HTTP Request,Non HTTP response code: java.net.SocketException,Non HTTP response message: Socket closed,Config 3: Exp15 1-291,text,false,,2744,0,320,320,http://localhost:8079/?token=518504778&user=-1355064518&config=3,0,0,0
1777970316002,30751,HTTP Request,Non HTTP response code: java.net.SocketException,Non HTTP response message: Socket closed,Config 3: Exp15 1-144,text,false,,2744,0,319,319,http://localhost:8079/?token=518504778&user=-1355064518&config=3,0,0,1
1777970314030,32723,HTTP Request,Non HTTP response code: java.net.SocketException,Non HTTP response message: Socket closed,Config 3: Exp15 1-44,text,false,,2744,0,317,317,http://localhost:8079/?token=518504778&user=-1355064518&config=3,0,0,0
1777970324863,21891,HTTP Request,Non HTTP response code: java.net.SocketException,Non HTTP response message: Socket closed,Config 3: Exp15 1-18,text,false,,2744,0,316,316,http://localhost:8079/?token=518504778&user=-1355064518&config=3,0,0,0
1777970313937,32816,HTTP Request,Non HTTP response code: java.net.SocketException,Non HTTP response message: Socket closed,Config 3: Exp15 1-371,text,false,,2744,0,316,316,http://localhost:8079/?token=518504778&user=-1355064518&config=3,0,0,0
1777970316001,30753,HTTP Request,Non HTTP response code: java.net.SocketException,Non HTTP response message: Socket closed,Config 3: Exp15 1-322,text,false,,2744,0,313,313,http://localhost:8079/?token=518504778&user=-1355064518&config=3,0,0,0
1777970337300,9454,HTTP Request,Non HTTP response code: java.net.SocketException,Non HTTP response message: Socket closed,Config 3: Exp15 1-29,text,false,,2744,0,313,313,http://localhost:8079/?token=518504778&user=-1355064518&config=3,0,0,1
1777970325310,21445,HTTP Request,Non HTTP response code: java.net.SocketException,Non HTTP response message: Socket closed,Config 3: Exp15 1-164,text,false,,2744,0,311,311,http://localhost:8079/?token=518504778&user=-1355064518&config=3,0,0,1
1777970310866,35889,HTTP Request,Non HTTP response code: java.net.SocketException,Non HTTP response message: Socket closed,Config 3: Exp15 1-258,text,false,,2744,0,311,311,http://localhost:8079/?token=518504778&user=-1355064518&config=3,0,0,1
1777970316602,30152,HTTP Request,Non HTTP response code: java.net.SocketException,Non HTTP response message: Socket closed,Config 3: Exp15 1-334,text,false,,2744,0,309,309,http://localhost:8079/?token=518504778&user=-1355064518&config=3,0,0,0
1777970326216,20539,HTTP Request,Non HTTP response code: java.net.SocketException,Non HTTP response message: Socket closed,Config 3: Exp15 1-71,text,false,,2744,0,309,309,http://localhost:8079/?token=518504778&user=-1355064518&config=3,0,0,0
1777970337193,9561,HTTP Request,Non HTTP response code: java.net.SocketException,Non HTTP response message: Socket closed,Config 3: Exp15 1-38,text,false,,2744,0,309,309,http://localhost:8079/?token=518504778&user=-1355064518&config=3,0,0,1
1777970316003,30751,HTTP Request,Non HTTP response code: java.net.SocketException,Non HTTP response message: Socket closed,Config 3: Exp15 1-97,text,false,,2744,0,307,307,http://localhost:8079/?token=518504778&user=-1355064518&config=3,0,0,0
1777970316003,30751,HTTP Request,Non HTTP response code: java.net.SocketException,Non HTTP response message: Socket closed,Config 3: Exp15 1-51,text,false,,2744,0,307,307,http://localhost:8079/?token=518504778&user=-1355064518&config=3,0,0,0
1777970318811,27943,HTTP Request,Non HTTP response code: java.net.SocketException,Non HTTP response message: Socket closed,Config 3: Exp15 1-369,text,false,,2744,0,307,307,http://localhost:8079/?token=518504778&user=-1355064518&config=3,0,0,0
1777970313633,33122,HTTP Request,Non HTTP response code: java.net.SocketException,Non HTTP response message: Socket closed,Config 3: Exp15 1-108,text,false,,2744,0,305,305,http://localhost:8079/?token=518504778&user=-1355064518&config=3,0,0,0
1777970325310,21446,HTTP Request,Non HTTP response code: java.net.SocketException,Non HTTP response message: Socket closed,Config 3: Exp15 1-405,text,false,,2744,0,302,302,http://localhost:8079/?token=518504778&user=-1355064518&config=3,0,0,0
1777970316602,30153,HTTP Request,Non HTTP response code: java.net.SocketException,Non HTTP response message: Socket closed,Config 3: Exp15 1-367,text,false,,2744,0,302,302,http://localhost:8079/?token=518504778&user=-1355064518&config=3,0,0,0
1777970333623,13132,HTTP Request,Non HTTP response code: java.net.SocketException,Non HTTP response message: Socket closed,Config 3: Exp15 1-186,text,false,,2744,0,302,302,http://localhost:8079/?token=518504778&user=-1355064518&config=3,0,0,0
1777970316003,30752,HTTP Request,Non HTTP response code: java.net.SocketException,Non HTTP response message: Socket closed,Config 3: Exp15 1-41,text,false,,2744,0,299,299,http://localhost:8079/?token=518504778&user=-1355064518&config=3,0,0,0
1777970314025,32730,HTTP Request,Non HTTP response code: java.net.SocketException,Non HTTP response message: Socket closed,Config 3: Exp15 1-6,text,false,,2744,0,299,299,http://localhost:8079/?token=518504778&user=-1355064518&config=3,0,0,0
1777970330019,16736,HTTP Request,Non HTTP response code: java.net.SocketException,Non HTTP response message: Socket closed,Config 3: Exp15 1-274,text,false,,2744,0,299,299,http://localhost:8079/?token=518504778&user=-1355064518&config=3,0,0,0
1777970337266,9489,HTTP Request,Non HTTP response code: java.net.SocketException,Non HTTP response message: Socket closed,Config 3: Exp15 1-16,text,false,,2744,0,299,299,http://localhost:8079/?token=518504778&user=-1355064518&config=3,0,0,1
1777970317901,28854,HTTP Request,Non HTTP response code: java.net.SocketException,Non HTTP response message: Socket closed,Config 3: Exp15 1-396,text,false,,2744,0,296,296,http://localhost:8079/?token=518504778&user=-1355064518&config=3,0,0,0
1777970314877,31879,HTTP Request,Non HTTP response code: java.net.SocketException,Non HTTP response message: Socket closed,Config 3: Exp15 1-153,text,false,,2744,0,294,294,http://localhost:8079/?token=518504778&user=-1355064518&config=3,0,0,0
1777970337193,9563,HTTP Request,Non HTTP response code: java.net.SocketException,Non HTTP response message: Socket closed,Config 3: Exp15 1-170,text,false,,2744,0,294,294,http://localhost:8079/?token=518504778&user=-1355064518&config=3,0,0,1
1777970318811,27945,HTTP Request,Non HTTP response code: java.net.SocketException,Non HTTP response message: Socket closed,Config 3: Exp15 1-299,text,false,,2744,0,293,293,http://localhost:8079/?token=518504778&user=-1355064518&config=3,0,0,1
1777970316002,30754,HTTP Request,Non HTTP response code: java.net.SocketException,Non HTTP response message: Socket closed,Config 3: Exp15 1-147,text,false,,2744,0,291,291,http://localhost:8079/?token=518504778&user=-1355064518&config=3,0,0,0
1777970316002,30754,HTTP Request,Non HTTP response code: java.net.SocketException,Non HTTP response message: Socket closed,Config 3: Exp15 1-321,text,false,,2744,0,290,290,http://localhost:8079/?token=518504778&user=-1355064518&config=3,0,0,0
1777970310867,35890,HTTP Request,Non HTTP response code: java.net.SocketException,Non HTTP response message: Socket closed,Config 3: Exp15 1-238,text,false,,2744,0,290,290,http://localhost:8079/?token=518504778&user=-1355064518&config=3,0,0,0
1777970314029,32727,HTTP Request,Non HTTP response code: java.net.SocketException,Non HTTP response message: Socket closed,Config 3: Exp15 1-173,text,false,,2744,0,288,288,http://localhost:8079/?token=518504778&user=-1355064518&config=3,0,0,1
1777970316002,30754,HTTP Request,Non HTTP response code: java.net.SocketException,Non HTTP response message: Socket closed,Config 3: Exp15 1-10,text,false,,2744,0,288,288,http://localhost:8079/?token=518504778&user=-1355064518&config=3,0,0,0
1777970316942,29814,HTTP Request,Non HTTP response code: java.net.SocketException,Non HTTP response message: Socket closed,Config 3: Exp15 1-185,text,false,,2744,0,288,288,http://localhost:8079/?token=518504778&user=-1355064518&config=3,0,0,0
1777970333623,13134,HTTP Request,Non HTTP response code: java.net.SocketException,Non HTTP response message: Socket closed,Config 3: Exp15 1-317,text,false,,2744,0,286,286,http://localhost:8079/?token=518504778&user=-1355064518&config=3,0,0,0
1777970314876,31881,HTTP Request,Non HTTP response code: java.net.SocketException,Non HTTP response message: Socket closed,Config 3: Exp15 1-40,text,false,,2744,0,286,286,http://localhost:8079/?token=518504778&user=-1355064518&config=3,0,0,0
1777970325310,21448,HTTP Request,Non HTTP response code: java.net.SocketException,Non HTTP response message: Socket closed,Config 3: Exp15 1-184,text,false,,2744,0,286,286,http://localhost:8079/?token=518504778&user=-1355064518&config=3,0,0,1
1777970316291,30466,HTTP Request,Non HTTP response code: java.net.SocketException,Non HTTP response message: Socket closed,Config 3: Exp15 1-83,text,false,,2744,0,285,285,http://localhost:8079/?token=518504778&user=-1355064518&config=3,0,0,0
1777970324863,21895,HTTP Request,Non HTTP response code: java.net.SocketException,Non HTTP response message: Socket closed,Config 3: Exp15 1-69,text,false,,2744,0,281,281,http://localhost:8079/?token=518504778&user=-1355064518&config=3,0,0,0
1777970311787,34971,HTTP Request,Non HTTP response code: java.net.SocketException,Non HTTP response message: Socket closed,Config 3: Exp15 1-63,text,false,,2744,0,281,281,http://localhost:8079/?token=518504778&user=-1355064518&config=3,0,0,0
1777970316003,30754,HTTP Request,Non HTTP response code: java.net.SocketException,Non HTTP response message: Socket closed,Config 3: Exp15 1-212,text,false,,2744,0,281,281,http://localhost:8079/?token=518504778&user=-1355064518&config=3,0,0,0
1777970316002,30755,HTTP Request,Non HTTP response code: java.net.SocketException,Non HTTP response message: Socket closed,Config 3: Exp15 1-23,text,false,,2744,0,280,280,http://localhost:8079/?token=518504778&user=-1355064518&config=3,0,0,0
1777970317902,28855,HTTP Request,Non HTTP response code: java.net.SocketException,Non HTTP response message: Socket closed,Config 3: Exp15 1-402,text,false,,2744,0,279,279,http://localhost:8079/?token=518504778&user=-1355064518&config=3,0,0,0
1777970314088,32669,HTTP Request,Non HTTP response code: java.net.SocketException,Non HTTP response message: Socket closed,Config 3: Exp15 1-160,text,false,,2744,0,276,276,http://localhost:8079/?token=518504778&user=-1355064518&config=3,0,0,1
1777970324863,21896,HTTP Request,Non HTTP response code: java.net.SocketException,Non HTTP response message: Socket closed,Config 3: Exp15 1-338,text,false,,2744,0,276,276,http://localhost:8079/?token=518504778&user=-1355064518&config=3,0,0,0
1777970313630,33129,HTTP Request,Non HTTP response code: java.net.SocketException,Non HTTP response message: Socket closed,Config 3: Exp15 1-111,text,false,,2744,0,275,275,http://localhost:8079/?token=518504778&user=-1355064518&config=3,0,0,1
1777970337127,9631,HTTP Request,Non HTTP response code: java.net.SocketException,Non HTTP response message: Socket closed,Config 3: Exp15 1-340,text,false,,2744,0,273,273,http://localhost:8079/?token=518504778&user=-1355064518&config=3,0,0,0
1777970311788,34971,HTTP Request,Non HTTP response code: java.net.SocketException,Non HTTP response message: Socket closed,Config 3: Exp15 1-249,text,false,,2744,0,273,273,http://localhost:8079/?token=518504778&user=-1355064518&config=3,0,0,0
1777970313630,33129,HTTP Request,Non HTTP response code: java.net.SocketException,Non HTTP response message: Socket closed,Config 3: Exp15 1-116,text,false,,2744,0,271,271,http://localhost:8079/?token=518504778&user=-1355064518&config=3,0,0,1
1777970314011,32747,HTTP Request,Non HTTP response code: java.net.SocketException,Non HTTP response message: Socket closed,Config 3: Exp15 1-313,text,false,,2744,0,271,271,http://localhost:8079/?token=518504778&user=-1355064518&config=3,0,0,0
1777970316001,30757,HTTP Request,Non HTTP response code: java.net.SocketException,Non HTTP response message: Socket closed,Config 3: Exp15 1-343,text,false,,2744,0,269,269,http://localhost:8079/?token=518504778&user=-1355064518&config=3,0,0,0
1777970310531,36228,HTTP Request,Non HTTP response code: java.net.SocketException,Non HTTP response message: Socket closed,Config 3: Exp15 1-104,text,false,,2744,0,269,269,http://localhost:8079/?token=518504778&user=-1355064518&config=3,0,0,1
1777970333616,13143,HTTP Request,Non HTTP response code: java.net.SocketException,Non HTTP response message: Socket closed,Config 3: Exp15 1-210,text,false,,2744,0,268,268,http://localhost:8079/?token=518504778&user=-1355064518&config=3,0,0,0
1777970316942,29817,HTTP Request,Non HTTP response code: java.net.SocketException,Non HTTP response message: Socket closed,Config 3: Exp15 1-58,text,false,,2744,0,267,267,http://localhost:8079/?token=518504778&user=-1355064518&config=3,0,0,0
1777970311787,34973,HTTP Request,Non HTTP response code: java.net.SocketException,Non HTTP response message: Socket closed,Config 3: Exp15 1-250,text,false,,2744,0,266,266,http://localhost:8079/?token=518504778&user=-1355064518&config=3,0,0,0
1777970333616,13143,HTTP Request,Non HTTP response code: java.net.SocketException,Non HTTP response message: Socket closed,Config 3: Exp15 1-37,text,false,,2744,0,265,265,http://localhost:8079/?token=518504778&user=-1355064518&config=3,0,0,1
1777970337267,9492,HTTP Request,Non HTTP response code: java.net.SocketException,Non HTTP response message: Socket closed,Config 3: Exp15 1-43,text,false,,2744,0,265,265,http://localhost:8079/?token=518504778&user=-1355064518&config=3,0,0,0
1777970314030,32729,HTTP Request,Non HTTP response code: java.net.SocketException,Non HTTP response message: Socket closed,Config 3: Exp15 1-245,text,false,,2744,0,264,264,http://localhost:8079/?token=518504778&user=-1355064518&config=3,0,0,0
1777970314030,32729,HTTP Request,Non HTTP response code: java.net.SocketException,Non HTTP response message: Socket closed,Config 3: Exp15 1-243,text,false,,2744,0,263,263,http://localhost:8079/?token=518504778&user=-1355064518&config=3,0,0,0
1777970316293,30466,HTTP Request,Non HTTP response code: java.net.SocketException,Non HTTP response message: Socket closed,Config 3: Exp15 1-77,text,false,,2744,0,263,263,http://localhost:8079/?token=518504778&user=-1355064518&config=3,0,0,0
1777970316294,30465,HTTP Request,Non HTTP response code: java.net.SocketException,Non HTTP response message: Socket closed,Config 3: Exp15 1-219,text,false,,2744,0,263,263,http://localhost:8079/?token=518504778&user=-1355064518&config=3,0,0,0
1777970316293,30466,HTTP Request,Non HTTP response code: java.net.SocketException,Non HTTP response message: Socket closed,Config 3: Exp15 1-80,text,false,,2744,0,258,258,http://localhost:8079/?token=518504778&user=-1355064518&config=3,0,0,0
1777970316293,30467,HTTP Request,Non HTTP response code: java.net.SocketException,Non HTTP response message: Socket closed,Config 3: Exp15 1-329,text,false,,2744,0,258,258,http://localhost:8079/?token=518504778&user=-1355064518&config=3,0,0,0
1777970318811,27949,HTTP Request,Non HTTP response code: java.net.SocketException,Non HTTP response message: Socket closed,Config 3: Exp15 1-296,text,false,,2744,0,258,258,http://localhost:8079/?token=518504778&user=-1355064518&config=3,0,0,1
1777970330019,16741,HTTP Request,Non HTTP response code: java.net.SocketException,Non HTTP response message: Socket closed,Config 3: Exp15 1-337,text,false,,2744,0,256,256,http://localhost:8079/?token=518504778&user=-1355064518&config=3,0,0,0
1777970313633,33128,HTTP Request,Non HTTP response code: java.net.SocketException,Non HTTP response message: Socket closed,Config 3: Exp15 1-105,text,false,,2744,0,254,254,http://localhost:8079/?token=518504778&user=-1355064518&config=3,0,0,0
1777970316003,30757,HTTP Request,Non HTTP response code: java.net.SocketException,Non HTTP response message: Socket closed,Config 3: Exp15 1-12,text,false,,2744,0,254,254,http://localhost:8079/?token=518504778&user=-1355064518&config=3,0,0,0
1777970316003,30757,HTTP Request,Non HTTP response code: java.net.SocketException,Non HTTP response message: Socket closed,Config 3: Exp15 1-26,text,false,,2744,0,252,252,http://localhost:8079/?token=518504778&user=-1355064518&config=3,0,0,0
1777970313630,33131,HTTP Request,Non HTTP response code: java.net.SocketException,Non HTTP response message: Socket closed,Config 3: Exp15 1-122,text,false,,2744,0,252,252,http://localhost:8079/?token=518504778&user=-1355064518&config=3,0,0,0
1777970309461,37300,HTTP Request,Non HTTP response code: java.net.SocketException,Non HTTP response message: Socket closed,Config 3: Exp15 1-234,text,false,,2744,0,252,252,http://localhost:8079/?token=518504778&user=-1355064518&config=3,0,0,1
1777970318811,27950,HTTP Request,Non HTTP response code: java.net.SocketException,Non HTTP response message: Socket closed,Config 3: Exp15 1-387,text,false,,2744,0,249,249,http://localhost:8079/?token=518504778&user=-1355064518&config=3,0,0,0
1777970316291,30470,HTTP Request,Non HTTP response code: java.net.SocketException,Non HTTP response message: Socket closed,Config 3: Exp15 1-102,text,false,,2744,0,249,249,http://localhost:8079/?token=518504778&user=-1355064518&config=3,0,0,0
1777970316942,29819,HTTP Request,Non HTTP response code: java.net.SocketException,Non HTTP response message: Socket closed,Config 3: Exp15 1-370,text,false,,2744,0,248,248,http://localhost:8079/?token=518504778&user=-1355064518&config=3,0,0,0
1777970316002,30759,HTTP Request,Non HTTP response code: java.net.SocketException,Non HTTP response message: Socket closed,Config 3: Exp15 1-143,text,false,,2744,0,247,247,http://localhost:8079/?token=518504778&user=-1355064518&config=3,0,0,1
1777970333616,13145,HTTP Request,Non HTTP response code: java.net.SocketException,Non HTTP response message: Socket closed,Config 3: Exp15 1-315,text,false,,2744,0,245,245,http://localhost:8079/?token=518504778&user=-1355064518&config=3,0,0,0
1777970318811,27950,HTTP Request,Non HTTP response code: java.net.SocketException,Non HTTP response message: Socket closed,Config 3: Exp15 1-389,text,false,,2744,0,245,245,http://localhost:8079/?token=518504778&user=-1355064518&config=3,0,0,0
1777970310867,35895,HTTP Request,Non HTTP response code: java.net.SocketException,Non HTTP response message: Socket closed,Config 3: Exp15 1-236,text,false,,2744,0,245,245,http://localhost:8079/?token=518504778&user=-1355064518&config=3,0,0,0
1777970333623,13138,HTTP Request,Non HTTP response code: java.net.SocketException,Non HTTP response message: Socket closed,Config 3: Exp15 1-318,text,false,,2744,0,243,243,http://localhost:8079/?token=518504778&user=-1355064518&config=3,0,0,0
1777970316002,30759,HTTP Request,Non HTTP response code: java.net.SocketException,Non HTTP response message: Socket closed,Config 3: Exp15 1-155,text,false,,2744,0,242,242,http://localhost:8079/?token=518504778&user=-1355064518&config=3,0,0,0
1777970337266,9495,HTTP Request,Non HTTP response code: java.net.SocketException,Non HTTP response message: Socket closed,Config 3: Exp15 1-28,text,false,,2744,0,242,242,http://localhost:8079/?token=518504778&user=-1355064518&config=3,0,0,1
1777970316001,30761,HTTP Request,Non HTTP response code: java.net.SocketException,Non HTTP response message: Socket closed,Config 3: Exp15 1-231,text,false,,2744,0,239,239,http://localhost:8079/?token=518504778&user=-1355064518&config=3,0,0,0
1777970333616,13146,HTTP Request,Non HTTP response code: java.net.SocketException,Non HTTP response message: Socket closed,Config 3: Exp15 1-35,text,false,,2744,0,239,239,http://localhost:8079/?token=518504778&user=-1355064518&config=3,0,0,0
1777970316293,30469,HTTP Request,Non HTTP response code: java.net.SocketException,Non HTTP response message: Socket closed,Config 3: Exp15 1-380,text,false,,2744,0,239,239,http://localhost:8079/?token=518504778&user=-1355064518&config=3,0,0,0
1777970317901,28861,HTTP Request,Non HTTP response code: java.net.SocketException,Non HTTP response message: Socket closed,Config 3: Exp15 1-397,text,false,,2744,0,237,237,http://localhost:8079/?token=518504778&user=-1355064518&config=3,0,0,0
1777970311787,34976,HTTP Request,Non HTTP response code: java.net.SocketException,Non HTTP response message: Socket closed,Config 3: Exp15 1-253,text,false,,2744,0,235,235,http://localhost:8079/?token=518504778&user=-1355064518&config=3,0,0,1
1777970310867,35896,HTTP Request,Non HTTP response code: java.net.SocketException,Non HTTP response message: Socket closed,Config 3: Exp15 1-124,text,false,,2744,0,235,235,http://localhost:8079/?token=518504778&user=-1355064518&config=3,0,0,0
1777970316002,30760,HTTP Request,Non HTTP response code: java.net.SocketException,Non HTTP response message: Socket closed,Config 3: Exp15 1-345,text,false,,2744,0,233,233,http://localhost:8079/?token=518504778&user=-1355064518&config=3,0,0,0
1777970316001,30761,HTTP Request,Non HTTP response code: java.net.SocketException,Non HTTP response message: Socket closed,Config 3: Exp15 1-350,text,false,,2744,0,233,233,http://localhost:8079/?token=518504778&user=-1355064518&config=3,0,0,0
1777970313631,33133,HTTP Request,Non HTTP response code: java.net.SocketException,Non HTTP response message: Socket closed,Config 3: Exp15 1-114,text,false,,2744,0,231,231,http://localhost:8079/?token=518504778&user=-1355064518&config=3,0,0,0
1777970310531,36233,HTTP Request,Non HTTP response code: java.net.SocketException,Non HTTP response message: Socket closed,Config 3: Exp15 1-107,text,false,,2744,0,232,232,http://localhost:8079/?token=518504778&user=-1355064518&config=3,0,0,1
1777970314093,32670,HTTP Request,Non HTTP response code: java.net.SocketException,Non HTTP response message: Socket closed,Config 3: Exp15 1-227,text,false,,2744,0,229,229,http://localhost:8079/?token=518504778&user=-1355064518&config=3,0,0,1
1777970337266,9497,HTTP Request,Non HTTP response code: java.net.SocketException,Non HTTP response message: Socket closed,Config 3: Exp15 1-49,text,false,,2744,0,228,228,http://localhost:8079/?token=518504778&user=-1355064518&config=3,0,0,1
1777970316003,30760,HTTP Request,Non HTTP response code: java.net.SocketException,Non HTTP response message: Socket closed,Config 3: Exp15 1-109,text,false,,2744,0,228,228,http://localhost:8079/?token=518504778&user=-1355064518&config=3,0,0,0
1777970316003,30761,HTTP Request,Non HTTP response code: java.net.SocketException,Non HTTP response message: Socket closed,Config 3: Exp15 1-123,text,false,,2744,0,226,226,http://localhost:8079/?token=518504778&user=-1355064518&config=3,0,0,0
1777970316936,29827,HTTP Request,Non HTTP response code: java.net.SocketException,Non HTTP response message: Socket closed,Config 3: Exp15 1-327,text,false,,2744,0,226,226,http://localhost:8079/?token=518504778&user=-1355064518&config=3,0,0,0
1777970316300,30464,HTTP Request,Non HTTP response code: java.net.SocketException,Non HTTP response message: Socket closed,Config 3: Exp15 1-62,text,false,,2744,0,224,224,http://localhost:8079/?token=518504778&user=-1355064518&config=3,0,0,0
1777970325310,21455,HTTP Request,Non HTTP response code: java.net.SocketException,Non HTTP response message: Socket closed,Config 3: Exp15 1-178,text,false,,2744,0,223,223,http://localhost:8079/?token=518504778&user=-1355064518&config=3,0,0,1
1777970313630,33135,HTTP Request,Non HTTP response code: java.net.SocketException,Non HTTP response message: Socket closed,Config 3: Exp15 1-257,text,false,,2744,0,223,223,http://localhost:8079/?token=518504778&user=-1355064518&config=3,0,0,1
1777970337127,9637,HTTP Request,Non HTTP response code: java.net.SocketException,Non HTTP response message: Socket closed,Config 3: Exp15 1-167,text,false,,2744,0,223,223,http://localhost:8079/?token=518504778&user=-1355064518&config=3,0,0,0
1777970316002,30762,HTTP Request,Non HTTP response code: java.net.SocketException,Non HTTP response message: Socket closed,Config 3: Exp15 1-346,text,false,,2744,0,223,223,http://localhost:8079/?token=518504778&user=-1355064518&config=3,0,0,0
1777970309461,37304,HTTP Request,Non HTTP response code: java.net.SocketException,Non HTTP response message: Socket closed,Config 3: Exp15 1-255,text,false,,2744,0,219,219,http://localhost:8079/?token=518504778&user=-1355064518&config=3,0,0,1
1777970311787,34978,HTTP Request,Non HTTP response code: java.net.SocketException,Non HTTP response message: Socket closed,Config 3: Exp15 1-217,text,false,,2744,0,219,219,http://localhost:8079/?token=518504778&user=-1355064518&config=3,0,0,1
1777970314090,32674,HTTP Request,Non HTTP response code: java.net.SocketException,Non HTTP response message: Socket closed,Config 3: Exp15 1-141,text,false,,2744,0,219,219,http://localhost:8079/?token=518504778&user=-1355064518&config=3,0,0,1
1777970325310,21456,HTTP Request,Non HTTP response code: java.net.SocketException,Non HTTP response message: Socket closed,Config 3: Exp15 1-57,text,false,,2744,0,217,217,http://localhost:8079/?token=518504778&user=-1355064518&config=3,0,0,0
1777970325309,21456,HTTP Request,Non HTTP response code: java.net.SocketException,Non HTTP response message: Socket closed,Config 3: Exp15 1-404,text,false,,2744,0,218,218,http://localhost:8079/?token=518504778&user=-1355064518&config=3,0,0,0
1777970317901,28864,HTTP Request,Non HTTP response code: java.net.SocketException,Non HTTP response message: Socket closed,Config 3: Exp15 1-304,text,false,,2744,0,215,215,http://localhost:8079/?token=518504778&user=-1355064518&config=3,0,0,0
1777970337266,9499,HTTP Request,Non HTTP response code: java.net.SocketException,Non HTTP response message: Socket closed,Config 3: Exp15 1-31,text,false,,2744,0,215,215,http://localhost:8079/?token=518504778&user=-1355064518&config=3,0,0,1
1777970316300,30466,HTTP Request,Non HTTP response code: java.net.SocketException,Non HTTP response message: Socket closed,Config 3: Exp15 1-276,text,false,,2744,0,212,212,http://localhost:8079/?token=518504778&user=-1355064518&config=3,0,0,0
1777970316003,30763,HTTP Request,Non HTTP response code: java.net.SocketException,Non HTTP response message: Socket closed,Config 3: Exp15 1-145,text,false,,2744,0,211,211,http://localhost:8079/?token=518504778&user=-1355064518&config=3,0,0,0
1777970333624,13142,HTTP Request,Non HTTP response code: java.net.SocketException,Non HTTP response message: Socket closed,Config 3: Exp15 1-205,text,false,,2744,0,211,211,http://localhost:8079/?token=518504778&user=-1355064518&config=3,0,0,0
1777970316003,30763,HTTP Request,Non HTTP response code: java.net.SocketException,Non HTTP response message: Socket closed,Config 3: Exp15 1-15,text,false,,2744,0,211,211,http://localhost:8079/?token=518504778&user=-1355064518&config=3,0,0,0
1777970330019,16747,HTTP Request,Non HTTP response code: java.net.SocketException,Non HTTP response message: Socket closed,Config 3: Exp15 1-209,text,false,,2744,0,210,210,http://localhost:8079/?token=518504778&user=-1355064518&config=3,0,0,0
1777970316003,30763,HTTP Request,Non HTTP response code: java.net.SocketException,Non HTTP response message: Socket closed,Config 3: Exp15 1-187,text,false,,2744,0,210,210,http://localhost:8079/?token=518504778&user=-1355064518&config=3,0,0,0
1777970317901,28865,HTTP Request,Non HTTP response code: java.net.SocketException,Non HTTP response message: Socket closed,Config 3: Exp15 1-398,text,false,,2744,0,208,208,http://localhost:8079/?token=518504778&user=-1355064518&config=3,0,0,0
1777970316003,30763,HTTP Request,Non HTTP response code: java.net.SocketException,Non HTTP response message: Socket closed,Config 3: Exp15 1-75,text,false,,2744,0,208,208,http://localhost:8079/?token=518504778&user=-1355064518&config=3,0,0,0
1777970313630,33137,HTTP Request,Non HTTP response code: java.net.SocketException,Non HTTP response message: Socket closed,Config 3: Exp15 1-115,text,false,,2744,0,208,208,http://localhost:8079/?token=518504778&user=-1355064518&config=3,0,0,1
1777970311787,34980,HTTP Request,Non HTTP response code: java.net.SocketException,Non HTTP response message: Socket closed,Config 3: Exp15 1-201,text,false,,2744,0,207,207,http://localhost:8079/?token=518504778&user=-1355064518&config=3,0,0,0
1777970314088,32678,HTTP Request,Non HTTP response code: java.net.SocketException,Non HTTP response message: Socket closed,Config 3: Exp15 1-24,text,false,,2744,0,206,206,http://localhost:8079/?token=518504778&user=-1355064518&config=3,0,0,1
1777970316002,30764,HTTP Request,Non HTTP response code: java.net.SocketException,Non HTTP response message: Socket closed,Config 3: Exp15 1-149,text,false,,2744,0,205,205,http://localhost:8079/?token=518504778&user=-1355064518&config=3,0,0,0
1777970337163,9603,HTTP Request,Non HTTP response code: java.net.SocketException,Non HTTP response message: Socket closed,Config 3: Exp15 1-36,text,false,,2744,0,204,204,http://localhost:8079/?token=518504778&user=-1355064518&config=3,0,0,0
1777970333624,13142,HTTP Request,Non HTTP response code: java.net.SocketException,Non HTTP response message: Socket closed,Config 3: Exp15 1-106,text,false,,2744,0,204,204,http://localhost:8079/?token=518504778&user=-1355064518&config=3,0,0,0
1777970313631,33136,HTTP Request,Non HTTP response code: java.net.SocketException,Non HTTP response message: Socket closed,Config 3: Exp15 1-119,text,false,,2744,0,206,206,http://localhost:8079/?token=518504778&user=-1355064518&config=3,0,0,0
1777970314022,32745,HTTP Request,Non HTTP response code: java.net.SocketException,Non HTTP response message: Socket closed,Config 3: Exp15 1-244,text,false,,2744,0,197,197,http://localhost:8079/?token=518504778&user=-1355064518&config=3,0,0,1
1777970316602,30165,HTTP Request,Non HTTP response code: java.net.SocketException,Non HTTP response message: Socket closed,Config 3: Exp15 1-364,text,false,,2744,0,196,196,http://localhost:8079/?token=518504778&user=-1355064518&config=3,0,0,0
1777970337300,9467,HTTP Request,Non HTTP response code: java.net.SocketException,Non HTTP response message: Socket closed,Config 3: Exp15 1-2,text,false,,2744,0,196,196,http://localhost:8079/?token=518504778&user=-1355064518&config=3,0,0,1
1777970316002,30765,HTTP Request,Non HTTP response code: java.net.SocketException,Non HTTP response message: Socket closed,Config 3: Exp15 1-82,text,false,,2744,0,196,196,http://localhost:8079/?token=518504778&user=-1355064518&config=3,0,0,0
1777970310866,35903,HTTP Request,Non HTTP response code: java.net.SocketException,Non HTTP response message: Socket closed,Config 3: Exp15 1-117,text,false,,2744,0,196,196,http://localhost:8079/?token=518504778&user=-1355064518&config=3,0,0,1
1777970316003,30765,HTTP Request,Non HTTP response code: java.net.SocketException,Non HTTP response message: Socket closed,Config 3: Exp15 1-74,text,false,,2744,0,196,196,http://localhost:8079/?token=518504778&user=-1355064518&config=3,0,0,0
1777970314030,32737,HTTP Request,Non HTTP response code: java.net.SocketException,Non HTTP response message: Socket closed,Config 3: Exp15 1-270,text,false,,2744,0,196,196,http://localhost:8079/?token=518504778&user=-1355064518&config=3,0,0,0
1777970310867,35902,HTTP Request,Non HTTP response code: java.net.SocketException,Non HTTP response message: Socket closed,Config 3: Exp15 1-7,text,false,,2744,0,195,195,http://localhost:8079/?token=518504778&user=-1355064518&config=3,0,0,0
1777970311788,34981,HTTP Request,Non HTTP response code: java.net.SocketException,Non HTTP response message: Socket closed,Config 3: Exp15 1-278,text,false,,2744,0,193,193,http://localhost:8079/?token=518504778&user=-1355064518&config=3,0,0,0
1777970316293,30475,HTTP Request,Non HTTP response code: java.net.SocketException,Non HTTP response message: Socket closed,Config 3: Exp15 1-241,text,false,,2744,0,193,193,http://localhost:8079/?token=518504778&user=-1355064518&config=3,0,0,0
1777970310868,35901,HTTP Request,Non HTTP response code: java.net.SocketException,Non HTTP response message: Socket closed,Config 3: Exp15 1-237,text,false,,2744,0,193,193,http://localhost:8079/?token=518504778&user=-1355064518&config=3,0,0,0
1777970316602,30166,HTTP Request,Non HTTP response code: java.net.SocketException,Non HTTP response message: Socket closed,Config 3: Exp15 1-333,text,false,,2744,0,193,193,http://localhost:8079/?token=518504778&user=-1355064518&config=3,0,0,0
1777970314025,32743,HTTP Request,Non HTTP response code: java.net.SocketException,Non HTTP response message: Socket closed,Config 3: Exp15 1-228,text,false,,2744,0,193,193,http://localhost:8079/?token=518504778&user=-1355064518&config=3,0,0,0
1777970337266,9503,HTTP Request,Non HTTP response code: java.net.SocketException,Non HTTP response message: Socket closed,Config 3: Exp15 1-34,text,false,,2744,0,184,184,http://localhost:8079/?token=518504778&user=-1355064518&config=3,0,0,1
1777970316003,30766,HTTP Request,Non HTTP response code: java.net.SocketException,Non HTTP response message: Socket closed,Config 3: Exp15 1-138,text,false,,2744,0,184,184,http://localhost:8079/?token=518504778&user=-1355064518&config=3,0,0,0
1777970311787,34984,HTTP Request,Non HTTP response code: java.net.SocketException,Non HTTP response message: Socket closed,Config 3: Exp15 1-384,text,false,,2744,0,184,184,http://localhost:8079/?token=518504778&user=-1355064518&config=3,0,0,0
1777970314011,32758,HTTP Request,Non HTTP response code: java.net.SocketException,Non HTTP response message: Socket closed,Config 3: Exp15 1-341,text,false,,2744,0,184,184,http://localhost:8079/?token=518504778&user=-1355064518&config=3,0,0,0
1777970313630,33141,HTTP Request,Non HTTP response code: java.net.SocketException,Non HTTP response message: Socket closed,Config 3: Exp15 1-263,text,false,,2744,0,181,181,http://localhost:8079/?token=518504778&user=-1355064518&config=3,0,0,1
1777970316002,30768,HTTP Request,Non HTTP response code: java.net.SocketException,Non HTTP response message: Socket closed,Config 3: Exp15 1-347,text,false,,2744,0,180,180,http://localhost:8079/?token=518504778&user=-1355064518&config=3,0,0,0
1777970314090,32680,HTTP Request,Non HTTP response code: java.net.SocketException,Non HTTP response message: Socket closed,Config 3: Exp15 1-14,text,false,,2744,0,180,180,http://localhost:8079/?token=518504778&user=-1355064518&config=3,0,0,0
1777970316293,30477,HTTP Request,Non HTTP response code: java.net.SocketException,Non HTTP response message: Socket closed,Config 3: Exp15 1-98,text,false,,2744,0,180,180,http://localhost:8079/?token=518504778&user=-1355064518&config=3,0,0,0
1777970326216,20555,HTTP Request,Non HTTP response code: java.net.SocketException,Non HTTP response message: Socket closed,Config 3: Exp15 1-165,text,false,,2744,0,180,180,http://localhost:8079/?token=518504778&user=-1355064518&config=3,0,0,1
1777970314069,32710,HTTP Request,Non HTTP response code: java.net.SocketException,Non HTTP response message: Socket closed,Config 3: Exp15 1-161,text,false,,2744,0,177,177,http://localhost:8079/?token=518504778&user=-1355064518&config=3,0,0,0
1777970325311,21469,HTTP Request,Non HTTP response code: java.net.SocketException,Non HTTP response message: Socket closed,Config 3: Exp15 1-172,text,false,,2744,0,174,174,http://localhost:8079/?token=518504778&user=-1355064518&config=3,0,0,0
1777970333616,13163,HTTP Request,Non HTTP response code: java.net.SocketException,Non HTTP response message: Socket closed,Config 3: Exp15 1-174,text,false,,2744,0,174,174,http://localhost:8079/?token=518504778&user=-1355064518&config=3,0,0,0
1777970333616,13163,HTTP Request,Non HTTP response code: java.net.SocketException,Non HTTP response message: Socket closed,Config 3: Exp15 1-53,text,false,,2744,0,174,174,http://localhost:8079/?token=518504778&user=-1355064518&config=3,0,0,0
1777970316602,30177,HTTP Request,Non HTTP response code: java.net.SocketException,Non HTTP response message: Socket closed,Config 3: Exp15 1-362,text,false,,2744,0,172,172,http://localhost:8079/?token=518504778&user=-1355064518&config=3,0,0,0
1777970311787,34993,HTTP Request,Non HTTP response code: java.net.SocketException,Non HTTP response message: Socket closed,Config 3: Exp15 1-220,text,false,,2744,0,172,172,http://localhost:8079/?token=518504778&user=-1355064518&config=3,0,0,1
1777970313631,33149,HTTP Request,Non HTTP response code: java.net.SocketException,Non HTTP response message: Socket closed,Config 3: Exp15 1-125,text,false,,2744,0,172,172,http://localhost:8079/?token=518504778&user=-1355064518&config=3,0,0,0
1777970311788,34993,HTTP Request,Non HTTP response code: java.net.SocketException,Non HTTP response message: Socket closed,Config 3: Exp15 1-246,text,false,,2744,0,168,168,http://localhost:8079/?token=518504778&user=-1355064518&config=3,0,0,0
1777970316002,30778,HTTP Request,Non HTTP response code: java.net.SocketException,Non HTTP response message: Socket closed,Config 3: Exp15 1-72,text,false,,2744,0,168,168,http://localhost:8079/?token=518504778&user=-1355064518&config=3,0,0,0
1777970316602,30178,HTTP Request,Non HTTP response code: java.net.SocketException,Non HTTP response message: Socket closed,Config 3: Exp15 1-330,text,false,,2744,0,166,166,http://localhost:8079/?token=518504778&user=-1355064518&config=3,0,0,0
1777970316002,30778,HTTP Request,Non HTTP response code: java.net.SocketException,Non HTTP response message: Socket closed,Config 3: Exp15 1-148,text,false,,2744,0,166,166,http://localhost:8079/?token=518504778&user=-1355064518&config=3,0,0,0
1777970316293,30487,HTTP Request,Non HTTP response code: java.net.SocketException,Non HTTP response message: Socket closed,Config 3: Exp15 1-89,text,false,,2744,0,166,166,http://localhost:8079/?token=518504778&user=-1355064518&config=3,0,0,0
1777970333616,13164,HTTP Request,Non HTTP response code: java.net.SocketException,Non HTTP response message: Socket closed,Config 3: Exp15 1-309,text,false,,2744,0,165,165,http://localhost:8079/?token=518504778&user=-1355064518&config=3,0,0,1
1777970314029,32751,HTTP Request,Non HTTP response code: java.net.SocketException,Non HTTP response message: Socket closed,Config 3: Exp15 1-25,text,false,,2744,0,164,164,http://localhost:8079/?token=518504778&user=-1355064518&config=3,0,0,1
1777970316002,30778,HTTP Request,Non HTTP response code: java.net.SocketException,Non HTTP response message: Socket closed,Config 3: Exp15 1-286,text,false,,2744,0,162,162,http://localhost:8079/?token=518504778&user=-1355064518&config=3,0,0,1
1777970316942,29839,HTTP Request,Non HTTP response code: java.net.SocketException,Non HTTP response message: Socket closed,Config 3: Exp15 1-331,text,false,,2744,0,160,160,http://localhost:8079/?token=518504778&user=-1355064518&config=3,0,0,0
1777970313630,33151,HTTP Request,Non HTTP response code: java.net.SocketException,Non HTTP response message: Socket closed,Config 3: Exp15 1-8,text,false,,2744,0,160,160,http://localhost:8079/?token=518504778&user=-1355064518&config=3,0,0,1
1777970316002,30779,HTTP Request,Non HTTP response code: java.net.SocketException,Non HTTP response message: Socket closed,Config 3: Exp15 1-54,text,false,,2744,0,160,160,http://localhost:8079/?token=518504778&user=-1355064518&config=3,0,0,0
1777970316002,30779,HTTP Request,Non HTTP response code: java.net.SocketException,Non HTTP response message: Socket closed,Config 3: Exp15 1-73,text,false,,2744,0,158,158,http://localhost:8079/?token=518504778&user=-1355064518&config=3,0,0,0
1777970316937,29844,HTTP Request,Non HTTP response code: java.net.SocketException,Non HTTP response message: Socket closed,Config 3: Exp15 1-359,text,false,,2744,0,158,158,http://localhost:8079/?token=518504778&user=-1355064518&config=3,0,0,0
1777970337266,9515,HTTP Request,Non HTTP response code: java.net.SocketException,Non HTTP response message: Socket closed,Config 3: Exp15 1-33,text,false,,2744,0,156,156,http://localhost:8079/?token=518504778&user=-1355064518&config=3,0,0,1
1777970316602,30179,HTTP Request,Non HTTP response code: java.net.SocketException,Non HTTP response message: Socket closed,Config 3: Exp15 1-365,text,false,,2744,0,154,154,http://localhost:8079/?token=518504778&user=-1355064518&config=3,0,0,0
1777970316003,30778,HTTP Request,Non HTTP response code: java.net.SocketException,Non HTTP response message: Socket closed,Config 3: Exp15 1-101,text,false,,2744,0,153,153,http://localhost:8079/?token=518504778&user=-1355064518&config=3,0,0,0
1777970325310,21472,HTTP Request,Non HTTP response code: java.net.SocketException,Non HTTP response message: Socket closed,Config 3: Exp15 1-247,text,false,,2744,0,153,153,http://localhost:8079/?token=518504778&user=-1355064518&config=3,0,0,0
1777970316003,30778,HTTP Request,Non HTTP response code: java.net.SocketException,Non HTTP response message: Socket closed,Config 3: Exp15 1-59,text,false,,2744,0,152,152,http://localhost:8079/?token=518504778&user=-1355064518&config=3,0,0,0
1777970316003,30778,HTTP Request,Non HTTP response code: java.net.SocketException,Non HTTP response message: Socket closed,Config 3: Exp15 1-91,text,false,,2744,0,152,152,http://localhost:8079/?token=518504778&user=-1355064518&config=3,0,0,0
1777970316293,30489,HTTP Request,Non HTTP response code: java.net.SocketException,Non HTTP response message: Socket closed,Config 3: Exp15 1-377,text,false,,2744,0,149,149,http://localhost:8079/?token=518504778&user=-1355064518&config=3,0,0,0
1777970316294,30488,HTTP Request,Non HTTP response code: java.net.SocketException,Non HTTP response message: Socket closed,Config 3: Exp15 1-290,text,false,,2744,0,149,149,http://localhost:8079/?token=518504778&user=-1355064518&config=3,0,0,0
1777970314030,32752,HTTP Request,Non HTTP response code: java.net.SocketException,Non HTTP response message: Socket closed,Config 3: Exp15 1-285,text,false,,2744,0,147,147,http://localhost:8079/?token=518504778&user=-1355064518&config=3,0,0,0
1777970316003,30779,HTTP Request,Non HTTP response code: java.net.SocketException,Non HTTP response message: Socket closed,Config 3: Exp15 1-39,text,false,,2744,0,146,146,http://localhost:8079/?token=518504778&user=-1355064518&config=3,0,0,0
1777970337300,9482,HTTP Request,Non HTTP response code: java.net.SocketException,Non HTTP response message: Socket closed,Config 3: Exp15 1-46,text,false,,2744,0,146,146,http://localhost:8079/?token=518504778&user=-1355064518&config=3,0,0,1
1777970317901,28881,HTTP Request,Non HTTP response code: java.net.SocketException,Non HTTP response message: Socket closed,Config 3: Exp15 1-303,text,false,,2744,0,145,145,http://localhost:8079/?token=518504778&user=-1355064518&config=3,0,0,0
1777970314088,32694,HTTP Request,Non HTTP response code: java.net.SocketException,Non HTTP response message: Socket closed,Config 3: Exp15 1-199,text,false,,2744,0,144,144,http://localhost:8079/?token=518504778&user=-1355064518&config=3,0,0,1
1777970318811,27971,HTTP Request,Non HTTP response code: java.net.SocketException,Non HTTP response message: Socket closed,Config 3: Exp15 1-368,text,false,,2744,0,144,144,http://localhost:8079/?token=518504778&user=-1355064518&config=3,0,0,0
1777970316002,30781,HTTP Request,Non HTTP response code: java.net.SocketException,Non HTTP response message: Socket closed,Config 3: Exp15 1-230,text,false,,2744,0,143,143,http://localhost:8079/?token=518504778&user=-1355064518&config=3,0,0,0
1777970316602,30181,HTTP Request,Non HTTP response code: java.net.SocketException,Non HTTP response message: Socket closed,Config 3: Exp15 1-332,text,false,,2744,0,140,140,http://localhost:8079/?token=518504778&user=-1355064518&config=3,0,0,0
1777970325310,21474,HTTP Request,Non HTTP response code: java.net.SocketException,Non HTTP response message: Socket closed,Config 3: Exp15 1-195,text,false,,2744,0,140,140,http://localhost:8079/?token=518504778&user=-1355064518&config=3,0,0,0
1777970316003,30780,HTTP Request,Non HTTP response code: java.net.SocketException,Non HTTP response message: Socket closed,Config 3: Exp15 1-194,text,false,,2744,0,138,138,http://localhost:8079/?token=518504778&user=-1355064518&config=3,0,0,0
1777970314032,32751,HTTP Request,Non HTTP response code: java.net.SocketException,Non HTTP response message: Socket closed,Config 3: Exp15 1-198,text,false,,2744,0,138,138,http://localhost:8079/?token=518504778&user=-1355064518&config=3,0,0,0
1777970316936,29848,HTTP Request,Non HTTP response code: java.net.SocketException,Non HTTP response message: Socket closed,Config 3: Exp15 1-386,text,false,,2744,0,137,137,http://localhost:8079/?token=518504778&user=-1355064518&config=3,0,0,0
1777970333623,13161,HTTP Request,Non HTTP response code: java.net.SocketException,Non HTTP response message: Socket closed,Config 3: Exp15 1-192,text,false,,2744,0,136,136,http://localhost:8079/?token=518504778&user=-1355064518&config=3,0,0,0
1777970317901,28883,HTTP Request,Non HTTP response code: java.net.SocketException,Non HTTP response message: Socket closed,Config 3: Exp15 1-394,text,false,,2744,0,136,136,http://localhost:8079/?token=518504778&user=-1355064518&config=3,0,0,0
1777970337267,9517,HTTP Request,Non HTTP response code: java.net.SocketException,Non HTTP response message: Socket closed,Config 3: Exp15 1-22,text,false,,2744,0,136,136,http://localhost:8079/?token=518504778&user=-1355064518&config=3,0,0,0
1777970330019,16765,HTTP Request,Non HTTP response code: java.net.SocketException,Non HTTP response message: Socket closed,Config 3: Exp15 1-42,text,false,,2744,0,134,134,http://localhost:8079/?token=518504778&user=-1355064518&config=3,0,0,0
1777970325310,21475,HTTP Request,Non HTTP response code: java.net.SocketException,Non HTTP response message: Socket closed,Config 3: Exp15 1-146,text,false,,2744,0,131,131,http://localhost:8079/?token=518504778&user=-1355064518&config=3,0,0,0
1777970314876,31908,HTTP Request,Non HTTP response code: java.net.SocketException,Non HTTP response message: Socket closed,Config 3: Exp15 1-163,text,false,,2744,0,131,131,http://localhost:8079/?token=518504778&user=-1355064518&config=3,0,0,1
1777970313937,32847,HTTP Request,Non HTTP response code: java.net.SocketException,Non HTTP response message: Socket closed,Config 3: Exp15 1-320,text,false,,2744,0,131,131,http://localhost:8079/?token=518504778&user=-1355064518&config=3,0,0,0
1777970325310,21475,HTTP Request,Non HTTP response code: java.net.SocketException,Non HTTP response message: Socket closed,Config 3: Exp15 1-158,text,false,,2744,0,131,131,http://localhost:8079/?token=518504778&user=-1355064518&config=3,0,0,0
1777970309461,37325,HTTP Request,Non HTTP response code: java.net.SocketException,Non HTTP response message: Socket closed,Config 3: Exp15 1-133,text,false,,2744,0,129,129,http://localhost:8079/?token=518504778&user=-1355064518&config=3,0,0,1
1777970318811,27974,HTTP Request,Non HTTP response code: java.net.SocketException,Non HTTP response message: Socket closed,Config 3: Exp15 1-391,text,false,,2744,0,128,128,http://localhost:8079/?token=518504778&user=-1355064518&config=3,0,0,0
1777970314029,32756,HTTP Request,Non HTTP response code: java.net.SocketException,Non HTTP response message: Socket closed,Config 3: Exp15 1-262,text,false,,2744,0,125,125,http://localhost:8079/?token=518504778&user=-1355064518&config=3,0,0,1
1777970311788,34998,HTTP Request,Non HTTP response code: java.net.SocketException,Non HTTP response message: Socket closed,Config 3: Exp15 1-169,text,false,,2744,0,124,124,http://localhost:8079/?token=518504778&user=-1355064518&config=3,0,0,0
1777970314011,32774,HTTP Request,Non HTTP response code: java.net.SocketException,Non HTTP response message: Socket closed,Config 3: Exp15 1-3,text,false,,2744,0,123,123,http://localhost:8079/?token=518504778&user=-1355064518&config=3,0,0,0
1777970314029,32757,HTTP Request,Non HTTP response code: java.net.SocketException,Non HTTP response message: Socket closed,Config 3: Exp15 1-260,text,false,,2744,0,123,123,http://localhost:8079/?token=518504778&user=-1355064518&config=3,0,0,1
1777970311787,35000,HTTP Request,Non HTTP response code: java.net.SocketException,Non HTTP response message: Socket closed,Config 3: Exp15 1-385,text,false,,2744,0,122,122,http://localhost:8079/?token=518504778&user=-1355064518&config=3,0,0,0
1777970310531,36256,HTTP Request,Non HTTP response code: java.net.SocketException,Non HTTP response message: Socket closed,Config 3: Exp15 1-259,text,false,,2744,0,122,122,http://localhost:8079/?token=518504778&user=-1355064518&config=3,0,0,1
1777970337266,9520,HTTP Request,Non HTTP response code: java.net.SocketException,Non HTTP response message: Socket closed,Config 3: Exp15 1-314,text,false,,2744,0,120,120,http://localhost:8079/?token=518504778&user=-1355064518&config=3,0,0,1
1777970325311,21476,HTTP Request,Non HTTP response code: java.net.SocketException,Non HTTP response message: Socket closed,Config 3: Exp15 1-179,text,false,,2744,0,119,119,http://localhost:8079/?token=518504778&user=-1355064518&config=3,0,0,0
1777970310046,36741,HTTP Request,Non HTTP response code: java.net.SocketException,Non HTTP response message: Socket closed,Config 3: Exp15 1-132,text,false,,2744,0,118,118,http://localhost:8079/?token=518504778&user=-1355064518&config=3,0,0,0
1777970316001,30785,HTTP Request,Non HTTP response code: java.net.SocketException,Non HTTP response message: Socket closed,Config 3: Exp15 1-351,text,false,,2744,0,116,116,http://localhost:8079/?token=518504778&user=-1355064518&config=3,0,0,0
1777970324863,21924,HTTP Request,Non HTTP response code: java.net.SocketException,Non HTTP response message: Socket closed,Config 3: Exp15 1-223,text,false,,2744,0,116,116,http://localhost:8079/?token=518504778&user=-1355064518&config=3,0,0,0
1777970311787,35000,HTTP Request,Non HTTP response code: java.net.SocketException,Non HTTP response message: Socket closed,Config 3: Exp15 1-354,text,false,,2744,0,116,116,http://localhost:8079/?token=518504778&user=-1355064518&config=3,0,0,0
1777970314089,32698,HTTP Request,Non HTTP response code: java.net.SocketException,Non HTTP response message: Socket closed,Config 3: Exp15 1-288,text,false,,2744,0,113,113,http://localhost:8079/?token=518504778&user=-1355064518&config=3,0,0,1
1777970316003,30784,HTTP Request,Non HTTP response code: java.net.SocketException,Non HTTP response message: Socket closed,Config 3: Exp15 1-200,text,false,,2744,0,112,112,http://localhost:8079/?token=518504778&user=-1355064518&config=3,0,0,0
1777970337266,9521,HTTP Request,Non HTTP response code: java.net.SocketException,Non HTTP response message: Socket closed,Config 3: Exp15 1-50,text,false,,2744,0,112,112,http://localhost:8079/?token=518504778&user=-1355064518&config=3,0,0,1
1777970337300,9487,HTTP Request,Non HTTP response code: java.net.SocketException,Non HTTP response message: Socket closed,Config 3: Exp15 1-47,text,false,,2744,0,112,112,http://localhost:8079/?token=518504778&user=-1355064518&config=3,0,0,1
1777970317901,28886,HTTP Request,Non HTTP response code: java.net.SocketException,Non HTTP response message: Socket closed,Config 3: Exp15 1-395,text,false,,2744,0,111,111,http://localhost:8079/?token=518504778&user=-1355064518&config=3,0,0,0
1777970333623,13164,HTTP Request,Non HTTP response code: java.net.SocketException,Non HTTP response message: Socket closed,Config 3: Exp15 1-206,text,false,,2744,0,110,110,http://localhost:8079/?token=518504778&user=-1355064518&config=3,0,0,0
1777970316293,30494,HTTP Request,Non HTTP response code: java.net.SocketException,Non HTTP response message: Socket closed,Config 3: Exp15 1-240,text,false,,2744,0,109,109,http://localhost:8079/?token=518504778&user=-1355064518&config=3,0,0,0
1777970318811,27976,HTTP Request,Non HTTP response code: java.net.SocketException,Non HTTP response message: Socket closed,Config 3: Exp15 1-390,text,false,,2744,0,109,109,http://localhost:8079/?token=518504778&user=-1355064518&config=3,0,0,0
1777970310532,36256,HTTP Request,Non HTTP response code: java.net.SocketException,Non HTTP response message: Socket closed,Config 3: Exp15 1-135,text,false,,2744,0,109,109,http://localhost:8079/?token=518504778&user=-1355064518&config=3,0,0,0
1777970311787,35001,HTTP Request,Non HTTP response code: java.net.SocketException,Non HTTP response message: Socket closed,Config 3: Exp15 1-355,text,false,,2744,0,109,109,http://localhost:8079/?token=518504778&user=-1355064518&config=3,0,0,0
1777970325310,21479,HTTP Request,Non HTTP response code: java.net.SocketException,Non HTTP response message: Socket closed,Config 3: Exp15 1-336,text,false,,2744,0,107,107,http://localhost:8079/?token=518504778&user=-1355064518&config=3,0,0,0
1777970318811,27977,HTTP Request,Non HTTP response code: java.net.SocketException,Non HTTP response message: Socket closed,Config 3: Exp15 1-298,text,false,,2744,0,106,106,http://localhost:8079/?token=518504778&user=-1355064518&config=3,0,0,1
1777970333616,13172,HTTP Request,Non HTTP response code: java.net.SocketException,Non HTTP response message: Socket closed,Config 3: Exp15 1-316,text,false,,2744,0,102,102,http://localhost:8079/?token=518504778&user=-1355064518&config=3,0,0,0
1777970316293,30495,HTTP Request,Non HTTP response code: java.net.SocketException,Non HTTP response message: Socket closed,Config 3: Exp15 1-294,text,false,,2744,0,100,100,http://localhost:8079/?token=518504778&user=-1355064518&config=3,0,0,0
1777970316001,30787,HTTP Request,Non HTTP response code: java.net.SocketException,Non HTTP response message: Socket closed,Config 3: Exp15 1-375,text,false,,2744,0,99,99,http://localhost:8079/?token=518504778&user=-1355064518&config=3,0,0,0
1777970326216,20574,HTTP Request,Non HTTP response code: java.net.SocketException,Non HTTP response message: Socket closed,Config 3: Exp15 1-152,text,false,,2744,0,99,99,http://localhost:8079/?token=518504778&user=-1355064518&config=3,0,0,0
1777970325310,21480,HTTP Request,Non HTTP response code: java.net.SocketException,Non HTTP response message: Socket closed,Config 3: Exp15 1-190,text,false,,2744,0,97,97,http://localhost:8079/?token=518504778&user=-1355064518&config=3,0,0,0
1777970316602,30187,HTTP Request,Non HTTP response code: java.net.SocketException,Non HTTP response message: Socket closed,Config 3: Exp15 1-361,text,false,,2744,0,99,99,http://localhost:8079/?token=518504778&user=-1355064518&config=3,0,0,0
1777970316001,30788,HTTP Request,Non HTTP response code: java.net.SocketException,Non HTTP response message: Socket closed,Config 3: Exp15 1-68,text,false,,2744,0,97,97,http://localhost:8079/?token=518504778&user=-1355064518&config=3,0,0,0
1777970326216,20574,HTTP Request,Non HTTP response code: java.net.SocketException,Non HTTP response message: Socket closed,Config 3: Exp15 1-335,text,false,,2744,0,96,96,http://localhost:8079/?token=518504778&user=-1355064518&config=3,0,0,0
1777970311787,35003,HTTP Request,Non HTTP response code: java.net.SocketException,Non HTTP response message: Socket closed,Config 3: Exp15 1-323,text,false,,2744,0,94,94,http://localhost:8079/?token=518504778&user=-1355064518&config=3,0,0,0
1777970316291,30498,HTTP Request,Non HTTP response code: java.net.SocketException,Non HTTP response message: Socket closed,Config 3: Exp15 1-242,text,false,,2744,0,92,92,http://localhost:8079/?token=518504778&user=-1355064518&config=3,0,0,0
1777970314029,32761,HTTP Request,Non HTTP response code: java.net.SocketException,Non HTTP response message: Socket closed,Config 3: Exp15 1-264,text,false,,2744,0,92,92,http://localhost:8079/?token=518504778&user=-1355064518&config=3,0,0,1
1777970316602,30188,HTTP Request,Non HTTP response code: java.net.SocketException,Non HTTP response message: Socket closed,Config 3: Exp15 1-182,text,false,,2744,0,90,90,http://localhost:8079/?token=518504778&user=-1355064518&config=3,0,0,0
1777970314088,32702,HTTP Request,Non HTTP response code: java.net.SocketException,Non HTTP response message: Socket closed,Config 3: Exp15 1-197,text,false,,2744,0,90,90,http://localhost:8079/?token=518504778&user=-1355064518&config=3,0,0,1
1777970316602,30188,HTTP Request,Non HTTP response code: java.net.SocketException,Non HTTP response message: Socket closed,Config 3: Exp15 1-363,text,false,,2744,0,90,90,http://localhost:8079/?token=518504778&user=-1355064518&config=3,0,0,0
1777970316293,30497,HTTP Request,Non HTTP response code: java.net.SocketException,Non HTTP response message: Socket closed,Config 3: Exp15 1-378,text,false,,2744,0,88,88,http://localhost:8079/?token=518504778&user=-1355064518&config=3,0,0,0
1777970319260,27530,HTTP Request,Non HTTP response code: java.net.SocketException,Non HTTP response message: Socket closed,Config 3: Exp15 1-308,text,false,,2744,0,88,88,http://localhost:8079/?token=518504778&user=-1355064518&config=3,0,0,0
1777970309461,37330,HTTP Request,Non HTTP response code: java.net.SocketException,Non HTTP response message: Socket closed,Config 3: Exp15 1-282,text,false,,2744,0,85,85,http://localhost:8079/?token=518504778&user=-1355064518&config=3,0,0,1
1777970333623,13167,HTTP Request,Non HTTP response code: java.net.SocketException,Non HTTP response message: Socket closed,Config 3: Exp15 1-273,text,false,,2744,0,85,85,http://localhost:8079/?token=518504778&user=-1355064518&config=3,0,0,1
1777970316291,30499,HTTP Request,Non HTTP response code: java.net.SocketException,Non HTTP response message: Socket closed,Config 3: Exp15 1-373,text,false,,2744,0,84,84,http://localhost:8079/?token=518504778&user=-1355064518&config=3,0,0,0
1777970316003,30787,HTTP Request,Non HTTP response code: java.net.SocketException,Non HTTP response message: Socket closed,Config 3: Exp15 1-287,text,false,,2744,0,83,83,http://localhost:8079/?token=518504778&user=-1355064518&config=3,0,0,0
1777970316003,30788,HTTP Request,Non HTTP response code: java.net.SocketException,Non HTTP response message: Socket closed,Config 3: Exp15 1-239,text,false,,2744,0,81,81,http://localhost:8079/?token=518504778&user=-1355064518&config=3,0,0,0
1777970316002,30789,HTTP Request,Non HTTP response code: java.net.SocketException,Non HTTP response message: Socket closed,Config 3: Exp15 1-60,text,false,,2744,0,81,81,http://localhost:8079/?token=518504778&user=-1355064518&config=3,0,0,0
1777970337267,9524,HTTP Request,Non HTTP response code: java.net.SocketException,Non HTTP response message: Socket closed,Config 3: Exp15 1-171,text,false,,2744,0,80,80,http://localhost:8079/?token=518504778&user=-1355064518&config=3,0,0,0
1777970314069,32722,HTTP Request,Non HTTP response code: java.net.SocketException,Non HTTP response message: Socket closed,Config 3: Exp15 1-20,text,false,,2744,0,79,79,http://localhost:8079/?token=518504778&user=-1355064518&config=3,0,0,0
1777970316001,30790,HTTP Request,Non HTTP response code: java.net.SocketException,Non HTTP response message: Socket closed,Config 3: Exp15 1-374,text,false,,2744,0,77,77,http://localhost:8079/?token=518504778&user=-1355064518&config=3,0,0,0
1777970325311,21481,HTTP Request,Non HTTP response code: java.net.SocketException,Non HTTP response message: Socket closed,Config 3: Exp15 1-162,text,false,,2744,0,77,77,http://localhost:8079/?token=518504778&user=-1355064518&config=3,0,0,0
1777970311787,35005,HTTP Request,Non HTTP response code: java.net.SocketException,Non HTTP response message: Socket closed,Config 3: Exp15 1-289,text,false,,2744,0,77,77,http://localhost:8079/?token=518504778&user=-1355064518&config=3,0,0,0
1777970314011,32780,HTTP Request,Non HTTP response code: java.net.SocketException,Non HTTP response message: Socket closed,Config 3: Exp15 1-203,text,false,,2744,0,77,77,http://localhost:8079/?token=518504778&user=-1355064518&config=3,0,0,0
1777970313937,32854,HTTP Request,Non HTTP response code: java.net.SocketException,Non HTTP response message: Socket closed,Config 3: Exp15 1-225,text,false,,2744,0,77,77,http://localhost:8079/?token=518504778&user=-1355064518&config=3,0,0,0
1777970337193,9599,HTTP Request,Non HTTP response code: java.net.SocketException,Non HTTP response message: Socket closed,Config 3: Exp15 1-312,text,false,,2744,0,74,74,http://localhost:8079/?token=518504778&user=-1355064518&config=3,0,0,1
1777970316003,30789,HTTP Request,Non HTTP response code: java.net.SocketException,Non HTTP response message: Socket closed,Config 3: Exp15 1-86,text,false,,2744,0,73,73,http://localhost:8079/?token=518504778&user=-1355064518&config=3,0,0,0
1777970318811,27981,HTTP Request,Non HTTP response code: java.net.SocketException,Non HTTP response message: Socket closed,Config 3: Exp15 1-388,text,false,,2744,0,70,70,http://localhost:8079/?token=518504778&user=-1355064518&config=3,0,0,0
1777970318811,27982,HTTP Request,Non HTTP response code: java.net.SocketException,Non HTTP response message: Socket closed,Config 3: Exp15 1-392,text,false,,2744,0,69,69,http://localhost:8079/?token=518504778&user=-1355064518&config=3,0,0,0
1777970316002,30791,HTTP Request,Non HTTP response code: java.net.SocketException,Non HTTP response message: Socket closed,Config 3: Exp15 1-55,text,false,,2744,0,69,69,http://localhost:8079/?token=518504778&user=-1355064518&config=3,0,0,0
1777970314011,32782,HTTP Request,Non HTTP response code: java.net.SocketException,Non HTTP response message: Socket closed,Config 3: Exp15 1-103,text,false,,2744,0,69,69,http://localhost:8079/?token=518504778&user=-1355064518&config=3,0,0,0
1777970314011,32782,HTTP Request,Non HTTP response code: java.net.SocketException,Non HTTP response message: Socket closed,Config 3: Exp15 1-207,text,false,,2744,0,69,69,http://localhost:8079/?token=518504778&user=-1355064518&config=3,0,0,0
1777970316602,30191,HTTP Request,Non HTTP response code: java.net.SocketException,Non HTTP response message: Socket closed,Config 3: Exp15 1-181,text,false,,2744,0,69,69,http://localhost:8079/?token=518504778&user=-1355064518&config=3,0,0,0
1777970314093,32700,HTTP Request,Non HTTP response code: java.net.SocketException,Non HTTP response message: Socket closed,Config 3: Exp15 1-159,text,false,,2744,0,69,69,http://localhost:8079/?token=518504778&user=-1355064518&config=3,0,0,1
1777970316293,30500,HTTP Request,Non HTTP response code: java.net.SocketException,Non HTTP response message: Socket closed,Config 3: Exp15 1-382,text,false,,2744,0,69,69,http://localhost:8079/?token=518504778&user=-1355064518&config=3,0,0,0
1777970325311,21483,HTTP Request,Non HTTP response code: java.net.SocketException,Non HTTP response message: Socket closed,Config 3: Exp15 1-189,text,false,,2744,0,69,69,http://localhost:8079/?token=518504778&user=-1355064518&config=3,0,0,0
1777970325311,21483,HTTP Request,Non HTTP response code: java.net.SocketException,Non HTTP response message: Socket closed,Config 3: Exp15 1-4,text,false,,2744,0,69,69,http://localhost:8079/?token=518504778&user=-1355064518&config=3,0,0,0
1777970311788,35006,HTTP Request,Non HTTP response code: java.net.SocketException,Non HTTP response message: Socket closed,Config 3: Exp15 1-216,text,false,,2744,0,67,67,http://localhost:8079/?token=518504778&user=-1355064518&config=3,0,0,0
1777970314030,32763,HTTP Request,Non HTTP response code: java.net.SocketException,Non HTTP response message: Socket closed,Config 3: Exp15 1-129,text,false,,2744,0,67,67,http://localhost:8079/?token=518504778&user=-1355064518&config=3,0,0,0
1777970314088,32705,HTTP Request,Non HTTP response code: java.net.SocketException,Non HTTP response message: Socket closed,Config 3: Exp15 1-267,text,false,,2744,0,69,69,http://localhost:8079/?token=518504778&user=-1355064518&config=3,0,0,1
1777970316003,30790,HTTP Request,Non HTTP response code: java.net.SocketException,Non HTTP response message: Socket closed,Config 3: Exp15 1-84,text,false,,2744,0,67,67,http://localhost:8079/?token=518504778&user=-1355064518&config=3,0,0,0
1777970316291,30502,HTTP Request,Non HTTP response code: java.net.SocketException,Non HTTP response message: Socket closed,Config 3: Exp15 1-213,text,false,,2744,0,67,67,http://localhost:8079/?token=518504778&user=-1355064518&config=3,0,0,0
1777970317902,28891,HTTP Request,Non HTTP response code: java.net.SocketException,Non HTTP response message: Socket closed,Config 3: Exp15 1-401,text,false,,2744,0,62,62,http://localhost:8079/?token=518504778&user=-1355064518&config=3,0,0,0
1777970309461,37333,HTTP Request,Non HTTP response code: java.net.SocketException,Non HTTP response message: Socket closed,Config 3: Exp15 1-283,text,false,,2744,0,62,62,http://localhost:8079/?token=518504778&user=-1355064518&config=3,0,0,1
1777970316293,30502,HTTP Request,Non HTTP response code: java.net.SocketException,Non HTTP response message: Socket closed,Config 3: Exp15 1-100,text,false,,2744,0,53,53,http://localhost:8079/?token=518504778&user=-1355064518&config=3,0,0,0
1777970318811,27984,HTTP Request,Non HTTP response code: java.net.SocketException,Non HTTP response message: Socket closed,Config 3: Exp15 1-300,text,false,,2744,0,52,52,http://localhost:8079/?token=518504778&user=-1355064518&config=3,0,0,1
1777970316300,30495,HTTP Request,Non HTTP response code: java.net.SocketException,Non HTTP response message: Socket closed,Config 3: Exp15 1-251,text,false,,2744,0,52,52,http://localhost:8079/?token=518504778&user=-1355064518&config=3,0,0,0
1777970316002,30793,HTTP Request,Non HTTP response code: java.net.SocketException,Non HTTP response message: Socket closed,Config 3: Exp15 1-94,text,false,,2744,0,52,52,http://localhost:8079/?token=518504778&user=-1355064518&config=3,0,0,0
1777970316002,30793,HTTP Request,Non HTTP response code: java.net.SocketException,Non HTTP response message: Socket closed,Config 3: Exp15 1-52,text,false,,2744,0,52,52,http://localhost:8079/?token=518504778&user=-1355064518&config=3,0,0,0
1777970316002,30793,HTTP Request,Non HTTP response code: java.net.SocketException,Non HTTP response message: Socket closed,Config 3: Exp15 1-9,text,false,,2744,0,52,52,http://localhost:8079/?token=518504778&user=-1355064518&config=3,0,0,0
1777970314029,32766,HTTP Request,Non HTTP response code: java.net.SocketException,Non HTTP response message: Socket closed,Config 3: Exp15 1-128,text,false,,2744,0,50,50,http://localhost:8079/?token=518504778&user=-1355064518&config=3,0,0,1
1777970309461,37335,HTTP Request,Non HTTP response code: java.net.SocketException,Non HTTP response message: Socket closed,Config 3: Exp15 1-140,text,false,,2744,0,50,50,http://localhost:8079/?token=518504778&user=-1355064518&config=3,0,0,1
1777970311787,35009,HTTP Request,Non HTTP response code: java.net.SocketException,Non HTTP response message: Socket closed,Config 3: Exp15 1-248,text,false,,2744,0,49,49,http://localhost:8079/?token=518504778&user=-1355064518&config=3,0,0,1
1777970316003,30793,HTTP Request,Non HTTP response code: java.net.SocketException,Non HTTP response message: Socket closed,Config 3: Exp15 1-67,text,false,,2744,0,46,46,http://localhost:8079/?token=518504778&user=-1355064518&config=3,0,0,0
1777970316293,30502,HTTP Request,Non HTTP response code: java.net.SocketException,Non HTTP response message: Socket closed,Config 3: Exp15 1-325,text,false,,2744,0,46,46,http://localhost:8079/?token=518504778&user=-1355064518&config=3,0,0,0
1777970314088,32708,HTTP Request,Non HTTP response code: java.net.SocketException,Non HTTP response message: Socket closed,Config 3: Exp15 1-13,text,false,,2744,0,45,45,http://localhost:8079/?token=518504778&user=-1355064518&config=3,0,0,1
1777970316003,30793,HTTP Request,Non HTTP response code: java.net.SocketException,Non HTTP response message: Socket closed,Config 3: Exp15 1-64,text,false,,2744,0,41,41,http://localhost:8079/?token=518504778&user=-1355064518&config=3,0,0,0
1777970314876,31921,HTTP Request,Non HTTP response code: java.net.SocketException,Non HTTP response message: Socket closed,Config 3: Exp15 1-65,text,false,,2744,0,41,41,http://localhost:8079/?token=518504778&user=-1355064518&config=3,0,0,0
1777970326216,20582,HTTP Request,Non HTTP response code: java.net.SocketException,Non HTTP response message: Socket closed,Config 3: Exp15 1-218,text,false,,2744,0,41,41,http://localhost:8079/?token=518504778&user=-1355064518&config=3,0,0,1
1777970316002,30795,HTTP Request,Non HTTP response code: java.net.SocketException,Non HTTP response message: Socket closed,Config 3: Exp15 1-11,text,false,,2744,0,41,41,http://localhost:8079/?token=518504778&user=-1355064518&config=3,0,0,1
1777970316937,29860,HTTP Request,Non HTTP response code: java.net.SocketException,Non HTTP response message: Socket closed,Config 3: Exp15 1-324,text,false,,2744,0,41,41,http://localhost:8079/?token=518504778&user=-1355064518&config=3,0,0,0
1777970314088,32709,HTTP Request,Non HTTP response code: java.net.SocketException,Non HTTP response message: Socket closed,Config 3: Exp15 1-269,text,false,,2744,0,39,39,http://localhost:8079/?token=518504778&user=-1355064518&config=3,0,0,1
1777970316293,30504,HTTP Request,Non HTTP response code: java.net.SocketException,Non HTTP response message: Socket closed,Config 3: Exp15 1-328,text,false,,2744,0,39,39,http://localhost:8079/?token=518504778&user=-1355064518&config=3,0,0,0
1777970316293,30504,HTTP Request,Non HTTP response code: java.net.SocketException,Non HTTP response message: Socket closed,Config 3: Exp15 1-352,text,false,,2744,0,38,38,http://localhost:8079/?token=518504778&user=-1355064518&config=3,0,0,0
1777970314025,32772,HTTP Request,Non HTTP response code: java.net.SocketException,Non HTTP response message: Socket closed,Config 3: Exp15 1-196,text,false,,2744,0,36,36,http://localhost:8079/?token=518504778&user=-1355064518&config=3,0,0,0
1777970314011,32786,HTTP Request,Non HTTP response code: java.net.SocketException,Non HTTP response message: Socket closed,Config 3: Exp15 1-284,text,false,,2744,0,36,36,http://localhost:8079/?token=518504778&user=-1355064518&config=3,0,0,0
1777970317901,28896,HTTP Request,Non HTTP response code: java.net.SocketException,Non HTTP response message: Socket closed,Config 3: Exp15 1-399,text,false,,2744,0,33,33,http://localhost:8079/?token=518504778&user=-1355064518&config=3,0,0,0
1777970337266,9531,HTTP Request,Non HTTP response code: java.net.SocketException,Non HTTP response message: Socket closed,Config 3: Exp15 1-27,text,false,,2744,0,32,32,http://localhost:8079/?token=518504778&user=-1355064518&config=3,0,0,1
1777970316003,30794,HTTP Request,Non HTTP response code: java.net.SocketException,Non HTTP response message: Socket closed,Config 3: Exp15 1-136,text,false,,2744,0,30,30,http://localhost:8079/?token=518504778&user=-1355064518&config=3,0,0,0
1777970337127,9671,HTTP Request,Non HTTP response code: java.net.SocketException,Non HTTP response message: Socket closed,Config 3: Exp15 1-226,text,false,,2744,0,29,29,http://localhost:8079/?token=518504778&user=-1355064518&config=3,0,0,0
1777970310866,35933,HTTP Request,Non HTTP response code: java.net.SocketException,Non HTTP response message: Socket closed,Config 3: Exp15 1-232,text,false,,2744,0,28,28,http://localhost:8079/?token=518504778&user=-1355064518&config=3,0,0,1
1777970314032,32766,HTTP Request,Non HTTP response code: java.net.SocketException,Non HTTP response message: Socket closed,Config 3: Exp15 1-151,text,false,,2744,0,26,26,http://localhost:8079/?token=518504778&user=-1355064518&config=3,0,0,0
1777970316003,30795,HTTP Request,Non HTTP response code: java.net.SocketException,Non HTTP response message: Socket closed,Config 3: Exp15 1-19,text,false,,2744,0,26,26,http://localhost:8079/?token=518504778&user=-1355064518&config=3,0,0,0
1777970316001,30797,HTTP Request,Non HTTP response code: java.net.SocketException,Non HTTP response message: Socket closed,Config 3: Exp15 1-376,text,false,,2744,0,26,26,http://localhost:8079/?token=518504778&user=-1355064518&config=3,0,0,0
1777970316293,30505,HTTP Request,Non HTTP response code: java.net.SocketException,Non HTTP response message: Socket closed,Config 3: Exp15 1-379,text,false,,2744,0,26,26,http://localhost:8079/?token=518504778&user=-1355064518&config=3,0,0,0
1777970316003,30795,HTTP Request,Non HTTP response code: java.net.SocketException,Non HTTP response message: Socket closed,Config 3: Exp15 1-78,text,false,,2744,0,26,26,http://localhost:8079/?token=518504778&user=-1355064518&config=3,0,0,0
1777970313631,33168,HTTP Request,Non HTTP response code: java.net.SocketException,Non HTTP response message: Socket closed,Config 3: Exp15 1-121,text,false,,2744,0,24,24,http://localhost:8079/?token=518504778&user=-1355064518&config=3,0,0,1
1777970316001,30797,HTTP Request,Non HTTP response code: java.net.SocketException,Non HTTP response message: Socket closed,Config 3: Exp15 1-295,text,false,,2744,0,24,24,http://localhost:8079/?token=518504778&user=-1355064518&config=3,0,0,1
1777970310531,36269,HTTP Request,Non HTTP response code: java.net.SocketException,Non HTTP response message: Socket closed,Config 3: Exp15 1-113,text,false,,2744,0,23,23,http://localhost:8079/?token=518504778&user=-1355064518&config=3,0,0,1
1777970311788,35012,HTTP Request,Non HTTP response code: java.net.SocketException,Non HTTP response message: Socket closed,Config 3: Exp15 1-280,text,false,,2744,0,21,21,http://localhost:8079/?token=518504778&user=-1355064518&config=3,0,0,0
1777970316002,30797,HTTP Request,Non HTTP response code: java.net.SocketException,Non HTTP response message: Socket closed,Config 3: Exp15 1-92,text,false,,2744,0,21,21,http://localhost:8079/?token=518504778&user=-1355064518&config=3,0,0,0
1777970325310,21490,HTTP Request,Non HTTP response code: java.net.SocketException,Non HTTP response message: Socket closed,Config 3: Exp15 1-70,text,false,,2744,0,20,20,http://localhost:8079/?token=518504778&user=-1355064518&config=3,0,0,0
1777970310531,36269,HTTP Request,Non HTTP response code: java.net.SocketException,Non HTTP response message: Socket closed,Config 3: Exp15 1-131,text,false,,2744,0,20,20,http://localhost:8079/?token=518504778&user=-1355064518&config=3,0,0,1
1777970325310,21490,HTTP Request,Non HTTP response code: java.net.SocketException,Non HTTP response message: Socket closed,Config 3: Exp15 1-403,text,false,,2744,0,20,20,http://localhost:8079/?token=518504778&user=-1355064518&config=3,0,0,0
1777970316002,30797,HTTP Request,Non HTTP response code: java.net.SocketException,Non HTTP response message: Socket closed,Config 3: Exp15 1-348,text,false,,2744,0,17,17,http://localhost:8079/?token=518504778&user=-1355064518&config=3,0,0,0
1777970314022,32778,HTTP Request,Non HTTP response code: java.net.SocketException,Non HTTP response message: Socket closed,Config 3: Exp15 1-127,text,false,,2744,0,12,12,http://localhost:8079/?token=518504778&user=-1355064518&config=3,0,0,1
1777970316293,30507,HTTP Request,Non HTTP response code: java.net.SocketException,Non HTTP response message: Socket closed,Config 3: Exp15 1-293,text,false,,2744,0,11,11,http://localhost:8079/?token=518504778&user=-1355064518&config=3,0,0,0
1777970314093,32707,HTTP Request,Non HTTP response code: java.net.SocketException,Non HTTP response message: Socket closed,Config 3: Exp15 1-142,text,false,,2744,0,10,10,http://localhost:8079/?token=518504778&user=-1355064518&config=3,0,0,1
1777970313937,32863,HTTP Request,Non HTTP response code: java.net.SocketException,Non HTTP response message: Socket closed,Config 3: Exp15 1-168,text,false,,2744,0,10,10,http://localhost:8079/?token=518504778&user=-1355064518&config=3,0,0,0
1777970316602,30198,HTTP Request,Non HTTP response code: java.net.SocketException,Non HTTP response message: Socket closed,Config 3: Exp15 1-366,text,false,,2744,0,10,9,http://localhost:8079/?token=518504778&user=-1355064518&config=3,0,0,0
1777970316293,30507,HTTP Request,Non HTTP response code: java.net.SocketException,Non HTTP response message: Socket closed,Config 3: Exp15 1-90,text,false,,2744,0,8,8,http://localhost:8079/?token=518504778&user=-1355064518&config=3,0,0,0
1777970314025,32775,HTTP Request,Non HTTP response code: java.net.SocketException,Non HTTP response message: Socket closed,Config 3: Exp15 1-112,text,false,,2744,0,8,8,http://localhost:8079/?token=518504778&user=-1355064518&config=3,0,0,0
1777970333624,13176,HTTP Request,Non HTTP response code: java.net.SocketException,Non HTTP response message: Socket closed,Config 3: Exp15 1-319,text,false,,2744,0,7,7,http://localhost:8079/?token=518504778&user=-1355064518&config=3,0,0,0
1777970316001,30799,HTTP Request,Non HTTP response code: java.net.SocketException,Non HTTP response message: Socket closed,Config 3: Exp15 1-87,text,false,,2744,0,6,6,http://localhost:8079/?token=518504778&user=-1355064518&config=3,0,0,0
1777970311788,35013,HTTP Request,Non HTTP response code: java.net.SocketException,Non HTTP response message: Socket closed,Config 3: Exp15 1-277,text,false,,2744,0,7,7,http://localhost:8079/?token=518504778&user=-1355064518&config=3,0,0,0
1777970316942,29859,HTTP Request,Non HTTP response code: java.net.SocketException,Non HTTP response message: Socket closed,Config 3: Exp15 1-183,text,false,,2744,0,6,6,http://localhost:8079/?token=518504778&user=-1355064518&config=3,0,0,0
1777970314022,32778,HTTP Request,Non HTTP response code: java.net.SocketException,Non HTTP response message: Socket closed,Config 3: Exp15 1-126,text,false,,2744,0,7,7,http://localhost:8079/?token=518504778&user=-1355064518&config=3,0,0,1
