timeStamp,elapsed,label,responseCode,responseMessage,threadName,dataType,success,failureMessage,bytes,sentBytes,grpThreads,allThreads,URL,Latency,IdleTime,Connect
1777922651739,547,HTTP Request,200,OK,Config 3: Exp9 1-1,text,true,,231,158,4,4,http://localhost:8079/?token=518504778&user=-1355064518&config=3,547,0,1
1777922651919,576,HTTP Request,200,OK,Config 3: Exp9 1-2,text,true,,231,158,5,5,http://localhost:8079/?token=518504778&user=-1355064518&config=3,576,0,0
1777922652098,567,HTTP Request,200,OK,Config 3: Exp9 1-3,text,true,,231,158,6,6,http://localhost:8079/?token=518504778&user=-1355064518&config=3,567,0,1
1777922652277,581,HTTP Request,200,OK,Config 3: Exp9 1-4,text,true,,231,158,7,7,http://localhost:8079/?token=518504778&user=-1355064518&config=3,581,0,0
1777922652456,570,HTTP Request,200,OK,Config 3: Exp9 1-5,text,true,,231,158,8,8,http://localhost:8079/?token=518504778&user=-1355064518&config=3,570,0,0
1777922652635,582,HTTP Request,200,OK,Config 3: Exp9 1-6,text,true,,231,158,9,9,http://localhost:8079/?token=518504778&user=-1355064518&config=3,582,0,0
1777922652814,573,HTTP Request,200,OK,Config 3: Exp9 1-7,text,true,,231,158,10,10,http://localhost:8079/?token=518504778&user=-1355064518&config=3,573,0,1
1777922652993,585,HTTP Request,200,OK,Config 3: Exp9 1-8,text,true,,231,158,11,11,http://localhost:8079/?token=518504778&user=-1355064518&config=3,585,0,1
1777922653171,579,HTTP Request,200,OK,Config 3: Exp9 1-9,text,true,,231,158,12,12,http://localhost:8079/?token=518504778&user=-1355064518&config=3,579,0,0
1777922653350,568,HTTP Request,200,OK,Config 3: Exp9 1-10,text,true,,231,158,13,13,http://localhost:8079/?token=518504778&user=-1355064518&config=3,568,0,1
1777922653530,580,HTTP Request,200,OK,Config 3: Exp9 1-11,text,true,,231,158,14,14,http://localhost:8079/?token=518504778&user=-1355064518&config=3,580,0,1
1777922653709,581,HTTP Request,200,OK,Config 3: Exp9 1-12,text,true,,231,158,15,15,http://localhost:8079/?token=518504778&user=-1355064518&config=3,581,0,0
1777922653887,587,HTTP Request,200,OK,Config 3: Exp9 1-13,text,true,,231,158,16,16,http://localhost:8079/?token=518504778&user=-1355064518&config=3,587,0,1
1777922654067,580,HTTP Request,200,OK,Config 3: Exp9 1-14,text,true,,231,158,17,17,http://localhost:8079/?token=518504778&user=-1355064518&config=3,580,0,0
1777922654246,587,HTTP Request,200,OK,Config 3: Exp9 1-15,text,true,,231,158,18,18,http://localhost:8079/?token=518504778&user=-1355064518&config=3,587,0,0
1777922654424,586,HTTP Request,200,OK,Config 3: Exp9 1-16,text,true,,231,158,19,19,http://localhost:8079/?token=518504778&user=-1355064518&config=3,586,0,0
1777922654603,589,HTTP Request,200,OK,Config 3: Exp9 1-17,text,true,,231,158,20,20,http://localhost:8079/?token=518504778&user=-1355064518&config=3,589,0,0
1777922654739,539,HTTP Request,200,OK,Config 3: Exp9 1-1,text,true,,231,158,20,20,http://localhost:8079/?token=518504778&user=-1355064518&config=3,539,0,0
1777922654783,581,HTTP Request,200,OK,Config 3: Exp9 1-18,text,true,,231,158,21,21,http://localhost:8079/?token=518504778&user=-1355064518&config=3,581,0,0
1777922654918,551,HTTP Request,200,OK,Config 3: Exp9 1-2,text,true,,231,158,21,21,http://localhost:8079/?token=518504778&user=-1355064518&config=3,551,0,0
1777922654962,594,HTTP Request,200,OK,Config 3: Exp9 1-19,text,true,,231,158,22,22,http://localhost:8079/?token=518504778&user=-1355064518&config=3,594,0,0
1777922655098,546,HTTP Request,200,OK,Config 3: Exp9 1-3,text,true,,231,158,22,22,http://localhost:8079/?token=518504778&user=-1355064518&config=3,546,0,0
1777922655141,588,HTTP Request,200,OK,Config 3: Exp9 1-20,text,true,,231,158,23,23,http://localhost:8079/?token=518504778&user=-1355064518&config=3,588,0,0
1777922655277,539,HTTP Request,200,OK,Config 3: Exp9 1-4,text,true,,231,158,23,23,http://localhost:8079/?token=518504778&user=-1355064518&config=3,539,0,0
1777922655320,581,HTTP Request,200,OK,Config 3: Exp9 1-21,text,true,,231,158,24,24,http://localhost:8079/?token=518504778&user=-1355064518&config=3,581,0,0
1777922655456,553,HTTP Request,200,OK,Config 3: Exp9 1-5,text,true,,231,158,24,24,http://localhost:8079/?token=518504778&user=-1355064518&config=3,553,0,0
1777922655499,595,HTTP Request,200,OK,Config 3: Exp9 1-22,text,true,,231,158,25,25,http://localhost:8079/?token=518504778&user=-1355064518&config=3,595,0,1
1777922655635,544,HTTP Request,200,OK,Config 3: Exp9 1-6,text,true,,231,158,25,25,http://localhost:8079/?token=518504778&user=-1355064518&config=3,544,0,0
1777922655677,588,HTTP Request,200,OK,Config 3: Exp9 1-23,text,true,,231,158,26,26,http://localhost:8079/?token=518504778&user=-1355064518&config=3,588,0,0
1777922655813,558,HTTP Request,200,OK,Config 3: Exp9 1-7,text,true,,231,158,26,26,http://localhost:8079/?token=518504778&user=-1355064518&config=3,558,0,0
1777922655856,601,HTTP Request,200,OK,Config 3: Exp9 1-24,text,true,,231,158,27,27,http://localhost:8079/?token=518504778&user=-1355064518&config=3,601,0,0
1777922655994,549,HTTP Request,200,OK,Config 3: Exp9 1-8,text,true,,231,158,27,27,http://localhost:8079/?token=518504778&user=-1355064518&config=3,549,0,0
1777922656036,592,HTTP Request,200,OK,Config 3: Exp9 1-25,text,true,,231,158,28,28,http://localhost:8079/?token=518504778&user=-1355064518&config=3,592,0,0
1777922656170,544,HTTP Request,200,OK,Config 3: Exp9 1-9,text,true,,231,158,28,28,http://localhost:8079/?token=518504778&user=-1355064518&config=3,544,0,0
1777922656215,607,HTTP Request,200,OK,Config 3: Exp9 1-26,text,true,,231,158,29,29,http://localhost:8079/?token=518504778&user=-1355064518&config=3,607,0,1
1777922656351,556,HTTP Request,200,OK,Config 3: Exp9 1-10,text,true,,231,158,29,29,http://localhost:8079/?token=518504778&user=-1355064518&config=3,556,0,0
1777922656393,598,HTTP Request,200,OK,Config 3: Exp9 1-27,text,true,,231,158,30,30,http://localhost:8079/?token=518504778&user=-1355064518&config=3,598,0,0
1777922656529,549,HTTP Request,200,OK,Config 3: Exp9 1-11,text,true,,231,158,30,30,http://localhost:8079/?token=518504778&user=-1355064518&config=3,549,0,0
1777922656573,591,HTTP Request,200,OK,Config 3: Exp9 1-28,text,true,,231,158,31,31,http://localhost:8079/?token=518504778&user=-1355064518&config=3,591,0,0
1777922656708,561,HTTP Request,200,OK,Config 3: Exp9 1-12,text,true,,231,158,31,31,http://localhost:8079/?token=518504778&user=-1355064518&config=3,561,0,0
1777922656751,603,HTTP Request,200,OK,Config 3: Exp9 1-29,text,true,,231,158,32,32,http://localhost:8079/?token=518504778&user=-1355064518&config=3,603,0,1
1777922656886,556,HTTP Request,200,OK,Config 3: Exp9 1-13,text,true,,231,158,32,32,http://localhost:8079/?token=518504778&user=-1355064518&config=3,556,0,0
1777922656929,598,HTTP Request,200,OK,Config 3: Exp9 1-30,text,true,,231,158,33,33,http://localhost:8079/?token=518504778&user=-1355064518&config=3,598,0,1
1777922657066,568,HTTP Request,200,OK,Config 3: Exp9 1-14,text,true,,231,158,33,33,http://localhost:8079/?token=518504778&user=-1355064518&config=3,568,0,0
1777922657109,611,HTTP Request,200,OK,Config 3: Exp9 1-31,text,true,,231,158,34,34,http://localhost:8079/?token=518504778&user=-1355064518&config=3,611,0,0
1777922657245,561,HTTP Request,200,OK,Config 3: Exp9 1-15,text,true,,231,158,34,34,http://localhost:8079/?token=518504778&user=-1355064518&config=3,561,0,0
1777922657288,602,HTTP Request,200,OK,Config 3: Exp9 1-32,text,true,,231,158,35,35,http://localhost:8079/?token=518504778&user=-1355064518&config=3,601,0,1
1777922657423,574,HTTP Request,200,OK,Config 3: Exp9 1-16,text,true,,231,158,35,35,http://localhost:8079/?token=518504778&user=-1355064518&config=3,574,0,0
1777922657468,615,HTTP Request,200,OK,Config 3: Exp9 1-33,text,true,,231,158,36,36,http://localhost:8079/?token=518504778&user=-1355064518&config=3,615,0,0
1777922657603,565,HTTP Request,200,OK,Config 3: Exp9 1-17,text,true,,231,158,36,36,http://localhost:8079/?token=518504778&user=-1355064518&config=3,565,0,0
1777922657646,607,HTTP Request,200,OK,Config 3: Exp9 1-34,text,true,,231,158,37,37,http://localhost:8079/?token=518504778&user=-1355064518&config=3,607,0,0
1777922657740,578,HTTP Request,200,OK,Config 3: Exp9 1-1,text,true,,231,158,37,37,http://localhost:8079/?token=518504778&user=-1355064518&config=3,578,0,0
1777922657782,580,HTTP Request,200,OK,Config 3: Exp9 1-18,text,true,,231,158,38,38,http://localhost:8079/?token=518504778&user=-1355064518&config=3,580,0,0
1777922657824,625,HTTP Request,200,OK,Config 3: Exp9 1-35,text,true,,231,158,38,38,http://localhost:8079/?token=518504778&user=-1355064518&config=3,625,0,1
1777922657919,571,HTTP Request,200,OK,Config 3: Exp9 1-2,text,true,,231,158,38,38,http://localhost:8079/?token=518504778&user=-1355064518&config=3,571,0,0
1777922657962,572,HTTP Request,200,OK,Config 3: Exp9 1-19,text,true,,231,158,38,38,http://localhost:8079/?token=518504778&user=-1355064518&config=3,572,0,0
1777922658004,617,HTTP Request,200,OK,Config 3: Exp9 1-36,text,true,,231,158,39,39,http://localhost:8079/?token=518504778&user=-1355064518&config=3,617,0,1
1777922658097,568,HTTP Request,200,OK,Config 3: Exp9 1-3,text,true,,231,158,39,39,http://localhost:8079/?token=518504778&user=-1355064518&config=3,568,0,0
1777922658141,567,HTTP Request,200,OK,Config 3: Exp9 1-20,text,true,,231,158,39,39,http://localhost:8079/?token=518504778&user=-1355064518&config=3,567,0,0
1777922658183,612,HTTP Request,200,OK,Config 3: Exp9 1-37,text,true,,231,158,40,40,http://localhost:8079/?token=518504778&user=-1355064518&config=3,612,0,0
1777922658276,582,HTTP Request,200,OK,Config 3: Exp9 1-4,text,true,,231,158,40,40,http://localhost:8079/?token=518504778&user=-1355064518&config=3,582,0,0
1777922658319,580,HTTP Request,200,OK,Config 3: Exp9 1-21,text,true,,231,158,41,41,http://localhost:8079/?token=518504778&user=-1355064518&config=3,580,0,0
1777922658362,628,HTTP Request,200,OK,Config 3: Exp9 1-38,text,true,,231,158,41,41,http://localhost:8079/?token=518504778&user=-1355064518&config=3,628,0,0
1777922658455,576,HTTP Request,200,OK,Config 3: Exp9 1-5,text,true,,231,158,41,41,http://localhost:8079/?token=518504778&user=-1355064518&config=3,576,0,0
1777922658499,576,HTTP Request,200,OK,Config 3: Exp9 1-22,text,true,,231,158,41,41,http://localhost:8079/?token=518504778&user=-1355064518&config=3,576,0,0
1777922658541,622,HTTP Request,200,OK,Config 3: Exp9 1-39,text,true,,231,158,42,42,http://localhost:8079/?token=518504778&user=-1355064518&config=3,622,0,0
1777922658635,591,HTTP Request,200,OK,Config 3: Exp9 1-6,text,true,,231,158,42,42,http://localhost:8079/?token=518504778&user=-1355064518&config=3,591,0,0
1777922658676,594,HTTP Request,200,OK,Config 3: Exp9 1-23,text,true,,231,158,43,43,http://localhost:8079/?token=518504778&user=-1355064518&config=3,594,0,0
1777922658720,637,HTTP Request,200,OK,Config 3: Exp9 1-40,text,true,,231,158,43,43,http://localhost:8079/?token=518504778&user=-1355064518&config=3,637,0,1
1777922658813,587,HTTP Request,200,OK,Config 3: Exp9 1-7,text,true,,231,158,43,43,http://localhost:8079/?token=518504778&user=-1355064518&config=3,587,0,0
1777922658856,587,HTTP Request,200,OK,Config 3: Exp9 1-24,text,true,,231,158,44,44,http://localhost:8079/?token=518504778&user=-1355064518&config=3,587,0,0
1777922658899,629,HTTP Request,200,OK,Config 3: Exp9 1-41,text,true,,231,158,44,44,http://localhost:8079/?token=518504778&user=-1355064518&config=3,629,0,0
1777922658993,600,HTTP Request,200,OK,Config 3: Exp9 1-8,text,true,,231,158,44,44,http://localhost:8079/?token=518504778&user=-1355064518&config=3,600,0,0
1777922659036,599,HTTP Request,200,OK,Config 3: Exp9 1-25,text,true,,231,158,45,45,http://localhost:8079/?token=518504778&user=-1355064518&config=3,599,0,0
1777922659079,644,HTTP Request,200,OK,Config 3: Exp9 1-42,text,true,,231,158,45,45,http://localhost:8079/?token=518504778&user=-1355064518&config=3,644,0,0
1777922659171,595,HTTP Request,200,OK,Config 3: Exp9 1-9,text,true,,231,158,45,45,http://localhost:8079/?token=518504778&user=-1355064518&config=3,595,0,0
1777922659215,593,HTTP Request,200,OK,Config 3: Exp9 1-26,text,true,,231,158,46,46,http://localhost:8079/?token=518504778&user=-1355064518&config=3,593,0,0
1777922659257,636,HTTP Request,200,OK,Config 3: Exp9 1-43,text,true,,231,158,46,46,http://localhost:8079/?token=518504778&user=-1355064518&config=3,636,0,0
1777922659351,607,HTTP Request,200,OK,Config 3: Exp9 1-10,text,true,,231,158,46,46,http://localhost:8079/?token=518504778&user=-1355064518&config=3,607,0,0
1777922659392,609,HTTP Request,200,OK,Config 3: Exp9 1-27,text,true,,231,158,47,47,http://localhost:8079/?token=518504778&user=-1355064518&config=3,609,0,0
1777922659436,650,HTTP Request,200,OK,Config 3: Exp9 1-44,text,true,,231,158,47,47,http://localhost:8079/?token=518504778&user=-1355064518&config=3,650,0,0
1777922659530,600,HTTP Request,200,OK,Config 3: Exp9 1-11,text,true,,231,158,47,47,http://localhost:8079/?token=518504778&user=-1355064518&config=3,600,0,0
1777922659572,607,HTTP Request,200,OK,Config 3: Exp9 1-28,text,true,,231,158,48,48,http://localhost:8079/?token=518504778&user=-1355064518&config=3,607,0,0
1777922659616,644,HTTP Request,200,OK,Config 3: Exp9 1-45,text,true,,231,158,48,48,http://localhost:8079/?token=518504778&user=-1355064518&config=3,644,0,0
1777922659708,616,HTTP Request,200,OK,Config 3: Exp9 1-12,text,true,,231,158,48,48,http://localhost:8079/?token=518504778&user=-1355064518&config=3,616,0,0
1777922659752,619,HTTP Request,200,OK,Config 3: Exp9 1-29,text,true,,231,158,49,49,http://localhost:8079/?token=518504778&user=-1355064518&config=3,619,0,0
1777922659795,662,HTTP Request,200,OK,Config 3: Exp9 1-46,text,true,,231,158,49,49,http://localhost:8079/?token=518504778&user=-1355064518&config=3,662,0,1
1777922659887,613,HTTP Request,200,OK,Config 3: Exp9 1-13,text,true,,231,158,49,49,http://localhost:8079/?token=518504778&user=-1355064518&config=3,613,0,0
1777922659930,617,HTTP Request,200,OK,Config 3: Exp9 1-30,text,true,,231,158,50,50,http://localhost:8079/?token=518504778&user=-1355064518&config=3,617,0,0
1777922659974,654,HTTP Request,200,OK,Config 3: Exp9 1-47,text,true,,231,158,50,50,http://localhost:8079/?token=518504778&user=-1355064518&config=3,654,0,1
1777922660066,606,HTTP Request,200,OK,Config 3: Exp9 1-14,text,true,,231,158,50,50,http://localhost:8079/?token=518504778&user=-1355064518&config=3,606,0,0
1777922660109,605,HTTP Request,200,OK,Config 3: Exp9 1-31,text,true,,231,158,51,51,http://localhost:8079/?token=518504778&user=-1355064518&config=3,605,0,0
1777922660152,651,HTTP Request,200,OK,Config 3: Exp9 1-48,text,true,,231,158,51,51,http://localhost:8079/?token=518504778&user=-1355064518&config=3,651,0,0
1777922660245,621,HTTP Request,200,OK,Config 3: Exp9 1-15,text,true,,231,158,51,51,http://localhost:8079/?token=518504778&user=-1355064518&config=3,621,0,0
1777922660289,623,HTTP Request,200,OK,Config 3: Exp9 1-32,text,true,,231,158,52,52,http://localhost:8079/?token=518504778&user=-1355064518&config=3,623,0,0
1777922660331,667,HTTP Request,200,OK,Config 3: Exp9 1-49,text,true,,231,158,52,52,http://localhost:8079/?token=518504778&user=-1355064518&config=3,667,0,1
1777922660423,620,HTTP Request,200,OK,Config 3: Exp9 1-16,text,true,,231,158,52,52,http://localhost:8079/?token=518504778&user=-1355064518&config=3,620,0,0
1777922660468,619,HTTP Request,200,OK,Config 3: Exp9 1-33,text,true,,231,158,53,53,http://localhost:8079/?token=518504778&user=-1355064518&config=3,619,0,0
1777922660510,664,HTTP Request,200,OK,Config 3: Exp9 1-50,text,true,,231,158,53,53,http://localhost:8079/?token=518504778&user=-1355064518&config=3,664,0,1
1777922660603,636,HTTP Request,200,OK,Config 3: Exp9 1-17,text,true,,231,158,54,54,http://localhost:8079/?token=518504778&user=-1355064518&config=3,636,0,0
1777922660647,635,HTTP Request,200,OK,Config 3: Exp9 1-34,text,true,,231,158,54,54,http://localhost:8079/?token=518504778&user=-1355064518&config=3,635,0,0
1777922660689,668,HTTP Request,200,OK,Config 3: Exp9 1-51,text,true,,231,158,54,54,http://localhost:8079/?token=518504778&user=-1355064518&config=3,668,0,1
1777922660739,619,HTTP Request,200,OK,Config 3: Exp9 1-1,text,true,,231,158,54,54,http://localhost:8079/?token=518504778&user=-1355064518&config=3,619,0,0
1777922660783,620,HTTP Request,200,OK,Config 3: Exp9 1-18,text,true,,231,158,54,54,http://localhost:8079/?token=518504778&user=-1355064518&config=3,620,0,0
1777922660825,639,HTTP Request,200,OK,Config 3: Exp9 1-35,text,true,,231,158,55,55,http://localhost:8079/?token=518504778&user=-1355064518&config=3,639,0,0
1777922660868,674,HTTP Request,200,OK,Config 3: Exp9 1-52,text,true,,231,158,55,55,http://localhost:8079/?token=518504778&user=-1355064518&config=3,674,0,1
1777922660919,625,HTTP Request,200,OK,Config 3: Exp9 1-2,text,true,,231,158,55,55,http://localhost:8079/?token=518504778&user=-1355064518&config=3,625,0,0
1777922660962,626,HTTP Request,200,OK,Config 3: Exp9 1-19,text,true,,231,158,56,56,http://localhost:8079/?token=518504778&user=-1355064518&config=3,626,0,0
1777922661005,644,HTTP Request,200,OK,Config 3: Exp9 1-36,text,true,,231,158,56,56,http://localhost:8079/?token=518504778&user=-1355064518&config=3,644,0,0
1777922661048,680,HTTP Request,200,OK,Config 3: Exp9 1-53,text,true,,231,158,56,56,http://localhost:8079/?token=518504778&user=-1355064518&config=3,680,0,0
1777922661099,630,HTTP Request,200,OK,Config 3: Exp9 1-3,text,true,,231,158,56,56,http://localhost:8079/?token=518504778&user=-1355064518&config=3,630,0,0
1777922661142,632,HTTP Request,200,OK,Config 3: Exp9 1-20,text,true,,231,158,57,57,http://localhost:8079/?token=518504778&user=-1355064518&config=3,632,0,0
1777922661183,649,HTTP Request,200,OK,Config 3: Exp9 1-37,text,true,,231,158,57,57,http://localhost:8079/?token=518504778&user=-1355064518&config=3,649,0,0
1777922661228,684,HTTP Request,200,OK,Config 3: Exp9 1-54,text,true,,231,158,57,57,http://localhost:8079/?token=518504778&user=-1355064518&config=3,684,0,1
1777922661278,654,HTTP Request,200,OK,Config 3: Exp9 1-4,text,true,,231,158,57,57,http://localhost:8079/?token=518504778&user=-1355064518&config=3,654,0,0
1777922661321,654,HTTP Request,200,OK,Config 3: Exp9 1-21,text,true,,231,158,58,58,http://localhost:8079/?token=518504778&user=-1355064518&config=3,654,0,0
1777922661363,651,HTTP Request,200,OK,Config 3: Exp9 1-38,text,true,,231,158,58,58,http://localhost:8079/?token=518504778&user=-1355064518&config=3,651,0,0
1777922661408,684,HTTP Request,200,OK,Config 3: Exp9 1-55,text,true,,231,158,58,58,http://localhost:8079/?token=518504778&user=-1355064518&config=3,684,0,1
1777922661457,654,HTTP Request,200,OK,Config 3: Exp9 1-5,text,true,,231,158,58,58,http://localhost:8079/?token=518504778&user=-1355064518&config=3,654,0,0
1777922661500,653,HTTP Request,200,OK,Config 3: Exp9 1-22,text,true,,231,158,59,59,http://localhost:8079/?token=518504778&user=-1355064518&config=3,653,0,0
1777922661542,654,HTTP Request,200,OK,Config 3: Exp9 1-39,text,true,,231,158,59,59,http://localhost:8079/?token=518504778&user=-1355064518&config=3,654,0,0
1777922661585,689,HTTP Request,200,OK,Config 3: Exp9 1-56,text,true,,231,158,59,59,http://localhost:8079/?token=518504778&user=-1355064518&config=3,689,0,1
1777922661635,661,HTTP Request,200,OK,Config 3: Exp9 1-6,text,true,,231,158,59,59,http://localhost:8079/?token=518504778&user=-1355064518&config=3,661,0,0
1777922661678,658,HTTP Request,200,OK,Config 3: Exp9 1-23,text,true,,231,158,60,60,http://localhost:8079/?token=518504778&user=-1355064518&config=3,658,0,0
1777922661721,657,HTTP Request,200,OK,Config 3: Exp9 1-40,text,true,,231,158,60,60,http://localhost:8079/?token=518504778&user=-1355064518&config=3,657,0,0
1777922661764,693,HTTP Request,200,OK,Config 3: Exp9 1-57,text,true,,231,158,60,60,http://localhost:8079/?token=518504778&user=-1355064518&config=3,693,0,0
1777922661815,664,HTTP Request,200,OK,Config 3: Exp9 1-7,text,true,,231,158,60,60,http://localhost:8079/?token=518504778&user=-1355064518&config=3,664,0,0
1777922661857,668,HTTP Request,200,OK,Config 3: Exp9 1-24,text,true,,231,158,61,61,http://localhost:8079/?token=518504778&user=-1355064518&config=3,668,0,0
1777922661900,660,HTTP Request,200,OK,Config 3: Exp9 1-41,text,true,,231,158,61,61,http://localhost:8079/?token=518504778&user=-1355064518&config=3,660,0,0
1777922661943,707,HTTP Request,200,OK,Config 3: Exp9 1-58,text,true,,231,158,61,61,http://localhost:8079/?token=518504778&user=-1355064518&config=3,707,0,1
1777922661994,658,HTTP Request,200,OK,Config 3: Exp9 1-8,text,true,,231,158,61,61,http://localhost:8079/?token=518504778&user=-1355064518&config=3,658,0,0
1777922662037,660,HTTP Request,200,OK,Config 3: Exp9 1-25,text,true,,231,158,62,62,http://localhost:8079/?token=518504778&user=-1355064518&config=3,660,0,0
1777922662079,681,HTTP Request,200,OK,Config 3: Exp9 1-42,text,true,,231,158,62,62,http://localhost:8079/?token=518504778&user=-1355064518&config=3,681,0,0
1777922662171,662,HTTP Request,200,OK,Config 3: Exp9 1-9,text,true,,231,158,62,62,http://localhost:8079/?token=518504778&user=-1355064518&config=3,662,0,0
1777922662122,713,HTTP Request,200,OK,Config 3: Exp9 1-59,text,true,,231,158,62,62,http://localhost:8079/?token=518504778&user=-1355064518&config=3,713,0,1
1777922662217,665,HTTP Request,200,OK,Config 3: Exp9 1-26,text,true,,231,158,63,63,http://localhost:8079/?token=518504778&user=-1355064518&config=3,665,0,0
1777922662259,666,HTTP Request,200,OK,Config 3: Exp9 1-43,text,true,,231,158,63,63,http://localhost:8079/?token=518504778&user=-1355064518&config=3,666,0,0
1777922662351,667,HTTP Request,200,OK,Config 3: Exp9 1-10,text,true,,231,158,64,64,http://localhost:8079/?token=518504778&user=-1355064518&config=3,667,0,0
1777922662301,718,HTTP Request,200,OK,Config 3: Exp9 1-60,text,true,,231,158,64,64,http://localhost:8079/?token=518504778&user=-1355064518&config=3,718,0,0
1777922662394,671,HTTP Request,200,OK,Config 3: Exp9 1-27,text,true,,231,158,64,64,http://localhost:8079/?token=518504778&user=-1355064518&config=3,671,0,0
1777922662438,689,HTTP Request,200,OK,Config 3: Exp9 1-44,text,true,,231,158,64,64,http://localhost:8079/?token=518504778&user=-1355064518&config=3,689,0,0
1777922662480,722,HTTP Request,200,OK,Config 3: Exp9 1-61,text,true,,231,158,65,65,http://localhost:8079/?token=518504778&user=-1355064518&config=3,722,0,1
1777922662531,674,HTTP Request,200,OK,Config 3: Exp9 1-11,text,true,,231,158,65,65,http://localhost:8079/?token=518504778&user=-1355064518&config=3,674,0,0
1777922662574,675,HTTP Request,200,OK,Config 3: Exp9 1-28,text,true,,231,158,65,65,http://localhost:8079/?token=518504778&user=-1355064518&config=3,675,0,0
1777922662616,692,HTTP Request,200,OK,Config 3: Exp9 1-45,text,true,,231,158,65,65,http://localhost:8079/?token=518504778&user=-1355064518&config=3,692,0,0
1777922662660,725,HTTP Request,200,OK,Config 3: Exp9 1-62,text,true,,231,158,66,66,http://localhost:8079/?token=518504778&user=-1355064518&config=3,725,0,1
1777922662709,696,HTTP Request,200,OK,Config 3: Exp9 1-12,text,true,,231,158,66,66,http://localhost:8079/?token=518504778&user=-1355064518&config=3,696,0,0
1777922662753,692,HTTP Request,200,OK,Config 3: Exp9 1-29,text,true,,231,158,66,66,http://localhost:8079/?token=518504778&user=-1355064518&config=3,692,0,0
1777922662796,691,HTTP Request,200,OK,Config 3: Exp9 1-46,text,true,,231,158,66,66,http://localhost:8079/?token=518504778&user=-1355064518&config=3,691,0,0
1777922662839,723,HTTP Request,200,OK,Config 3: Exp9 1-63,text,true,,231,158,67,67,http://localhost:8079/?token=518504778&user=-1355064518&config=3,723,0,0
1777922662887,697,HTTP Request,200,OK,Config 3: Exp9 1-13,text,true,,231,158,67,67,http://localhost:8079/?token=518504778&user=-1355064518&config=3,697,0,0
1777922662931,695,HTTP Request,200,OK,Config 3: Exp9 1-30,text,true,,231,158,67,67,http://localhost:8079/?token=518504778&user=-1355064518&config=3,695,0,0
1777922662975,691,HTTP Request,200,OK,Config 3: Exp9 1-47,text,true,,231,158,67,67,http://localhost:8079/?token=518504778&user=-1355064518&config=3,691,0,0
1777922663018,726,HTTP Request,200,OK,Config 3: Exp9 1-64,text,true,,231,158,68,68,http://localhost:8079/?token=518504778&user=-1355064518&config=3,726,0,1
1777922663067,700,HTTP Request,200,OK,Config 3: Exp9 1-14,text,true,,231,158,68,68,http://localhost:8079/?token=518504778&user=-1355064518&config=3,700,0,0
1777922663111,697,HTTP Request,200,OK,Config 3: Exp9 1-31,text,true,,231,158,68,68,http://localhost:8079/?token=518504778&user=-1355064518&config=3,697,0,0
1777922663153,695,HTTP Request,200,OK,Config 3: Exp9 1-48,text,true,,231,158,68,68,http://localhost:8079/?token=518504778&user=-1355064518&config=3,695,0,0
1777922663247,700,HTTP Request,200,OK,Config 3: Exp9 1-15,text,true,,231,158,69,69,http://localhost:8079/?token=518504778&user=-1355064518&config=3,700,0,0
1777922663198,749,HTTP Request,200,OK,Config 3: Exp9 1-65,text,true,,231,158,69,69,http://localhost:8079/?token=518504778&user=-1355064518&config=3,749,0,0
1777922663289,697,HTTP Request,200,OK,Config 3: Exp9 1-32,text,true,,231,158,69,69,http://localhost:8079/?token=518504778&user=-1355064518&config=3,697,0,0
1777922663332,717,HTTP Request,200,OK,Config 3: Exp9 1-49,text,true,,231,158,69,69,http://localhost:8079/?token=518504778&user=-1355064518&config=3,717,0,0
1777922663425,699,HTTP Request,200,OK,Config 3: Exp9 1-16,text,true,,231,158,70,70,http://localhost:8079/?token=518504778&user=-1355064518&config=3,699,0,0
1777922663377,749,HTTP Request,200,OK,Config 3: Exp9 1-66,text,true,,231,158,70,70,http://localhost:8079/?token=518504778&user=-1355064518&config=3,749,0,1
1777922663469,704,HTTP Request,200,OK,Config 3: Exp9 1-33,text,true,,231,158,70,70,http://localhost:8079/?token=518504778&user=-1355064518&config=3,704,0,0
1777922663510,725,HTTP Request,200,OK,Config 3: Exp9 1-50,text,true,,231,158,70,70,http://localhost:8079/?token=518504778&user=-1355064518&config=3,725,0,0
1777922663605,705,HTTP Request,200,OK,Config 3: Exp9 1-17,text,true,,231,158,71,71,http://localhost:8079/?token=518504778&user=-1355064518&config=3,705,0,0
1777922663554,757,HTTP Request,200,OK,Config 3: Exp9 1-67,text,true,,231,158,71,71,http://localhost:8079/?token=518504778&user=-1355064518&config=3,757,0,0
1777922663648,708,HTTP Request,200,OK,Config 3: Exp9 1-34,text,true,,231,158,71,71,http://localhost:8079/?token=518504778&user=-1355064518&config=3,708,0,0
1777922663691,726,HTTP Request,200,OK,Config 3: Exp9 1-51,text,true,,231,158,71,71,http://localhost:8079/?token=518504778&user=-1355064518&config=3,726,0,0
1777922663741,722,HTTP Request,200,OK,Config 3: Exp9 1-1,text,true,,231,158,72,72,http://localhost:8079/?token=518504778&user=-1355064518&config=3,722,0,0
1777922663733,746,HTTP Request,200,OK,Config 3: Exp9 1-68,text,true,,231,158,72,72,http://localhost:8079/?token=518504778&user=-1355064518&config=3,746,0,1
1777922663783,717,HTTP Request,200,OK,Config 3: Exp9 1-18,text,true,,231,158,72,72,http://localhost:8079/?token=518504778&user=-1355064518&config=3,717,0,0
1777922663826,718,HTTP Request,200,OK,Config 3: Exp9 1-35,text,true,,231,158,72,72,http://localhost:8079/?token=518504778&user=-1355064518&config=3,718,0,0
1777922663870,739,HTTP Request,200,OK,Config 3: Exp9 1-52,text,true,,231,158,72,72,http://localhost:8079/?token=518504778&user=-1355064518&config=3,739,0,0
1777922663919,733,HTTP Request,200,OK,Config 3: Exp9 1-2,text,true,,231,158,73,73,http://localhost:8079/?token=518504778&user=-1355064518&config=3,733,0,0
1777922663913,756,HTTP Request,200,OK,Config 3: Exp9 1-69,text,true,,231,158,73,73,http://localhost:8079/?token=518504778&user=-1355064518&config=3,756,0,0
1777922663963,728,HTTP Request,200,OK,Config 3: Exp9 1-19,text,true,,231,158,73,73,http://localhost:8079/?token=518504778&user=-1355064518&config=3,728,0,0
1777922664005,728,HTTP Request,200,OK,Config 3: Exp9 1-36,text,true,,231,158,73,73,http://localhost:8079/?token=518504778&user=-1355064518&config=3,728,0,0
1777922664049,729,HTTP Request,200,OK,Config 3: Exp9 1-53,text,true,,231,158,73,73,http://localhost:8079/?token=518504778&user=-1355064518&config=3,729,0,0
1777922664099,745,HTTP Request,200,OK,Config 3: Exp9 1-3,text,true,,231,158,74,74,http://localhost:8079/?token=518504778&user=-1355064518&config=3,745,0,0
1777922664091,775,HTTP Request,200,OK,Config 3: Exp9 1-70,text,true,,231,158,74,74,http://localhost:8079/?token=518504778&user=-1355064518&config=3,775,0,1
1777922664142,748,HTTP Request,200,OK,Config 3: Exp9 1-20,text,true,,231,158,74,74,http://localhost:8079/?token=518504778&user=-1355064518&config=3,748,0,0
1777922664184,749,HTTP Request,200,OK,Config 3: Exp9 1-37,text,true,,231,158,74,74,http://localhost:8079/?token=518504778&user=-1355064518&config=3,749,0,0
1777922664228,751,HTTP Request,200,OK,Config 3: Exp9 1-54,text,true,,231,158,74,74,http://localhost:8079/?token=518504778&user=-1355064518&config=3,751,0,0
1777922664278,747,HTTP Request,200,OK,Config 3: Exp9 1-4,text,true,,231,158,75,75,http://localhost:8079/?token=518504778&user=-1355064518&config=3,747,0,0
1777922664271,773,HTTP Request,200,OK,Config 3: Exp9 1-71,text,true,,231,158,75,75,http://localhost:8079/?token=518504778&user=-1355064518&config=3,773,0,0
1777922664320,745,HTTP Request,200,OK,Config 3: Exp9 1-21,text,true,,231,158,75,75,http://localhost:8079/?token=518504778&user=-1355064518&config=3,745,0,0
1777922664362,745,HTTP Request,200,OK,Config 3: Exp9 1-38,text,true,,231,158,75,75,http://localhost:8079/?token=518504778&user=-1355064518&config=3,745,0,0
1777922664407,746,HTTP Request,200,OK,Config 3: Exp9 1-55,text,true,,231,158,75,75,http://localhost:8079/?token=518504778&user=-1355064518&config=3,746,0,0
1777922664457,760,HTTP Request,200,OK,Config 3: Exp9 1-5,text,true,,231,158,76,76,http://localhost:8079/?token=518504778&user=-1355064518&config=3,760,0,0
1777922664449,789,HTTP Request,200,OK,Config 3: Exp9 1-72,text,true,,231,158,76,76,http://localhost:8079/?token=518504778&user=-1355064518&config=3,789,0,1
1777922664499,763,HTTP Request,200,OK,Config 3: Exp9 1-22,text,true,,231,158,76,76,http://localhost:8079/?token=518504778&user=-1355064518&config=3,763,0,0
1777922664541,766,HTTP Request,200,OK,Config 3: Exp9 1-39,text,true,,231,158,76,76,http://localhost:8079/?token=518504778&user=-1355064518&config=3,766,0,0
1777922664585,766,HTTP Request,200,OK,Config 3: Exp9 1-56,text,true,,231,158,77,77,http://localhost:8079/?token=518504778&user=-1355064518&config=3,766,0,0
1777922664635,765,HTTP Request,200,OK,Config 3: Exp9 1-6,text,true,,231,158,77,77,http://localhost:8079/?token=518504778&user=-1355064518&config=3,765,0,0
1777922664629,790,HTTP Request,200,OK,Config 3: Exp9 1-73,text,true,,231,158,77,77,http://localhost:8079/?token=518504778&user=-1355064518&config=3,790,0,1
1777922664678,762,HTTP Request,200,OK,Config 3: Exp9 1-23,text,true,,231,158,77,77,http://localhost:8079/?token=518504778&user=-1355064518&config=3,762,0,0
1777922664721,762,HTTP Request,200,OK,Config 3: Exp9 1-40,text,true,,231,158,77,77,http://localhost:8079/?token=518504778&user=-1355064518&config=3,762,0,0
1777922664763,762,HTTP Request,200,OK,Config 3: Exp9 1-57,text,true,,231,158,78,78,http://localhost:8079/?token=518504778&user=-1355064518&config=3,762,0,0
1777922664815,773,HTTP Request,200,OK,Config 3: Exp9 1-7,text,true,,231,158,78,78,http://localhost:8079/?token=518504778&user=-1355064518&config=3,773,0,0
1777922664808,795,HTTP Request,200,OK,Config 3: Exp9 1-74,text,true,,231,158,78,78,http://localhost:8079/?token=518504778&user=-1355064518&config=3,795,0,0
1777922664856,770,HTTP Request,200,OK,Config 3: Exp9 1-24,text,true,,231,158,78,78,http://localhost:8079/?token=518504778&user=-1355064518&config=3,770,0,0
1777922664900,787,HTTP Request,200,OK,Config 3: Exp9 1-41,text,true,,231,158,78,78,http://localhost:8079/?token=518504778&user=-1355064518&config=3,787,0,0
1777922664944,781,HTTP Request,200,OK,Config 3: Exp9 1-58,text,true,,231,158,79,79,http://localhost:8079/?token=518504778&user=-1355064518&config=3,781,0,0
1777922664994,780,HTTP Request,200,OK,Config 3: Exp9 1-8,text,true,,231,158,79,79,http://localhost:8079/?token=518504778&user=-1355064518&config=3,780,0,0
1777922664986,808,HTTP Request,200,OK,Config 3: Exp9 1-75,text,true,,231,158,79,79,http://localhost:8079/?token=518504778&user=-1355064518&config=3,808,0,1
1777922665036,779,HTTP Request,200,OK,Config 3: Exp9 1-25,text,true,,231,158,79,79,http://localhost:8079/?token=518504778&user=-1355064518&config=3,779,0,0
1777922665079,778,HTTP Request,200,OK,Config 3: Exp9 1-42,text,true,,231,158,79,79,http://localhost:8079/?token=518504778&user=-1355064518&config=3,778,0,0
1777922665121,779,HTTP Request,200,OK,Config 3: Exp9 1-59,text,true,,231,158,80,80,http://localhost:8079/?token=518504778&user=-1355064518&config=3,779,0,0
1777922665172,786,HTTP Request,200,OK,Config 3: Exp9 1-9,text,true,,231,158,80,80,http://localhost:8079/?token=518504778&user=-1355064518&config=3,786,0,0
1777922665166,809,HTTP Request,200,OK,Config 3: Exp9 1-76,text,true,,231,158,80,80,http://localhost:8079/?token=518504778&user=-1355064518&config=3,809,0,1
1777922665217,779,HTTP Request,200,OK,Config 3: Exp9 1-26,text,true,,231,158,80,80,http://localhost:8079/?token=518504778&user=-1355064518&config=3,779,0,0
1777922665258,783,HTTP Request,200,OK,Config 3: Exp9 1-43,text,true,,231,158,80,80,http://localhost:8079/?token=518504778&user=-1355064518&config=3,783,0,0
1777922665301,802,HTTP Request,200,OK,Config 3: Exp9 1-60,text,true,,231,158,81,81,http://localhost:8079/?token=518504778&user=-1355064518&config=3,802,0,0
1777922665352,794,HTTP Request,200,OK,Config 3: Exp9 1-10,text,true,,231,158,81,81,http://localhost:8079/?token=518504778&user=-1355064518&config=3,794,0,0
1777922665345,819,HTTP Request,200,OK,Config 3: Exp9 1-77,text,true,,231,158,81,81,http://localhost:8079/?token=518504778&user=-1355064518&config=3,819,0,1
1777922665393,795,HTTP Request,200,OK,Config 3: Exp9 1-27,text,true,,231,158,81,81,http://localhost:8079/?token=518504778&user=-1355064518&config=3,795,0,0
1777922665438,808,HTTP Request,200,OK,Config 3: Exp9 1-44,text,true,,231,158,82,82,http://localhost:8079/?token=518504778&user=-1355064518&config=3,808,0,0
1777922665480,804,HTTP Request,200,OK,Config 3: Exp9 1-61,text,true,,231,158,82,82,http://localhost:8079/?token=518504778&user=-1355064518&config=3,804,0,0
1777922665531,801,HTTP Request,200,OK,Config 3: Exp9 1-11,text,true,,231,158,82,82,http://localhost:8079/?token=518504778&user=-1355064518&config=3,801,0,0
1777922665523,828,HTTP Request,200,OK,Config 3: Exp9 1-78,text,true,,231,158,82,82,http://localhost:8079/?token=518504778&user=-1355064518&config=3,828,0,1
1777922665573,797,HTTP Request,200,OK,Config 3: Exp9 1-28,text,true,,231,158,82,82,http://localhost:8079/?token=518504778&user=-1355064518&config=3,797,0,0
1777922665616,817,HTTP Request,200,OK,Config 3: Exp9 1-45,text,true,,231,158,83,83,http://localhost:8079/?token=518504778&user=-1355064518&config=3,817,0,0
1777922665659,812,HTTP Request,200,OK,Config 3: Exp9 1-62,text,true,,231,158,83,83,http://localhost:8079/?token=518504778&user=-1355064518&config=3,812,0,0
1777922665709,809,HTTP Request,200,OK,Config 3: Exp9 1-12,text,true,,231,158,83,83,http://localhost:8079/?token=518504778&user=-1355064518&config=3,809,0,0
1777922665702,833,HTTP Request,200,OK,Config 3: Exp9 1-79,text,true,,231,158,83,83,http://localhost:8079/?token=518504778&user=-1355064518&config=3,833,0,1
1777922665752,806,HTTP Request,200,OK,Config 3: Exp9 1-29,text,true,,231,158,83,83,http://localhost:8079/?token=518504778&user=-1355064518&config=3,806,0,0
1777922665796,806,HTTP Request,200,OK,Config 3: Exp9 1-46,text,true,,231,158,84,84,http://localhost:8079/?token=518504778&user=-1355064518&config=3,806,0,0
1777922665839,807,HTTP Request,200,OK,Config 3: Exp9 1-63,text,true,,231,158,84,84,http://localhost:8079/?token=518504778&user=-1355064518&config=3,807,0,0
1777922665888,816,HTTP Request,200,OK,Config 3: Exp9 1-13,text,true,,231,158,84,84,http://localhost:8079/?token=518504778&user=-1355064518&config=3,816,0,0
1777922665882,843,HTTP Request,200,OK,Config 3: Exp9 1-80,text,true,,231,158,84,84,http://localhost:8079/?token=518504778&user=-1355064518&config=3,843,0,0
1777922665930,821,HTTP Request,200,OK,Config 3: Exp9 1-30,text,true,,231,158,84,84,http://localhost:8079/?token=518504778&user=-1355064518&config=3,821,0,0
1777922665974,814,HTTP Request,200,OK,Config 3: Exp9 1-47,text,true,,231,158,85,85,http://localhost:8079/?token=518504778&user=-1355064518&config=3,814,0,0
1777922666018,830,HTTP Request,200,OK,Config 3: Exp9 1-64,text,true,,231,158,85,85,http://localhost:8079/?token=518504778&user=-1355064518&config=3,830,0,0
1777922666068,826,HTTP Request,200,OK,Config 3: Exp9 1-14,text,true,,231,158,85,85,http://localhost:8079/?token=518504778&user=-1355064518&config=3,826,0,0
1777922666060,849,HTTP Request,200,OK,Config 3: Exp9 1-81,text,true,,231,158,85,85,http://localhost:8079/?token=518504778&user=-1355064518&config=3,849,0,1
1777922666110,824,HTTP Request,200,OK,Config 3: Exp9 1-31,text,true,,231,158,85,85,http://localhost:8079/?token=518504778&user=-1355064518&config=3,824,0,0
1777922666153,831,HTTP Request,200,OK,Config 3: Exp9 1-48,text,true,,231,158,86,86,http://localhost:8079/?token=518504778&user=-1355064518&config=3,831,0,0
1777922666197,823,HTTP Request,200,OK,Config 3: Exp9 1-65,text,true,,231,158,86,86,http://localhost:8079/?token=518504778&user=-1355064518&config=3,823,0,0
1777922666246,840,HTTP Request,200,OK,Config 3: Exp9 1-15,text,true,,231,158,86,86,http://localhost:8079/?token=518504778&user=-1355064518&config=3,840,0,0
1777922666239,868,HTTP Request,200,OK,Config 3: Exp9 1-82,text,true,,231,158,86,86,http://localhost:8079/?token=518504778&user=-1355064518&config=3,868,0,1
1777922666290,851,HTTP Request,200,OK,Config 3: Exp9 1-32,text,true,,231,158,87,87,http://localhost:8079/?token=518504778&user=-1355064518&config=3,851,0,0
1777922666331,842,HTTP Request,200,OK,Config 3: Exp9 1-49,text,true,,231,158,87,87,http://localhost:8079/?token=518504778&user=-1355064518&config=3,842,0,0
1777922666376,838,HTTP Request,200,OK,Config 3: Exp9 1-66,text,true,,231,158,87,87,http://localhost:8079/?token=518504778&user=-1355064518&config=3,838,0,0
1777922666425,842,HTTP Request,200,OK,Config 3: Exp9 1-16,text,true,,231,158,87,87,http://localhost:8079/?token=518504778&user=-1355064518&config=3,842,0,0
1777922666418,888,HTTP Request,200,OK,Config 3: Exp9 1-83,text,true,,231,158,87,87,http://localhost:8079/?token=518504778&user=-1355064518&config=3,888,0,1
1777922666468,839,HTTP Request,200,OK,Config 3: Exp9 1-33,text,true,,231,158,87,87,http://localhost:8079/?token=518504778&user=-1355064518&config=3,839,0,0
1777922666511,900,HTTP Request,200,OK,Config 3: Exp9 1-50,text,true,,231,158,88,88,http://localhost:8079/?token=518504778&user=-1355064518&config=3,900,0,0
1777922666554,857,HTTP Request,200,OK,Config 3: Exp9 1-67,text,true,,231,158,88,88,http://localhost:8079/?token=518504778&user=-1355064518&config=3,857,0,0
1777922666604,881,HTTP Request,200,OK,Config 3: Exp9 1-17,text,true,,231,158,88,88,http://localhost:8079/?token=518504778&user=-1355064518&config=3,881,0,0
1777922666597,888,HTTP Request,200,OK,Config 3: Exp9 1-84,text,true,,231,158,88,88,http://localhost:8079/?token=518504778&user=-1355064518&config=3,888,0,1
1777922666647,927,HTTP Request,200,OK,Config 3: Exp9 1-34,text,true,,231,158,89,89,http://localhost:8079/?token=518504778&user=-1355064518&config=3,927,0,0
1777922666691,883,HTTP Request,200,OK,Config 3: Exp9 1-51,text,true,,231,158,89,89,http://localhost:8079/?token=518504778&user=-1355064518&config=3,883,0,0
1777922666734,846,HTTP Request,200,OK,Config 3: Exp9 1-68,text,true,,231,158,89,89,http://localhost:8079/?token=518504778&user=-1355064518&config=3,846,0,0
1777922666740,864,HTTP Request,200,OK,Config 3: Exp9 1-1,text,true,,231,158,89,89,http://localhost:8079/?token=518504778&user=-1355064518&config=3,864,0,0
1777922666783,862,HTTP Request,200,OK,Config 3: Exp9 1-18,text,true,,231,158,89,89,http://localhost:8079/?token=518504778&user=-1355064518&config=3,862,0,0
1777922666777,885,HTTP Request,200,OK,Config 3: Exp9 1-85,text,true,,231,158,89,89,http://localhost:8079/?token=518504778&user=-1355064518&config=3,885,0,0
1777922666826,860,HTTP Request,200,OK,Config 3: Exp9 1-35,text,true,,231,158,90,90,http://localhost:8079/?token=518504778&user=-1355064518&config=3,860,0,0
1777922666870,861,HTTP Request,200,OK,Config 3: Exp9 1-52,text,true,,231,158,90,90,http://localhost:8079/?token=518504778&user=-1355064518&config=3,861,0,0
1777922666913,865,HTTP Request,200,OK,Config 3: Exp9 1-69,text,true,,231,158,90,90,http://localhost:8079/?token=518504778&user=-1355064518&config=3,865,0,0
1777922666919,862,HTTP Request,200,OK,Config 3: Exp9 1-2,text,true,,231,158,90,90,http://localhost:8079/?token=518504778&user=-1355064518&config=3,862,0,0
1777922666962,869,HTTP Request,200,OK,Config 3: Exp9 1-19,text,true,,231,158,90,90,http://localhost:8079/?token=518504778&user=-1355064518&config=3,869,0,0
1777922666956,910,HTTP Request,200,OK,Config 3: Exp9 1-86,text,true,,231,158,91,91,http://localhost:8079/?token=518504778&user=-1355064518&config=3,910,0,0
1777922667005,886,HTTP Request,200,OK,Config 3: Exp9 1-36,text,true,,231,158,91,91,http://localhost:8079/?token=518504778&user=-1355064518&config=3,886,0,0
1777922667048,886,HTTP Request,200,OK,Config 3: Exp9 1-53,text,true,,231,158,91,91,http://localhost:8079/?token=518504778&user=-1355064518&config=3,886,0,0
1777922667092,880,HTTP Request,200,OK,Config 3: Exp9 1-70,text,true,,231,158,91,91,http://localhost:8079/?token=518504778&user=-1355064518&config=3,880,0,0
1777922667099,878,HTTP Request,200,OK,Config 3: Exp9 1-3,text,true,,231,158,91,91,http://localhost:8079/?token=518504778&user=-1355064518&config=3,878,0,0
1777922667141,881,HTTP Request,200,OK,Config 3: Exp9 1-20,text,true,,231,158,91,91,http://localhost:8079/?token=518504778&user=-1355064518&config=3,881,0,0
1777922667135,923,HTTP Request,200,OK,Config 3: Exp9 1-87,text,true,,231,158,92,92,http://localhost:8079/?token=518504778&user=-1355064518&config=3,923,0,0
1777922667184,900,HTTP Request,200,OK,Config 3: Exp9 1-37,text,true,,231,158,92,92,http://localhost:8079/?token=518504778&user=-1355064518&config=3,900,0,0
1777922667228,921,HTTP Request,200,OK,Config 3: Exp9 1-54,text,true,,231,158,92,92,http://localhost:8079/?token=518504778&user=-1355064518&config=3,921,0,0
1777922667278,895,HTTP Request,200,OK,Config 3: Exp9 1-4,text,true,,231,158,92,92,http://localhost:8079/?token=518504778&user=-1355064518&config=3,895,0,0
1777922667271,947,HTTP Request,200,OK,Config 3: Exp9 1-71,text,true,,231,158,93,93,http://localhost:8079/?token=518504778&user=-1355064518&config=3,947,0,0
1777922667320,960,HTTP Request,200,OK,Config 3: Exp9 1-21,text,true,,231,158,93,93,http://localhost:8079/?token=518504778&user=-1355064518&config=3,960,0,0
1777922667314,1011,HTTP Request,200,OK,Config 3: Exp9 1-88,text,true,,231,158,93,93,http://localhost:8079/?token=518504778&user=-1355064518&config=3,1011,0,0
1777922667363,982,HTTP Request,200,OK,Config 3: Exp9 1-38,text,true,,231,158,93,93,http://localhost:8079/?token=518504778&user=-1355064518&config=3,982,0,0
1777922667408,952,HTTP Request,200,OK,Config 3: Exp9 1-55,text,true,,231,158,93,93,http://localhost:8079/?token=518504778&user=-1355064518&config=3,952,0,0
1777922667457,963,HTTP Request,200,OK,Config 3: Exp9 1-5,text,true,,231,158,94,94,http://localhost:8079/?token=518504778&user=-1355064518&config=3,963,0,0
1777922667450,970,HTTP Request,200,OK,Config 3: Exp9 1-72,text,true,,231,158,94,94,http://localhost:8079/?token=518504778&user=-1355064518&config=3,970,0,0
1777922667499,957,HTTP Request,200,OK,Config 3: Exp9 1-22,text,true,,231,158,94,94,http://localhost:8079/?token=518504778&user=-1355064518&config=3,957,0,0
1777922667492,970,HTTP Request,200,OK,Config 3: Exp9 1-89,text,true,,231,158,94,94,http://localhost:8079/?token=518504778&user=-1355064518&config=3,970,0,0
1777922667542,925,HTTP Request,200,OK,Config 3: Exp9 1-39,text,true,,231,158,94,94,http://localhost:8079/?token=518504778&user=-1355064518&config=3,925,0,0
1777922667585,925,HTTP Request,200,OK,Config 3: Exp9 1-56,text,true,,231,158,94,94,http://localhost:8079/?token=518504778&user=-1355064518&config=3,925,0,0
1777922667629,916,HTTP Request,200,OK,Config 3: Exp9 1-73,text,true,,231,158,94,94,http://localhost:8079/?token=518504778&user=-1355064518&config=3,916,0,0
1777922667636,913,HTTP Request,200,OK,Config 3: Exp9 1-6,text,true,,231,158,94,94,http://localhost:8079/?token=518504778&user=-1355064518&config=3,913,0,0
1777922667677,920,HTTP Request,200,OK,Config 3: Exp9 1-23,text,true,,231,158,95,95,http://localhost:8079/?token=518504778&user=-1355064518&config=3,920,0,0
1777922667671,963,HTTP Request,200,OK,Config 3: Exp9 1-90,text,true,,231,158,95,95,http://localhost:8079/?token=518504778&user=-1355064518&config=3,963,0,1
1777922667722,935,HTTP Request,200,OK,Config 3: Exp9 1-40,text,true,,231,158,95,95,http://localhost:8079/?token=518504778&user=-1355064518&config=3,935,0,0
1777922667763,934,HTTP Request,200,OK,Config 3: Exp9 1-57,text,true,,231,158,95,95,http://localhost:8079/?token=518504778&user=-1355064518&config=3,934,0,0
1777922667808,925,HTTP Request,200,OK,Config 3: Exp9 1-74,text,true,,231,158,95,95,http://localhost:8079/?token=518504778&user=-1355064518&config=3,925,0,0
1777922667814,923,HTTP Request,200,OK,Config 3: Exp9 1-7,text,true,,231,158,95,95,http://localhost:8079/?token=518504778&user=-1355064518&config=3,923,0,0
1777922667856,932,HTTP Request,200,OK,Config 3: Exp9 1-24,text,true,,231,158,96,96,http://localhost:8079/?token=518504778&user=-1355064518&config=3,932,0,0
1777922667852,971,HTTP Request,200,OK,Config 3: Exp9 1-91,text,true,,231,158,96,96,http://localhost:8079/?token=518504778&user=-1355064518&config=3,971,0,0
1777922667900,947,HTTP Request,200,OK,Config 3: Exp9 1-41,text,true,,231,158,96,96,http://localhost:8079/?token=518504778&user=-1355064518&config=3,947,0,0
1777922667943,946,HTTP Request,200,OK,Config 3: Exp9 1-58,text,true,,231,158,96,96,http://localhost:8079/?token=518504778&user=-1355064518&config=3,946,0,0
1777922667994,934,HTTP Request,200,OK,Config 3: Exp9 1-8,text,true,,231,158,97,97,http://localhost:8079/?token=518504778&user=-1355064518&config=3,934,0,0
1777922667987,941,HTTP Request,200,OK,Config 3: Exp9 1-75,text,true,,231,158,97,97,http://localhost:8079/?token=518504778&user=-1355064518&config=3,941,0,0
1777922668036,940,HTTP Request,200,OK,Config 3: Exp9 1-25,text,true,,231,158,97,97,http://localhost:8079/?token=518504778&user=-1355064518&config=3,940,0,0
1777922668029,967,HTTP Request,200,OK,Config 3: Exp9 1-92,text,true,,231,158,97,97,http://localhost:8079/?token=518504778&user=-1355064518&config=3,967,0,1
1777922668080,957,HTTP Request,200,OK,Config 3: Exp9 1-42,text,true,,231,158,97,97,http://localhost:8079/?token=518504778&user=-1355064518&config=3,957,0,0
1777922668122,955,HTTP Request,200,OK,Config 3: Exp9 1-59,text,true,,231,158,97,97,http://localhost:8079/?token=518504778&user=-1355064518&config=3,955,0,0
1777922668172,941,HTTP Request,200,OK,Config 3: Exp9 1-9,text,true,,231,158,98,98,http://localhost:8079/?token=518504778&user=-1355064518&config=3,941,0,0
1777922668165,950,HTTP Request,200,OK,Config 3: Exp9 1-76,text,true,,231,158,98,98,http://localhost:8079/?token=518504778&user=-1355064518&config=3,950,0,0
1777922668217,948,HTTP Request,200,OK,Config 3: Exp9 1-26,text,true,,231,158,98,98,http://localhost:8079/?token=518504778&user=-1355064518&config=3,948,0,0
1777922668208,1002,HTTP Request,200,OK,Config 3: Exp9 1-93,text,true,,231,158,98,98,http://localhost:8079/?token=518504778&user=-1355064518&config=3,1002,0,1
1777922668259,996,HTTP Request,200,OK,Config 3: Exp9 1-43,text,true,,231,158,98,98,http://localhost:8079/?token=518504778&user=-1355064518&config=3,996,0,0
1777922668301,978,HTTP Request,200,OK,Config 3: Exp9 1-60,text,true,,231,158,98,98,http://localhost:8079/?token=518504778&user=-1355064518&config=3,978,0,0
1777922668352,957,HTTP Request,200,OK,Config 3: Exp9 1-10,text,true,,231,158,99,99,http://localhost:8079/?token=518504778&user=-1355064518&config=3,957,0,0
1777922668345,965,HTTP Request,200,OK,Config 3: Exp9 1-77,text,true,,231,158,99,99,http://localhost:8079/?token=518504778&user=-1355064518&config=3,965,0,0
1777922668393,968,HTTP Request,200,OK,Config 3: Exp9 1-27,text,true,,231,158,99,99,http://localhost:8079/?token=518504778&user=-1355064518&config=3,968,0,0
1777922668437,979,HTTP Request,200,OK,Config 3: Exp9 1-44,text,true,,231,158,99,99,http://localhost:8079/?token=518504778&user=-1355064518&config=3,979,0,0
1777922668387,1029,HTTP Request,200,OK,Config 3: Exp9 1-94,text,true,,231,158,99,99,http://localhost:8079/?token=518504778&user=-1355064518&config=3,1029,0,1
1777922668480,977,HTTP Request,200,OK,Config 3: Exp9 1-61,text,true,,231,158,99,99,http://localhost:8079/?token=518504778&user=-1355064518&config=3,977,0,0
1777922668531,965,HTTP Request,200,OK,Config 3: Exp9 1-11,text,true,,231,158,100,100,http://localhost:8079/?token=518504778&user=-1355064518&config=3,965,0,0
1777922668522,974,HTTP Request,200,OK,Config 3: Exp9 1-78,text,true,,231,158,100,100,http://localhost:8079/?token=518504778&user=-1355064518&config=3,974,0,0
1777922668574,971,HTTP Request,200,OK,Config 3: Exp9 1-28,text,true,,231,158,100,100,http://localhost:8079/?token=518504778&user=-1355064518&config=3,971,0,0
1777922668566,996,HTTP Request,200,OK,Config 3: Exp9 1-95,text,true,,231,158,100,100,http://localhost:8079/?token=518504778&user=-1355064518&config=3,996,0,0
1777922668616,990,HTTP Request,200,OK,Config 3: Exp9 1-45,text,true,,231,158,100,100,http://localhost:8079/?token=518504778&user=-1355064518&config=3,990,0,0
1777922668660,985,HTTP Request,200,OK,Config 3: Exp9 1-62,text,true,,231,158,101,101,http://localhost:8079/?token=518504778&user=-1355064518&config=3,985,0,0
1777922668709,978,HTTP Request,200,OK,Config 3: Exp9 1-12,text,true,,231,158,101,101,http://localhost:8079/?token=518504778&user=-1355064518&config=3,978,0,0
1777922668702,985,HTTP Request,200,OK,Config 3: Exp9 1-79,text,true,,231,158,101,101,http://localhost:8079/?token=518504778&user=-1355064518&config=3,985,0,0
1777922668752,985,HTTP Request,200,OK,Config 3: Exp9 1-29,text,true,,231,158,101,101,http://localhost:8079/?token=518504778&user=-1355064518&config=3,985,0,0
1777922668796,1001,HTTP Request,200,OK,Config 3: Exp9 1-46,text,true,,231,158,101,101,http://localhost:8079/?token=518504778&user=-1355064518&config=3,1001,0,0
1777922668745,1053,HTTP Request,200,OK,Config 3: Exp9 1-96,text,true,,231,158,101,101,http://localhost:8079/?token=518504778&user=-1355064518&config=3,1052,0,1
1777922668839,1055,HTTP Request,200,OK,Config 3: Exp9 1-63,text,true,,231,158,102,102,http://localhost:8079/?token=518504778&user=-1355064518&config=3,1055,0,0
1777922668881,1014,HTTP Request,200,OK,Config 3: Exp9 1-80,text,true,,231,158,102,102,http://localhost:8079/?token=518504778&user=-1355064518&config=3,1014,0,0
1777922668888,1007,HTTP Request,200,OK,Config 3: Exp9 1-13,text,true,,231,158,102,102,http://localhost:8079/?token=518504778&user=-1355064518&config=3,1007,0,0
1777922668930,1099,HTTP Request,200,OK,Config 3: Exp9 1-30,text,true,,231,158,103,103,http://localhost:8079/?token=518504778&user=-1355064518&config=3,1099,0,0
1777922669018,1012,HTTP Request,200,OK,Config 3: Exp9 1-64,text,true,,231,158,103,103,http://localhost:8079/?token=518504778&user=-1355064518&config=3,1011,0,0
1777922668975,1054,HTTP Request,200,OK,Config 3: Exp9 1-47,text,true,,231,158,103,103,http://localhost:8079/?token=518504778&user=-1355064518&config=3,1054,0,0
1777922668924,1106,HTTP Request,200,OK,Config 3: Exp9 1-97,text,true,,231,158,103,103,http://localhost:8079/?token=518504778&user=-1355064518&config=3,1106,0,1
1777922669067,1051,HTTP Request,200,OK,Config 3: Exp9 1-14,text,true,,231,158,103,103,http://localhost:8079/?token=518504778&user=-1355064518&config=3,1051,0,0
1777922669061,1057,HTTP Request,200,OK,Config 3: Exp9 1-81,text,true,,231,158,103,103,http://localhost:8079/?token=518504778&user=-1355064518&config=3,1057,0,0
1777922669110,1008,HTTP Request,200,OK,Config 3: Exp9 1-31,text,true,,231,158,103,103,http://localhost:8079/?token=518504778&user=-1355064518&config=3,1008,0,0
1777922669152,1145,HTTP Request,200,OK,Config 3: Exp9 1-48,text,true,,231,158,104,104,http://localhost:8079/?token=518504778&user=-1355064518&config=3,1145,0,0
1777922669104,1193,HTTP Request,200,OK,Config 3: Exp9 1-98,text,true,,231,158,104,104,http://localhost:8079/?token=518504778&user=-1355064518&config=3,1193,0,0
1777922669198,1099,HTTP Request,200,OK,Config 3: Exp9 1-65,text,true,,231,158,104,104,http://localhost:8079/?token=518504778&user=-1355064518&config=3,1099,0,0
1777922669246,1052,HTTP Request,200,OK,Config 3: Exp9 1-15,text,true,,231,158,104,104,http://localhost:8079/?token=518504778&user=-1355064518&config=3,1052,0,0
1777922669239,1059,HTTP Request,200,OK,Config 3: Exp9 1-82,text,true,,231,158,104,104,http://localhost:8079/?token=518504778&user=-1355064518&config=3,1059,0,0
1777922669290,1209,HTTP Request,200,OK,Config 3: Exp9 1-32,text,true,,231,158,105,105,http://localhost:8079/?token=518504778&user=-1355064518&config=3,1209,0,0
1777922669282,1217,HTTP Request,200,OK,Config 3: Exp9 1-99,text,true,,231,158,105,105,http://localhost:8079/?token=518504778&user=-1355064518&config=3,1217,0,1
1777922669331,1168,HTTP Request,200,OK,Config 3: Exp9 1-49,text,true,,231,158,105,105,http://localhost:8079/?token=518504778&user=-1355064518&config=3,1168,0,0
1777922669376,1124,HTTP Request,200,OK,Config 3: Exp9 1-66,text,true,,231,158,105,105,http://localhost:8079/?token=518504778&user=-1355064518&config=3,1124,0,0
1777922669419,1082,HTTP Request,200,OK,Config 3: Exp9 1-83,text,true,,231,158,105,105,http://localhost:8079/?token=518504778&user=-1355064518&config=3,1082,0,0
1777922669425,1077,HTTP Request,200,OK,Config 3: Exp9 1-16,text,true,,231,158,105,105,http://localhost:8079/?token=518504778&user=-1355064518&config=3,1077,0,0
1777922669469,1333,HTTP Request,200,OK,Config 3: Exp9 1-33,text,true,,231,158,107,107,http://localhost:8079/?token=518504778&user=-1355064518&config=3,1333,0,0
1777922669462,1340,HTTP Request,200,OK,Config 3: Exp9 1-100,text,true,,231,158,107,107,http://localhost:8079/?token=518504778&user=-1355064518&config=3,1340,0,0
1777922669510,1292,HTTP Request,200,OK,Config 3: Exp9 1-50,text,true,,231,158,107,107,http://localhost:8079/?token=518504778&user=-1355064518&config=3,1292,0,0
1777922669604,1201,HTTP Request,200,OK,Config 3: Exp9 1-17,text,true,,231,158,107,107,http://localhost:8079/?token=518504778&user=-1355064518&config=3,1201,0,0
1777922669648,1157,HTTP Request,200,OK,Config 3: Exp9 1-34,text,true,,231,158,107,107,http://localhost:8079/?token=518504778&user=-1355064518&config=3,1157,0,0
1777922669691,1114,HTTP Request,200,OK,Config 3: Exp9 1-51,text,true,,231,158,107,107,http://localhost:8079/?token=518504778&user=-1355064518&config=3,1114,0,0
1777922669553,1252,HTTP Request,200,OK,Config 3: Exp9 1-67,text,true,,231,158,107,107,http://localhost:8079/?token=518504778&user=-1355064518&config=3,1252,0,0
1777922669598,1207,HTTP Request,200,OK,Config 3: Exp9 1-84,text,true,,231,158,107,107,http://localhost:8079/?token=518504778&user=-1355064518&config=3,1207,0,0
1777922669640,1165,HTTP Request,200,OK,Config 3: Exp9 1-101,text,true,,231,158,107,107,http://localhost:8079/?token=518504778&user=-1355064518&config=3,1165,0,1
1777922669734,1434,HTTP Request,200,OK,Config 3: Exp9 1-68,text,true,,231,158,109,109,http://localhost:8079/?token=518504778&user=-1355064518&config=3,1434,0,0
1777922669740,1428,HTTP Request,200,OK,Config 3: Exp9 1-1,text,true,,231,158,109,109,http://localhost:8079/?token=518504778&user=-1355064518&config=3,1428,0,0
1777922669776,1393,HTTP Request,200,OK,Config 3: Exp9 1-85,text,true,,231,158,109,109,http://localhost:8079/?token=518504778&user=-1355064518&config=3,1393,0,0
1777922669784,1385,HTTP Request,200,OK,Config 3: Exp9 1-18,text,true,,231,158,109,109,http://localhost:8079/?token=518504778&user=-1355064518&config=3,1385,0,0
1777922669825,1345,HTTP Request,200,OK,Config 3: Exp9 1-35,text,true,,231,158,109,109,http://localhost:8079/?token=518504778&user=-1355064518&config=3,1345,0,0
1777922669819,1351,HTTP Request,200,OK,Config 3: Exp9 1-102,text,true,,231,158,109,109,http://localhost:8079/?token=518504778&user=-1355064518&config=3,1351,0,0
1777922669912,1258,HTTP Request,200,OK,Config 3: Exp9 1-69,text,true,,231,158,109,109,http://localhost:8079/?token=518504778&user=-1355064518&config=3,1258,0,0
1777922669870,1300,HTTP Request,200,OK,Config 3: Exp9 1-52,text,true,,231,158,109,109,http://localhost:8079/?token=518504778&user=-1355064518&config=3,1300,0,0
1777922669920,1251,HTTP Request,200,OK,Config 3: Exp9 1-2,text,true,,231,158,109,109,http://localhost:8079/?token=518504778&user=-1355064518&config=3,1251,0,0
1777922670004,1168,HTTP Request,200,OK,Config 3: Exp9 1-36,text,true,,231,158,109,109,http://localhost:8079/?token=518504778&user=-1355064518&config=3,1168,0,0
1777922669962,1210,HTTP Request,200,OK,Config 3: Exp9 1-19,text,true,,231,158,109,109,http://localhost:8079/?token=518504778&user=-1355064518&config=3,1210,0,0
1777922669956,1216,HTTP Request,200,OK,Config 3: Exp9 1-86,text,true,,231,158,109,109,http://localhost:8079/?token=518504778&user=-1355064518&config=3,1216,0,0
1777922669999,1699,HTTP Request,200,OK,Config 3: Exp9 1-103,text,true,,231,158,112,112,http://localhost:8079/?token=518504778&user=-1355064518&config=3,1699,0,1
1777922670049,1649,HTTP Request,200,OK,Config 3: Exp9 1-53,text,true,,231,158,112,112,http://localhost:8079/?token=518504778&user=-1355064518&config=3,1649,0,0
1777922670091,1607,HTTP Request,200,OK,Config 3: Exp9 1-70,text,true,,231,158,112,112,http://localhost:8079/?token=518504778&user=-1355064518&config=3,1607,0,0
1777922670099,1599,HTTP Request,200,OK,Config 3: Exp9 1-3,text,true,,231,158,112,112,http://localhost:8079/?token=518504778&user=-1355064518&config=3,1599,0,0
1777922670135,1564,HTTP Request,200,OK,Config 3: Exp9 1-87,text,true,,231,158,112,112,http://localhost:8079/?token=518504778&user=-1355064518&config=3,1564,0,0
1777922670142,1558,HTTP Request,200,OK,Config 3: Exp9 1-20,text,true,,231,158,112,112,http://localhost:8079/?token=518504778&user=-1355064518&config=3,1558,0,0
1777922670183,1517,HTTP Request,200,OK,Config 3: Exp9 1-37,text,true,,231,158,112,112,http://localhost:8079/?token=518504778&user=-1355064518&config=3,1517,0,0
1777922670178,1522,HTTP Request,200,OK,Config 3: Exp9 1-104,text,true,,231,158,112,112,http://localhost:8079/?token=518504778&user=-1355064518&config=3,1522,0,1
1777922670228,1472,HTTP Request,200,OK,Config 3: Exp9 1-54,text,true,,231,158,112,112,http://localhost:8079/?token=518504778&user=-1355064518&config=3,1472,0,0
1777922670270,1431,HTTP Request,200,OK,Config 3: Exp9 1-71,text,true,,231,158,112,112,http://localhost:8079/?token=518504778&user=-1355064518&config=3,1431,0,0
1777922670277,1424,HTTP Request,200,OK,Config 3: Exp9 1-4,text,true,,231,158,112,112,http://localhost:8079/?token=518504778&user=-1355064518&config=3,1424,0,0
1777922670314,1388,HTTP Request,200,OK,Config 3: Exp9 1-88,text,true,,231,158,112,112,http://localhost:8079/?token=518504778&user=-1355064518&config=3,1388,0,0
1777922670320,1382,HTTP Request,200,OK,Config 3: Exp9 1-21,text,true,,231,158,112,112,http://localhost:8079/?token=518504778&user=-1355064518&config=3,1382,0,0
1777922670362,1340,HTTP Request,200,OK,Config 3: Exp9 1-38,text,true,,231,158,112,112,http://localhost:8079/?token=518504778&user=-1355064518&config=3,1340,0,0
1777922670407,2007,HTTP Request,200,OK,Config 3: Exp9 1-55,text,true,,231,158,116,116,http://localhost:8079/?token=518504778&user=-1355064518&config=3,2007,0,0
1777922670456,1958,HTTP Request,200,OK,Config 3: Exp9 1-5,text,true,,231,158,116,116,http://localhost:8079/?token=518504778&user=-1355064518&config=3,1958,0,0
1777922670449,1965,HTTP Request,200,OK,Config 3: Exp9 1-72,text,true,,231,158,116,116,http://localhost:8079/?token=518504778&user=-1355064518&config=3,1965,0,0
1777922670358,2056,HTTP Request,200,OK,Config 3: Exp9 1-105,text,true,,231,158,116,116,http://localhost:8079/?token=518504778&user=-1355064518&config=3,2056,0,0
1777922670499,1916,HTTP Request,200,OK,Config 3: Exp9 1-22,text,true,,231,158,116,116,http://localhost:8079/?token=518504778&user=-1355064518&config=3,1916,0,0
1777922670492,1923,HTTP Request,200,OK,Config 3: Exp9 1-89,text,true,,231,158,116,116,http://localhost:8079/?token=518504778&user=-1355064518&config=3,1923,0,0
1777922670542,1874,HTTP Request,200,OK,Config 3: Exp9 1-39,text,true,,231,158,116,116,http://localhost:8079/?token=518504778&user=-1355064518&config=3,1874,0,0
1777922670586,1831,HTTP Request,200,OK,Config 3: Exp9 1-56,text,true,,231,158,116,116,http://localhost:8079/?token=518504778&user=-1355064518&config=3,1831,0,0
1777922670629,1788,HTTP Request,200,OK,Config 3: Exp9 1-73,text,true,,231,158,116,116,http://localhost:8079/?token=518504778&user=-1355064518&config=3,1788,0,0
1777922670536,1881,HTTP Request,200,OK,Config 3: Exp9 1-106,text,true,,231,158,116,116,http://localhost:8079/?token=518504778&user=-1355064518&config=3,1881,0,0
1777922670635,1782,HTTP Request,200,OK,Config 3: Exp9 1-6,text,true,,231,158,116,116,http://localhost:8079/?token=518504778&user=-1355064518&config=3,1782,0,0
1777922670677,1740,HTTP Request,200,OK,Config 3: Exp9 1-23,text,true,,231,158,116,116,http://localhost:8079/?token=518504778&user=-1355064518&config=3,1740,0,0
1777922670670,1747,HTTP Request,200,OK,Config 3: Exp9 1-90,text,true,,231,158,116,116,http://localhost:8079/?token=518504778&user=-1355064518&config=3,1747,0,0
1777922670722,1695,HTTP Request,200,OK,Config 3: Exp9 1-40,text,true,,231,158,116,116,http://localhost:8079/?token=518504778&user=-1355064518&config=3,1695,0,0
1777922670808,1610,HTTP Request,200,OK,Config 3: Exp9 1-74,text,true,,231,158,116,116,http://localhost:8079/?token=518504778&user=-1355064518&config=3,1610,0,0
1777922670814,1604,HTTP Request,200,OK,Config 3: Exp9 1-7,text,true,,231,158,116,116,http://localhost:8079/?token=518504778&user=-1355064518&config=3,1604,0,0
1777922670764,1654,HTTP Request,200,OK,Config 3: Exp9 1-57,text,true,,231,158,116,116,http://localhost:8079/?token=518504778&user=-1355064518&config=3,1654,0,0
1777922670714,1704,HTTP Request,200,OK,Config 3: Exp9 1-107,text,true,,231,158,116,116,http://localhost:8079/?token=518504778&user=-1355064518&config=3,1704,0,0
1777922670856,1562,HTTP Request,200,OK,Config 3: Exp9 1-24,text,true,,231,158,116,116,http://localhost:8079/?token=518504778&user=-1355064518&config=3,1562,0,0
1777922670852,1567,HTTP Request,200,OK,Config 3: Exp9 1-91,text,true,,231,158,116,116,http://localhost:8079/?token=518504778&user=-1355064518&config=3,1567,0,0
1777922670900,2584,HTTP Request,200,OK,Config 3: Exp9 1-41,text,true,,231,158,122,122,http://localhost:8079/?token=518504778&user=-1355064518&config=3,2584,0,0
1777922670893,2591,HTTP Request,200,OK,Config 3: Exp9 1-108,text,true,,231,158,122,122,http://localhost:8079/?token=518504778&user=-1355064518&config=3,2591,0,1
1777922670944,2540,HTTP Request,200,OK,Config 3: Exp9 1-58,text,true,,231,158,122,122,http://localhost:8079/?token=518504778&user=-1355064518&config=3,2540,0,0
1777922670994,2490,HTTP Request,200,OK,Config 3: Exp9 1-8,text,true,,231,158,122,122,http://localhost:8079/?token=518504778&user=-1355064518&config=3,2490,0,0
1777922670986,2498,HTTP Request,200,OK,Config 3: Exp9 1-75,text,true,,231,158,122,122,http://localhost:8079/?token=518504778&user=-1355064518&config=3,2498,0,0
1777922671029,2454,HTTP Request,200,OK,Config 3: Exp9 1-92,text,true,,231,158,122,122,http://localhost:8079/?token=518504778&user=-1355064518&config=3,2454,0,0
1777922671035,2450,HTTP Request,200,OK,Config 3: Exp9 1-25,text,true,,231,158,122,122,http://localhost:8079/?token=518504778&user=-1355064518&config=3,2450,0,0
1777922671079,2406,HTTP Request,200,OK,Config 3: Exp9 1-42,text,true,,231,158,122,122,http://localhost:8079/?token=518504778&user=-1355064518&config=3,2406,0,0
1777922671165,2320,HTTP Request,200,OK,Config 3: Exp9 1-76,text,true,,231,158,122,122,http://localhost:8079/?token=518504778&user=-1355064518&config=3,2320,0,0
1777922671121,2364,HTTP Request,200,OK,Config 3: Exp9 1-59,text,true,,231,158,122,122,http://localhost:8079/?token=518504778&user=-1355064518&config=3,2364,0,0
1777922671072,2414,HTTP Request,200,OK,Config 3: Exp9 1-109,text,true,,231,158,122,122,http://localhost:8079/?token=518504778&user=-1355064518&config=3,2414,0,0
1777922671351,2135,HTTP Request,200,OK,Config 3: Exp9 1-10,text,true,,231,158,122,122,http://localhost:8079/?token=518504778&user=-1355064518&config=3,2135,0,0
1777922671215,2271,HTTP Request,200,OK,Config 3: Exp9 1-26,text,true,,231,158,122,122,http://localhost:8079/?token=518504778&user=-1355064518&config=3,2271,0,0
1777922671393,2093,HTTP Request,200,OK,Config 3: Exp9 1-27,text,true,,231,158,122,122,http://localhost:8079/?token=518504778&user=-1355064518&config=3,2093,0,0
1777922671258,2228,HTTP Request,200,OK,Config 3: Exp9 1-43,text,true,,231,158,122,122,http://localhost:8079/?token=518504778&user=-1355064518&config=3,2228,0,0
1777922671343,2143,HTTP Request,200,OK,Config 3: Exp9 1-77,text,true,,231,158,122,122,http://localhost:8079/?token=518504778&user=-1355064518&config=3,2143,0,0
1777922671299,2187,HTTP Request,200,OK,Config 3: Exp9 1-60,text,true,,231,158,122,122,http://localhost:8079/?token=518504778&user=-1355064518&config=3,2187,0,0
1777922671250,2236,HTTP Request,200,OK,Config 3: Exp9 1-110,text,true,,231,158,122,122,http://localhost:8079/?token=518504778&user=-1355064518&config=3,2236,0,0
1777922671206,2280,HTTP Request,200,OK,Config 3: Exp9 1-93,text,true,,231,158,122,122,http://localhost:8079/?token=518504778&user=-1355064518&config=3,2280,0,0
1777922671386,2100,HTTP Request,200,OK,Config 3: Exp9 1-94,text,true,,231,158,122,122,http://localhost:8079/?token=518504778&user=-1355064518&config=3,2100,0,0
1777922671171,2315,HTTP Request,200,OK,Config 3: Exp9 1-9,text,true,,231,158,122,122,http://localhost:8079/?token=518504778&user=-1355064518&config=3,2315,0,0
1777922671436,2051,HTTP Request,200,OK,Config 3: Exp9 1-44,text,true,,231,158,122,122,http://localhost:8079/?token=518504778&user=-1355064518&config=3,2051,0,0
1777922671479,2008,HTTP Request,200,OK,Config 3: Exp9 1-61,text,true,,231,158,122,122,http://localhost:8079/?token=518504778&user=-1355064518&config=3,2008,0,0
1777922671430,2057,HTTP Request,200,OK,Config 3: Exp9 1-111,text,true,,231,158,122,122,http://localhost:8079/?token=518504778&user=-1355064518&config=3,2057,0,1
1777922671530,1957,HTTP Request,200,OK,Config 3: Exp9 1-11,text,true,,231,158,122,122,http://localhost:8079/?token=518504778&user=-1355064518&config=3,1957,0,0
1777922671616,1871,HTTP Request,200,OK,Config 3: Exp9 1-45,text,true,,231,158,122,122,http://localhost:8079/?token=518504778&user=-1355064518&config=3,1871,0,0
1777922671573,1914,HTTP Request,200,OK,Config 3: Exp9 1-28,text,true,,231,158,122,122,http://localhost:8079/?token=518504778&user=-1355064518&config=3,1914,0,0
1777922671565,1922,HTTP Request,200,OK,Config 3: Exp9 1-95,text,true,,231,158,122,122,http://localhost:8079/?token=518504778&user=-1355064518&config=3,1922,0,0
1777922671522,1965,HTTP Request,200,OK,Config 3: Exp9 1-78,text,true,,231,158,122,122,http://localhost:8079/?token=518504778&user=-1355064518&config=3,1965,0,0
1777922671702,3639,HTTP Request,200,OK,Config 3: Exp9 1-79,text,true,,231,158,132,132,http://localhost:8079/?token=518504778&user=-1355064518&config=3,3639,0,0
1777922671609,3732,HTTP Request,200,OK,Config 3: Exp9 1-112,text,true,,231,158,132,132,http://localhost:8079/?token=518504778&user=-1355064518&config=3,3732,0,0
1777922671658,3684,HTTP Request,200,OK,Config 3: Exp9 1-62,text,true,,231,158,132,132,http://localhost:8079/?token=518504778&user=-1355064518&config=3,3684,0,0
1777922671709,3633,HTTP Request,200,OK,Config 3: Exp9 1-12,text,true,,231,158,132,132,http://localhost:8079/?token=518504778&user=-1355064518&config=3,3633,0,0
1777922671751,3593,HTTP Request,200,OK,Config 3: Exp9 1-29,text,true,,231,158,132,132,http://localhost:8079/?token=518504778&user=-1355064518&config=3,3593,0,0
1777922671795,3549,HTTP Request,200,OK,Config 3: Exp9 1-46,text,true,,231,158,132,132,http://localhost:8079/?token=518504778&user=-1355064518&config=3,3549,0,0
1777922671744,3600,HTTP Request,200,OK,Config 3: Exp9 1-96,text,true,,231,158,132,132,http://localhost:8079/?token=518504778&user=-1355064518&config=3,3600,0,0
1777922671787,3557,HTTP Request,200,OK,Config 3: Exp9 1-113,text,true,,231,158,132,132,http://localhost:8079/?token=518504778&user=-1355064518&config=3,3557,0,1
1777922671838,3506,HTTP Request,200,OK,Config 3: Exp9 1-63,text,true,,231,158,132,132,http://localhost:8079/?token=518504778&user=-1355064518&config=3,3506,0,0
1777922671974,3370,HTTP Request,200,OK,Config 3: Exp9 1-47,text,true,,231,158,132,132,http://localhost:8079/?token=518504778&user=-1355064518&config=3,3370,0,0
1777922671930,3414,HTTP Request,200,OK,Config 3: Exp9 1-30,text,true,,231,158,132,132,http://localhost:8079/?token=518504778&user=-1355064518&config=3,3414,0,0
1777922671886,3458,HTTP Request,200,OK,Config 3: Exp9 1-13,text,true,,231,158,132,132,http://localhost:8079/?token=518504778&user=-1355064518&config=3,3458,0,0
1777922671881,3463,HTTP Request,200,OK,Config 3: Exp9 1-80,text,true,,231,158,132,132,http://localhost:8079/?token=518504778&user=-1355064518&config=3,3463,0,0
1777922671924,3420,HTTP Request,200,OK,Config 3: Exp9 1-97,text,true,,231,158,132,132,http://localhost:8079/?token=518504778&user=-1355064518&config=3,3420,0,0
1777922672017,3327,HTTP Request,200,OK,Config 3: Exp9 1-64,text,true,,231,158,132,132,http://localhost:8079/?token=518504778&user=-1355064518&config=3,3327,0,0
1777922671966,3378,HTTP Request,200,OK,Config 3: Exp9 1-114,text,true,,231,158,132,132,http://localhost:8079/?token=518504778&user=-1355064518&config=3,3378,0,1
1777922672059,3287,HTTP Request,200,OK,Config 3: Exp9 1-81,text,true,,231,158,132,132,http://localhost:8079/?token=518504778&user=-1355064518&config=3,3287,0,0
1777922672109,3237,HTTP Request,200,OK,Config 3: Exp9 1-31,text,true,,231,158,132,132,http://localhost:8079/?token=518504778&user=-1355064518&config=3,3237,0,0
1777922672066,3280,HTTP Request,200,OK,Config 3: Exp9 1-14,text,true,,231,158,132,132,http://localhost:8079/?token=518504778&user=-1355064518&config=3,3280,0,0
1777922672246,3101,HTTP Request,200,OK,Config 3: Exp9 1-15,text,true,,231,158,132,132,http://localhost:8079/?token=518504778&user=-1355064518&config=3,3101,0,0
1777922672152,3195,HTTP Request,200,OK,Config 3: Exp9 1-48,text,true,,231,158,132,132,http://localhost:8079/?token=518504778&user=-1355064518&config=3,3195,0,0
1777922672239,3108,HTTP Request,200,OK,Config 3: Exp9 1-82,text,true,,231,158,132,132,http://localhost:8079/?token=518504778&user=-1355064518&config=3,3108,0,0
1777922672197,3150,HTTP Request,200,OK,Config 3: Exp9 1-65,text,true,,231,158,132,132,http://localhost:8079/?token=518504778&user=-1355064518&config=3,3150,0,0
1777922672145,3202,HTTP Request,200,OK,Config 3: Exp9 1-115,text,true,,231,158,132,132,http://localhost:8079/?token=518504778&user=-1355064518&config=3,3202,0,1
1777922672103,3244,HTTP Request,200,OK,Config 3: Exp9 1-98,text,true,,231,158,132,132,http://localhost:8079/?token=518504778&user=-1355064518&config=3,3244,0,0
1777922672281,3066,HTTP Request,200,OK,Config 3: Exp9 1-99,text,true,,231,158,132,132,http://localhost:8079/?token=518504778&user=-1355064518&config=3,3066,0,0
1777922672424,2924,HTTP Request,200,OK,Config 3: Exp9 1-16,text,true,,231,158,132,132,http://localhost:8079/?token=518504778&user=-1355064518&config=3,2924,0,0
1777922672289,3059,HTTP Request,200,OK,Config 3: Exp9 1-32,text,true,,231,158,132,132,http://localhost:8079/?token=518504778&user=-1355064518&config=3,3059,0,0
1777922672331,3017,HTTP Request,200,OK,Config 3: Exp9 1-49,text,true,,231,158,132,132,http://localhost:8079/?token=518504778&user=-1355064518&config=3,3017,0,0
1777922672418,2930,HTTP Request,200,OK,Config 3: Exp9 1-83,text,true,,231,158,132,132,http://localhost:8079/?token=518504778&user=-1355064518&config=3,2930,0,0
1777922672467,2881,HTTP Request,200,OK,Config 3: Exp9 1-33,text,true,,231,158,132,132,http://localhost:8079/?token=518504778&user=-1355064518&config=3,2881,0,0
1777922672325,3023,HTTP Request,200,OK,Config 3: Exp9 1-116,text,true,,231,158,132,132,http://localhost:8079/?token=518504778&user=-1355064518&config=3,3023,0,0
1777922672460,2888,HTTP Request,200,OK,Config 3: Exp9 1-100,text,true,,231,158,132,132,http://localhost:8079/?token=518504778&user=-1355064518&config=3,2888,0,0
1777922672509,2840,HTTP Request,200,OK,Config 3: Exp9 1-50,text,true,,231,158,132,132,http://localhost:8079/?token=518504778&user=-1355064518&config=3,2840,0,0
1777922672376,2973,HTTP Request,200,OK,Config 3: Exp9 1-66,text,true,,231,158,132,132,http://localhost:8079/?token=518504778&user=-1355064518&config=3,2973,0,0
1777922672740,2609,HTTP Request,200,OK,Config 3: Exp9 1-1,text,true,,231,158,132,132,http://localhost:8079/?token=518504778&user=-1355064518&config=3,2609,0,0
1777922672689,2660,HTTP Request,200,OK,Config 3: Exp9 1-51,text,true,,231,158,132,132,http://localhost:8079/?token=518504778&user=-1355064518&config=3,2660,0,0
1777922672603,2746,HTTP Request,200,OK,Config 3: Exp9 1-17,text,true,,231,158,132,132,http://localhost:8079/?token=518504778&user=-1355064518&config=3,2746,0,0
1777922672783,2566,HTTP Request,200,OK,Config 3: Exp9 1-18,text,true,,231,158,132,132,http://localhost:8079/?token=518504778&user=-1355064518&config=3,2566,0,0
1777922672646,2703,HTTP Request,200,OK,Config 3: Exp9 1-34,text,true,,231,158,132,132,http://localhost:8079/?token=518504778&user=-1355064518&config=3,2703,0,0
1777922672733,2616,HTTP Request,200,OK,Config 3: Exp9 1-68,text,true,,231,158,132,132,http://localhost:8079/?token=518504778&user=-1355064518&config=3,2616,0,0
1777922672596,2753,HTTP Request,200,OK,Config 3: Exp9 1-84,text,true,,231,158,132,132,http://localhost:8079/?token=518504778&user=-1355064518&config=3,2753,0,0
1777922672552,2797,HTTP Request,200,OK,Config 3: Exp9 1-67,text,true,,231,158,132,132,http://localhost:8079/?token=518504778&user=-1355064518&config=3,2797,0,0
1777922672639,2710,HTTP Request,200,OK,Config 3: Exp9 1-101,text,true,,231,158,132,132,http://localhost:8079/?token=518504778&user=-1355064518&config=3,2710,0,0
1777922672775,2574,HTTP Request,200,OK,Config 3: Exp9 1-85,text,true,,231,158,132,132,http://localhost:8079/?token=518504778&user=-1355064518&config=3,2574,0,0
1777922672683,2666,HTTP Request,200,OK,Config 3: Exp9 1-118,text,true,,231,158,132,132,http://localhost:8079/?token=518504778&user=-1355064518&config=3,2666,0,1
1777922672504,2845,HTTP Request,200,OK,Config 3: Exp9 1-117,text,true,,231,158,132,132,http://localhost:8079/?token=518504778&user=-1355064518&config=3,2845,0,0
1777922672818,4782,HTTP Request,200,OK,Config 3: Exp9 1-102,text,true,,231,158,145,145,http://localhost:8079/?token=518504778&user=-1355064518&config=3,4782,0,0
1777922672824,4777,HTTP Request,200,OK,Config 3: Exp9 1-35,text,true,,231,158,145,145,http://localhost:8079/?token=518504778&user=-1355064518&config=3,4777,0,0
1777922672869,4732,HTTP Request,200,OK,Config 3: Exp9 1-52,text,true,,231,158,145,145,http://localhost:8079/?token=518504778&user=-1355064518&config=3,4732,0,0
1777922672861,4740,HTTP Request,200,OK,Config 3: Exp9 1-119,text,true,,231,158,145,145,http://localhost:8079/?token=518504778&user=-1355064518&config=3,4740,0,0
1777922672912,4689,HTTP Request,200,OK,Config 3: Exp9 1-69,text,true,,231,158,145,145,http://localhost:8079/?token=518504778&user=-1355064518&config=3,4689,0,0
1777922672918,4684,HTTP Request,200,OK,Config 3: Exp9 1-2,text,true,,231,158,145,145,http://localhost:8079/?token=518504778&user=-1355064518&config=3,4684,0,0
1777922672961,4641,HTTP Request,200,OK,Config 3: Exp9 1-19,text,true,,231,158,145,145,http://localhost:8079/?token=518504778&user=-1355064518&config=3,4641,0,0
1777922672954,4648,HTTP Request,200,OK,Config 3: Exp9 1-86,text,true,,231,158,145,145,http://localhost:8079/?token=518504778&user=-1355064518&config=3,4648,0,0
1777922673004,4599,HTTP Request,200,OK,Config 3: Exp9 1-36,text,true,,231,158,145,145,http://localhost:8079/?token=518504778&user=-1355064518&config=3,4599,0,0
1777922672997,4606,HTTP Request,200,OK,Config 3: Exp9 1-103,text,true,,231,158,145,145,http://localhost:8079/?token=518504778&user=-1355064518&config=3,4606,0,0
1777922673048,4556,HTTP Request,200,OK,Config 3: Exp9 1-53,text,true,,231,158,145,145,http://localhost:8079/?token=518504778&user=-1355064518&config=3,4556,0,0
1777922673041,4563,HTTP Request,200,OK,Config 3: Exp9 1-120,text,true,,231,158,145,145,http://localhost:8079/?token=518504778&user=-1355064518&config=3,4563,0,0
1777922673183,4421,HTTP Request,200,OK,Config 3: Exp9 1-37,text,true,,231,158,145,145,http://localhost:8079/?token=518504778&user=-1355064518&config=3,4421,0,0
1777922673097,4507,HTTP Request,200,OK,Config 3: Exp9 1-3,text,true,,231,158,145,145,http://localhost:8079/?token=518504778&user=-1355064518&config=3,4507,0,0
1777922673141,4463,HTTP Request,200,OK,Config 3: Exp9 1-20,text,true,,231,158,145,145,http://localhost:8079/?token=518504778&user=-1355064518&config=3,4463,0,0
1777922673499,4105,HTTP Request,200,OK,Config 3: Exp9 1-22,text,true,,231,158,145,145,http://localhost:8079/?token=518504778&user=-1355064518&config=3,4105,0,0
1777922673319,4285,HTTP Request,200,OK,Config 3: Exp9 1-21,text,true,,231,158,145,145,http://localhost:8079/?token=518504778&user=-1355064518&config=3,4285,0,0
1777922673362,4242,HTTP Request,200,OK,Config 3: Exp9 1-38,text,true,,231,158,145,145,http://localhost:8079/?token=518504778&user=-1355064518&config=3,4242,0,0
1777922673277,4327,HTTP Request,200,OK,Config 3: Exp9 1-4,text,true,,231,158,145,145,http://localhost:8079/?token=518504778&user=-1355064518&config=3,4327,0,0
1777922673091,4513,HTTP Request,200,OK,Config 3: Exp9 1-70,text,true,,231,158,145,145,http://localhost:8079/?token=518504778&user=-1355064518&config=3,4513,0,0
1777922673270,4334,HTTP Request,200,OK,Config 3: Exp9 1-71,text,true,,231,158,145,145,http://localhost:8079/?token=518504778&user=-1355064518&config=3,4334,0,0
1777922673313,4291,HTTP Request,200,OK,Config 3: Exp9 1-88,text,true,,231,158,145,145,http://localhost:8079/?token=518504778&user=-1355064518&config=3,4291,0,0
1777922673134,4470,HTTP Request,200,OK,Config 3: Exp9 1-87,text,true,,231,158,145,145,http://localhost:8079/?token=518504778&user=-1355064518&config=3,4470,0,0
1777922673491,4113,HTTP Request,200,OK,Config 3: Exp9 1-89,text,true,,231,158,145,145,http://localhost:8079/?token=518504778&user=-1355064518&config=3,4113,0,0
1777922673177,4427,HTTP Request,200,OK,Config 3: Exp9 1-104,text,true,,231,158,145,145,http://localhost:8079/?token=518504778&user=-1355064518&config=3,4427,0,0
1777922673357,4247,HTTP Request,200,OK,Config 3: Exp9 1-105,text,true,,231,158,145,145,http://localhost:8079/?token=518504778&user=-1355064518&config=3,4247,0,0
1777922673540,4064,HTTP Request,200,OK,Config 3: Exp9 1-39,text,true,,231,158,145,145,http://localhost:8079/?token=518504778&user=-1355064518&config=3,4064,0,0
1777922673407,4197,HTTP Request,200,OK,Config 3: Exp9 1-55,text,true,,231,158,145,145,http://localhost:8079/?token=518504778&user=-1355064518&config=3,4197,0,0
1777922673227,4377,HTTP Request,200,OK,Config 3: Exp9 1-54,text,true,,231,158,145,145,http://localhost:8079/?token=518504778&user=-1355064518&config=3,4377,0,0
1777922673220,4384,HTTP Request,200,OK,Config 3: Exp9 1-121,text,true,,231,158,145,145,http://localhost:8079/?token=518504778&user=-1355064518&config=3,4384,0,0
1777922673534,4070,HTTP Request,200,OK,Config 3: Exp9 1-106,text,true,,231,158,145,145,http://localhost:8079/?token=518504778&user=-1355064518&config=3,4070,0,0
1777922673584,4022,HTTP Request,200,OK,Config 3: Exp9 1-56,text,true,,231,158,145,145,http://localhost:8079/?token=518504778&user=-1355064518&config=3,4022,0,0
1777922673627,3979,HTTP Request,200,OK,Config 3: Exp9 1-73,text,true,,231,158,145,145,http://localhost:8079/?token=518504778&user=-1355064518&config=3,3979,0,0
1777922673578,4028,HTTP Request,200,OK,Config 3: Exp9 1-123,text,true,,231,158,145,145,http://localhost:8079/?token=518504778&user=-1355064518&config=3,4028,0,1
1777922673634,3973,HTTP Request,200,OK,Config 3: Exp9 1-6,text,true,,231,158,145,145,http://localhost:8079/?token=518504778&user=-1355064518&config=3,3973,0,0
1777922673677,3930,HTTP Request,200,OK,Config 3: Exp9 1-23,text,true,,231,158,145,145,http://localhost:8079/?token=518504778&user=-1355064518&config=3,3930,0,0
1777922673814,3793,HTTP Request,200,OK,Config 3: Exp9 1-7,text,true,,231,158,145,145,http://localhost:8079/?token=518504778&user=-1355064518&config=3,3793,0,0
1777922673994,3613,HTTP Request,200,OK,Config 3: Exp9 1-8,text,true,,231,158,145,145,http://localhost:8079/?token=518504778&user=-1355064518&config=3,3613,0,0
1777922673762,3845,HTTP Request,200,OK,Config 3: Exp9 1-57,text,true,,231,158,145,145,http://localhost:8079/?token=518504778&user=-1355064518&config=3,3845,0,0
1777922673856,3751,HTTP Request,200,OK,Config 3: Exp9 1-24,text,true,,231,158,145,145,http://localhost:8079/?token=518504778&user=-1355064518&config=3,3751,0,0
1777922673720,3887,HTTP Request,200,OK,Config 3: Exp9 1-40,text,true,,231,158,145,145,http://localhost:8079/?token=518504778&user=-1355064518&config=3,3887,0,0
1777922673900,3707,HTTP Request,200,OK,Config 3: Exp9 1-41,text,true,,231,158,145,145,http://localhost:8079/?token=518504778&user=-1355064518&config=3,3707,0,0
1777922673807,3800,HTTP Request,200,OK,Config 3: Exp9 1-74,text,true,,231,158,145,145,http://localhost:8079/?token=518504778&user=-1355064518&config=3,3800,0,0
1777922673986,3621,HTTP Request,200,OK,Config 3: Exp9 1-75,text,true,,231,158,145,145,http://localhost:8079/?token=518504778&user=-1355064518&config=3,3621,0,0
1777922673850,3757,HTTP Request,200,OK,Config 3: Exp9 1-91,text,true,,231,158,145,145,http://localhost:8079/?token=518504778&user=-1355064518&config=3,3757,0,0
1777922673943,3664,HTTP Request,200,OK,Config 3: Exp9 1-58,text,true,,231,158,145,145,http://localhost:8079/?token=518504778&user=-1355064518&config=3,3664,0,0
1777922673669,3938,HTTP Request,200,OK,Config 3: Exp9 1-90,text,true,,231,158,145,145,http://localhost:8079/?token=518504778&user=-1355064518&config=3,3938,0,0
1777922674029,3578,HTTP Request,200,OK,Config 3: Exp9 1-92,text,true,,231,158,145,145,http://localhost:8079/?token=518504778&user=-1355064518&config=3,3578,0,0
1777922673892,3715,HTTP Request,200,OK,Config 3: Exp9 1-108,text,true,,231,158,145,145,http://localhost:8079/?token=518504778&user=-1355064518&config=3,3715,0,0
1777922673713,3894,HTTP Request,200,OK,Config 3: Exp9 1-107,text,true,,231,158,145,145,http://localhost:8079/?token=518504778&user=-1355064518&config=3,3894,0,0
1777922673935,3672,HTTP Request,200,OK,Config 3: Exp9 1-125,text,true,,231,158,145,145,http://localhost:8079/?token=518504778&user=-1355064518&config=3,3672,0,1
1777922673756,3851,HTTP Request,200,OK,Config 3: Exp9 1-124,text,true,,231,158,145,145,http://localhost:8079/?token=518504778&user=-1355064518&config=3,3851,0,1
1777922673456,6330,HTTP Request,200,OK,Config 3: Exp9 1-5,text,true,,231,158,157,157,http://localhost:8079/?token=518504778&user=-1355064518&config=3,6330,0,0
1777922673399,6387,HTTP Request,200,OK,Config 3: Exp9 1-122,text,true,,231,158,157,157,http://localhost:8079/?token=518504778&user=-1355064518&config=3,6387,0,1
1777922673449,6337,HTTP Request,200,OK,Config 3: Exp9 1-72,text,true,,231,158,157,157,http://localhost:8079/?token=518504778&user=-1355064518&config=3,6337,0,0
1777922674036,5928,HTTP Request,200,OK,Config 3: Exp9 1-25,text,true,,231,158,158,158,http://localhost:8079/?token=518504778&user=-1355064518&config=3,5928,0,0
1777922674079,5885,HTTP Request,200,OK,Config 3: Exp9 1-42,text,true,,231,158,158,158,http://localhost:8079/?token=518504778&user=-1355064518&config=3,5885,0,0
1777922674072,5892,HTTP Request,200,OK,Config 3: Exp9 1-109,text,true,,231,158,158,158,http://localhost:8079/?token=518504778&user=-1355064518&config=3,5892,0,0
1777922674121,5844,HTTP Request,200,OK,Config 3: Exp9 1-59,text,true,,231,158,158,158,http://localhost:8079/?token=518504778&user=-1355064518&config=3,5844,0,0
1777922674114,5851,HTTP Request,200,OK,Config 3: Exp9 1-126,text,true,,231,158,158,158,http://localhost:8079/?token=518504778&user=-1355064518&config=3,5851,0,1
1777922674171,5794,HTTP Request,200,OK,Config 3: Exp9 1-9,text,true,,231,158,158,158,http://localhost:8079/?token=518504778&user=-1355064518&config=3,5794,0,0
1777922674216,5749,HTTP Request,200,OK,Config 3: Exp9 1-26,text,true,,231,158,158,158,http://localhost:8079/?token=518504778&user=-1355064518&config=3,5749,0,0
1777922674165,5800,HTTP Request,200,OK,Config 3: Exp9 1-76,text,true,,231,158,158,158,http://localhost:8079/?token=518504778&user=-1355064518&config=3,5800,0,0
1777922674249,5716,HTTP Request,200,OK,Config 3: Exp9 1-110,text,true,,231,158,158,158,http://localhost:8079/?token=518504778&user=-1355064518&config=3,5716,0,0
1777922674206,5759,HTTP Request,200,OK,Config 3: Exp9 1-93,text,true,,231,158,158,158,http://localhost:8079/?token=518504778&user=-1355064518&config=3,5759,0,0
1777922674299,5667,HTTP Request,200,OK,Config 3: Exp9 1-60,text,true,,231,158,158,158,http://localhost:8079/?token=518504778&user=-1355064518&config=3,5667,0,0
1777922674344,5622,HTTP Request,200,OK,Config 3: Exp9 1-77,text,true,,231,158,158,158,http://localhost:8079/?token=518504778&user=-1355064518&config=3,5622,0,0
1777922674294,5672,HTTP Request,200,OK,Config 3: Exp9 1-127,text,true,,231,158,158,158,http://localhost:8079/?token=518504778&user=-1355064518&config=3,5672,0,0
1777922674258,5708,HTTP Request,200,OK,Config 3: Exp9 1-43,text,true,,231,158,158,158,http://localhost:8079/?token=518504778&user=-1355064518&config=3,5708,0,0
1777922674351,5617,HTTP Request,200,OK,Config 3: Exp9 1-10,text,true,,231,158,158,158,http://localhost:8079/?token=518504778&user=-1355064518&config=3,5617,0,0
1777922674393,5575,HTTP Request,200,OK,Config 3: Exp9 1-27,text,true,,231,158,158,158,http://localhost:8079/?token=518504778&user=-1355064518&config=3,5575,0,0
1777922674437,5531,HTTP Request,200,OK,Config 3: Exp9 1-44,text,true,,231,158,158,158,http://localhost:8079/?token=518504778&user=-1355064518&config=3,5531,0,0
1777922674385,5583,HTTP Request,200,OK,Config 3: Exp9 1-94,text,true,,231,158,158,158,http://localhost:8079/?token=518504778&user=-1355064518&config=3,5583,0,0
1777922675342,4626,HTTP Request,200,OK,Config 3: Exp9 1-12,text,true,,231,158,158,158,http://localhost:8079/?token=518504778&user=-1355064518&config=3,4626,0,0
1777922674429,5539,HTTP Request,200,OK,Config 3: Exp9 1-111,text,true,,231,158,158,158,http://localhost:8079/?token=518504778&user=-1355064518&config=3,5539,0,0
1777922675342,4626,HTTP Request,200,OK,Config 3: Exp9 1-62,text,true,,231,158,158,158,http://localhost:8079/?token=518504778&user=-1355064518&config=3,4626,0,0
1777922675341,4627,HTTP Request,200,OK,Config 3: Exp9 1-79,text,true,,231,158,158,158,http://localhost:8079/?token=518504778&user=-1355064518&config=3,4627,0,0
1777922675342,4626,HTTP Request,200,OK,Config 3: Exp9 1-112,text,true,,231,158,158,158,http://localhost:8079/?token=518504778&user=-1355064518&config=3,4626,0,0
1777922675346,4623,HTTP Request,200,OK,Config 3: Exp9 1-14,text,true,,231,158,158,158,http://localhost:8079/?token=518504778&user=-1355064518&config=3,4623,0,0
1777922675344,4625,HTTP Request,200,OK,Config 3: Exp9 1-13,text,true,,231,158,158,158,http://localhost:8079/?token=518504778&user=-1355064518&config=3,4625,0,0
1777922675344,4625,HTTP Request,200,OK,Config 3: Exp9 1-30,text,true,,231,158,158,158,http://localhost:8079/?token=518504778&user=-1355064518&config=3,4625,0,0
1777922675344,4625,HTTP Request,200,OK,Config 3: Exp9 1-29,text,true,,231,158,158,158,http://localhost:8079/?token=518504778&user=-1355064518&config=3,4625,0,0
1777922675344,4625,HTTP Request,200,OK,Config 3: Exp9 1-97,text,true,,231,158,158,158,http://localhost:8079/?token=518504778&user=-1355064518&config=3,4625,0,0
1777922675344,4625,HTTP Request,200,OK,Config 3: Exp9 1-96,text,true,,231,158,158,158,http://localhost:8079/?token=518504778&user=-1355064518&config=3,4625,0,0
1777922675347,4622,HTTP Request,200,OK,Config 3: Exp9 1-48,text,true,,231,158,158,158,http://localhost:8079/?token=518504778&user=-1355064518&config=3,4622,0,0
1777922675344,4625,HTTP Request,200,OK,Config 3: Exp9 1-47,text,true,,231,158,158,158,http://localhost:8079/?token=518504778&user=-1355064518&config=3,4625,0,0
1777922675344,4625,HTTP Request,200,OK,Config 3: Exp9 1-113,text,true,,231,158,158,158,http://localhost:8079/?token=518504778&user=-1355064518&config=3,4625,0,0
1777922675346,4623,HTTP Request,200,OK,Config 3: Exp9 1-31,text,true,,231,158,158,158,http://localhost:8079/?token=518504778&user=-1355064518&config=3,4623,0,0
1777922675344,4625,HTTP Request,200,OK,Config 3: Exp9 1-46,text,true,,231,158,158,158,http://localhost:8079/?token=518504778&user=-1355064518&config=3,4625,0,0
1777922675345,4624,HTTP Request,200,OK,Config 3: Exp9 1-114,text,true,,231,158,158,158,http://localhost:8079/?token=518504778&user=-1355064518&config=3,4624,0,0
1777922675347,4622,HTTP Request,200,OK,Config 3: Exp9 1-115,text,true,,231,158,158,158,http://localhost:8079/?token=518504778&user=-1355064518&config=3,4622,0,0
1777922675344,4625,HTTP Request,200,OK,Config 3: Exp9 1-80,text,true,,231,158,158,158,http://localhost:8079/?token=518504778&user=-1355064518&config=3,4625,0,0
1777922675346,4623,HTTP Request,200,OK,Config 3: Exp9 1-81,text,true,,231,158,158,158,http://localhost:8079/?token=518504778&user=-1355064518&config=3,4623,0,0
1777922675344,4625,HTTP Request,200,OK,Config 3: Exp9 1-64,text,true,,231,158,158,158,http://localhost:8079/?token=518504778&user=-1355064518&config=3,4625,0,0
1777922675344,4625,HTTP Request,200,OK,Config 3: Exp9 1-63,text,true,,231,158,158,158,http://localhost:8079/?token=518504778&user=-1355064518&config=3,4625,0,0
1777922675347,4622,HTTP Request,200,OK,Config 3: Exp9 1-82,text,true,,231,158,158,158,http://localhost:8079/?token=518504778&user=-1355064518&config=3,4622,0,0
1777922675348,4621,HTTP Request,200,OK,Config 3: Exp9 1-99,text,true,,231,158,158,158,http://localhost:8079/?token=518504778&user=-1355064518&config=3,4621,0,0
1777922675347,4624,HTTP Request,200,OK,Config 3: Exp9 1-15,text,true,,231,158,158,158,http://localhost:8079/?token=518504778&user=-1355064518&config=3,4624,0,0
1777922675347,4624,HTTP Request,200,OK,Config 3: Exp9 1-65,text,true,,231,158,158,158,http://localhost:8079/?token=518504778&user=-1355064518&config=3,4624,0,0
1777922675347,4624,HTTP Request,200,OK,Config 3: Exp9 1-98,text,true,,231,158,158,158,http://localhost:8079/?token=518504778&user=-1355064518&config=3,4624,0,0
1777922675349,4622,HTTP Request,200,OK,Config 3: Exp9 1-116,text,true,,231,158,158,158,http://localhost:8079/?token=518504778&user=-1355064518&config=3,4622,0,0
1777922675348,4624,HTTP Request,200,OK,Config 3: Exp9 1-32,text,true,,231,158,158,158,http://localhost:8079/?token=518504778&user=-1355064518&config=3,4624,0,0
1777922675348,4624,HTTP Request,200,OK,Config 3: Exp9 1-49,text,true,,231,158,158,158,http://localhost:8079/?token=518504778&user=-1355064518&config=3,4624,0,0
1777922675376,4596,HTTP Request,200,OK,Config 3: Exp9 1-66,text,true,,231,158,158,158,http://localhost:8079/?token=518504778&user=-1355064518&config=3,4596,0,0
1777922674530,7596,HTTP Request,200,OK,Config 3: Exp9 1-11,text,true,,231,158,170,170,http://localhost:8079/?token=518504778&user=-1355064518&config=3,7596,0,0
1777922674522,7604,HTTP Request,200,OK,Config 3: Exp9 1-78,text,true,,231,158,170,170,http://localhost:8079/?token=518504778&user=-1355064518&config=3,7604,0,0
1777922674479,7647,HTTP Request,200,OK,Config 3: Exp9 1-61,text,true,,231,158,170,170,http://localhost:8079/?token=518504778&user=-1355064518&config=3,7647,0,0
1777922674573,7553,HTTP Request,200,OK,Config 3: Exp9 1-28,text,true,,231,158,170,170,http://localhost:8079/?token=518504778&user=-1355064518&config=3,7553,0,0
1777922674616,7510,HTTP Request,200,OK,Config 3: Exp9 1-45,text,true,,231,158,170,170,http://localhost:8079/?token=518504778&user=-1355064518&config=3,7510,0,0
1777922674472,7657,HTTP Request,200,OK,Config 3: Exp9 1-128,text,true,,231,158,170,170,http://localhost:8079/?token=518504778&user=-1355064518&config=3,7657,0,1
1777922674565,7564,HTTP Request,200,OK,Config 3: Exp9 1-95,text,true,,231,158,170,170,http://localhost:8079/?token=518504778&user=-1355064518&config=3,7564,0,0
1777922674652,7477,HTTP Request,200,OK,Config 3: Exp9 1-129,text,true,,231,158,170,170,http://localhost:8079/?token=518504778&user=-1355064518&config=3,7477,0,0
1777922674830,7299,HTTP Request,200,OK,Config 3: Exp9 1-130,text,true,,231,158,170,170,http://localhost:8079/?token=518504778&user=-1355064518&config=3,7299,0,1
1777922675009,7120,HTTP Request,200,OK,Config 3: Exp9 1-131,text,true,,231,158,170,170,http://localhost:8079/?token=518504778&user=-1355064518&config=3,7120,0,0
1777922675189,6940,HTTP Request,200,OK,Config 3: Exp9 1-132,text,true,,231,158,170,170,http://localhost:8079/?token=518504778&user=-1355064518&config=3,6940,0,1
1777922675368,7080,HTTP Request,200,OK,Config 3: Exp9 1-133,text,true,,231,158,172,172,http://localhost:8079/?token=518504778&user=-1355064518&config=3,7080,0,1
1777922675418,7032,HTTP Request,200,OK,Config 3: Exp9 1-83,text,true,,231,158,172,172,http://localhost:8079/?token=518504778&user=-1355064518&config=3,7032,0,0
1777922675424,7026,HTTP Request,200,OK,Config 3: Exp9 1-16,text,true,,231,158,172,172,http://localhost:8079/?token=518504778&user=-1355064518&config=3,7026,0,0
1777922675461,6990,HTTP Request,200,OK,Config 3: Exp9 1-100,text,true,,231,158,172,172,http://localhost:8079/?token=518504778&user=-1355064518&config=3,6990,0,0
1777922675468,6983,HTTP Request,200,OK,Config 3: Exp9 1-33,text,true,,231,158,172,172,http://localhost:8079/?token=518504778&user=-1355064518&config=3,6983,0,0
1777922675597,6854,HTTP Request,200,OK,Config 3: Exp9 1-84,text,true,,231,158,172,172,http://localhost:8079/?token=518504778&user=-1355064518&config=3,6854,0,0
1777922675503,6948,HTTP Request,200,OK,Config 3: Exp9 1-117,text,true,,231,158,172,172,http://localhost:8079/?token=518504778&user=-1355064518&config=3,6948,0,0
1777922675510,6941,HTTP Request,200,OK,Config 3: Exp9 1-50,text,true,,231,158,172,172,http://localhost:8079/?token=518504778&user=-1355064518&config=3,6941,0,0
1777922675553,6898,HTTP Request,200,OK,Config 3: Exp9 1-67,text,true,,231,158,172,172,http://localhost:8079/?token=518504778&user=-1355064518&config=3,6898,0,0
1777922675546,6905,HTTP Request,200,OK,Config 3: Exp9 1-134,text,true,,231,158,172,172,http://localhost:8079/?token=518504778&user=-1355064518&config=3,6905,0,1
1777922675603,6849,HTTP Request,200,OK,Config 3: Exp9 1-17,text,true,,231,158,172,172,http://localhost:8079/?token=518504778&user=-1355064518&config=3,6849,0,0
1777922675647,6805,HTTP Request,200,OK,Config 3: Exp9 1-34,text,true,,231,158,172,172,http://localhost:8079/?token=518504778&user=-1355064518&config=3,6805,0,0
1777922675689,6763,HTTP Request,200,OK,Config 3: Exp9 1-51,text,true,,231,158,172,172,http://localhost:8079/?token=518504778&user=-1355064518&config=3,6763,0,0
1777922675640,6812,HTTP Request,200,OK,Config 3: Exp9 1-101,text,true,,231,158,172,172,http://localhost:8079/?token=518504778&user=-1355064518&config=3,6812,0,0
1777922675684,6768,HTTP Request,200,OK,Config 3: Exp9 1-118,text,true,,231,158,172,172,http://localhost:8079/?token=518504778&user=-1355064518&config=3,6768,0,0
1777922675739,6713,HTTP Request,200,OK,Config 3: Exp9 1-1,text,true,,231,158,172,172,http://localhost:8079/?token=518504778&user=-1355064518&config=3,6713,0,0
1777922675733,6719,HTTP Request,200,OK,Config 3: Exp9 1-68,text,true,,231,158,172,172,http://localhost:8079/?token=518504778&user=-1355064518&config=3,6719,0,0
1777922675726,6726,HTTP Request,200,OK,Config 3: Exp9 1-135,text,true,,231,158,172,172,http://localhost:8079/?token=518504778&user=-1355064518&config=3,6726,0,0
1777922677602,4851,HTTP Request,200,OK,Config 3: Exp9 1-35,text,true,,231,158,172,172,http://localhost:8079/?token=518504778&user=-1355064518&config=3,4851,0,0
1777922677602,4852,HTTP Request,200,OK,Config 3: Exp9 1-69,text,true,,231,158,172,172,http://localhost:8079/?token=518504778&user=-1355064518&config=3,4852,0,0
1777922677602,4852,HTTP Request,200,OK,Config 3: Exp9 1-102,text,true,,231,158,172,172,http://localhost:8079/?token=518504778&user=-1355064518&config=3,4852,0,0
1777922677602,4853,HTTP Request,200,OK,Config 3: Exp9 1-52,text,true,,231,158,172,172,http://localhost:8079/?token=518504778&user=-1355064518&config=3,4853,0,0
1777922677602,4853,HTTP Request,200,OK,Config 3: Exp9 1-119,text,true,,231,158,172,172,http://localhost:8079/?token=518504778&user=-1355064518&config=3,4853,0,0
1777922677603,4852,HTTP Request,200,OK,Config 3: Exp9 1-2,text,true,,231,158,172,172,http://localhost:8079/?token=518504778&user=-1355064518&config=3,4852,0,0
1777922677603,4852,HTTP Request,200,OK,Config 3: Exp9 1-19,text,true,,231,158,172,172,http://localhost:8079/?token=518504778&user=-1355064518&config=3,4852,0,0
1777922677604,4851,HTTP Request,200,OK,Config 3: Exp9 1-36,text,true,,231,158,172,172,http://localhost:8079/?token=518504778&user=-1355064518&config=3,4851,0,0
1777922677605,4850,HTTP Request,200,OK,Config 3: Exp9 1-53,text,true,,231,158,172,172,http://localhost:8079/?token=518504778&user=-1355064518&config=3,4850,0,0
1777922677603,4852,HTTP Request,200,OK,Config 3: Exp9 1-86,text,true,,231,158,172,172,http://localhost:8079/?token=518504778&user=-1355064518&config=3,4852,0,0
1777922677605,4850,HTTP Request,200,OK,Config 3: Exp9 1-22,text,true,,231,158,172,172,http://localhost:8079/?token=518504778&user=-1355064518&config=3,4850,0,0
1777922677605,4851,HTTP Request,200,OK,Config 3: Exp9 1-70,text,true,,231,158,172,172,http://localhost:8079/?token=518504778&user=-1355064518&config=3,4851,0,0
1777922677605,4851,HTTP Request,200,OK,Config 3: Exp9 1-105,text,true,,231,158,172,172,http://localhost:8079/?token=518504778&user=-1355064518&config=3,4851,0,0
1777922677605,4851,HTTP Request,200,OK,Config 3: Exp9 1-120,text,true,,231,158,172,172,http://localhost:8079/?token=518504778&user=-1355064518&config=3,4851,0,0
1777922677605,4851,HTTP Request,200,OK,Config 3: Exp9 1-103,text,true,,231,158,172,172,http://localhost:8079/?token=518504778&user=-1355064518&config=3,4851,0,0
1777922677605,4852,HTTP Request,200,OK,Config 3: Exp9 1-4,text,true,,231,158,172,172,http://localhost:8079/?token=518504778&user=-1355064518&config=3,4852,0,0
1777922677605,4852,HTTP Request,200,OK,Config 3: Exp9 1-87,text,true,,231,158,172,172,http://localhost:8079/?token=518504778&user=-1355064518&config=3,4852,0,0
1777922677605,4852,HTTP Request,200,OK,Config 3: Exp9 1-71,text,true,,231,158,172,172,http://localhost:8079/?token=518504778&user=-1355064518&config=3,4852,0,0
1777922677605,4852,HTTP Request,200,OK,Config 3: Exp9 1-88,text,true,,231,158,172,172,http://localhost:8079/?token=518504778&user=-1355064518&config=3,4852,0,0
1777922677605,4852,HTTP Request,200,OK,Config 3: Exp9 1-3,text,true,,231,158,172,172,http://localhost:8079/?token=518504778&user=-1355064518&config=3,4852,0,0
1777922677605,4852,HTTP Request,200,OK,Config 3: Exp9 1-38,text,true,,231,158,172,172,http://localhost:8079/?token=518504778&user=-1355064518&config=3,4852,0,0
1777922677605,4852,HTTP Request,200,OK,Config 3: Exp9 1-89,text,true,,231,158,172,172,http://localhost:8079/?token=518504778&user=-1355064518&config=3,4852,0,0
1777922677605,4852,HTTP Request,200,OK,Config 3: Exp9 1-21,text,true,,231,158,172,172,http://localhost:8079/?token=518504778&user=-1355064518&config=3,4852,0,0
1777922677605,4852,HTTP Request,200,OK,Config 3: Exp9 1-104,text,true,,231,158,172,172,http://localhost:8079/?token=518504778&user=-1355064518&config=3,4852,0,0
1777922677605,4853,HTTP Request,200,OK,Config 3: Exp9 1-20,text,true,,231,158,172,172,http://localhost:8079/?token=518504778&user=-1355064518&config=3,4853,0,0
1777922677608,4850,HTTP Request,200,OK,Config 3: Exp9 1-6,text,true,,231,158,172,172,http://localhost:8079/?token=518504778&user=-1355064518&config=3,4850,0,0
1777922677605,4854,HTTP Request,200,OK,Config 3: Exp9 1-39,text,true,,231,158,172,172,http://localhost:8079/?token=518504778&user=-1355064518&config=3,4854,0,0
1777922677608,4851,HTTP Request,200,OK,Config 3: Exp9 1-8,text,true,,231,158,172,172,http://localhost:8079/?token=518504778&user=-1355064518&config=3,4851,0,0
1777922677605,4854,HTTP Request,200,OK,Config 3: Exp9 1-37,text,true,,231,158,172,172,http://localhost:8079/?token=518504778&user=-1355064518&config=3,4854,0,0
1777922677608,4851,HTTP Request,200,OK,Config 3: Exp9 1-57,text,true,,231,158,172,172,http://localhost:8079/?token=518504778&user=-1355064518&config=3,4851,0,0
1777922677605,4854,HTTP Request,200,OK,Config 3: Exp9 1-55,text,true,,231,158,172,172,http://localhost:8079/?token=518504778&user=-1355064518&config=3,4854,0,0
1777922677607,4852,HTTP Request,200,OK,Config 3: Exp9 1-123,text,true,,231,158,172,172,http://localhost:8079/?token=518504778&user=-1355064518&config=3,4852,0,0
1777922677607,4852,HTTP Request,200,OK,Config 3: Exp9 1-73,text,true,,231,158,172,172,http://localhost:8079/?token=518504778&user=-1355064518&config=3,4852,0,0
1777922677605,4854,HTTP Request,200,OK,Config 3: Exp9 1-54,text,true,,231,158,172,172,http://localhost:8079/?token=518504778&user=-1355064518&config=3,4854,0,0
1777922677608,4851,HTTP Request,200,OK,Config 3: Exp9 1-41,text,true,,231,158,172,172,http://localhost:8079/?token=518504778&user=-1355064518&config=3,4851,0,0
1777922677605,4854,HTTP Request,200,OK,Config 3: Exp9 1-121,text,true,,231,158,172,172,http://localhost:8079/?token=518504778&user=-1355064518&config=3,4854,0,0
1777922677605,4854,HTTP Request,200,OK,Config 3: Exp9 1-106,text,true,,231,158,172,172,http://localhost:8079/?token=518504778&user=-1355064518&config=3,4854,0,0
1777922677608,4851,HTTP Request,200,OK,Config 3: Exp9 1-90,text,true,,231,158,172,172,http://localhost:8079/?token=518504778&user=-1355064518&config=3,4851,0,0
1777922677608,4851,HTTP Request,200,OK,Config 3: Exp9 1-108,text,true,,231,158,172,172,http://localhost:8079/?token=518504778&user=-1355064518&config=3,4851,0,0
1777922675783,8535,HTTP Request,200,OK,Config 3: Exp9 1-18,text,true,,231,158,183,183,http://localhost:8079/?token=518504778&user=-1355064518&config=3,8535,0,0
1777922675776,8542,HTTP Request,200,OK,Config 3: Exp9 1-85,text,true,,231,158,183,183,http://localhost:8079/?token=518504778&user=-1355064518&config=3,8542,0,0
1777922676443,7876,HTTP Request,200,OK,Config 3: Exp9 1-139,text,true,,231,158,183,183,http://localhost:8079/?token=518504778&user=-1355064518&config=3,7876,0,1
1777922676263,8056,HTTP Request,200,OK,Config 3: Exp9 1-138,text,true,,231,158,183,183,http://localhost:8079/?token=518504778&user=-1355064518&config=3,8056,0,1
1777922675904,8414,HTTP Request,200,OK,Config 3: Exp9 1-136,text,true,,231,158,183,183,http://localhost:8079/?token=518504778&user=-1355064518&config=3,8414,0,1
1777922676084,8235,HTTP Request,200,OK,Config 3: Exp9 1-137,text,true,,231,158,183,183,http://localhost:8079/?token=518504778&user=-1355064518&config=3,8235,0,1
1777922677517,6802,HTTP Request,200,OK,Config 3: Exp9 1-145,text,true,,231,158,183,183,http://localhost:8079/?token=518504778&user=-1355064518&config=3,6802,0,0
1777922676622,7697,HTTP Request,200,OK,Config 3: Exp9 1-140,text,true,,231,158,183,183,http://localhost:8079/?token=518504778&user=-1355064518&config=3,7697,0,0
1777922676801,7518,HTTP Request,200,OK,Config 3: Exp9 1-141,text,true,,231,158,183,183,http://localhost:8079/?token=518504778&user=-1355064518&config=3,7518,0,1
1777922677159,7160,HTTP Request,200,OK,Config 3: Exp9 1-143,text,true,,231,158,183,183,http://localhost:8079/?token=518504778&user=-1355064518&config=3,7160,0,1
1777922677337,6982,HTTP Request,200,OK,Config 3: Exp9 1-144,text,true,,231,158,183,183,http://localhost:8079/?token=518504778&user=-1355064518&config=3,6982,0,1
1777922676980,7339,HTTP Request,200,OK,Config 3: Exp9 1-142,text,true,,231,158,183,183,http://localhost:8079/?token=518504778&user=-1355064518&config=3,7339,0,0
1777922677608,7208,HTTP Request,200,OK,Config 3: Exp9 1-58,text,true,,231,158,185,185,http://localhost:8079/?token=518504778&user=-1355064518&config=3,7208,0,0
1777922677608,7209,HTTP Request,200,OK,Config 3: Exp9 1-91,text,true,,231,158,185,185,http://localhost:8079/?token=518504778&user=-1355064518&config=3,7209,0,0
1777922677608,7213,HTTP Request,200,OK,Config 3: Exp9 1-24,text,true,,231,158,185,185,http://localhost:8079/?token=518504778&user=-1355064518&config=3,7213,0,0
1777922677608,7213,HTTP Request,200,OK,Config 3: Exp9 1-40,text,true,,231,158,185,185,http://localhost:8079/?token=518504778&user=-1355064518&config=3,7213,0,0
1777922677608,7213,HTTP Request,200,OK,Config 3: Exp9 1-74,text,true,,231,158,185,185,http://localhost:8079/?token=518504778&user=-1355064518&config=3,7213,0,0
1777922677608,7213,HTTP Request,200,OK,Config 3: Exp9 1-92,text,true,,231,158,185,185,http://localhost:8079/?token=518504778&user=-1355064518&config=3,7213,0,0
1777922677607,7214,HTTP Request,200,OK,Config 3: Exp9 1-56,text,true,,231,158,185,185,http://localhost:8079/?token=518504778&user=-1355064518&config=3,7214,0,0
1777922677608,7213,HTTP Request,200,OK,Config 3: Exp9 1-107,text,true,,231,158,185,185,http://localhost:8079/?token=518504778&user=-1355064518&config=3,7213,0,0
1777922677608,7213,HTTP Request,200,OK,Config 3: Exp9 1-124,text,true,,231,158,185,185,http://localhost:8079/?token=518504778&user=-1355064518&config=3,7213,0,0
1777922677608,7213,HTTP Request,200,OK,Config 3: Exp9 1-125,text,true,,231,158,185,185,http://localhost:8079/?token=518504778&user=-1355064518&config=3,7213,0,0
1777922677608,7214,HTTP Request,200,OK,Config 3: Exp9 1-23,text,true,,231,158,185,185,http://localhost:8079/?token=518504778&user=-1355064518&config=3,7214,0,0
1777922677608,7215,HTTP Request,200,OK,Config 3: Exp9 1-7,text,true,,231,158,185,185,http://localhost:8079/?token=518504778&user=-1355064518&config=3,7215,0,0
1777922677608,7215,HTTP Request,200,OK,Config 3: Exp9 1-75,text,true,,231,158,185,185,http://localhost:8079/?token=518504778&user=-1355064518&config=3,7215,0,0
1777922679972,4856,HTTP Request,200,OK,Config 3: Exp9 1-116,text,true,,231,158,185,185,http://localhost:8079/?token=518504778&user=-1355064518&config=3,4856,0,0
1777922679970,4858,HTTP Request,200,OK,Config 3: Exp9 1-80,text,true,,231,158,185,185,http://localhost:8079/?token=518504778&user=-1355064518&config=3,4858,0,0
1777922679972,4856,HTTP Request,200,OK,Config 3: Exp9 1-65,text,true,,231,158,185,185,http://localhost:8079/?token=518504778&user=-1355064518&config=3,4856,0,0
1777922679970,4857,HTTP Request,200,OK,Config 3: Exp9 1-63,text,true,,231,158,185,185,http://localhost:8079/?token=518504778&user=-1355064518&config=3,4857,0,0
1777922679970,4857,HTTP Request,200,OK,Config 3: Exp9 1-81,text,true,,231,158,185,185,http://localhost:8079/?token=518504778&user=-1355064518&config=3,4857,0,0
1777922679970,4857,HTTP Request,200,OK,Config 3: Exp9 1-31,text,true,,231,158,185,185,http://localhost:8079/?token=518504778&user=-1355064518&config=3,4857,0,0
1777922679970,4857,HTTP Request,200,OK,Config 3: Exp9 1-48,text,true,,231,158,185,185,http://localhost:8079/?token=518504778&user=-1355064518&config=3,4857,0,0
1777922679970,4857,HTTP Request,200,OK,Config 3: Exp9 1-115,text,true,,231,158,185,185,http://localhost:8079/?token=518504778&user=-1355064518&config=3,4857,0,0
1777922679970,4857,HTTP Request,200,OK,Config 3: Exp9 1-30,text,true,,231,158,185,185,http://localhost:8079/?token=518504778&user=-1355064518&config=3,4857,0,0
1777922679970,4857,HTTP Request,200,OK,Config 3: Exp9 1-113,text,true,,231,158,185,185,http://localhost:8079/?token=518504778&user=-1355064518&config=3,4857,0,0
1777922679970,4857,HTTP Request,200,OK,Config 3: Exp9 1-96,text,true,,231,158,185,185,http://localhost:8079/?token=518504778&user=-1355064518&config=3,4857,0,0
1777922679970,4857,HTTP Request,200,OK,Config 3: Exp9 1-29,text,true,,231,158,185,185,http://localhost:8079/?token=518504778&user=-1355064518&config=3,4857,0,0
1777922679970,4857,HTTP Request,200,OK,Config 3: Exp9 1-14,text,true,,231,158,185,185,http://localhost:8079/?token=518504778&user=-1355064518&config=3,4857,0,0
1777922679970,4857,HTTP Request,200,OK,Config 3: Exp9 1-97,text,true,,231,158,185,185,http://localhost:8079/?token=518504778&user=-1355064518&config=3,4857,0,0
1777922679970,4857,HTTP Request,200,OK,Config 3: Exp9 1-82,text,true,,231,158,185,185,http://localhost:8079/?token=518504778&user=-1355064518&config=3,4857,0,0
1777922679970,4857,HTTP Request,200,OK,Config 3: Exp9 1-99,text,true,,231,158,185,185,http://localhost:8079/?token=518504778&user=-1355064518&config=3,4857,0,0
1777922679970,4857,HTTP Request,200,OK,Config 3: Exp9 1-114,text,true,,231,158,185,185,http://localhost:8079/?token=518504778&user=-1355064518&config=3,4857,0,0
1777922679970,4856,HTTP Request,200,OK,Config 3: Exp9 1-47,text,true,,231,158,185,185,http://localhost:8079/?token=518504778&user=-1355064518&config=3,4856,0,0
1777922679970,4856,HTTP Request,200,OK,Config 3: Exp9 1-46,text,true,,231,158,185,185,http://localhost:8079/?token=518504778&user=-1355064518&config=3,4856,0,0
1777922679970,4856,HTTP Request,200,OK,Config 3: Exp9 1-64,text,true,,231,158,185,185,http://localhost:8079/?token=518504778&user=-1355064518&config=3,4856,0,0
1777922679970,4856,HTTP Request,200,OK,Config 3: Exp9 1-13,text,true,,231,158,185,185,http://localhost:8079/?token=518504778&user=-1355064518&config=3,4856,0,0
1777922679969,4856,HTTP Request,200,OK,Config 3: Exp9 1-112,text,true,,231,158,185,185,http://localhost:8079/?token=518504778&user=-1355064518&config=3,4856,0,0
1777922679969,4856,HTTP Request,200,OK,Config 3: Exp9 1-111,text,true,,231,158,185,185,http://localhost:8079/?token=518504778&user=-1355064518&config=3,4856,0,0
1777922679969,4856,HTTP Request,200,OK,Config 3: Exp9 1-62,text,true,,231,158,185,185,http://localhost:8079/?token=518504778&user=-1355064518&config=3,4856,0,0
1777922679969,4856,HTTP Request,200,OK,Config 3: Exp9 1-79,text,true,,231,158,185,185,http://localhost:8079/?token=518504778&user=-1355064518&config=3,4856,0,0
1777922679969,4856,HTTP Request,200,OK,Config 3: Exp9 1-12,text,true,,231,158,185,185,http://localhost:8079/?token=518504778&user=-1355064518&config=3,4856,0,0
1777922679969,4856,HTTP Request,200,OK,Config 3: Exp9 1-10,text,true,,231,158,185,185,http://localhost:8079/?token=518504778&user=-1355064518&config=3,4856,0,0
1777922679969,4856,HTTP Request,200,OK,Config 3: Exp9 1-94,text,true,,231,158,185,185,http://localhost:8079/?token=518504778&user=-1355064518&config=3,4856,0,0
1777922679969,4856,HTTP Request,200,OK,Config 3: Exp9 1-44,text,true,,231,158,185,185,http://localhost:8079/?token=518504778&user=-1355064518&config=3,4856,0,0
1777922679967,4858,HTTP Request,200,OK,Config 3: Exp9 1-60,text,true,,231,158,185,185,http://localhost:8079/?token=518504778&user=-1355064518&config=3,4858,0,0
1777922679968,4857,HTTP Request,200,OK,Config 3: Exp9 1-43,text,true,,231,158,185,185,http://localhost:8079/?token=518504778&user=-1355064518&config=3,4857,0,0
1777922679969,4856,HTTP Request,200,OK,Config 3: Exp9 1-27,text,true,,231,158,185,185,http://localhost:8079/?token=518504778&user=-1355064518&config=3,4856,0,0
1777922679967,4858,HTTP Request,200,OK,Config 3: Exp9 1-77,text,true,,231,158,185,185,http://localhost:8079/?token=518504778&user=-1355064518&config=3,4858,0,0
1777922679967,4858,HTTP Request,200,OK,Config 3: Exp9 1-127,text,true,,231,158,185,185,http://localhost:8079/?token=518504778&user=-1355064518&config=3,4858,0,0
1777922679967,4857,HTTP Request,200,OK,Config 3: Exp9 1-110,text,true,,231,158,185,185,http://localhost:8079/?token=518504778&user=-1355064518&config=3,4857,0,0
1777922679966,4858,HTTP Request,200,OK,Config 3: Exp9 1-126,text,true,,231,158,185,185,http://localhost:8079/?token=518504778&user=-1355064518&config=3,4858,0,0
1777922679967,4857,HTTP Request,200,OK,Config 3: Exp9 1-93,text,true,,231,158,185,185,http://localhost:8079/?token=518504778&user=-1355064518&config=3,4857,0,0
1777922679966,4858,HTTP Request,200,OK,Config 3: Exp9 1-109,text,true,,231,158,185,185,http://localhost:8079/?token=518504778&user=-1355064518&config=3,4858,0,0
1777922679966,4857,HTTP Request,200,OK,Config 3: Exp9 1-9,text,true,,231,158,185,185,http://localhost:8079/?token=518504778&user=-1355064518&config=3,4857,0,0
1777922679967,4857,HTTP Request,200,OK,Config 3: Exp9 1-76,text,true,,231,158,185,185,http://localhost:8079/?token=518504778&user=-1355064518&config=3,4857,0,0
1777922679966,4858,HTTP Request,200,OK,Config 3: Exp9 1-59,text,true,,231,158,185,185,http://localhost:8079/?token=518504778&user=-1355064518&config=3,4858,0,0
1777922679965,4859,HTTP Request,200,OK,Config 3: Exp9 1-42,text,true,,231,158,185,185,http://localhost:8079/?token=518504778&user=-1355064518&config=3,4859,0,0
1777922679966,4858,HTTP Request,200,OK,Config 3: Exp9 1-26,text,true,,231,158,185,185,http://localhost:8079/?token=518504778&user=-1355064518&config=3,4858,0,0
1777922679965,4859,HTTP Request,200,OK,Config 3: Exp9 1-25,text,true,,231,158,185,185,http://localhost:8079/?token=518504778&user=-1355064518&config=3,4859,0,0
1777922677696,9282,HTTP Request,200,OK,Config 3: Exp9 1-146,text,true,,231,158,197,197,http://localhost:8079/?token=518504778&user=-1355064518&config=3,9282,0,0
1777922677874,9104,HTTP Request,200,OK,Config 3: Exp9 1-147,text,true,,231,158,197,197,http://localhost:8079/?token=518504778&user=-1355064518&config=3,9104,0,1
1777922678053,8925,HTTP Request,200,OK,Config 3: Exp9 1-148,text,true,,231,158,197,197,http://localhost:8079/?token=518504778&user=-1355064518&config=3,8925,0,1
1777922678411,8567,HTTP Request,200,OK,Config 3: Exp9 1-150,text,true,,231,158,197,197,http://localhost:8079/?token=518504778&user=-1355064518&config=3,8567,0,1
1777922678769,8209,HTTP Request,200,OK,Config 3: Exp9 1-152,text,true,,231,158,197,197,http://localhost:8079/?token=518504778&user=-1355064518&config=3,8209,0,1
1777922678591,8387,HTTP Request,200,OK,Config 3: Exp9 1-151,text,true,,231,158,197,197,http://localhost:8079/?token=518504778&user=-1355064518&config=3,8387,0,0
1777922678232,8746,HTTP Request,200,OK,Config 3: Exp9 1-149,text,true,,231,158,197,197,http://localhost:8079/?token=518504778&user=-1355064518&config=3,8746,0,1
1777922679128,7851,HTTP Request,200,OK,Config 3: Exp9 1-154,text,true,,231,158,197,197,http://localhost:8079/?token=518504778&user=-1355064518&config=3,7851,0,0
1777922678949,8030,HTTP Request,200,OK,Config 3: Exp9 1-153,text,true,,231,158,197,197,http://localhost:8079/?token=518504778&user=-1355064518&config=3,8030,0,0
1777922679665,7314,HTTP Request,200,OK,Config 3: Exp9 1-157,text,true,,231,158,197,197,http://localhost:8079/?token=518504778&user=-1355064518&config=3,7314,0,0
1777922679787,7192,HTTP Request,200,OK,Config 3: Exp9 1-72,text,true,,231,158,197,197,http://localhost:8079/?token=518504778&user=-1355064518&config=3,7192,0,0
1777922679787,7192,HTTP Request,200,OK,Config 3: Exp9 1-122,text,true,,231,158,197,197,http://localhost:8079/?token=518504778&user=-1355064518&config=3,7192,0,0
1777922679306,7673,HTTP Request,200,OK,Config 3: Exp9 1-155,text,true,,231,158,197,197,http://localhost:8079/?token=518504778&user=-1355064518&config=3,7673,0,1
1777922679845,7134,HTTP Request,200,OK,Config 3: Exp9 1-158,text,true,,231,158,197,197,http://localhost:8079/?token=518504778&user=-1355064518&config=3,7134,0,0
1777922679486,7493,HTTP Request,200,OK,Config 3: Exp9 1-156,text,true,,231,158,197,197,http://localhost:8079/?token=518504778&user=-1355064518&config=3,7493,0,0
1777922679787,7192,HTTP Request,200,OK,Config 3: Exp9 1-5,text,true,,231,158,197,197,http://localhost:8079/?token=518504778&user=-1355064518&config=3,7192,0,0
1777922682453,5478,HTTP Request,200,OK,Config 3: Exp9 1-1,text,true,,231,158,203,203,http://localhost:8079/?token=518504778&user=-1355064518&config=3,5478,0,0
1777922682455,5476,HTTP Request,200,OK,Config 3: Exp9 1-2,text,true,,231,158,203,203,http://localhost:8079/?token=518504778&user=-1355064518&config=3,5476,0,0
1777922682459,5472,HTTP Request,200,OK,Config 3: Exp9 1-6,text,true,,231,158,203,203,http://localhost:8079/?token=518504778&user=-1355064518&config=3,5472,0,0
1777922682458,5473,HTTP Request,200,OK,Config 3: Exp9 1-3,text,true,,231,158,203,203,http://localhost:8079/?token=518504778&user=-1355064518&config=3,5473,0,0
1777922679972,7959,HTTP Request,200,OK,Config 3: Exp9 1-15,text,true,,231,158,203,203,http://localhost:8079/?token=518504778&user=-1355064518&config=3,7959,0,0
1777922682459,5472,HTTP Request,200,OK,Config 3: Exp9 1-8,text,true,,231,158,203,203,http://localhost:8079/?token=518504778&user=-1355064518&config=3,5472,0,0
1777922682458,5473,HTTP Request,200,OK,Config 3: Exp9 1-4,text,true,,231,158,203,203,http://localhost:8079/?token=518504778&user=-1355064518&config=3,5473,0,0
1777922682452,5479,HTTP Request,200,OK,Config 3: Exp9 1-16,text,true,,231,158,203,203,http://localhost:8079/?token=518504778&user=-1355064518&config=3,5479,0,0
1777922682455,5476,HTTP Request,200,OK,Config 3: Exp9 1-19,text,true,,231,158,203,203,http://localhost:8079/?token=518504778&user=-1355064518&config=3,5476,0,0
1777922682453,5478,HTTP Request,200,OK,Config 3: Exp9 1-17,text,true,,231,158,203,203,http://localhost:8079/?token=518504778&user=-1355064518&config=3,5478,0,0
1777922679972,7959,HTTP Request,200,OK,Config 3: Exp9 1-98,text,true,,231,158,203,203,http://localhost:8079/?token=518504778&user=-1355064518&config=3,7959,0,0
1777922682458,5473,HTTP Request,200,OK,Config 3: Exp9 1-20,text,true,,231,158,203,203,http://localhost:8079/?token=518504778&user=-1355064518&config=3,5473,0,0
1777922682458,5474,HTTP Request,200,OK,Config 3: Exp9 1-21,text,true,,231,158,203,203,http://localhost:8079/?token=518504778&user=-1355064518&config=3,5474,0,0
1777922682453,5479,HTTP Request,200,OK,Config 3: Exp9 1-34,text,true,,231,158,203,203,http://localhost:8079/?token=518504778&user=-1355064518&config=3,5479,0,0
1777922682456,5476,HTTP Request,200,OK,Config 3: Exp9 1-22,text,true,,231,158,203,203,http://localhost:8079/?token=518504778&user=-1355064518&config=3,5476,0,0
1777922679973,7959,HTTP Request,200,OK,Config 3: Exp9 1-32,text,true,,231,158,203,203,http://localhost:8079/?token=518504778&user=-1355064518&config=3,7959,0,0
1777922682455,5477,HTTP Request,200,OK,Config 3: Exp9 1-52,text,true,,231,158,203,203,http://localhost:8079/?token=518504778&user=-1355064518&config=3,5477,0,0
1777922682453,5479,HTTP Request,200,OK,Config 3: Exp9 1-51,text,true,,231,158,203,203,http://localhost:8079/?token=518504778&user=-1355064518&config=3,5479,0,0
1777922682459,5473,HTTP Request,200,OK,Config 3: Exp9 1-39,text,true,,231,158,203,203,http://localhost:8079/?token=518504778&user=-1355064518&config=3,5473,0,0
1777922682452,5480,HTTP Request,200,OK,Config 3: Exp9 1-50,text,true,,231,158,203,203,http://localhost:8079/?token=518504778&user=-1355064518&config=3,5480,0,0
1777922682458,5474,HTTP Request,200,OK,Config 3: Exp9 1-38,text,true,,231,158,203,203,http://localhost:8079/?token=518504778&user=-1355064518&config=3,5474,0,0
1777922682459,5473,HTTP Request,200,OK,Config 3: Exp9 1-55,text,true,,231,158,203,203,http://localhost:8079/?token=518504778&user=-1355064518&config=3,5473,0,0
1777922682459,5473,HTTP Request,200,OK,Config 3: Exp9 1-41,text,true,,231,158,203,203,http://localhost:8079/?token=518504778&user=-1355064518&config=3,5473,0,0
1777922682459,5473,HTTP Request,200,OK,Config 3: Exp9 1-57,text,true,,231,158,203,203,http://localhost:8079/?token=518504778&user=-1355064518&config=3,5473,0,0
1777922679973,7959,HTTP Request,200,OK,Config 3: Exp9 1-49,text,true,,231,158,203,203,http://localhost:8079/?token=518504778&user=-1355064518&config=3,7959,0,0
1777922682452,5480,HTTP Request,200,OK,Config 3: Exp9 1-33,text,true,,231,158,203,203,http://localhost:8079/?token=518504778&user=-1355064518&config=3,5480,0,0
1777922679973,7959,HTTP Request,200,OK,Config 3: Exp9 1-66,text,true,,231,158,203,203,http://localhost:8079/?token=518504778&user=-1355064518&config=3,7959,0,0
1777922682451,5481,HTTP Request,200,OK,Config 3: Exp9 1-83,text,true,,231,158,203,203,http://localhost:8079/?token=518504778&user=-1355064518&config=3,5481,0,0
1777922682459,5473,HTTP Request,200,OK,Config 3: Exp9 1-37,text,true,,231,158,203,203,http://localhost:8079/?token=518504778&user=-1355064518&config=3,5473,0,0
1777922682459,5473,HTTP Request,200,OK,Config 3: Exp9 1-73,text,true,,231,158,203,203,http://localhost:8079/?token=518504778&user=-1355064518&config=3,5473,0,0
1777922682456,5476,HTTP Request,200,OK,Config 3: Exp9 1-86,text,true,,231,158,203,203,http://localhost:8079/?token=518504778&user=-1355064518&config=3,5476,0,0
1777922682458,5474,HTTP Request,200,OK,Config 3: Exp9 1-87,text,true,,231,158,203,203,http://localhost:8079/?token=518504778&user=-1355064518&config=3,5474,0,0
1777922682458,5474,HTTP Request,200,OK,Config 3: Exp9 1-88,text,true,,231,158,203,203,http://localhost:8079/?token=518504778&user=-1355064518&config=3,5474,0,0
1777922682453,5479,HTTP Request,200,OK,Config 3: Exp9 1-35,text,true,,231,158,203,203,http://localhost:8079/?token=518504778&user=-1355064518&config=3,5479,0,0
1777922682458,5474,HTTP Request,200,OK,Config 3: Exp9 1-89,text,true,,231,158,203,203,http://localhost:8079/?token=518504778&user=-1355064518&config=3,5474,0,0
1777922682458,5474,HTTP Request,200,OK,Config 3: Exp9 1-71,text,true,,231,158,203,203,http://localhost:8079/?token=518504778&user=-1355064518&config=3,5474,0,0
1777922682453,5479,HTTP Request,200,OK,Config 3: Exp9 1-68,text,true,,231,158,203,203,http://localhost:8079/?token=518504778&user=-1355064518&config=3,5479,0,0
1777922682459,5473,HTTP Request,200,OK,Config 3: Exp9 1-90,text,true,,231,158,203,203,http://localhost:8079/?token=518504778&user=-1355064518&config=3,5473,0,0
1777922682456,5476,HTTP Request,200,OK,Config 3: Exp9 1-70,text,true,,231,158,203,203,http://localhost:8079/?token=518504778&user=-1355064518&config=3,5476,0,0
1777922682454,5478,HTTP Request,200,OK,Config 3: Exp9 1-102,text,true,,231,158,203,203,http://localhost:8079/?token=518504778&user=-1355064518&config=3,5478,0,0
1777922682452,5480,HTTP Request,200,OK,Config 3: Exp9 1-84,text,true,,231,158,203,203,http://localhost:8079/?token=518504778&user=-1355064518&config=3,5480,0,0
1777922682454,5478,HTTP Request,200,OK,Config 3: Exp9 1-69,text,true,,231,158,203,203,http://localhost:8079/?token=518504778&user=-1355064518&config=3,5478,0,0
1777922682452,5480,HTTP Request,200,OK,Config 3: Exp9 1-100,text,true,,231,158,203,203,http://localhost:8079/?token=518504778&user=-1355064518&config=3,5480,0,0
1777922682459,5473,HTTP Request,200,OK,Config 3: Exp9 1-106,text,true,,231,158,203,203,http://localhost:8079/?token=518504778&user=-1355064518&config=3,5473,0,0
1777922682452,5480,HTTP Request,200,OK,Config 3: Exp9 1-67,text,true,,231,158,203,203,http://localhost:8079/?token=518504778&user=-1355064518&config=3,5480,0,0
1777922682456,5476,HTTP Request,200,OK,Config 3: Exp9 1-105,text,true,,231,158,203,203,http://localhost:8079/?token=518504778&user=-1355064518&config=3,5476,0,0
1777922682453,5479,HTTP Request,200,OK,Config 3: Exp9 1-101,text,true,,231,158,203,203,http://localhost:8079/?token=518504778&user=-1355064518&config=3,5479,0,0
1777922682453,5479,HTTP Request,200,OK,Config 3: Exp9 1-134,text,true,,231,158,203,203,http://localhost:8079/?token=518504778&user=-1355064518&config=3,5479,0,0
1777922682453,5479,HTTP Request,200,OK,Config 3: Exp9 1-135,text,true,,231,158,203,203,http://localhost:8079/?token=518504778&user=-1355064518&config=3,5479,0,0
1777922682459,5473,HTTP Request,200,OK,Config 3: Exp9 1-108,text,true,,231,158,203,203,http://localhost:8079/?token=518504778&user=-1355064518&config=3,5473,0,0
1777922682456,5476,HTTP Request,200,OK,Config 3: Exp9 1-103,text,true,,231,158,203,203,http://localhost:8079/?token=518504778&user=-1355064518&config=3,5476,0,0
1777922682449,5483,HTTP Request,200,OK,Config 3: Exp9 1-133,text,true,,231,158,203,203,http://localhost:8079/?token=518504778&user=-1355064518&config=3,5483,0,0
1777922682459,5473,HTTP Request,200,OK,Config 3: Exp9 1-123,text,true,,231,158,203,203,http://localhost:8079/?token=518504778&user=-1355064518&config=3,5473,0,0
1777922682459,5473,HTTP Request,200,OK,Config 3: Exp9 1-121,text,true,,231,158,203,203,http://localhost:8079/?token=518504778&user=-1355064518&config=3,5473,0,0
1777922682456,5476,HTTP Request,200,OK,Config 3: Exp9 1-120,text,true,,231,158,203,203,http://localhost:8079/?token=518504778&user=-1355064518&config=3,5476,0,0
1777922682453,5479,HTTP Request,200,OK,Config 3: Exp9 1-118,text,true,,231,158,203,203,http://localhost:8079/?token=518504778&user=-1355064518&config=3,5479,0,0
1777922682452,5480,HTTP Request,200,OK,Config 3: Exp9 1-117,text,true,,231,158,203,203,http://localhost:8079/?token=518504778&user=-1355064518&config=3,5480,0,0
1777922680202,7730,HTTP Request,200,OK,Config 3: Exp9 1-160,text,true,,231,158,203,203,http://localhost:8079/?token=518504778&user=-1355064518&config=3,7730,0,0
1777922680022,7911,HTTP Request,200,OK,Config 3: Exp9 1-159,text,true,,231,158,203,203,http://localhost:8079/?token=518504778&user=-1355064518&config=3,7911,0,1
1777922680738,7195,HTTP Request,200,OK,Config 3: Exp9 1-163,text,true,,231,158,203,203,http://localhost:8079/?token=518504778&user=-1355064518&config=3,7195,0,1
1777922680559,7374,HTTP Request,200,OK,Config 3: Exp9 1-162,text,true,,231,158,203,203,http://localhost:8079/?token=518504778&user=-1355064518&config=3,7374,0,0
1777922680380,7553,HTTP Request,200,OK,Config 3: Exp9 1-161,text,true,,231,158,203,203,http://localhost:8079/?token=518504778&user=-1355064518&config=3,7553,0,1
1777922681276,6657,HTTP Request,200,OK,Config 3: Exp9 1-166,text,true,,231,158,203,203,http://localhost:8079/?token=518504778&user=-1355064518&config=3,6657,0,0
1777922680918,7015,HTTP Request,200,OK,Config 3: Exp9 1-164,text,true,,231,158,203,203,http://localhost:8079/?token=518504778&user=-1355064518&config=3,7015,0,0
1777922681633,6300,HTTP Request,200,OK,Config 3: Exp9 1-168,text,true,,231,158,203,203,http://localhost:8079/?token=518504778&user=-1355064518&config=3,6300,0,1
1777922681455,6478,HTTP Request,200,OK,Config 3: Exp9 1-167,text,true,,231,158,203,203,http://localhost:8079/?token=518504778&user=-1355064518&config=3,6478,0,0
1777922681097,6836,HTTP Request,200,OK,Config 3: Exp9 1-165,text,true,,231,158,203,203,http://localhost:8079/?token=518504778&user=-1355064518&config=3,6836,0,0
1777922682127,7801,HTTP Request,200,OK,Config 3: Exp9 1-11,text,true,,231,158,214,214,http://localhost:8079/?token=518504778&user=-1355064518&config=3,7801,0,0
1777922682127,7801,HTTP Request,200,OK,Config 3: Exp9 1-45,text,true,,231,158,214,214,http://localhost:8079/?token=518504778&user=-1355064518&config=3,7801,0,0
1777922682130,7798,HTTP Request,200,OK,Config 3: Exp9 1-129,text,true,,231,158,214,214,http://localhost:8079/?token=518504778&user=-1355064518&config=3,7798,0,0
1777922681991,7937,HTTP Request,200,OK,Config 3: Exp9 1-170,text,true,,231,158,214,214,http://localhost:8079/?token=518504778&user=-1355064518&config=3,7937,0,1
1777922682127,7801,HTTP Request,200,OK,Config 3: Exp9 1-61,text,true,,231,158,214,214,http://localhost:8079/?token=518504778&user=-1355064518&config=3,7801,0,0
1777922681812,8116,HTTP Request,200,OK,Config 3: Exp9 1-169,text,true,,231,158,214,214,http://localhost:8079/?token=518504778&user=-1355064518&config=3,8116,0,2
1777922682127,7802,HTTP Request,200,OK,Config 3: Exp9 1-28,text,true,,231,158,214,214,http://localhost:8079/?token=518504778&user=-1355064518&config=3,7802,0,0
1777922682130,7799,HTTP Request,200,OK,Config 3: Exp9 1-132,text,true,,231,158,214,214,http://localhost:8079/?token=518504778&user=-1355064518&config=3,7799,0,0
1777922682130,7799,HTTP Request,200,OK,Config 3: Exp9 1-95,text,true,,231,158,214,214,http://localhost:8079/?token=518504778&user=-1355064518&config=3,7799,0,0
1777922682127,7802,HTTP Request,200,OK,Config 3: Exp9 1-78,text,true,,231,158,214,214,http://localhost:8079/?token=518504778&user=-1355064518&config=3,7802,0,0
1777922682130,7799,HTTP Request,200,OK,Config 3: Exp9 1-130,text,true,,231,158,214,214,http://localhost:8079/?token=518504778&user=-1355064518&config=3,7799,0,0
1777922682171,7758,HTTP Request,200,OK,Config 3: Exp9 1-171,text,true,,231,158,214,214,http://localhost:8079/?token=518504778&user=-1355064518&config=3,7758,0,0
1777922682130,7799,HTTP Request,200,OK,Config 3: Exp9 1-131,text,true,,231,158,214,214,http://localhost:8079/?token=518504778&user=-1355064518&config=3,7799,0,0
1777922682130,7799,HTTP Request,200,OK,Config 3: Exp9 1-128,text,true,,231,158,214,214,http://localhost:8079/?token=518504778&user=-1355064518&config=3,7799,0,0
1777922682349,7581,HTTP Request,200,OK,Config 3: Exp9 1-172,text,true,,231,158,214,214,http://localhost:8079/?token=518504778&user=-1355064518&config=3,7581,0,1
1777922684816,6149,HTTP Request,200,OK,Config 3: Exp9 1-58,text,true,,231,158,220,220,http://localhost:8079/?token=518504778&user=-1355064518&config=3,6149,0,0
1777922684817,6148,HTTP Request,200,OK,Config 3: Exp9 1-91,text,true,,231,158,220,220,http://localhost:8079/?token=518504778&user=-1355064518&config=3,6148,0,0
1777922684821,6144,HTTP Request,200,OK,Config 3: Exp9 1-40,text,true,,231,158,220,220,http://localhost:8079/?token=518504778&user=-1355064518&config=3,6144,0,0
1777922684821,6144,HTTP Request,200,OK,Config 3: Exp9 1-24,text,true,,231,158,220,220,http://localhost:8079/?token=518504778&user=-1355064518&config=3,6144,0,0
1777922684822,6143,HTTP Request,200,OK,Config 3: Exp9 1-125,text,true,,231,158,220,220,http://localhost:8079/?token=518504778&user=-1355064518&config=3,6143,0,0
1777922684821,6145,HTTP Request,200,OK,Config 3: Exp9 1-74,text,true,,231,158,220,220,http://localhost:8079/?token=518504778&user=-1355064518&config=3,6145,0,0
1777922684821,6145,HTTP Request,200,OK,Config 3: Exp9 1-92,text,true,,231,158,220,220,http://localhost:8079/?token=518504778&user=-1355064518&config=3,6145,0,0
1777922684821,6145,HTTP Request,200,OK,Config 3: Exp9 1-56,text,true,,231,158,220,220,http://localhost:8079/?token=518504778&user=-1355064518&config=3,6145,0,0
1777922684822,6145,HTTP Request,200,OK,Config 3: Exp9 1-23,text,true,,231,158,220,220,http://localhost:8079/?token=518504778&user=-1355064518&config=3,6145,0,0
1777922684822,6145,HTTP Request,200,OK,Config 3: Exp9 1-107,text,true,,231,158,220,220,http://localhost:8079/?token=518504778&user=-1355064518&config=3,6145,0,0
1777922684822,6145,HTTP Request,200,OK,Config 3: Exp9 1-124,text,true,,231,158,220,220,http://localhost:8079/?token=518504778&user=-1355064518&config=3,6145,0,0
1777922684830,6139,HTTP Request,200,OK,Config 3: Exp9 1-65,text,true,,231,158,220,220,http://localhost:8079/?token=518504778&user=-1355064518&config=3,6139,0,0
1777922684823,6146,HTTP Request,200,OK,Config 3: Exp9 1-7,text,true,,231,158,220,220,http://localhost:8079/?token=518504778&user=-1355064518&config=3,6146,0,0
1777922684830,6139,HTTP Request,200,OK,Config 3: Exp9 1-116,text,true,,231,158,220,220,http://localhost:8079/?token=518504778&user=-1355064518&config=3,6139,0,0
1777922684830,6139,HTTP Request,200,OK,Config 3: Exp9 1-80,text,true,,231,158,220,220,http://localhost:8079/?token=518504778&user=-1355064518&config=3,6139,0,0
1777922684823,6146,HTTP Request,200,OK,Config 3: Exp9 1-75,text,true,,231,158,220,220,http://localhost:8079/?token=518504778&user=-1355064518&config=3,6146,0,0
1777922684831,6139,HTTP Request,200,OK,Config 3: Exp9 1-29,text,true,,231,158,220,220,http://localhost:8079/?token=518504778&user=-1355064518&config=3,6139,0,0
1777922684830,6140,HTTP Request,200,OK,Config 3: Exp9 1-30,text,true,,231,158,220,220,http://localhost:8079/?token=518504778&user=-1355064518&config=3,6140,0,0
1777922684830,6140,HTTP Request,200,OK,Config 3: Exp9 1-48,text,true,,231,158,220,220,http://localhost:8079/?token=518504778&user=-1355064518&config=3,6140,0,0
1777922684830,6140,HTTP Request,200,OK,Config 3: Exp9 1-31,text,true,,231,158,220,220,http://localhost:8079/?token=518504778&user=-1355064518&config=3,6140,0,0
1777922684830,6140,HTTP Request,200,OK,Config 3: Exp9 1-63,text,true,,231,158,220,220,http://localhost:8079/?token=518504778&user=-1355064518&config=3,6140,0,0
1777922684831,6139,HTTP Request,200,OK,Config 3: Exp9 1-96,text,true,,231,158,220,220,http://localhost:8079/?token=518504778&user=-1355064518&config=3,6139,0,0
1777922684831,6139,HTTP Request,200,OK,Config 3: Exp9 1-97,text,true,,231,158,220,220,http://localhost:8079/?token=518504778&user=-1355064518&config=3,6139,0,0
1777922684831,6139,HTTP Request,200,OK,Config 3: Exp9 1-114,text,true,,231,158,220,220,http://localhost:8079/?token=518504778&user=-1355064518&config=3,6139,0,0
1777922684831,6139,HTTP Request,200,OK,Config 3: Exp9 1-82,text,true,,231,158,220,220,http://localhost:8079/?token=518504778&user=-1355064518&config=3,6139,0,0
1777922684831,6139,HTTP Request,200,OK,Config 3: Exp9 1-99,text,true,,231,158,220,220,http://localhost:8079/?token=518504778&user=-1355064518&config=3,6139,0,0
1777922684830,6140,HTTP Request,200,OK,Config 3: Exp9 1-81,text,true,,231,158,220,220,http://localhost:8079/?token=518504778&user=-1355064518&config=3,6140,0,0
1777922684830,6140,HTTP Request,200,OK,Config 3: Exp9 1-113,text,true,,231,158,220,220,http://localhost:8079/?token=518504778&user=-1355064518&config=3,6140,0,0
1777922684830,6140,HTTP Request,200,OK,Config 3: Exp9 1-115,text,true,,231,158,220,220,http://localhost:8079/?token=518504778&user=-1355064518&config=3,6140,0,0
1777922682455,8515,HTTP Request,200,OK,Config 3: Exp9 1-36,text,true,,231,158,220,220,http://localhost:8079/?token=518504778&user=-1355064518&config=3,8515,0,0
1777922684831,6139,HTTP Request,200,OK,Config 3: Exp9 1-14,text,true,,231,158,220,220,http://localhost:8079/?token=518504778&user=-1355064518&config=3,6139,0,0
1777922682456,8514,HTTP Request,200,OK,Config 3: Exp9 1-53,text,true,,231,158,220,220,http://localhost:8079/?token=518504778&user=-1355064518&config=3,8514,0,0
1777922682459,8511,HTTP Request,200,OK,Config 3: Exp9 1-54,text,true,,231,158,220,220,http://localhost:8079/?token=518504778&user=-1355064518&config=3,8511,0,0
1777922682458,8512,HTTP Request,200,OK,Config 3: Exp9 1-104,text,true,,231,158,220,220,http://localhost:8079/?token=518504778&user=-1355064518&config=3,8512,0,0
1777922682455,8515,HTTP Request,200,OK,Config 3: Exp9 1-119,text,true,,231,158,220,220,http://localhost:8079/?token=518504778&user=-1355064518&config=3,8515,0,0
1777922684831,6140,HTTP Request,200,OK,Config 3: Exp9 1-47,text,true,,231,158,220,220,http://localhost:8079/?token=518504778&user=-1355064518&config=3,6140,0,0
1777922684832,6139,HTTP Request,200,OK,Config 3: Exp9 1-12,text,true,,231,158,220,220,http://localhost:8079/?token=518504778&user=-1355064518&config=3,6139,0,0
1777922684831,6140,HTTP Request,200,OK,Config 3: Exp9 1-46,text,true,,231,158,220,220,http://localhost:8079/?token=518504778&user=-1355064518&config=3,6140,0,0
1777922684832,6139,HTTP Request,200,OK,Config 3: Exp9 1-62,text,true,,231,158,220,220,http://localhost:8079/?token=518504778&user=-1355064518&config=3,6139,0,0
1777922684832,6139,HTTP Request,200,OK,Config 3: Exp9 1-10,text,true,,231,158,220,220,http://localhost:8079/?token=518504778&user=-1355064518&config=3,6139,0,0
1777922684831,6140,HTTP Request,200,OK,Config 3: Exp9 1-64,text,true,,231,158,220,220,http://localhost:8079/?token=518504778&user=-1355064518&config=3,6140,0,0
1777922684832,6139,HTTP Request,200,OK,Config 3: Exp9 1-79,text,true,,231,158,220,220,http://localhost:8079/?token=518504778&user=-1355064518&config=3,6139,0,0
1777922682707,8264,HTTP Request,200,OK,Config 3: Exp9 1-174,text,true,,231,158,220,220,http://localhost:8079/?token=518504778&user=-1355064518&config=3,8264,0,0
1777922682528,8443,HTTP Request,200,OK,Config 3: Exp9 1-173,text,true,,231,158,220,220,http://localhost:8079/?token=518504778&user=-1355064518&config=3,8443,0,0
1777922683065,7906,HTTP Request,200,OK,Config 3: Exp9 1-176,text,true,,231,158,220,220,http://localhost:8079/?token=518504778&user=-1355064518&config=3,7906,0,0
1777922682886,8086,HTTP Request,200,OK,Config 3: Exp9 1-175,text,true,,231,158,220,220,http://localhost:8079/?token=518504778&user=-1355064518&config=3,8086,0,0
1777922684831,6141,HTTP Request,200,OK,Config 3: Exp9 1-13,text,true,,231,158,220,220,http://localhost:8079/?token=518504778&user=-1355064518&config=3,6141,0,0
1777922683244,7728,HTTP Request,200,OK,Config 3: Exp9 1-177,text,true,,231,158,220,220,http://localhost:8079/?token=518504778&user=-1355064518&config=3,7728,0,0
1777922684832,6140,HTTP Request,200,OK,Config 3: Exp9 1-77,text,true,,231,158,220,220,http://localhost:8079/?token=518504778&user=-1355064518&config=3,6140,0,0
1777922684833,6139,HTTP Request,200,OK,Config 3: Exp9 1-25,text,true,,231,158,220,220,http://localhost:8079/?token=518504778&user=-1355064518&config=3,6139,0,0
1777922684833,6139,HTTP Request,200,OK,Config 3: Exp9 1-26,text,true,,231,158,220,220,http://localhost:8079/?token=518504778&user=-1355064518&config=3,6139,0,0
1777922684832,6140,HTTP Request,200,OK,Config 3: Exp9 1-43,text,true,,231,158,220,220,http://localhost:8079/?token=518504778&user=-1355064518&config=3,6140,0,0
1777922684832,6140,HTTP Request,200,OK,Config 3: Exp9 1-44,text,true,,231,158,220,220,http://localhost:8079/?token=518504778&user=-1355064518&config=3,6140,0,0
1777922684833,6139,HTTP Request,200,OK,Config 3: Exp9 1-42,text,true,,231,158,220,220,http://localhost:8079/?token=518504778&user=-1355064518&config=3,6139,0,0
1777922684832,6140,HTTP Request,200,OK,Config 3: Exp9 1-110,text,true,,231,158,220,220,http://localhost:8079/?token=518504778&user=-1355064518&config=3,6140,0,0
1777922684832,6140,HTTP Request,200,OK,Config 3: Exp9 1-27,text,true,,231,158,220,220,http://localhost:8079/?token=518504778&user=-1355064518&config=3,6140,0,0
1777922684832,6140,HTTP Request,200,OK,Config 3: Exp9 1-111,text,true,,231,158,220,220,http://localhost:8079/?token=518504778&user=-1355064518&config=3,6140,0,0
1777922684832,6140,HTTP Request,200,OK,Config 3: Exp9 1-112,text,true,,231,158,220,220,http://localhost:8079/?token=518504778&user=-1355064518&config=3,6140,0,0
1777922684833,6139,HTTP Request,200,OK,Config 3: Exp9 1-76,text,true,,231,158,220,220,http://localhost:8079/?token=518504778&user=-1355064518&config=3,6139,0,0
1777922684832,6140,HTTP Request,200,OK,Config 3: Exp9 1-60,text,true,,231,158,220,220,http://localhost:8079/?token=518504778&user=-1355064518&config=3,6140,0,0
1777922684833,6139,HTTP Request,200,OK,Config 3: Exp9 1-126,text,true,,231,158,220,220,http://localhost:8079/?token=518504778&user=-1355064518&config=3,6139,0,0
1777922684833,6139,HTTP Request,200,OK,Config 3: Exp9 1-109,text,true,,231,158,220,220,http://localhost:8079/?token=518504778&user=-1355064518&config=3,6139,0,0
1777922684832,6140,HTTP Request,200,OK,Config 3: Exp9 1-127,text,true,,231,158,220,220,http://localhost:8079/?token=518504778&user=-1355064518&config=3,6140,0,0
1777922683423,7549,HTTP Request,200,OK,Config 3: Exp9 1-178,text,true,,231,158,220,220,http://localhost:8079/?token=518504778&user=-1355064518&config=3,7549,0,0
1777922683781,7191,HTTP Request,200,OK,Config 3: Exp9 1-180,text,true,,231,158,220,220,http://localhost:8079/?token=518504778&user=-1355064518&config=3,7191,0,1
1777922684833,6139,HTTP Request,200,OK,Config 3: Exp9 1-93,text,true,,231,158,220,220,http://localhost:8079/?token=518504778&user=-1355064518&config=3,6139,0,0
1777922684832,6140,HTTP Request,200,OK,Config 3: Exp9 1-94,text,true,,231,158,220,220,http://localhost:8079/?token=518504778&user=-1355064518&config=3,6140,0,0
1777922684833,6139,HTTP Request,200,OK,Config 3: Exp9 1-59,text,true,,231,158,220,220,http://localhost:8079/?token=518504778&user=-1355064518&config=3,6139,0,0
1777922684319,6655,HTTP Request,200,OK,Config 3: Exp9 1-18,text,true,,231,158,220,220,http://localhost:8079/?token=518504778&user=-1355064518&config=3,6655,0,0
1777922684833,6141,HTTP Request,200,OK,Config 3: Exp9 1-9,text,true,,231,158,220,220,http://localhost:8079/?token=518504778&user=-1355064518&config=3,6141,0,0
1777922684319,6655,HTTP Request,200,OK,Config 3: Exp9 1-85,text,true,,231,158,220,220,http://localhost:8079/?token=518504778&user=-1355064518&config=3,6655,0,0
1777922684319,6655,HTTP Request,200,OK,Config 3: Exp9 1-138,text,true,,231,158,220,220,http://localhost:8079/?token=518504778&user=-1355064518&config=3,6655,0,0
1777922683960,7014,HTTP Request,200,OK,Config 3: Exp9 1-181,text,true,,231,158,220,220,http://localhost:8079/?token=518504778&user=-1355064518&config=3,7014,0,0
1777922684319,6655,HTTP Request,200,OK,Config 3: Exp9 1-139,text,true,,231,158,220,220,http://localhost:8079/?token=518504778&user=-1355064518&config=3,6655,0,0
1777922684319,6655,HTTP Request,200,OK,Config 3: Exp9 1-141,text,true,,231,158,220,220,http://localhost:8079/?token=518504778&user=-1355064518&config=3,6655,0,0
1777922684140,6834,HTTP Request,200,OK,Config 3: Exp9 1-182,text,true,,231,158,220,220,http://localhost:8079/?token=518504778&user=-1355064518&config=3,6834,0,0
1777922683603,7371,HTTP Request,200,OK,Config 3: Exp9 1-179,text,true,,231,158,220,220,http://localhost:8079/?token=518504778&user=-1355064518&config=3,7371,0,1
1777922684319,6655,HTTP Request,200,OK,Config 3: Exp9 1-145,text,true,,231,158,220,220,http://localhost:8079/?token=518504778&user=-1355064518&config=3,6655,0,0
1777922685214,5760,HTTP Request,200,OK,Config 3: Exp9 1-188,text,true,,231,158,220,220,http://localhost:8079/?token=518504778&user=-1355064518&config=3,5760,0,0
1777922685034,5940,HTTP Request,200,OK,Config 3: Exp9 1-187,text,true,,231,158,220,220,http://localhost:8079/?token=518504778&user=-1355064518&config=3,5940,0,1
1777922684856,6118,HTTP Request,200,OK,Config 3: Exp9 1-186,text,true,,231,158,220,220,http://localhost:8079/?token=518504778&user=-1355064518&config=3,6118,0,0
1777922684319,6656,HTTP Request,200,OK,Config 3: Exp9 1-140,text,true,,231,158,220,220,http://localhost:8079/?token=518504778&user=-1355064518&config=3,6656,0,0
1777922684319,6656,HTTP Request,200,OK,Config 3: Exp9 1-144,text,true,,231,158,220,220,http://localhost:8079/?token=518504778&user=-1355064518&config=3,6656,0,0
1777922684319,6656,HTTP Request,200,OK,Config 3: Exp9 1-136,text,true,,231,158,220,220,http://localhost:8079/?token=518504778&user=-1355064518&config=3,6656,0,0
1777922684319,6656,HTTP Request,200,OK,Config 3: Exp9 1-137,text,true,,231,158,220,220,http://localhost:8079/?token=518504778&user=-1355064518&config=3,6656,0,0
1777922684319,6656,HTTP Request,200,OK,Config 3: Exp9 1-143,text,true,,231,158,220,220,http://localhost:8079/?token=518504778&user=-1355064518&config=3,6656,0,0
1777922684319,6656,HTTP Request,200,OK,Config 3: Exp9 1-142,text,true,,231,158,220,220,http://localhost:8079/?token=518504778&user=-1355064518&config=3,6656,0,0
1777922684676,6299,HTTP Request,200,OK,Config 3: Exp9 1-185,text,true,,231,158,220,220,http://localhost:8079/?token=518504778&user=-1355064518&config=3,6299,0,1
1777922684319,6656,HTTP Request,200,OK,Config 3: Exp9 1-183,text,true,,231,158,220,220,http://localhost:8079/?token=518504778&user=-1355064518&config=3,6656,0,0
1777922684499,6476,HTTP Request,200,OK,Config 3: Exp9 1-184,text,true,,231,158,220,220,http://localhost:8079/?token=518504778&user=-1355064518&config=3,6476,0,0
1777922685392,9079,HTTP Request,200,OK,Config 3: Exp9 1-189,text,true,,231,158,239,239,http://localhost:8079/?token=518504778&user=-1355064518&config=3,9079,0,0
1777922687931,6540,HTTP Request,200,OK,Config 3: Exp9 1-2,text,true,,231,158,239,239,http://localhost:8079/?token=518504778&user=-1355064518&config=3,6540,0,0
1777922687931,6540,HTTP Request,200,OK,Config 3: Exp9 1-6,text,true,,231,158,239,239,http://localhost:8079/?token=518504778&user=-1355064518&config=3,6540,0,0
1777922687931,6540,HTTP Request,200,OK,Config 3: Exp9 1-8,text,true,,231,158,239,239,http://localhost:8079/?token=518504778&user=-1355064518&config=3,6540,0,0
1777922687931,6541,HTTP Request,200,OK,Config 3: Exp9 1-4,text,true,,231,158,239,239,http://localhost:8079/?token=518504778&user=-1355064518&config=3,6541,0,0
1777922687931,6541,HTTP Request,200,OK,Config 3: Exp9 1-1,text,true,,231,158,239,239,http://localhost:8079/?token=518504778&user=-1355064518&config=3,6541,0,0
1777922687931,6541,HTTP Request,200,OK,Config 3: Exp9 1-15,text,true,,231,158,239,239,http://localhost:8079/?token=518504778&user=-1355064518&config=3,6541,0,0
1777922687931,6541,HTTP Request,200,OK,Config 3: Exp9 1-16,text,true,,231,158,239,239,http://localhost:8079/?token=518504778&user=-1355064518&config=3,6541,0,0
1777922687932,6541,HTTP Request,200,OK,Config 3: Exp9 1-34,text,true,,231,158,239,239,http://localhost:8079/?token=518504778&user=-1355064518&config=3,6541,0,0
1777922687932,6541,HTTP Request,200,OK,Config 3: Exp9 1-33,text,true,,231,158,239,239,http://localhost:8079/?token=518504778&user=-1355064518&config=3,6541,0,0
1777922687931,6542,HTTP Request,200,OK,Config 3: Exp9 1-17,text,true,,231,158,239,239,http://localhost:8079/?token=518504778&user=-1355064518&config=3,6542,0,0
1777922687932,6541,HTTP Request,200,OK,Config 3: Exp9 1-22,text,true,,231,158,239,239,http://localhost:8079/?token=518504778&user=-1355064518&config=3,6541,0,0
1777922687898,6575,HTTP Request,200,OK,Config 3: Exp9 1-203,text,true,,231,158,239,239,http://localhost:8079/?token=518504778&user=-1355064518&config=3,6575,0,1
1777922687932,6541,HTTP Request,200,OK,Config 3: Exp9 1-70,text,true,,231,158,239,239,http://localhost:8079/?token=518504778&user=-1355064518&config=3,6541,0,0
1777922687932,6541,HTTP Request,200,OK,Config 3: Exp9 1-55,text,true,,231,158,239,239,http://localhost:8079/?token=518504778&user=-1355064518&config=3,6541,0,0
1777922687932,6541,HTTP Request,200,OK,Config 3: Exp9 1-68,text,true,,231,158,239,239,http://localhost:8079/?token=518504778&user=-1355064518&config=3,6541,0,0
1777922687932,6541,HTTP Request,200,OK,Config 3: Exp9 1-66,text,true,,231,158,239,239,http://localhost:8079/?token=518504778&user=-1355064518&config=3,6541,0,0
1777922687931,6542,HTTP Request,200,OK,Config 3: Exp9 1-98,text,true,,231,158,239,239,http://localhost:8079/?token=518504778&user=-1355064518&config=3,6542,0,0
1777922687932,6541,HTTP Request,200,OK,Config 3: Exp9 1-73,text,true,,231,158,239,239,http://localhost:8079/?token=518504778&user=-1355064518&config=3,6541,0,0
1777922687932,6541,HTTP Request,200,OK,Config 3: Exp9 1-20,text,true,,231,158,239,239,http://localhost:8079/?token=518504778&user=-1355064518&config=3,6541,0,0
1777922687932,6541,HTTP Request,200,OK,Config 3: Exp9 1-57,text,true,,231,158,239,239,http://localhost:8079/?token=518504778&user=-1355064518&config=3,6541,0,0
1777922687932,6542,HTTP Request,200,OK,Config 3: Exp9 1-87,text,true,,231,158,239,239,http://localhost:8079/?token=518504778&user=-1355064518&config=3,6542,0,0
1777922687932,6542,HTTP Request,200,OK,Config 3: Exp9 1-90,text,true,,231,158,239,239,http://localhost:8079/?token=518504778&user=-1355064518&config=3,6542,0,0
1777922687933,6542,HTTP Request,200,OK,Config 3: Exp9 1-105,text,true,,231,158,239,239,http://localhost:8079/?token=518504778&user=-1355064518&config=3,6542,0,0
1777922687932,6543,HTTP Request,200,OK,Config 3: Exp9 1-84,text,true,,231,158,239,239,http://localhost:8079/?token=518504778&user=-1355064518&config=3,6543,0,0
1777922687933,6542,HTTP Request,200,OK,Config 3: Exp9 1-117,text,true,,231,158,239,239,http://localhost:8079/?token=518504778&user=-1355064518&config=3,6542,0,0
1777922687932,6543,HTTP Request,200,OK,Config 3: Exp9 1-100,text,true,,231,158,239,239,http://localhost:8079/?token=518504778&user=-1355064518&config=3,6543,0,0
1777922687933,6542,HTTP Request,200,OK,Config 3: Exp9 1-108,text,true,,231,158,239,239,http://localhost:8079/?token=518504778&user=-1355064518&config=3,6542,0,0
1777922687933,6542,HTTP Request,200,OK,Config 3: Exp9 1-101,text,true,,231,158,239,239,http://localhost:8079/?token=518504778&user=-1355064518&config=3,6542,0,0
1777922687932,6543,HTTP Request,200,OK,Config 3: Exp9 1-21,text,true,,231,158,239,239,http://localhost:8079/?token=518504778&user=-1355064518&config=3,6543,0,0
1777922687932,6543,HTTP Request,200,OK,Config 3: Exp9 1-69,text,true,,231,158,239,239,http://localhost:8079/?token=518504778&user=-1355064518&config=3,6543,0,0
1777922687932,6543,HTTP Request,200,OK,Config 3: Exp9 1-67,text,true,,231,158,239,239,http://localhost:8079/?token=518504778&user=-1355064518&config=3,6543,0,0
1777922687932,6543,HTTP Request,200,OK,Config 3: Exp9 1-89,text,true,,231,158,239,239,http://localhost:8079/?token=518504778&user=-1355064518&config=3,6543,0,0
1777922687932,6543,HTTP Request,200,OK,Config 3: Exp9 1-38,text,true,,231,158,239,239,http://localhost:8079/?token=518504778&user=-1355064518&config=3,6543,0,0
1777922687932,6543,HTTP Request,200,OK,Config 3: Exp9 1-88,text,true,,231,158,239,239,http://localhost:8079/?token=518504778&user=-1355064518&config=3,6543,0,0
1777922687933,6543,HTTP Request,200,OK,Config 3: Exp9 1-135,text,true,,231,158,239,239,http://localhost:8079/?token=518504778&user=-1355064518&config=3,6543,0,0
1777922687933,6543,HTTP Request,200,OK,Config 3: Exp9 1-161,text,true,,231,158,239,239,http://localhost:8079/?token=518504778&user=-1355064518&config=3,6543,0,0
1777922687933,6543,HTTP Request,200,OK,Config 3: Exp9 1-123,text,true,,231,158,239,239,http://localhost:8079/?token=518504778&user=-1355064518&config=3,6543,0,0
1777922687932,6544,HTTP Request,200,OK,Config 3: Exp9 1-39,text,true,,231,158,239,239,http://localhost:8079/?token=518504778&user=-1355064518&config=3,6544,0,0
1777922687933,6543,HTTP Request,200,OK,Config 3: Exp9 1-167,text,true,,231,158,239,239,http://localhost:8079/?token=518504778&user=-1355064518&config=3,6543,0,0
1777922687932,6544,HTTP Request,200,OK,Config 3: Exp9 1-41,text,true,,231,158,239,239,http://localhost:8079/?token=518504778&user=-1355064518&config=3,6544,0,0
1777922687933,6543,HTTP Request,200,OK,Config 3: Exp9 1-160,text,true,,231,158,239,239,http://localhost:8079/?token=518504778&user=-1355064518&config=3,6543,0,0
1777922687933,6543,HTTP Request,200,OK,Config 3: Exp9 1-166,text,true,,231,158,239,239,http://localhost:8079/?token=518504778&user=-1355064518&config=3,6543,0,0
1777922687932,6547,HTTP Request,200,OK,Config 3: Exp9 1-32,text,true,,231,158,239,239,http://localhost:8079/?token=518504778&user=-1355064518&config=3,6547,0,0
1777922687932,6547,HTTP Request,200,OK,Config 3: Exp9 1-51,text,true,,231,158,239,239,http://localhost:8079/?token=518504778&user=-1355064518&config=3,6547,0,0
1777922687931,6548,HTTP Request,200,OK,Config 3: Exp9 1-3,text,true,,231,158,239,239,http://localhost:8079/?token=518504778&user=-1355064518&config=3,6548,0,0
1777922687931,6548,HTTP Request,200,OK,Config 3: Exp9 1-19,text,true,,231,158,239,239,http://localhost:8079/?token=518504778&user=-1355064518&config=3,6548,0,0
1777922687932,6547,HTTP Request,200,OK,Config 3: Exp9 1-50,text,true,,231,158,239,239,http://localhost:8079/?token=518504778&user=-1355064518&config=3,6547,0,0
1777922687933,6546,HTTP Request,200,OK,Config 3: Exp9 1-133,text,true,,231,158,239,239,http://localhost:8079/?token=518504778&user=-1355064518&config=3,6546,0,0
1777922687933,6546,HTTP Request,200,OK,Config 3: Exp9 1-134,text,true,,231,158,239,239,http://localhost:8079/?token=518504778&user=-1355064518&config=3,6546,0,0
1777922687932,6547,HTTP Request,200,OK,Config 3: Exp9 1-86,text,true,,231,158,239,239,http://localhost:8079/?token=518504778&user=-1355064518&config=3,6547,0,0
1777922687932,6547,HTTP Request,200,OK,Config 3: Exp9 1-102,text,true,,231,158,239,239,http://localhost:8079/?token=518504778&user=-1355064518&config=3,6547,0,0
1777922687933,6546,HTTP Request,200,OK,Config 3: Exp9 1-168,text,true,,231,158,239,239,http://localhost:8079/?token=518504778&user=-1355064518&config=3,6546,0,0
1777922687933,6546,HTTP Request,200,OK,Config 3: Exp9 1-164,text,true,,231,158,239,239,http://localhost:8079/?token=518504778&user=-1355064518&config=3,6546,0,0
1777922687932,6547,HTTP Request,200,OK,Config 3: Exp9 1-71,text,true,,231,158,239,239,http://localhost:8079/?token=518504778&user=-1355064518&config=3,6547,0,0
1777922687932,6547,HTTP Request,200,OK,Config 3: Exp9 1-83,text,true,,231,158,239,239,http://localhost:8079/?token=518504778&user=-1355064518&config=3,6547,0,0
1777922689929,4550,HTTP Request,500,Internal Server Error,Config 3: Exp9 1-131,text,false,,233,158,239,239,http://localhost:8079/?token=518504778&user=-1355064518&config=3,4550,0,0
1777922689928,4551,HTTP Request,500,Internal Server Error,Config 3: Exp9 1-129,text,false,,233,158,239,239,http://localhost:8079/?token=518504778&user=-1355064518&config=3,4551,0,0
1777922689929,4550,HTTP Request,500,Internal Server Error,Config 3: Exp9 1-95,text,false,,233,158,239,239,http://localhost:8079/?token=518504778&user=-1355064518&config=3,4550,0,0
1777922689928,4551,HTTP Request,500,Internal Server Error,Config 3: Exp9 1-170,text,false,,233,158,239,239,http://localhost:8079/?token=518504778&user=-1355064518&config=3,4551,0,0
1777922688435,6044,HTTP Request,500,Internal Server Error,Config 3: Exp9 1-206,text,false,,233,158,239,239,http://localhost:8079/?token=518504778&user=-1355064518&config=3,6044,0,1
1777922688078,6401,HTTP Request,500,Internal Server Error,Config 3: Exp9 1-204,text,false,,233,158,239,239,http://localhost:8079/?token=518504778&user=-1355064518&config=3,6401,0,1
1777922689929,4550,HTTP Request,500,Internal Server Error,Config 3: Exp9 1-128,text,false,,233,158,239,239,http://localhost:8079/?token=518504778&user=-1355064518&config=3,4550,0,0
1777922689930,4549,HTTP Request,500,Internal Server Error,Config 3: Exp9 1-172,text,false,,233,158,239,239,http://localhost:8079/?token=518504778&user=-1355064518&config=3,4549,0,0
1777922688256,6223,HTTP Request,500,Internal Server Error,Config 3: Exp9 1-205,text,false,,233,158,239,239,http://localhost:8079/?token=518504778&user=-1355064518&config=3,6223,0,1
1777922689929,4550,HTTP Request,500,Internal Server Error,Config 3: Exp9 1-130,text,false,,233,158,239,239,http://localhost:8079/?token=518504778&user=-1355064518&config=3,4550,0,0
1777922688794,5685,HTTP Request,500,Internal Server Error,Config 3: Exp9 1-208,text,false,,233,158,239,239,http://localhost:8079/?token=518504778&user=-1355064518&config=3,5685,0,0
1777922688614,5865,HTTP Request,500,Internal Server Error,Config 3: Exp9 1-207,text,false,,233,158,239,239,http://localhost:8079/?token=518504778&user=-1355064518&config=3,5865,0,0
1777922689331,5149,HTTP Request,500,Internal Server Error,Config 3: Exp9 1-211,text,false,,233,158,239,239,http://localhost:8079/?token=518504778&user=-1355064518&config=3,5148,0,1
1777922689152,5328,HTTP Request,500,Internal Server Error,Config 3: Exp9 1-210,text,false,,233,158,239,239,http://localhost:8079/?token=518504778&user=-1355064518&config=3,5327,0,0
1777922689867,4613,HTTP Request,500,Internal Server Error,Config 3: Exp9 1-214,text,false,,233,158,239,239,http://localhost:8079/?token=518504778&user=-1355064518&config=3,4613,0,1
1777922689688,4792,HTTP Request,500,Internal Server Error,Config 3: Exp9 1-213,text,false,,233,158,239,239,http://localhost:8079/?token=518504778&user=-1355064518&config=3,4792,0,1
1777922689510,4970,HTTP Request,500,Internal Server Error,Config 3: Exp9 1-212,text,false,,233,158,239,239,http://localhost:8079/?token=518504778&user=-1355064518&config=3,4970,0,0
1777922688972,5508,HTTP Request,500,Internal Server Error,Config 3: Exp9 1-209,text,false,,233,158,239,239,http://localhost:8079/?token=518504778&user=-1355064518&config=3,5508,0,0
1777922689928,4553,HTTP Request,500,Internal Server Error,Config 3: Exp9 1-11,text,false,,233,158,239,239,http://localhost:8079/?token=518504778&user=-1355064518&config=3,4553,0,0
1777922689928,4553,HTTP Request,500,Internal Server Error,Config 3: Exp9 1-45,text,false,,233,158,239,239,http://localhost:8079/?token=518504778&user=-1355064518&config=3,4553,0,0
1777922689929,4552,HTTP Request,500,Internal Server Error,Config 3: Exp9 1-171,text,false,,233,158,239,239,http://localhost:8079/?token=518504778&user=-1355064518&config=3,4552,0,0
1777922689929,4552,HTTP Request,500,Internal Server Error,Config 3: Exp9 1-28,text,false,,233,158,239,239,http://localhost:8079/?token=518504778&user=-1355064518&config=3,4552,0,0
1777922690225,4256,HTTP Request,500,Internal Server Error,Config 3: Exp9 1-216,text,false,,233,158,239,239,http://localhost:8079/?token=518504778&user=-1355064518&config=3,4256,0,1
1777922689928,4553,HTTP Request,500,Internal Server Error,Config 3: Exp9 1-61,text,false,,233,158,239,239,http://localhost:8079/?token=518504778&user=-1355064518&config=3,4553,0,0
1777922690046,4435,HTTP Request,500,Internal Server Error,Config 3: Exp9 1-215,text,false,,233,158,239,239,http://localhost:8079/?token=518504778&user=-1355064518&config=3,4435,0,1
1777922689929,4552,HTTP Request,500,Internal Server Error,Config 3: Exp9 1-132,text,false,,233,158,239,239,http://localhost:8079/?token=518504778&user=-1355064518&config=3,4552,0,0
1777922690404,4077,HTTP Request,500,Internal Server Error,Config 3: Exp9 1-217,text,false,,233,158,239,239,http://localhost:8079/?token=518504778&user=-1355064518&config=3,4077,0,1
1777922689929,4552,HTTP Request,500,Internal Server Error,Config 3: Exp9 1-78,text,false,,233,158,239,239,http://localhost:8079/?token=518504778&user=-1355064518&config=3,4552,0,0
1777922689928,4553,HTTP Request,500,Internal Server Error,Config 3: Exp9 1-169,text,false,,233,158,239,239,http://localhost:8079/?token=518504778&user=-1355064518&config=3,4553,0,0
1777922690762,3719,HTTP Request,500,Internal Server Error,Config 3: Exp9 1-219,text,false,,233,158,239,239,http://localhost:8079/?token=518504778&user=-1355064518&config=3,3719,0,1
1777922690583,3898,HTTP Request,500,Internal Server Error,Config 3: Exp9 1-218,text,false,,233,158,239,239,http://localhost:8079/?token=518504778&user=-1355064518&config=3,3898,0,1
1777922686978,11136,HTTP Request,200,OK,Config 3: Exp9 1-147,text,true,,231,158,260,260,http://localhost:8079/?token=518504778&user=-1355064518&config=3,11136,0,0
1777922686978,11136,HTTP Request,200,OK,Config 3: Exp9 1-150,text,true,,231,158,260,260,http://localhost:8079/?token=518504778&user=-1355064518&config=3,11136,0,0
1777922685571,12543,HTTP Request,200,OK,Config 3: Exp9 1-190,text,true,,231,158,260,260,http://localhost:8079/?token=518504778&user=-1355064518&config=3,12543,0,0
1777922685750,12364,HTTP Request,200,OK,Config 3: Exp9 1-191,text,true,,231,158,260,260,http://localhost:8079/?token=518504778&user=-1355064518&config=3,12364,0,1
1777922686287,11827,HTTP Request,200,OK,Config 3: Exp9 1-194,text,true,,231,158,260,260,http://localhost:8079/?token=518504778&user=-1355064518&config=3,11827,0,1
1777922686108,12006,HTTP Request,200,OK,Config 3: Exp9 1-193,text,true,,231,158,260,260,http://localhost:8079/?token=518504778&user=-1355064518&config=3,12006,0,0
1777922685929,12185,HTTP Request,200,OK,Config 3: Exp9 1-192,text,true,,231,158,260,260,http://localhost:8079/?token=518504778&user=-1355064518&config=3,12185,0,1
1777922686466,11648,HTTP Request,200,OK,Config 3: Exp9 1-195,text,true,,231,158,260,260,http://localhost:8079/?token=518504778&user=-1355064518&config=3,11648,0,1
1777922686826,11288,HTTP Request,200,OK,Config 3: Exp9 1-197,text,true,,231,158,260,260,http://localhost:8079/?token=518504778&user=-1355064518&config=3,11288,0,0
1777922686645,11469,HTTP Request,200,OK,Config 3: Exp9 1-196,text,true,,231,158,260,260,http://localhost:8079/?token=518504778&user=-1355064518&config=3,11469,0,1
1777922686979,11135,HTTP Request,200,OK,Config 3: Exp9 1-122,text,true,,231,158,260,260,http://localhost:8079/?token=518504778&user=-1355064518&config=3,11135,0,0
1777922686979,11135,HTTP Request,200,OK,Config 3: Exp9 1-154,text,true,,231,158,260,260,http://localhost:8079/?token=518504778&user=-1355064518&config=3,11135,0,0
1777922686978,11136,HTTP Request,200,OK,Config 3: Exp9 1-151,text,true,,231,158,260,260,http://localhost:8079/?token=518504778&user=-1355064518&config=3,11136,0,0
1777922686979,11135,HTTP Request,200,OK,Config 3: Exp9 1-153,text,true,,231,158,260,260,http://localhost:8079/?token=518504778&user=-1355064518&config=3,11135,0,0
1777922686978,11136,HTTP Request,200,OK,Config 3: Exp9 1-152,text,true,,231,158,260,260,http://localhost:8079/?token=518504778&user=-1355064518&config=3,11136,0,0
1777922686979,11136,HTTP Request,200,OK,Config 3: Exp9 1-5,text,true,,231,158,260,260,http://localhost:8079/?token=518504778&user=-1355064518&config=3,11136,0,0
1777922686979,11136,HTTP Request,200,OK,Config 3: Exp9 1-72,text,true,,231,158,260,260,http://localhost:8079/?token=518504778&user=-1355064518&config=3,11136,0,0
1777922686979,11136,HTTP Request,200,OK,Config 3: Exp9 1-156,text,true,,231,158,260,260,http://localhost:8079/?token=518504778&user=-1355064518&config=3,11136,0,0
1777922686978,11137,HTTP Request,200,OK,Config 3: Exp9 1-146,text,true,,231,158,260,260,http://localhost:8079/?token=518504778&user=-1355064518&config=3,11137,0,0
1777922686978,11137,HTTP Request,200,OK,Config 3: Exp9 1-148,text,true,,231,158,260,260,http://localhost:8079/?token=518504778&user=-1355064518&config=3,11137,0,0
1777922686979,11136,HTTP Request,200,OK,Config 3: Exp9 1-157,text,true,,231,158,260,260,http://localhost:8079/?token=518504778&user=-1355064518&config=3,11136,0,0
1777922686978,11137,HTTP Request,200,OK,Config 3: Exp9 1-149,text,true,,231,158,260,260,http://localhost:8079/?token=518504778&user=-1355064518&config=3,11137,0,0
1777922687004,11111,HTTP Request,200,OK,Config 3: Exp9 1-198,text,true,,231,158,260,260,http://localhost:8079/?token=518504778&user=-1355064518&config=3,11111,0,1
1777922686979,11137,HTTP Request,200,OK,Config 3: Exp9 1-158,text,true,,231,158,260,260,http://localhost:8079/?token=518504778&user=-1355064518&config=3,11137,0,0
1777922687362,10754,HTTP Request,200,OK,Config 3: Exp9 1-200,text,true,,231,158,260,260,http://localhost:8079/?token=518504778&user=-1355064518&config=3,10754,0,0
1777922687719,10397,HTTP Request,200,OK,Config 3: Exp9 1-202,text,true,,231,158,260,260,http://localhost:8079/?token=518504778&user=-1355064518&config=3,10397,0,1
1777922686979,11137,HTTP Request,200,OK,Config 3: Exp9 1-155,text,true,,231,158,260,260,http://localhost:8079/?token=518504778&user=-1355064518&config=3,11137,0,0
1777922687541,10575,HTTP Request,200,OK,Config 3: Exp9 1-201,text,true,,231,158,260,260,http://localhost:8079/?token=518504778&user=-1355064518&config=3,10575,0,1
1777922687183,10933,HTTP Request,200,OK,Config 3: Exp9 1-199,text,true,,231,158,260,260,http://localhost:8079/?token=518504778&user=-1355064518&config=3,10933,0,0
1777922687932,10727,HTTP Request,200,OK,Config 3: Exp9 1-106,text,true,,231,158,263,263,http://localhost:8079/?token=518504778&user=-1355064518&config=3,10727,0,0
1777922687933,10726,HTTP Request,200,OK,Config 3: Exp9 1-163,text,true,,231,158,263,263,http://localhost:8079/?token=518504778&user=-1355064518&config=3,10726,0,0
1777922687933,10726,HTTP Request,200,OK,Config 3: Exp9 1-165,text,true,,231,158,263,263,http://localhost:8079/?token=518504778&user=-1355064518&config=3,10726,0,0
1777922687932,10727,HTTP Request,200,OK,Config 3: Exp9 1-52,text,true,,231,158,263,263,http://localhost:8079/?token=518504778&user=-1355064518&config=3,10727,0,0
1777922687933,10726,HTTP Request,200,OK,Config 3: Exp9 1-120,text,true,,231,158,263,263,http://localhost:8079/?token=518504778&user=-1355064518&config=3,10726,0,0
1777922687933,10726,HTTP Request,200,OK,Config 3: Exp9 1-159,text,true,,231,158,263,263,http://localhost:8079/?token=518504778&user=-1355064518&config=3,10726,0,0
1777922687933,10726,HTTP Request,200,OK,Config 3: Exp9 1-121,text,true,,231,158,263,263,http://localhost:8079/?token=518504778&user=-1355064518&config=3,10726,0,0
1777922687933,10726,HTTP Request,200,OK,Config 3: Exp9 1-118,text,true,,231,158,263,263,http://localhost:8079/?token=518504778&user=-1355064518&config=3,10726,0,0
1777922687933,10726,HTTP Request,200,OK,Config 3: Exp9 1-103,text,true,,231,158,263,263,http://localhost:8079/?token=518504778&user=-1355064518&config=3,10726,0,0
1777922687933,10727,HTTP Request,200,OK,Config 3: Exp9 1-162,text,true,,231,158,263,263,http://localhost:8079/?token=518504778&user=-1355064518&config=3,10727,0,0
1777922687932,10728,HTTP Request,200,OK,Config 3: Exp9 1-35,text,true,,231,158,263,263,http://localhost:8079/?token=518504778&user=-1355064518&config=3,10728,0,0
1777922687932,10728,HTTP Request,200,OK,Config 3: Exp9 1-49,text,true,,231,158,263,263,http://localhost:8079/?token=518504778&user=-1355064518&config=3,10728,0,0
1777922687932,10728,HTTP Request,200,OK,Config 3: Exp9 1-37,text,true,,231,158,263,263,http://localhost:8079/?token=518504778&user=-1355064518&config=3,10728,0,0
1777922690966,7838,HTTP Request,200,OK,Config 3: Exp9 1-74,text,true,,231,158,263,263,http://localhost:8079/?token=518504778&user=-1355064518&config=3,7838,0,0
1777922690965,7839,HTTP Request,200,OK,Config 3: Exp9 1-58,text,true,,231,158,263,263,http://localhost:8079/?token=518504778&user=-1355064518&config=3,7838,0,0
1777922690969,7835,HTTP Request,200,OK,Config 3: Exp9 1-65,text,true,,231,158,263,263,http://localhost:8079/?token=518504778&user=-1355064518&config=3,7835,0,0
1777922690966,7838,HTTP Request,200,OK,Config 3: Exp9 1-92,text,true,,231,158,263,263,http://localhost:8079/?token=518504778&user=-1355064518&config=3,7838,0,0
1777922690965,7839,HTTP Request,200,OK,Config 3: Exp9 1-91,text,true,,231,158,263,263,http://localhost:8079/?token=518504778&user=-1355064518&config=3,7839,0,0
1777922690968,7836,HTTP Request,200,OK,Config 3: Exp9 1-124,text,true,,231,158,263,263,http://localhost:8079/?token=518504778&user=-1355064518&config=3,7836,0,0
1777922690965,7839,HTTP Request,200,OK,Config 3: Exp9 1-40,text,true,,231,158,263,263,http://localhost:8079/?token=518504778&user=-1355064518&config=3,7839,0,0
1777922690968,7836,HTTP Request,200,OK,Config 3: Exp9 1-107,text,true,,231,158,263,263,http://localhost:8079/?token=518504778&user=-1355064518&config=3,7836,0,0
1777922690965,7839,HTTP Request,200,OK,Config 3: Exp9 1-24,text,true,,231,158,263,263,http://localhost:8079/?token=518504778&user=-1355064518&config=3,7839,0,0
1777922690966,7838,HTTP Request,200,OK,Config 3: Exp9 1-56,text,true,,231,158,263,263,http://localhost:8079/?token=518504778&user=-1355064518&config=3,7838,0,0
1777922690969,7835,HTTP Request,200,OK,Config 3: Exp9 1-7,text,true,,231,158,263,263,http://localhost:8079/?token=518504778&user=-1355064518&config=3,7835,0,0
1777922690969,7835,HTTP Request,200,OK,Config 3: Exp9 1-75,text,true,,231,158,263,263,http://localhost:8079/?token=518504778&user=-1355064518&config=3,7835,0,0
1777922690970,7834,HTTP Request,200,OK,Config 3: Exp9 1-99,text,true,,231,158,263,263,http://localhost:8079/?token=518504778&user=-1355064518&config=3,7834,0,0
1777922690970,7834,HTTP Request,200,OK,Config 3: Exp9 1-82,text,true,,231,158,263,263,http://localhost:8079/?token=518504778&user=-1355064518&config=3,7834,0,0
1777922690969,7835,HTTP Request,200,OK,Config 3: Exp9 1-80,text,true,,231,158,263,263,http://localhost:8079/?token=518504778&user=-1355064518&config=3,7835,0,0
1777922690968,7836,HTTP Request,200,OK,Config 3: Exp9 1-23,text,true,,231,158,263,263,http://localhost:8079/?token=518504778&user=-1355064518&config=3,7836,0,0
1777922690969,7835,HTTP Request,200,OK,Config 3: Exp9 1-116,text,true,,231,158,263,263,http://localhost:8079/?token=518504778&user=-1355064518&config=3,7835,0,0
1777922690965,7839,HTTP Request,200,OK,Config 3: Exp9 1-125,text,true,,231,158,263,263,http://localhost:8079/?token=518504778&user=-1355064518&config=3,7839,0,0
1777922690970,7834,HTTP Request,200,OK,Config 3: Exp9 1-97,text,true,,231,158,263,263,http://localhost:8079/?token=518504778&user=-1355064518&config=3,7834,0,0
1777922690970,7835,HTTP Request,200,OK,Config 3: Exp9 1-31,text,true,,231,158,263,263,http://localhost:8079/?token=518504778&user=-1355064518&config=3,7835,0,0
1777922690970,7835,HTTP Request,200,OK,Config 3: Exp9 1-104,text,true,,231,158,263,263,http://localhost:8079/?token=518504778&user=-1355064518&config=3,7835,0,0
1777922690970,7835,HTTP Request,200,OK,Config 3: Exp9 1-36,text,true,,231,158,263,263,http://localhost:8079/?token=518504778&user=-1355064518&config=3,7835,0,0
1777922690970,7836,HTTP Request,200,OK,Config 3: Exp9 1-29,text,true,,231,158,263,263,http://localhost:8079/?token=518504778&user=-1355064518&config=3,7836,0,0
1777922690971,7835,HTTP Request,200,OK,Config 3: Exp9 1-10,text,true,,231,158,263,263,http://localhost:8079/?token=518504778&user=-1355064518&config=3,7835,0,0
1777922690970,7836,HTTP Request,200,OK,Config 3: Exp9 1-30,text,true,,231,158,263,263,http://localhost:8079/?token=518504778&user=-1355064518&config=3,7836,0,0
1777922690970,7836,HTTP Request,200,OK,Config 3: Exp9 1-113,text,true,,231,158,263,263,http://localhost:8079/?token=518504778&user=-1355064518&config=3,7836,0,0
1777922690970,7836,HTTP Request,200,OK,Config 3: Exp9 1-53,text,true,,231,158,263,263,http://localhost:8079/?token=518504778&user=-1355064518&config=3,7836,0,0
1777922690971,7835,HTTP Request,200,OK,Config 3: Exp9 1-176,text,true,,231,158,263,263,http://localhost:8079/?token=518504778&user=-1355064518&config=3,7835,0,0
1777922690970,7836,HTTP Request,200,OK,Config 3: Exp9 1-63,text,true,,231,158,263,263,http://localhost:8079/?token=518504778&user=-1355064518&config=3,7836,0,0
1777922690970,7836,HTTP Request,200,OK,Config 3: Exp9 1-54,text,true,,231,158,263,263,http://localhost:8079/?token=518504778&user=-1355064518&config=3,7836,0,0
1777922690971,7835,HTTP Request,200,OK,Config 3: Exp9 1-79,text,true,,231,158,263,263,http://localhost:8079/?token=518504778&user=-1355064518&config=3,7835,0,0
1777922690970,7837,HTTP Request,200,OK,Config 3: Exp9 1-114,text,true,,231,158,263,263,http://localhost:8079/?token=518504778&user=-1355064518&config=3,7837,0,0
1777922690971,7836,HTTP Request,200,OK,Config 3: Exp9 1-46,text,true,,231,158,263,263,http://localhost:8079/?token=518504778&user=-1355064518&config=3,7836,0,0
1777922690971,7836,HTTP Request,200,OK,Config 3: Exp9 1-64,text,true,,231,158,263,263,http://localhost:8079/?token=518504778&user=-1355064518&config=3,7836,0,0
1777922690971,7836,HTTP Request,200,OK,Config 3: Exp9 1-12,text,true,,231,158,263,263,http://localhost:8079/?token=518504778&user=-1355064518&config=3,7836,0,0
1777922690970,7837,HTTP Request,200,OK,Config 3: Exp9 1-14,text,true,,231,158,263,263,http://localhost:8079/?token=518504778&user=-1355064518&config=3,7837,0,0
1777922690971,7836,HTTP Request,200,OK,Config 3: Exp9 1-47,text,true,,231,158,263,263,http://localhost:8079/?token=518504778&user=-1355064518&config=3,7836,0,0
1777922690970,7837,HTTP Request,200,OK,Config 3: Exp9 1-96,text,true,,231,158,263,263,http://localhost:8079/?token=518504778&user=-1355064518&config=3,7837,0,0
1777922690972,7835,HTTP Request,200,OK,Config 3: Exp9 1-42,text,true,,231,158,263,263,http://localhost:8079/?token=518504778&user=-1355064518&config=3,7835,0,0
1777922690970,7837,HTTP Request,200,OK,Config 3: Exp9 1-115,text,true,,231,158,263,263,http://localhost:8079/?token=518504778&user=-1355064518&config=3,7837,0,0
1777922690970,7837,HTTP Request,200,OK,Config 3: Exp9 1-81,text,true,,231,158,263,263,http://localhost:8079/?token=518504778&user=-1355064518&config=3,7837,0,0
1777922690971,7836,HTTP Request,200,OK,Config 3: Exp9 1-119,text,true,,231,158,263,263,http://localhost:8079/?token=518504778&user=-1355064518&config=3,7836,0,0
1777922690970,7837,HTTP Request,200,OK,Config 3: Exp9 1-48,text,true,,231,158,263,263,http://localhost:8079/?token=518504778&user=-1355064518&config=3,7837,0,0
1777922690971,7836,HTTP Request,200,OK,Config 3: Exp9 1-62,text,true,,231,158,263,263,http://localhost:8079/?token=518504778&user=-1355064518&config=3,7836,0,0
1777922690971,7836,HTTP Request,200,OK,Config 3: Exp9 1-174,text,true,,231,158,263,263,http://localhost:8079/?token=518504778&user=-1355064518&config=3,7836,0,0
1777922690971,7836,HTTP Request,200,OK,Config 3: Exp9 1-173,text,true,,231,158,263,263,http://localhost:8079/?token=518504778&user=-1355064518&config=3,7836,0,0
1777922690972,7836,HTTP Request,200,OK,Config 3: Exp9 1-13,text,true,,231,158,263,263,http://localhost:8079/?token=518504778&user=-1355064518&config=3,7836,0,0
1777922690972,7836,HTTP Request,200,OK,Config 3: Exp9 1-25,text,true,,231,158,263,263,http://localhost:8079/?token=518504778&user=-1355064518&config=3,7836,0,0
1777922690972,7836,HTTP Request,200,OK,Config 3: Exp9 1-26,text,true,,231,158,263,263,http://localhost:8079/?token=518504778&user=-1355064518&config=3,7836,0,0
1777922690972,7836,HTTP Request,200,OK,Config 3: Exp9 1-43,text,true,,231,158,263,263,http://localhost:8079/?token=518504778&user=-1355064518&config=3,7836,0,0
1777922690974,7834,HTTP Request,500,Internal Server Error,Config 3: Exp9 1-9,text,false,,233,158,263,263,http://localhost:8079/?token=518504778&user=-1355064518&config=3,7834,0,0
1777922690974,7834,HTTP Request,500,Internal Server Error,Config 3: Exp9 1-18,text,false,,233,158,263,263,http://localhost:8079/?token=518504778&user=-1355064518&config=3,7834,0,0
1777922690975,7833,HTTP Request,500,Internal Server Error,Config 3: Exp9 1-136,text,false,,233,158,263,263,http://localhost:8079/?token=518504778&user=-1355064518&config=3,7833,0,0
1777922690975,7833,HTTP Request,500,Internal Server Error,Config 3: Exp9 1-137,text,false,,233,158,263,263,http://localhost:8079/?token=518504778&user=-1355064518&config=3,7833,0,0
1777922690975,7833,HTTP Request,500,Internal Server Error,Config 3: Exp9 1-140,text,false,,233,158,263,263,http://localhost:8079/?token=518504778&user=-1355064518&config=3,7833,0,0
1777922690975,7834,HTTP Request,500,Internal Server Error,Config 3: Exp9 1-185,text,false,,233,158,263,263,http://localhost:8079/?token=518504778&user=-1355064518&config=3,7833,0,0
1777922690975,7834,HTTP Request,500,Internal Server Error,Config 3: Exp9 1-183,text,false,,233,158,263,263,http://localhost:8079/?token=518504778&user=-1355064518&config=3,7833,0,0
1777922690975,7834,HTTP Request,500,Internal Server Error,Config 3: Exp9 1-144,text,false,,233,158,263,263,http://localhost:8079/?token=518504778&user=-1355064518&config=3,7833,0,0
1777922690975,7834,HTTP Request,500,Internal Server Error,Config 3: Exp9 1-142,text,false,,233,158,263,263,http://localhost:8079/?token=518504778&user=-1355064518&config=3,7834,0,0
1777922690975,7834,HTTP Request,500,Internal Server Error,Config 3: Exp9 1-143,text,false,,233,158,263,263,http://localhost:8079/?token=518504778&user=-1355064518&config=3,7834,0,0
1777922690975,7834,HTTP Request,500,Internal Server Error,Config 3: Exp9 1-184,text,false,,233,158,263,263,http://localhost:8079/?token=518504778&user=-1355064518&config=3,7834,0,0
1777922691299,7510,HTTP Request,500,Internal Server Error,Config 3: Exp9 1-222,text,false,,233,158,263,263,http://localhost:8079/?token=518504778&user=-1355064518&config=3,7510,0,0
1777922691120,7689,HTTP Request,500,Internal Server Error,Config 3: Exp9 1-221,text,false,,233,158,263,263,http://localhost:8079/?token=518504778&user=-1355064518&config=3,7689,0,0
1777922692193,6616,HTTP Request,500,Internal Server Error,Config 3: Exp9 1-227,text,false,,233,158,263,263,http://localhost:8079/?token=518504778&user=-1355064518&config=3,6616,0,1
1777922691836,6973,HTTP Request,500,Internal Server Error,Config 3: Exp9 1-225,text,false,,233,158,263,263,http://localhost:8079/?token=518504778&user=-1355064518&config=3,6973,0,0
1777922690942,7868,HTTP Request,500,Internal Server Error,Config 3: Exp9 1-220,text,false,,233,158,263,263,http://localhost:8079/?token=518504778&user=-1355064518&config=3,7868,0,0
1777922692014,6795,HTTP Request,500,Internal Server Error,Config 3: Exp9 1-226,text,false,,233,158,263,263,http://localhost:8079/?token=518504778&user=-1355064518&config=3,6795,0,1
1777922691478,7331,HTTP Request,500,Internal Server Error,Config 3: Exp9 1-223,text,false,,233,158,263,263,http://localhost:8079/?token=518504778&user=-1355064518&config=3,7331,0,0
1777922692730,6079,HTTP Request,500,Internal Server Error,Config 3: Exp9 1-230,text,false,,233,158,263,263,http://localhost:8079/?token=518504778&user=-1355064518&config=3,6079,0,1
1777922692372,6437,HTTP Request,500,Internal Server Error,Config 3: Exp9 1-228,text,false,,233,158,263,263,http://localhost:8079/?token=518504778&user=-1355064518&config=3,6437,0,0
1777922691657,7152,HTTP Request,500,Internal Server Error,Config 3: Exp9 1-224,text,false,,233,158,263,263,http://localhost:8079/?token=518504778&user=-1355064518&config=3,7152,0,0
1777922692552,6257,HTTP Request,500,Internal Server Error,Config 3: Exp9 1-229,text,false,,233,158,263,263,http://localhost:8079/?token=518504778&user=-1355064518&config=3,6257,0,0
1777922693088,5721,HTTP Request,500,Internal Server Error,Config 3: Exp9 1-232,text,false,,233,158,263,263,http://localhost:8079/?token=518504778&user=-1355064518&config=3,5721,0,1
1777922693268,5541,HTTP Request,500,Internal Server Error,Config 3: Exp9 1-233,text,false,,233,158,263,263,http://localhost:8079/?token=518504778&user=-1355064518&config=3,5541,0,0
1777922693625,5184,HTTP Request,500,Internal Server Error,Config 3: Exp9 1-235,text,false,,233,158,263,263,http://localhost:8079/?token=518504778&user=-1355064518&config=3,5184,0,1
1777922693805,5004,HTTP Request,500,Internal Server Error,Config 3: Exp9 1-236,text,false,,233,158,263,263,http://localhost:8079/?token=518504778&user=-1355064518&config=3,5004,0,1
1777922693446,5364,HTTP Request,500,Internal Server Error,Config 3: Exp9 1-234,text,false,,233,158,263,263,http://localhost:8079/?token=518504778&user=-1355064518&config=3,5363,0,1
1777922693984,4826,HTTP Request,500,Internal Server Error,Config 3: Exp9 1-237,text,false,,233,158,263,263,http://localhost:8079/?token=518504778&user=-1355064518&config=3,4825,0,1
1777922694163,4647,HTTP Request,500,Internal Server Error,Config 3: Exp9 1-238,text,false,,233,158,263,263,http://localhost:8079/?token=518504778&user=-1355064518&config=3,4646,0,0
1777922694343,4467,HTTP Request,500,Internal Server Error,Config 3: Exp9 1-239,text,false,,233,158,263,263,http://localhost:8079/?token=518504778&user=-1355064518&config=3,4466,0,0
1777922692909,5901,HTTP Request,500,Internal Server Error,Config 3: Exp9 1-231,text,false,,233,158,263,263,http://localhost:8079/?token=518504778&user=-1355064518&config=3,5900,0,0
1777922690972,11443,HTTP Request,200,OK,Config 3: Exp9 1-77,text,true,,231,158,284,284,http://localhost:8079/?token=518504778&user=-1355064518&config=3,11443,0,0
1777922690972,11443,HTTP Request,200,OK,Config 3: Exp9 1-59,text,true,,231,158,284,284,http://localhost:8079/?token=518504778&user=-1355064518&config=3,11443,0,0
1777922690972,11443,HTTP Request,200,OK,Config 3: Exp9 1-178,text,true,,231,158,284,284,http://localhost:8079/?token=518504778&user=-1355064518&config=3,11443,0,0
1777922690972,11443,HTTP Request,200,OK,Config 3: Exp9 1-175,text,true,,231,158,284,284,http://localhost:8079/?token=518504778&user=-1355064518&config=3,11443,0,0
1777922690972,11443,HTTP Request,200,OK,Config 3: Exp9 1-60,text,true,,231,158,284,284,http://localhost:8079/?token=518504778&user=-1355064518&config=3,11443,0,0
1777922690972,11443,HTTP Request,200,OK,Config 3: Exp9 1-126,text,true,,231,158,284,284,http://localhost:8079/?token=518504778&user=-1355064518&config=3,11443,0,0
1777922690972,11443,HTTP Request,200,OK,Config 3: Exp9 1-76,text,true,,231,158,284,284,http://localhost:8079/?token=518504778&user=-1355064518&config=3,11443,0,0
1777922690972,11443,HTTP Request,200,OK,Config 3: Exp9 1-112,text,true,,231,158,284,284,http://localhost:8079/?token=518504778&user=-1355064518&config=3,11443,0,0
1777922690972,11443,HTTP Request,200,OK,Config 3: Exp9 1-109,text,true,,231,158,284,284,http://localhost:8079/?token=518504778&user=-1355064518&config=3,11443,0,0
1777922690974,11441,HTTP Request,200,OK,Config 3: Exp9 1-138,text,true,,231,158,284,284,http://localhost:8079/?token=518504778&user=-1355064518&config=3,11441,0,0
1777922690972,11443,HTTP Request,200,OK,Config 3: Exp9 1-180,text,true,,231,158,284,284,http://localhost:8079/?token=518504778&user=-1355064518&config=3,11443,0,0
1777922690972,11443,HTTP Request,200,OK,Config 3: Exp9 1-177,text,true,,231,158,284,284,http://localhost:8079/?token=518504778&user=-1355064518&config=3,11443,0,0
1777922690972,11443,HTTP Request,200,OK,Config 3: Exp9 1-93,text,true,,231,158,284,284,http://localhost:8079/?token=518504778&user=-1355064518&config=3,11443,0,0
1777922690972,11444,HTTP Request,200,OK,Config 3: Exp9 1-27,text,true,,231,158,284,284,http://localhost:8079/?token=518504778&user=-1355064518&config=3,11444,0,0
1777922690972,11444,HTTP Request,200,OK,Config 3: Exp9 1-111,text,true,,231,158,284,284,http://localhost:8079/?token=518504778&user=-1355064518&config=3,11444,0,0
1777922690974,11442,HTTP Request,200,OK,Config 3: Exp9 1-85,text,true,,231,158,284,284,http://localhost:8079/?token=518504778&user=-1355064518&config=3,11442,0,0
1777922690972,11444,HTTP Request,200,OK,Config 3: Exp9 1-94,text,true,,231,158,284,284,http://localhost:8079/?token=518504778&user=-1355064518&config=3,11444,0,0
1777922690972,11444,HTTP Request,200,OK,Config 3: Exp9 1-44,text,true,,231,158,284,284,http://localhost:8079/?token=518504778&user=-1355064518&config=3,11444,0,0
1777922690972,11444,HTTP Request,200,OK,Config 3: Exp9 1-110,text,true,,231,158,284,284,http://localhost:8079/?token=518504778&user=-1355064518&config=3,11444,0,0
1777922690974,11442,HTTP Request,200,OK,Config 3: Exp9 1-141,text,true,,231,158,284,284,http://localhost:8079/?token=518504778&user=-1355064518&config=3,11442,0,0
1777922690972,11444,HTTP Request,200,OK,Config 3: Exp9 1-127,text,true,,231,158,284,284,http://localhost:8079/?token=518504778&user=-1355064518&config=3,11444,0,0
1777922690974,11442,HTTP Request,200,OK,Config 3: Exp9 1-139,text,true,,231,158,284,284,http://localhost:8079/?token=518504778&user=-1355064518&config=3,11442,0,0
1777922690974,11442,HTTP Request,200,OK,Config 3: Exp9 1-181,text,true,,231,158,284,284,http://localhost:8079/?token=518504778&user=-1355064518&config=3,11442,0,0
1777922690974,11442,HTTP Request,200,OK,Config 3: Exp9 1-145,text,true,,231,158,284,284,http://localhost:8079/?token=518504778&user=-1355064518&config=3,11442,0,0
1777922690974,11442,HTTP Request,200,OK,Config 3: Exp9 1-182,text,true,,231,158,284,284,http://localhost:8079/?token=518504778&user=-1355064518&config=3,11442,0,0
1777922690974,11442,HTTP Request,200,OK,Config 3: Exp9 1-179,text,true,,231,158,284,284,http://localhost:8079/?token=518504778&user=-1355064518&config=3,11442,0,0
1777922690974,11442,HTTP Request,200,OK,Config 3: Exp9 1-186,text,true,,231,158,284,284,http://localhost:8079/?token=518504778&user=-1355064518&config=3,11442,0,0
1777922690974,11442,HTTP Request,200,OK,Config 3: Exp9 1-187,text,true,,231,158,284,284,http://localhost:8079/?token=518504778&user=-1355064518&config=3,11442,0,0
1777922690974,11442,HTTP Request,200,OK,Config 3: Exp9 1-188,text,true,,231,158,284,284,http://localhost:8079/?token=518504778&user=-1355064518&config=3,11442,0,0
1777922694470,9933,HTTP Request,200,OK,Config 3: Exp9 1-189,text,true,,231,158,295,295,http://localhost:8079/?token=518504778&user=-1355064518&config=3,9933,0,0
1777922694470,9934,HTTP Request,200,OK,Config 3: Exp9 1-2,text,true,,231,158,295,295,http://localhost:8079/?token=518504778&user=-1355064518&config=3,9934,0,0
1777922694471,9933,HTTP Request,200,OK,Config 3: Exp9 1-8,text,true,,231,158,295,295,http://localhost:8079/?token=518504778&user=-1355064518&config=3,9933,0,0
1777922694471,9933,HTTP Request,200,OK,Config 3: Exp9 1-6,text,true,,231,158,295,295,http://localhost:8079/?token=518504778&user=-1355064518&config=3,9933,0,0
1777922694471,9934,HTTP Request,200,OK,Config 3: Exp9 1-4,text,true,,231,158,295,295,http://localhost:8079/?token=518504778&user=-1355064518&config=3,9934,0,0
1777922694472,9933,HTTP Request,200,OK,Config 3: Exp9 1-15,text,true,,231,158,295,295,http://localhost:8079/?token=518504778&user=-1355064518&config=3,9933,0,0
1777922694471,9934,HTTP Request,200,OK,Config 3: Exp9 1-1,text,true,,231,158,295,295,http://localhost:8079/?token=518504778&user=-1355064518&config=3,9934,0,0
1777922694472,9933,HTTP Request,200,OK,Config 3: Exp9 1-16,text,true,,231,158,295,295,http://localhost:8079/?token=518504778&user=-1355064518&config=3,9933,0,0
1777922694472,9934,HTTP Request,200,OK,Config 3: Exp9 1-57,text,true,,231,158,295,295,http://localhost:8079/?token=518504778&user=-1355064518&config=3,9933,0,0
1777922694472,9934,HTTP Request,200,OK,Config 3: Exp9 1-20,text,true,,231,158,295,295,http://localhost:8079/?token=518504778&user=-1355064518&config=3,9933,0,0
1777922694472,9934,HTTP Request,200,OK,Config 3: Exp9 1-33,text,true,,231,158,295,295,http://localhost:8079/?token=518504778&user=-1355064518&config=3,9934,0,0
1777922694472,9934,HTTP Request,200,OK,Config 3: Exp9 1-66,text,true,,231,158,295,295,http://localhost:8079/?token=518504778&user=-1355064518&config=3,9934,0,0
1777922694472,9934,HTTP Request,200,OK,Config 3: Exp9 1-203,text,true,,231,158,295,295,http://localhost:8079/?token=518504778&user=-1355064518&config=3,9934,0,0
1777922694472,9935,HTTP Request,200,OK,Config 3: Exp9 1-22,text,true,,231,158,295,295,http://localhost:8079/?token=518504778&user=-1355064518&config=3,9935,0,0
1777922694472,9935,HTTP Request,200,OK,Config 3: Exp9 1-55,text,true,,231,158,295,295,http://localhost:8079/?token=518504778&user=-1355064518&config=3,9935,0,0
1777922694472,9935,HTTP Request,200,OK,Config 3: Exp9 1-34,text,true,,231,158,295,295,http://localhost:8079/?token=518504778&user=-1355064518&config=3,9935,0,0
1777922694473,9934,HTTP Request,200,OK,Config 3: Exp9 1-90,text,true,,231,158,295,295,http://localhost:8079/?token=518504778&user=-1355064518&config=3,9934,0,0
1777922694472,9935,HTTP Request,200,OK,Config 3: Exp9 1-70,text,true,,231,158,295,295,http://localhost:8079/?token=518504778&user=-1355064518&config=3,9935,0,0
1777922694472,9935,HTTP Request,200,OK,Config 3: Exp9 1-98,text,true,,231,158,295,295,http://localhost:8079/?token=518504778&user=-1355064518&config=3,9935,0,0
1777922694472,9935,HTTP Request,200,OK,Config 3: Exp9 1-73,text,true,,231,158,295,295,http://localhost:8079/?token=518504778&user=-1355064518&config=3,9935,0,0
1777922694472,9935,HTTP Request,200,OK,Config 3: Exp9 1-68,text,true,,231,158,295,295,http://localhost:8079/?token=518504778&user=-1355064518&config=3,9935,0,0
1777922694475,9932,HTTP Request,200,OK,Config 3: Exp9 1-39,text,true,,231,158,295,295,http://localhost:8079/?token=518504778&user=-1355064518&config=3,9932,0,0
1777922694474,9933,HTTP Request,200,OK,Config 3: Exp9 1-108,text,true,,231,158,295,295,http://localhost:8079/?token=518504778&user=-1355064518&config=3,9933,0,0
1777922694474,9933,HTTP Request,200,OK,Config 3: Exp9 1-105,text,true,,231,158,295,295,http://localhost:8079/?token=518504778&user=-1355064518&config=3,9933,0,0
1777922694475,9932,HTTP Request,200,OK,Config 3: Exp9 1-135,text,true,,231,158,295,295,http://localhost:8079/?token=518504778&user=-1355064518&config=3,9932,0,0
1777922694475,9932,HTTP Request,200,OK,Config 3: Exp9 1-123,text,true,,231,158,295,295,http://localhost:8079/?token=518504778&user=-1355064518&config=3,9932,0,0
1777922694475,9934,HTTP Request,200,OK,Config 3: Exp9 1-21,text,true,,231,158,295,295,http://localhost:8079/?token=518504778&user=-1355064518&config=3,9934,0,0
1777922694478,9931,HTTP Request,200,OK,Config 3: Exp9 1-19,text,true,,231,158,295,295,http://localhost:8079/?token=518504778&user=-1355064518&config=3,9931,0,0
1777922694475,9934,HTTP Request,200,OK,Config 3: Exp9 1-67,text,true,,231,158,295,295,http://localhost:8079/?token=518504778&user=-1355064518&config=3,9934,0,0
1777922694475,9934,HTTP Request,200,OK,Config 3: Exp9 1-69,text,true,,231,158,295,295,http://localhost:8079/?token=518504778&user=-1355064518&config=3,9934,0,0
1777922694474,9935,HTTP Request,200,OK,Config 3: Exp9 1-101,text,true,,231,158,295,295,http://localhost:8079/?token=518504778&user=-1355064518&config=3,9935,0,0
1777922694475,9934,HTTP Request,200,OK,Config 3: Exp9 1-161,text,true,,231,158,295,295,http://localhost:8079/?token=518504778&user=-1355064518&config=3,9934,0,0
1777922694475,9934,HTTP Request,200,OK,Config 3: Exp9 1-160,text,true,,231,158,295,295,http://localhost:8079/?token=518504778&user=-1355064518&config=3,9934,0,0
1777922694475,9934,HTTP Request,200,OK,Config 3: Exp9 1-167,text,true,,231,158,295,295,http://localhost:8079/?token=518504778&user=-1355064518&config=3,9934,0,0
1777922694475,9934,HTTP Request,200,OK,Config 3: Exp9 1-166,text,true,,231,158,295,295,http://localhost:8079/?token=518504778&user=-1355064518&config=3,9934,0,0
1777922694475,9934,HTTP Request,200,OK,Config 3: Exp9 1-38,text,true,,231,158,295,295,http://localhost:8079/?token=518504778&user=-1355064518&config=3,9934,0,0
1777922694475,9934,HTTP Request,200,OK,Config 3: Exp9 1-41,text,true,,231,158,295,295,http://localhost:8079/?token=518504778&user=-1355064518&config=3,9934,0,0
1777922694478,9931,HTTP Request,200,OK,Config 3: Exp9 1-32,text,true,,231,158,295,295,http://localhost:8079/?token=518504778&user=-1355064518&config=3,9931,0,0
1777922694474,9935,HTTP Request,200,OK,Config 3: Exp9 1-84,text,true,,231,158,295,295,http://localhost:8079/?token=518504778&user=-1355064518&config=3,9935,0,0
1777922694478,9931,HTTP Request,200,OK,Config 3: Exp9 1-133,text,true,,231,158,295,295,http://localhost:8079/?token=518504778&user=-1355064518&config=3,9931,0,0
1777922694474,9935,HTTP Request,200,OK,Config 3: Exp9 1-117,text,true,,231,158,295,295,http://localhost:8079/?token=518504778&user=-1355064518&config=3,9935,0,0
1777922694474,9935,HTTP Request,200,OK,Config 3: Exp9 1-100,text,true,,231,158,295,295,http://localhost:8079/?token=518504778&user=-1355064518&config=3,9935,0,0
1777922694475,9934,HTTP Request,200,OK,Config 3: Exp9 1-88,text,true,,231,158,295,295,http://localhost:8079/?token=518504778&user=-1355064518&config=3,9934,0,0
1777922694473,9936,HTTP Request,200,OK,Config 3: Exp9 1-87,text,true,,231,158,295,295,http://localhost:8079/?token=518504778&user=-1355064518&config=3,9936,0,0
1777922694475,9934,HTTP Request,200,OK,Config 3: Exp9 1-89,text,true,,231,158,295,295,http://localhost:8079/?token=518504778&user=-1355064518&config=3,9934,0,0
1777922694472,9937,HTTP Request,200,OK,Config 3: Exp9 1-17,text,true,,231,158,295,295,http://localhost:8079/?token=518504778&user=-1355064518&config=3,9937,0,0
1777922694478,9931,HTTP Request,200,OK,Config 3: Exp9 1-51,text,true,,231,158,295,295,http://localhost:8079/?token=518504778&user=-1355064518&config=3,9931,0,0
1777922694478,9931,HTTP Request,200,OK,Config 3: Exp9 1-50,text,true,,231,158,295,295,http://localhost:8079/?token=518504778&user=-1355064518&config=3,9931,0,0
1777922694478,9931,HTTP Request,200,OK,Config 3: Exp9 1-71,text,true,,231,158,295,295,http://localhost:8079/?token=518504778&user=-1355064518&config=3,9931,0,0
1777922694478,9931,HTTP Request,200,OK,Config 3: Exp9 1-3,text,true,,231,158,295,295,http://localhost:8079/?token=518504778&user=-1355064518&config=3,9931,0,0
1777922698115,6296,HTTP Request,500,Internal Server Error,Config 3: Exp9 1-5,text,false,,233,158,295,295,http://localhost:8079/?token=518504778&user=-1355064518&config=3,6296,0,0
1777922694478,9932,HTTP Request,200,OK,Config 3: Exp9 1-83,text,true,,231,158,295,295,http://localhost:8079/?token=518504778&user=-1355064518&config=3,9932,0,0
1777922694478,9932,HTTP Request,200,OK,Config 3: Exp9 1-86,text,true,,231,158,295,295,http://localhost:8079/?token=518504778&user=-1355064518&config=3,9932,0,0
1777922694478,9932,HTTP Request,200,OK,Config 3: Exp9 1-102,text,true,,231,158,295,295,http://localhost:8079/?token=518504778&user=-1355064518&config=3,9932,0,0
1777922694478,9932,HTTP Request,200,OK,Config 3: Exp9 1-164,text,true,,231,158,295,295,http://localhost:8079/?token=518504778&user=-1355064518&config=3,9932,0,0
1777922694478,9932,HTTP Request,200,OK,Config 3: Exp9 1-134,text,true,,231,158,295,295,http://localhost:8079/?token=518504778&user=-1355064518&config=3,9932,0,0
1777922694478,9932,HTTP Request,200,OK,Config 3: Exp9 1-168,text,true,,231,158,295,295,http://localhost:8079/?token=518504778&user=-1355064518&config=3,9932,0,0
1777922698114,6297,HTTP Request,500,Internal Server Error,Config 3: Exp9 1-196,text,false,,233,158,295,295,http://localhost:8079/?token=518504778&user=-1355064518&config=3,6297,0,0
1777922698114,6297,HTTP Request,500,Internal Server Error,Config 3: Exp9 1-195,text,false,,233,158,295,295,http://localhost:8079/?token=518504778&user=-1355064518&config=3,6297,0,0
1777922698115,6296,HTTP Request,500,Internal Server Error,Config 3: Exp9 1-156,text,false,,233,158,295,295,http://localhost:8079/?token=518504778&user=-1355064518&config=3,6296,0,0
1777922698114,6297,HTTP Request,500,Internal Server Error,Config 3: Exp9 1-197,text,false,,233,158,295,295,http://localhost:8079/?token=518504778&user=-1355064518&config=3,6297,0,0
1777922698116,6295,HTTP Request,500,Internal Server Error,Config 3: Exp9 1-149,text,false,,233,158,295,295,http://localhost:8079/?token=518504778&user=-1355064518&config=3,6295,0,0
1777922698116,6295,HTTP Request,500,Internal Server Error,Config 3: Exp9 1-201,text,false,,233,158,295,295,http://localhost:8079/?token=518504778&user=-1355064518&config=3,6295,0,0
1777922694479,9931,HTTP Request,200,OK,Config 3: Exp9 1-206,text,true,,231,158,295,295,http://localhost:8079/?token=518504778&user=-1355064518&config=3,9931,0,0
1777922698116,6295,HTTP Request,500,Internal Server Error,Config 3: Exp9 1-158,text,false,,233,158,295,295,http://localhost:8079/?token=518504778&user=-1355064518&config=3,6295,0,0
1777922698114,6297,HTTP Request,500,Internal Server Error,Config 3: Exp9 1-191,text,false,,233,158,295,295,http://localhost:8079/?token=518504778&user=-1355064518&config=3,6297,0,0
1777922698116,6295,HTTP Request,500,Internal Server Error,Config 3: Exp9 1-157,text,false,,233,158,295,295,http://localhost:8079/?token=518504778&user=-1355064518&config=3,6295,0,0
1777922698114,6297,HTTP Request,500,Internal Server Error,Config 3: Exp9 1-193,text,false,,233,158,295,295,http://localhost:8079/?token=518504778&user=-1355064518&config=3,6297,0,0
1777922694479,9931,HTTP Request,200,OK,Config 3: Exp9 1-208,text,true,,231,158,295,295,http://localhost:8079/?token=518504778&user=-1355064518&config=3,9931,0,0
1777922694479,9932,HTTP Request,200,OK,Config 3: Exp9 1-129,text,true,,231,158,295,295,http://localhost:8079/?token=518504778&user=-1355064518&config=3,9932,0,0
1777922698660,5756,HTTP Request,500,Internal Server Error,Config 3: Exp9 1-121,text,false,,233,158,295,295,http://localhost:8079/?token=518504778&user=-1355064518&config=3,5755,0,0
1777922698659,5757,HTTP Request,500,Internal Server Error,Config 3: Exp9 1-52,text,false,,233,158,295,295,http://localhost:8079/?token=518504778&user=-1355064518&config=3,5757,0,0
1777922698659,5757,HTTP Request,500,Internal Server Error,Config 3: Exp9 1-106,text,false,,233,158,295,295,http://localhost:8079/?token=518504778&user=-1355064518&config=3,5757,0,0
1777922698280,6136,HTTP Request,500,Internal Server Error,Config 3: Exp9 1-261,text,false,,233,158,295,295,http://localhost:8079/?token=518504778&user=-1355064518&config=3,6136,0,1
1777922698460,5956,HTTP Request,500,Internal Server Error,Config 3: Exp9 1-262,text,false,,233,158,295,295,http://localhost:8079/?token=518504778&user=-1355064518&config=3,5956,0,0
1777922698660,5756,HTTP Request,500,Internal Server Error,Config 3: Exp9 1-103,text,false,,233,158,295,295,http://localhost:8079/?token=518504778&user=-1355064518&config=3,5756,0,0
1777922698115,6301,HTTP Request,500,Internal Server Error,Config 3: Exp9 1-148,text,false,,233,158,295,295,http://localhost:8079/?token=518504778&user=-1355064518&config=3,6301,0,0
1777922698659,5757,HTTP Request,500,Internal Server Error,Config 3: Exp9 1-120,text,false,,233,158,295,295,http://localhost:8079/?token=518504778&user=-1355064518&config=3,5757,0,0
1777922698659,5757,HTTP Request,500,Internal Server Error,Config 3: Exp9 1-159,text,false,,233,158,295,295,http://localhost:8079/?token=518504778&user=-1355064518&config=3,5757,0,0
1777922698659,5757,HTTP Request,500,Internal Server Error,Config 3: Exp9 1-165,text,false,,233,158,295,295,http://localhost:8079/?token=518504778&user=-1355064518&config=3,5757,0,0
1777922698116,6300,HTTP Request,500,Internal Server Error,Config 3: Exp9 1-202,text,false,,233,158,295,295,http://localhost:8079/?token=518504778&user=-1355064518&config=3,6300,0,0
1777922698116,6300,HTTP Request,500,Internal Server Error,Config 3: Exp9 1-198,text,false,,233,158,295,295,http://localhost:8079/?token=518504778&user=-1355064518&config=3,6300,0,0
1777922698101,6315,HTTP Request,500,Internal Server Error,Config 3: Exp9 1-260,text,false,,233,158,295,295,http://localhost:8079/?token=518504778&user=-1355064518&config=3,6315,0,0
1777922698659,5757,HTTP Request,500,Internal Server Error,Config 3: Exp9 1-163,text,false,,233,158,295,295,http://localhost:8079/?token=518504778&user=-1355064518&config=3,5757,0,0
1777922698660,5756,HTTP Request,500,Internal Server Error,Config 3: Exp9 1-49,text,false,,233,158,295,295,http://localhost:8079/?token=518504778&user=-1355064518&config=3,5756,0,0
1777922698660,5756,HTTP Request,500,Internal Server Error,Config 3: Exp9 1-37,text,false,,233,158,295,295,http://localhost:8079/?token=518504778&user=-1355064518&config=3,5756,0,0
1777922698660,5756,HTTP Request,500,Internal Server Error,Config 3: Exp9 1-35,text,false,,233,158,295,295,http://localhost:8079/?token=518504778&user=-1355064518&config=3,5756,0,0
1777922698660,5756,HTTP Request,500,Internal Server Error,Config 3: Exp9 1-118,text,false,,233,158,295,295,http://localhost:8079/?token=518504778&user=-1355064518&config=3,5756,0,0
1777922698660,5756,HTTP Request,500,Internal Server Error,Config 3: Exp9 1-162,text,false,,233,158,295,295,http://localhost:8079/?token=518504778&user=-1355064518&config=3,5756,0,0
1777922698638,5778,HTTP Request,500,Internal Server Error,Config 3: Exp9 1-263,text,false,,233,158,295,295,http://localhost:8079/?token=518504778&user=-1355064518&config=3,5778,0,0
1777922694479,13734,HTTP Request,200,OK,Config 3: Exp9 1-204,text,true,,231,158,316,316,http://localhost:8079/?token=518504778&user=-1355064518&config=3,13734,0,0
1777922694479,13734,HTTP Request,200,OK,Config 3: Exp9 1-128,text,true,,231,158,316,316,http://localhost:8079/?token=518504778&user=-1355064518&config=3,13734,0,0
1777922694479,13734,HTTP Request,200,OK,Config 3: Exp9 1-131,text,true,,231,158,316,316,http://localhost:8079/?token=518504778&user=-1355064518&config=3,13734,0,0
1777922694480,13733,HTTP Request,200,OK,Config 3: Exp9 1-216,text,true,,231,158,316,316,http://localhost:8079/?token=518504778&user=-1355064518&config=3,13733,0,0
1777922694480,13733,HTTP Request,200,OK,Config 3: Exp9 1-217,text,true,,231,158,316,316,http://localhost:8079/?token=518504778&user=-1355064518&config=3,13733,0,0
1777922694480,13733,HTTP Request,200,OK,Config 3: Exp9 1-215,text,true,,231,158,316,316,http://localhost:8079/?token=518504778&user=-1355064518&config=3,13733,0,0
1777922694479,13735,HTTP Request,200,OK,Config 3: Exp9 1-130,text,true,,231,158,316,316,http://localhost:8079/?token=518504778&user=-1355064518&config=3,13735,0,0
1777922694479,13735,HTTP Request,200,OK,Config 3: Exp9 1-210,text,true,,231,158,316,316,http://localhost:8079/?token=518504778&user=-1355064518&config=3,13735,0,0
1777922694480,13734,HTTP Request,200,OK,Config 3: Exp9 1-218,text,true,,231,158,316,316,http://localhost:8079/?token=518504778&user=-1355064518&config=3,13734,0,1
1777922694479,13735,HTTP Request,200,OK,Config 3: Exp9 1-207,text,true,,231,158,316,316,http://localhost:8079/?token=518504778&user=-1355064518&config=3,13735,0,0
1777922694479,13735,HTTP Request,200,OK,Config 3: Exp9 1-172,text,true,,231,158,316,316,http://localhost:8079/?token=518504778&user=-1355064518&config=3,13735,0,0
1777922694479,13735,HTTP Request,200,OK,Config 3: Exp9 1-95,text,true,,231,158,316,316,http://localhost:8079/?token=518504778&user=-1355064518&config=3,13735,0,0
1777922694479,13735,HTTP Request,200,OK,Config 3: Exp9 1-170,text,true,,231,158,316,316,http://localhost:8079/?token=518504778&user=-1355064518&config=3,13735,0,0
1777922694479,13735,HTTP Request,200,OK,Config 3: Exp9 1-205,text,true,,231,158,316,316,http://localhost:8079/?token=518504778&user=-1355064518&config=3,13735,0,0
1777922695058,13157,HTTP Request,200,OK,Config 3: Exp9 1-243,text,true,,231,158,316,316,http://localhost:8079/?token=518504778&user=-1355064518&config=3,13157,0,0
1777922695237,12978,HTTP Request,200,OK,Config 3: Exp9 1-244,text,true,,231,158,316,316,http://localhost:8079/?token=518504778&user=-1355064518&config=3,12978,0,0
1777922694479,13736,HTTP Request,200,OK,Config 3: Exp9 1-212,text,true,,231,158,316,316,http://localhost:8079/?token=518504778&user=-1355064518&config=3,13736,0,0
1777922694480,13735,HTTP Request,200,OK,Config 3: Exp9 1-171,text,true,,231,158,316,316,http://localhost:8079/?token=518504778&user=-1355064518&config=3,13735,0,0
1777922694479,13736,HTTP Request,200,OK,Config 3: Exp9 1-211,text,true,,231,158,316,316,http://localhost:8079/?token=518504778&user=-1355064518&config=3,13736,0,0
1777922694479,13736,HTTP Request,200,OK,Config 3: Exp9 1-214,text,true,,231,158,316,316,http://localhost:8079/?token=518504778&user=-1355064518&config=3,13736,0,0
1777922695415,12800,HTTP Request,200,OK,Config 3: Exp9 1-245,text,true,,231,158,316,316,http://localhost:8079/?token=518504778&user=-1355064518&config=3,12800,0,1
1777922694480,13735,HTTP Request,200,OK,Config 3: Exp9 1-45,text,true,,231,158,316,316,http://localhost:8079/?token=518504778&user=-1355064518&config=3,13735,0,0
1777922694480,13735,HTTP Request,200,OK,Config 3: Exp9 1-28,text,true,,231,158,316,316,http://localhost:8079/?token=518504778&user=-1355064518&config=3,13735,0,0
1777922694479,13736,HTTP Request,200,OK,Config 3: Exp9 1-209,text,true,,231,158,316,316,http://localhost:8079/?token=518504778&user=-1355064518&config=3,13736,0,0
1777922694480,13735,HTTP Request,200,OK,Config 3: Exp9 1-219,text,true,,231,158,316,316,http://localhost:8079/?token=518504778&user=-1355064518&config=3,13735,0,1
1777922694699,13516,HTTP Request,200,OK,Config 3: Exp9 1-241,text,true,,231,158,316,316,http://localhost:8079/?token=518504778&user=-1355064518&config=3,13516,0,1
1777922694521,13694,HTTP Request,200,OK,Config 3: Exp9 1-240,text,true,,231,158,316,316,http://localhost:8079/?token=518504778&user=-1355064518&config=3,13694,0,0
1777922694480,13736,HTTP Request,200,OK,Config 3: Exp9 1-11,text,true,,231,158,316,316,http://localhost:8079/?token=518504778&user=-1355064518&config=3,13736,0,0
1777922694479,13737,HTTP Request,200,OK,Config 3: Exp9 1-213,text,true,,231,158,316,316,http://localhost:8079/?token=518504778&user=-1355064518&config=3,13737,0,0
1777922694480,13736,HTTP Request,200,OK,Config 3: Exp9 1-61,text,true,,231,158,316,316,http://localhost:8079/?token=518504778&user=-1355064518&config=3,13736,0,0
1777922694480,13736,HTTP Request,200,OK,Config 3: Exp9 1-78,text,true,,231,158,316,316,http://localhost:8079/?token=518504778&user=-1355064518&config=3,13736,0,0
1777922694480,13736,HTTP Request,200,OK,Config 3: Exp9 1-169,text,true,,231,158,316,316,http://localhost:8079/?token=518504778&user=-1355064518&config=3,13736,0,0
1777922694480,13736,HTTP Request,200,OK,Config 3: Exp9 1-132,text,true,,231,158,316,316,http://localhost:8079/?token=518504778&user=-1355064518&config=3,13736,0,0
1777922694878,13339,HTTP Request,200,OK,Config 3: Exp9 1-242,text,true,,231,158,316,316,http://localhost:8079/?token=518504778&user=-1355064518&config=3,13339,0,0
1777922698114,10105,HTTP Request,200,OK,Config 3: Exp9 1-122,text,true,,231,158,316,316,http://localhost:8079/?token=518504778&user=-1355064518&config=3,10105,0,0
1777922695595,12623,HTTP Request,200,OK,Config 3: Exp9 1-246,text,true,,231,158,316,316,http://localhost:8079/?token=518504778&user=-1355064518&config=3,12623,0,0
1777922695774,12444,HTTP Request,200,OK,Config 3: Exp9 1-247,text,true,,231,158,316,316,http://localhost:8079/?token=518504778&user=-1355064518&config=3,12444,0,0
1777922697028,11191,HTTP Request,200,OK,Config 3: Exp9 1-254,text,true,,231,158,316,316,http://localhost:8079/?token=518504778&user=-1355064518&config=3,11191,0,1
1777922697385,10834,HTTP Request,200,OK,Config 3: Exp9 1-256,text,true,,231,158,316,316,http://localhost:8079/?token=518504778&user=-1355064518&config=3,10834,0,1
1777922697207,11012,HTTP Request,200,OK,Config 3: Exp9 1-255,text,true,,231,158,316,316,http://localhost:8079/?token=518504778&user=-1355064518&config=3,11012,0,1
1777922698114,10105,HTTP Request,200,OK,Config 3: Exp9 1-151,text,true,,231,158,316,316,http://localhost:8079/?token=518504778&user=-1355064518&config=3,10105,0,0
1777922698114,10105,HTTP Request,200,OK,Config 3: Exp9 1-150,text,true,,231,158,316,316,http://localhost:8079/?token=518504778&user=-1355064518&config=3,10105,0,0
1777922696669,11550,HTTP Request,200,OK,Config 3: Exp9 1-252,text,true,,231,158,316,316,http://localhost:8079/?token=518504778&user=-1355064518&config=3,11550,0,0
1777922696850,11369,HTTP Request,200,OK,Config 3: Exp9 1-253,text,true,,231,158,316,316,http://localhost:8079/?token=518504778&user=-1355064518&config=3,11369,0,0
1777922696311,11908,HTTP Request,200,OK,Config 3: Exp9 1-250,text,true,,231,158,316,316,http://localhost:8079/?token=518504778&user=-1355064518&config=3,11908,0,1
1777922695952,12266,HTTP Request,200,OK,Config 3: Exp9 1-248,text,true,,231,158,316,316,http://localhost:8079/?token=518504778&user=-1355064518&config=3,12266,0,1
1777922696133,12086,HTTP Request,200,OK,Config 3: Exp9 1-249,text,true,,231,158,316,316,http://localhost:8079/?token=518504778&user=-1355064518&config=3,12086,0,0
1777922696490,11729,HTTP Request,200,OK,Config 3: Exp9 1-251,text,true,,231,158,316,316,http://localhost:8079/?token=518504778&user=-1355064518&config=3,11729,0,1
1777922698115,10105,HTTP Request,200,OK,Config 3: Exp9 1-72,text,true,,231,158,316,316,http://localhost:8079/?token=518504778&user=-1355064518&config=3,10105,0,0
1777922698116,10104,HTTP Request,200,OK,Config 3: Exp9 1-155,text,true,,231,158,316,316,http://localhost:8079/?token=518504778&user=-1355064518&config=3,10104,0,0
1777922698114,10106,HTTP Request,200,OK,Config 3: Exp9 1-190,text,true,,231,158,316,316,http://localhost:8079/?token=518504778&user=-1355064518&config=3,10106,0,0
1777922698114,10106,HTTP Request,200,OK,Config 3: Exp9 1-147,text,true,,231,158,316,316,http://localhost:8079/?token=518504778&user=-1355064518&config=3,10106,0,0
1777922698115,10105,HTTP Request,200,OK,Config 3: Exp9 1-146,text,true,,231,158,316,316,http://localhost:8079/?token=518504778&user=-1355064518&config=3,10105,0,0
1777922698114,10106,HTTP Request,200,OK,Config 3: Exp9 1-154,text,true,,231,158,316,316,http://localhost:8079/?token=518504778&user=-1355064518&config=3,10106,0,0
1777922698114,10106,HTTP Request,200,OK,Config 3: Exp9 1-152,text,true,,231,158,316,316,http://localhost:8079/?token=518504778&user=-1355064518&config=3,10106,0,0
1777922698114,10106,HTTP Request,200,OK,Config 3: Exp9 1-194,text,true,,231,158,316,316,http://localhost:8079/?token=518504778&user=-1355064518&config=3,10106,0,0
1777922698114,10106,HTTP Request,200,OK,Config 3: Exp9 1-192,text,true,,231,158,316,316,http://localhost:8079/?token=518504778&user=-1355064518&config=3,10106,0,0
1777922698114,10106,HTTP Request,200,OK,Config 3: Exp9 1-153,text,true,,231,158,316,316,http://localhost:8079/?token=518504778&user=-1355064518&config=3,10106,0,0
1777922697922,10298,HTTP Request,200,OK,Config 3: Exp9 1-259,text,true,,231,158,316,316,http://localhost:8079/?token=518504778&user=-1355064518&config=3,10298,0,1
1777922698116,10104,HTTP Request,200,OK,Config 3: Exp9 1-199,text,true,,231,158,316,316,http://localhost:8079/?token=518504778&user=-1355064518&config=3,10104,0,0
1777922697565,10655,HTTP Request,200,OK,Config 3: Exp9 1-257,text,true,,231,158,316,316,http://localhost:8079/?token=518504778&user=-1355064518&config=3,10655,0,1
1777922697744,10476,HTTP Request,200,OK,Config 3: Exp9 1-258,text,true,,231,158,316,316,http://localhost:8079/?token=518504778&user=-1355064518&config=3,10476,0,1
1777922698116,10104,HTTP Request,200,OK,Config 3: Exp9 1-200,text,true,,231,158,316,316,http://localhost:8079/?token=518504778&user=-1355064518&config=3,10104,0,0
1777922698804,11605,HTTP Request,200,OK,Config 3: Exp9 1-107,text,true,,231,158,328,328,http://localhost:8079/?token=518504778&user=-1355064518&config=3,11605,0,0
1777922698804,11605,HTTP Request,200,OK,Config 3: Exp9 1-92,text,true,,231,158,328,328,http://localhost:8079/?token=518504778&user=-1355064518&config=3,11605,0,0
1777922698804,11606,HTTP Request,200,OK,Config 3: Exp9 1-91,text,true,,231,158,328,328,http://localhost:8079/?token=518504778&user=-1355064518&config=3,11606,0,0
1777922698804,11605,HTTP Request,200,OK,Config 3: Exp9 1-58,text,true,,231,158,328,328,http://localhost:8079/?token=518504778&user=-1355064518&config=3,11605,0,0
1777922698804,11606,HTTP Request,200,OK,Config 3: Exp9 1-40,text,true,,231,158,328,328,http://localhost:8079/?token=518504778&user=-1355064518&config=3,11606,0,0
1777922698804,11606,HTTP Request,200,OK,Config 3: Exp9 1-116,text,true,,231,158,328,328,http://localhost:8079/?token=518504778&user=-1355064518&config=3,11606,0,0
1777922698804,11606,HTTP Request,200,OK,Config 3: Exp9 1-124,text,true,,231,158,328,328,http://localhost:8079/?token=518504778&user=-1355064518&config=3,11606,0,0
1777922698804,11606,HTTP Request,200,OK,Config 3: Exp9 1-74,text,true,,231,158,328,328,http://localhost:8079/?token=518504778&user=-1355064518&config=3,11606,0,0
1777922698804,11606,HTTP Request,200,OK,Config 3: Exp9 1-80,text,true,,231,158,328,328,http://localhost:8079/?token=518504778&user=-1355064518&config=3,11606,0,0
1777922698804,11606,HTTP Request,200,OK,Config 3: Exp9 1-24,text,true,,231,158,328,328,http://localhost:8079/?token=518504778&user=-1355064518&config=3,11606,0,0
1777922698804,11606,HTTP Request,200,OK,Config 3: Exp9 1-125,text,true,,231,158,328,328,http://localhost:8079/?token=518504778&user=-1355064518&config=3,11606,0,0
1777922698804,11609,HTTP Request,200,OK,Config 3: Exp9 1-56,text,true,,231,158,328,328,http://localhost:8079/?token=518504778&user=-1355064518&config=3,11609,0,0
1777922698805,11608,HTTP Request,200,OK,Config 3: Exp9 1-97,text,true,,231,158,328,328,http://localhost:8079/?token=518504778&user=-1355064518&config=3,11608,0,0
1777922698804,11610,HTTP Request,200,OK,Config 3: Exp9 1-7,text,true,,231,158,328,328,http://localhost:8079/?token=518504778&user=-1355064518&config=3,11610,0,0
1777922698804,11610,HTTP Request,200,OK,Config 3: Exp9 1-99,text,true,,231,158,328,328,http://localhost:8079/?token=518504778&user=-1355064518&config=3,11610,0,0
1777922698804,11610,HTTP Request,200,OK,Config 3: Exp9 1-75,text,true,,231,158,328,328,http://localhost:8079/?token=518504778&user=-1355064518&config=3,11610,0,0
1777922698804,11610,HTTP Request,200,OK,Config 3: Exp9 1-82,text,true,,231,158,328,328,http://localhost:8079/?token=518504778&user=-1355064518&config=3,11610,0,0
1777922698804,11610,HTTP Request,200,OK,Config 3: Exp9 1-23,text,true,,231,158,328,328,http://localhost:8079/?token=518504778&user=-1355064518&config=3,11610,0,0
1777922698807,11607,HTTP Request,200,OK,Config 3: Exp9 1-42,text,true,,231,158,328,328,http://localhost:8079/?token=518504778&user=-1355064518&config=3,11607,0,0
1777922698807,11607,HTTP Request,200,OK,Config 3: Exp9 1-12,text,true,,231,158,328,328,http://localhost:8079/?token=518504778&user=-1355064518&config=3,11607,0,0
1777922698806,11608,HTTP Request,200,OK,Config 3: Exp9 1-30,text,true,,231,158,328,328,http://localhost:8079/?token=518504778&user=-1355064518&config=3,11608,0,0
1777922698806,11608,HTTP Request,200,OK,Config 3: Exp9 1-10,text,true,,231,158,328,328,http://localhost:8079/?token=518504778&user=-1355064518&config=3,11608,0,0
1777922698805,11609,HTTP Request,200,OK,Config 3: Exp9 1-36,text,true,,231,158,328,328,http://localhost:8079/?token=518504778&user=-1355064518&config=3,11609,0,0
1777922698805,11609,HTTP Request,200,OK,Config 3: Exp9 1-31,text,true,,231,158,328,328,http://localhost:8079/?token=518504778&user=-1355064518&config=3,11609,0,0
1777922698805,11610,HTTP Request,200,OK,Config 3: Exp9 1-104,text,true,,231,158,328,328,http://localhost:8079/?token=518504778&user=-1355064518&config=3,11610,0,0
1777922698806,11609,HTTP Request,200,OK,Config 3: Exp9 1-79,text,true,,231,158,328,328,http://localhost:8079/?token=518504778&user=-1355064518&config=3,11609,0,0
1777922698807,11608,HTTP Request,200,OK,Config 3: Exp9 1-114,text,true,,231,158,328,328,http://localhost:8079/?token=518504778&user=-1355064518&config=3,11608,0,0
1777922698804,11611,HTTP Request,200,OK,Config 3: Exp9 1-65,text,true,,231,158,328,328,http://localhost:8079/?token=518504778&user=-1355064518&config=3,11611,0,0
1777922698807,11608,HTTP Request,200,OK,Config 3: Exp9 1-47,text,true,,231,158,328,328,http://localhost:8079/?token=518504778&user=-1355064518&config=3,11608,0,0
1777922698807,11608,HTTP Request,200,OK,Config 3: Exp9 1-64,text,true,,231,158,328,328,http://localhost:8079/?token=518504778&user=-1355064518&config=3,11608,0,0
1777922698806,11609,HTTP Request,200,OK,Config 3: Exp9 1-54,text,true,,231,158,328,328,http://localhost:8079/?token=518504778&user=-1355064518&config=3,11609,0,0
1777922698806,11609,HTTP Request,200,OK,Config 3: Exp9 1-53,text,true,,231,158,328,328,http://localhost:8079/?token=518504778&user=-1355064518&config=3,11609,0,0
1777922698806,11609,HTTP Request,200,OK,Config 3: Exp9 1-113,text,true,,231,158,328,328,http://localhost:8079/?token=518504778&user=-1355064518&config=3,11609,0,0
1777922698806,11608,HTTP Request,200,OK,Config 3: Exp9 1-63,text,true,,231,158,328,328,http://localhost:8079/?token=518504778&user=-1355064518&config=3,11608,0,0
1777922698806,11609,HTTP Request,200,OK,Config 3: Exp9 1-176,text,true,,231,158,328,328,http://localhost:8079/?token=518504778&user=-1355064518&config=3,11609,0,0
1777922698807,11607,HTTP Request,200,OK,Config 3: Exp9 1-46,text,true,,231,158,328,328,http://localhost:8079/?token=518504778&user=-1355064518&config=3,11607,0,0
1777922698806,11608,HTTP Request,200,OK,Config 3: Exp9 1-29,text,true,,231,158,328,328,http://localhost:8079/?token=518504778&user=-1355064518&config=3,11608,0,0
1777922698808,11608,HTTP Request,200,OK,Config 3: Exp9 1-13,text,true,,231,158,328,328,http://localhost:8079/?token=518504778&user=-1355064518&config=3,11608,0,0
1777922698807,11609,HTTP Request,200,OK,Config 3: Exp9 1-14,text,true,,231,158,328,328,http://localhost:8079/?token=518504778&user=-1355064518&config=3,11609,0,0
1777922698808,11608,HTTP Request,200,OK,Config 3: Exp9 1-25,text,true,,231,158,328,328,http://localhost:8079/?token=518504778&user=-1355064518&config=3,11608,0,0
1777922698808,11608,HTTP Request,200,OK,Config 3: Exp9 1-26,text,true,,231,158,328,328,http://localhost:8079/?token=518504778&user=-1355064518&config=3,11608,0,0
1777922698808,11608,HTTP Request,200,OK,Config 3: Exp9 1-62,text,true,,231,158,328,328,http://localhost:8079/?token=518504778&user=-1355064518&config=3,11608,0,0
1777922698807,11609,HTTP Request,200,OK,Config 3: Exp9 1-48,text,true,,231,158,328,328,http://localhost:8079/?token=518504778&user=-1355064518&config=3,11609,0,0
1777922698807,11609,HTTP Request,200,OK,Config 3: Exp9 1-81,text,true,,231,158,328,328,http://localhost:8079/?token=518504778&user=-1355064518&config=3,11609,0,0
1777922698807,11609,HTTP Request,200,OK,Config 3: Exp9 1-96,text,true,,231,158,328,328,http://localhost:8079/?token=518504778&user=-1355064518&config=3,11609,0,0
1777922698807,11609,HTTP Request,200,OK,Config 3: Exp9 1-115,text,true,,231,158,328,328,http://localhost:8079/?token=518504778&user=-1355064518&config=3,11609,0,0
1777922698807,11609,HTTP Request,200,OK,Config 3: Exp9 1-119,text,true,,231,158,328,328,http://localhost:8079/?token=518504778&user=-1355064518&config=3,11609,0,0
1777922698808,11608,HTTP Request,200,OK,Config 3: Exp9 1-173,text,true,,231,158,328,328,http://localhost:8079/?token=518504778&user=-1355064518&config=3,11608,0,0
1777922698808,11608,HTTP Request,200,OK,Config 3: Exp9 1-174,text,true,,231,158,328,328,http://localhost:8079/?token=518504778&user=-1355064518&config=3,11608,0,0
1777922702415,8001,HTTP Request,500,Internal Server Error,Config 3: Exp9 1-175,text,false,,233,158,328,328,http://localhost:8079/?token=518504778&user=-1355064518&config=3,8001,0,0
1777922702416,8000,HTTP Request,500,Internal Server Error,Config 3: Exp9 1-180,text,false,,233,158,328,328,http://localhost:8079/?token=518504778&user=-1355064518&config=3,8000,0,0
1777922702416,8001,HTTP Request,500,Internal Server Error,Config 3: Exp9 1-44,text,false,,233,158,328,328,http://localhost:8079/?token=518504778&user=-1355064518&config=3,8001,0,0
1777922702416,8001,HTTP Request,500,Internal Server Error,Config 3: Exp9 1-111,text,false,,233,158,328,328,http://localhost:8079/?token=518504778&user=-1355064518&config=3,8001,0,0
1777922702416,8001,HTTP Request,500,Internal Server Error,Config 3: Exp9 1-94,text,false,,233,158,328,328,http://localhost:8079/?token=518504778&user=-1355064518&config=3,8001,0,0
1777922702416,8001,HTTP Request,500,Internal Server Error,Config 3: Exp9 1-177,text,false,,233,158,328,328,http://localhost:8079/?token=518504778&user=-1355064518&config=3,8001,0,0
1777922702416,8001,HTTP Request,500,Internal Server Error,Config 3: Exp9 1-145,text,false,,233,158,328,328,http://localhost:8079/?token=518504778&user=-1355064518&config=3,8001,0,0
1777922702416,8001,HTTP Request,500,Internal Server Error,Config 3: Exp9 1-181,text,false,,233,158,328,328,http://localhost:8079/?token=518504778&user=-1355064518&config=3,8001,0,0
1777922702416,8001,HTTP Request,500,Internal Server Error,Config 3: Exp9 1-188,text,false,,233,158,328,328,http://localhost:8079/?token=518504778&user=-1355064518&config=3,8001,0,0
1777922702416,8001,HTTP Request,500,Internal Server Error,Config 3: Exp9 1-182,text,false,,233,158,328,328,http://localhost:8079/?token=518504778&user=-1355064518&config=3,8001,0,0
1777922702416,8001,HTTP Request,500,Internal Server Error,Config 3: Exp9 1-187,text,false,,233,158,328,328,http://localhost:8079/?token=518504778&user=-1355064518&config=3,8001,0,0
1777922702416,8001,HTTP Request,500,Internal Server Error,Config 3: Exp9 1-138,text,false,,233,158,328,328,http://localhost:8079/?token=518504778&user=-1355064518&config=3,8001,0,0
1777922702756,7662,HTTP Request,500,Internal Server Error,Config 3: Exp9 1-286,text,false,,233,158,328,328,http://localhost:8079/?token=518504778&user=-1355064518&config=3,7662,0,0
1777922703293,7125,HTTP Request,500,Internal Server Error,Config 3: Exp9 1-289,text,false,,233,158,328,328,http://localhost:8079/?token=518504778&user=-1355064518&config=3,7125,0,0
1777922702934,7484,HTTP Request,500,Internal Server Error,Config 3: Exp9 1-287,text,false,,233,158,328,328,http://localhost:8079/?token=518504778&user=-1355064518&config=3,7484,0,1
1777922702415,8003,HTTP Request,500,Internal Server Error,Config 3: Exp9 1-126,text,false,,233,158,328,328,http://localhost:8079/?token=518504778&user=-1355064518&config=3,8003,0,0
1777922702416,8002,HTTP Request,500,Internal Server Error,Config 3: Exp9 1-85,text,false,,233,158,328,328,http://localhost:8079/?token=518504778&user=-1355064518&config=3,8002,0,0
1777922702416,8002,HTTP Request,500,Internal Server Error,Config 3: Exp9 1-139,text,false,,233,158,328,328,http://localhost:8079/?token=518504778&user=-1355064518&config=3,8002,0,0
1777922702416,8002,HTTP Request,500,Internal Server Error,Config 3: Exp9 1-179,text,false,,233,158,328,328,http://localhost:8079/?token=518504778&user=-1355064518&config=3,8002,0,0
1777922702416,8002,HTTP Request,500,Internal Server Error,Config 3: Exp9 1-127,text,false,,233,158,328,328,http://localhost:8079/?token=518504778&user=-1355064518&config=3,8002,0,0
1777922702416,8002,HTTP Request,500,Internal Server Error,Config 3: Exp9 1-27,text,false,,233,158,328,328,http://localhost:8079/?token=518504778&user=-1355064518&config=3,8002,0,0
1777922704009,6409,HTTP Request,500,Internal Server Error,Config 3: Exp9 1-293,text,false,,233,158,328,328,http://localhost:8079/?token=518504778&user=-1355064518&config=3,6409,0,0
1777922702416,8002,HTTP Request,500,Internal Server Error,Config 3: Exp9 1-186,text,false,,233,158,328,328,http://localhost:8079/?token=518504778&user=-1355064518&config=3,8002,0,0
1777922702397,8021,HTTP Request,500,Internal Server Error,Config 3: Exp9 1-284,text,false,,233,158,328,328,http://localhost:8079/?token=518504778&user=-1355064518&config=3,8021,0,0
1777922702416,8002,HTTP Request,500,Internal Server Error,Config 3: Exp9 1-110,text,false,,233,158,328,328,http://localhost:8079/?token=518504778&user=-1355064518&config=3,8002,0,0
1777922702576,7846,HTTP Request,500,Internal Server Error,Config 3: Exp9 1-285,text,false,,233,158,328,328,http://localhost:8079/?token=518504778&user=-1355064518&config=3,7846,0,0
1777922703114,7308,HTTP Request,500,Internal Server Error,Config 3: Exp9 1-288,text,false,,233,158,328,328,http://localhost:8079/?token=518504778&user=-1355064518&config=3,7308,0,0
1777922703472,6950,HTTP Request,500,Internal Server Error,Config 3: Exp9 1-290,text,false,,233,158,328,328,http://localhost:8079/?token=518504778&user=-1355064518&config=3,6950,0,0
1777922703829,6593,HTTP Request,500,Internal Server Error,Config 3: Exp9 1-292,text,false,,233,158,328,328,http://localhost:8079/?token=518504778&user=-1355064518&config=3,6593,0,1
1777922703652,6770,HTTP Request,500,Internal Server Error,Config 3: Exp9 1-291,text,false,,233,158,328,328,http://localhost:8079/?token=518504778&user=-1355064518&config=3,6770,0,1
1777922704187,6235,HTTP Request,500,Internal Server Error,Config 3: Exp9 1-294,text,false,,233,158,328,328,http://localhost:8079/?token=518504778&user=-1355064518&config=3,6235,0,1
1777922698809,14750,HTTP Request,200,OK,Config 3: Exp9 1-144,text,true,,231,158,346,346,http://localhost:8079/?token=518504778&user=-1355064518&config=3,14750,0,0
1777922698809,14750,HTTP Request,200,OK,Config 3: Exp9 1-18,text,true,,231,158,346,346,http://localhost:8079/?token=518504778&user=-1355064518&config=3,14750,0,0
1777922698809,14750,HTTP Request,200,OK,Config 3: Exp9 1-143,text,true,,231,158,346,346,http://localhost:8079/?token=518504778&user=-1355064518&config=3,14750,0,0
1777922698810,14749,HTTP Request,200,OK,Config 3: Exp9 1-220,text,true,,231,158,346,346,http://localhost:8079/?token=518504778&user=-1355064518&config=3,14749,0,0
1777922698808,14751,HTTP Request,200,OK,Config 3: Exp9 1-43,text,true,,231,158,346,346,http://localhost:8079/?token=518504778&user=-1355064518&config=3,14751,0,0
1777922698809,14750,HTTP Request,200,OK,Config 3: Exp9 1-142,text,true,,231,158,346,346,http://localhost:8079/?token=518504778&user=-1355064518&config=3,14750,0,0
1777922698810,14750,HTTP Request,200,OK,Config 3: Exp9 1-224,text,true,,231,158,346,346,http://localhost:8079/?token=518504778&user=-1355064518&config=3,14750,0,0
1777922698809,14751,HTTP Request,200,OK,Config 3: Exp9 1-137,text,true,,231,158,346,346,http://localhost:8079/?token=518504778&user=-1355064518&config=3,14751,0,0
1777922698809,14751,HTTP Request,200,OK,Config 3: Exp9 1-184,text,true,,231,158,346,346,http://localhost:8079/?token=518504778&user=-1355064518&config=3,14751,0,0
1777922698810,14750,HTTP Request,200,OK,Config 3: Exp9 1-221,text,true,,231,158,346,346,http://localhost:8079/?token=518504778&user=-1355064518&config=3,14750,0,0
1777922698810,14750,HTTP Request,200,OK,Config 3: Exp9 1-225,text,true,,231,158,346,346,http://localhost:8079/?token=518504778&user=-1355064518&config=3,14750,0,0
1777922698810,14750,HTTP Request,200,OK,Config 3: Exp9 1-230,text,true,,231,158,346,346,http://localhost:8079/?token=518504778&user=-1355064518&config=3,14750,0,0
1777922698810,14750,HTTP Request,200,OK,Config 3: Exp9 1-223,text,true,,231,158,346,346,http://localhost:8079/?token=518504778&user=-1355064518&config=3,14750,0,0
1777922698811,14749,HTTP Request,200,OK,Config 3: Exp9 1-238,text,true,,231,158,346,346,http://localhost:8079/?token=518504778&user=-1355064518&config=3,14749,0,0
1777922698809,14752,HTTP Request,200,OK,Config 3: Exp9 1-136,text,true,,231,158,346,346,http://localhost:8079/?token=518504778&user=-1355064518&config=3,14752,0,0
1777922698809,14752,HTTP Request,200,OK,Config 3: Exp9 1-140,text,true,,231,158,346,346,http://localhost:8079/?token=518504778&user=-1355064518&config=3,14752,0,0
1777922698810,14751,HTTP Request,200,OK,Config 3: Exp9 1-222,text,true,,231,158,346,346,http://localhost:8079/?token=518504778&user=-1355064518&config=3,14751,0,0
1777922698810,14751,HTTP Request,200,OK,Config 3: Exp9 1-227,text,true,,231,158,346,346,http://localhost:8079/?token=518504778&user=-1355064518&config=3,14751,0,0
1777922698810,14751,HTTP Request,200,OK,Config 3: Exp9 1-229,text,true,,231,158,346,346,http://localhost:8079/?token=518504778&user=-1355064518&config=3,14751,0,1
1777922698810,14751,HTTP Request,200,OK,Config 3: Exp9 1-232,text,true,,231,158,346,346,http://localhost:8079/?token=518504778&user=-1355064518&config=3,14751,0,1
1777922698810,14751,HTTP Request,200,OK,Config 3: Exp9 1-226,text,true,,231,158,346,346,http://localhost:8079/?token=518504778&user=-1355064518&config=3,14751,0,0
1777922698810,14751,HTTP Request,200,OK,Config 3: Exp9 1-233,text,true,,231,158,346,346,http://localhost:8079/?token=518504778&user=-1355064518&config=3,14751,0,1
1777922698811,14750,HTTP Request,200,OK,Config 3: Exp9 1-236,text,true,,231,158,346,346,http://localhost:8079/?token=518504778&user=-1355064518&config=3,14750,0,0
1777922698809,14753,HTTP Request,200,OK,Config 3: Exp9 1-185,text,true,,231,158,346,346,http://localhost:8079/?token=518504778&user=-1355064518&config=3,14753,0,0
1777922698811,14751,HTTP Request,200,OK,Config 3: Exp9 1-239,text,true,,231,158,346,346,http://localhost:8079/?token=518504778&user=-1355064518&config=3,14751,0,0
1777922698998,14565,HTTP Request,200,OK,Config 3: Exp9 1-265,text,true,,231,158,346,346,http://localhost:8079/?token=518504778&user=-1355064518&config=3,14565,0,0
1777922698810,14753,HTTP Request,200,OK,Config 3: Exp9 1-228,text,true,,231,158,346,346,http://localhost:8079/?token=518504778&user=-1355064518&config=3,14753,0,0
1777922698809,14754,HTTP Request,200,OK,Config 3: Exp9 1-9,text,true,,231,158,346,346,http://localhost:8079/?token=518504778&user=-1355064518&config=3,14754,0,0
1777922698809,14754,HTTP Request,200,OK,Config 3: Exp9 1-183,text,true,,231,158,346,346,http://localhost:8079/?token=518504778&user=-1355064518&config=3,14754,0,0
1777922698811,14752,HTTP Request,200,OK,Config 3: Exp9 1-237,text,true,,231,158,346,346,http://localhost:8079/?token=518504778&user=-1355064518&config=3,14752,0,0
1777922698811,14752,HTTP Request,200,OK,Config 3: Exp9 1-234,text,true,,231,158,346,346,http://localhost:8079/?token=518504778&user=-1355064518&config=3,14752,0,0
1777922699176,14388,HTTP Request,200,OK,Config 3: Exp9 1-266,text,true,,231,158,346,346,http://localhost:8079/?token=518504778&user=-1355064518&config=3,14388,0,1
1777922699534,14030,HTTP Request,200,OK,Config 3: Exp9 1-268,text,true,,231,158,346,346,http://localhost:8079/?token=518504778&user=-1355064518&config=3,14030,0,1
1777922699354,14210,HTTP Request,200,OK,Config 3: Exp9 1-267,text,true,,231,158,346,346,http://localhost:8079/?token=518504778&user=-1355064518&config=3,14210,0,1
1777922699712,13853,HTTP Request,200,OK,Config 3: Exp9 1-269,text,true,,231,158,346,346,http://localhost:8079/?token=518504778&user=-1355064518&config=3,13853,0,1
1777922700250,13315,HTTP Request,200,OK,Config 3: Exp9 1-272,text,true,,231,158,346,346,http://localhost:8079/?token=518504778&user=-1355064518&config=3,13315,0,1
1777922699892,13673,HTTP Request,200,OK,Config 3: Exp9 1-270,text,true,,231,158,346,346,http://localhost:8079/?token=518504778&user=-1355064518&config=3,13673,0,1
1777922700070,13495,HTTP Request,200,OK,Config 3: Exp9 1-271,text,true,,231,158,346,346,http://localhost:8079/?token=518504778&user=-1355064518&config=3,13495,0,1
1777922698817,14748,HTTP Request,200,OK,Config 3: Exp9 1-264,text,true,,231,158,346,346,http://localhost:8079/?token=518504778&user=-1355064518&config=3,14748,0,0
1777922698811,14754,HTTP Request,200,OK,Config 3: Exp9 1-231,text,true,,231,158,346,346,http://localhost:8079/?token=518504778&user=-1355064518&config=3,14754,0,0
1777922700786,12779,HTTP Request,200,OK,Config 3: Exp9 1-275,text,true,,231,158,346,346,http://localhost:8079/?token=518504778&user=-1355064518&config=3,12779,0,1
1777922700608,12957,HTTP Request,200,OK,Config 3: Exp9 1-274,text,true,,231,158,346,346,http://localhost:8079/?token=518504778&user=-1355064518&config=3,12957,0,0
1777922698811,14754,HTTP Request,200,OK,Config 3: Exp9 1-235,text,true,,231,158,346,346,http://localhost:8079/?token=518504778&user=-1355064518&config=3,14754,0,0
1777922700428,13137,HTTP Request,200,OK,Config 3: Exp9 1-273,text,true,,231,158,346,346,http://localhost:8079/?token=518504778&user=-1355064518&config=3,13137,0,1
1777922702415,11151,HTTP Request,200,OK,Config 3: Exp9 1-59,text,true,,231,158,346,346,http://localhost:8079/?token=518504778&user=-1355064518&config=3,11151,0,0
1777922702415,11151,HTTP Request,200,OK,Config 3: Exp9 1-76,text,true,,231,158,346,346,http://localhost:8079/?token=518504778&user=-1355064518&config=3,11151,0,0
1777922702415,11151,HTTP Request,200,OK,Config 3: Exp9 1-112,text,true,,231,158,346,346,http://localhost:8079/?token=518504778&user=-1355064518&config=3,11151,0,0
1777922702415,11151,HTTP Request,200,OK,Config 3: Exp9 1-60,text,true,,231,158,346,346,http://localhost:8079/?token=518504778&user=-1355064518&config=3,11151,0,0
1777922702415,11151,HTTP Request,200,OK,Config 3: Exp9 1-178,text,true,,231,158,346,346,http://localhost:8079/?token=518504778&user=-1355064518&config=3,11151,0,0
1777922702416,11150,HTTP Request,200,OK,Config 3: Exp9 1-93,text,true,,231,158,346,346,http://localhost:8079/?token=518504778&user=-1355064518&config=3,11150,0,0
1777922700965,12602,HTTP Request,200,OK,Config 3: Exp9 1-276,text,true,,231,158,346,346,http://localhost:8079/?token=518504778&user=-1355064518&config=3,12602,0,1
1777922702416,11151,HTTP Request,200,OK,Config 3: Exp9 1-141,text,true,,231,158,346,346,http://localhost:8079/?token=518504778&user=-1355064518&config=3,11151,0,0
1777922702415,11152,HTTP Request,200,OK,Config 3: Exp9 1-77,text,true,,231,158,346,346,http://localhost:8079/?token=518504778&user=-1355064518&config=3,11152,0,0
1777922702415,11152,HTTP Request,200,OK,Config 3: Exp9 1-109,text,true,,231,158,346,346,http://localhost:8079/?token=518504778&user=-1355064518&config=3,11152,0,0
1777922701144,12423,HTTP Request,200,OK,Config 3: Exp9 1-277,text,true,,231,158,346,346,http://localhost:8079/?token=518504778&user=-1355064518&config=3,12423,0,0
1777922702039,11528,HTTP Request,200,OK,Config 3: Exp9 1-282,text,true,,231,158,346,346,http://localhost:8079/?token=518504778&user=-1355064518&config=3,11528,0,0
1777922702218,11349,HTTP Request,200,OK,Config 3: Exp9 1-283,text,true,,231,158,346,346,http://localhost:8079/?token=518504778&user=-1355064518&config=3,11349,0,1
1777922701681,11886,HTTP Request,200,OK,Config 3: Exp9 1-280,text,true,,231,158,346,346,http://localhost:8079/?token=518504778&user=-1355064518&config=3,11886,0,1
1777922701324,12243,HTTP Request,200,OK,Config 3: Exp9 1-278,text,true,,231,158,346,346,http://localhost:8079/?token=518504778&user=-1355064518&config=3,12243,0,0
1777922701503,12064,HTTP Request,200,OK,Config 3: Exp9 1-279,text,true,,231,158,346,346,http://localhost:8079/?token=518504778&user=-1355064518&config=3,12064,0,1
1777922701860,11707,HTTP Request,200,OK,Config 3: Exp9 1-281,text,true,,231,158,346,346,http://localhost:8079/?token=518504778&user=-1355064518&config=3,11707,0,0
1777922704405,11732,HTTP Request,200,OK,Config 3: Exp9 1-2,text,true,,231,158,360,360,http://localhost:8079/?token=518504778&user=-1355064518&config=3,11732,0,0
1777922704405,11732,HTTP Request,200,OK,Config 3: Exp9 1-189,text,true,,231,158,360,360,http://localhost:8079/?token=518504778&user=-1355064518&config=3,11732,0,0
1777922704366,11771,HTTP Request,200,OK,Config 3: Exp9 1-295,text,true,,231,158,360,360,http://localhost:8079/?token=518504778&user=-1355064518&config=3,11771,0,1
1777922704405,11732,HTTP Request,200,OK,Config 3: Exp9 1-6,text,true,,231,158,360,360,http://localhost:8079/?token=518504778&user=-1355064518&config=3,11732,0,0
1777922704405,11732,HTTP Request,200,OK,Config 3: Exp9 1-8,text,true,,231,158,360,360,http://localhost:8079/?token=518504778&user=-1355064518&config=3,11732,0,0
1777922704406,11731,HTTP Request,200,OK,Config 3: Exp9 1-15,text,true,,231,158,360,360,http://localhost:8079/?token=518504778&user=-1355064518&config=3,11731,0,0
1777922704406,11732,HTTP Request,200,OK,Config 3: Exp9 1-1,text,true,,231,158,360,360,http://localhost:8079/?token=518504778&user=-1355064518&config=3,11732,0,0
1777922704406,11732,HTTP Request,200,OK,Config 3: Exp9 1-4,text,true,,231,158,360,360,http://localhost:8079/?token=518504778&user=-1355064518&config=3,11732,0,0
1777922704407,11731,HTTP Request,200,OK,Config 3: Exp9 1-33,text,true,,231,158,360,360,http://localhost:8079/?token=518504778&user=-1355064518&config=3,11731,0,0
1777922704406,11733,HTTP Request,200,OK,Config 3: Exp9 1-16,text,true,,231,158,360,360,http://localhost:8079/?token=518504778&user=-1355064518&config=3,11733,0,0
1777922704408,11731,HTTP Request,200,OK,Config 3: Exp9 1-55,text,true,,231,158,360,360,http://localhost:8079/?token=518504778&user=-1355064518&config=3,11731,0,0
1777922704407,11732,HTTP Request,200,OK,Config 3: Exp9 1-20,text,true,,231,158,360,360,http://localhost:8079/?token=518504778&user=-1355064518&config=3,11732,0,0
1777922704407,11732,HTTP Request,200,OK,Config 3: Exp9 1-57,text,true,,231,158,360,360,http://localhost:8079/?token=518504778&user=-1355064518&config=3,11732,0,0
1777922704408,11731,HTTP Request,200,OK,Config 3: Exp9 1-22,text,true,,231,158,360,360,http://localhost:8079/?token=518504778&user=-1355064518&config=3,11731,0,0
1777922704408,11731,HTTP Request,200,OK,Config 3: Exp9 1-34,text,true,,231,158,360,360,http://localhost:8079/?token=518504778&user=-1355064518&config=3,11731,0,0
1777922704407,11732,HTTP Request,200,OK,Config 3: Exp9 1-66,text,true,,231,158,360,360,http://localhost:8079/?token=518504778&user=-1355064518&config=3,11732,0,0
1777922704408,11731,HTTP Request,200,OK,Config 3: Exp9 1-39,text,true,,231,158,360,360,http://localhost:8079/?token=518504778&user=-1355064518&config=3,11731,0,0
1777922704408,11731,HTTP Request,200,OK,Config 3: Exp9 1-68,text,true,,231,158,360,360,http://localhost:8079/?token=518504778&user=-1355064518&config=3,11731,0,0
1777922704408,11731,HTTP Request,200,OK,Config 3: Exp9 1-70,text,true,,231,158,360,360,http://localhost:8079/?token=518504778&user=-1355064518&config=3,11731,0,0
1777922704408,11731,HTTP Request,200,OK,Config 3: Exp9 1-105,text,true,,231,158,360,360,http://localhost:8079/?token=518504778&user=-1355064518&config=3,11731,0,0
1777922704408,11731,HTTP Request,200,OK,Config 3: Exp9 1-123,text,true,,231,158,360,360,http://localhost:8079/?token=518504778&user=-1355064518&config=3,11731,0,0
1777922704408,11731,HTTP Request,200,OK,Config 3: Exp9 1-135,text,true,,231,158,360,360,http://localhost:8079/?token=518504778&user=-1355064518&config=3,11731,0,0
1777922704408,11731,HTTP Request,200,OK,Config 3: Exp9 1-73,text,true,,231,158,360,360,http://localhost:8079/?token=518504778&user=-1355064518&config=3,11731,0,0
1777922704408,11731,HTTP Request,200,OK,Config 3: Exp9 1-98,text,true,,231,158,360,360,http://localhost:8079/?token=518504778&user=-1355064518&config=3,11731,0,0
1777922704408,11731,HTTP Request,200,OK,Config 3: Exp9 1-108,text,true,,231,158,360,360,http://localhost:8079/?token=518504778&user=-1355064518&config=3,11731,0,0
1777922704408,11731,HTTP Request,200,OK,Config 3: Exp9 1-90,text,true,,231,158,360,360,http://localhost:8079/?token=518504778&user=-1355064518&config=3,11731,0,0
1777922704410,11729,HTTP Request,200,OK,Config 3: Exp9 1-167,text,true,,231,158,360,360,http://localhost:8079/?token=518504778&user=-1355064518&config=3,11729,0,0
1777922704407,11732,HTTP Request,200,OK,Config 3: Exp9 1-203,text,true,,231,158,360,360,http://localhost:8079/?token=518504778&user=-1355064518&config=3,11732,0,0
1777922704410,11730,HTTP Request,200,OK,Config 3: Exp9 1-21,text,true,,231,158,360,360,http://localhost:8079/?token=518504778&user=-1355064518&config=3,11730,0,0
1777922704410,11730,HTTP Request,200,OK,Config 3: Exp9 1-17,text,true,,231,158,360,360,http://localhost:8079/?token=518504778&user=-1355064518&config=3,11730,0,0
1777922704410,11730,HTTP Request,200,OK,Config 3: Exp9 1-67,text,true,,231,158,360,360,http://localhost:8079/?token=518504778&user=-1355064518&config=3,11730,0,0
1777922704410,11730,HTTP Request,200,OK,Config 3: Exp9 1-84,text,true,,231,158,360,360,http://localhost:8079/?token=518504778&user=-1355064518&config=3,11730,0,0
1777922704410,11731,HTTP Request,200,OK,Config 3: Exp9 1-19,text,true,,231,158,360,360,http://localhost:8079/?token=518504778&user=-1355064518&config=3,11731,0,0
1777922704410,11731,HTTP Request,200,OK,Config 3: Exp9 1-50,text,true,,231,158,360,360,http://localhost:8079/?token=518504778&user=-1355064518&config=3,11731,0,0
1777922704411,11730,HTTP Request,200,OK,Config 3: Exp9 1-3,text,true,,231,158,360,360,http://localhost:8079/?token=518504778&user=-1355064518&config=3,11730,0,0
1777922704410,11731,HTTP Request,200,OK,Config 3: Exp9 1-100,text,true,,231,158,360,360,http://localhost:8079/?token=518504778&user=-1355064518&config=3,11731,0,0
1777922704410,11731,HTTP Request,200,OK,Config 3: Exp9 1-32,text,true,,231,158,360,360,http://localhost:8079/?token=518504778&user=-1355064518&config=3,11731,0,0
1777922704410,11731,HTTP Request,200,OK,Config 3: Exp9 1-69,text,true,,231,158,360,360,http://localhost:8079/?token=518504778&user=-1355064518&config=3,11731,0,0
1777922704410,11731,HTTP Request,200,OK,Config 3: Exp9 1-38,text,true,,231,158,360,360,http://localhost:8079/?token=518504778&user=-1355064518&config=3,11731,0,0
1777922704410,11731,HTTP Request,200,OK,Config 3: Exp9 1-51,text,true,,231,158,360,360,http://localhost:8079/?token=518504778&user=-1355064518&config=3,11731,0,0
1777922704410,11731,HTTP Request,200,OK,Config 3: Exp9 1-41,text,true,,231,158,360,360,http://localhost:8079/?token=518504778&user=-1355064518&config=3,11731,0,0
1777922704410,11731,HTTP Request,200,OK,Config 3: Exp9 1-71,text,true,,231,158,360,360,http://localhost:8079/?token=518504778&user=-1355064518&config=3,11731,0,0
1777922704410,11731,HTTP Request,200,OK,Config 3: Exp9 1-88,text,true,,231,158,360,360,http://localhost:8079/?token=518504778&user=-1355064518&config=3,11731,0,0
1777922704410,11731,HTTP Request,200,OK,Config 3: Exp9 1-89,text,true,,231,158,360,360,http://localhost:8079/?token=518504778&user=-1355064518&config=3,11731,0,0
1777922704410,11731,HTTP Request,200,OK,Config 3: Exp9 1-133,text,true,,231,158,360,360,http://localhost:8079/?token=518504778&user=-1355064518&config=3,11731,0,0
1777922704410,11731,HTTP Request,200,OK,Config 3: Exp9 1-166,text,true,,231,158,360,360,http://localhost:8079/?token=518504778&user=-1355064518&config=3,11731,0,0
1777922704410,11731,HTTP Request,200,OK,Config 3: Exp9 1-87,text,true,,231,158,360,360,http://localhost:8079/?token=518504778&user=-1355064518&config=3,11731,0,0
1777922704410,11731,HTTP Request,200,OK,Config 3: Exp9 1-101,text,true,,231,158,360,360,http://localhost:8079/?token=518504778&user=-1355064518&config=3,11731,0,0
1777922704410,11731,HTTP Request,200,OK,Config 3: Exp9 1-161,text,true,,231,158,360,360,http://localhost:8079/?token=518504778&user=-1355064518&config=3,11731,0,0
1777922704410,11731,HTTP Request,200,OK,Config 3: Exp9 1-160,text,true,,231,158,360,360,http://localhost:8079/?token=518504778&user=-1355064518&config=3,11731,0,0
1777922704410,11731,HTTP Request,200,OK,Config 3: Exp9 1-117,text,true,,231,158,360,360,http://localhost:8079/?token=518504778&user=-1355064518&config=3,11731,0,0
1777922704411,11731,HTTP Request,200,OK,Config 3: Exp9 1-86,text,true,,231,158,360,360,http://localhost:8079/?token=518504778&user=-1355064518&config=3,11731,0,0
1777922704411,11731,HTTP Request,200,OK,Config 3: Exp9 1-102,text,true,,231,158,360,360,http://localhost:8079/?token=518504778&user=-1355064518&config=3,11731,0,0
1777922704411,11731,HTTP Request,200,OK,Config 3: Exp9 1-164,text,true,,231,158,360,360,http://localhost:8079/?token=518504778&user=-1355064518&config=3,11731,0,0
1777922704411,11731,HTTP Request,200,OK,Config 3: Exp9 1-134,text,true,,231,158,360,360,http://localhost:8079/?token=518504778&user=-1355064518&config=3,11731,0,0
1777922704411,11731,HTTP Request,200,OK,Config 3: Exp9 1-83,text,true,,231,158,360,360,http://localhost:8079/?token=518504778&user=-1355064518&config=3,11731,0,0
1777922704411,11731,HTTP Request,200,OK,Config 3: Exp9 1-5,text,true,,231,158,360,360,http://localhost:8079/?token=518504778&user=-1355064518&config=3,11731,0,0
1777922704412,11730,HTTP Request,200,OK,Config 3: Exp9 1-208,text,true,,231,158,360,360,http://localhost:8079/?token=518504778&user=-1355064518&config=3,11730,0,0
1777922708219,7923,HTTP Request,500,Internal Server Error,Config 3: Exp9 1-250,text,false,,233,158,360,360,http://localhost:8079/?token=518504778&user=-1355064518&config=3,7923,0,0
1777922704411,11731,HTTP Request,200,OK,Config 3: Exp9 1-196,text,true,,231,158,360,360,http://localhost:8079/?token=518504778&user=-1355064518&config=3,11731,0,1
1777922704411,11731,HTTP Request,200,OK,Config 3: Exp9 1-195,text,true,,231,158,360,360,http://localhost:8079/?token=518504778&user=-1355064518&config=3,11731,0,1
1777922704411,11731,HTTP Request,200,OK,Config 3: Exp9 1-197,text,true,,231,158,360,360,http://localhost:8079/?token=518504778&user=-1355064518&config=3,11731,0,1
1777922704411,11731,HTTP Request,200,OK,Config 3: Exp9 1-168,text,true,,231,158,360,360,http://localhost:8079/?token=518504778&user=-1355064518&config=3,11731,0,0
1777922704412,11730,HTTP Request,200,OK,Config 3: Exp9 1-206,text,true,,231,158,360,360,http://localhost:8079/?token=518504778&user=-1355064518&config=3,11730,0,0
1777922704412,11730,HTTP Request,200,OK,Config 3: Exp9 1-129,text,true,,231,158,360,360,http://localhost:8079/?token=518504778&user=-1355064518&config=3,11730,0,0
1777922704411,11731,HTTP Request,200,OK,Config 3: Exp9 1-201,text,true,,231,158,360,360,http://localhost:8079/?token=518504778&user=-1355064518&config=3,11731,0,1
1777922704411,11731,HTTP Request,200,OK,Config 3: Exp9 1-156,text,true,,231,158,360,360,http://localhost:8079/?token=518504778&user=-1355064518&config=3,11731,0,1
1777922704416,11726,HTTP Request,200,OK,Config 3: Exp9 1-202,text,true,,231,158,360,360,http://localhost:8079/?token=518504778&user=-1355064518&config=3,11726,0,0
1777922704416,11726,HTTP Request,200,OK,Config 3: Exp9 1-106,text,true,,231,158,360,360,http://localhost:8079/?token=518504778&user=-1355064518&config=3,11726,0,0
1777922704416,11726,HTTP Request,200,OK,Config 3: Exp9 1-103,text,true,,231,158,360,360,http://localhost:8079/?token=518504778&user=-1355064518&config=3,11726,0,0
1777922704416,11727,HTTP Request,200,OK,Config 3: Exp9 1-262,text,true,,231,158,360,360,http://localhost:8079/?token=518504778&user=-1355064518&config=3,11727,0,0
1777922704416,11727,HTTP Request,200,OK,Config 3: Exp9 1-260,text,true,,231,158,360,360,http://localhost:8079/?token=518504778&user=-1355064518&config=3,11727,0,0
1777922704416,11727,HTTP Request,200,OK,Config 3: Exp9 1-120,text,true,,231,158,360,360,http://localhost:8079/?token=518504778&user=-1355064518&config=3,11727,0,0
1777922704416,11727,HTTP Request,200,OK,Config 3: Exp9 1-118,text,true,,231,158,360,360,http://localhost:8079/?token=518504778&user=-1355064518&config=3,11727,0,0
1777922704416,11727,HTTP Request,200,OK,Config 3: Exp9 1-49,text,true,,231,158,360,360,http://localhost:8079/?token=518504778&user=-1355064518&config=3,11727,0,0
1777922704416,11727,HTTP Request,200,OK,Config 3: Exp9 1-37,text,true,,231,158,360,360,http://localhost:8079/?token=518504778&user=-1355064518&config=3,11727,0,0
1777922708219,7924,HTTP Request,500,Internal Server Error,Config 3: Exp9 1-249,text,false,,233,158,360,360,http://localhost:8079/?token=518504778&user=-1355064518&config=3,7924,0,0
1777922708220,7923,HTTP Request,500,Internal Server Error,Config 3: Exp9 1-72,text,false,,233,158,360,360,http://localhost:8079/?token=518504778&user=-1355064518&config=3,7923,0,0
1777922708220,7923,HTTP Request,500,Internal Server Error,Config 3: Exp9 1-153,text,false,,233,158,360,360,http://localhost:8079/?token=518504778&user=-1355064518&config=3,7923,0,0
1777922708220,7923,HTTP Request,500,Internal Server Error,Config 3: Exp9 1-147,text,false,,233,158,360,360,http://localhost:8079/?token=518504778&user=-1355064518&config=3,7923,0,0
1777922708220,7923,HTTP Request,500,Internal Server Error,Config 3: Exp9 1-192,text,false,,233,158,360,360,http://localhost:8079/?token=518504778&user=-1355064518&config=3,7923,0,0
1777922708219,7924,HTTP Request,500,Internal Server Error,Config 3: Exp9 1-256,text,false,,233,158,360,360,http://localhost:8079/?token=518504778&user=-1355064518&config=3,7924,0,0
1777922708220,7923,HTTP Request,500,Internal Server Error,Config 3: Exp9 1-194,text,false,,233,158,360,360,http://localhost:8079/?token=518504778&user=-1355064518&config=3,7923,0,0
1777922708220,7923,HTTP Request,500,Internal Server Error,Config 3: Exp9 1-152,text,false,,233,158,360,360,http://localhost:8079/?token=518504778&user=-1355064518&config=3,7923,0,0
1777922708484,7659,HTTP Request,500,Internal Server Error,Config 3: Exp9 1-318,text,false,,233,158,360,360,http://localhost:8079/?token=518504778&user=-1355064518&config=3,7659,0,1
1777922708220,7923,HTTP Request,500,Internal Server Error,Config 3: Exp9 1-257,text,false,,233,158,360,360,http://localhost:8079/?token=518504778&user=-1355064518&config=3,7923,0,0
1777922708220,7923,HTTP Request,500,Internal Server Error,Config 3: Exp9 1-155,text,false,,233,158,360,360,http://localhost:8079/?token=518504778&user=-1355064518&config=3,7923,0,0
1777922708220,7923,HTTP Request,500,Internal Server Error,Config 3: Exp9 1-199,text,false,,233,158,360,360,http://localhost:8079/?token=518504778&user=-1355064518&config=3,7923,0,0
1777922708842,7302,HTTP Request,500,Internal Server Error,Config 3: Exp9 1-320,text,false,,233,158,360,360,http://localhost:8079/?token=518504778&user=-1355064518&config=3,7302,0,0
1777922708662,7482,HTTP Request,500,Internal Server Error,Config 3: Exp9 1-319,text,false,,233,158,360,360,http://localhost:8079/?token=518504778&user=-1355064518&config=3,7482,0,1
1777922708220,7924,HTTP Request,500,Internal Server Error,Config 3: Exp9 1-259,text,false,,233,158,360,360,http://localhost:8079/?token=518504778&user=-1355064518&config=3,7924,0,0
1777922708220,7924,HTTP Request,500,Internal Server Error,Config 3: Exp9 1-154,text,false,,233,158,360,360,http://localhost:8079/?token=518504778&user=-1355064518&config=3,7924,0,0
1777922709558,6586,HTTP Request,500,Internal Server Error,Config 3: Exp9 1-324,text,false,,233,158,360,360,http://localhost:8079/?token=518504778&user=-1355064518&config=3,6586,0,0
1777922709020,7124,HTTP Request,500,Internal Server Error,Config 3: Exp9 1-321,text,false,,233,158,360,360,http://localhost:8079/?token=518504778&user=-1355064518&config=3,7124,0,1
1777922710094,6050,HTTP Request,500,Internal Server Error,Config 3: Exp9 1-327,text,false,,233,158,360,360,http://localhost:8079/?token=518504778&user=-1355064518&config=3,6050,0,0
1777922708220,7924,HTTP Request,500,Internal Server Error,Config 3: Exp9 1-200,text,false,,233,158,360,360,http://localhost:8079/?token=518504778&user=-1355064518&config=3,7924,0,0
1777922708305,7839,HTTP Request,500,Internal Server Error,Config 3: Exp9 1-317,text,false,,233,158,360,360,http://localhost:8079/?token=518504778&user=-1355064518&config=3,7839,0,0
1777922708220,7924,HTTP Request,500,Internal Server Error,Config 3: Exp9 1-190,text,false,,233,158,360,360,http://localhost:8079/?token=518504778&user=-1355064518&config=3,7924,0,0
1777922709200,6944,HTTP Request,500,Internal Server Error,Config 3: Exp9 1-322,text,false,,233,158,360,360,http://localhost:8079/?token=518504778&user=-1355064518&config=3,6944,0,1
1777922708219,7925,HTTP Request,500,Internal Server Error,Config 3: Exp9 1-251,text,false,,233,158,360,360,http://localhost:8079/?token=518504778&user=-1355064518&config=3,7925,0,0
1777922708220,7924,HTTP Request,500,Internal Server Error,Config 3: Exp9 1-146,text,false,,233,158,360,360,http://localhost:8079/?token=518504778&user=-1355064518&config=3,7924,0,0
1777922708220,7924,HTTP Request,500,Internal Server Error,Config 3: Exp9 1-258,text,false,,233,158,360,360,http://localhost:8079/?token=518504778&user=-1355064518&config=3,7924,0,0
1777922710274,5870,HTTP Request,500,Internal Server Error,Config 3: Exp9 1-328,text,false,,233,158,360,360,http://localhost:8079/?token=518504778&user=-1355064518&config=3,5870,0,0
1777922709378,6766,HTTP Request,500,Internal Server Error,Config 3: Exp9 1-323,text,false,,233,158,360,360,http://localhost:8079/?token=518504778&user=-1355064518&config=3,6766,0,1
1777922709916,6228,HTTP Request,500,Internal Server Error,Config 3: Exp9 1-326,text,false,,233,158,360,360,http://localhost:8079/?token=518504778&user=-1355064518&config=3,6228,0,0
1777922709737,6407,HTTP Request,500,Internal Server Error,Config 3: Exp9 1-325,text,false,,233,158,360,360,http://localhost:8079/?token=518504778&user=-1355064518&config=3,6407,0,0
1777922704412,14626,HTTP Request,200,OK,Config 3: Exp9 1-149,text,true,,231,158,376,376,http://localhost:8079/?token=518504778&user=-1355064518&config=3,14626,0,0
1777922704416,14623,HTTP Request,200,OK,Config 3: Exp9 1-121,text,true,,231,158,376,376,http://localhost:8079/?token=518504778&user=-1355064518&config=3,14623,0,0
1777922704412,14627,HTTP Request,200,OK,Config 3: Exp9 1-158,text,true,,231,158,376,376,http://localhost:8079/?token=518504778&user=-1355064518&config=3,14627,0,0
1777922704416,14623,HTTP Request,200,OK,Config 3: Exp9 1-148,text,true,,231,158,376,376,http://localhost:8079/?token=518504778&user=-1355064518&config=3,14623,0,0
1777922704416,14623,HTTP Request,200,OK,Config 3: Exp9 1-159,text,true,,231,158,376,376,http://localhost:8079/?token=518504778&user=-1355064518&config=3,14623,0,0
1777922704416,14623,HTTP Request,200,OK,Config 3: Exp9 1-165,text,true,,231,158,376,376,http://localhost:8079/?token=518504778&user=-1355064518&config=3,14623,0,0
1777922704416,14623,HTTP Request,200,OK,Config 3: Exp9 1-263,text,true,,231,158,376,376,http://localhost:8079/?token=518504778&user=-1355064518&config=3,14623,0,0
1777922704416,14623,HTTP Request,200,OK,Config 3: Exp9 1-198,text,true,,231,158,376,376,http://localhost:8079/?token=518504778&user=-1355064518&config=3,14623,0,0
1777922704416,14623,HTTP Request,200,OK,Config 3: Exp9 1-163,text,true,,231,158,376,376,http://localhost:8079/?token=518504778&user=-1355064518&config=3,14623,0,0
1777922704416,14623,HTTP Request,200,OK,Config 3: Exp9 1-162,text,true,,231,158,376,376,http://localhost:8079/?token=518504778&user=-1355064518&config=3,14623,0,0
1777922704416,14623,HTTP Request,200,OK,Config 3: Exp9 1-52,text,true,,231,158,376,376,http://localhost:8079/?token=518504778&user=-1355064518&config=3,14623,0,0
1777922704412,14627,HTTP Request,200,OK,Config 3: Exp9 1-193,text,true,,231,158,376,376,http://localhost:8079/?token=518504778&user=-1355064518&config=3,14627,0,0
1777922704412,14627,HTTP Request,200,OK,Config 3: Exp9 1-191,text,true,,231,158,376,376,http://localhost:8079/?token=518504778&user=-1355064518&config=3,14627,0,0
1777922704416,14623,HTTP Request,200,OK,Config 3: Exp9 1-35,text,true,,231,158,376,376,http://localhost:8079/?token=518504778&user=-1355064518&config=3,14623,0,0
1777922704903,14137,HTTP Request,200,OK,Config 3: Exp9 1-298,text,true,,231,158,376,376,http://localhost:8079/?token=518504778&user=-1355064518&config=3,14137,0,0
1777922704546,14494,HTTP Request,200,OK,Config 3: Exp9 1-296,text,true,,231,158,376,376,http://localhost:8079/?token=518504778&user=-1355064518&config=3,14494,0,1
1777922704725,14315,HTTP Request,200,OK,Config 3: Exp9 1-297,text,true,,231,158,376,376,http://localhost:8079/?token=518504778&user=-1355064518&config=3,14315,0,1
1777922704412,14629,HTTP Request,200,OK,Config 3: Exp9 1-157,text,true,,231,158,376,376,http://localhost:8079/?token=518504778&user=-1355064518&config=3,14629,0,0
1777922704416,14625,HTTP Request,200,OK,Config 3: Exp9 1-261,text,true,,231,158,376,376,http://localhost:8079/?token=518504778&user=-1355064518&config=3,14625,0,0
1777922708216,10825,HTTP Request,200,OK,Config 3: Exp9 1-245,text,true,,231,158,376,376,http://localhost:8079/?token=518504778&user=-1355064518&config=3,10825,0,0
1777922708216,10825,HTTP Request,200,OK,Config 3: Exp9 1-243,text,true,,231,158,376,376,http://localhost:8079/?token=518504778&user=-1355064518&config=3,10825,0,0
1777922705798,13244,HTTP Request,200,OK,Config 3: Exp9 1-303,text,true,,231,158,376,376,http://localhost:8079/?token=518504778&user=-1355064518&config=3,13244,0,1
1777922705442,13600,HTTP Request,200,OK,Config 3: Exp9 1-301,text,true,,231,158,376,376,http://localhost:8079/?token=518504778&user=-1355064518&config=3,13600,0,0
1777922705262,13780,HTTP Request,200,OK,Config 3: Exp9 1-300,text,true,,231,158,376,376,http://localhost:8079/?token=518504778&user=-1355064518&config=3,13780,0,0
1777922707231,11811,HTTP Request,200,OK,Config 3: Exp9 1-311,text,true,,231,158,376,376,http://localhost:8079/?token=518504778&user=-1355064518&config=3,11811,0,1
1777922708216,10826,HTTP Request,200,OK,Config 3: Exp9 1-244,text,true,,231,158,376,376,http://localhost:8079/?token=518504778&user=-1355064518&config=3,10826,0,0
1777922705619,13423,HTTP Request,200,OK,Config 3: Exp9 1-302,text,true,,231,158,376,376,http://localhost:8079/?token=518504778&user=-1355064518&config=3,13423,0,1
1777922706873,12169,HTTP Request,200,OK,Config 3: Exp9 1-309,text,true,,231,158,376,376,http://localhost:8079/?token=518504778&user=-1355064518&config=3,12169,0,0
1777922705082,13960,HTTP Request,200,OK,Config 3: Exp9 1-299,text,true,,231,158,376,376,http://localhost:8079/?token=518504778&user=-1355064518&config=3,13960,0,0
1777922706335,12707,HTTP Request,200,OK,Config 3: Exp9 1-306,text,true,,231,158,376,376,http://localhost:8079/?token=518504778&user=-1355064518&config=3,12707,0,1
1777922706156,12886,HTTP Request,200,OK,Config 3: Exp9 1-305,text,true,,231,158,376,376,http://localhost:8079/?token=518504778&user=-1355064518&config=3,12886,0,1
1777922705978,13064,HTTP Request,200,OK,Config 3: Exp9 1-304,text,true,,231,158,376,376,http://localhost:8079/?token=518504778&user=-1355064518&config=3,13064,0,0
1777922707051,11991,HTTP Request,200,OK,Config 3: Exp9 1-310,text,true,,231,158,376,376,http://localhost:8079/?token=518504778&user=-1355064518&config=3,11991,0,1
1777922706515,12527,HTTP Request,200,OK,Config 3: Exp9 1-307,text,true,,231,158,376,376,http://localhost:8079/?token=518504778&user=-1355064518&config=3,12527,0,0
1777922706694,12348,HTTP Request,200,OK,Config 3: Exp9 1-308,text,true,,231,158,376,376,http://localhost:8079/?token=518504778&user=-1355064518&config=3,12348,0,0
1777922707588,11454,HTTP Request,200,OK,Config 3: Exp9 1-313,text,true,,231,158,376,376,http://localhost:8079/?token=518504778&user=-1355064518&config=3,11454,0,1
1777922707410,11632,HTTP Request,200,OK,Config 3: Exp9 1-312,text,true,,231,158,376,376,http://localhost:8079/?token=518504778&user=-1355064518&config=3,11632,0,0
1777922707767,11275,HTTP Request,200,OK,Config 3: Exp9 1-314,text,true,,231,158,376,376,http://localhost:8079/?token=518504778&user=-1355064518&config=3,11275,0,1
1777922708126,10916,HTTP Request,200,OK,Config 3: Exp9 1-316,text,true,,231,158,376,376,http://localhost:8079/?token=518504778&user=-1355064518&config=3,10916,0,0
1777922707948,11094,HTTP Request,200,OK,Config 3: Exp9 1-315,text,true,,231,158,376,376,http://localhost:8079/?token=518504778&user=-1355064518&config=3,11094,0,0
1777922708214,10828,HTTP Request,200,OK,Config 3: Exp9 1-204,text,true,,231,158,376,376,http://localhost:8079/?token=518504778&user=-1355064518&config=3,10828,0,0
1777922708215,10827,HTTP Request,200,OK,Config 3: Exp9 1-210,text,true,,231,158,376,376,http://localhost:8079/?token=518504778&user=-1355064518&config=3,10827,0,0
1777922708214,10828,HTTP Request,200,OK,Config 3: Exp9 1-131,text,true,,231,158,376,376,http://localhost:8079/?token=518504778&user=-1355064518&config=3,10828,0,0
1777922708214,10828,HTTP Request,200,OK,Config 3: Exp9 1-128,text,true,,231,158,376,376,http://localhost:8079/?token=518504778&user=-1355064518&config=3,10828,0,0
1777922708216,10826,HTTP Request,200,OK,Config 3: Exp9 1-212,text,true,,231,158,376,376,http://localhost:8079/?token=518504778&user=-1355064518&config=3,10826,0,0
1777922708216,10826,HTTP Request,200,OK,Config 3: Exp9 1-209,text,true,,231,158,376,376,http://localhost:8079/?token=518504778&user=-1355064518&config=3,10826,0,0
1777922708216,10826,HTTP Request,200,OK,Config 3: Exp9 1-45,text,true,,231,158,376,376,http://localhost:8079/?token=518504778&user=-1355064518&config=3,10826,0,0
1777922708215,10827,HTTP Request,200,OK,Config 3: Exp9 1-207,text,true,,231,158,376,376,http://localhost:8079/?token=518504778&user=-1355064518&config=3,10827,0,0
1777922708214,10828,HTTP Request,200,OK,Config 3: Exp9 1-216,text,true,,231,158,376,376,http://localhost:8079/?token=518504778&user=-1355064518&config=3,10828,0,0
1777922708216,10826,HTTP Request,200,OK,Config 3: Exp9 1-28,text,true,,231,158,376,376,http://localhost:8079/?token=518504778&user=-1355064518&config=3,10826,0,0
1777922708214,10828,HTTP Request,200,OK,Config 3: Exp9 1-215,text,true,,231,158,376,376,http://localhost:8079/?token=518504778&user=-1355064518&config=3,10828,0,0
1777922708215,10827,HTTP Request,200,OK,Config 3: Exp9 1-218,text,true,,231,158,376,376,http://localhost:8079/?token=518504778&user=-1355064518&config=3,10827,0,0
1777922708214,10828,HTTP Request,200,OK,Config 3: Exp9 1-217,text,true,,231,158,376,376,http://localhost:8079/?token=518504778&user=-1355064518&config=3,10828,0,0
1777922708219,10824,HTTP Request,200,OK,Config 3: Exp9 1-247,text,true,,231,158,376,376,http://localhost:8079/?token=518504778&user=-1355064518&config=3,10824,0,0
1777922708219,10824,HTTP Request,200,OK,Config 3: Exp9 1-255,text,true,,231,158,376,376,http://localhost:8079/?token=518504778&user=-1355064518&config=3,10824,0,0
1777922708219,10824,HTTP Request,200,OK,Config 3: Exp9 1-254,text,true,,231,158,376,376,http://localhost:8079/?token=518504778&user=-1355064518&config=3,10824,0,0
1777922708215,10828,HTTP Request,200,OK,Config 3: Exp9 1-170,text,true,,231,158,376,376,http://localhost:8079/?token=518504778&user=-1355064518&config=3,10828,0,0
1777922708215,10828,HTTP Request,200,OK,Config 3: Exp9 1-172,text,true,,231,158,376,376,http://localhost:8079/?token=518504778&user=-1355064518&config=3,10828,0,0
1777922708215,10828,HTTP Request,200,OK,Config 3: Exp9 1-130,text,true,,231,158,376,376,http://localhost:8079/?token=518504778&user=-1355064518&config=3,10828,0,0
1777922708215,10828,HTTP Request,200,OK,Config 3: Exp9 1-95,text,true,,231,158,376,376,http://localhost:8079/?token=518504778&user=-1355064518&config=3,10828,0,0
1777922708217,10826,HTTP Request,200,OK,Config 3: Exp9 1-78,text,true,,231,158,376,376,http://localhost:8079/?token=518504778&user=-1355064518&config=3,10826,0,0
1777922708217,10826,HTTP Request,200,OK,Config 3: Exp9 1-213,text,true,,231,158,376,376,http://localhost:8079/?token=518504778&user=-1355064518&config=3,10826,0,0
1777922708215,10828,HTTP Request,200,OK,Config 3: Exp9 1-205,text,true,,231,158,376,376,http://localhost:8079/?token=518504778&user=-1355064518&config=3,10828,0,0
1777922708216,10827,HTTP Request,200,OK,Config 3: Exp9 1-171,text,true,,231,158,376,376,http://localhost:8079/?token=518504778&user=-1355064518&config=3,10827,0,0
1777922708217,10826,HTTP Request,200,OK,Config 3: Exp9 1-11,text,true,,231,158,376,376,http://localhost:8079/?token=518504778&user=-1355064518&config=3,10826,0,0
1777922708217,10826,HTTP Request,200,OK,Config 3: Exp9 1-169,text,true,,231,158,376,376,http://localhost:8079/?token=518504778&user=-1355064518&config=3,10826,0,0
1777922708219,10825,HTTP Request,200,OK,Config 3: Exp9 1-253,text,true,,231,158,377,377,http://localhost:8079/?token=518504778&user=-1355064518&config=3,10825,0,0
1777922708216,10828,HTTP Request,200,OK,Config 3: Exp9 1-211,text,true,,231,158,377,377,http://localhost:8079/?token=518504778&user=-1355064518&config=3,10828,0,0
1777922708216,10828,HTTP Request,200,OK,Config 3: Exp9 1-240,text,true,,231,158,377,377,http://localhost:8079/?token=518504778&user=-1355064518&config=3,10828,0,0
1777922708216,10828,HTTP Request,200,OK,Config 3: Exp9 1-214,text,true,,231,158,377,377,http://localhost:8079/?token=518504778&user=-1355064518&config=3,10828,0,0
1777922708219,10827,HTTP Request,200,OK,Config 3: Exp9 1-122,text,true,,231,158,377,377,http://localhost:8079/?token=518504778&user=-1355064518&config=3,10827,0,0
1777922708218,10828,HTTP Request,200,OK,Config 3: Exp9 1-242,text,true,,231,158,377,377,http://localhost:8079/?token=518504778&user=-1355064518&config=3,10828,0,0
1777922708219,10827,HTTP Request,200,OK,Config 3: Exp9 1-246,text,true,,231,158,377,377,http://localhost:8079/?token=518504778&user=-1355064518&config=3,10827,0,0
1777922708219,10827,HTTP Request,200,OK,Config 3: Exp9 1-248,text,true,,231,158,377,377,http://localhost:8079/?token=518504778&user=-1355064518&config=3,10827,0,0
1777922708219,10828,HTTP Request,200,OK,Config 3: Exp9 1-151,text,true,,231,158,377,377,http://localhost:8079/?token=518504778&user=-1355064518&config=3,10828,0,0
1777922708219,10828,HTTP Request,200,OK,Config 3: Exp9 1-252,text,true,,231,158,377,377,http://localhost:8079/?token=518504778&user=-1355064518&config=3,10828,0,0
1777922708219,10828,HTTP Request,200,OK,Config 3: Exp9 1-150,text,true,,231,158,377,377,http://localhost:8079/?token=518504778&user=-1355064518&config=3,10828,0,0
1777922708217,10830,HTTP Request,200,OK,Config 3: Exp9 1-61,text,true,,231,158,377,377,http://localhost:8079/?token=518504778&user=-1355064518&config=3,10830,0,0
1777922708217,10830,HTTP Request,200,OK,Config 3: Exp9 1-132,text,true,,231,158,377,377,http://localhost:8079/?token=518504778&user=-1355064518&config=3,10830,0,0
1777922708216,10831,HTTP Request,200,OK,Config 3: Exp9 1-219,text,true,,231,158,377,377,http://localhost:8079/?token=518504778&user=-1355064518&config=3,10831,0,0
1777922708216,10831,HTTP Request,200,OK,Config 3: Exp9 1-241,text,true,,231,158,377,377,http://localhost:8079/?token=518504778&user=-1355064518&config=3,10831,0,0
1777922710410,11492,HTTP Request,200,OK,Config 3: Exp9 1-92,text,true,,231,158,392,392,http://localhost:8079/?token=518504778&user=-1355064518&config=3,11492,0,0
1777922710410,11492,HTTP Request,200,OK,Config 3: Exp9 1-107,text,true,,231,158,392,392,http://localhost:8079/?token=518504778&user=-1355064518&config=3,11492,0,0
1777922710410,11492,HTTP Request,200,OK,Config 3: Exp9 1-124,text,true,,231,158,392,392,http://localhost:8079/?token=518504778&user=-1355064518&config=3,11492,0,0
1777922710414,11488,HTTP Request,200,OK,Config 3: Exp9 1-23,text,true,,231,158,392,392,http://localhost:8079/?token=518504778&user=-1355064518&config=3,11488,0,0
1777922710414,11488,HTTP Request,200,OK,Config 3: Exp9 1-7,text,true,,231,158,392,392,http://localhost:8079/?token=518504778&user=-1355064518&config=3,11488,0,0
1777922710411,11491,HTTP Request,200,OK,Config 3: Exp9 1-24,text,true,,231,158,392,392,http://localhost:8079/?token=518504778&user=-1355064518&config=3,11491,0,0
1777922710410,11492,HTTP Request,200,OK,Config 3: Exp9 1-58,text,true,,231,158,392,392,http://localhost:8079/?token=518504778&user=-1355064518&config=3,11492,0,0
1777922710414,11488,HTTP Request,200,OK,Config 3: Exp9 1-42,text,true,,231,158,392,392,http://localhost:8079/?token=518504778&user=-1355064518&config=3,11488,0,0
1777922710415,11487,HTTP Request,200,OK,Config 3: Exp9 1-36,text,true,,231,158,392,392,http://localhost:8079/?token=518504778&user=-1355064518&config=3,11487,0,0
1777922710410,11492,HTTP Request,200,OK,Config 3: Exp9 1-40,text,true,,231,158,392,392,http://localhost:8079/?token=518504778&user=-1355064518&config=3,11492,0,0
1777922710413,11489,HTTP Request,200,OK,Config 3: Exp9 1-56,text,true,,231,158,392,392,http://localhost:8079/?token=518504778&user=-1355064518&config=3,11489,0,0
1777922710413,11490,HTTP Request,200,OK,Config 3: Exp9 1-97,text,true,,231,158,392,392,http://localhost:8079/?token=518504778&user=-1355064518&config=3,11490,0,0
1777922710410,11493,HTTP Request,200,OK,Config 3: Exp9 1-91,text,true,,231,158,392,392,http://localhost:8079/?token=518504778&user=-1355064518&config=3,11493,0,0
1777922710414,11489,HTTP Request,200,OK,Config 3: Exp9 1-99,text,true,,231,158,392,392,http://localhost:8079/?token=518504778&user=-1355064518&config=3,11489,0,0
1777922710410,11493,HTTP Request,200,OK,Config 3: Exp9 1-74,text,true,,231,158,392,392,http://localhost:8079/?token=518504778&user=-1355064518&config=3,11493,0,0
1777922710414,11489,HTTP Request,200,OK,Config 3: Exp9 1-82,text,true,,231,158,392,392,http://localhost:8079/?token=518504778&user=-1355064518&config=3,11489,0,0
1777922710410,11493,HTTP Request,200,OK,Config 3: Exp9 1-80,text,true,,231,158,392,392,http://localhost:8079/?token=518504778&user=-1355064518&config=3,11493,0,0
1777922710411,11492,HTTP Request,200,OK,Config 3: Exp9 1-125,text,true,,231,158,392,392,http://localhost:8079/?token=518504778&user=-1355064518&config=3,11492,0,0
1777922710410,11493,HTTP Request,200,OK,Config 3: Exp9 1-116,text,true,,231,158,392,392,http://localhost:8079/?token=518504778&user=-1355064518&config=3,11493,0,0
1777922710415,11489,HTTP Request,200,OK,Config 3: Exp9 1-10,text,true,,231,158,392,392,http://localhost:8079/?token=518504778&user=-1355064518&config=3,11489,0,0
1777922710415,11489,HTTP Request,200,OK,Config 3: Exp9 1-63,text,true,,231,158,392,392,http://localhost:8079/?token=518504778&user=-1355064518&config=3,11489,0,0
1777922710414,11490,HTTP Request,200,OK,Config 3: Exp9 1-12,text,true,,231,158,392,392,http://localhost:8079/?token=518504778&user=-1355064518&config=3,11490,0,0
1777922710415,11489,HTTP Request,200,OK,Config 3: Exp9 1-65,text,true,,231,158,392,392,http://localhost:8079/?token=518504778&user=-1355064518&config=3,11489,0,0
1777922710415,11489,HTTP Request,200,OK,Config 3: Exp9 1-30,text,true,,231,158,392,392,http://localhost:8079/?token=518504778&user=-1355064518&config=3,11489,0,0
1777922710415,11489,HTTP Request,200,OK,Config 3: Exp9 1-29,text,true,,231,158,392,392,http://localhost:8079/?token=518504778&user=-1355064518&config=3,11489,0,0
1777922710415,11489,HTTP Request,200,OK,Config 3: Exp9 1-54,text,true,,231,158,392,392,http://localhost:8079/?token=518504778&user=-1355064518&config=3,11489,0,0
1777922710415,11489,HTTP Request,200,OK,Config 3: Exp9 1-53,text,true,,231,158,392,392,http://localhost:8079/?token=518504778&user=-1355064518&config=3,11489,0,0
1777922710414,11490,HTTP Request,200,OK,Config 3: Exp9 1-75,text,true,,231,158,392,392,http://localhost:8079/?token=518504778&user=-1355064518&config=3,11490,0,0
1777922710416,11489,HTTP Request,200,OK,Config 3: Exp9 1-25,text,true,,231,158,392,392,http://localhost:8079/?token=518504778&user=-1355064518&config=3,11489,0,0
1777922710416,11489,HTTP Request,200,OK,Config 3: Exp9 1-13,text,true,,231,158,392,392,http://localhost:8079/?token=518504778&user=-1355064518&config=3,11489,0,0
1777922710415,11490,HTTP Request,200,OK,Config 3: Exp9 1-31,text,true,,231,158,392,392,http://localhost:8079/?token=518504778&user=-1355064518&config=3,11490,0,0
1777922710416,11489,HTTP Request,200,OK,Config 3: Exp9 1-26,text,true,,231,158,392,392,http://localhost:8079/?token=518504778&user=-1355064518&config=3,11489,0,0
1777922710415,11490,HTTP Request,200,OK,Config 3: Exp9 1-64,text,true,,231,158,392,392,http://localhost:8079/?token=518504778&user=-1355064518&config=3,11490,0,0
1777922710415,11490,HTTP Request,200,OK,Config 3: Exp9 1-46,text,true,,231,158,392,392,http://localhost:8079/?token=518504778&user=-1355064518&config=3,11490,0,0
1777922710416,11489,HTTP Request,200,OK,Config 3: Exp9 1-48,text,true,,231,158,392,392,http://localhost:8079/?token=518504778&user=-1355064518&config=3,11489,0,0
1777922710416,11489,HTTP Request,200,OK,Config 3: Exp9 1-14,text,true,,231,158,392,392,http://localhost:8079/?token=518504778&user=-1355064518&config=3,11489,0,0
1777922710415,11490,HTTP Request,200,OK,Config 3: Exp9 1-47,text,true,,231,158,392,392,http://localhost:8079/?token=518504778&user=-1355064518&config=3,11490,0,0
1777922710416,11489,HTTP Request,200,OK,Config 3: Exp9 1-96,text,true,,231,158,392,392,http://localhost:8079/?token=518504778&user=-1355064518&config=3,11489,0,0
1777922710415,11490,HTTP Request,200,OK,Config 3: Exp9 1-113,text,true,,231,158,392,392,http://localhost:8079/?token=518504778&user=-1355064518&config=3,11490,0,0
1777922710416,11489,HTTP Request,200,OK,Config 3: Exp9 1-81,text,true,,231,158,392,392,http://localhost:8079/?token=518504778&user=-1355064518&config=3,11489,0,0
1777922710416,11489,HTTP Request,200,OK,Config 3: Exp9 1-115,text,true,,231,158,392,392,http://localhost:8079/?token=518504778&user=-1355064518&config=3,11489,0,0
1777922710415,11490,HTTP Request,200,OK,Config 3: Exp9 1-114,text,true,,231,158,392,392,http://localhost:8079/?token=518504778&user=-1355064518&config=3,11490,0,0
1777922710416,11489,HTTP Request,200,OK,Config 3: Exp9 1-62,text,true,,231,158,392,392,http://localhost:8079/?token=518504778&user=-1355064518&config=3,11489,0,0
1777922710416,11489,HTTP Request,200,OK,Config 3: Exp9 1-174,text,true,,231,158,392,392,http://localhost:8079/?token=518504778&user=-1355064518&config=3,11489,0,0
1777922710415,11490,HTTP Request,200,OK,Config 3: Exp9 1-79,text,true,,231,158,392,392,http://localhost:8079/?token=518504778&user=-1355064518&config=3,11490,0,0
1777922710416,11489,HTTP Request,200,OK,Config 3: Exp9 1-119,text,true,,231,158,392,392,http://localhost:8079/?token=518504778&user=-1355064518&config=3,11489,0,0
1777922710415,11490,HTTP Request,200,OK,Config 3: Exp9 1-176,text,true,,231,158,392,392,http://localhost:8079/?token=518504778&user=-1355064518&config=3,11490,0,0
1777922710415,11490,HTTP Request,200,OK,Config 3: Exp9 1-104,text,true,,231,158,392,392,http://localhost:8079/?token=518504778&user=-1355064518&config=3,11490,0,0
1777922710416,11489,HTTP Request,200,OK,Config 3: Exp9 1-173,text,true,,231,158,392,392,http://localhost:8079/?token=518504778&user=-1355064518&config=3,11489,0,0
1777922710416,11489,HTTP Request,200,OK,Config 3: Exp9 1-180,text,true,,231,158,392,392,http://localhost:8079/?token=518504778&user=-1355064518&config=3,11489,0,1
1777922710417,11488,HTTP Request,200,OK,Config 3: Exp9 1-44,text,true,,231,158,392,392,http://localhost:8079/?token=518504778&user=-1355064518&config=3,11488,0,0
1777922710416,11489,HTTP Request,200,OK,Config 3: Exp9 1-175,text,true,,231,158,392,392,http://localhost:8079/?token=518504778&user=-1355064518&config=3,11489,0,1
1777922710417,11489,HTTP Request,200,OK,Config 3: Exp9 1-94,text,true,,231,158,392,392,http://localhost:8079/?token=518504778&user=-1355064518&config=3,11489,0,0
1777922710422,11484,HTTP Request,200,OK,Config 3: Exp9 1-285,text,true,,231,158,392,392,http://localhost:8079/?token=518504778&user=-1355064518&config=3,11484,0,0
1777922710418,11488,HTTP Request,200,OK,Config 3: Exp9 1-27,text,true,,231,158,392,392,http://localhost:8079/?token=518504778&user=-1355064518&config=3,11488,0,1
1777922710419,11487,HTTP Request,200,OK,Config 3: Exp9 1-110,text,true,,231,158,392,392,http://localhost:8079/?token=518504778&user=-1355064518&config=3,11487,0,0
1777922710417,11489,HTTP Request,200,OK,Config 3: Exp9 1-111,text,true,,231,158,392,392,http://localhost:8079/?token=518504778&user=-1355064518&config=3,11489,0,0
1777922710417,11489,HTTP Request,200,OK,Config 3: Exp9 1-145,text,true,,231,158,392,392,http://localhost:8079/?token=518504778&user=-1355064518&config=3,11489,0,0
1777922710418,11488,HTTP Request,200,OK,Config 3: Exp9 1-127,text,true,,231,158,392,392,http://localhost:8079/?token=518504778&user=-1355064518&config=3,11488,0,1
1777922710417,11489,HTTP Request,200,OK,Config 3: Exp9 1-187,text,true,,231,158,392,392,http://localhost:8079/?token=518504778&user=-1355064518&config=3,11489,0,0
1777922710419,11487,HTTP Request,200,OK,Config 3: Exp9 1-284,text,true,,231,158,392,392,http://localhost:8079/?token=518504778&user=-1355064518&config=3,11487,0,0
1777922710418,11488,HTTP Request,200,OK,Config 3: Exp9 1-85,text,true,,231,158,392,392,http://localhost:8079/?token=518504778&user=-1355064518&config=3,11488,0,1
1777922710422,11484,HTTP Request,200,OK,Config 3: Exp9 1-290,text,true,,231,158,392,392,http://localhost:8079/?token=518504778&user=-1355064518&config=3,11484,0,0
1777922710418,11489,HTTP Request,200,OK,Config 3: Exp9 1-179,text,true,,231,158,392,392,http://localhost:8079/?token=518504778&user=-1355064518&config=3,11489,0,0
1777922710418,11489,HTTP Request,200,OK,Config 3: Exp9 1-286,text,true,,231,158,392,392,http://localhost:8079/?token=518504778&user=-1355064518&config=3,11489,0,0
1777922710417,11490,HTTP Request,200,OK,Config 3: Exp9 1-182,text,true,,231,158,392,392,http://localhost:8079/?token=518504778&user=-1355064518&config=3,11490,0,0
1777922710418,11489,HTTP Request,200,OK,Config 3: Exp9 1-287,text,true,,231,158,392,392,http://localhost:8079/?token=518504778&user=-1355064518&config=3,11489,0,0
1777922710422,11485,HTTP Request,200,OK,Config 3: Exp9 1-294,text,true,,231,158,392,392,http://localhost:8079/?token=518504778&user=-1355064518&config=3,11485,0,0
1777922710419,11491,HTTP Request,200,OK,Config 3: Exp9 1-186,text,true,,231,158,393,393,http://localhost:8079/?token=518504778&user=-1355064518&config=3,11491,0,0
1777922710417,11493,HTTP Request,200,OK,Config 3: Exp9 1-177,text,true,,231,158,393,393,http://localhost:8079/?token=518504778&user=-1355064518&config=3,11493,0,0
1777922710417,11493,HTTP Request,200,OK,Config 3: Exp9 1-181,text,true,,231,158,393,393,http://localhost:8079/?token=518504778&user=-1355064518&config=3,11493,0,0
1777922710418,11492,HTTP Request,200,OK,Config 3: Exp9 1-139,text,true,,231,158,393,393,http://localhost:8079/?token=518504778&user=-1355064518&config=3,11492,0,1
1777922710422,11488,HTTP Request,200,OK,Config 3: Exp9 1-292,text,true,,231,158,393,393,http://localhost:8079/?token=518504778&user=-1355064518&config=3,11488,0,0
1777922710418,11492,HTTP Request,200,OK,Config 3: Exp9 1-289,text,true,,231,158,393,393,http://localhost:8079/?token=518504778&user=-1355064518&config=3,11492,0,0
1777922713567,8343,HTTP Request,500,Internal Server Error,Config 3: Exp9 1-76,text,false,,233,158,393,393,http://localhost:8079/?token=518504778&user=-1355064518&config=3,8343,0,0
1777922713567,8343,HTTP Request,500,Internal Server Error,Config 3: Exp9 1-112,text,false,,233,158,393,393,http://localhost:8079/?token=518504778&user=-1355064518&config=3,8343,0,0
1777922713567,8343,HTTP Request,500,Internal Server Error,Config 3: Exp9 1-59,text,false,,233,158,393,393,http://localhost:8079/?token=518504778&user=-1355064518&config=3,8343,0,0
1777922713567,8343,HTTP Request,500,Internal Server Error,Config 3: Exp9 1-141,text,false,,233,158,393,393,http://localhost:8079/?token=518504778&user=-1355064518&config=3,8343,0,0
1777922713565,8346,HTTP Request,500,Internal Server Error,Config 3: Exp9 1-273,text,false,,233,158,393,393,http://localhost:8079/?token=518504778&user=-1355064518&config=3,8346,0,0
1777922713567,8344,HTTP Request,500,Internal Server Error,Config 3: Exp9 1-276,text,false,,233,158,393,393,http://localhost:8079/?token=518504778&user=-1355064518&config=3,8344,0,0
1777922713567,8344,HTTP Request,500,Internal Server Error,Config 3: Exp9 1-278,text,false,,233,158,393,393,http://localhost:8079/?token=518504778&user=-1355064518&config=3,8344,0,0
1777922713567,8344,HTTP Request,500,Internal Server Error,Config 3: Exp9 1-283,text,false,,233,158,393,393,http://localhost:8079/?token=518504778&user=-1355064518&config=3,8344,0,0
1777922713565,8346,HTTP Request,500,Internal Server Error,Config 3: Exp9 1-275,text,false,,233,158,393,393,http://localhost:8079/?token=518504778&user=-1355064518&config=3,8346,0,0
1777922713565,8346,HTTP Request,500,Internal Server Error,Config 3: Exp9 1-270,text,false,,233,158,393,393,http://localhost:8079/?token=518504778&user=-1355064518&config=3,8346,0,0
1777922713565,8346,HTTP Request,500,Internal Server Error,Config 3: Exp9 1-264,text,false,,233,158,393,393,http://localhost:8079/?token=518504778&user=-1355064518&config=3,8346,0,0
1777922713567,8344,HTTP Request,500,Internal Server Error,Config 3: Exp9 1-279,text,false,,233,158,393,393,http://localhost:8079/?token=518504778&user=-1355064518&config=3,8344,0,0
1777922713567,8344,HTTP Request,500,Internal Server Error,Config 3: Exp9 1-277,text,false,,233,158,393,393,http://localhost:8079/?token=518504778&user=-1355064518&config=3,8344,0,0
1777922713567,8344,HTTP Request,500,Internal Server Error,Config 3: Exp9 1-282,text,false,,233,158,393,393,http://localhost:8079/?token=518504778&user=-1355064518&config=3,8344,0,0
1777922713567,8346,HTTP Request,500,Internal Server Error,Config 3: Exp9 1-280,text,false,,233,158,393,393,http://localhost:8079/?token=518504778&user=-1355064518&config=3,8346,0,0
1777922713853,8060,HTTP Request,500,Internal Server Error,Config 3: Exp9 1-348,text,false,,233,158,393,393,http://localhost:8079/?token=518504778&user=-1355064518&config=3,8060,0,1
1777922713567,8346,HTTP Request,500,Internal Server Error,Config 3: Exp9 1-178,text,false,,233,158,393,393,http://localhost:8079/?token=518504778&user=-1355064518&config=3,8346,0,0
1777922714748,7165,HTTP Request,500,Internal Server Error,Config 3: Exp9 1-353,text,false,,233,158,393,393,http://localhost:8079/?token=518504778&user=-1355064518&config=3,7165,0,0
1777922713675,8238,HTTP Request,500,Internal Server Error,Config 3: Exp9 1-347,text,false,,233,158,393,393,http://localhost:8079/?token=518504778&user=-1355064518&config=3,8238,0,0
1777922714032,7881,HTTP Request,500,Internal Server Error,Config 3: Exp9 1-349,text,false,,233,158,393,393,http://localhost:8079/?token=518504778&user=-1355064518&config=3,7881,0,1
1777922715644,6269,HTTP Request,500,Internal Server Error,Config 3: Exp9 1-358,text,false,,233,158,393,393,http://localhost:8079/?token=518504778&user=-1355064518&config=3,6269,0,1
1777922714927,6986,HTTP Request,500,Internal Server Error,Config 3: Exp9 1-354,text,false,,233,158,393,393,http://localhost:8079/?token=518504778&user=-1355064518&config=3,6986,0,1
1777922715107,6806,HTTP Request,500,Internal Server Error,Config 3: Exp9 1-355,text,false,,233,158,393,393,http://localhost:8079/?token=518504778&user=-1355064518&config=3,6806,0,0
1777922714391,7522,HTTP Request,500,Internal Server Error,Config 3: Exp9 1-351,text,false,,233,158,393,393,http://localhost:8079/?token=518504778&user=-1355064518&config=3,7522,0,0
1777922715285,6629,HTTP Request,500,Internal Server Error,Config 3: Exp9 1-356,text,false,,233,158,393,393,http://localhost:8079/?token=518504778&user=-1355064518&config=3,6629,0,1
1777922715464,6450,HTTP Request,500,Internal Server Error,Config 3: Exp9 1-357,text,false,,233,158,393,393,http://localhost:8079/?token=518504778&user=-1355064518&config=3,6450,0,1
1777922713567,8347,HTTP Request,500,Internal Server Error,Config 3: Exp9 1-281,text,false,,233,158,393,393,http://localhost:8079/?token=518504778&user=-1355064518&config=3,8347,0,0
1777922716002,5912,HTTP Request,500,Internal Server Error,Config 3: Exp9 1-360,text,false,,233,158,393,393,http://localhost:8079/?token=518504778&user=-1355064518&config=3,5912,0,0
1777922715823,6091,HTTP Request,500,Internal Server Error,Config 3: Exp9 1-359,text,false,,233,158,393,393,http://localhost:8079/?token=518504778&user=-1355064518&config=3,6091,0,0
1777922714212,7702,HTTP Request,500,Internal Server Error,Config 3: Exp9 1-350,text,false,,233,158,393,393,http://localhost:8079/?token=518504778&user=-1355064518&config=3,7702,0,0
1777922714569,7345,HTTP Request,500,Internal Server Error,Config 3: Exp9 1-352,text,false,,233,158,393,393,http://localhost:8079/?token=518504778&user=-1355064518&config=3,7345,0,0
1777922710417,18481,HTTP Request,200,OK,Config 3: Exp9 1-188,text,true,,231,158,432,432,http://localhost:8079/?token=518504778&user=-1355064518&config=3,18481,0,0
1777922710418,18480,HTTP Request,200,OK,Config 3: Exp9 1-126,text,true,,231,158,432,432,http://localhost:8079/?token=518504778&user=-1355064518&config=3,18480,0,0
1777922710422,18476,HTTP Request,200,OK,Config 3: Exp9 1-288,text,true,,231,158,432,432,http://localhost:8079/?token=518504778&user=-1355064518&config=3,18476,0,0
1777922710418,18480,HTTP Request,200,OK,Config 3: Exp9 1-138,text,true,,231,158,432,432,http://localhost:8079/?token=518504778&user=-1355064518&config=3,18480,0,0
1777922711884,17014,HTTP Request,200,OK,Config 3: Exp9 1-337,text,true,,231,158,432,432,http://localhost:8079/?token=518504778&user=-1355064518&config=3,17014,0,1
1777922710632,18266,HTTP Request,200,OK,Config 3: Exp9 1-330,text,true,,231,158,432,432,http://localhost:8079/?token=518504778&user=-1355064518&config=3,18266,0,0
1777922710990,17908,HTTP Request,200,OK,Config 3: Exp9 1-332,text,true,,231,158,432,432,http://localhost:8079/?token=518504778&user=-1355064518&config=3,17908,0,0
1777922711169,17729,HTTP Request,200,OK,Config 3: Exp9 1-333,text,true,,231,158,432,432,http://localhost:8079/?token=518504778&user=-1355064518&config=3,17729,0,1
1777922711706,17192,HTTP Request,200,OK,Config 3: Exp9 1-336,text,true,,231,158,432,432,http://localhost:8079/?token=518504778&user=-1355064518&config=3,17192,0,1
1777922711348,17550,HTTP Request,200,OK,Config 3: Exp9 1-334,text,true,,231,158,432,432,http://localhost:8079/?token=518504778&user=-1355064518&config=3,17550,0,0
1777922711527,17371,HTTP Request,200,OK,Config 3: Exp9 1-335,text,true,,231,158,432,432,http://localhost:8079/?token=518504778&user=-1355064518&config=3,17371,0,1
1777922710811,18088,HTTP Request,200,OK,Config 3: Exp9 1-331,text,true,,231,158,432,432,http://localhost:8079/?token=518504778&user=-1355064518&config=3,18088,0,0
1777922710418,18481,HTTP Request,200,OK,Config 3: Exp9 1-293,text,true,,231,158,432,432,http://localhost:8079/?token=518504778&user=-1355064518&config=3,18481,0,1
1777922710454,18445,HTTP Request,200,OK,Config 3: Exp9 1-329,text,true,,231,158,432,432,http://localhost:8079/?token=518504778&user=-1355064518&config=3,18445,0,0
1777922710422,18477,HTTP Request,200,OK,Config 3: Exp9 1-291,text,true,,231,158,432,432,http://localhost:8079/?token=518504778&user=-1355064518&config=3,18477,0,0
1777922712242,16657,HTTP Request,200,OK,Config 3: Exp9 1-339,text,true,,231,158,432,432,http://localhost:8079/?token=518504778&user=-1355064518&config=3,16657,0,0
1777922712063,16836,HTTP Request,200,OK,Config 3: Exp9 1-338,text,true,,231,158,432,432,http://localhost:8079/?token=518504778&user=-1355064518&config=3,16836,0,0
1777922713138,15761,HTTP Request,200,OK,Config 3: Exp9 1-344,text,true,,231,158,432,432,http://localhost:8079/?token=518504778&user=-1355064518&config=3,15761,0,1
1777922712421,16478,HTTP Request,200,OK,Config 3: Exp9 1-340,text,true,,231,158,432,432,http://localhost:8079/?token=518504778&user=-1355064518&config=3,16478,0,0
1777922712780,16120,HTTP Request,200,OK,Config 3: Exp9 1-342,text,true,,231,158,432,432,http://localhost:8079/?token=518504778&user=-1355064518&config=3,16120,0,0
1777922712600,16300,HTTP Request,200,OK,Config 3: Exp9 1-341,text,true,,231,158,432,432,http://localhost:8079/?token=518504778&user=-1355064518&config=3,16300,0,0
1777922712958,15942,HTTP Request,200,OK,Config 3: Exp9 1-343,text,true,,231,158,432,432,http://localhost:8079/?token=518504778&user=-1355064518&config=3,15942,0,1
1777922713559,15341,HTTP Request,200,OK,Config 3: Exp9 1-43,text,true,,231,158,432,432,http://localhost:8079/?token=518504778&user=-1355064518&config=3,15341,0,0
1777922713316,15584,HTTP Request,200,OK,Config 3: Exp9 1-345,text,true,,231,158,432,432,http://localhost:8079/?token=518504778&user=-1355064518&config=3,15584,0,1
1777922713559,15341,HTTP Request,200,OK,Config 3: Exp9 1-144,text,true,,231,158,432,432,http://localhost:8079/?token=518504778&user=-1355064518&config=3,15341,0,0
1777922713495,15405,HTTP Request,200,OK,Config 3: Exp9 1-346,text,true,,231,158,432,432,http://localhost:8079/?token=518504778&user=-1355064518&config=3,15405,0,0
1777922713559,15341,HTTP Request,200,OK,Config 3: Exp9 1-142,text,true,,231,158,432,432,http://localhost:8079/?token=518504778&user=-1355064518&config=3,15341,0,0
1777922713559,15341,HTTP Request,200,OK,Config 3: Exp9 1-18,text,true,,231,158,432,432,http://localhost:8079/?token=518504778&user=-1355064518&config=3,15341,0,0
1777922713560,15340,HTTP Request,200,OK,Config 3: Exp9 1-137,text,true,,231,158,432,432,http://localhost:8079/?token=518504778&user=-1355064518&config=3,15340,0,0
1777922713560,15341,HTTP Request,200,OK,Config 3: Exp9 1-224,text,true,,231,158,432,432,http://localhost:8079/?token=518504778&user=-1355064518&config=3,15341,0,0
1777922713559,15342,HTTP Request,200,OK,Config 3: Exp9 1-220,text,true,,231,158,432,432,http://localhost:8079/?token=518504778&user=-1355064518&config=3,15342,0,0
1777922713560,15341,HTTP Request,200,OK,Config 3: Exp9 1-223,text,true,,231,158,432,432,http://localhost:8079/?token=518504778&user=-1355064518&config=3,15341,0,0
1777922713560,15341,HTTP Request,200,OK,Config 3: Exp9 1-221,text,true,,231,158,432,432,http://localhost:8079/?token=518504778&user=-1355064518&config=3,15341,0,0
1777922713560,15341,HTTP Request,200,OK,Config 3: Exp9 1-184,text,true,,231,158,432,432,http://localhost:8079/?token=518504778&user=-1355064518&config=3,15341,0,0
1777922713559,15342,HTTP Request,200,OK,Config 3: Exp9 1-143,text,true,,231,158,432,432,http://localhost:8079/?token=518504778&user=-1355064518&config=3,15342,0,0
1777922713560,15341,HTTP Request,200,OK,Config 3: Exp9 1-238,text,true,,231,158,432,432,http://localhost:8079/?token=518504778&user=-1355064518&config=3,15341,0,0
1777922713561,15340,HTTP Request,200,OK,Config 3: Exp9 1-226,text,true,,231,158,432,432,http://localhost:8079/?token=518504778&user=-1355064518&config=3,15340,0,0
1777922713560,15341,HTTP Request,200,OK,Config 3: Exp9 1-225,text,true,,231,158,432,432,http://localhost:8079/?token=518504778&user=-1355064518&config=3,15341,0,0
1777922713560,15341,HTTP Request,200,OK,Config 3: Exp9 1-230,text,true,,231,158,432,432,http://localhost:8079/?token=518504778&user=-1355064518&config=3,15341,0,0
1777922713561,15341,HTTP Request,200,OK,Config 3: Exp9 1-136,text,true,,231,158,432,432,http://localhost:8079/?token=518504778&user=-1355064518&config=3,15341,0,0
1777922713561,15341,HTTP Request,200,OK,Config 3: Exp9 1-233,text,true,,231,158,432,432,http://localhost:8079/?token=518504778&user=-1355064518&config=3,15341,0,0
1777922713561,15341,HTTP Request,200,OK,Config 3: Exp9 1-140,text,true,,231,158,432,432,http://localhost:8079/?token=518504778&user=-1355064518&config=3,15341,0,0
1777922713562,15340,HTTP Request,200,OK,Config 3: Exp9 1-185,text,true,,231,158,432,432,http://localhost:8079/?token=518504778&user=-1355064518&config=3,15340,0,0
1777922713561,15341,HTTP Request,200,OK,Config 3: Exp9 1-222,text,true,,231,158,432,432,http://localhost:8079/?token=518504778&user=-1355064518&config=3,15341,0,0
1777922713562,15340,HTTP Request,200,OK,Config 3: Exp9 1-239,text,true,,231,158,432,432,http://localhost:8079/?token=518504778&user=-1355064518&config=3,15340,0,0
1777922713567,15335,HTTP Request,200,OK,Config 3: Exp9 1-60,text,true,,231,158,432,432,http://localhost:8079/?token=518504778&user=-1355064518&config=3,15335,0,0
1777922713567,15335,HTTP Request,200,OK,Config 3: Exp9 1-77,text,true,,231,158,432,432,http://localhost:8079/?token=518504778&user=-1355064518&config=3,15335,0,0
1777922713567,15335,HTTP Request,200,OK,Config 3: Exp9 1-93,text,true,,231,158,432,432,http://localhost:8079/?token=518504778&user=-1355064518&config=3,15335,0,0
1777922713567,15335,HTTP Request,200,OK,Config 3: Exp9 1-109,text,true,,231,158,432,432,http://localhost:8079/?token=518504778&user=-1355064518&config=3,15335,0,0
1777922713565,15337,HTTP Request,200,OK,Config 3: Exp9 1-274,text,true,,231,158,432,432,http://localhost:8079/?token=518504778&user=-1355064518&config=3,15337,0,0
1777922713565,15337,HTTP Request,200,OK,Config 3: Exp9 1-271,text,true,,231,158,432,432,http://localhost:8079/?token=518504778&user=-1355064518&config=3,15337,0,0
1777922713565,15338,HTTP Request,200,OK,Config 3: Exp9 1-268,text,true,,231,158,432,432,http://localhost:8079/?token=518504778&user=-1355064518&config=3,15338,0,0
1777922713561,15342,HTTP Request,200,OK,Config 3: Exp9 1-227,text,true,,231,158,432,432,http://localhost:8079/?token=518504778&user=-1355064518&config=3,15342,0,0
1777922713561,15342,HTTP Request,200,OK,Config 3: Exp9 1-232,text,true,,231,158,432,432,http://localhost:8079/?token=518504778&user=-1355064518&config=3,15342,0,0
1777922713563,15340,HTTP Request,200,OK,Config 3: Exp9 1-183,text,true,,231,158,432,432,http://localhost:8079/?token=518504778&user=-1355064518&config=3,15340,0,0
1777922713561,15342,HTTP Request,200,OK,Config 3: Exp9 1-236,text,true,,231,158,432,432,http://localhost:8079/?token=518504778&user=-1355064518&config=3,15342,0,0
1777922713561,15342,HTTP Request,200,OK,Config 3: Exp9 1-229,text,true,,231,158,432,432,http://localhost:8079/?token=518504778&user=-1355064518&config=3,15342,0,0
1777922713563,15341,HTTP Request,200,OK,Config 3: Exp9 1-265,text,true,,231,158,432,432,http://localhost:8079/?token=518504778&user=-1355064518&config=3,15341,0,0
1777922713563,15341,HTTP Request,200,OK,Config 3: Exp9 1-228,text,true,,231,158,432,432,http://localhost:8079/?token=518504778&user=-1355064518&config=3,15341,0,0
1777922713563,15341,HTTP Request,200,OK,Config 3: Exp9 1-237,text,true,,231,158,432,432,http://localhost:8079/?token=518504778&user=-1355064518&config=3,15341,0,0
1777922713565,15339,HTTP Request,200,OK,Config 3: Exp9 1-266,text,true,,231,158,432,432,http://localhost:8079/?token=518504778&user=-1355064518&config=3,15339,0,0
1777922713565,15339,HTTP Request,200,OK,Config 3: Exp9 1-267,text,true,,231,158,432,432,http://localhost:8079/?token=518504778&user=-1355064518&config=3,15339,0,0
1777922713565,15339,HTTP Request,200,OK,Config 3: Exp9 1-269,text,true,,231,158,432,432,http://localhost:8079/?token=518504778&user=-1355064518&config=3,15339,0,0
1777922713565,15339,HTTP Request,200,OK,Config 3: Exp9 1-231,text,true,,231,158,432,432,http://localhost:8079/?token=518504778&user=-1355064518&config=3,15339,0,0
1777922713563,15341,HTTP Request,200,OK,Config 3: Exp9 1-9,text,true,,231,158,432,432,http://localhost:8079/?token=518504778&user=-1355064518&config=3,15341,0,0
1777922713565,15339,HTTP Request,200,OK,Config 3: Exp9 1-235,text,true,,231,158,432,432,http://localhost:8079/?token=518504778&user=-1355064518&config=3,15339,0,0
1777922713563,15341,HTTP Request,200,OK,Config 3: Exp9 1-234,text,true,,231,158,432,432,http://localhost:8079/?token=518504778&user=-1355064518&config=3,15341,0,0
1777922713565,15339,HTTP Request,200,OK,Config 3: Exp9 1-272,text,true,,231,158,432,432,http://localhost:8079/?token=518504778&user=-1355064518&config=3,15339,0,0
1777922716138,13553,HTTP Request,200,OK,Config 3: Exp9 1-34,text,true,,231,158,436,436,http://localhost:8079/?token=518504778&user=-1355064518&config=3,13553,0,0
1777922716138,13553,HTTP Request,200,OK,Config 3: Exp9 1-57,text,true,,231,158,436,436,http://localhost:8079/?token=518504778&user=-1355064518&config=3,13553,0,0
1777922716138,13553,HTTP Request,200,OK,Config 3: Exp9 1-108,text,true,,231,158,436,436,http://localhost:8079/?token=518504778&user=-1355064518&config=3,13553,0,0
1777922716138,13554,HTTP Request,200,OK,Config 3: Exp9 1-90,text,true,,231,158,436,436,http://localhost:8079/?token=518504778&user=-1355064518&config=3,13554,0,0
1777922716138,13555,HTTP Request,200,OK,Config 3: Exp9 1-55,text,true,,231,158,436,436,http://localhost:8079/?token=518504778&user=-1355064518&config=3,13555,0,0
1777922716138,13555,HTTP Request,200,OK,Config 3: Exp9 1-68,text,true,,231,158,436,436,http://localhost:8079/?token=518504778&user=-1355064518&config=3,13555,0,0
1777922716138,13555,HTTP Request,200,OK,Config 3: Exp9 1-105,text,true,,231,158,436,436,http://localhost:8079/?token=518504778&user=-1355064518&config=3,13555,0,0
1777922716138,13555,HTTP Request,200,OK,Config 3: Exp9 1-70,text,true,,231,158,436,436,http://localhost:8079/?token=518504778&user=-1355064518&config=3,13555,0,0
1777922716138,13555,HTTP Request,200,OK,Config 3: Exp9 1-135,text,true,,231,158,436,436,http://localhost:8079/?token=518504778&user=-1355064518&config=3,13555,0,0
1777922716138,13555,HTTP Request,200,OK,Config 3: Exp9 1-73,text,true,,231,158,436,436,http://localhost:8079/?token=518504778&user=-1355064518&config=3,13555,0,0
1777922716139,13554,HTTP Request,200,OK,Config 3: Exp9 1-67,text,true,,231,158,436,436,http://localhost:8079/?token=518504778&user=-1355064518&config=3,13554,0,0
1777922716136,13557,HTTP Request,200,OK,Config 3: Exp9 1-295,text,true,,231,158,436,436,http://localhost:8079/?token=518504778&user=-1355064518&config=3,13557,0,0
1777922716138,13555,HTTP Request,200,OK,Config 3: Exp9 1-203,text,true,,231,158,436,436,http://localhost:8079/?token=518504778&user=-1355064518&config=3,13555,0,0
1777922716140,13554,HTTP Request,200,OK,Config 3: Exp9 1-38,text,true,,231,158,436,436,http://localhost:8079/?token=518504778&user=-1355064518&config=3,13554,0,0
1777922716140,13554,HTTP Request,200,OK,Config 3: Exp9 1-69,text,true,,231,158,436,436,http://localhost:8079/?token=518504778&user=-1355064518&config=3,13554,0,0
1777922716138,13556,HTTP Request,200,OK,Config 3: Exp9 1-123,text,true,,231,158,436,436,http://localhost:8079/?token=518504778&user=-1355064518&config=3,13556,0,0
1777922716138,13556,HTTP Request,200,OK,Config 3: Exp9 1-39,text,true,,231,158,436,436,http://localhost:8079/?token=518504778&user=-1355064518&config=3,13556,0,0
1777922716137,13558,HTTP Request,200,OK,Config 3: Exp9 1-33,text,true,,231,158,436,436,http://localhost:8079/?token=518504778&user=-1355064518&config=3,13558,0,0
1777922716141,13554,HTTP Request,200,OK,Config 3: Exp9 1-41,text,true,,231,158,436,436,http://localhost:8079/?token=518504778&user=-1355064518&config=3,13554,0,0
1777922716138,13557,HTTP Request,200,OK,Config 3: Exp9 1-66,text,true,,231,158,436,436,http://localhost:8079/?token=518504778&user=-1355064518&config=3,13557,0,0
1777922716139,13556,HTTP Request,200,OK,Config 3: Exp9 1-84,text,true,,231,158,436,436,http://localhost:8079/?token=518504778&user=-1355064518&config=3,13556,0,0
1777922716138,13557,HTTP Request,200,OK,Config 3: Exp9 1-167,text,true,,231,158,436,436,http://localhost:8079/?token=518504778&user=-1355064518&config=3,13557,0,0
1777922716140,13556,HTTP Request,200,OK,Config 3: Exp9 1-50,text,true,,231,158,436,436,http://localhost:8079/?token=518504778&user=-1355064518&config=3,13556,0,0
1777922716140,13556,HTTP Request,200,OK,Config 3: Exp9 1-32,text,true,,231,158,436,436,http://localhost:8079/?token=518504778&user=-1355064518&config=3,13556,0,0
1777922716140,13556,HTTP Request,200,OK,Config 3: Exp9 1-51,text,true,,231,158,436,436,http://localhost:8079/?token=518504778&user=-1355064518&config=3,13556,0,0
1777922716141,13555,HTTP Request,200,OK,Config 3: Exp9 1-87,text,true,,231,158,436,436,http://localhost:8079/?token=518504778&user=-1355064518&config=3,13555,0,0
1777922716138,13558,HTTP Request,200,OK,Config 3: Exp9 1-98,text,true,,231,158,436,436,http://localhost:8079/?token=518504778&user=-1355064518&config=3,13558,0,0
1777922716136,13560,HTTP Request,200,OK,Config 3: Exp9 1-189,text,true,,231,158,436,436,http://localhost:8079/?token=518504778&user=-1355064518&config=3,13560,0,0
1777922716141,13555,HTTP Request,200,OK,Config 3: Exp9 1-206,text,true,,231,158,436,436,http://localhost:8079/?token=518504778&user=-1355064518&config=3,13555,0,0
1777922716141,13555,HTTP Request,200,OK,Config 3: Exp9 1-197,text,true,,231,158,436,436,http://localhost:8079/?token=518504778&user=-1355064518&config=3,13555,0,0
1777922716141,13555,HTTP Request,200,OK,Config 3: Exp9 1-208,text,true,,231,158,436,436,http://localhost:8079/?token=518504778&user=-1355064518&config=3,13555,0,0
1777922716142,13554,HTTP Request,200,OK,Config 3: Exp9 1-106,text,true,,231,158,436,436,http://localhost:8079/?token=518504778&user=-1355064518&config=3,13554,0,0
1777922716142,13554,HTTP Request,200,OK,Config 3: Exp9 1-49,text,true,,231,158,436,436,http://localhost:8079/?token=518504778&user=-1355064518&config=3,13554,0,0
1777922716141,13556,HTTP Request,200,OK,Config 3: Exp9 1-88,text,true,,231,158,436,436,http://localhost:8079/?token=518504778&user=-1355064518&config=3,13556,0,0
1777922716141,13556,HTTP Request,200,OK,Config 3: Exp9 1-86,text,true,,231,158,436,436,http://localhost:8079/?token=518504778&user=-1355064518&config=3,13556,0,0
1777922716141,13556,HTTP Request,200,OK,Config 3: Exp9 1-102,text,true,,231,158,436,436,http://localhost:8079/?token=518504778&user=-1355064518&config=3,13556,0,0
1777922716141,13556,HTTP Request,200,OK,Config 3: Exp9 1-164,text,true,,231,158,436,436,http://localhost:8079/?token=518504778&user=-1355064518&config=3,13556,0,0
1777922716141,13556,HTTP Request,200,OK,Config 3: Exp9 1-89,text,true,,231,158,436,436,http://localhost:8079/?token=518504778&user=-1355064518&config=3,13556,0,0
1777922716141,13556,HTTP Request,200,OK,Config 3: Exp9 1-160,text,true,,231,158,436,436,http://localhost:8079/?token=518504778&user=-1355064518&config=3,13556,0,0
1777922716140,13557,HTTP Request,200,OK,Config 3: Exp9 1-100,text,true,,231,158,436,436,http://localhost:8079/?token=518504778&user=-1355064518&config=3,13557,0,0
1777922716141,13556,HTTP Request,200,OK,Config 3: Exp9 1-201,text,true,,231,158,436,436,http://localhost:8079/?token=518504778&user=-1355064518&config=3,13556,0,0
1777922716141,13556,HTTP Request,200,OK,Config 3: Exp9 1-134,text,true,,231,158,436,436,http://localhost:8079/?token=518504778&user=-1355064518&config=3,13556,0,0
1777922716141,13556,HTTP Request,200,OK,Config 3: Exp9 1-166,text,true,,231,158,436,436,http://localhost:8079/?token=518504778&user=-1355064518&config=3,13556,0,0
1777922716142,13555,HTTP Request,200,OK,Config 3: Exp9 1-118,text,true,,231,158,436,436,http://localhost:8079/?token=518504778&user=-1355064518&config=3,13555,0,0
1777922716142,13555,HTTP Request,200,OK,Config 3: Exp9 1-262,text,true,,231,158,436,436,http://localhost:8079/?token=518504778&user=-1355064518&config=3,13555,0,0
1777922716141,13556,HTTP Request,200,OK,Config 3: Exp9 1-168,text,true,,231,158,436,436,http://localhost:8079/?token=518504778&user=-1355064518&config=3,13556,0,0
1777922716142,13555,HTTP Request,200,OK,Config 3: Exp9 1-260,text,true,,231,158,436,436,http://localhost:8079/?token=518504778&user=-1355064518&config=3,13555,0,0
1777922716142,13555,HTTP Request,200,OK,Config 3: Exp9 1-37,text,true,,231,158,436,436,http://localhost:8079/?token=518504778&user=-1355064518&config=3,13555,0,0
1777922716141,13557,HTTP Request,200,OK,Config 3: Exp9 1-71,text,true,,231,158,436,436,http://localhost:8079/?token=518504778&user=-1355064518&config=3,13557,0,0
1777922716141,13557,HTTP Request,200,OK,Config 3: Exp9 1-133,text,true,,231,158,436,436,http://localhost:8079/?token=518504778&user=-1355064518&config=3,13557,0,0
1777922716141,13557,HTTP Request,200,OK,Config 3: Exp9 1-117,text,true,,231,158,436,436,http://localhost:8079/?token=518504778&user=-1355064518&config=3,13557,0,0
1777922716141,13557,HTTP Request,200,OK,Config 3: Exp9 1-129,text,true,,231,158,436,436,http://localhost:8079/?token=518504778&user=-1355064518&config=3,13557,0,0
1777922716141,13557,HTTP Request,200,OK,Config 3: Exp9 1-195,text,true,,231,158,436,436,http://localhost:8079/?token=518504778&user=-1355064518&config=3,13557,0,0
1777922716141,13557,HTTP Request,200,OK,Config 3: Exp9 1-101,text,true,,231,158,436,436,http://localhost:8079/?token=518504778&user=-1355064518&config=3,13557,0,0
1777922716141,13557,HTTP Request,200,OK,Config 3: Exp9 1-196,text,true,,231,158,436,436,http://localhost:8079/?token=518504778&user=-1355064518&config=3,13557,0,0
1777922716141,13557,HTTP Request,200,OK,Config 3: Exp9 1-161,text,true,,231,158,436,436,http://localhost:8079/?token=518504778&user=-1355064518&config=3,13557,0,0
1777922716141,13557,HTTP Request,200,OK,Config 3: Exp9 1-83,text,true,,231,158,436,436,http://localhost:8079/?token=518504778&user=-1355064518&config=3,13557,0,0
1777922716141,13557,HTTP Request,200,OK,Config 3: Exp9 1-5,text,true,,231,158,436,436,http://localhost:8079/?token=518504778&user=-1355064518&config=3,13557,0,0
1777922716141,13557,HTTP Request,200,OK,Config 3: Exp9 1-156,text,true,,231,158,436,436,http://localhost:8079/?token=518504778&user=-1355064518&config=3,13557,0,0
1777922716142,13556,HTTP Request,200,OK,Config 3: Exp9 1-120,text,true,,231,158,436,436,http://localhost:8079/?token=518504778&user=-1355064518&config=3,13556,0,0
1777922716142,13556,HTTP Request,200,OK,Config 3: Exp9 1-202,text,true,,231,158,436,436,http://localhost:8079/?token=518504778&user=-1355064518&config=3,13556,0,0
1777922716136,13562,HTTP Request,200,OK,Config 3: Exp9 1-15,text,true,,231,158,436,436,http://localhost:8079/?token=518504778&user=-1355064518&config=3,13562,0,1
1777922716142,13556,HTTP Request,200,OK,Config 3: Exp9 1-103,text,true,,231,158,436,436,http://localhost:8079/?token=518504778&user=-1355064518&config=3,13556,0,0
1777922719041,10658,HTTP Request,500,Internal Server Error,Config 3: Exp9 1-216,text,false,,233,158,436,436,http://localhost:8079/?token=518504778&user=-1355064518&config=3,10658,0,0
1777922716136,13563,HTTP Request,200,OK,Config 3: Exp9 1-6,text,true,,231,158,436,436,http://localhost:8079/?token=518504778&user=-1355064518&config=3,13563,0,1
1777922719040,10659,HTTP Request,500,Internal Server Error,Config 3: Exp9 1-297,text,false,,233,158,436,436,http://localhost:8079/?token=518504778&user=-1355064518&config=3,10659,0,0
1777922719041,10658,HTTP Request,500,Internal Server Error,Config 3: Exp9 1-217,text,false,,233,158,436,436,http://localhost:8079/?token=518504778&user=-1355064518&config=3,10658,0,0
1777922716137,13562,HTTP Request,200,OK,Config 3: Exp9 1-4,text,true,,231,158,436,436,http://localhost:8079/?token=518504778&user=-1355064518&config=3,13562,0,1
1777922719041,10658,HTTP Request,500,Internal Server Error,Config 3: Exp9 1-244,text,false,,233,158,436,436,http://localhost:8079/?token=518504778&user=-1355064518&config=3,10658,0,0
1777922716136,13563,HTTP Request,200,OK,Config 3: Exp9 1-2,text,true,,231,158,436,436,http://localhost:8079/?token=518504778&user=-1355064518&config=3,13563,0,0
1777922716136,13563,HTTP Request,200,OK,Config 3: Exp9 1-8,text,true,,231,158,436,436,http://localhost:8079/?token=518504778&user=-1355064518&config=3,13563,0,1
1777922716142,13557,HTTP Request,200,OK,Config 3: Exp9 1-72,text,true,,231,158,436,436,http://localhost:8079/?token=518504778&user=-1355064518&config=3,13557,0,0
1777922719046,10653,HTTP Request,500,Internal Server Error,Config 3: Exp9 1-252,text,false,,233,158,436,436,http://localhost:8079/?token=518504778&user=-1355064518&config=3,10653,0,0
1777922716140,13559,HTTP Request,200,OK,Config 3: Exp9 1-3,text,true,,231,158,436,436,http://localhost:8079/?token=518504778&user=-1355064518&config=3,13559,0,1
1777922716140,13559,HTTP Request,200,OK,Config 3: Exp9 1-19,text,true,,231,158,436,436,http://localhost:8079/?token=518504778&user=-1355064518&config=3,13559,0,1
1777922716138,13561,HTTP Request,200,OK,Config 3: Exp9 1-22,text,true,,231,158,436,436,http://localhost:8079/?token=518504778&user=-1355064518&config=3,13561,0,0
1777922716138,13561,HTTP Request,200,OK,Config 3: Exp9 1-20,text,true,,231,158,436,436,http://localhost:8079/?token=518504778&user=-1355064518&config=3,13561,0,0
1777922719040,10660,HTTP Request,500,Internal Server Error,Config 3: Exp9 1-296,text,false,,233,158,436,436,http://localhost:8079/?token=518504778&user=-1355064518&config=3,10660,0,0
1777922719041,10659,HTTP Request,500,Internal Server Error,Config 3: Exp9 1-310,text,false,,233,158,436,436,http://localhost:8079/?token=518504778&user=-1355064518&config=3,10659,0,0
1777922719046,10654,HTTP Request,500,Internal Server Error,Config 3: Exp9 1-150,text,false,,233,158,436,436,http://localhost:8079/?token=518504778&user=-1355064518&config=3,10654,0,0
1777922719043,10657,HTTP Request,500,Internal Server Error,Config 3: Exp9 1-377,text,false,,233,158,436,436,http://localhost:8079/?token=518504778&user=-1355064518&config=3,10657,0,0
1777922719401,10299,HTTP Request,500,Internal Server Error,Config 3: Exp9 1-379,text,false,,233,158,436,436,http://localhost:8079/?token=518504778&user=-1355064518&config=3,10299,0,1
1777922719046,10654,HTTP Request,500,Internal Server Error,Config 3: Exp9 1-248,text,false,,233,158,436,436,http://localhost:8079/?token=518504778&user=-1355064518&config=3,10654,0,0
1777922719041,10659,HTTP Request,500,Internal Server Error,Config 3: Exp9 1-314,text,false,,233,158,436,436,http://localhost:8079/?token=518504778&user=-1355064518&config=3,10659,0,0
1777922720655,9045,HTTP Request,500,Internal Server Error,Config 3: Exp9 1-386,text,false,,233,158,436,436,http://localhost:8079/?token=518504778&user=-1355064518&config=3,9045,0,0
1777922719041,10659,HTTP Request,500,Internal Server Error,Config 3: Exp9 1-209,text,false,,233,158,436,436,http://localhost:8079/?token=518504778&user=-1355064518&config=3,10659,0,0
1777922721014,8687,HTTP Request,500,Internal Server Error,Config 3: Exp9 1-388,text,false,,233,158,436,436,http://localhost:8079/?token=518504778&user=-1355064518&config=3,8687,0,0
1777922719041,10659,HTTP Request,500,Internal Server Error,Config 3: Exp9 1-45,text,false,,233,158,436,436,http://localhost:8079/?token=518504778&user=-1355064518&config=3,10659,0,0
1777922719041,10659,HTTP Request,500,Internal Server Error,Config 3: Exp9 1-128,text,false,,233,158,436,436,http://localhost:8079/?token=518504778&user=-1355064518&config=3,10659,0,0
1777922719041,10659,HTTP Request,500,Internal Server Error,Config 3: Exp9 1-28,text,false,,233,158,436,436,http://localhost:8079/?token=518504778&user=-1355064518&config=3,10659,0,0
1777922719041,10659,HTTP Request,500,Internal Server Error,Config 3: Exp9 1-212,text,false,,233,158,436,436,http://localhost:8079/?token=518504778&user=-1355064518&config=3,10659,0,0
1777922719223,10478,HTTP Request,500,Internal Server Error,Config 3: Exp9 1-378,text,false,,233,158,436,436,http://localhost:8079/?token=518504778&user=-1355064518&config=3,10478,0,0
1777922719580,10121,HTTP Request,500,Internal Server Error,Config 3: Exp9 1-380,text,false,,233,158,436,436,http://localhost:8079/?token=518504778&user=-1355064518&config=3,10121,0,1
1777922719939,9762,HTTP Request,500,Internal Server Error,Config 3: Exp9 1-382,text,false,,233,158,436,436,http://localhost:8079/?token=518504778&user=-1355064518&config=3,9762,0,1
1777922720118,9583,HTTP Request,500,Internal Server Error,Config 3: Exp9 1-383,text,false,,233,158,436,436,http://localhost:8079/?token=518504778&user=-1355064518&config=3,9583,0,0
1777922720833,8868,HTTP Request,500,Internal Server Error,Config 3: Exp9 1-387,text,false,,233,158,436,436,http://localhost:8079/?token=518504778&user=-1355064518&config=3,8868,0,1
1777922720476,9225,HTTP Request,500,Internal Server Error,Config 3: Exp9 1-385,text,false,,233,158,436,436,http://localhost:8079/?token=518504778&user=-1355064518&config=3,9225,0,1
1777922720297,9404,HTTP Request,500,Internal Server Error,Config 3: Exp9 1-384,text,false,,233,158,436,436,http://localhost:8079/?token=518504778&user=-1355064518&config=3,9404,0,0
1777922719759,9942,HTTP Request,500,Internal Server Error,Config 3: Exp9 1-381,text,false,,233,158,436,436,http://localhost:8079/?token=518504778&user=-1355064518&config=3,9942,0,1
1777922721550,8152,HTTP Request,500,Internal Server Error,Config 3: Exp9 1-391,text,false,,233,158,436,436,http://localhost:8079/?token=518504778&user=-1355064518&config=3,8152,0,1
1777922721729,7973,HTTP Request,500,Internal Server Error,Config 3: Exp9 1-392,text,false,,233,158,436,436,http://localhost:8079/?token=518504778&user=-1355064518&config=3,7973,0,1
1777922721192,8510,HTTP Request,500,Internal Server Error,Config 3: Exp9 1-389,text,false,,233,158,436,436,http://localhost:8079/?token=518504778&user=-1355064518&config=3,8510,0,0
1777922721372,8330,HTTP Request,500,Internal Server Error,Config 3: Exp9 1-390,text,false,,233,158,436,436,http://localhost:8079/?token=518504778&user=-1355064518&config=3,8330,0,0
1777922716142,17861,HTTP Request,200,OK,Config 3: Exp9 1-152,text,true,,231,158,460,460,http://localhost:8079/?token=518504778&user=-1355064518&config=3,17861,0,0
1777922716142,17861,HTTP Request,200,OK,Config 3: Exp9 1-199,text,true,,231,158,460,460,http://localhost:8079/?token=518504778&user=-1355064518&config=3,17861,0,1
1777922716142,17861,HTTP Request,200,OK,Config 3: Exp9 1-155,text,true,,231,158,460,460,http://localhost:8079/?token=518504778&user=-1355064518&config=3,17861,0,0
1777922716142,17861,HTTP Request,200,OK,Config 3: Exp9 1-256,text,true,,231,158,460,460,http://localhost:8079/?token=518504778&user=-1355064518&config=3,17861,0,0
1777922716142,17862,HTTP Request,200,OK,Config 3: Exp9 1-318,text,true,,231,158,460,460,http://localhost:8079/?token=518504778&user=-1355064518&config=3,17862,0,0
1777922716143,17861,HTTP Request,200,OK,Config 3: Exp9 1-146,text,true,,231,158,460,460,http://localhost:8079/?token=518504778&user=-1355064518&config=3,17861,0,0
1777922716143,17861,HTTP Request,200,OK,Config 3: Exp9 1-326,text,true,,231,158,460,460,http://localhost:8079/?token=518504778&user=-1355064518&config=3,17861,0,1
1777922716359,17645,HTTP Request,200,OK,Config 3: Exp9 1-362,text,true,,231,158,460,460,http://localhost:8079/?token=518504778&user=-1355064518&config=3,17645,0,0
1777922716142,17862,HTTP Request,200,OK,Config 3: Exp9 1-147,text,true,,231,158,460,460,http://localhost:8079/?token=518504778&user=-1355064518&config=3,17862,0,0
1777922716139,17865,HTTP Request,200,OK,Config 3: Exp9 1-17,text,true,,231,158,460,460,http://localhost:8079/?token=518504778&user=-1355064518&config=3,17865,0,0
1777922716142,17862,HTTP Request,200,OK,Config 3: Exp9 1-249,text,true,,231,158,460,460,http://localhost:8079/?token=518504778&user=-1355064518&config=3,17862,0,0
1777922716143,17861,HTTP Request,200,OK,Config 3: Exp9 1-154,text,true,,231,158,460,460,http://localhost:8079/?token=518504778&user=-1355064518&config=3,17861,0,0
1777922716142,17862,HTTP Request,200,OK,Config 3: Exp9 1-194,text,true,,231,158,460,460,http://localhost:8079/?token=518504778&user=-1355064518&config=3,17862,0,0
1777922716143,17861,HTTP Request,200,OK,Config 3: Exp9 1-190,text,true,,231,158,460,460,http://localhost:8079/?token=518504778&user=-1355064518&config=3,17861,0,0
1777922716142,17862,HTTP Request,200,OK,Config 3: Exp9 1-257,text,true,,231,158,460,460,http://localhost:8079/?token=518504778&user=-1355064518&config=3,17862,0,0
1777922716143,17861,HTTP Request,200,OK,Config 3: Exp9 1-321,text,true,,231,158,460,460,http://localhost:8079/?token=518504778&user=-1355064518&config=3,17861,0,0
1777922716138,17867,HTTP Request,200,OK,Config 3: Exp9 1-16,text,true,,231,158,460,460,http://localhost:8079/?token=518504778&user=-1355064518&config=3,17867,0,0
1777922716143,17863,HTTP Request,200,OK,Config 3: Exp9 1-319,text,true,,231,158,460,460,http://localhost:8079/?token=518504778&user=-1355064518&config=3,17863,0,0
1777922716141,17865,HTTP Request,200,OK,Config 3: Exp9 1-250,text,true,,231,158,460,460,http://localhost:8079/?token=518504778&user=-1355064518&config=3,17865,0,0
1777922716142,17864,HTTP Request,200,OK,Config 3: Exp9 1-153,text,true,,231,158,460,460,http://localhost:8079/?token=518504778&user=-1355064518&config=3,17864,0,0
1777922716142,17864,HTTP Request,200,OK,Config 3: Exp9 1-192,text,true,,231,158,460,460,http://localhost:8079/?token=518504778&user=-1355064518&config=3,17864,0,0
1777922716143,17863,HTTP Request,200,OK,Config 3: Exp9 1-328,text,true,,231,158,460,460,http://localhost:8079/?token=518504778&user=-1355064518&config=3,17863,0,0
1777922716143,17863,HTTP Request,200,OK,Config 3: Exp9 1-258,text,true,,231,158,460,460,http://localhost:8079/?token=518504778&user=-1355064518&config=3,17863,0,0
1777922716143,17863,HTTP Request,200,OK,Config 3: Exp9 1-322,text,true,,231,158,460,460,http://localhost:8079/?token=518504778&user=-1355064518&config=3,17863,0,0
1777922716143,17863,HTTP Request,200,OK,Config 3: Exp9 1-325,text,true,,231,158,460,460,http://localhost:8079/?token=518504778&user=-1355064518&config=3,17863,0,1
1777922716139,17868,HTTP Request,200,OK,Config 3: Exp9 1-21,text,true,,231,158,460,460,http://localhost:8079/?token=518504778&user=-1355064518&config=3,17868,0,0
1777922716143,17864,HTTP Request,200,OK,Config 3: Exp9 1-200,text,true,,231,158,460,460,http://localhost:8079/?token=518504778&user=-1355064518&config=3,17864,0,0
1777922716143,17864,HTTP Request,200,OK,Config 3: Exp9 1-327,text,true,,231,158,460,460,http://localhost:8079/?token=518504778&user=-1355064518&config=3,17864,0,0
1777922716143,17864,HTTP Request,200,OK,Config 3: Exp9 1-323,text,true,,231,158,460,460,http://localhost:8079/?token=518504778&user=-1355064518&config=3,17864,0,1
1777922716895,17113,HTTP Request,200,OK,Config 3: Exp9 1-365,text,true,,231,158,460,460,http://localhost:8079/?token=518504778&user=-1355064518&config=3,17113,0,1
1777922716143,17865,HTTP Request,200,OK,Config 3: Exp9 1-320,text,true,,231,158,460,460,http://localhost:8079/?token=518504778&user=-1355064518&config=3,17865,0,0
1777922716143,17865,HTTP Request,200,OK,Config 3: Exp9 1-251,text,true,,231,158,460,460,http://localhost:8079/?token=518504778&user=-1355064518&config=3,17865,0,0
1777922716143,17865,HTTP Request,200,OK,Config 3: Exp9 1-317,text,true,,231,158,460,460,http://localhost:8079/?token=518504778&user=-1355064518&config=3,17865,0,0
1777922716137,17871,HTTP Request,200,OK,Config 3: Exp9 1-1,text,true,,231,158,460,460,http://localhost:8079/?token=518504778&user=-1355064518&config=3,17871,0,1
1777922716143,17865,HTTP Request,200,OK,Config 3: Exp9 1-324,text,true,,231,158,460,460,http://localhost:8079/?token=518504778&user=-1355064518&config=3,17865,0,0
1777922716180,17828,HTTP Request,200,OK,Config 3: Exp9 1-361,text,true,,231,158,460,460,http://localhost:8079/?token=518504778&user=-1355064518&config=3,17828,0,0
1777922716143,17865,HTTP Request,200,OK,Config 3: Exp9 1-259,text,true,,231,158,460,460,http://localhost:8079/?token=518504778&user=-1355064518&config=3,17865,0,0
1777922716717,17292,HTTP Request,200,OK,Config 3: Exp9 1-364,text,true,,231,158,460,460,http://localhost:8079/?token=518504778&user=-1355064518&config=3,17292,0,0
1777922717432,16577,HTTP Request,200,OK,Config 3: Exp9 1-368,text,true,,231,158,460,460,http://localhost:8079/?token=518504778&user=-1355064518&config=3,16577,0,1
1777922717074,16935,HTTP Request,200,OK,Config 3: Exp9 1-366,text,true,,231,158,460,460,http://localhost:8079/?token=518504778&user=-1355064518&config=3,16935,0,1
1777922716538,17471,HTTP Request,200,OK,Config 3: Exp9 1-363,text,true,,231,158,460,460,http://localhost:8079/?token=518504778&user=-1355064518&config=3,17471,0,0
1777922717611,16399,HTTP Request,200,OK,Config 3: Exp9 1-369,text,true,,231,158,460,460,http://localhost:8079/?token=518504778&user=-1355064518&config=3,16399,0,1
1777922717253,16757,HTTP Request,200,OK,Config 3: Exp9 1-367,text,true,,231,158,460,460,http://localhost:8079/?token=518504778&user=-1355064518&config=3,16757,0,1
1777922717790,16220,HTTP Request,200,OK,Config 3: Exp9 1-370,text,true,,231,158,460,460,http://localhost:8079/?token=518504778&user=-1355064518&config=3,16220,0,1
1777922717970,16040,HTTP Request,200,OK,Config 3: Exp9 1-371,text,true,,231,158,460,460,http://localhost:8079/?token=518504778&user=-1355064518&config=3,16040,0,0
1777922718328,15683,HTTP Request,200,OK,Config 3: Exp9 1-373,text,true,,231,158,460,460,http://localhost:8079/?token=518504778&user=-1355064518&config=3,15683,0,0
1777922719041,14970,HTTP Request,200,OK,Config 3: Exp9 1-301,text,true,,231,158,460,460,http://localhost:8079/?token=518504778&user=-1355064518&config=3,14970,0,0
1777922718149,15862,HTTP Request,200,OK,Config 3: Exp9 1-372,text,true,,231,158,460,460,http://localhost:8079/?token=518504778&user=-1355064518&config=3,15862,0,1
1777922718506,15505,HTTP Request,200,OK,Config 3: Exp9 1-374,text,true,,231,158,460,460,http://localhost:8079/?token=518504778&user=-1355064518&config=3,15505,0,1
1777922719038,14973,HTTP Request,200,OK,Config 3: Exp9 1-158,text,true,,231,158,460,460,http://localhost:8079/?token=518504778&user=-1355064518&config=3,14973,0,0
1777922719038,14973,HTTP Request,200,OK,Config 3: Exp9 1-193,text,true,,231,158,460,460,http://localhost:8079/?token=518504778&user=-1355064518&config=3,14973,0,0
1777922719038,14973,HTTP Request,200,OK,Config 3: Exp9 1-191,text,true,,231,158,460,460,http://localhost:8079/?token=518504778&user=-1355064518&config=3,14973,0,0
1777922719038,14973,HTTP Request,200,OK,Config 3: Exp9 1-52,text,true,,231,158,460,460,http://localhost:8079/?token=518504778&user=-1355064518&config=3,14973,0,0
1777922719040,14971,HTTP Request,200,OK,Config 3: Exp9 1-298,text,true,,231,158,460,460,http://localhost:8079/?token=518504778&user=-1355064518&config=3,14971,0,0
1777922719038,14973,HTTP Request,200,OK,Config 3: Exp9 1-148,text,true,,231,158,460,460,http://localhost:8079/?token=518504778&user=-1355064518&config=3,14973,0,0
1777922719043,14968,HTTP Request,200,OK,Config 3: Exp9 1-240,text,true,,231,158,460,460,http://localhost:8079/?token=518504778&user=-1355064518&config=3,14968,0,0
1777922719041,14970,HTTP Request,200,OK,Config 3: Exp9 1-304,text,true,,231,158,460,460,http://localhost:8079/?token=518504778&user=-1355064518&config=3,14970,0,0
1777922719038,14973,HTTP Request,200,OK,Config 3: Exp9 1-149,text,true,,231,158,460,460,http://localhost:8079/?token=518504778&user=-1355064518&config=3,14973,0,0
1777922718865,15146,HTTP Request,200,OK,Config 3: Exp9 1-376,text,true,,231,158,460,460,http://localhost:8079/?token=518504778&user=-1355064518&config=3,15146,0,0
1777922718686,15325,HTTP Request,200,OK,Config 3: Exp9 1-375,text,true,,231,158,460,460,http://localhost:8079/?token=518504778&user=-1355064518&config=3,15325,0,0
1777922719041,14970,HTTP Request,200,OK,Config 3: Exp9 1-299,text,true,,231,158,460,460,http://localhost:8079/?token=518504778&user=-1355064518&config=3,14970,0,0
1777922719041,14970,HTTP Request,200,OK,Config 3: Exp9 1-302,text,true,,231,158,460,460,http://localhost:8079/?token=518504778&user=-1355064518&config=3,14970,0,0
1777922719041,14970,HTTP Request,200,OK,Config 3: Exp9 1-308,text,true,,231,158,460,460,http://localhost:8079/?token=518504778&user=-1355064518&config=3,14970,0,0
1777922719042,14969,HTTP Request,200,OK,Config 3: Exp9 1-130,text,true,,231,158,460,460,http://localhost:8079/?token=518504778&user=-1355064518&config=3,14969,0,0
1777922719042,14969,HTTP Request,200,OK,Config 3: Exp9 1-95,text,true,,231,158,460,460,http://localhost:8079/?token=518504778&user=-1355064518&config=3,14969,0,0
1777922719041,14970,HTTP Request,200,OK,Config 3: Exp9 1-313,text,true,,231,158,460,460,http://localhost:8079/?token=518504778&user=-1355064518&config=3,14970,0,0
1777922719041,14970,HTTP Request,200,OK,Config 3: Exp9 1-315,text,true,,231,158,460,460,http://localhost:8079/?token=518504778&user=-1355064518&config=3,14970,0,0
1777922719041,14970,HTTP Request,200,OK,Config 3: Exp9 1-312,text,true,,231,158,460,460,http://localhost:8079/?token=518504778&user=-1355064518&config=3,14970,0,0
1777922719041,14970,HTTP Request,200,OK,Config 3: Exp9 1-306,text,true,,231,158,460,460,http://localhost:8079/?token=518504778&user=-1355064518&config=3,14970,0,0
1777922719038,14973,HTTP Request,200,OK,Config 3: Exp9 1-121,text,true,,231,158,460,460,http://localhost:8079/?token=518504778&user=-1355064518&config=3,14973,0,0
1777922719041,14971,HTTP Request,200,OK,Config 3: Exp9 1-311,text,true,,231,158,460,460,http://localhost:8079/?token=518504778&user=-1355064518&config=3,14971,0,0
1777922719041,14971,HTTP Request,200,OK,Config 3: Exp9 1-303,text,true,,231,158,460,460,http://localhost:8079/?token=518504778&user=-1355064518&config=3,14971,0,0
1777922719042,14970,HTTP Request,200,OK,Config 3: Exp9 1-254,text,true,,231,158,460,460,http://localhost:8079/?token=518504778&user=-1355064518&config=3,14970,0,0
1777922719043,14969,HTTP Request,200,OK,Config 3: Exp9 1-253,text,true,,231,158,460,460,http://localhost:8079/?token=518504778&user=-1355064518&config=3,14969,0,0
1777922719042,14970,HTTP Request,200,OK,Config 3: Exp9 1-205,text,true,,231,158,460,460,http://localhost:8079/?token=518504778&user=-1355064518&config=3,14970,0,0
1777922719042,14970,HTTP Request,200,OK,Config 3: Exp9 1-170,text,true,,231,158,460,460,http://localhost:8079/?token=518504778&user=-1355064518&config=3,14970,0,0
1777922719041,14971,HTTP Request,200,OK,Config 3: Exp9 1-309,text,true,,231,158,460,460,http://localhost:8079/?token=518504778&user=-1355064518&config=3,14971,0,0
1777922719038,14974,HTTP Request,200,OK,Config 3: Exp9 1-165,text,true,,231,158,460,460,http://localhost:8079/?token=518504778&user=-1355064518&config=3,14974,0,0
1777922719042,14970,HTTP Request,200,OK,Config 3: Exp9 1-172,text,true,,231,158,460,460,http://localhost:8079/?token=518504778&user=-1355064518&config=3,14970,0,0
1777922719038,14974,HTTP Request,200,OK,Config 3: Exp9 1-263,text,true,,231,158,460,460,http://localhost:8079/?token=518504778&user=-1355064518&config=3,14974,0,0
1777922719041,14972,HTTP Request,200,OK,Config 3: Exp9 1-210,text,true,,231,158,460,460,http://localhost:8079/?token=518504778&user=-1355064518&config=3,14972,0,0
1777922719042,14971,HTTP Request,200,OK,Config 3: Exp9 1-247,text,true,,231,158,460,460,http://localhost:8079/?token=518504778&user=-1355064518&config=3,14971,0,0
1777922719041,14972,HTTP Request,200,OK,Config 3: Exp9 1-316,text,true,,231,158,460,460,http://localhost:8079/?token=518504778&user=-1355064518&config=3,14972,0,0
1777922719041,14972,HTTP Request,200,OK,Config 3: Exp9 1-307,text,true,,231,158,460,460,http://localhost:8079/?token=518504778&user=-1355064518&config=3,14972,0,0
1777922719041,14972,HTTP Request,200,OK,Config 3: Exp9 1-131,text,true,,231,158,460,460,http://localhost:8079/?token=518504778&user=-1355064518&config=3,14972,0,0
1777922719040,14973,HTTP Request,200,OK,Config 3: Exp9 1-261,text,true,,231,158,460,460,http://localhost:8079/?token=518504778&user=-1355064518&config=3,14973,0,0
1777922719040,14973,HTTP Request,200,OK,Config 3: Exp9 1-157,text,true,,231,158,460,460,http://localhost:8079/?token=518504778&user=-1355064518&config=3,14973,0,0
1777922719038,14975,HTTP Request,200,OK,Config 3: Exp9 1-159,text,true,,231,158,460,460,http://localhost:8079/?token=518504778&user=-1355064518&config=3,14975,0,0
1777922719041,14972,HTTP Request,200,OK,Config 3: Exp9 1-207,text,true,,231,158,460,460,http://localhost:8079/?token=518504778&user=-1355064518&config=3,14972,0,0
1777922719042,14971,HTTP Request,200,OK,Config 3: Exp9 1-213,text,true,,231,158,460,460,http://localhost:8079/?token=518504778&user=-1355064518&config=3,14971,0,0
1777922719042,14972,HTTP Request,200,OK,Config 3: Exp9 1-255,text,true,,231,158,460,460,http://localhost:8079/?token=518504778&user=-1355064518&config=3,14972,0,0
1777922719042,14972,HTTP Request,200,OK,Config 3: Exp9 1-11,text,true,,231,158,460,460,http://localhost:8079/?token=518504778&user=-1355064518&config=3,14972,0,0
1777922719042,14978,HTTP Request,200,OK,Config 3: Exp9 1-171,text,true,,231,158,460,460,http://localhost:8079/?token=518504778&user=-1355064518&config=3,14978,0,0
1777922719043,14977,HTTP Request,200,OK,Config 3: Exp9 1-214,text,true,,231,158,460,460,http://localhost:8079/?token=518504778&user=-1355064518&config=3,14977,0,0
1777922719042,14978,HTTP Request,200,OK,Config 3: Exp9 1-78,text,true,,231,158,460,460,http://localhost:8079/?token=518504778&user=-1355064518&config=3,14978,0,0
1777922719042,14978,HTTP Request,200,OK,Config 3: Exp9 1-169,text,true,,231,158,460,460,http://localhost:8079/?token=518504778&user=-1355064518&config=3,14978,0,0
1777922719038,14982,HTTP Request,200,OK,Config 3: Exp9 1-198,text,true,,231,158,460,460,http://localhost:8079/?token=518504778&user=-1355064518&config=3,14982,0,0
1777922719038,14982,HTTP Request,200,OK,Config 3: Exp9 1-35,text,true,,231,158,460,460,http://localhost:8079/?token=518504778&user=-1355064518&config=3,14982,0,0
1777922719038,14982,HTTP Request,200,OK,Config 3: Exp9 1-162,text,true,,231,158,460,460,http://localhost:8079/?token=518504778&user=-1355064518&config=3,14982,0,0
1777922719038,14982,HTTP Request,200,OK,Config 3: Exp9 1-163,text,true,,231,158,460,460,http://localhost:8079/?token=518504778&user=-1355064518&config=3,14982,0,0
1777922719043,14977,HTTP Request,200,OK,Config 3: Exp9 1-211,text,true,,231,158,460,460,http://localhost:8079/?token=518504778&user=-1355064518&config=3,14977,0,0
1777922719046,14974,HTTP Request,200,OK,Config 3: Exp9 1-241,text,true,,231,158,460,460,http://localhost:8079/?token=518504778&user=-1355064518&config=3,14974,0,0
1777922719041,14979,HTTP Request,200,OK,Config 3: Exp9 1-218,text,true,,231,158,460,460,http://localhost:8079/?token=518504778&user=-1355064518&config=3,14979,0,0
1777922719040,14980,HTTP Request,200,OK,Config 3: Exp9 1-245,text,true,,231,158,460,460,http://localhost:8079/?token=518504778&user=-1355064518&config=3,14980,0,0
1777922719045,14975,HTTP Request,200,OK,Config 3: Exp9 1-242,text,true,,231,158,460,460,http://localhost:8079/?token=518504778&user=-1355064518&config=3,14975,0,0
1777922719040,14980,HTTP Request,200,OK,Config 3: Exp9 1-243,text,true,,231,158,460,460,http://localhost:8079/?token=518504778&user=-1355064518&config=3,14980,0,0
1777922719046,14974,HTTP Request,200,OK,Config 3: Exp9 1-151,text,true,,231,158,460,460,http://localhost:8079/?token=518504778&user=-1355064518&config=3,14974,0,0
1777922719041,14979,HTTP Request,200,OK,Config 3: Exp9 1-204,text,true,,231,158,460,460,http://localhost:8079/?token=518504778&user=-1355064518&config=3,14979,0,0
1777922719041,14979,HTTP Request,200,OK,Config 3: Exp9 1-300,text,true,,231,158,460,460,http://localhost:8079/?token=518504778&user=-1355064518&config=3,14979,0,0
1777922719046,14974,HTTP Request,200,OK,Config 3: Exp9 1-246,text,true,,231,158,460,460,http://localhost:8079/?token=518504778&user=-1355064518&config=3,14974,0,0
1777922719041,14979,HTTP Request,200,OK,Config 3: Exp9 1-305,text,true,,231,158,460,460,http://localhost:8079/?token=518504778&user=-1355064518&config=3,14979,0,0
1777922719045,14975,HTTP Request,200,OK,Config 3: Exp9 1-122,text,true,,231,158,460,460,http://localhost:8079/?token=518504778&user=-1355064518&config=3,14975,0,0
1777922719041,14979,HTTP Request,200,OK,Config 3: Exp9 1-215,text,true,,231,158,460,460,http://localhost:8079/?token=518504778&user=-1355064518&config=3,14979,0,0
1777922719046,14974,HTTP Request,200,OK,Config 3: Exp9 1-61,text,true,,231,158,460,460,http://localhost:8079/?token=518504778&user=-1355064518&config=3,14974,0,0
1777922719046,14974,HTTP Request,200,OK,Config 3: Exp9 1-219,text,true,,231,158,460,460,http://localhost:8079/?token=518504778&user=-1355064518&config=3,14974,0,0
1777922719046,14974,HTTP Request,200,OK,Config 3: Exp9 1-132,text,true,,231,158,460,460,http://localhost:8079/?token=518504778&user=-1355064518&config=3,14974,0,0
1777922721902,17141,HTTP Request,200,OK,Config 3: Exp9 1-92,text,true,,231,158,488,488,http://localhost:8079/?token=518504778&user=-1355064518&config=3,17141,0,0
1777922721902,17141,HTTP Request,200,OK,Config 3: Exp9 1-124,text,true,,231,158,488,488,http://localhost:8079/?token=518504778&user=-1355064518&config=3,17141,0,0
1777922721903,17141,HTTP Request,200,OK,Config 3: Exp9 1-58,text,true,,231,158,488,488,http://localhost:8079/?token=518504778&user=-1355064518&config=3,17141,0,0
1777922721904,17140,HTTP Request,200,OK,Config 3: Exp9 1-65,text,true,,231,158,488,488,http://localhost:8079/?token=518504778&user=-1355064518&config=3,17140,0,0
1777922721903,17141,HTTP Request,200,OK,Config 3: Exp9 1-82,text,true,,231,158,488,488,http://localhost:8079/?token=518504778&user=-1355064518&config=3,17141,0,0
1777922721905,17139,HTTP Request,200,OK,Config 3: Exp9 1-79,text,true,,231,158,488,488,http://localhost:8079/?token=518504778&user=-1355064518&config=3,17139,0,0
1777922721903,17141,HTTP Request,200,OK,Config 3: Exp9 1-99,text,true,,231,158,488,488,http://localhost:8079/?token=518504778&user=-1355064518&config=3,17141,0,0
1777922721903,17141,HTTP Request,200,OK,Config 3: Exp9 1-97,text,true,,231,158,488,488,http://localhost:8079/?token=518504778&user=-1355064518&config=3,17141,0,0
1777922721905,17139,HTTP Request,200,OK,Config 3: Exp9 1-113,text,true,,231,158,488,488,http://localhost:8079/?token=518504778&user=-1355064518&config=3,17139,0,0
1777922721902,17143,HTTP Request,200,OK,Config 3: Exp9 1-107,text,true,,231,158,488,488,http://localhost:8079/?token=518504778&user=-1355064518&config=3,17143,0,0
1777922721910,17135,HTTP Request,200,OK,Config 3: Exp9 1-177,text,true,,231,158,488,488,http://localhost:8079/?token=518504778&user=-1355064518&config=3,17135,0,0
1777922721910,17135,HTTP Request,200,OK,Config 3: Exp9 1-181,text,true,,231,158,488,488,http://localhost:8079/?token=518504778&user=-1355064518&config=3,17135,0,0
1777922721905,17141,HTTP Request,200,OK,Config 3: Exp9 1-62,text,true,,231,158,488,488,http://localhost:8079/?token=518504778&user=-1355064518&config=3,17141,0,0
1777922721905,17141,HTTP Request,200,OK,Config 3: Exp9 1-64,text,true,,231,158,488,488,http://localhost:8079/?token=518504778&user=-1355064518&config=3,17141,0,0
1777922721905,17141,HTTP Request,200,OK,Config 3: Exp9 1-114,text,true,,231,158,488,488,http://localhost:8079/?token=518504778&user=-1355064518&config=3,17141,0,0
1777922721903,17143,HTTP Request,200,OK,Config 3: Exp9 1-74,text,true,,231,158,488,488,http://localhost:8079/?token=518504778&user=-1355064518&config=3,17143,0,0
1777922721903,17143,HTTP Request,200,OK,Config 3: Exp9 1-80,text,true,,231,158,488,488,http://localhost:8079/?token=518504778&user=-1355064518&config=3,17143,0,0
1777922721904,17142,HTTP Request,200,OK,Config 3: Exp9 1-63,text,true,,231,158,488,488,http://localhost:8079/?token=518504778&user=-1355064518&config=3,17142,0,0
1777922721903,17143,HTTP Request,200,OK,Config 3: Exp9 1-91,text,true,,231,158,488,488,http://localhost:8079/?token=518504778&user=-1355064518&config=3,17143,0,0
1777922721903,17143,HTTP Request,200,OK,Config 3: Exp9 1-125,text,true,,231,158,488,488,http://localhost:8079/?token=518504778&user=-1355064518&config=3,17143,0,0
1777922721905,17141,HTTP Request,200,OK,Config 3: Exp9 1-119,text,true,,231,158,488,488,http://localhost:8079/?token=518504778&user=-1355064518&config=3,17141,0,0
1777922721903,17143,HTTP Request,200,OK,Config 3: Exp9 1-116,text,true,,231,158,488,488,http://localhost:8079/?token=518504778&user=-1355064518&config=3,17143,0,0
1777922721905,17141,HTTP Request,200,OK,Config 3: Exp9 1-173,text,true,,231,158,488,488,http://localhost:8079/?token=518504778&user=-1355064518&config=3,17141,0,0
1777922721905,17141,HTTP Request,200,OK,Config 3: Exp9 1-180,text,true,,231,158,488,488,http://localhost:8079/?token=518504778&user=-1355064518&config=3,17141,0,0
1777922721905,17141,HTTP Request,200,OK,Config 3: Exp9 1-176,text,true,,231,158,488,488,http://localhost:8079/?token=518504778&user=-1355064518&config=3,17141,0,0
1777922721907,17139,HTTP Request,200,OK,Config 3: Exp9 1-182,text,true,,231,158,488,488,http://localhost:8079/?token=518504778&user=-1355064518&config=3,17139,0,0
1777922721907,17139,HTTP Request,200,OK,Config 3: Exp9 1-286,text,true,,231,158,488,488,http://localhost:8079/?token=518504778&user=-1355064518&config=3,17139,0,0
1777922721907,17139,HTTP Request,200,OK,Config 3: Exp9 1-179,text,true,,231,158,488,488,http://localhost:8079/?token=518504778&user=-1355064518&config=3,17139,0,0
1777922721910,17136,HTTP Request,200,OK,Config 3: Exp9 1-289,text,true,,231,158,488,488,http://localhost:8079/?token=518504778&user=-1355064518&config=3,17136,0,0
1777922721906,17140,HTTP Request,200,OK,Config 3: Exp9 1-127,text,true,,231,158,488,488,http://localhost:8079/?token=518504778&user=-1355064518&config=3,17140,0,0
1777922721910,17136,HTTP Request,200,OK,Config 3: Exp9 1-139,text,true,,231,158,488,488,http://localhost:8079/?token=518504778&user=-1355064518&config=3,17136,0,0
1777922721910,17136,HTTP Request,200,OK,Config 3: Exp9 1-292,text,true,,231,158,488,488,http://localhost:8079/?token=518504778&user=-1355064518&config=3,17136,0,0
1777922721906,17141,HTTP Request,200,OK,Config 3: Exp9 1-285,text,true,,231,158,488,488,http://localhost:8079/?token=518504778&user=-1355064518&config=3,17141,0,0
1777922721906,17141,HTTP Request,200,OK,Config 3: Exp9 1-110,text,true,,231,158,488,488,http://localhost:8079/?token=518504778&user=-1355064518&config=3,17141,0,0
1777922721906,17141,HTTP Request,200,OK,Config 3: Exp9 1-290,text,true,,231,158,488,488,http://localhost:8079/?token=518504778&user=-1355064518&config=3,17141,0,0
1777922721905,17142,HTTP Request,200,OK,Config 3: Exp9 1-96,text,true,,231,158,488,488,http://localhost:8079/?token=518504778&user=-1355064518&config=3,17142,0,0
1777922721905,17142,HTTP Request,200,OK,Config 3: Exp9 1-81,text,true,,231,158,488,488,http://localhost:8079/?token=518504778&user=-1355064518&config=3,17142,0,0
1777922721905,17142,HTTP Request,200,OK,Config 3: Exp9 1-104,text,true,,231,158,488,488,http://localhost:8079/?token=518504778&user=-1355064518&config=3,17142,0,0
1777922721905,17143,HTTP Request,200,OK,Config 3: Exp9 1-174,text,true,,231,158,488,488,http://localhost:8079/?token=518504778&user=-1355064518&config=3,17143,0,0
1777922721905,17143,HTTP Request,200,OK,Config 3: Exp9 1-44,text,true,,231,158,488,488,http://localhost:8079/?token=518504778&user=-1355064518&config=3,17143,0,0
1777922721905,17143,HTTP Request,200,OK,Config 3: Exp9 1-175,text,true,,231,158,488,488,http://localhost:8079/?token=518504778&user=-1355064518&config=3,17143,0,0
1777922721906,17142,HTTP Request,200,OK,Config 3: Exp9 1-111,text,true,,231,158,488,488,http://localhost:8079/?token=518504778&user=-1355064518&config=3,17142,0,0
1777922721906,17142,HTTP Request,200,OK,Config 3: Exp9 1-94,text,true,,231,158,488,488,http://localhost:8079/?token=518504778&user=-1355064518&config=3,17142,0,0
1777922721906,17142,HTTP Request,200,OK,Config 3: Exp9 1-85,text,true,,231,158,488,488,http://localhost:8079/?token=518504778&user=-1355064518&config=3,17142,0,0
1777922721906,17142,HTTP Request,200,OK,Config 3: Exp9 1-187,text,true,,231,158,488,488,http://localhost:8079/?token=518504778&user=-1355064518&config=3,17142,0,0
1777922721906,17142,HTTP Request,200,OK,Config 3: Exp9 1-145,text,true,,231,158,488,488,http://localhost:8079/?token=518504778&user=-1355064518&config=3,17142,0,0
1777922721906,17142,HTTP Request,200,OK,Config 3: Exp9 1-27,text,true,,231,158,488,488,http://localhost:8079/?token=518504778&user=-1355064518&config=3,17142,0,0
1777922721906,17142,HTTP Request,200,OK,Config 3: Exp9 1-284,text,true,,231,158,488,488,http://localhost:8079/?token=518504778&user=-1355064518&config=3,17142,0,0
1777922721904,17145,HTTP Request,200,OK,Config 3: Exp9 1-75,text,true,,231,158,488,488,http://localhost:8079/?token=518504778&user=-1355064518&config=3,17145,0,0
1777922721905,17144,HTTP Request,200,OK,Config 3: Exp9 1-115,text,true,,231,158,488,488,http://localhost:8079/?token=518504778&user=-1355064518&config=3,17144,0,0
1777922728899,10150,HTTP Request,500,Internal Server Error,Config 3: Exp9 1-331,text,false,,233,158,488,488,http://localhost:8079/?token=518504778&user=-1355064518&config=3,10150,0,0
1777922721903,17146,HTTP Request,200,OK,Config 3: Exp9 1-56,text,true,,231,158,488,488,http://localhost:8079/?token=518504778&user=-1355064518&config=3,17146,0,0
1777922728899,10150,HTTP Request,500,Internal Server Error,Config 3: Exp9 1-339,text,false,,233,158,488,488,http://localhost:8079/?token=518504778&user=-1355064518&config=3,10150,0,0
1777922728901,10148,HTTP Request,500,Internal Server Error,Config 3: Exp9 1-223,text,false,,233,158,488,488,http://localhost:8079/?token=518504778&user=-1355064518&config=3,10148,0,0
1777922728902,10148,HTTP Request,500,Internal Server Error,Config 3: Exp9 1-222,text,false,,233,158,488,488,http://localhost:8079/?token=518504778&user=-1355064518&config=3,10147,0,0
1777922721907,17143,HTTP Request,200,OK,Config 3: Exp9 1-287,text,true,,231,158,488,488,http://localhost:8079/?token=518504778&user=-1355064518&config=3,17143,0,0
1777922721904,17145,HTTP Request,200,OK,Config 3: Exp9 1-29,text,true,,231,158,488,488,http://localhost:8079/?token=518504778&user=-1355064518&config=3,17145,0,1
1777922721903,17146,HTTP Request,200,OK,Config 3: Exp9 1-42,text,true,,231,158,488,488,http://localhost:8079/?token=518504778&user=-1355064518&config=3,17146,0,0
1777922728901,10149,HTTP Request,500,Internal Server Error,Config 3: Exp9 1-225,text,false,,233,158,488,488,http://localhost:8079/?token=518504778&user=-1355064518&config=3,10148,0,0
1777922721910,17140,HTTP Request,200,OK,Config 3: Exp9 1-186,text,true,,231,158,488,488,http://localhost:8079/?token=518504778&user=-1355064518&config=3,17140,0,0
1777922728905,10145,HTTP Request,500,Internal Server Error,Config 3: Exp9 1-272,text,false,,233,158,488,488,http://localhost:8079/?token=518504778&user=-1355064518&config=3,10144,0,0
1777922728902,10148,HTTP Request,500,Internal Server Error,Config 3: Exp9 1-271,text,false,,233,158,488,488,http://localhost:8079/?token=518504778&user=-1355064518&config=3,10147,0,0
1777922728899,10151,HTTP Request,500,Internal Server Error,Config 3: Exp9 1-336,text,false,,233,158,488,488,http://localhost:8079/?token=518504778&user=-1355064518&config=3,10150,0,0
1777922728901,10149,HTTP Request,500,Internal Server Error,Config 3: Exp9 1-346,text,false,,233,158,488,488,http://localhost:8079/?token=518504778&user=-1355064518&config=3,10148,0,0
1777922721907,17143,HTTP Request,200,OK,Config 3: Exp9 1-294,text,true,,231,158,488,488,http://localhost:8079/?token=518504778&user=-1355064518&config=3,17143,0,0
1777922728902,10148,HTTP Request,500,Internal Server Error,Config 3: Exp9 1-230,text,false,,233,158,488,488,http://localhost:8079/?token=518504778&user=-1355064518&config=3,10147,0,0
1777922728901,10149,HTTP Request,500,Internal Server Error,Config 3: Exp9 1-184,text,false,,233,158,488,488,http://localhost:8079/?token=518504778&user=-1355064518&config=3,10148,0,0
1777922728890,10160,HTTP Request,500,Internal Server Error,Config 3: Exp9 1-432,text,false,,233,158,488,488,http://localhost:8079/?token=518504778&user=-1355064518&config=3,10159,0,0
1777922721905,17145,HTTP Request,200,OK,Config 3: Exp9 1-14,text,true,,231,158,488,488,http://localhost:8079/?token=518504778&user=-1355064518&config=3,17145,0,0
1777922721910,17140,HTTP Request,200,OK,Config 3: Exp9 1-112,text,true,,231,158,488,488,http://localhost:8079/?token=518504778&user=-1355064518&config=3,17140,0,0
1777922721911,17139,HTTP Request,200,OK,Config 3: Exp9 1-283,text,true,,231,158,488,488,http://localhost:8079/?token=518504778&user=-1355064518&config=3,17139,0,0
1777922728905,10146,HTTP Request,500,Internal Server Error,Config 3: Exp9 1-235,text,false,,233,158,488,488,http://localhost:8079/?token=518504778&user=-1355064518&config=3,10146,0,0
1777922728904,10147,HTTP Request,500,Internal Server Error,Config 3: Exp9 1-269,text,false,,233,158,488,488,http://localhost:8079/?token=518504778&user=-1355064518&config=3,10147,0,0
1777922728899,10152,HTTP Request,500,Internal Server Error,Config 3: Exp9 1-330,text,false,,233,158,488,488,http://localhost:8079/?token=518504778&user=-1355064518&config=3,10152,0,0
1777922729247,9804,HTTP Request,500,Internal Server Error,Config 3: Exp9 1-434,text,false,,233,158,488,488,http://localhost:8079/?token=518504778&user=-1355064518&config=3,9804,0,0
1777922728899,10152,HTTP Request,500,Internal Server Error,Config 3: Exp9 1-291,text,false,,233,158,488,488,http://localhost:8079/?token=518504778&user=-1355064518&config=3,10152,0,0
1777922728902,10149,HTTP Request,500,Internal Server Error,Config 3: Exp9 1-140,text,false,,233,158,488,488,http://localhost:8079/?token=518504778&user=-1355064518&config=3,10149,0,0
1777922728899,10152,HTTP Request,500,Internal Server Error,Config 3: Exp9 1-334,text,false,,233,158,488,488,http://localhost:8079/?token=518504778&user=-1355064518&config=3,10152,0,0
1777922728899,10152,HTTP Request,500,Internal Server Error,Config 3: Exp9 1-293,text,false,,233,158,488,488,http://localhost:8079/?token=518504778&user=-1355064518&config=3,10152,0,0
1777922729426,9626,HTTP Request,500,Internal Server Error,Config 3: Exp9 1-435,text,false,,233,158,488,488,http://localhost:8079/?token=518504778&user=-1355064518&config=3,9626,0,0
1777922728900,10152,HTTP Request,500,Internal Server Error,Config 3: Exp9 1-341,text,false,,233,158,488,488,http://localhost:8079/?token=518504778&user=-1355064518&config=3,10152,0,0
1777922729068,9984,HTTP Request,500,Internal Server Error,Config 3: Exp9 1-433,text,false,,233,158,488,488,http://localhost:8079/?token=518504778&user=-1355064518&config=3,9984,0,0
1777922729605,9447,HTTP Request,500,Internal Server Error,Config 3: Exp9 1-436,text,false,,233,158,488,488,http://localhost:8079/?token=518504778&user=-1355064518&config=3,9447,0,0
1777922728899,10153,HTTP Request,500,Internal Server Error,Config 3: Exp9 1-332,text,false,,233,158,488,488,http://localhost:8079/?token=518504778&user=-1355064518&config=3,10153,0,0
1777922728902,10150,HTTP Request,500,Internal Server Error,Config 3: Exp9 1-77,text,false,,233,158,488,488,http://localhost:8079/?token=518504778&user=-1355064518&config=3,10150,0,0
1777922728902,10150,HTTP Request,500,Internal Server Error,Config 3: Exp9 1-60,text,false,,233,158,488,488,http://localhost:8079/?token=518504778&user=-1355064518&config=3,10150,0,0
1777922728905,10147,HTTP Request,500,Internal Server Error,Config 3: Exp9 1-231,text,false,,233,158,488,488,http://localhost:8079/?token=518504778&user=-1355064518&config=3,10147,0,0
1777922728902,10150,HTTP Request,500,Internal Server Error,Config 3: Exp9 1-274,text,false,,233,158,488,488,http://localhost:8079/?token=518504778&user=-1355064518&config=3,10150,0,0
1777922728900,10152,HTTP Request,500,Internal Server Error,Config 3: Exp9 1-43,text,false,,233,158,488,488,http://localhost:8079/?token=518504778&user=-1355064518&config=3,10152,0,1
1777922728902,10150,HTTP Request,500,Internal Server Error,Config 3: Exp9 1-93,text,false,,233,158,488,488,http://localhost:8079/?token=518504778&user=-1355064518&config=3,10150,0,1
1777922737482,1574,HTTP Request,503,Service Unavailable,Config 3: Exp9 1-480,text,false,503,237,158,488,488,http://localhost:8079/?token=518504778&user=-1355064518&config=3,1574,0,0
1777922737660,1396,HTTP Request,503,Service Unavailable,Config 3: Exp9 1-481,text,false,503,237,158,488,488,http://localhost:8079/?token=518504778&user=-1355064518&config=3,1396,0,1
1777922737840,1216,HTTP Request,503,Service Unavailable,Config 3: Exp9 1-482,text,false,503,237,158,488,488,http://localhost:8079/?token=518504778&user=-1355064518&config=3,1216,0,0
1777922738018,1039,HTTP Request,503,Service Unavailable,Config 3: Exp9 1-483,text,false,503,237,158,488,488,http://localhost:8079/?token=518504778&user=-1355064518&config=3,1039,0,1
1777922738555,502,HTTP Request,503,Service Unavailable,Config 3: Exp9 1-486,text,false,503,237,158,488,488,http://localhost:8079/?token=518504778&user=-1355064518&config=3,502,0,0
1777922738735,322,HTTP Request,503,Service Unavailable,Config 3: Exp9 1-487,text,false,503,237,158,488,488,http://localhost:8079/?token=518504778&user=-1355064518&config=3,322,0,0
1777922738197,860,HTTP Request,503,Service Unavailable,Config 3: Exp9 1-484,text,false,503,237,158,488,488,http://localhost:8079/?token=518504778&user=-1355064518&config=3,860,0,1
1777922738377,680,HTTP Request,503,Service Unavailable,Config 3: Exp9 1-485,text,false,503,237,158,488,488,http://localhost:8079/?token=518504778&user=-1355064518&config=3,680,0,0
1777922738913,144,HTTP Request,503,Service Unavailable,Config 3: Exp9 1-488,text,false,503,237,158,488,488,http://localhost:8079/?token=518504778&user=-1355064518&config=3,144,0,8
1777922721902,21634,HTTP Request,200,OK,Config 3: Exp9 1-23,text,true,,231,158,513,513,http://localhost:8079/?token=518504778&user=-1355064518&config=3,21634,0,1
1777922721904,21632,HTTP Request,200,OK,Config 3: Exp9 1-10,text,true,,231,158,513,513,http://localhost:8079/?token=518504778&user=-1355064518&config=3,21632,0,1
1777922721903,21633,HTTP Request,200,OK,Config 3: Exp9 1-24,text,true,,231,158,513,513,http://localhost:8079/?token=518504778&user=-1355064518&config=3,21633,0,0
1777922721904,21633,HTTP Request,200,OK,Config 3: Exp9 1-12,text,true,,231,158,513,513,http://localhost:8079/?token=518504778&user=-1355064518&config=3,21633,0,1
1777922721905,21632,HTTP Request,200,OK,Config 3: Exp9 1-25,text,true,,231,158,513,513,http://localhost:8079/?token=518504778&user=-1355064518&config=3,21632,0,0
1777922721904,21633,HTTP Request,200,OK,Config 3: Exp9 1-54,text,true,,231,158,513,513,http://localhost:8079/?token=518504778&user=-1355064518&config=3,21633,0,1
1777922721911,21626,HTTP Request,200,OK,Config 3: Exp9 1-270,text,true,,231,158,513,513,http://localhost:8079/?token=518504778&user=-1355064518&config=3,21626,0,0
1777922721912,21625,HTTP Request,200,OK,Config 3: Exp9 1-277,text,true,,231,158,513,513,http://localhost:8079/?token=518504778&user=-1355064518&config=3,21625,0,0
1777922721911,21626,HTTP Request,200,OK,Config 3: Exp9 1-278,text,true,,231,158,513,513,http://localhost:8079/?token=518504778&user=-1355064518&config=3,21626,0,0
1777922721903,21634,HTTP Request,200,OK,Config 3: Exp9 1-40,text,true,,231,158,513,513,http://localhost:8079/?token=518504778&user=-1355064518&config=3,21634,0,0
1777922721905,21632,HTTP Request,200,OK,Config 3: Exp9 1-13,text,true,,231,158,513,513,http://localhost:8079/?token=518504778&user=-1355064518&config=3,21632,0,0
1777922721905,21632,HTTP Request,200,OK,Config 3: Exp9 1-47,text,true,,231,158,513,513,http://localhost:8079/?token=518504778&user=-1355064518&config=3,21632,0,0
1777922721905,21632,HTTP Request,200,OK,Config 3: Exp9 1-46,text,true,,231,158,513,513,http://localhost:8079/?token=518504778&user=-1355064518&config=3,21632,0,0
1777922721910,21627,HTTP Request,200,OK,Config 3: Exp9 1-76,text,true,,231,158,513,513,http://localhost:8079/?token=518504778&user=-1355064518&config=3,21627,0,0
1777922721911,21626,HTTP Request,200,OK,Config 3: Exp9 1-273,text,true,,231,158,513,513,http://localhost:8079/?token=518504778&user=-1355064518&config=3,21626,0,0
1777922721911,21626,HTTP Request,200,OK,Config 3: Exp9 1-276,text,true,,231,158,513,513,http://localhost:8079/?token=518504778&user=-1355064518&config=3,21626,0,0
1777922721912,21625,HTTP Request,200,OK,Config 3: Exp9 1-279,text,true,,231,158,513,513,http://localhost:8079/?token=518504778&user=-1355064518&config=3,21625,0,0
1777922721911,21626,HTTP Request,200,OK,Config 3: Exp9 1-59,text,true,,231,158,513,513,http://localhost:8079/?token=518504778&user=-1355064518&config=3,21626,0,0
1777922721911,21626,HTTP Request,200,OK,Config 3: Exp9 1-264,text,true,,231,158,513,513,http://localhost:8079/?token=518504778&user=-1355064518&config=3,21626,0,0
1777922721903,21635,HTTP Request,200,OK,Config 3: Exp9 1-36,text,true,,231,158,513,513,http://localhost:8079/?token=518504778&user=-1355064518&config=3,21635,0,0
1777922721912,21626,HTTP Request,200,OK,Config 3: Exp9 1-282,text,true,,231,158,513,513,http://localhost:8079/?token=518504778&user=-1355064518&config=3,21626,0,0
1777922721911,21627,HTTP Request,200,OK,Config 3: Exp9 1-141,text,true,,231,158,513,513,http://localhost:8079/?token=518504778&user=-1355064518&config=3,21627,0,0
1777922721905,21633,HTTP Request,200,OK,Config 3: Exp9 1-26,text,true,,231,158,513,513,http://localhost:8079/?token=518504778&user=-1355064518&config=3,21633,0,0
1777922721914,21624,HTTP Request,200,OK,Config 3: Exp9 1-360,text,true,,231,158,513,513,http://localhost:8079/?token=518504778&user=-1355064518&config=3,21624,0,0
1777922721913,21625,HTTP Request,200,OK,Config 3: Exp9 1-347,text,true,,231,158,513,513,http://localhost:8079/?token=518504778&user=-1355064518&config=3,21625,0,0
1777922721905,21633,HTTP Request,200,OK,Config 3: Exp9 1-48,text,true,,231,158,513,513,http://localhost:8079/?token=518504778&user=-1355064518&config=3,21633,0,0
1777922721913,21626,HTTP Request,200,OK,Config 3: Exp9 1-178,text,true,,231,158,513,513,http://localhost:8079/?token=518504778&user=-1355064518&config=3,21626,0,0
1777922722447,21092,HTTP Request,200,OK,Config 3: Exp9 1-396,text,true,,231,158,513,513,http://localhost:8079/?token=518504778&user=-1355064518&config=3,21092,0,1
1777922721904,21635,HTTP Request,200,OK,Config 3: Exp9 1-30,text,true,,231,158,513,513,http://localhost:8079/?token=518504778&user=-1355064518&config=3,21635,0,1
1777922721905,21634,HTTP Request,200,OK,Config 3: Exp9 1-31,text,true,,231,158,513,513,http://localhost:8079/?token=518504778&user=-1355064518&config=3,21634,0,0
1777922721903,21636,HTTP Request,200,OK,Config 3: Exp9 1-7,text,true,,231,158,513,513,http://localhost:8079/?token=518504778&user=-1355064518&config=3,21636,0,0
1777922721904,21635,HTTP Request,200,OK,Config 3: Exp9 1-53,text,true,,231,158,513,513,http://localhost:8079/?token=518504778&user=-1355064518&config=3,21635,0,1
1777922721908,21631,HTTP Request,200,OK,Config 3: Exp9 1-393,text,true,,231,158,513,513,http://localhost:8079/?token=518504778&user=-1355064518&config=3,21631,0,1
1777922721913,21626,HTTP Request,200,OK,Config 3: Exp9 1-353,text,true,,231,158,513,513,http://localhost:8079/?token=518504778&user=-1355064518&config=3,21626,0,0
1777922721911,21628,HTTP Request,200,OK,Config 3: Exp9 1-275,text,true,,231,158,513,513,http://localhost:8079/?token=518504778&user=-1355064518&config=3,21628,0,0
1777922721913,21626,HTTP Request,200,OK,Config 3: Exp9 1-351,text,true,,231,158,513,513,http://localhost:8079/?token=518504778&user=-1355064518&config=3,21626,0,0
1777922721914,21626,HTTP Request,200,OK,Config 3: Exp9 1-359,text,true,,231,158,513,513,http://localhost:8079/?token=518504778&user=-1355064518&config=3,21626,0,0
1777922721914,21626,HTTP Request,200,OK,Config 3: Exp9 1-281,text,true,,231,158,513,513,http://localhost:8079/?token=518504778&user=-1355064518&config=3,21626,0,0
1777922721914,21626,HTTP Request,200,OK,Config 3: Exp9 1-357,text,true,,231,158,513,513,http://localhost:8079/?token=518504778&user=-1355064518&config=3,21626,0,0
1777922721913,21626,HTTP Request,200,OK,Config 3: Exp9 1-348,text,true,,231,158,513,513,http://localhost:8079/?token=518504778&user=-1355064518&config=3,21626,0,0
1777922722088,21451,HTTP Request,200,OK,Config 3: Exp9 1-394,text,true,,231,158,513,513,http://localhost:8079/?token=518504778&user=-1355064518&config=3,21451,0,0
1777922721914,21625,HTTP Request,200,OK,Config 3: Exp9 1-352,text,true,,231,158,513,513,http://localhost:8079/?token=518504778&user=-1355064518&config=3,21625,0,0
1777922721913,21626,HTTP Request,200,OK,Config 3: Exp9 1-355,text,true,,231,158,513,513,http://localhost:8079/?token=518504778&user=-1355064518&config=3,21626,0,0
1777922722266,21274,HTTP Request,200,OK,Config 3: Exp9 1-395,text,true,,231,158,513,513,http://localhost:8079/?token=518504778&user=-1355064518&config=3,21274,0,1
1777922722625,20915,HTTP Request,200,OK,Config 3: Exp9 1-397,text,true,,231,158,513,513,http://localhost:8079/?token=518504778&user=-1355064518&config=3,20915,0,1
1777922722983,20557,HTTP Request,200,OK,Config 3: Exp9 1-399,text,true,,231,158,513,513,http://localhost:8079/?token=518504778&user=-1355064518&config=3,20557,0,0
1777922722804,20736,HTTP Request,200,OK,Config 3: Exp9 1-398,text,true,,231,158,513,513,http://localhost:8079/?token=518504778&user=-1355064518&config=3,20736,0,0
1777922721913,21627,HTTP Request,200,OK,Config 3: Exp9 1-358,text,true,,231,158,513,513,http://localhost:8079/?token=518504778&user=-1355064518&config=3,21627,0,0
1777922721913,21627,HTTP Request,200,OK,Config 3: Exp9 1-354,text,true,,231,158,513,513,http://localhost:8079/?token=518504778&user=-1355064518&config=3,21627,0,0
1777922721913,21627,HTTP Request,200,OK,Config 3: Exp9 1-280,text,true,,231,158,513,513,http://localhost:8079/?token=518504778&user=-1355064518&config=3,21627,0,0
1777922721914,21626,HTTP Request,200,OK,Config 3: Exp9 1-356,text,true,,231,158,513,513,http://localhost:8079/?token=518504778&user=-1355064518&config=3,21626,0,0
1777922721913,21627,HTTP Request,200,OK,Config 3: Exp9 1-349,text,true,,231,158,513,513,http://localhost:8079/?token=518504778&user=-1355064518&config=3,21627,0,0
1777922721914,21627,HTTP Request,200,OK,Config 3: Exp9 1-350,text,true,,231,158,513,513,http://localhost:8079/?token=518504778&user=-1355064518&config=3,21627,0,0
1777922724057,19484,HTTP Request,200,OK,Config 3: Exp9 1-405,text,true,,231,158,513,513,http://localhost:8079/?token=518504778&user=-1355064518&config=3,19484,0,0
1777922723341,20200,HTTP Request,200,OK,Config 3: Exp9 1-401,text,true,,231,158,513,513,http://localhost:8079/?token=518504778&user=-1355064518&config=3,20200,0,1
1777922724415,19126,HTTP Request,200,OK,Config 3: Exp9 1-407,text,true,,231,158,513,513,http://localhost:8079/?token=518504778&user=-1355064518&config=3,19126,0,0
1777922723162,20379,HTTP Request,200,OK,Config 3: Exp9 1-400,text,true,,231,158,513,513,http://localhost:8079/?token=518504778&user=-1355064518&config=3,20379,0,0
1777922723519,20022,HTTP Request,200,OK,Config 3: Exp9 1-402,text,true,,231,158,513,513,http://localhost:8079/?token=518504778&user=-1355064518&config=3,20022,0,1
1777922723699,19842,HTTP Request,200,OK,Config 3: Exp9 1-403,text,true,,231,158,513,513,http://localhost:8079/?token=518504778&user=-1355064518&config=3,19842,0,0
1777922724235,19306,HTTP Request,200,OK,Config 3: Exp9 1-406,text,true,,231,158,513,513,http://localhost:8079/?token=518504778&user=-1355064518&config=3,19306,0,0
1777922724951,18590,HTTP Request,200,OK,Config 3: Exp9 1-410,text,true,,231,158,513,513,http://localhost:8079/?token=518504778&user=-1355064518&config=3,18590,0,1
1777922724593,18948,HTTP Request,200,OK,Config 3: Exp9 1-408,text,true,,231,158,513,513,http://localhost:8079/?token=518504778&user=-1355064518&config=3,18948,0,1
1777922723878,19663,HTTP Request,200,OK,Config 3: Exp9 1-404,text,true,,231,158,513,513,http://localhost:8079/?token=518504778&user=-1355064518&config=3,19663,0,0
1777922724773,18768,HTTP Request,200,OK,Config 3: Exp9 1-409,text,true,,231,158,513,513,http://localhost:8079/?token=518504778&user=-1355064518&config=3,18768,0,1
1777922726025,17516,HTTP Request,200,OK,Config 3: Exp9 1-416,text,true,,231,158,513,513,http://localhost:8079/?token=518504778&user=-1355064518&config=3,17516,0,1
1777922726384,17157,HTTP Request,200,OK,Config 3: Exp9 1-418,text,true,,231,158,513,513,http://localhost:8079/?token=518504778&user=-1355064518&config=3,17157,0,1
1777922726920,16621,HTTP Request,200,OK,Config 3: Exp9 1-421,text,true,,231,158,513,513,http://localhost:8079/?token=518504778&user=-1355064518&config=3,16621,0,1
1777922726563,16978,HTTP Request,200,OK,Config 3: Exp9 1-419,text,true,,231,158,513,513,http://localhost:8079/?token=518504778&user=-1355064518&config=3,16978,0,0
1777922725131,18410,HTTP Request,200,OK,Config 3: Exp9 1-411,text,true,,231,158,513,513,http://localhost:8079/?token=518504778&user=-1355064518&config=3,18410,0,0
1777922725668,17873,HTTP Request,200,OK,Config 3: Exp9 1-414,text,true,,231,158,513,513,http://localhost:8079/?token=518504778&user=-1355064518&config=3,17873,0,1
1777922725488,18053,HTTP Request,200,OK,Config 3: Exp9 1-413,text,true,,231,158,513,513,http://localhost:8079/?token=518504778&user=-1355064518&config=3,18053,0,0
1777922726204,17337,HTTP Request,200,OK,Config 3: Exp9 1-417,text,true,,231,158,513,513,http://localhost:8079/?token=518504778&user=-1355064518&config=3,17337,0,1
1777922727279,16263,HTTP Request,200,OK,Config 3: Exp9 1-423,text,true,,231,158,513,513,http://localhost:8079/?token=518504778&user=-1355064518&config=3,16262,0,0
1777922727457,16085,HTTP Request,200,OK,Config 3: Exp9 1-424,text,true,,231,158,513,513,http://localhost:8079/?token=518504778&user=-1355064518&config=3,16085,0,0
1777922728898,14645,HTTP Request,200,OK,Config 3: Exp9 1-337,text,true,,231,158,513,513,http://localhost:8079/?token=518504778&user=-1355064518&config=3,14645,0,0
1777922728532,15011,HTTP Request,200,OK,Config 3: Exp9 1-430,text,true,,231,158,513,513,http://localhost:8079/?token=518504778&user=-1355064518&config=3,15011,0,0
1777922728898,14645,HTTP Request,200,OK,Config 3: Exp9 1-138,text,true,,231,158,513,513,http://localhost:8079/?token=518504778&user=-1355064518&config=3,14645,0,0
1777922728898,14645,HTTP Request,200,OK,Config 3: Exp9 1-126,text,true,,231,158,513,513,http://localhost:8079/?token=518504778&user=-1355064518&config=3,14645,0,0
1777922728898,14645,HTTP Request,200,OK,Config 3: Exp9 1-188,text,true,,231,158,513,513,http://localhost:8079/?token=518504778&user=-1355064518&config=3,14645,0,0
1777922728899,14644,HTTP Request,200,OK,Config 3: Exp9 1-329,text,true,,231,158,513,513,http://localhost:8079/?token=518504778&user=-1355064518&config=3,14644,0,0
1777922728898,14645,HTTP Request,200,OK,Config 3: Exp9 1-288,text,true,,231,158,513,513,http://localhost:8079/?token=518504778&user=-1355064518&config=3,14645,0,0
1777922725309,18244,HTTP Request,200,OK,Config 3: Exp9 1-412,text,true,,231,158,513,513,http://localhost:8079/?token=518504778&user=-1355064518&config=3,18244,0,1
1777922725846,17707,HTTP Request,200,OK,Config 3: Exp9 1-415,text,true,,231,158,513,513,http://localhost:8079/?token=518504778&user=-1355064518&config=3,17707,0,1
1777922727099,16454,HTTP Request,200,OK,Config 3: Exp9 1-422,text,true,,231,158,513,513,http://localhost:8079/?token=518504778&user=-1355064518&config=3,16454,0,0
1777922726741,16812,HTTP Request,200,OK,Config 3: Exp9 1-420,text,true,,231,158,513,513,http://localhost:8079/?token=518504778&user=-1355064518&config=3,16812,0,1
1777922727637,15916,HTTP Request,200,OK,Config 3: Exp9 1-425,text,true,,231,158,513,513,http://localhost:8079/?token=518504778&user=-1355064518&config=3,15916,0,0
1777922728173,15380,HTTP Request,200,OK,Config 3: Exp9 1-428,text,true,,231,158,513,513,http://localhost:8079/?token=518504778&user=-1355064518&config=3,15380,0,0
1777922728352,15201,HTTP Request,200,OK,Config 3: Exp9 1-429,text,true,,231,158,513,513,http://localhost:8079/?token=518504778&user=-1355064518&config=3,15201,0,1
1777922728902,14651,HTTP Request,200,OK,Config 3: Exp9 1-136,text,true,,231,158,513,513,http://localhost:8079/?token=518504778&user=-1355064518&config=3,14651,0,0
1777922727994,15559,HTTP Request,200,OK,Config 3: Exp9 1-427,text,true,,231,158,513,513,http://localhost:8079/?token=518504778&user=-1355064518&config=3,15559,0,0
1777922728711,14842,HTTP Request,200,OK,Config 3: Exp9 1-431,text,true,,231,158,513,513,http://localhost:8079/?token=518504778&user=-1355064518&config=3,14842,0,0
1777922728904,14650,HTTP Request,200,OK,Config 3: Exp9 1-266,text,true,,231,158,513,513,http://localhost:8079/?token=518504778&user=-1355064518&config=3,14650,0,0
1777922728904,14650,HTTP Request,200,OK,Config 3: Exp9 1-265,text,true,,231,158,513,513,http://localhost:8079/?token=518504778&user=-1355064518&config=3,14650,0,0
1777922727816,15738,HTTP Request,200,OK,Config 3: Exp9 1-426,text,true,,231,158,513,513,http://localhost:8079/?token=518504778&user=-1355064518&config=3,15738,0,0
1777922728902,14652,HTTP Request,200,OK,Config 3: Exp9 1-109,text,true,,231,158,513,513,http://localhost:8079/?token=518504778&user=-1355064518&config=3,14652,0,0
1777922728903,14651,HTTP Request,200,OK,Config 3: Exp9 1-183,text,true,,231,158,513,513,http://localhost:8079/?token=518504778&user=-1355064518&config=3,14651,0,0
1777922728903,14651,HTTP Request,200,OK,Config 3: Exp9 1-268,text,true,,231,158,513,513,http://localhost:8079/?token=518504778&user=-1355064518&config=3,14651,0,0
1777922728900,14654,HTTP Request,200,OK,Config 3: Exp9 1-340,text,true,,231,158,513,513,http://localhost:8079/?token=518504778&user=-1355064518&config=3,14654,0,0
1777922728900,14654,HTTP Request,200,OK,Config 3: Exp9 1-338,text,true,,231,158,513,513,http://localhost:8079/?token=518504778&user=-1355064518&config=3,14654,0,0
1777922728899,14655,HTTP Request,200,OK,Config 3: Exp9 1-335,text,true,,231,158,513,513,http://localhost:8079/?token=518504778&user=-1355064518&config=3,14655,0,0
1777922728901,14653,HTTP Request,200,OK,Config 3: Exp9 1-142,text,true,,231,158,513,513,http://localhost:8079/?token=518504778&user=-1355064518&config=3,14653,0,0
1777922728901,14653,HTTP Request,200,OK,Config 3: Exp9 1-143,text,true,,231,158,513,513,http://localhost:8079/?token=518504778&user=-1355064518&config=3,14653,0,0
1777922728901,14653,HTTP Request,200,OK,Config 3: Exp9 1-221,text,true,,231,158,513,513,http://localhost:8079/?token=518504778&user=-1355064518&config=3,14653,0,0
1777922728900,14654,HTTP Request,200,OK,Config 3: Exp9 1-342,text,true,,231,158,513,513,http://localhost:8079/?token=518504778&user=-1355064518&config=3,14654,0,0
1777922728901,14653,HTTP Request,200,OK,Config 3: Exp9 1-137,text,true,,231,158,513,513,http://localhost:8079/?token=518504778&user=-1355064518&config=3,14653,0,0
1777922728901,14653,HTTP Request,200,OK,Config 3: Exp9 1-18,text,true,,231,158,513,513,http://localhost:8079/?token=518504778&user=-1355064518&config=3,14653,0,0
1777922728900,14654,HTTP Request,200,OK,Config 3: Exp9 1-344,text,true,,231,158,513,513,http://localhost:8079/?token=518504778&user=-1355064518&config=3,14654,0,0
1777922728900,14654,HTTP Request,200,OK,Config 3: Exp9 1-345,text,true,,231,158,513,513,http://localhost:8079/?token=518504778&user=-1355064518&config=3,14654,0,0
1777922728902,14652,HTTP Request,200,OK,Config 3: Exp9 1-185,text,true,,231,158,513,513,http://localhost:8079/?token=518504778&user=-1355064518&config=3,14652,0,0
1777922728900,14654,HTTP Request,200,OK,Config 3: Exp9 1-144,text,true,,231,158,513,513,http://localhost:8079/?token=518504778&user=-1355064518&config=3,14654,0,0
1777922728901,14653,HTTP Request,200,OK,Config 3: Exp9 1-226,text,true,,231,158,513,513,http://localhost:8079/?token=518504778&user=-1355064518&config=3,14653,0,0
1777922728903,14651,HTTP Request,200,OK,Config 3: Exp9 1-236,text,true,,231,158,513,513,http://localhost:8079/?token=518504778&user=-1355064518&config=3,14651,0,0
1777922728903,14651,HTTP Request,200,OK,Config 3: Exp9 1-227,text,true,,231,158,513,513,http://localhost:8079/?token=518504778&user=-1355064518&config=3,14651,0,0
1777922728901,14653,HTTP Request,200,OK,Config 3: Exp9 1-220,text,true,,231,158,513,513,http://localhost:8079/?token=518504778&user=-1355064518&config=3,14653,0,0
1777922728904,14650,HTTP Request,200,OK,Config 3: Exp9 1-228,text,true,,231,158,513,513,http://localhost:8079/?token=518504778&user=-1355064518&config=3,14650,0,0
1777922728903,14651,HTTP Request,200,OK,Config 3: Exp9 1-232,text,true,,231,158,513,513,http://localhost:8079/?token=518504778&user=-1355064518&config=3,14651,0,0
1777922728902,14653,HTTP Request,200,OK,Config 3: Exp9 1-239,text,true,,231,158,513,513,http://localhost:8079/?token=518504778&user=-1355064518&config=3,14653,0,0
1777922728899,14657,HTTP Request,200,OK,Config 3: Exp9 1-333,text,true,,231,158,513,513,http://localhost:8079/?token=518504778&user=-1355064518&config=3,14657,0,0
1777922728904,14652,HTTP Request,200,OK,Config 3: Exp9 1-267,text,true,,231,158,513,513,http://localhost:8079/?token=518504778&user=-1355064518&config=3,14652,0,0
1777922728900,14656,HTTP Request,200,OK,Config 3: Exp9 1-343,text,true,,231,158,513,513,http://localhost:8079/?token=518504778&user=-1355064518&config=3,14656,0,0
1777922728905,14651,HTTP Request,200,OK,Config 3: Exp9 1-9,text,true,,231,158,513,513,http://localhost:8079/?token=518504778&user=-1355064518&config=3,14651,0,0
1777922728901,14655,HTTP Request,200,OK,Config 3: Exp9 1-238,text,true,,231,158,513,513,http://localhost:8079/?token=518504778&user=-1355064518&config=3,14655,0,0
1777922728901,14655,HTTP Request,200,OK,Config 3: Exp9 1-224,text,true,,231,158,513,513,http://localhost:8079/?token=518504778&user=-1355064518&config=3,14655,0,0
1777922728903,14653,HTTP Request,200,OK,Config 3: Exp9 1-229,text,true,,231,158,513,513,http://localhost:8079/?token=518504778&user=-1355064518&config=3,14653,0,0
1777922728902,14655,HTTP Request,200,OK,Config 3: Exp9 1-233,text,true,,231,158,513,513,http://localhost:8079/?token=518504778&user=-1355064518&config=3,14655,0,0
1777922728905,14652,HTTP Request,200,OK,Config 3: Exp9 1-234,text,true,,231,158,513,513,http://localhost:8079/?token=518504778&user=-1355064518&config=3,14652,0,0
1777922728904,14653,HTTP Request,200,OK,Config 3: Exp9 1-237,text,true,,231,158,513,513,http://localhost:8079/?token=518504778&user=-1355064518&config=3,14653,0,0
1777922729692,22717,HTTP Request,200,OK,Config 3: Exp9 1-108,text,true,,231,158,560,560,http://localhost:8079/?token=518504778&user=-1355064518&config=3,22717,0,0
1777922729694,22715,HTTP Request,200,OK,Config 3: Exp9 1-135,text,true,,231,158,560,560,http://localhost:8079/?token=518504778&user=-1355064518&config=3,22715,0,0
1777922729698,22712,HTTP Request,200,OK,Config 3: Exp9 1-102,text,true,,231,158,558,558,http://localhost:8079/?token=518504778&user=-1355064518&config=3,22712,0,0
1777922729695,22715,HTTP Request,200,OK,Config 3: Exp9 1-123,text,true,,231,158,558,558,http://localhost:8079/?token=518504778&user=-1355064518&config=3,22715,0,0
1777922729698,22712,HTTP Request,200,OK,Config 3: Exp9 1-168,text,true,,231,158,558,558,http://localhost:8079/?token=518504778&user=-1355064518&config=3,22712,0,0
1777922729699,22711,HTTP Request,200,OK,Config 3: Exp9 1-161,text,true,,231,158,558,558,http://localhost:8079/?token=518504778&user=-1355064518&config=3,22711,0,0
1777922729694,22716,HTTP Request,200,OK,Config 3: Exp9 1-105,text,true,,231,158,558,558,http://localhost:8079/?token=518504778&user=-1355064518&config=3,22716,0,0
1777922729698,22712,HTTP Request,200,OK,Config 3: Exp9 1-160,text,true,,231,158,558,558,http://localhost:8079/?token=518504778&user=-1355064518&config=3,22712,0,0
1777922729699,22711,HTTP Request,200,OK,Config 3: Exp9 1-117,text,true,,231,158,558,558,http://localhost:8079/?token=518504778&user=-1355064518&config=3,22711,0,0
1777922729694,22716,HTTP Request,200,OK,Config 3: Exp9 1-203,text,true,,231,158,558,558,http://localhost:8079/?token=518504778&user=-1355064518&config=3,22716,0,0
1777922729696,22714,HTTP Request,200,OK,Config 3: Exp9 1-167,text,true,,231,158,558,558,http://localhost:8079/?token=518504778&user=-1355064518&config=3,22714,0,0
1777922729699,22712,HTTP Request,200,OK,Config 3: Exp9 1-196,text,true,,231,158,549,549,http://localhost:8079/?token=518504778&user=-1355064518&config=3,22712,0,0
1777922729699,22712,HTTP Request,200,OK,Config 3: Exp9 1-129,text,true,,231,158,549,549,http://localhost:8079/?token=518504778&user=-1355064518&config=3,22712,0,0
1777922729698,22713,HTTP Request,200,OK,Config 3: Exp9 1-262,text,true,,231,158,549,549,http://localhost:8079/?token=518504778&user=-1355064518&config=3,22713,0,0
1777922729698,22713,HTTP Request,200,OK,Config 3: Exp9 1-118,text,true,,231,158,549,549,http://localhost:8079/?token=518504778&user=-1355064518&config=3,22713,0,0
1777922729698,22713,HTTP Request,200,OK,Config 3: Exp9 1-260,text,true,,231,158,549,549,http://localhost:8079/?token=518504778&user=-1355064518&config=3,22713,0,0
1777922729699,22712,HTTP Request,200,OK,Config 3: Exp9 1-195,text,true,,231,158,549,549,http://localhost:8079/?token=518504778&user=-1355064518&config=3,22712,0,0
1777922729698,22713,HTTP Request,200,OK,Config 3: Exp9 1-37,text,true,,231,158,549,549,http://localhost:8079/?token=518504778&user=-1355064518&config=3,22713,0,0
1777922729699,22713,HTTP Request,200,OK,Config 3: Exp9 1-133,text,true,,231,158,542,542,http://localhost:8079/?token=518504778&user=-1355064518&config=3,22713,0,0
1777922729699,22713,HTTP Request,200,OK,Config 3: Exp9 1-156,text,true,,231,158,542,542,http://localhost:8079/?token=518504778&user=-1355064518&config=3,22713,0,0
1777922729697,22715,HTTP Request,200,OK,Config 3: Exp9 1-208,text,true,,231,158,541,541,http://localhost:8079/?token=518504778&user=-1355064518&config=3,22715,0,0
1777922729697,22715,HTTP Request,200,OK,Config 3: Exp9 1-206,text,true,,231,158,541,541,http://localhost:8079/?token=518504778&user=-1355064518&config=3,22715,0,0
1777922729698,22714,HTTP Request,200,OK,Config 3: Exp9 1-201,text,true,,231,158,541,541,http://localhost:8079/?token=518504778&user=-1355064518&config=3,22714,0,0
1777922729697,22715,HTTP Request,200,OK,Config 3: Exp9 1-197,text,true,,231,158,541,541,http://localhost:8079/?token=518504778&user=-1355064518&config=3,22715,0,0
1777922729697,22715,HTTP Request,200,OK,Config 3: Exp9 1-49,text,true,,231,158,541,541,http://localhost:8079/?token=518504778&user=-1355064518&config=3,22715,0,0
1777922729697,22715,HTTP Request,200,OK,Config 3: Exp9 1-106,text,true,,231,158,541,541,http://localhost:8079/?token=518504778&user=-1355064518&config=3,22715,0,0
1777922729699,22713,HTTP Request,200,OK,Config 3: Exp9 1-15,text,true,,231,158,540,540,http://localhost:8079/?token=518504778&user=-1355064518&config=3,22713,0,0
1777922729700,22712,HTTP Request,200,OK,Config 3: Exp9 1-8,text,true,,231,158,540,540,http://localhost:8079/?token=518504778&user=-1355064518&config=3,22712,0,0
1777922729700,22712,HTTP Request,200,OK,Config 3: Exp9 1-4,text,true,,231,158,540,540,http://localhost:8079/?token=518504778&user=-1355064518&config=3,22712,0,0
1777922729700,22712,HTTP Request,200,OK,Config 3: Exp9 1-19,text,true,,231,158,540,540,http://localhost:8079/?token=518504778&user=-1355064518&config=3,22712,0,0
1777922729699,22713,HTTP Request,200,OK,Config 3: Exp9 1-5,text,true,,231,158,536,536,http://localhost:8079/?token=518504778&user=-1355064518&config=3,22713,0,0
1777922729699,22713,HTTP Request,200,OK,Config 3: Exp9 1-120,text,true,,231,158,536,536,http://localhost:8079/?token=518504778&user=-1355064518&config=3,22713,0,0
1777922729699,22713,HTTP Request,200,OK,Config 3: Exp9 1-202,text,true,,231,158,536,536,http://localhost:8079/?token=518504778&user=-1355064518&config=3,22713,0,0
1777922729700,22712,HTTP Request,200,OK,Config 3: Exp9 1-22,text,true,,231,158,536,536,http://localhost:8079/?token=518504778&user=-1355064518&config=3,22712,0,0
1777922729699,22714,HTTP Request,200,OK,Config 3: Exp9 1-103,text,true,,231,158,527,527,http://localhost:8079/?token=518504778&user=-1355064518&config=3,22714,0,0
1777922729700,22713,HTTP Request,200,OK,Config 3: Exp9 1-20,text,true,,231,158,526,526,http://localhost:8079/?token=518504778&user=-1355064518&config=3,22713,0,0
1777922729698,22716,HTTP Request,200,OK,Config 3: Exp9 1-134,text,true,,231,158,524,524,http://localhost:8079/?token=518504778&user=-1355064518&config=3,22716,0,0
1777922729698,22716,HTTP Request,200,OK,Config 3: Exp9 1-164,text,true,,231,158,524,524,http://localhost:8079/?token=518504778&user=-1355064518&config=3,22716,0,0
1777922729698,22716,HTTP Request,200,OK,Config 3: Exp9 1-166,text,true,,231,158,524,524,http://localhost:8079/?token=518504778&user=-1355064518&config=3,22716,0,0
1777922729697,22717,HTTP Request,200,OK,Config 3: Exp9 1-189,text,true,,231,158,524,524,http://localhost:8079/?token=518504778&user=-1355064518&config=3,22717,0,0
1777922729692,22722,HTTP Request,200,OK,Config 3: Exp9 1-34,text,true,,231,158,524,524,http://localhost:8079/?token=518504778&user=-1355064518&config=3,22722,0,0
1777922729700,22714,HTTP Request,200,OK,Config 3: Exp9 1-2,text,true,,231,158,524,524,http://localhost:8079/?token=518504778&user=-1355064518&config=3,22714,0,0
1777922729694,22720,HTTP Request,200,OK,Config 3: Exp9 1-295,text,true,,231,158,524,524,http://localhost:8079/?token=518504778&user=-1355064518&config=3,22720,0,0
1777922729700,22714,HTTP Request,200,OK,Config 3: Exp9 1-6,text,true,,231,158,524,524,http://localhost:8079/?token=518504778&user=-1355064518&config=3,22714,0,0
1777922729700,22714,HTTP Request,200,OK,Config 3: Exp9 1-3,text,true,,231,158,523,523,http://localhost:8079/?token=518504778&user=-1355064518&config=3,22714,0,0
1777922729700,22714,HTTP Request,200,OK,Config 3: Exp9 1-72,text,true,,231,158,521,521,http://localhost:8079/?token=518504778&user=-1355064518&config=3,22714,0,0
1777922729694,22720,HTTP Request,200,OK,Config 3: Exp9 1-68,text,true,,231,158,514,514,http://localhost:8079/?token=518504778&user=-1355064518&config=3,22720,0,0
1777922729692,22722,HTTP Request,200,OK,Config 3: Exp9 1-57,text,true,,231,158,514,514,http://localhost:8079/?token=518504778&user=-1355064518&config=3,22722,0,0
1777922729696,22718,HTTP Request,200,OK,Config 3: Exp9 1-84,text,true,,231,158,513,513,http://localhost:8079/?token=518504778&user=-1355064518&config=3,22718,0,0
1777922729698,22716,HTTP Request,200,OK,Config 3: Exp9 1-100,text,true,,231,158,513,513,http://localhost:8079/?token=518504778&user=-1355064518&config=3,22716,0,0
1777922729698,22717,HTTP Request,200,OK,Config 3: Exp9 1-88,text,true,,231,158,513,513,http://localhost:8079/?token=518504778&user=-1355064518&config=3,22717,0,0
1777922734021,18394,HTTP Request,500,Internal Server Error,Config 3: Exp9 1-151,text,false,,233,158,509,509,http://localhost:8079/?token=518504778&user=-1355064518&config=3,18394,0,0
1777922734021,18394,HTTP Request,500,Internal Server Error,Config 3: Exp9 1-246,text,false,,233,158,509,509,http://localhost:8079/?token=518504778&user=-1355064518&config=3,18394,0,0
1777922734021,18394,HTTP Request,500,Internal Server Error,Config 3: Exp9 1-204,text,false,,233,158,509,509,http://localhost:8079/?token=518504778&user=-1355064518&config=3,18394,0,0
1777922734021,18396,HTTP Request,500,Internal Server Error,Config 3: Exp9 1-122,text,false,,233,158,506,506,http://localhost:8079/?token=518504778&user=-1355064518&config=3,18396,0,1
1777922734259,18158,HTTP Request,500,Internal Server Error,Config 3: Exp9 1-462,text,false,,233,158,506,506,http://localhost:8079/?token=518504778&user=-1355064518&config=3,18158,0,0
1777922734976,17441,HTTP Request,500,Internal Server Error,Config 3: Exp9 1-466,text,false,,233,158,506,506,http://localhost:8079/?token=518504778&user=-1355064518&config=3,17441,0,0
1777922734438,17979,HTTP Request,500,Internal Server Error,Config 3: Exp9 1-463,text,false,,233,158,506,506,http://localhost:8079/?token=518504778&user=-1355064518&config=3,17979,0,0
1777922734021,18396,HTTP Request,500,Internal Server Error,Config 3: Exp9 1-215,text,false,,233,158,503,503,http://localhost:8079/?token=518504778&user=-1355064518&config=3,18396,0,0
1777922734617,17801,HTTP Request,500,Internal Server Error,Config 3: Exp9 1-464,text,false,,233,158,501,501,http://localhost:8079/?token=518504778&user=-1355064518&config=3,17801,0,0
1777922736944,15474,HTTP Request,500,Internal Server Error,Config 3: Exp9 1-477,text,false,,233,158,501,501,http://localhost:8079/?token=518504778&user=-1355064518&config=3,15474,0,0
1777922736228,16190,HTTP Request,500,Internal Server Error,Config 3: Exp9 1-473,text,false,,233,158,500,500,http://localhost:8079/?token=518504778&user=-1355064518&config=3,16190,0,1
1777922734079,18340,HTTP Request,500,Internal Server Error,Config 3: Exp9 1-461,text,false,,233,158,498,498,http://localhost:8079/?token=518504778&user=-1355064518&config=3,18340,0,1
1777922735154,17265,HTTP Request,500,Internal Server Error,Config 3: Exp9 1-467,text,false,,233,158,498,498,http://localhost:8079/?token=518504778&user=-1355064518&config=3,17265,0,1
1777922735513,16906,HTTP Request,500,Internal Server Error,Config 3: Exp9 1-469,text,false,,233,158,496,496,http://localhost:8079/?token=518504778&user=-1355064518&config=3,16906,0,0
1777922734797,17622,HTTP Request,500,Internal Server Error,Config 3: Exp9 1-465,text,false,,233,158,496,496,http://localhost:8079/?token=518504778&user=-1355064518&config=3,17622,0,0
1777922737124,15295,HTTP Request,500,Internal Server Error,Config 3: Exp9 1-478,text,false,,233,158,495,495,http://localhost:8079/?token=518504778&user=-1355064518&config=3,15295,0,0
1777922736587,15832,HTTP Request,500,Internal Server Error,Config 3: Exp9 1-475,text,false,,233,158,495,495,http://localhost:8079/?token=518504778&user=-1355064518&config=3,15832,0,0
1777922736051,16368,HTTP Request,500,Internal Server Error,Config 3: Exp9 1-472,text,false,,233,158,495,495,http://localhost:8079/?token=518504778&user=-1355064518&config=3,16368,0,0
1777922735333,17086,HTTP Request,500,Internal Server Error,Config 3: Exp9 1-468,text,false,,233,158,495,495,http://localhost:8079/?token=518504778&user=-1355064518&config=3,17086,0,0
1777922737303,15116,HTTP Request,500,Internal Server Error,Config 3: Exp9 1-479,text,false,,233,158,494,494,http://localhost:8079/?token=518504778&user=-1355064518&config=3,15116,0,0
1777922734021,18398,HTTP Request,500,Internal Server Error,Config 3: Exp9 1-219,text,false,,233,158,493,493,http://localhost:8079/?token=518504778&user=-1355064518&config=3,18398,0,0
1777922734021,18398,HTTP Request,500,Internal Server Error,Config 3: Exp9 1-61,text,false,,233,158,493,493,http://localhost:8079/?token=518504778&user=-1355064518&config=3,18398,0,0
1777922735871,16548,HTTP Request,500,Internal Server Error,Config 3: Exp9 1-471,text,false,,233,158,493,493,http://localhost:8079/?token=518504778&user=-1355064518&config=3,16548,0,0
1777922734021,18398,HTTP Request,500,Internal Server Error,Config 3: Exp9 1-132,text,false,,233,158,493,493,http://localhost:8079/?token=518504778&user=-1355064518&config=3,18398,0,0
1777922735691,16729,HTTP Request,500,Internal Server Error,Config 3: Exp9 1-470,text,false,,233,158,485,485,http://localhost:8079/?token=518504778&user=-1355064518&config=3,16729,0,1
1777922736407,16013,HTTP Request,500,Internal Server Error,Config 3: Exp9 1-474,text,false,,233,158,485,485,http://localhost:8079/?token=518504778&user=-1355064518&config=3,16013,0,0
1777922736766,15654,HTTP Request,500,Internal Server Error,Config 3: Exp9 1-476,text,false,,233,158,485,485,http://localhost:8079/?token=518504778&user=-1355064518&config=3,15654,0,0
1777922741733,10686,HTTP Request,Non HTTP response code: org.apache.http.NoHttpResponseException,Non HTTP response message: localhost:8079 failed to respond,Config 3: Exp9 1-487,text,false,,2068,0,482,482,http://localhost:8079/?token=518504778&user=-1355064518&config=3,0,0,0
1777922741553,10866,HTTP Request,Non HTTP response code: org.apache.http.NoHttpResponseException,Non HTTP response message: localhost:8079 failed to respond,Config 3: Exp9 1-486,text,false,,2068,0,482,482,http://localhost:8079/?token=518504778&user=-1355064518&config=3,0,0,0
1777922741911,10508,HTTP Request,Non HTTP response code: org.apache.http.NoHttpResponseException,Non HTTP response message: localhost:8079 failed to respond,Config 3: Exp9 1-488,text,false,,2068,0,482,482,http://localhost:8079/?token=518504778&user=-1355064518&config=3,0,0,0
1777922729693,25449,HTTP Request,200,OK,Config 3: Exp9 1-90,text,true,,231,158,479,479,http://localhost:8079/?token=518504778&user=-1355064518&config=3,25449,0,1
1777922729696,25446,HTTP Request,200,OK,Config 3: Exp9 1-41,text,true,,231,158,479,479,http://localhost:8079/?token=518504778&user=-1355064518&config=3,25446,0,0
1777922729698,25445,HTTP Request,200,OK,Config 3: Exp9 1-89,text,true,,231,158,479,479,http://localhost:8079/?token=518504778&user=-1355064518&config=3,25445,0,0
1777922729699,25444,HTTP Request,200,OK,Config 3: Exp9 1-83,text,true,,231,158,479,479,http://localhost:8079/?token=518504778&user=-1355064518&config=3,25444,0,0
1777922729700,25443,HTTP Request,200,OK,Config 3: Exp9 1-297,text,true,,231,158,479,479,http://localhost:8079/?token=518504778&user=-1355064518&config=3,25443,0,0
1777922729700,25443,HTTP Request,200,OK,Config 3: Exp9 1-217,text,true,,231,158,479,479,http://localhost:8079/?token=518504778&user=-1355064518&config=3,25443,0,0
1777922729699,25444,HTTP Request,200,OK,Config 3: Exp9 1-71,text,true,,231,158,479,479,http://localhost:8079/?token=518504778&user=-1355064518&config=3,25444,0,0
1777922729694,25449,HTTP Request,200,OK,Config 3: Exp9 1-73,text,true,,231,158,477,477,http://localhost:8079/?token=518504778&user=-1355064518&config=3,25449,0,0
1777922729701,25442,HTTP Request,200,OK,Config 3: Exp9 1-45,text,true,,231,158,477,477,http://localhost:8079/?token=518504778&user=-1355064518&config=3,25442,0,0
1777922729701,25442,HTTP Request,200,OK,Config 3: Exp9 1-150,text,true,,231,158,477,477,http://localhost:8079/?token=518504778&user=-1355064518&config=3,25442,0,0
1777922729701,25442,HTTP Request,200,OK,Config 3: Exp9 1-209,text,true,,231,158,477,477,http://localhost:8079/?token=518504778&user=-1355064518&config=3,25442,0,0
1777922729703,25440,HTTP Request,200,OK,Config 3: Exp9 1-392,text,true,,231,158,477,477,http://localhost:8079/?token=518504778&user=-1355064518&config=3,25440,0,0
1777922729700,25444,HTTP Request,200,OK,Config 3: Exp9 1-216,text,true,,231,158,471,471,http://localhost:8079/?token=518504778&user=-1355064518&config=3,25444,0,0
1777922729700,25444,HTTP Request,200,OK,Config 3: Exp9 1-244,text,true,,231,158,471,471,http://localhost:8079/?token=518504778&user=-1355064518&config=3,25444,0,0
1777922729701,25443,HTTP Request,200,OK,Config 3: Exp9 1-379,text,true,,231,158,470,470,http://localhost:8079/?token=518504778&user=-1355064518&config=3,25443,0,0
1777922729701,25443,HTTP Request,200,OK,Config 3: Exp9 1-386,text,true,,231,158,470,470,http://localhost:8079/?token=518504778&user=-1355064518&config=3,25443,0,0
1777922729703,25441,HTTP Request,200,OK,Config 3: Exp9 1-390,text,true,,231,158,470,470,http://localhost:8079/?token=518504778&user=-1355064518&config=3,25441,0,0
1777922729702,25442,HTTP Request,200,OK,Config 3: Exp9 1-387,text,true,,231,158,470,470,http://localhost:8079/?token=518504778&user=-1355064518&config=3,25442,0,1
1777922729702,25442,HTTP Request,200,OK,Config 3: Exp9 1-378,text,true,,231,158,470,470,http://localhost:8079/?token=518504778&user=-1355064518&config=3,25442,0,0
1777922729695,25451,HTTP Request,200,OK,Config 3: Exp9 1-38,text,true,,231,158,460,460,http://localhost:8079/?token=518504778&user=-1355064518&config=3,25451,0,0
1777922729695,25451,HTTP Request,200,OK,Config 3: Exp9 1-39,text,true,,231,158,460,460,http://localhost:8079/?token=518504778&user=-1355064518&config=3,25451,0,1
1777922729698,25448,HTTP Request,200,OK,Config 3: Exp9 1-86,text,true,,231,158,460,460,http://localhost:8079/?token=518504778&user=-1355064518&config=3,25448,0,0
1777922729696,25450,HTTP Request,200,OK,Config 3: Exp9 1-33,text,true,,231,158,460,460,http://localhost:8079/?token=518504778&user=-1355064518&config=3,25450,0,0
1777922729697,25449,HTTP Request,200,OK,Config 3: Exp9 1-87,text,true,,231,158,460,460,http://localhost:8079/?token=518504778&user=-1355064518&config=3,25449,0,0
1777922729701,25445,HTTP Request,200,OK,Config 3: Exp9 1-310,text,true,,231,158,460,460,http://localhost:8079/?token=518504778&user=-1355064518&config=3,25445,0,0
1777922729700,25446,HTTP Request,200,OK,Config 3: Exp9 1-252,text,true,,231,158,460,460,http://localhost:8079/?token=518504778&user=-1355064518&config=3,25446,0,0
1777922729701,25445,HTTP Request,200,OK,Config 3: Exp9 1-377,text,true,,231,158,460,460,http://localhost:8079/?token=518504778&user=-1355064518&config=3,25445,0,0
1777922729701,25445,HTTP Request,200,OK,Config 3: Exp9 1-248,text,true,,231,158,460,460,http://localhost:8079/?token=518504778&user=-1355064518&config=3,25445,0,0
1777922729702,25444,HTTP Request,200,OK,Config 3: Exp9 1-382,text,true,,231,158,459,459,http://localhost:8079/?token=518504778&user=-1355064518&config=3,25444,0,0
1777922729702,25444,HTTP Request,200,OK,Config 3: Exp9 1-383,text,true,,231,158,459,459,http://localhost:8079/?token=518504778&user=-1355064518&config=3,25444,0,1
1777922729702,25444,HTTP Request,200,OK,Config 3: Exp9 1-384,text,true,,231,158,459,459,http://localhost:8079/?token=518504778&user=-1355064518&config=3,25444,0,1
1777922729701,25445,HTTP Request,200,OK,Config 3: Exp9 1-128,text,true,,231,158,459,459,http://localhost:8079/?token=518504778&user=-1355064518&config=3,25445,0,0
1777922729702,25444,HTTP Request,200,OK,Config 3: Exp9 1-380,text,true,,231,158,459,459,http://localhost:8079/?token=518504778&user=-1355064518&config=3,25444,0,0
1777922729701,25445,HTTP Request,200,OK,Config 3: Exp9 1-28,text,true,,231,158,459,459,http://localhost:8079/?token=518504778&user=-1355064518&config=3,25445,0,0
1777922729702,25444,HTTP Request,200,OK,Config 3: Exp9 1-381,text,true,,231,158,459,459,http://localhost:8079/?token=518504778&user=-1355064518&config=3,25444,0,0
1777922729703,25443,HTTP Request,200,OK,Config 3: Exp9 1-391,text,true,,231,158,459,459,http://localhost:8079/?token=518504778&user=-1355064518&config=3,25443,0,0
1777922729694,25453,HTTP Request,200,OK,Config 3: Exp9 1-55,text,true,,231,158,448,448,http://localhost:8079/?token=518504778&user=-1355064518&config=3,25453,0,0
1777922729694,25453,HTTP Request,200,OK,Config 3: Exp9 1-67,text,true,,231,158,446,446,http://localhost:8079/?token=518504778&user=-1355064518&config=3,25453,0,1
1777922729694,25453,HTTP Request,200,OK,Config 3: Exp9 1-70,text,true,,231,158,446,446,http://localhost:8079/?token=518504778&user=-1355064518&config=3,25453,0,0
1777922729695,25452,HTTP Request,200,OK,Config 3: Exp9 1-69,text,true,,231,158,443,443,http://localhost:8079/?token=518504778&user=-1355064518&config=3,25452,0,1
1777922729697,25450,HTTP Request,200,OK,Config 3: Exp9 1-51,text,true,,231,158,442,442,http://localhost:8079/?token=518504778&user=-1355064518&config=3,25450,0,0
1777922729697,25450,HTTP Request,200,OK,Config 3: Exp9 1-32,text,true,,231,158,442,442,http://localhost:8079/?token=518504778&user=-1355064518&config=3,25450,0,0
1777922729696,25451,HTTP Request,200,OK,Config 3: Exp9 1-66,text,true,,231,158,442,442,http://localhost:8079/?token=518504778&user=-1355064518&config=3,25451,0,0
1777922729697,25450,HTTP Request,200,OK,Config 3: Exp9 1-98,text,true,,231,158,441,441,http://localhost:8079/?token=518504778&user=-1355064518&config=3,25450,0,0
1777922729699,25448,HTTP Request,200,OK,Config 3: Exp9 1-101,text,true,,231,158,441,441,http://localhost:8079/?token=518504778&user=-1355064518&config=3,25448,0,0
1777922729701,25446,HTTP Request,200,OK,Config 3: Exp9 1-296,text,true,,231,158,441,441,http://localhost:8079/?token=518504778&user=-1355064518&config=3,25446,0,0
1777922729701,25446,HTTP Request,200,OK,Config 3: Exp9 1-388,text,true,,231,158,440,440,http://localhost:8079/?token=518504778&user=-1355064518&config=3,25446,0,0
1777922729701,25446,HTTP Request,200,OK,Config 3: Exp9 1-314,text,true,,231,158,440,440,http://localhost:8079/?token=518504778&user=-1355064518&config=3,25446,0,0
1777922729702,25446,HTTP Request,200,OK,Config 3: Exp9 1-385,text,true,,231,158,439,439,http://localhost:8079/?token=518504778&user=-1355064518&config=3,25446,0,1
1777922729701,25447,HTTP Request,200,OK,Config 3: Exp9 1-212,text,true,,231,158,438,438,http://localhost:8079/?token=518504778&user=-1355064518&config=3,25447,0,0
1777922729703,25445,HTTP Request,200,OK,Config 3: Exp9 1-389,text,true,,231,158,437,437,http://localhost:8079/?token=518504778&user=-1355064518&config=3,25445,0,0
1777922729783,25365,HTTP Request,200,OK,Config 3: Exp9 1-437,text,true,,231,158,437,437,http://localhost:8079/?token=518504778&user=-1355064518&config=3,25365,0,1
1777922730679,24479,HTTP Request,200,OK,Config 3: Exp9 1-442,text,true,,231,158,427,427,http://localhost:8079/?token=518504778&user=-1355064518&config=3,24479,0,0
1777922730322,24836,HTTP Request,200,OK,Config 3: Exp9 1-440,text,true,,231,158,427,427,http://localhost:8079/?token=518504778&user=-1355064518&config=3,24836,0,1
1777922730500,24658,HTTP Request,200,OK,Config 3: Exp9 1-441,text,true,,231,158,427,427,http://localhost:8079/?token=518504778&user=-1355064518&config=3,24658,0,0
1777922730859,24299,HTTP Request,200,OK,Config 3: Exp9 1-443,text,true,,231,158,427,427,http://localhost:8079/?token=518504778&user=-1355064518&config=3,24299,0,0
1777922731037,24121,HTTP Request,200,OK,Config 3: Exp9 1-444,text,true,,231,158,427,427,http://localhost:8079/?token=518504778&user=-1355064518&config=3,24121,0,1
1777922731217,23941,HTTP Request,200,OK,Config 3: Exp9 1-445,text,true,,231,158,427,427,http://localhost:8079/?token=518504778&user=-1355064518&config=3,23941,0,0
1777922731396,23762,HTTP Request,200,OK,Config 3: Exp9 1-446,text,true,,231,158,427,427,http://localhost:8079/?token=518504778&user=-1355064518&config=3,23762,0,0
1777922729697,25461,HTTP Request,200,OK,Config 3: Exp9 1-50,text,true,,231,158,427,427,http://localhost:8079/?token=518504778&user=-1355064518&config=3,25461,0,0
1777922729963,25195,HTTP Request,200,OK,Config 3: Exp9 1-438,text,true,,231,158,427,427,http://localhost:8079/?token=518504778&user=-1355064518&config=3,25195,0,0
1777922730142,25016,HTTP Request,200,OK,Config 3: Exp9 1-439,text,true,,231,158,427,427,http://localhost:8079/?token=518504778&user=-1355064518&config=3,25016,0,1
1777922731574,23585,HTTP Request,200,OK,Config 3: Exp9 1-447,text,true,,231,158,417,417,http://localhost:8079/?token=518504778&user=-1355064518&config=3,23585,0,1
1777922732113,23046,HTTP Request,200,OK,Config 3: Exp9 1-450,text,true,,231,158,417,417,http://localhost:8079/?token=518504778&user=-1355064518&config=3,23046,0,0
1777922731932,23227,HTTP Request,200,OK,Config 3: Exp9 1-449,text,true,,231,158,417,417,http://localhost:8079/?token=518504778&user=-1355064518&config=3,23227,0,1
1777922731754,23405,HTTP Request,200,OK,Config 3: Exp9 1-448,text,true,,231,158,417,417,http://localhost:8079/?token=518504778&user=-1355064518&config=3,23405,0,0
1777922732291,22869,HTTP Request,200,OK,Config 3: Exp9 1-451,text,true,,231,158,417,417,http://localhost:8079/?token=518504778&user=-1355064518&config=3,22869,0,0
1777922732470,22690,HTTP Request,200,OK,Config 3: Exp9 1-452,text,true,,231,158,417,417,http://localhost:8079/?token=518504778&user=-1355064518&config=3,22690,0,0
1777922732648,22512,HTTP Request,200,OK,Config 3: Exp9 1-453,text,true,,231,158,417,417,http://localhost:8079/?token=518504778&user=-1355064518&config=3,22512,0,1
1777922732828,22332,HTTP Request,200,OK,Config 3: Exp9 1-454,text,true,,231,158,416,416,http://localhost:8079/?token=518504778&user=-1355064518&config=3,22332,0,0
1777922733007,22153,HTTP Request,200,OK,Config 3: Exp9 1-455,text,true,,231,158,415,415,http://localhost:8079/?token=518504778&user=-1355064518&config=3,22153,0,0
1777922733185,21975,HTTP Request,200,OK,Config 3: Exp9 1-456,text,true,,231,158,415,415,http://localhost:8079/?token=518504778&user=-1355064518&config=3,21975,0,1
1777922733365,21795,HTTP Request,200,OK,Config 3: Exp9 1-457,text,true,,231,158,414,414,http://localhost:8079/?token=518504778&user=-1355064518&config=3,21795,0,0
1777922733544,21616,HTTP Request,200,OK,Config 3: Exp9 1-458,text,true,,231,158,414,414,http://localhost:8079/?token=518504778&user=-1355064518&config=3,21616,0,0
1777922733722,21438,HTTP Request,200,OK,Config 3: Exp9 1-459,text,true,,231,158,414,414,http://localhost:8079/?token=518504778&user=-1355064518&config=3,21438,0,1
1777922734005,21155,HTTP Request,200,OK,Config 3: Exp9 1-17,text,true,,231,158,411,411,http://localhost:8079/?token=518504778&user=-1355064518&config=3,21155,0,0
1777922733901,21259,HTTP Request,200,OK,Config 3: Exp9 1-460,text,true,,231,158,411,411,http://localhost:8079/?token=518504778&user=-1355064518&config=3,21259,0,1
1777922734005,21155,HTTP Request,200,OK,Config 3: Exp9 1-190,text,true,,231,158,410,410,http://localhost:8079/?token=518504778&user=-1355064518&config=3,21155,0,0
1777922734005,21156,HTTP Request,200,OK,Config 3: Exp9 1-256,text,true,,231,158,403,403,http://localhost:8079/?token=518504778&user=-1355064518&config=3,21156,0,0
1777922734004,21157,HTTP Request,200,OK,Config 3: Exp9 1-152,text,true,,231,158,403,403,http://localhost:8079/?token=518504778&user=-1355064518&config=3,21157,0,0
1777922734005,21156,HTTP Request,200,OK,Config 3: Exp9 1-257,text,true,,231,158,401,401,http://localhost:8079/?token=518504778&user=-1355064518&config=3,21156,0,0
1777922734005,21156,HTTP Request,200,OK,Config 3: Exp9 1-147,text,true,,231,158,401,401,http://localhost:8079/?token=518504778&user=-1355064518&config=3,21156,0,0
1777922734005,21156,HTTP Request,200,OK,Config 3: Exp9 1-318,text,true,,231,158,401,401,http://localhost:8079/?token=518504778&user=-1355064518&config=3,21156,0,0
1777922734005,21156,HTTP Request,200,OK,Config 3: Exp9 1-146,text,true,,231,158,401,401,http://localhost:8079/?token=518504778&user=-1355064518&config=3,21156,0,0
1777922734004,21157,HTTP Request,200,OK,Config 3: Exp9 1-199,text,true,,231,158,401,401,http://localhost:8079/?token=518504778&user=-1355064518&config=3,21157,0,0
1777922734004,21157,HTTP Request,200,OK,Config 3: Exp9 1-155,text,true,,231,158,401,401,http://localhost:8079/?token=518504778&user=-1355064518&config=3,21157,0,0
1777922734005,21156,HTTP Request,200,OK,Config 3: Exp9 1-362,text,true,,231,158,401,401,http://localhost:8079/?token=518504778&user=-1355064518&config=3,21156,0,0
1777922734005,21156,HTTP Request,200,OK,Config 3: Exp9 1-326,text,true,,231,158,399,399,http://localhost:8079/?token=518504778&user=-1355064518&config=3,21156,0,0
1777922734005,21158,HTTP Request,200,OK,Config 3: Exp9 1-249,text,true,,231,158,391,391,http://localhost:8079/?token=518504778&user=-1355064518&config=3,21158,0,0
1777922734006,21157,HTTP Request,200,OK,Config 3: Exp9 1-16,text,true,,231,158,391,391,http://localhost:8079/?token=518504778&user=-1355064518&config=3,21157,0,0
1777922734005,21158,HTTP Request,200,OK,Config 3: Exp9 1-154,text,true,,231,158,391,391,http://localhost:8079/?token=518504778&user=-1355064518&config=3,21158,0,0
1777922734005,21158,HTTP Request,200,OK,Config 3: Exp9 1-194,text,true,,231,158,391,391,http://localhost:8079/?token=518504778&user=-1355064518&config=3,21158,0,0
1777922734005,21158,HTTP Request,200,OK,Config 3: Exp9 1-321,text,true,,231,158,391,391,http://localhost:8079/?token=518504778&user=-1355064518&config=3,21158,0,0
1777922734007,21157,HTTP Request,200,OK,Config 3: Exp9 1-250,text,true,,231,158,386,386,http://localhost:8079/?token=518504778&user=-1355064518&config=3,21157,0,0
1777922734007,21157,HTTP Request,200,OK,Config 3: Exp9 1-153,text,true,,231,158,386,386,http://localhost:8079/?token=518504778&user=-1355064518&config=3,21157,0,0
1777922734007,21157,HTTP Request,200,OK,Config 3: Exp9 1-319,text,true,,231,158,386,386,http://localhost:8079/?token=518504778&user=-1355064518&config=3,21157,0,0
1777922734007,21157,HTTP Request,200,OK,Config 3: Exp9 1-192,text,true,,231,158,386,386,http://localhost:8079/?token=518504778&user=-1355064518&config=3,21157,0,0
1777922734007,21157,HTTP Request,200,OK,Config 3: Exp9 1-328,text,true,,231,158,386,386,http://localhost:8079/?token=518504778&user=-1355064518&config=3,21157,0,0
1777922734007,21157,HTTP Request,200,OK,Config 3: Exp9 1-325,text,true,,231,158,386,386,http://localhost:8079/?token=518504778&user=-1355064518&config=3,21157,0,0
1777922734009,21156,HTTP Request,200,OK,Config 3: Exp9 1-365,text,true,,231,158,380,380,http://localhost:8079/?token=518504778&user=-1355064518&config=3,21156,0,0
1777922734010,21155,HTTP Request,200,OK,Config 3: Exp9 1-364,text,true,,231,158,380,380,http://localhost:8079/?token=518504778&user=-1355064518&config=3,21155,0,0
1777922734010,21155,HTTP Request,200,OK,Config 3: Exp9 1-366,text,true,,231,158,380,380,http://localhost:8079/?token=518504778&user=-1355064518&config=3,21155,0,0
1777922734011,21154,HTTP Request,200,OK,Config 3: Exp9 1-370,text,true,,231,158,380,380,http://localhost:8079/?token=518504778&user=-1355064518&config=3,21154,0,0
1777922734011,21154,HTTP Request,200,OK,Config 3: Exp9 1-371,text,true,,231,158,380,380,http://localhost:8079/?token=518504778&user=-1355064518&config=3,21154,0,0
1777922734011,21154,HTTP Request,200,OK,Config 3: Exp9 1-369,text,true,,231,158,380,380,http://localhost:8079/?token=518504778&user=-1355064518&config=3,21154,0,0
1777922734011,21154,HTTP Request,200,OK,Config 3: Exp9 1-367,text,true,,231,158,380,380,http://localhost:8079/?token=518504778&user=-1355064518&config=3,21154,0,0
1777922734010,21155,HTTP Request,200,OK,Config 3: Exp9 1-368,text,true,,231,158,380,380,http://localhost:8079/?token=518504778&user=-1355064518&config=3,21155,0,0
1777922734012,21153,HTTP Request,200,OK,Config 3: Exp9 1-373,text,true,,231,158,380,380,http://localhost:8079/?token=518504778&user=-1355064518&config=3,21153,0,0
1777922734012,21153,HTTP Request,200,OK,Config 3: Exp9 1-301,text,true,,231,158,380,380,http://localhost:8079/?token=518504778&user=-1355064518&config=3,21153,0,0
1777922734012,21153,HTTP Request,200,OK,Config 3: Exp9 1-298,text,true,,231,158,380,380,http://localhost:8079/?token=518504778&user=-1355064518&config=3,21153,0,0
1777922734009,21156,HTTP Request,200,OK,Config 3: Exp9 1-1,text,true,,231,158,380,380,http://localhost:8079/?token=518504778&user=-1355064518&config=3,21156,0,0
1777922734009,21156,HTTP Request,200,OK,Config 3: Exp9 1-259,text,true,,231,158,380,380,http://localhost:8079/?token=518504778&user=-1355064518&config=3,21156,0,0
1777922734009,21156,HTTP Request,200,OK,Config 3: Exp9 1-320,text,true,,231,158,379,379,http://localhost:8079/?token=518504778&user=-1355064518&config=3,21156,0,0
1777922734008,21157,HTTP Request,200,OK,Config 3: Exp9 1-21,text,true,,231,158,380,380,http://localhost:8079/?token=518504778&user=-1355064518&config=3,21157,0,0
1777922734009,21156,HTTP Request,200,OK,Config 3: Exp9 1-251,text,true,,231,158,379,379,http://localhost:8079/?token=518504778&user=-1355064518&config=3,21156,0,0
1777922734008,21157,HTTP Request,200,OK,Config 3: Exp9 1-327,text,true,,231,158,379,379,http://localhost:8079/?token=518504778&user=-1355064518&config=3,21157,0,0
1777922734008,21157,HTTP Request,200,OK,Config 3: Exp9 1-200,text,true,,231,158,378,378,http://localhost:8079/?token=518504778&user=-1355064518&config=3,21157,0,0
1777922734009,21156,HTTP Request,200,OK,Config 3: Exp9 1-324,text,true,,231,158,380,380,http://localhost:8079/?token=518504778&user=-1355064518&config=3,21156,0,0
1777922734007,21158,HTTP Request,200,OK,Config 3: Exp9 1-258,text,true,,231,158,378,378,http://localhost:8079/?token=518504778&user=-1355064518&config=3,21158,0,0
1777922734009,21156,HTTP Request,200,OK,Config 3: Exp9 1-317,text,true,,231,158,378,378,http://localhost:8079/?token=518504778&user=-1355064518&config=3,21156,0,0
1777922734012,21153,HTTP Request,200,OK,Config 3: Exp9 1-130,text,true,,231,158,380,380,http://localhost:8079/?token=518504778&user=-1355064518&config=3,21153,0,0
1777922734007,21158,HTTP Request,200,OK,Config 3: Exp9 1-322,text,true,,231,158,378,378,http://localhost:8079/?token=518504778&user=-1355064518&config=3,21158,0,0
1777922734008,21157,HTTP Request,200,OK,Config 3: Exp9 1-323,text,true,,231,158,378,378,http://localhost:8079/?token=518504778&user=-1355064518&config=3,21157,0,0
1777922734009,21156,HTTP Request,200,OK,Config 3: Exp9 1-361,text,true,,231,158,377,377,http://localhost:8079/?token=518504778&user=-1355064518&config=3,21156,0,0
1777922734010,21155,HTTP Request,200,OK,Config 3: Exp9 1-363,text,true,,231,158,377,377,http://localhost:8079/?token=518504778&user=-1355064518&config=3,21155,0,0
1777922734012,21154,HTTP Request,200,OK,Config 3: Exp9 1-372,text,true,,231,158,367,367,http://localhost:8079/?token=518504778&user=-1355064518&config=3,21154,0,0
1777922734012,21154,HTTP Request,200,OK,Config 3: Exp9 1-376,text,true,,231,158,365,365,http://localhost:8079/?token=518504778&user=-1355064518&config=3,21154,0,0
1777922734012,21154,HTTP Request,200,OK,Config 3: Exp9 1-374,text,true,,231,158,364,364,http://localhost:8079/?token=518504778&user=-1355064518&config=3,21154,0,0
1777922734012,21154,HTTP Request,200,OK,Config 3: Exp9 1-375,text,true,,231,158,364,364,http://localhost:8079/?token=518504778&user=-1355064518&config=3,21154,0,0
1777922734012,21154,HTTP Request,200,OK,Config 3: Exp9 1-299,text,true,,231,158,364,364,http://localhost:8079/?token=518504778&user=-1355064518&config=3,21154,0,0
1777922734012,21154,HTTP Request,200,OK,Config 3: Exp9 1-302,text,true,,231,158,364,364,http://localhost:8079/?token=518504778&user=-1355064518&config=3,21154,0,0
1777922734014,21152,HTTP Request,200,OK,Config 3: Exp9 1-247,text,true,,231,158,364,364,http://localhost:8079/?token=518504778&user=-1355064518&config=3,21152,0,0
1777922734012,21154,HTTP Request,200,OK,Config 3: Exp9 1-304,text,true,,231,158,364,364,http://localhost:8079/?token=518504778&user=-1355064518&config=3,21154,0,0
1777922734013,21153,HTTP Request,200,OK,Config 3: Exp9 1-309,text,true,,231,158,364,364,http://localhost:8079/?token=518504778&user=-1355064518&config=3,21153,0,0
1777922734012,21155,HTTP Request,200,OK,Config 3: Exp9 1-313,text,true,,231,158,364,364,http://localhost:8079/?token=518504778&user=-1355064518&config=3,21155,0,0
1777922734013,21154,HTTP Request,200,OK,Config 3: Exp9 1-303,text,true,,231,158,364,364,http://localhost:8079/?token=518504778&user=-1355064518&config=3,21154,0,0
1777922734013,21154,HTTP Request,200,OK,Config 3: Exp9 1-254,text,true,,231,158,363,363,http://localhost:8079/?token=518504778&user=-1355064518&config=3,21154,0,0
1777922734013,21154,HTTP Request,200,OK,Config 3: Exp9 1-253,text,true,,231,158,363,363,http://localhost:8079/?token=518504778&user=-1355064518&config=3,21154,0,0
1777922734012,21155,HTTP Request,200,OK,Config 3: Exp9 1-95,text,true,,231,158,363,363,http://localhost:8079/?token=518504778&user=-1355064518&config=3,21155,0,0
1777922734013,21154,HTTP Request,200,OK,Config 3: Exp9 1-205,text,true,,231,158,363,363,http://localhost:8079/?token=518504778&user=-1355064518&config=3,21154,0,0
1777922734012,21155,HTTP Request,200,OK,Config 3: Exp9 1-149,text,true,,231,158,363,363,http://localhost:8079/?token=518504778&user=-1355064518&config=3,21155,0,0
1777922734013,21154,HTTP Request,200,OK,Config 3: Exp9 1-311,text,true,,231,158,363,363,http://localhost:8079/?token=518504778&user=-1355064518&config=3,21154,0,0
1777922734012,21155,HTTP Request,200,OK,Config 3: Exp9 1-240,text,true,,231,158,362,362,http://localhost:8079/?token=518504778&user=-1355064518&config=3,21155,0,0
1777922734012,21155,HTTP Request,200,OK,Config 3: Exp9 1-52,text,true,,231,158,362,362,http://localhost:8079/?token=518504778&user=-1355064518&config=3,21155,0,0
1777922734013,21154,HTTP Request,200,OK,Config 3: Exp9 1-121,text,true,,231,158,362,362,http://localhost:8079/?token=518504778&user=-1355064518&config=3,21154,0,0
1777922734012,21155,HTTP Request,200,OK,Config 3: Exp9 1-191,text,true,,231,158,362,362,http://localhost:8079/?token=518504778&user=-1355064518&config=3,21155,0,0
1777922734012,21155,HTTP Request,200,OK,Config 3: Exp9 1-193,text,true,,231,158,362,362,http://localhost:8079/?token=518504778&user=-1355064518&config=3,21155,0,0
1777922734012,21155,HTTP Request,200,OK,Config 3: Exp9 1-148,text,true,,231,158,360,360,http://localhost:8079/?token=518504778&user=-1355064518&config=3,21155,0,0
1777922734012,21155,HTTP Request,200,OK,Config 3: Exp9 1-158,text,true,,231,158,360,360,http://localhost:8079/?token=518504778&user=-1355064518&config=3,21155,0,0
1777922734013,21160,HTTP Request,200,OK,Config 3: Exp9 1-306,text,true,,231,158,330,330,http://localhost:8079/?token=518504778&user=-1355064518&config=3,21160,0,0
1777922734014,21159,HTTP Request,200,OK,Config 3: Exp9 1-172,text,true,,231,158,330,330,http://localhost:8079/?token=518504778&user=-1355064518&config=3,21159,0,0
1777922734013,21160,HTTP Request,200,OK,Config 3: Exp9 1-170,text,true,,231,158,330,330,http://localhost:8079/?token=518504778&user=-1355064518&config=3,21160,0,0
1777922734013,21160,HTTP Request,200,OK,Config 3: Exp9 1-165,text,true,,231,158,330,330,http://localhost:8079/?token=518504778&user=-1355064518&config=3,21160,0,0
1777922734013,21160,HTTP Request,200,OK,Config 3: Exp9 1-263,text,true,,231,158,330,330,http://localhost:8079/?token=518504778&user=-1355064518&config=3,21160,0,0
1777922734021,21153,HTTP Request,200,OK,Config 3: Exp9 1-242,text,true,,231,158,325,325,http://localhost:8079/?token=518504778&user=-1355064518&config=3,21153,0,0
1777922734012,21162,HTTP Request,200,OK,Config 3: Exp9 1-308,text,true,,231,158,325,325,http://localhost:8079/?token=518504778&user=-1355064518&config=3,21162,0,0
1777922734012,21162,HTTP Request,200,OK,Config 3: Exp9 1-315,text,true,,231,158,325,325,http://localhost:8079/?token=518504778&user=-1355064518&config=3,21162,0,0
1777922734013,21161,HTTP Request,200,OK,Config 3: Exp9 1-312,text,true,,231,158,325,325,http://localhost:8079/?token=518504778&user=-1355064518&config=3,21161,0,0
1777922734014,21160,HTTP Request,200,OK,Config 3: Exp9 1-159,text,true,,231,158,324,324,http://localhost:8079/?token=518504778&user=-1355064518&config=3,21160,0,0
1777922734021,21153,HTTP Request,200,OK,Config 3: Exp9 1-300,text,true,,231,158,320,320,http://localhost:8079/?token=518504778&user=-1355064518&config=3,21153,0,0
1777922734021,21153,HTTP Request,200,OK,Config 3: Exp9 1-243,text,true,,231,158,320,320,http://localhost:8079/?token=518504778&user=-1355064518&config=3,21153,0,0
1777922734021,21153,HTTP Request,200,OK,Config 3: Exp9 1-245,text,true,,231,158,320,320,http://localhost:8079/?token=518504778&user=-1355064518&config=3,21153,0,0
1777922734021,21153,HTTP Request,200,OK,Config 3: Exp9 1-214,text,true,,231,158,320,320,http://localhost:8079/?token=518504778&user=-1355064518&config=3,21153,0,0
1777922734021,21153,HTTP Request,200,OK,Config 3: Exp9 1-305,text,true,,231,158,320,320,http://localhost:8079/?token=518504778&user=-1355064518&config=3,21153,0,0
1777922734014,21160,HTTP Request,200,OK,Config 3: Exp9 1-307,text,true,,231,158,320,320,http://localhost:8079/?token=518504778&user=-1355064518&config=3,21160,0,0
1777922734021,21153,HTTP Request,200,OK,Config 3: Exp9 1-198,text,true,,231,158,319,319,http://localhost:8079/?token=518504778&user=-1355064518&config=3,21153,0,0
1777922734014,21160,HTTP Request,200,OK,Config 3: Exp9 1-261,text,true,,231,158,319,319,http://localhost:8079/?token=518504778&user=-1355064518&config=3,21160,0,0
1777922734014,21160,HTTP Request,200,OK,Config 3: Exp9 1-316,text,true,,231,158,319,319,http://localhost:8079/?token=518504778&user=-1355064518&config=3,21160,0,0
1777922734014,21160,HTTP Request,200,OK,Config 3: Exp9 1-157,text,true,,231,158,318,318,http://localhost:8079/?token=518504778&user=-1355064518&config=3,21160,0,0
1777922734021,21153,HTTP Request,200,OK,Config 3: Exp9 1-163,text,true,,231,158,318,318,http://localhost:8079/?token=518504778&user=-1355064518&config=3,21153,0,0
1777922734014,21161,HTTP Request,200,OK,Config 3: Exp9 1-131,text,true,,231,158,309,309,http://localhost:8079/?token=518504778&user=-1355064518&config=3,21161,0,0
1777922734014,21161,HTTP Request,200,OK,Config 3: Exp9 1-210,text,true,,231,158,309,309,http://localhost:8079/?token=518504778&user=-1355064518&config=3,21161,0,0
1777922734021,21154,HTTP Request,200,OK,Config 3: Exp9 1-211,text,true,,231,158,309,309,http://localhost:8079/?token=518504778&user=-1355064518&config=3,21154,0,0
1777922734021,21154,HTTP Request,200,OK,Config 3: Exp9 1-35,text,true,,231,158,308,308,http://localhost:8079/?token=518504778&user=-1355064518&config=3,21154,0,0
1777922734014,21161,HTTP Request,200,OK,Config 3: Exp9 1-207,text,true,,231,158,307,307,http://localhost:8079/?token=518504778&user=-1355064518&config=3,21161,0,0
1777922734015,21161,HTTP Request,200,OK,Config 3: Exp9 1-213,text,true,,231,158,304,304,http://localhost:8079/?token=518504778&user=-1355064518&config=3,21161,0,0
1777922734015,21161,HTTP Request,200,OK,Config 3: Exp9 1-255,text,true,,231,158,304,304,http://localhost:8079/?token=518504778&user=-1355064518&config=3,21161,0,0
1777922734015,21161,HTTP Request,200,OK,Config 3: Exp9 1-11,text,true,,231,158,304,304,http://localhost:8079/?token=518504778&user=-1355064518&config=3,21161,0,0
1777922734021,21155,HTTP Request,200,OK,Config 3: Exp9 1-218,text,true,,231,158,304,304,http://localhost:8079/?token=518504778&user=-1355064518&config=3,21155,0,0
1777922734021,21155,HTTP Request,200,OK,Config 3: Exp9 1-241,text,true,,231,158,304,304,http://localhost:8079/?token=518504778&user=-1355064518&config=3,21155,0,0
1777922734021,21156,HTTP Request,200,OK,Config 3: Exp9 1-171,text,true,,231,158,299,299,http://localhost:8079/?token=518504778&user=-1355064518&config=3,21156,0,0
1777922734021,21156,HTTP Request,200,OK,Config 3: Exp9 1-78,text,true,,231,158,299,299,http://localhost:8079/?token=518504778&user=-1355064518&config=3,21156,0,0
1777922734021,21156,HTTP Request,200,OK,Config 3: Exp9 1-169,text,true,,231,158,299,299,http://localhost:8079/?token=518504778&user=-1355064518&config=3,21156,0,0
1777922734021,21156,HTTP Request,200,OK,Config 3: Exp9 1-162,text,true,,231,158,299,299,http://localhost:8079/?token=518504778&user=-1355064518&config=3,21156,0,0
1777922739048,20741,HTTP Request,200,OK,Config 3: Exp9 1-111,text,true,,231,158,295,295,http://localhost:8079/?token=518504778&user=-1355064518&config=3,20741,0,0
1777922739045,20744,HTTP Request,200,OK,Config 3: Exp9 1-177,text,true,,231,158,295,295,http://localhost:8079/?token=518504778&user=-1355064518&config=3,20744,0,0
1777922739045,20744,HTTP Request,200,OK,Config 3: Exp9 1-181,text,true,,231,158,295,295,http://localhost:8079/?token=518504778&user=-1355064518&config=3,20744,0,0
1777922739048,20741,HTTP Request,200,OK,Config 3: Exp9 1-187,text,true,,231,158,295,295,http://localhost:8079/?token=518504778&user=-1355064518&config=3,20741,0,0
1777922739046,20743,HTTP Request,200,OK,Config 3: Exp9 1-127,text,true,,231,158,295,295,http://localhost:8079/?token=518504778&user=-1355064518&config=3,20743,0,0
1777922739048,20741,HTTP Request,200,OK,Config 3: Exp9 1-145,text,true,,231,158,294,294,http://localhost:8079/?token=518504778&user=-1355064518&config=3,20741,0,0
1777922739048,20742,HTTP Request,200,OK,Config 3: Exp9 1-44,text,true,,231,158,289,289,http://localhost:8079/?token=518504778&user=-1355064518&config=3,20742,0,0
1777922739048,20742,HTTP Request,200,OK,Config 3: Exp9 1-94,text,true,,231,158,289,289,http://localhost:8079/?token=518504778&user=-1355064518&config=3,20742,0,0
1777922739048,20743,HTTP Request,200,OK,Config 3: Exp9 1-27,text,true,,231,158,289,289,http://localhost:8079/?token=518504778&user=-1355064518&config=3,20743,0,0
1777922739048,20743,HTTP Request,200,OK,Config 3: Exp9 1-85,text,true,,231,158,289,289,http://localhost:8079/?token=518504778&user=-1355064518&config=3,20743,0,0
1777922739047,20744,HTTP Request,200,OK,Config 3: Exp9 1-110,text,true,,231,158,289,289,http://localhost:8079/?token=518504778&user=-1355064518&config=3,20744,0,0
1777922739046,20745,HTTP Request,200,OK,Config 3: Exp9 1-182,text,true,,231,158,289,289,http://localhost:8079/?token=518504778&user=-1355064518&config=3,20745,0,0
1777922739048,20743,HTTP Request,200,OK,Config 3: Exp9 1-284,text,true,,231,158,289,289,http://localhost:8079/?token=518504778&user=-1355064518&config=3,20743,0,0
1777922739047,20744,HTTP Request,200,OK,Config 3: Exp9 1-285,text,true,,231,158,289,289,http://localhost:8079/?token=518504778&user=-1355064518&config=3,20744,0,0
1777922739047,20744,HTTP Request,200,OK,Config 3: Exp9 1-290,text,true,,231,158,289,289,http://localhost:8079/?token=518504778&user=-1355064518&config=3,20744,0,0
1777922739046,20748,HTTP Request,200,OK,Config 3: Exp9 1-176,text,true,,231,158,280,280,http://localhost:8079/?token=518504778&user=-1355064518&config=3,20748,0,0
1777922739050,20744,HTTP Request,200,OK,Config 3: Exp9 1-42,text,true,,231,158,280,280,http://localhost:8079/?token=518504778&user=-1355064518&config=3,20744,0,0
1777922739048,20746,HTTP Request,200,OK,Config 3: Exp9 1-175,text,true,,231,158,280,280,http://localhost:8079/?token=518504778&user=-1355064518&config=3,20746,0,0
1777922739050,20745,HTTP Request,200,OK,Config 3: Exp9 1-29,text,true,,231,158,280,280,http://localhost:8079/?token=518504778&user=-1355064518&config=3,20745,0,0
1777922739050,20745,HTTP Request,200,OK,Config 3: Exp9 1-112,text,true,,231,158,280,280,http://localhost:8079/?token=518504778&user=-1355064518&config=3,20745,0,0
1777922739046,20749,HTTP Request,200,OK,Config 3: Exp9 1-286,text,true,,231,158,280,280,http://localhost:8079/?token=518504778&user=-1355064518&config=3,20749,0,0
1777922739050,20745,HTTP Request,200,OK,Config 3: Exp9 1-287,text,true,,231,158,280,280,http://localhost:8079/?token=518504778&user=-1355064518&config=3,20745,0,0
1777922739046,20749,HTTP Request,200,OK,Config 3: Exp9 1-139,text,true,,231,158,280,280,http://localhost:8079/?token=518504778&user=-1355064518&config=3,20749,0,0
1777922739050,20745,HTTP Request,200,OK,Config 3: Exp9 1-294,text,true,,231,158,280,280,http://localhost:8079/?token=518504778&user=-1355064518&config=3,20745,0,0
1777922739050,20745,HTTP Request,200,OK,Config 3: Exp9 1-186,text,true,,231,158,280,280,http://localhost:8079/?token=518504778&user=-1355064518&config=3,20745,0,0
1777922739050,20745,HTTP Request,200,OK,Config 3: Exp9 1-283,text,true,,231,158,280,280,http://localhost:8079/?token=518504778&user=-1355064518&config=3,20745,0,0
1777922739048,20747,HTTP Request,200,OK,Config 3: Exp9 1-174,text,true,,231,158,280,280,http://localhost:8079/?token=518504778&user=-1355064518&config=3,20747,0,0
1777922739046,20749,HTTP Request,200,OK,Config 3: Exp9 1-179,text,true,,231,158,280,280,http://localhost:8079/?token=518504778&user=-1355064518&config=3,20749,0,0
1777922739046,20750,HTTP Request,200,OK,Config 3: Exp9 1-289,text,true,,231,158,267,267,http://localhost:8079/?token=518504778&user=-1355064518&config=3,20750,0,0
1777922739044,20753,HTTP Request,200,OK,Config 3: Exp9 1-79,text,true,,231,158,266,266,http://localhost:8079/?token=518504778&user=-1355064518&config=3,20753,0,2
1777922739044,20753,HTTP Request,200,OK,Config 3: Exp9 1-97,text,true,,231,158,266,266,http://localhost:8079/?token=518504778&user=-1355064518&config=3,20753,0,2
1777922739050,20747,HTTP Request,200,OK,Config 3: Exp9 1-56,text,true,,231,158,266,266,http://localhost:8079/?token=518504778&user=-1355064518&config=3,20747,0,0
1777922739044,20753,HTTP Request,200,OK,Config 3: Exp9 1-58,text,true,,231,158,266,266,http://localhost:8079/?token=518504778&user=-1355064518&config=3,20753,0,2
1777922739047,20750,HTTP Request,200,OK,Config 3: Exp9 1-173,text,true,,231,158,266,266,http://localhost:8079/?token=518504778&user=-1355064518&config=3,20750,0,0
1777922739044,20753,HTTP Request,200,OK,Config 3: Exp9 1-65,text,true,,231,158,266,266,http://localhost:8079/?token=518504778&user=-1355064518&config=3,20753,0,2
1777922739046,20751,HTTP Request,200,OK,Config 3: Exp9 1-180,text,true,,231,158,266,266,http://localhost:8079/?token=518504778&user=-1355064518&config=3,20751,0,0
1777922739044,20753,HTTP Request,200,OK,Config 3: Exp9 1-124,text,true,,231,158,266,266,http://localhost:8079/?token=518504778&user=-1355064518&config=3,20753,0,2
1777922739046,20751,HTTP Request,200,OK,Config 3: Exp9 1-114,text,true,,231,158,266,266,http://localhost:8079/?token=518504778&user=-1355064518&config=3,20751,0,0
1777922739047,20750,HTTP Request,200,OK,Config 3: Exp9 1-292,text,true,,231,158,266,266,http://localhost:8079/?token=518504778&user=-1355064518&config=3,20750,0,0
1777922739050,20747,HTTP Request,200,OK,Config 3: Exp9 1-14,text,true,,231,158,266,266,http://localhost:8079/?token=518504778&user=-1355064518&config=3,20747,0,0
1777922739045,20752,HTTP Request,200,OK,Config 3: Exp9 1-107,text,true,,231,158,266,266,http://localhost:8079/?token=518504778&user=-1355064518&config=3,20752,0,1
1777922739046,20751,HTTP Request,200,OK,Config 3: Exp9 1-62,text,true,,231,158,266,266,http://localhost:8079/?token=518504778&user=-1355064518&config=3,20751,0,0
1777922739046,20751,HTTP Request,200,OK,Config 3: Exp9 1-74,text,true,,231,158,266,266,http://localhost:8079/?token=518504778&user=-1355064518&config=3,20751,0,1
1777922739046,20751,HTTP Request,200,OK,Config 3: Exp9 1-119,text,true,,231,158,265,265,http://localhost:8079/?token=518504778&user=-1355064518&config=3,20751,0,1
1777922739046,20751,HTTP Request,200,OK,Config 3: Exp9 1-116,text,true,,231,158,265,265,http://localhost:8079/?token=518504778&user=-1355064518&config=3,20751,0,1
1777922739046,20751,HTTP Request,200,OK,Config 3: Exp9 1-63,text,true,,231,158,265,265,http://localhost:8079/?token=518504778&user=-1355064518&config=3,20751,0,1
1777922739046,20751,HTTP Request,200,OK,Config 3: Exp9 1-91,text,true,,231,158,265,265,http://localhost:8079/?token=518504778&user=-1355064518&config=3,20751,0,1
1777922739047,20750,HTTP Request,200,OK,Config 3: Exp9 1-81,text,true,,231,158,265,265,http://localhost:8079/?token=518504778&user=-1355064518&config=3,20750,0,1
1777922739049,20748,HTTP Request,200,OK,Config 3: Exp9 1-75,text,true,,231,158,265,265,http://localhost:8079/?token=518504778&user=-1355064518&config=3,20748,0,1
1777922739049,20748,HTTP Request,200,OK,Config 3: Exp9 1-115,text,true,,231,158,263,263,http://localhost:8079/?token=518504778&user=-1355064518&config=3,20748,0,1
1777922739047,20750,HTTP Request,200,OK,Config 3: Exp9 1-96,text,true,,231,158,263,263,http://localhost:8079/?token=518504778&user=-1355064518&config=3,20750,0,1
1777922739050,20747,HTTP Request,200,OK,Config 3: Exp9 1-223,text,true,,231,158,263,263,http://localhost:8079/?token=518504778&user=-1355064518&config=3,20747,0,0
1777922739044,20762,HTTP Request,200,OK,Config 3: Exp9 1-92,text,true,,231,158,243,243,http://localhost:8079/?token=518504778&user=-1355064518&config=3,20762,0,2
1777922739044,20762,HTTP Request,200,OK,Config 3: Exp9 1-82,text,true,,231,158,243,243,http://localhost:8079/?token=518504778&user=-1355064518&config=3,20762,0,2
1777922739046,20761,HTTP Request,200,OK,Config 3: Exp9 1-125,text,true,,231,158,243,243,http://localhost:8079/?token=518504778&user=-1355064518&config=3,20761,0,1
1777922739046,20761,HTTP Request,200,OK,Config 3: Exp9 1-64,text,true,,231,158,243,243,http://localhost:8079/?token=518504778&user=-1355064518&config=3,20761,0,0
1777922739046,20761,HTTP Request,200,OK,Config 3: Exp9 1-80,text,true,,231,158,243,243,http://localhost:8079/?token=518504778&user=-1355064518&config=3,20761,0,1
1777922739045,20762,HTTP Request,200,OK,Config 3: Exp9 1-113,text,true,,231,158,239,239,http://localhost:8079/?token=518504778&user=-1355064518&config=3,20762,0,1
1777922739047,20760,HTTP Request,200,OK,Config 3: Exp9 1-104,text,true,,231,158,238,238,http://localhost:8079/?token=518504778&user=-1355064518&config=3,20760,0,1
1777922739044,20763,HTTP Request,200,OK,Config 3: Exp9 1-99,text,true,,231,158,238,238,http://localhost:8079/?token=518504778&user=-1355064518&config=3,20763,0,2
1777922739051,20756,HTTP Request,200,OK,Config 3: Exp9 1-434,text,true,,231,158,238,238,http://localhost:8079/?token=518504778&user=-1355064518&config=3,20756,0,1
1777922739050,20757,HTTP Request,200,OK,Config 3: Exp9 1-225,text,true,,231,158,238,238,http://localhost:8079/?token=518504778&user=-1355064518&config=3,20757,0,0
1777922739050,20757,HTTP Request,200,OK,Config 3: Exp9 1-331,text,true,,231,158,238,238,http://localhost:8079/?token=518504778&user=-1355064518&config=3,20757,0,0
1777922739052,20755,HTTP Request,200,OK,Config 3: Exp9 1-231,text,true,,231,158,238,238,http://localhost:8079/?token=518504778&user=-1355064518&config=3,20755,0,0
1777922739052,20755,HTTP Request,200,OK,Config 3: Exp9 1-274,text,true,,231,158,237,237,http://localhost:8079/?token=518504778&user=-1355064518&config=3,20755,0,1
1777922739052,20755,HTTP Request,200,OK,Config 3: Exp9 1-43,text,true,,231,158,237,237,http://localhost:8079/?token=518504778&user=-1355064518&config=3,20755,0,1
1777922739050,20757,HTTP Request,200,OK,Config 3: Exp9 1-271,text,true,,231,158,237,237,http://localhost:8079/?token=518504778&user=-1355064518&config=3,20757,0,0
1777922739050,20759,HTTP Request,200,OK,Config 3: Exp9 1-339,text,true,,231,158,228,228,http://localhost:8079/?token=518504778&user=-1355064518&config=3,20759,0,0
1777922739050,20759,HTTP Request,200,OK,Config 3: Exp9 1-184,text,true,,231,158,228,228,http://localhost:8079/?token=518504778&user=-1355064518&config=3,20759,0,0
1777922739050,20759,HTTP Request,200,OK,Config 3: Exp9 1-432,text,true,,231,158,228,228,http://localhost:8079/?token=518504778&user=-1355064518&config=3,20759,0,0
1777922739051,20758,HTTP Request,200,OK,Config 3: Exp9 1-269,text,true,,231,158,228,228,http://localhost:8079/?token=518504778&user=-1355064518&config=3,20758,0,1
1777922739051,20758,HTTP Request,200,OK,Config 3: Exp9 1-235,text,true,,231,158,228,228,http://localhost:8079/?token=518504778&user=-1355064518&config=3,20758,0,1
1777922739052,20757,HTTP Request,200,OK,Config 3: Exp9 1-293,text,true,,231,158,228,228,http://localhost:8079/?token=518504778&user=-1355064518&config=3,20757,0,0
1777922739051,20758,HTTP Request,200,OK,Config 3: Exp9 1-291,text,true,,231,158,228,228,http://localhost:8079/?token=518504778&user=-1355064518&config=3,20758,0,1
1777922739051,20759,HTTP Request,200,OK,Config 3: Exp9 1-334,text,true,,231,158,228,228,http://localhost:8079/?token=518504778&user=-1355064518&config=3,20759,0,1
1777922739052,20758,HTTP Request,200,OK,Config 3: Exp9 1-433,text,true,,231,158,227,227,http://localhost:8079/?token=518504778&user=-1355064518&config=3,20758,0,0
1777922739052,20758,HTTP Request,200,OK,Config 3: Exp9 1-341,text,true,,231,158,227,227,http://localhost:8079/?token=518504778&user=-1355064518&config=3,20758,0,0
1777922739052,20758,HTTP Request,200,OK,Config 3: Exp9 1-77,text,true,,231,158,226,226,http://localhost:8079/?token=518504778&user=-1355064518&config=3,20758,0,0
1777922739052,20758,HTTP Request,200,OK,Config 3: Exp9 1-435,text,true,,231,158,226,226,http://localhost:8079/?token=518504778&user=-1355064518&config=3,20758,0,0
1777922739052,20758,HTTP Request,200,OK,Config 3: Exp9 1-93,text,true,,231,158,224,224,http://localhost:8079/?token=518504778&user=-1355064518&config=3,20758,0,0
1777922739052,20758,HTTP Request,200,OK,Config 3: Exp9 1-436,text,true,,231,158,225,225,http://localhost:8079/?token=518504778&user=-1355064518&config=3,20758,0,0
1777922739052,20758,HTTP Request,200,OK,Config 3: Exp9 1-60,text,true,,231,158,224,224,http://localhost:8079/?token=518504778&user=-1355064518&config=3,20758,0,0
1777922739050,20762,HTTP Request,200,OK,Config 3: Exp9 1-222,text,true,,231,158,213,213,http://localhost:8079/?token=518504778&user=-1355064518&config=3,20762,0,0
1777922739050,20762,HTTP Request,200,OK,Config 3: Exp9 1-346,text,true,,231,158,213,213,http://localhost:8079/?token=518504778&user=-1355064518&config=3,20762,0,0
1777922739050,20762,HTTP Request,200,OK,Config 3: Exp9 1-272,text,true,,231,158,213,213,http://localhost:8079/?token=518504778&user=-1355064518&config=3,20762,0,0
1777922739051,20761,HTTP Request,200,OK,Config 3: Exp9 1-140,text,true,,231,158,213,213,http://localhost:8079/?token=518504778&user=-1355064518&config=3,20761,0,1
1777922739052,20760,HTTP Request,200,OK,Config 3: Exp9 1-332,text,true,,231,158,213,213,http://localhost:8079/?token=518504778&user=-1355064518&config=3,20760,0,0
1777922739050,20763,HTTP Request,200,OK,Config 3: Exp9 1-230,text,true,,231,158,209,209,http://localhost:8079/?token=518504778&user=-1355064518&config=3,20763,0,0
1777922739050,20763,HTTP Request,200,OK,Config 3: Exp9 1-336,text,true,,231,158,209,209,http://localhost:8079/?token=518504778&user=-1355064518&config=3,20763,0,0
1777922739051,20762,HTTP Request,200,OK,Config 3: Exp9 1-330,text,true,,231,158,209,209,http://localhost:8079/?token=518504778&user=-1355064518&config=3,20762,0,1
1777922739271,20542,HTTP Request,200,OK,Config 3: Exp9 1-490,text,true,,231,158,208,208,http://localhost:8079/?token=518504778&user=-1355064518&config=3,20542,0,1
1777922739093,20720,HTTP Request,200,OK,Config 3: Exp9 1-489,text,true,,231,158,208,208,http://localhost:8079/?token=518504778&user=-1355064518&config=3,20720,0,0
1777922739630,20183,HTTP Request,200,OK,Config 3: Exp9 1-492,text,true,,231,158,207,207,http://localhost:8079/?token=518504778&user=-1355064518&config=3,20183,0,0
1777922739808,20005,HTTP Request,200,OK,Config 3: Exp9 1-493,text,true,,231,158,207,207,http://localhost:8079/?token=518504778&user=-1355064518&config=3,20005,0,1
1777922739450,20363,HTTP Request,200,OK,Config 3: Exp9 1-491,text,true,,231,158,207,207,http://localhost:8079/?token=518504778&user=-1355064518&config=3,20363,0,0
1777922739987,19826,HTTP Request,200,OK,Config 3: Exp9 1-494,text,true,,231,158,207,207,http://localhost:8079/?token=518504778&user=-1355064518&config=3,19826,0,0
1777922740168,19645,HTTP Request,200,OK,Config 3: Exp9 1-495,text,true,,231,158,207,207,http://localhost:8079/?token=518504778&user=-1355064518&config=3,19645,0,0
1777922740346,19467,HTTP Request,200,OK,Config 3: Exp9 1-496,text,true,,231,158,206,206,http://localhost:8079/?token=518504778&user=-1355064518&config=3,19467,0,0
1777922740524,19289,HTTP Request,200,OK,Config 3: Exp9 1-497,text,true,,231,158,206,206,http://localhost:8079/?token=518504778&user=-1355064518&config=3,19289,0,1
1777922740705,19108,HTTP Request,200,OK,Config 3: Exp9 1-498,text,true,,231,158,205,205,http://localhost:8079/?token=518504778&user=-1355064518&config=3,19108,0,0
1777922740481,19332,HTTP Request,200,OK,Config 3: Exp9 1-480,text,true,,231,158,203,203,http://localhost:8079/?token=518504778&user=-1355064518&config=3,19332,0,0
1777922740660,19153,HTTP Request,200,OK,Config 3: Exp9 1-481,text,true,,231,158,203,203,http://localhost:8079/?token=518504778&user=-1355064518&config=3,19153,0,0
1777922747506,12307,HTTP Request,500,Internal Server Error,Config 3: Exp9 1-536,text,false,,233,158,200,200,http://localhost:8079/?token=518504778&user=-1355064518&config=3,12307,0,0
1777922746432,13384,HTTP Request,500,Internal Server Error,Config 3: Exp9 1-530,text,false,,233,158,192,192,http://localhost:8079/?token=518504778&user=-1355064518&config=3,13384,0,1
1777922746790,13026,HTTP Request,500,Internal Server Error,Config 3: Exp9 1-532,text,false,,233,158,192,192,http://localhost:8079/?token=518504778&user=-1355064518&config=3,13026,0,1
1777922746968,12848,HTTP Request,500,Internal Server Error,Config 3: Exp9 1-533,text,false,,233,158,192,192,http://localhost:8079/?token=518504778&user=-1355064518&config=3,12848,0,0
1777922747147,12669,HTTP Request,500,Internal Server Error,Config 3: Exp9 1-534,text,false,,233,158,192,192,http://localhost:8079/?token=518504778&user=-1355064518&config=3,12669,0,1
1777922747326,12490,HTTP Request,500,Internal Server Error,Config 3: Exp9 1-535,text,false,,233,158,192,192,http://localhost:8079/?token=518504778&user=-1355064518&config=3,12490,0,0
1777922747685,12132,HTTP Request,500,Internal Server Error,Config 3: Exp9 1-537,text,false,,233,158,192,192,http://localhost:8079/?token=518504778&user=-1355064518&config=3,12131,0,0
1777922747863,11954,HTTP Request,500,Internal Server Error,Config 3: Exp9 1-538,text,false,,233,158,192,192,http://localhost:8079/?token=518504778&user=-1355064518&config=3,11954,0,0
1777922748579,11238,HTTP Request,500,Internal Server Error,Config 3: Exp9 1-542,text,false,,233,158,191,191,http://localhost:8079/?token=518504778&user=-1355064518&config=3,11238,0,0
1777922748221,11596,HTTP Request,500,Internal Server Error,Config 3: Exp9 1-540,text,false,,233,158,191,191,http://localhost:8079/?token=518504778&user=-1355064518&config=3,11596,0,1
1777922748043,11774,HTTP Request,500,Internal Server Error,Config 3: Exp9 1-539,text,false,,233,158,192,192,http://localhost:8079/?token=518504778&user=-1355064518&config=3,11774,0,1
1777922748400,11417,HTTP Request,500,Internal Server Error,Config 3: Exp9 1-541,text,false,,233,158,190,190,http://localhost:8079/?token=518504778&user=-1355064518&config=3,11417,0,1
1777922748758,11059,HTTP Request,500,Internal Server Error,Config 3: Exp9 1-543,text,false,,233,158,190,190,http://localhost:8079/?token=518504778&user=-1355064518&config=3,11059,0,1
1777922749297,10520,HTTP Request,500,Internal Server Error,Config 3: Exp9 1-546,text,false,,233,158,188,188,http://localhost:8079/?token=518504778&user=-1355064518&config=3,10520,0,1
1777922748937,10880,HTTP Request,500,Internal Server Error,Config 3: Exp9 1-544,text,false,,233,158,185,185,http://localhost:8079/?token=518504778&user=-1355064518&config=3,10880,0,0
1777922749116,10701,HTTP Request,500,Internal Server Error,Config 3: Exp9 1-545,text,false,,233,158,185,185,http://localhost:8079/?token=518504778&user=-1355064518&config=3,10701,0,1
1777922749476,10341,HTTP Request,500,Internal Server Error,Config 3: Exp9 1-547,text,false,,233,158,184,184,http://localhost:8079/?token=518504778&user=-1355064518&config=3,10341,0,0
1777922749832,9985,HTTP Request,500,Internal Server Error,Config 3: Exp9 1-549,text,false,,233,158,182,182,http://localhost:8079/?token=518504778&user=-1355064518&config=3,9985,0,1
1777922749653,10164,HTTP Request,500,Internal Server Error,Config 3: Exp9 1-548,text,false,,233,158,180,180,http://localhost:8079/?token=518504778&user=-1355064518&config=3,10164,0,1
1777922750370,9447,HTTP Request,500,Internal Server Error,Config 3: Exp9 1-552,text,false,,233,158,179,179,http://localhost:8079/?token=518504778&user=-1355064518&config=3,9447,0,0
1777922750549,9268,HTTP Request,500,Internal Server Error,Config 3: Exp9 1-553,text,false,,233,158,179,179,http://localhost:8079/?token=518504778&user=-1355064518&config=3,9268,0,0
1777922750191,9626,HTTP Request,500,Internal Server Error,Config 3: Exp9 1-551,text,false,,233,158,179,179,http://localhost:8079/?token=518504778&user=-1355064518&config=3,9626,0,1
1777922750728,9089,HTTP Request,500,Internal Server Error,Config 3: Exp9 1-554,text,false,,233,158,178,178,http://localhost:8079/?token=518504778&user=-1355064518&config=3,9089,0,1
1777922750011,9806,HTTP Request,500,Internal Server Error,Config 3: Exp9 1-550,text,false,,233,158,178,178,http://localhost:8079/?token=518504778&user=-1355064518&config=3,9806,0,0
1777922750906,8911,HTTP Request,500,Internal Server Error,Config 3: Exp9 1-555,text,false,,233,158,178,178,http://localhost:8079/?token=518504778&user=-1355064518&config=3,8911,0,0
1777922751085,8732,HTTP Request,500,Internal Server Error,Config 3: Exp9 1-556,text,false,,233,158,178,178,http://localhost:8079/?token=518504778&user=-1355064518&config=3,8732,0,1
1777922751265,8552,HTTP Request,500,Internal Server Error,Config 3: Exp9 1-557,text,false,,233,158,178,178,http://localhost:8079/?token=518504778&user=-1355064518&config=3,8552,0,0
1777922751443,8374,HTTP Request,500,Internal Server Error,Config 3: Exp9 1-558,text,false,,233,158,178,178,http://localhost:8079/?token=518504778&user=-1355064518&config=3,8374,0,1
1777922751622,8195,HTTP Request,500,Internal Server Error,Config 3: Exp9 1-559,text,false,,233,158,178,178,http://localhost:8079/?token=518504778&user=-1355064518&config=3,8195,0,0
1777922751802,8016,HTTP Request,500,Internal Server Error,Config 3: Exp9 1-560,text,false,,233,158,178,178,http://localhost:8079/?token=518504778&user=-1355064518&config=3,8016,0,1
1777922740883,18948,HTTP Request,200,OK,Config 3: Exp9 1-499,text,true,,231,158,163,163,http://localhost:8079/?token=518504778&user=-1355064518&config=3,18948,0,0
1777922740839,18992,HTTP Request,200,OK,Config 3: Exp9 1-482,text,true,,231,158,162,162,http://localhost:8079/?token=518504778&user=-1355064518&config=3,18992,0,0
1777922741017,18813,HTTP Request,200,OK,Config 3: Exp9 1-483,text,true,,231,158,162,162,http://localhost:8079/?token=518504778&user=-1355064518&config=3,18813,0,0
1777922741239,18591,HTTP Request,200,OK,Config 3: Exp9 1-501,text,true,,231,158,160,160,http://localhost:8079/?token=518504778&user=-1355064518&config=3,18591,0,1
1777922741196,18634,HTTP Request,200,OK,Config 3: Exp9 1-484,text,true,,231,158,160,160,http://localhost:8079/?token=518504778&user=-1355064518&config=3,18634,0,0
1777922741061,18770,HTTP Request,200,OK,Config 3: Exp9 1-500,text,true,,231,158,158,158,http://localhost:8079/?token=518504778&user=-1355064518&config=3,18770,0,0
1777922741375,18456,HTTP Request,200,OK,Config 3: Exp9 1-485,text,true,,231,158,158,158,http://localhost:8079/?token=518504778&user=-1355064518&config=3,18456,0,0
1777922741597,18234,HTTP Request,200,OK,Config 3: Exp9 1-503,text,true,,231,158,157,157,http://localhost:8079/?token=518504778&user=-1355064518&config=3,18234,0,1
1777922741776,18055,HTTP Request,200,OK,Config 3: Exp9 1-504,text,true,,231,158,157,157,http://localhost:8079/?token=518504778&user=-1355064518&config=3,18055,0,0
1777922741418,18413,HTTP Request,200,OK,Config 3: Exp9 1-502,text,true,,231,158,157,157,http://localhost:8079/?token=518504778&user=-1355064518&config=3,18413,0,0
1777922741955,17877,HTTP Request,200,OK,Config 3: Exp9 1-505,text,true,,231,158,153,153,http://localhost:8079/?token=518504778&user=-1355064518&config=3,17877,0,1
1777922742671,17161,HTTP Request,200,OK,Config 3: Exp9 1-509,text,true,,231,158,153,153,http://localhost:8079/?token=518504778&user=-1355064518&config=3,17161,0,1
1777922743538,16297,HTTP Request,200,OK,Config 3: Exp9 1-396,text,true,,231,158,151,151,http://localhost:8079/?token=518504778&user=-1355064518&config=3,16297,0,0
1777922743540,16295,HTTP Request,200,OK,Config 3: Exp9 1-401,text,true,,231,158,151,151,http://localhost:8079/?token=518504778&user=-1355064518&config=3,16295,0,0
1777922743540,16295,HTTP Request,200,OK,Config 3: Exp9 1-403,text,true,,231,158,151,151,http://localhost:8079/?token=518504778&user=-1355064518&config=3,16295,0,0
1777922743387,16449,HTTP Request,200,OK,Config 3: Exp9 1-513,text,true,,231,158,151,151,http://localhost:8079/?token=518504778&user=-1355064518&config=3,16449,0,1
1777922742134,17702,HTTP Request,200,OK,Config 3: Exp9 1-506,text,true,,231,158,151,151,http://localhost:8079/?token=518504778&user=-1355064518&config=3,17701,0,1
1777922743209,16627,HTTP Request,200,OK,Config 3: Exp9 1-512,text,true,,231,158,151,151,http://localhost:8079/?token=518504778&user=-1355064518&config=3,16627,0,0
1777922742493,17343,HTTP Request,200,OK,Config 3: Exp9 1-508,text,true,,231,158,151,151,http://localhost:8079/?token=518504778&user=-1355064518&config=3,17343,0,0
1777922742313,17522,HTTP Request,200,OK,Config 3: Exp9 1-507,text,true,,231,158,151,151,http://localhost:8079/?token=518504778&user=-1355064518&config=3,17522,0,0
1777922743536,16300,HTTP Request,200,OK,Config 3: Exp9 1-40,text,true,,231,158,150,150,http://localhost:8079/?token=518504778&user=-1355064518&config=3,16300,0,0
1777922743541,16295,HTTP Request,200,OK,Config 3: Exp9 1-424,text,true,,231,158,150,150,http://localhost:8079/?token=518504778&user=-1355064518&config=3,16295,0,0
1777922743537,16299,HTTP Request,200,OK,Config 3: Exp9 1-36,text,true,,231,158,150,150,http://localhost:8079/?token=518504778&user=-1355064518&config=3,16299,0,0
1777922742850,16986,HTTP Request,200,OK,Config 3: Exp9 1-510,text,true,,231,158,151,151,http://localhost:8079/?token=518504778&user=-1355064518&config=3,16986,0,1
1777922743536,16300,HTTP Request,200,OK,Config 3: Exp9 1-23,text,true,,231,158,150,150,http://localhost:8079/?token=518504778&user=-1355064518&config=3,16300,0,0
1777922743536,16300,HTTP Request,200,OK,Config 3: Exp9 1-12,text,true,,231,158,149,149,http://localhost:8079/?token=518504778&user=-1355064518&config=3,16300,0,0
1777922743536,16300,HTTP Request,200,OK,Config 3: Exp9 1-24,text,true,,231,158,151,151,http://localhost:8079/?token=518504778&user=-1355064518&config=3,16300,0,0
1777922743536,16300,HTTP Request,200,OK,Config 3: Exp9 1-10,text,true,,231,158,149,149,http://localhost:8079/?token=518504778&user=-1355064518&config=3,16300,0,0
1777922743541,16295,HTTP Request,200,OK,Config 3: Exp9 1-423,text,true,,231,158,149,149,http://localhost:8079/?token=518504778&user=-1355064518&config=3,16295,0,0
1777922743029,16807,HTTP Request,200,OK,Config 3: Exp9 1-511,text,true,,231,158,149,149,http://localhost:8079/?token=518504778&user=-1355064518&config=3,16807,0,1
1777922743536,16300,HTTP Request,200,OK,Config 3: Exp9 1-54,text,true,,231,158,149,149,http://localhost:8079/?token=518504778&user=-1355064518&config=3,16300,0,0
1777922743536,16300,HTTP Request,200,OK,Config 3: Exp9 1-25,text,true,,231,158,148,148,http://localhost:8079/?token=518504778&user=-1355064518&config=3,16300,0,0
1777922743536,16300,HTTP Request,200,OK,Config 3: Exp9 1-13,text,true,,231,158,146,146,http://localhost:8079/?token=518504778&user=-1355064518&config=3,16300,0,0
1777922743540,16296,HTTP Request,200,OK,Config 3: Exp9 1-404,text,true,,231,158,151,151,http://localhost:8079/?token=518504778&user=-1355064518&config=3,16296,0,0
1777922743536,16300,HTTP Request,200,OK,Config 3: Exp9 1-46,text,true,,231,158,146,146,http://localhost:8079/?token=518504778&user=-1355064518&config=3,16300,0,0
1777922743538,16298,HTTP Request,200,OK,Config 3: Exp9 1-48,text,true,,231,158,145,145,http://localhost:8079/?token=518504778&user=-1355064518&config=3,16298,0,0
1777922743536,16300,HTTP Request,200,OK,Config 3: Exp9 1-47,text,true,,231,158,145,145,http://localhost:8079/?token=518504778&user=-1355064518&config=3,16300,0,0
1777922743538,16298,HTTP Request,200,OK,Config 3: Exp9 1-26,text,true,,231,158,144,144,http://localhost:8079/?token=518504778&user=-1355064518&config=3,16298,0,0
1777922743540,16296,HTTP Request,200,OK,Config 3: Exp9 1-400,text,true,,231,158,151,151,http://localhost:8079/?token=518504778&user=-1355064518&config=3,16296,0,0
1777922743536,16300,HTTP Request,200,OK,Config 3: Exp9 1-76,text,true,,231,158,144,144,http://localhost:8079/?token=518504778&user=-1355064518&config=3,16300,0,0
1777922743536,16300,HTTP Request,200,OK,Config 3: Exp9 1-276,text,true,,231,158,144,144,http://localhost:8079/?token=518504778&user=-1355064518&config=3,16300,0,0
1777922743536,16300,HTTP Request,200,OK,Config 3: Exp9 1-59,text,true,,231,158,144,144,http://localhost:8079/?token=518504778&user=-1355064518&config=3,16300,0,0
1777922743538,16298,HTTP Request,200,OK,Config 3: Exp9 1-141,text,true,,231,158,144,144,http://localhost:8079/?token=518504778&user=-1355064518&config=3,16298,0,0
1777922743536,16300,HTTP Request,200,OK,Config 3: Exp9 1-278,text,true,,231,158,144,144,http://localhost:8079/?token=518504778&user=-1355064518&config=3,16300,0,0
1777922743536,16300,HTTP Request,200,OK,Config 3: Exp9 1-273,text,true,,231,158,144,144,http://localhost:8079/?token=518504778&user=-1355064518&config=3,16300,0,0
1777922743536,16300,HTTP Request,200,OK,Config 3: Exp9 1-264,text,true,,231,158,143,143,http://localhost:8079/?token=518504778&user=-1355064518&config=3,16300,0,0
1777922743538,16298,HTTP Request,200,OK,Config 3: Exp9 1-178,text,true,,231,158,141,141,http://localhost:8079/?token=518504778&user=-1355064518&config=3,16298,0,0
1777922743536,16300,HTTP Request,200,OK,Config 3: Exp9 1-277,text,true,,231,158,141,141,http://localhost:8079/?token=518504778&user=-1355064518&config=3,16300,0,0
1777922743537,16299,HTTP Request,200,OK,Config 3: Exp9 1-282,text,true,,231,158,141,141,http://localhost:8079/?token=518504778&user=-1355064518&config=3,16299,0,0
1777922743536,16300,HTTP Request,200,OK,Config 3: Exp9 1-270,text,true,,231,158,141,141,http://localhost:8079/?token=518504778&user=-1355064518&config=3,16300,0,0
1777922743538,16298,HTTP Request,200,OK,Config 3: Exp9 1-360,text,true,,231,158,141,141,http://localhost:8079/?token=518504778&user=-1355064518&config=3,16298,0,0
1777922743539,16297,HTTP Request,200,OK,Config 3: Exp9 1-355,text,true,,231,158,141,141,http://localhost:8079/?token=518504778&user=-1355064518&config=3,16297,0,0
1777922743538,16298,HTTP Request,200,OK,Config 3: Exp9 1-347,text,true,,231,158,140,140,http://localhost:8079/?token=518504778&user=-1355064518&config=3,16298,0,0
1777922743536,16300,HTTP Request,200,OK,Config 3: Exp9 1-279,text,true,,231,158,140,140,http://localhost:8079/?token=518504778&user=-1355064518&config=3,16300,0,0
1777922743540,16296,HTTP Request,200,OK,Config 3: Exp9 1-350,text,true,,231,158,140,140,http://localhost:8079/?token=518504778&user=-1355064518&config=3,16296,0,0
1777922743539,16297,HTTP Request,200,OK,Config 3: Exp9 1-359,text,true,,231,158,139,139,http://localhost:8079/?token=518504778&user=-1355064518&config=3,16297,0,0
1777922743540,16297,HTTP Request,200,OK,Config 3: Exp9 1-406,text,true,,231,158,129,129,http://localhost:8079/?token=518504778&user=-1355064518&config=3,16297,0,0
1777922743540,16297,HTTP Request,200,OK,Config 3: Exp9 1-410,text,true,,231,158,129,129,http://localhost:8079/?token=518504778&user=-1355064518&config=3,16297,0,0
1777922743538,16299,HTTP Request,200,OK,Config 3: Exp9 1-7,text,true,,231,158,129,129,http://localhost:8079/?token=518504778&user=-1355064518&config=3,16299,0,0
1777922743538,16299,HTTP Request,200,OK,Config 3: Exp9 1-30,text,true,,231,158,129,129,http://localhost:8079/?token=518504778&user=-1355064518&config=3,16299,0,0
1777922743538,16299,HTTP Request,200,OK,Config 3: Exp9 1-31,text,true,,231,158,128,128,http://localhost:8079/?token=518504778&user=-1355064518&config=3,16299,0,0
1777922743538,16299,HTTP Request,200,OK,Config 3: Exp9 1-53,text,true,,231,158,128,128,http://localhost:8079/?token=518504778&user=-1355064518&config=3,16299,0,0
1777922743538,16299,HTTP Request,200,OK,Config 3: Exp9 1-275,text,true,,231,158,128,128,http://localhost:8079/?token=518504778&user=-1355064518&config=3,16299,0,0
1777922743538,16299,HTTP Request,200,OK,Config 3: Exp9 1-393,text,true,,231,158,128,128,http://localhost:8079/?token=518504778&user=-1355064518&config=3,16299,0,0
1777922743539,16298,HTTP Request,200,OK,Config 3: Exp9 1-357,text,true,,231,158,127,127,http://localhost:8079/?token=518504778&user=-1355064518&config=3,16298,0,0
1777922743539,16298,HTTP Request,200,OK,Config 3: Exp9 1-348,text,true,,231,158,127,127,http://localhost:8079/?token=518504778&user=-1355064518&config=3,16298,0,0
1777922743539,16298,HTTP Request,200,OK,Config 3: Exp9 1-394,text,true,,231,158,125,125,http://localhost:8079/?token=518504778&user=-1355064518&config=3,16298,0,0
1777922743538,16299,HTTP Request,200,OK,Config 3: Exp9 1-353,text,true,,231,158,126,126,http://localhost:8079/?token=518504778&user=-1355064518&config=3,16299,0,0
1777922743539,16299,HTTP Request,200,OK,Config 3: Exp9 1-399,text,true,,231,158,114,114,http://localhost:8079/?token=518504778&user=-1355064518&config=3,16299,0,0
1777922743540,16298,HTTP Request,200,OK,Config 3: Exp9 1-402,text,true,,231,158,114,114,http://localhost:8079/?token=518504778&user=-1355064518&config=3,16298,0,0
1777922743540,16298,HTTP Request,200,OK,Config 3: Exp9 1-409,text,true,,231,158,114,114,http://localhost:8079/?token=518504778&user=-1355064518&config=3,16298,0,0
1777922743539,16299,HTTP Request,200,OK,Config 3: Exp9 1-352,text,true,,231,158,113,113,http://localhost:8079/?token=518504778&user=-1355064518&config=3,16299,0,0
1777922743540,16300,HTTP Request,200,OK,Config 3: Exp9 1-398,text,true,,231,158,91,91,http://localhost:8079/?token=518504778&user=-1355064518&config=3,16300,0,0
1777922743540,16300,HTTP Request,200,OK,Config 3: Exp9 1-405,text,true,,231,158,91,91,http://localhost:8079/?token=518504778&user=-1355064518&config=3,16300,0,0
1777922743539,16301,HTTP Request,200,OK,Config 3: Exp9 1-395,text,true,,231,158,91,91,http://localhost:8079/?token=518504778&user=-1355064518&config=3,16301,0,0
1777922743540,16300,HTTP Request,200,OK,Config 3: Exp9 1-408,text,true,,231,158,91,91,http://localhost:8079/?token=518504778&user=-1355064518&config=3,16300,0,0
1777922743540,16300,HTTP Request,200,OK,Config 3: Exp9 1-407,text,true,,231,158,91,91,http://localhost:8079/?token=518504778&user=-1355064518&config=3,16300,0,0
1777922743541,16299,HTTP Request,200,OK,Config 3: Exp9 1-411,text,true,,231,158,91,91,http://localhost:8079/?token=518504778&user=-1355064518&config=3,16299,0,0
1777922743540,16300,HTTP Request,200,OK,Config 3: Exp9 1-416,text,true,,231,158,91,91,http://localhost:8079/?token=518504778&user=-1355064518&config=3,16300,0,0
1777922743541,16299,HTTP Request,200,OK,Config 3: Exp9 1-417,text,true,,231,158,91,91,http://localhost:8079/?token=518504778&user=-1355064518&config=3,16299,0,0
1777922743541,16299,HTTP Request,200,OK,Config 3: Exp9 1-413,text,true,,231,158,91,91,http://localhost:8079/?token=518504778&user=-1355064518&config=3,16299,0,0
1777922743540,16300,HTTP Request,200,OK,Config 3: Exp9 1-418,text,true,,231,158,91,91,http://localhost:8079/?token=518504778&user=-1355064518&config=3,16300,0,0
1777922743541,16299,HTTP Request,200,OK,Config 3: Exp9 1-419,text,true,,231,158,91,91,http://localhost:8079/?token=518504778&user=-1355064518&config=3,16299,0,0
1777922743541,16299,HTTP Request,200,OK,Config 3: Exp9 1-421,text,true,,231,158,91,91,http://localhost:8079/?token=518504778&user=-1355064518&config=3,16299,0,0
1777922743552,16288,HTTP Request,200,OK,Config 3: Exp9 1-136,text,true,,231,158,91,91,http://localhost:8079/?token=518504778&user=-1355064518&config=3,16288,0,0
1777922743542,16298,HTTP Request,200,OK,Config 3: Exp9 1-337,text,true,,231,158,91,91,http://localhost:8079/?token=518504778&user=-1355064518&config=3,16298,0,0
1777922743542,16298,HTTP Request,200,OK,Config 3: Exp9 1-138,text,true,,231,158,90,90,http://localhost:8079/?token=518504778&user=-1355064518&config=3,16298,0,0
1777922743542,16298,HTTP Request,200,OK,Config 3: Exp9 1-126,text,true,,231,158,89,89,http://localhost:8079/?token=518504778&user=-1355064518&config=3,16298,0,0
1777922743542,16298,HTTP Request,200,OK,Config 3: Exp9 1-430,text,true,,231,158,89,89,http://localhost:8079/?token=518504778&user=-1355064518&config=3,16298,0,0
1777922743542,16298,HTTP Request,200,OK,Config 3: Exp9 1-188,text,true,,231,158,87,87,http://localhost:8079/?token=518504778&user=-1355064518&config=3,16298,0,0
1777922743543,16298,HTTP Request,200,OK,Config 3: Exp9 1-288,text,true,,231,158,86,86,http://localhost:8079/?token=518504778&user=-1355064518&config=3,16298,0,0
1777922743543,16298,HTTP Request,200,OK,Config 3: Exp9 1-329,text,true,,231,158,86,86,http://localhost:8079/?token=518504778&user=-1355064518&config=3,16298,0,0
1777922743540,16301,HTTP Request,200,OK,Config 3: Exp9 1-280,text,true,,231,158,78,78,http://localhost:8079/?token=518504778&user=-1355064518&config=3,16301,0,0
1777922743540,16301,HTTP Request,200,OK,Config 3: Exp9 1-354,text,true,,231,158,78,78,http://localhost:8079/?token=518504778&user=-1355064518&config=3,16301,0,0
1777922743540,16301,HTTP Request,200,OK,Config 3: Exp9 1-349,text,true,,231,158,78,78,http://localhost:8079/?token=518504778&user=-1355064518&config=3,16301,0,0
1777922743540,16301,HTTP Request,200,OK,Config 3: Exp9 1-358,text,true,,231,158,78,78,http://localhost:8079/?token=518504778&user=-1355064518&config=3,16301,0,0
1777922743539,16302,HTTP Request,200,OK,Config 3: Exp9 1-351,text,true,,231,158,78,78,http://localhost:8079/?token=518504778&user=-1355064518&config=3,16302,0,0
1777922743539,16302,HTTP Request,200,OK,Config 3: Exp9 1-281,text,true,,231,158,72,72,http://localhost:8079/?token=518504778&user=-1355064518&config=3,16302,0,0
1777922743540,16301,HTTP Request,200,OK,Config 3: Exp9 1-356,text,true,,231,158,72,72,http://localhost:8079/?token=518504778&user=-1355064518&config=3,16301,0,0
1777922743553,16289,HTTP Request,200,OK,Config 3: Exp9 1-266,text,true,,231,158,66,66,http://localhost:8079/?token=518504778&user=-1355064518&config=3,16289,0,0
1777922743553,16289,HTTP Request,200,OK,Config 3: Exp9 1-265,text,true,,231,158,65,65,http://localhost:8079/?token=518504778&user=-1355064518&config=3,16289,0,0
1777922743539,16303,HTTP Request,200,OK,Config 3: Exp9 1-397,text,true,,231,158,65,65,http://localhost:8079/?token=518504778&user=-1355064518&config=3,16303,0,0
1777922743541,16301,HTTP Request,200,OK,Config 3: Exp9 1-414,text,true,,231,158,65,65,http://localhost:8079/?token=518504778&user=-1355064518&config=3,16301,0,0
1777922743552,16290,HTTP Request,200,OK,Config 3: Exp9 1-415,text,true,,231,158,65,65,http://localhost:8079/?token=518504778&user=-1355064518&config=3,16290,0,0
1777922743552,16290,HTTP Request,200,OK,Config 3: Exp9 1-412,text,true,,231,158,65,65,http://localhost:8079/?token=518504778&user=-1355064518&config=3,16290,0,0
1777922743555,16287,HTTP Request,200,OK,Config 3: Exp9 1-267,text,true,,231,158,65,65,http://localhost:8079/?token=518504778&user=-1355064518&config=3,16287,0,0
1777922743552,16290,HTTP Request,200,OK,Config 3: Exp9 1-420,text,true,,231,158,65,65,http://localhost:8079/?token=518504778&user=-1355064518&config=3,16290,0,0
1777922743552,16290,HTTP Request,200,OK,Config 3: Exp9 1-422,text,true,,231,158,64,64,http://localhost:8079/?token=518504778&user=-1355064518&config=3,16290,0,0
1777922743552,16290,HTTP Request,200,OK,Config 3: Exp9 1-425,text,true,,231,158,63,63,http://localhost:8079/?token=518504778&user=-1355064518&config=3,16290,0,0
1777922743553,16289,HTTP Request,200,OK,Config 3: Exp9 1-137,text,true,,231,158,62,62,http://localhost:8079/?token=518504778&user=-1355064518&config=3,16289,0,0
1777922743553,16289,HTTP Request,200,OK,Config 3: Exp9 1-185,text,true,,231,158,62,62,http://localhost:8079/?token=518504778&user=-1355064518&config=3,16289,0,0
1777922743552,16290,HTTP Request,200,OK,Config 3: Exp9 1-427,text,true,,231,158,62,62,http://localhost:8079/?token=518504778&user=-1355064518&config=3,16290,0,0
1777922743552,16291,HTTP Request,200,OK,Config 3: Exp9 1-431,text,true,,231,158,61,61,http://localhost:8079/?token=518504778&user=-1355064518&config=3,16290,0,0
1777922743552,16290,HTTP Request,200,OK,Config 3: Exp9 1-429,text,true,,231,158,61,61,http://localhost:8079/?token=518504778&user=-1355064518&config=3,16290,0,0
1777922743556,16287,HTTP Request,200,OK,Config 3: Exp9 1-238,text,true,,231,158,60,60,http://localhost:8079/?token=518504778&user=-1355064518&config=3,16287,0,0
1777922743553,16290,HTTP Request,200,OK,Config 3: Exp9 1-226,text,true,,231,158,60,60,http://localhost:8079/?token=518504778&user=-1355064518&config=3,16290,0,0
1777922743553,16290,HTTP Request,200,OK,Config 3: Exp9 1-221,text,true,,231,158,60,60,http://localhost:8079/?token=518504778&user=-1355064518&config=3,16290,0,0
1777922743554,16289,HTTP Request,200,OK,Config 3: Exp9 1-239,text,true,,231,158,60,60,http://localhost:8079/?token=518504778&user=-1355064518&config=3,16289,0,0
1777922743556,16287,HTTP Request,200,OK,Config 3: Exp9 1-233,text,true,,231,158,60,60,http://localhost:8079/?token=518504778&user=-1355064518&config=3,16287,0,0
1777922743552,16290,HTTP Request,200,OK,Config 3: Exp9 1-428,text,true,,231,158,61,61,http://localhost:8079/?token=518504778&user=-1355064518&config=3,16290,0,0
1777922743553,16290,HTTP Request,200,OK,Config 3: Exp9 1-183,text,true,,231,158,60,60,http://localhost:8079/?token=518504778&user=-1355064518&config=3,16290,0,0
1777922743556,16287,HTTP Request,200,OK,Config 3: Exp9 1-237,text,true,,231,158,58,58,http://localhost:8079/?token=518504778&user=-1355064518&config=3,16287,0,0
1777922743555,16288,HTTP Request,200,OK,Config 3: Exp9 1-333,text,true,,231,158,50,50,http://localhost:8079/?token=518504778&user=-1355064518&config=3,16288,0,0
1777922743553,16290,HTTP Request,200,OK,Config 3: Exp9 1-268,text,true,,231,158,50,50,http://localhost:8079/?token=518504778&user=-1355064518&config=3,16290,0,0
1777922743553,16290,HTTP Request,200,OK,Config 3: Exp9 1-340,text,true,,231,158,50,50,http://localhost:8079/?token=518504778&user=-1355064518&config=3,16290,0,0
1777922743553,16290,HTTP Request,200,OK,Config 3: Exp9 1-335,text,true,,231,158,50,50,http://localhost:8079/?token=518504778&user=-1355064518&config=3,16290,0,0
1777922743553,16290,HTTP Request,200,OK,Config 3: Exp9 1-338,text,true,,231,158,50,50,http://localhost:8079/?token=518504778&user=-1355064518&config=3,16290,0,0
1777922743553,16290,HTTP Request,200,OK,Config 3: Exp9 1-342,text,true,,231,158,50,50,http://localhost:8079/?token=518504778&user=-1355064518&config=3,16290,0,0
1777922743553,16290,HTTP Request,200,OK,Config 3: Exp9 1-344,text,true,,231,158,50,50,http://localhost:8079/?token=518504778&user=-1355064518&config=3,16290,0,0
1777922743553,16290,HTTP Request,200,OK,Config 3: Exp9 1-144,text,true,,231,158,50,50,http://localhost:8079/?token=518504778&user=-1355064518&config=3,16290,0,0
1777922743553,16290,HTTP Request,200,OK,Config 3: Exp9 1-345,text,true,,231,158,50,50,http://localhost:8079/?token=518504778&user=-1355064518&config=3,16290,0,0
1777922743555,16288,HTTP Request,200,OK,Config 3: Exp9 1-343,text,true,,231,158,50,50,http://localhost:8079/?token=518504778&user=-1355064518&config=3,16288,0,0
1777922743553,16290,HTTP Request,200,OK,Config 3: Exp9 1-18,text,true,,231,158,50,50,http://localhost:8079/?token=518504778&user=-1355064518&config=3,16290,0,0
1777922743554,16289,HTTP Request,200,OK,Config 3: Exp9 1-220,text,true,,231,158,50,50,http://localhost:8079/?token=518504778&user=-1355064518&config=3,16289,0,0
1777922743553,16290,HTTP Request,200,OK,Config 3: Exp9 1-236,text,true,,231,158,50,50,http://localhost:8079/?token=518504778&user=-1355064518&config=3,16290,0,0
1777922743553,16290,HTTP Request,200,OK,Config 3: Exp9 1-143,text,true,,231,158,49,49,http://localhost:8079/?token=518504778&user=-1355064518&config=3,16290,0,0
1777922743553,16294,HTTP Request,200,OK,Config 3: Exp9 1-426,text,true,,231,158,27,27,http://localhost:8079/?token=518504778&user=-1355064518&config=3,16294,0,0
1777922743553,16294,HTTP Request,200,OK,Config 3: Exp9 1-142,text,true,,231,158,27,27,http://localhost:8079/?token=518504778&user=-1355064518&config=3,16294,0,0
1777922743556,16291,HTTP Request,200,OK,Config 3: Exp9 1-224,text,true,,231,158,27,27,http://localhost:8079/?token=518504778&user=-1355064518&config=3,16291,0,0
1777922743553,16294,HTTP Request,200,OK,Config 3: Exp9 1-227,text,true,,231,158,27,27,http://localhost:8079/?token=518504778&user=-1355064518&config=3,16294,0,0
1777922743554,16293,HTTP Request,200,OK,Config 3: Exp9 1-232,text,true,,231,158,27,27,http://localhost:8079/?token=518504778&user=-1355064518&config=3,16293,0,0
1777922743745,16102,HTTP Request,200,OK,Config 3: Exp9 1-515,text,true,,231,158,22,22,http://localhost:8079/?token=518504778&user=-1355064518&config=3,16102,0,1
1777922743924,15923,HTTP Request,200,OK,Config 3: Exp9 1-516,text,true,,231,158,22,22,http://localhost:8079/?token=518504778&user=-1355064518&config=3,15923,0,0
1777922744461,15386,HTTP Request,200,OK,Config 3: Exp9 1-519,text,true,,231,158,22,22,http://localhost:8079/?token=518504778&user=-1355064518&config=3,15386,0,1
1777922744283,15564,HTTP Request,200,OK,Config 3: Exp9 1-518,text,true,,231,158,22,22,http://localhost:8079/?token=518504778&user=-1355064518&config=3,15564,0,1
1777922743556,16291,HTTP Request,200,OK,Config 3: Exp9 1-229,text,true,,231,158,22,22,http://localhost:8079/?token=518504778&user=-1355064518&config=3,16291,0,0
1777922743553,16296,HTTP Request,200,OK,Config 3: Exp9 1-109,text,true,,231,158,17,17,http://localhost:8079/?token=518504778&user=-1355064518&config=3,16296,0,1
1777922745536,14313,HTTP Request,200,OK,Config 3: Exp9 1-525,text,true,,231,158,17,17,http://localhost:8079/?token=518504778&user=-1355064518&config=3,14313,0,0
1777922745714,14135,HTTP Request,200,OK,Config 3: Exp9 1-526,text,true,,231,158,17,17,http://localhost:8079/?token=518504778&user=-1355064518&config=3,14135,0,1
1777922743555,16294,HTTP Request,200,OK,Config 3: Exp9 1-9,text,true,,231,158,17,17,http://localhost:8079/?token=518504778&user=-1355064518&config=3,16294,0,0
1777922743554,16295,HTTP Request,200,OK,Config 3: Exp9 1-228,text,true,,231,158,17,17,http://localhost:8079/?token=518504778&user=-1355064518&config=3,16295,0,0
1777922743556,16293,HTTP Request,200,OK,Config 3: Exp9 1-234,text,true,,231,158,17,17,http://localhost:8079/?token=518504778&user=-1355064518&config=3,16293,0,0
1777922743566,16284,HTTP Request,200,OK,Config 3: Exp9 1-514,text,true,,231,158,11,11,http://localhost:8079/?token=518504778&user=-1355064518&config=3,16284,0,1
1777922744998,14852,HTTP Request,200,OK,Config 3: Exp9 1-522,text,true,,231,158,11,11,http://localhost:8079/?token=518504778&user=-1355064518&config=3,14852,0,0
1777922744640,15210,HTTP Request,200,OK,Config 3: Exp9 1-520,text,true,,231,158,11,11,http://localhost:8079/?token=518504778&user=-1355064518&config=3,15210,0,0
1777922745177,14674,HTTP Request,200,OK,Config 3: Exp9 1-523,text,true,,231,158,11,11,http://localhost:8079/?token=518504778&user=-1355064518&config=3,14674,0,1
1777922744103,15747,HTTP Request,200,OK,Config 3: Exp9 1-517,text,true,,231,158,11,11,http://localhost:8079/?token=518504778&user=-1355064518&config=3,15747,0,1
1777922744819,15032,HTTP Request,200,OK,Config 3: Exp9 1-521,text,true,,231,158,10,10,http://localhost:8079/?token=518504778&user=-1355064518&config=3,15032,0,0
1777922746073,13779,HTTP Request,200,OK,Config 3: Exp9 1-528,text,true,,231,158,9,9,http://localhost:8079/?token=518504778&user=-1355064518&config=3,13779,0,1
1777922745893,13958,HTTP Request,200,OK,Config 3: Exp9 1-527,text,true,,231,158,10,10,http://localhost:8079/?token=518504778&user=-1355064518&config=3,13958,0,0
1777922745356,14495,HTTP Request,200,OK,Config 3: Exp9 1-524,text,true,,231,158,8,8,http://localhost:8079/?token=518504778&user=-1355064518&config=3,14495,0,1
1777922746611,13241,HTTP Request,200,OK,Config 3: Exp9 1-531,text,true,,231,158,8,8,http://localhost:8079/?token=518504778&user=-1355064518&config=3,13241,0,0
1777922746253,13599,HTTP Request,200,OK,Config 3: Exp9 1-529,text,true,,231,158,8,8,http://localhost:8079/?token=518504778&user=-1355064518&config=3,13599,0,0
