timeStamp,elapsed,label,responseCode,responseMessage,threadName,dataType,success,failureMessage,bytes,sentBytes,grpThreads,allThreads,URL,Latency,IdleTime,Connect
1777921662110,546,HTTP Request,200,OK,Config 3: Exp7 1-1,text,true,,231,158,4,4,http://localhost:8079/?token=518504778&user=-1355064518&config=3,546,0,0
1777921662267,569,HTTP Request,200,OK,Config 3: Exp7 1-2,text,true,,231,158,5,5,http://localhost:8079/?token=518504778&user=-1355064518&config=3,569,0,1
1777921662422,568,HTTP Request,200,OK,Config 3: Exp7 1-3,text,true,,231,158,6,6,http://localhost:8079/?token=518504778&user=-1355064518&config=3,568,0,0
1777921662577,566,HTTP Request,200,OK,Config 3: Exp7 1-4,text,true,,231,158,7,7,http://localhost:8079/?token=518504778&user=-1355064518&config=3,566,0,1
1777921662734,570,HTTP Request,200,OK,Config 3: Exp7 1-5,text,true,,231,158,8,8,http://localhost:8079/?token=518504778&user=-1355064518&config=3,570,0,1
1777921662890,571,HTTP Request,200,OK,Config 3: Exp7 1-6,text,true,,231,158,9,9,http://localhost:8079/?token=518504778&user=-1355064518&config=3,571,0,1
1777921663046,571,HTTP Request,200,OK,Config 3: Exp7 1-7,text,true,,231,158,10,10,http://localhost:8079/?token=518504778&user=-1355064518&config=3,571,0,0
1777921663201,573,HTTP Request,200,OK,Config 3: Exp7 1-8,text,true,,231,158,11,11,http://localhost:8079/?token=518504778&user=-1355064518&config=3,573,0,0
1777921663359,571,HTTP Request,200,OK,Config 3: Exp7 1-9,text,true,,231,158,12,12,http://localhost:8079/?token=518504778&user=-1355064518&config=3,571,0,0
1777921663513,573,HTTP Request,200,OK,Config 3: Exp7 1-10,text,true,,231,158,13,13,http://localhost:8079/?token=518504778&user=-1355064518&config=3,573,0,1
1777921663669,575,HTTP Request,200,OK,Config 3: Exp7 1-11,text,true,,231,158,14,14,http://localhost:8079/?token=518504778&user=-1355064518&config=3,575,0,1
1777921663826,577,HTTP Request,200,OK,Config 3: Exp7 1-12,text,true,,231,158,15,15,http://localhost:8079/?token=518504778&user=-1355064518&config=3,577,0,0
1777921663982,581,HTTP Request,200,OK,Config 3: Exp7 1-13,text,true,,231,158,16,16,http://localhost:8079/?token=518504778&user=-1355064518&config=3,581,0,0
1777921664138,580,HTTP Request,200,OK,Config 3: Exp7 1-14,text,true,,231,158,17,17,http://localhost:8079/?token=518504778&user=-1355064518&config=3,580,0,0
1777921664294,582,HTTP Request,200,OK,Config 3: Exp7 1-15,text,true,,231,158,18,18,http://localhost:8079/?token=518504778&user=-1355064518&config=3,582,0,1
1777921664449,584,HTTP Request,200,OK,Config 3: Exp7 1-16,text,true,,231,158,19,19,http://localhost:8079/?token=518504778&user=-1355064518&config=3,584,0,0
1777921664606,584,HTTP Request,200,OK,Config 3: Exp7 1-17,text,true,,231,158,20,20,http://localhost:8079/?token=518504778&user=-1355064518&config=3,584,0,1
1777921664761,586,HTTP Request,200,OK,Config 3: Exp7 1-18,text,true,,231,158,21,21,http://localhost:8079/?token=518504778&user=-1355064518&config=3,586,0,1
1777921664919,584,HTTP Request,200,OK,Config 3: Exp7 1-19,text,true,,231,158,22,22,http://localhost:8079/?token=518504778&user=-1355064518&config=3,584,0,0
1777921665074,570,HTTP Request,200,OK,Config 3: Exp7 1-20,text,true,,231,158,23,23,http://localhost:8079/?token=518504778&user=-1355064518&config=3,570,0,0
1777921665110,535,HTTP Request,200,OK,Config 3: Exp7 1-1,text,true,,231,158,23,23,http://localhost:8079/?token=518504778&user=-1355064518&config=3,535,0,0
1777921665229,562,HTTP Request,200,OK,Config 3: Exp7 1-21,text,true,,231,158,24,24,http://localhost:8079/?token=518504778&user=-1355064518&config=3,562,0,1
1777921665267,543,HTTP Request,200,OK,Config 3: Exp7 1-2,text,true,,231,158,24,24,http://localhost:8079/?token=518504778&user=-1355064518&config=3,543,0,0
1777921665385,574,HTTP Request,200,OK,Config 3: Exp7 1-22,text,true,,231,158,25,25,http://localhost:8079/?token=518504778&user=-1355064518&config=3,574,0,0
1777921665422,538,HTTP Request,200,OK,Config 3: Exp7 1-3,text,true,,231,158,25,25,http://localhost:8079/?token=518504778&user=-1355064518&config=3,538,0,0
1777921665542,570,HTTP Request,200,OK,Config 3: Exp7 1-23,text,true,,231,158,26,26,http://localhost:8079/?token=518504778&user=-1355064518&config=3,570,0,1
1777921665578,554,HTTP Request,200,OK,Config 3: Exp7 1-4,text,true,,231,158,26,26,http://localhost:8079/?token=518504778&user=-1355064518&config=3,554,0,0
1777921665734,538,HTTP Request,200,OK,Config 3: Exp7 1-5,text,true,,231,158,27,27,http://localhost:8079/?token=518504778&user=-1355064518&config=3,538,0,0
1777921665697,575,HTTP Request,200,OK,Config 3: Exp7 1-24,text,true,,231,158,27,27,http://localhost:8079/?token=518504778&user=-1355064518&config=3,575,0,0
1777921665853,570,HTTP Request,200,OK,Config 3: Exp7 1-25,text,true,,231,158,28,28,http://localhost:8079/?token=518504778&user=-1355064518&config=3,570,0,0
1777921665890,552,HTTP Request,200,OK,Config 3: Exp7 1-6,text,true,,231,158,28,28,http://localhost:8079/?token=518504778&user=-1355064518&config=3,552,0,0
1777921666008,586,HTTP Request,200,OK,Config 3: Exp7 1-26,text,true,,231,158,29,29,http://localhost:8079/?token=518504778&user=-1355064518&config=3,586,0,1
1777921666044,552,HTTP Request,200,OK,Config 3: Exp7 1-7,text,true,,231,158,29,29,http://localhost:8079/?token=518504778&user=-1355064518&config=3,552,0,0
1777921666165,572,HTTP Request,200,OK,Config 3: Exp7 1-27,text,true,,231,158,30,30,http://localhost:8079/?token=518504778&user=-1355064518&config=3,572,0,1
1777921666200,560,HTTP Request,200,OK,Config 3: Exp7 1-8,text,true,,231,158,30,30,http://localhost:8079/?token=518504778&user=-1355064518&config=3,560,0,0
1777921666357,557,HTTP Request,200,OK,Config 3: Exp7 1-9,text,true,,231,158,31,31,http://localhost:8079/?token=518504778&user=-1355064518&config=3,557,0,0
1777921666321,593,HTTP Request,200,OK,Config 3: Exp7 1-28,text,true,,231,158,31,31,http://localhost:8079/?token=518504778&user=-1355064518&config=3,593,0,1
1777921666477,580,HTTP Request,200,OK,Config 3: Exp7 1-29,text,true,,231,158,32,32,http://localhost:8079/?token=518504778&user=-1355064518&config=3,580,0,0
1777921666512,567,HTTP Request,200,OK,Config 3: Exp7 1-10,text,true,,231,158,32,32,http://localhost:8079/?token=518504778&user=-1355064518&config=3,567,0,0
1777921666632,589,HTTP Request,200,OK,Config 3: Exp7 1-30,text,true,,231,158,33,33,http://localhost:8079/?token=518504778&user=-1355064518&config=3,589,0,1
1777921666669,554,HTTP Request,200,OK,Config 3: Exp7 1-11,text,true,,231,158,33,33,http://localhost:8079/?token=518504778&user=-1355064518&config=3,554,0,0
1777921666788,587,HTTP Request,200,OK,Config 3: Exp7 1-31,text,true,,231,158,34,34,http://localhost:8079/?token=518504778&user=-1355064518&config=3,587,0,1
1777921666825,567,HTTP Request,200,OK,Config 3: Exp7 1-12,text,true,,231,158,34,34,http://localhost:8079/?token=518504778&user=-1355064518&config=3,567,0,0
1777921666980,559,HTTP Request,200,OK,Config 3: Exp7 1-13,text,true,,231,158,35,35,http://localhost:8079/?token=518504778&user=-1355064518&config=3,559,0,0
1777921666945,595,HTTP Request,200,OK,Config 3: Exp7 1-32,text,true,,231,158,35,35,http://localhost:8079/?token=518504778&user=-1355064518&config=3,595,0,1
1777921667101,587,HTTP Request,200,OK,Config 3: Exp7 1-33,text,true,,231,158,36,36,http://localhost:8079/?token=518504778&user=-1355064518&config=3,587,0,0
1777921667137,571,HTTP Request,200,OK,Config 3: Exp7 1-14,text,true,,231,158,36,36,http://localhost:8079/?token=518504778&user=-1355064518&config=3,571,0,0
1777921667292,565,HTTP Request,200,OK,Config 3: Exp7 1-15,text,true,,231,158,37,37,http://localhost:8079/?token=518504778&user=-1355064518&config=3,565,0,0
1777921667257,618,HTTP Request,200,OK,Config 3: Exp7 1-34,text,true,,231,158,37,37,http://localhost:8079/?token=518504778&user=-1355064518&config=3,618,0,1
1777921667447,576,HTTP Request,200,OK,Config 3: Exp7 1-16,text,true,,231,158,38,38,http://localhost:8079/?token=518504778&user=-1355064518&config=3,576,0,0
1777921667412,636,HTTP Request,200,OK,Config 3: Exp7 1-35,text,true,,231,158,39,39,http://localhost:8079/?token=518504778&user=-1355064518&config=3,636,0,0
1777921667604,569,HTTP Request,200,OK,Config 3: Exp7 1-17,text,true,,231,158,39,39,http://localhost:8079/?token=518504778&user=-1355064518&config=3,569,0,0
1777921667568,625,HTTP Request,200,OK,Config 3: Exp7 1-36,text,true,,231,158,40,40,http://localhost:8079/?token=518504778&user=-1355064518&config=3,625,0,0
1777921667759,578,HTTP Request,200,OK,Config 3: Exp7 1-18,text,true,,231,158,40,40,http://localhost:8079/?token=518504778&user=-1355064518&config=3,578,0,0
1777921667724,615,HTTP Request,200,OK,Config 3: Exp7 1-37,text,true,,231,158,40,40,http://localhost:8079/?token=518504778&user=-1355064518&config=3,615,0,1
1777921667880,599,HTTP Request,200,OK,Config 3: Exp7 1-38,text,true,,231,158,41,41,http://localhost:8079/?token=518504778&user=-1355064518&config=3,599,0,1
1777921667918,584,HTTP Request,200,OK,Config 3: Exp7 1-19,text,true,,231,158,41,41,http://localhost:8079/?token=518504778&user=-1355064518&config=3,584,0,0
1777921668036,612,HTTP Request,200,OK,Config 3: Exp7 1-39,text,true,,231,158,42,42,http://localhost:8079/?token=518504778&user=-1355064518&config=3,612,0,1
1777921668073,576,HTTP Request,200,OK,Config 3: Exp7 1-20,text,true,,231,158,42,42,http://localhost:8079/?token=518504778&user=-1355064518&config=3,576,0,0
1777921668109,571,HTTP Request,200,OK,Config 3: Exp7 1-1,text,true,,231,158,43,43,http://localhost:8079/?token=518504778&user=-1355064518&config=3,571,0,0
1777921668228,574,HTTP Request,200,OK,Config 3: Exp7 1-21,text,true,,231,158,43,43,http://localhost:8079/?token=518504778&user=-1355064518&config=3,574,0,0
1777921668193,609,HTTP Request,200,OK,Config 3: Exp7 1-40,text,true,,231,158,43,43,http://localhost:8079/?token=518504778&user=-1355064518&config=3,609,0,0
1777921668265,575,HTTP Request,200,OK,Config 3: Exp7 1-2,text,true,,231,158,44,44,http://localhost:8079/?token=518504778&user=-1355064518&config=3,575,0,0
1777921668384,586,HTTP Request,200,OK,Config 3: Exp7 1-22,text,true,,231,158,44,44,http://localhost:8079/?token=518504778&user=-1355064518&config=3,586,0,0
1777921668349,621,HTTP Request,200,OK,Config 3: Exp7 1-41,text,true,,231,158,44,44,http://localhost:8079/?token=518504778&user=-1355064518&config=3,621,0,0
1777921668420,578,HTTP Request,200,OK,Config 3: Exp7 1-3,text,true,,231,158,45,45,http://localhost:8079/?token=518504778&user=-1355064518&config=3,578,0,0
1777921668541,588,HTTP Request,200,OK,Config 3: Exp7 1-23,text,true,,231,158,46,46,http://localhost:8079/?token=518504778&user=-1355064518&config=3,588,0,0
1777921668504,625,HTTP Request,200,OK,Config 3: Exp7 1-42,text,true,,231,158,46,46,http://localhost:8079/?token=518504778&user=-1355064518&config=3,625,0,0
1777921668576,580,HTTP Request,200,OK,Config 3: Exp7 1-4,text,true,,231,158,46,46,http://localhost:8079/?token=518504778&user=-1355064518&config=3,580,0,0
1777921668696,586,HTTP Request,200,OK,Config 3: Exp7 1-24,text,true,,231,158,46,46,http://localhost:8079/?token=518504778&user=-1355064518&config=3,586,0,0
1777921668660,647,HTTP Request,200,OK,Config 3: Exp7 1-43,text,true,,231,158,47,47,http://localhost:8079/?token=518504778&user=-1355064518&config=3,647,0,0
1777921668733,597,HTTP Request,200,OK,Config 3: Exp7 1-5,text,true,,231,158,47,47,http://localhost:8079/?token=518504778&user=-1355064518&config=3,597,0,0
1777921668851,589,HTTP Request,200,OK,Config 3: Exp7 1-25,text,true,,231,158,47,47,http://localhost:8079/?token=518504778&user=-1355064518&config=3,589,0,0
1777921668816,626,HTTP Request,200,OK,Config 3: Exp7 1-44,text,true,,231,158,48,48,http://localhost:8079/?token=518504778&user=-1355064518&config=3,626,0,0
1777921668888,591,HTTP Request,200,OK,Config 3: Exp7 1-6,text,true,,231,158,48,48,http://localhost:8079/?token=518504778&user=-1355064518&config=3,591,0,0
1777921669008,597,HTTP Request,200,OK,Config 3: Exp7 1-26,text,true,,231,158,49,49,http://localhost:8079/?token=518504778&user=-1355064518&config=3,597,0,0
1777921668973,633,HTTP Request,200,OK,Config 3: Exp7 1-45,text,true,,231,158,49,49,http://localhost:8079/?token=518504778&user=-1355064518&config=3,633,0,1
1777921669045,598,HTTP Request,200,OK,Config 3: Exp7 1-7,text,true,,231,158,49,49,http://localhost:8079/?token=518504778&user=-1355064518&config=3,598,0,0
1777921669165,600,HTTP Request,200,OK,Config 3: Exp7 1-27,text,true,,231,158,50,50,http://localhost:8079/?token=518504778&user=-1355064518&config=3,600,0,0
1777921669129,637,HTTP Request,200,OK,Config 3: Exp7 1-46,text,true,,231,158,50,50,http://localhost:8079/?token=518504778&user=-1355064518&config=3,637,0,0
1777921669200,594,HTTP Request,200,OK,Config 3: Exp7 1-8,text,true,,231,158,50,50,http://localhost:8079/?token=518504778&user=-1355064518&config=3,594,0,0
1777921669322,595,HTTP Request,200,OK,Config 3: Exp7 1-28,text,true,,231,158,51,51,http://localhost:8079/?token=518504778&user=-1355064518&config=3,595,0,0
1777921669285,663,HTTP Request,200,OK,Config 3: Exp7 1-47,text,true,,231,158,51,51,http://localhost:8079/?token=518504778&user=-1355064518&config=3,663,0,0
1777921669358,602,HTTP Request,200,OK,Config 3: Exp7 1-9,text,true,,231,158,51,51,http://localhost:8079/?token=518504778&user=-1355064518&config=3,602,0,0
1777921669476,600,HTTP Request,200,OK,Config 3: Exp7 1-29,text,true,,231,158,52,52,http://localhost:8079/?token=518504778&user=-1355064518&config=3,600,0,0
1777921669441,637,HTTP Request,200,OK,Config 3: Exp7 1-48,text,true,,231,158,52,52,http://localhost:8079/?token=518504778&user=-1355064518&config=3,637,0,0
1777921669512,600,HTTP Request,200,OK,Config 3: Exp7 1-10,text,true,,231,158,52,52,http://localhost:8079/?token=518504778&user=-1355064518&config=3,600,0,0
1777921669633,601,HTTP Request,200,OK,Config 3: Exp7 1-30,text,true,,231,158,53,53,http://localhost:8079/?token=518504778&user=-1355064518&config=3,601,0,0
1777921669596,663,HTTP Request,200,OK,Config 3: Exp7 1-49,text,true,,231,158,53,53,http://localhost:8079/?token=518504778&user=-1355064518&config=3,663,0,0
1777921669669,610,HTTP Request,200,OK,Config 3: Exp7 1-11,text,true,,231,158,53,53,http://localhost:8079/?token=518504778&user=-1355064518&config=3,610,0,0
1777921669789,605,HTTP Request,200,OK,Config 3: Exp7 1-31,text,true,,231,158,54,54,http://localhost:8079/?token=518504778&user=-1355064518&config=3,605,0,0
1777921669752,642,HTTP Request,200,OK,Config 3: Exp7 1-50,text,true,,231,158,54,54,http://localhost:8079/?token=518504778&user=-1355064518&config=3,642,0,1
1777921669825,608,HTTP Request,200,OK,Config 3: Exp7 1-12,text,true,,231,158,54,54,http://localhost:8079/?token=518504778&user=-1355064518&config=3,608,0,0
1777921669908,654,HTTP Request,200,OK,Config 3: Exp7 1-51,text,true,,231,158,55,55,http://localhost:8079/?token=518504778&user=-1355064518&config=3,654,0,1
1777921669944,618,HTTP Request,200,OK,Config 3: Exp7 1-32,text,true,,231,158,55,55,http://localhost:8079/?token=518504778&user=-1355064518&config=3,618,0,0
1777921669981,614,HTTP Request,200,OK,Config 3: Exp7 1-13,text,true,,231,158,55,55,http://localhost:8079/?token=518504778&user=-1355064518&config=3,614,0,0
1777921670100,623,HTTP Request,200,OK,Config 3: Exp7 1-33,text,true,,231,158,56,56,http://localhost:8079/?token=518504778&user=-1355064518&config=3,623,0,0
1777921670064,671,HTTP Request,200,OK,Config 3: Exp7 1-52,text,true,,231,158,56,56,http://localhost:8079/?token=518504778&user=-1355064518&config=3,671,0,0
1777921670136,618,HTTP Request,200,OK,Config 3: Exp7 1-14,text,true,,231,158,56,56,http://localhost:8079/?token=518504778&user=-1355064518&config=3,618,0,0
1777921670221,659,HTTP Request,200,OK,Config 3: Exp7 1-53,text,true,,231,158,57,57,http://localhost:8079/?token=518504778&user=-1355064518&config=3,659,0,0
1777921670257,623,HTTP Request,200,OK,Config 3: Exp7 1-34,text,true,,231,158,57,57,http://localhost:8079/?token=518504778&user=-1355064518&config=3,623,0,0
1777921670292,618,HTTP Request,200,OK,Config 3: Exp7 1-15,text,true,,231,158,57,57,http://localhost:8079/?token=518504778&user=-1355064518&config=3,618,0,0
1777921670411,622,HTTP Request,200,OK,Config 3: Exp7 1-35,text,true,,231,158,58,58,http://localhost:8079/?token=518504778&user=-1355064518&config=3,622,0,0
1777921670376,678,HTTP Request,200,OK,Config 3: Exp7 1-54,text,true,,231,158,58,58,http://localhost:8079/?token=518504778&user=-1355064518&config=3,678,0,0
1777921670447,630,HTTP Request,200,OK,Config 3: Exp7 1-16,text,true,,231,158,58,58,http://localhost:8079/?token=518504778&user=-1355064518&config=3,630,0,0
1777921670568,626,HTTP Request,200,OK,Config 3: Exp7 1-36,text,true,,231,158,59,59,http://localhost:8079/?token=518504778&user=-1355064518&config=3,626,0,0
1777921670532,662,HTTP Request,200,OK,Config 3: Exp7 1-55,text,true,,231,158,59,59,http://localhost:8079/?token=518504778&user=-1355064518&config=3,662,0,0
1777921670604,627,HTTP Request,200,OK,Config 3: Exp7 1-17,text,true,,231,158,59,59,http://localhost:8079/?token=518504778&user=-1355064518&config=3,627,0,0
1777921670723,634,HTTP Request,200,OK,Config 3: Exp7 1-37,text,true,,231,158,60,60,http://localhost:8079/?token=518504778&user=-1355064518&config=3,634,0,0
1777921670688,691,HTTP Request,200,OK,Config 3: Exp7 1-56,text,true,,231,158,60,60,http://localhost:8079/?token=518504778&user=-1355064518&config=3,691,0,0
1777921670760,640,HTTP Request,200,OK,Config 3: Exp7 1-18,text,true,,231,158,60,60,http://localhost:8079/?token=518504778&user=-1355064518&config=3,640,0,0
1777921670844,667,HTTP Request,200,OK,Config 3: Exp7 1-57,text,true,,231,158,61,61,http://localhost:8079/?token=518504778&user=-1355064518&config=3,667,0,1
1777921670879,633,HTTP Request,200,OK,Config 3: Exp7 1-38,text,true,,231,158,61,61,http://localhost:8079/?token=518504778&user=-1355064518&config=3,633,0,0
1777921670917,636,HTTP Request,200,OK,Config 3: Exp7 1-19,text,true,,231,158,61,61,http://localhost:8079/?token=518504778&user=-1355064518&config=3,636,0,0
1777921671035,644,HTTP Request,200,OK,Config 3: Exp7 1-39,text,true,,231,158,62,62,http://localhost:8079/?token=518504778&user=-1355064518&config=3,644,0,0
1777921671000,702,HTTP Request,200,OK,Config 3: Exp7 1-58,text,true,,231,158,62,62,http://localhost:8079/?token=518504778&user=-1355064518&config=3,702,0,1
1777921671072,652,HTTP Request,200,OK,Config 3: Exp7 1-20,text,true,,231,158,62,62,http://localhost:8079/?token=518504778&user=-1355064518&config=3,652,0,0
1777921671108,661,HTTP Request,200,OK,Config 3: Exp7 1-1,text,true,,231,158,62,62,http://localhost:8079/?token=518504778&user=-1355064518&config=3,661,0,0
1777921671193,643,HTTP Request,200,OK,Config 3: Exp7 1-40,text,true,,231,158,63,63,http://localhost:8079/?token=518504778&user=-1355064518&config=3,643,0,0
1777921671157,681,HTTP Request,200,OK,Config 3: Exp7 1-59,text,true,,231,158,63,63,http://localhost:8079/?token=518504778&user=-1355064518&config=3,681,0,0
1777921671229,645,HTTP Request,200,OK,Config 3: Exp7 1-21,text,true,,231,158,63,63,http://localhost:8079/?token=518504778&user=-1355064518&config=3,645,0,0
1777921671266,651,HTTP Request,200,OK,Config 3: Exp7 1-2,text,true,,231,158,63,63,http://localhost:8079/?token=518504778&user=-1355064518&config=3,651,0,0
1777921671349,649,HTTP Request,200,OK,Config 3: Exp7 1-41,text,true,,231,158,64,64,http://localhost:8079/?token=518504778&user=-1355064518&config=3,649,0,0
1777921671313,706,HTTP Request,200,OK,Config 3: Exp7 1-60,text,true,,231,158,64,64,http://localhost:8079/?token=518504778&user=-1355064518&config=3,706,0,1
1777921671384,658,HTTP Request,200,OK,Config 3: Exp7 1-22,text,true,,231,158,64,64,http://localhost:8079/?token=518504778&user=-1355064518&config=3,658,0,0
1777921671421,665,HTTP Request,200,OK,Config 3: Exp7 1-3,text,true,,231,158,64,64,http://localhost:8079/?token=518504778&user=-1355064518&config=3,665,0,0
1777921671505,655,HTTP Request,200,OK,Config 3: Exp7 1-42,text,true,,231,158,65,65,http://localhost:8079/?token=518504778&user=-1355064518&config=3,655,0,0
1777921671470,691,HTTP Request,200,OK,Config 3: Exp7 1-61,text,true,,231,158,65,65,http://localhost:8079/?token=518504778&user=-1355064518&config=3,691,0,0
1777921671540,658,HTTP Request,200,OK,Config 3: Exp7 1-23,text,true,,231,158,65,65,http://localhost:8079/?token=518504778&user=-1355064518&config=3,658,0,0
1777921671577,664,HTTP Request,200,OK,Config 3: Exp7 1-4,text,true,,231,158,65,65,http://localhost:8079/?token=518504778&user=-1355064518&config=3,664,0,0
1777921671661,666,HTTP Request,200,OK,Config 3: Exp7 1-43,text,true,,231,158,66,66,http://localhost:8079/?token=518504778&user=-1355064518&config=3,666,0,0
1777921671626,704,HTTP Request,200,OK,Config 3: Exp7 1-62,text,true,,231,158,66,66,http://localhost:8079/?token=518504778&user=-1355064518&config=3,704,0,0
1777921671695,665,HTTP Request,200,OK,Config 3: Exp7 1-24,text,true,,231,158,66,66,http://localhost:8079/?token=518504778&user=-1355064518&config=3,665,0,0
1777921671733,669,HTTP Request,200,OK,Config 3: Exp7 1-5,text,true,,231,158,66,66,http://localhost:8079/?token=518504778&user=-1355064518&config=3,669,0,0
1777921671816,673,HTTP Request,200,OK,Config 3: Exp7 1-44,text,true,,231,158,67,67,http://localhost:8079/?token=518504778&user=-1355064518&config=3,673,0,0
1777921671781,730,HTTP Request,200,OK,Config 3: Exp7 1-63,text,true,,231,158,67,67,http://localhost:8079/?token=518504778&user=-1355064518&config=3,730,0,0
1777921671851,681,HTTP Request,200,OK,Config 3: Exp7 1-25,text,true,,231,158,67,67,http://localhost:8079/?token=518504778&user=-1355064518&config=3,681,0,0
1777921671889,687,HTTP Request,200,OK,Config 3: Exp7 1-6,text,true,,231,158,68,68,http://localhost:8079/?token=518504778&user=-1355064518&config=3,687,0,0
1777921671937,712,HTTP Request,200,OK,Config 3: Exp7 1-64,text,true,,231,158,68,68,http://localhost:8079/?token=518504778&user=-1355064518&config=3,712,0,0
1777921671974,676,HTTP Request,200,OK,Config 3: Exp7 1-45,text,true,,231,158,68,68,http://localhost:8079/?token=518504778&user=-1355064518&config=3,676,0,0
1777921672008,678,HTTP Request,200,OK,Config 3: Exp7 1-26,text,true,,231,158,68,68,http://localhost:8079/?token=518504778&user=-1355064518&config=3,678,0,0
1777921672045,686,HTTP Request,200,OK,Config 3: Exp7 1-7,text,true,,231,158,69,69,http://localhost:8079/?token=518504778&user=-1355064518&config=3,686,0,0
1777921672128,682,HTTP Request,200,OK,Config 3: Exp7 1-46,text,true,,231,158,69,69,http://localhost:8079/?token=518504778&user=-1355064518&config=3,682,0,0
1777921672093,719,HTTP Request,200,OK,Config 3: Exp7 1-65,text,true,,231,158,69,69,http://localhost:8079/?token=518504778&user=-1355064518&config=3,719,0,0
1777921672166,683,HTTP Request,200,OK,Config 3: Exp7 1-27,text,true,,231,158,69,69,http://localhost:8079/?token=518504778&user=-1355064518&config=3,683,0,0
1777921672199,693,HTTP Request,200,OK,Config 3: Exp7 1-8,text,true,,231,158,70,70,http://localhost:8079/?token=518504778&user=-1355064518&config=3,693,0,0
1777921672284,692,HTTP Request,200,OK,Config 3: Exp7 1-47,text,true,,231,158,70,70,http://localhost:8079/?token=518504778&user=-1355064518&config=3,692,0,0
1777921672248,752,HTTP Request,200,OK,Config 3: Exp7 1-66,text,true,,231,158,70,70,http://localhost:8079/?token=518504778&user=-1355064518&config=3,752,0,1
1777921672322,698,HTTP Request,200,OK,Config 3: Exp7 1-28,text,true,,231,158,70,70,http://localhost:8079/?token=518504778&user=-1355064518&config=3,698,0,0
1777921672357,713,HTTP Request,200,OK,Config 3: Exp7 1-9,text,true,,231,158,71,71,http://localhost:8079/?token=518504778&user=-1355064518&config=3,713,0,0
1777921672404,730,HTTP Request,200,OK,Config 3: Exp7 1-67,text,true,,231,158,71,71,http://localhost:8079/?token=518504778&user=-1355064518&config=3,730,0,1
1777921672440,695,HTTP Request,200,OK,Config 3: Exp7 1-48,text,true,,231,158,71,71,http://localhost:8079/?token=518504778&user=-1355064518&config=3,695,0,0
1777921672476,694,HTTP Request,200,OK,Config 3: Exp7 1-29,text,true,,231,158,71,71,http://localhost:8079/?token=518504778&user=-1355064518&config=3,694,0,0
1777921672511,704,HTTP Request,200,OK,Config 3: Exp7 1-10,text,true,,231,158,72,72,http://localhost:8079/?token=518504778&user=-1355064518&config=3,704,0,0
1777921672596,703,HTTP Request,200,OK,Config 3: Exp7 1-49,text,true,,231,158,72,72,http://localhost:8079/?token=518504778&user=-1355064518&config=3,703,0,0
1777921672560,761,HTTP Request,200,OK,Config 3: Exp7 1-68,text,true,,231,158,72,72,http://localhost:8079/?token=518504778&user=-1355064518&config=3,761,0,0
1777921672633,710,HTTP Request,200,OK,Config 3: Exp7 1-30,text,true,,231,158,73,73,http://localhost:8079/?token=518504778&user=-1355064518&config=3,710,0,0
1777921672668,720,HTTP Request,200,OK,Config 3: Exp7 1-11,text,true,,231,158,73,73,http://localhost:8079/?token=518504778&user=-1355064518&config=3,720,0,0
1777921672716,742,HTTP Request,200,OK,Config 3: Exp7 1-69,text,true,,231,158,73,73,http://localhost:8079/?token=518504778&user=-1355064518&config=3,742,0,0
1777921672753,707,HTTP Request,200,OK,Config 3: Exp7 1-50,text,true,,231,158,73,73,http://localhost:8079/?token=518504778&user=-1355064518&config=3,707,0,0
1777921672789,709,HTTP Request,200,OK,Config 3: Exp7 1-31,text,true,,231,158,74,74,http://localhost:8079/?token=518504778&user=-1355064518&config=3,709,0,0
1777921672824,710,HTTP Request,200,OK,Config 3: Exp7 1-12,text,true,,231,158,74,74,http://localhost:8079/?token=518504778&user=-1355064518&config=3,710,0,0
1777921672909,713,HTTP Request,200,OK,Config 3: Exp7 1-51,text,true,,231,158,74,74,http://localhost:8079/?token=518504778&user=-1355064518&config=3,713,0,0
1777921672872,752,HTTP Request,200,OK,Config 3: Exp7 1-70,text,true,,231,158,74,74,http://localhost:8079/?token=518504778&user=-1355064518&config=3,752,0,0
1777921672944,713,HTTP Request,200,OK,Config 3: Exp7 1-32,text,true,,231,158,75,75,http://localhost:8079/?token=518504778&user=-1355064518&config=3,713,0,0
1777921672981,718,HTTP Request,200,OK,Config 3: Exp7 1-13,text,true,,231,158,75,75,http://localhost:8079/?token=518504778&user=-1355064518&config=3,718,0,0
1777921673063,717,HTTP Request,200,OK,Config 3: Exp7 1-52,text,true,,231,158,75,75,http://localhost:8079/?token=518504778&user=-1355064518&config=3,717,0,0
1777921673028,775,HTTP Request,200,OK,Config 3: Exp7 1-71,text,true,,231,158,75,75,http://localhost:8079/?token=518504778&user=-1355064518&config=3,775,0,1
1777921673100,724,HTTP Request,200,OK,Config 3: Exp7 1-33,text,true,,231,158,76,76,http://localhost:8079/?token=518504778&user=-1355064518&config=3,724,0,0
1777921673136,731,HTTP Request,200,OK,Config 3: Exp7 1-14,text,true,,231,158,76,76,http://localhost:8079/?token=518504778&user=-1355064518&config=3,731,0,0
1777921673185,758,HTTP Request,200,OK,Config 3: Exp7 1-72,text,true,,231,158,76,76,http://localhost:8079/?token=518504778&user=-1355064518&config=3,758,0,0
1777921673220,726,HTTP Request,200,OK,Config 3: Exp7 1-53,text,true,,231,158,76,76,http://localhost:8079/?token=518504778&user=-1355064518&config=3,726,0,0
1777921673256,726,HTTP Request,200,OK,Config 3: Exp7 1-34,text,true,,231,158,77,77,http://localhost:8079/?token=518504778&user=-1355064518&config=3,726,0,0
1777921673292,731,HTTP Request,200,OK,Config 3: Exp7 1-15,text,true,,231,158,77,77,http://localhost:8079/?token=518504778&user=-1355064518&config=3,731,0,0
1777921673375,731,HTTP Request,200,OK,Config 3: Exp7 1-54,text,true,,231,158,77,77,http://localhost:8079/?token=518504778&user=-1355064518&config=3,731,0,0
1777921673340,787,HTTP Request,200,OK,Config 3: Exp7 1-73,text,true,,231,158,78,78,http://localhost:8079/?token=518504778&user=-1355064518&config=3,787,0,1
1777921673415,740,HTTP Request,200,OK,Config 3: Exp7 1-35,text,true,,231,158,78,78,http://localhost:8079/?token=518504778&user=-1355064518&config=3,740,0,0
1777921673447,743,HTTP Request,200,OK,Config 3: Exp7 1-16,text,true,,231,158,78,78,http://localhost:8079/?token=518504778&user=-1355064518&config=3,743,0,0
1777921673496,771,HTTP Request,200,OK,Config 3: Exp7 1-74,text,true,,231,158,78,78,http://localhost:8079/?token=518504778&user=-1355064518&config=3,771,0,1
1777921673532,738,HTTP Request,200,OK,Config 3: Exp7 1-55,text,true,,231,158,78,78,http://localhost:8079/?token=518504778&user=-1355064518&config=3,738,0,0
1777921673568,738,HTTP Request,200,OK,Config 3: Exp7 1-36,text,true,,231,158,79,79,http://localhost:8079/?token=518504778&user=-1355064518&config=3,738,0,0
1777921673605,745,HTTP Request,200,OK,Config 3: Exp7 1-17,text,true,,231,158,79,79,http://localhost:8079/?token=518504778&user=-1355064518&config=3,745,0,0
1777921673687,748,HTTP Request,200,OK,Config 3: Exp7 1-56,text,true,,231,158,80,80,http://localhost:8079/?token=518504778&user=-1355064518&config=3,748,0,0
1777921673652,806,HTTP Request,200,OK,Config 3: Exp7 1-75,text,true,,231,158,80,80,http://localhost:8079/?token=518504778&user=-1355064518&config=3,806,0,0
1777921673724,756,HTTP Request,200,OK,Config 3: Exp7 1-37,text,true,,231,158,80,80,http://localhost:8079/?token=518504778&user=-1355064518&config=3,756,0,0
1777921673759,766,HTTP Request,200,OK,Config 3: Exp7 1-18,text,true,,231,158,80,80,http://localhost:8079/?token=518504778&user=-1355064518&config=3,766,0,0
1777921673844,751,HTTP Request,200,OK,Config 3: Exp7 1-57,text,true,,231,158,81,81,http://localhost:8079/?token=518504778&user=-1355064518&config=3,751,0,0
1777921673808,790,HTTP Request,200,OK,Config 3: Exp7 1-76,text,true,,231,158,81,81,http://localhost:8079/?token=518504778&user=-1355064518&config=3,790,0,0
1777921673880,751,HTTP Request,200,OK,Config 3: Exp7 1-38,text,true,,231,158,81,81,http://localhost:8079/?token=518504778&user=-1355064518&config=3,751,0,0
1777921673918,757,HTTP Request,200,OK,Config 3: Exp7 1-19,text,true,,231,158,81,81,http://localhost:8079/?token=518504778&user=-1355064518&config=3,757,0,0
1777921674001,759,HTTP Request,200,OK,Config 3: Exp7 1-58,text,true,,231,158,82,82,http://localhost:8079/?token=518504778&user=-1355064518&config=3,759,0,0
1777921673964,839,HTTP Request,200,OK,Config 3: Exp7 1-77,text,true,,231,158,82,82,http://localhost:8079/?token=518504778&user=-1355064518&config=3,839,0,0
1777921674035,768,HTTP Request,200,OK,Config 3: Exp7 1-39,text,true,,231,158,82,82,http://localhost:8079/?token=518504778&user=-1355064518&config=3,768,0,0
1777921674073,783,HTTP Request,200,OK,Config 3: Exp7 1-20,text,true,,231,158,82,82,http://localhost:8079/?token=518504778&user=-1355064518&config=3,783,0,0
1777921674108,762,HTTP Request,200,OK,Config 3: Exp7 1-1,text,true,,231,158,82,82,http://localhost:8079/?token=518504778&user=-1355064518&config=3,762,0,0
1777921674156,765,HTTP Request,200,OK,Config 3: Exp7 1-59,text,true,,231,158,83,83,http://localhost:8079/?token=518504778&user=-1355064518&config=3,765,0,0
1777921674120,803,HTTP Request,200,OK,Config 3: Exp7 1-78,text,true,,231,158,83,83,http://localhost:8079/?token=518504778&user=-1355064518&config=3,803,0,0
1777921674193,767,HTTP Request,200,OK,Config 3: Exp7 1-40,text,true,,231,158,83,83,http://localhost:8079/?token=518504778&user=-1355064518&config=3,767,0,0
1777921674228,774,HTTP Request,200,OK,Config 3: Exp7 1-21,text,true,,231,158,83,83,http://localhost:8079/?token=518504778&user=-1355064518&config=3,774,0,0
1777921674266,777,HTTP Request,200,OK,Config 3: Exp7 1-2,text,true,,231,158,83,83,http://localhost:8079/?token=518504778&user=-1355064518&config=3,777,0,0
1777921674312,780,HTTP Request,200,OK,Config 3: Exp7 1-60,text,true,,231,158,84,84,http://localhost:8079/?token=518504778&user=-1355064518&config=3,780,0,0
1777921674277,831,HTTP Request,200,OK,Config 3: Exp7 1-79,text,true,,231,158,84,84,http://localhost:8079/?token=518504778&user=-1355064518&config=3,831,0,0
1777921674348,781,HTTP Request,200,OK,Config 3: Exp7 1-41,text,true,,231,158,84,84,http://localhost:8079/?token=518504778&user=-1355064518&config=3,781,0,0
1777921674383,786,HTTP Request,200,OK,Config 3: Exp7 1-22,text,true,,231,158,84,84,http://localhost:8079/?token=518504778&user=-1355064518&config=3,786,0,0
1777921674421,793,HTTP Request,200,OK,Config 3: Exp7 1-3,text,true,,231,158,85,85,http://localhost:8079/?token=518504778&user=-1355064518&config=3,793,0,0
1777921674469,792,HTTP Request,200,OK,Config 3: Exp7 1-61,text,true,,231,158,85,85,http://localhost:8079/?token=518504778&user=-1355064518&config=3,792,0,0
1777921674432,848,HTTP Request,200,OK,Config 3: Exp7 1-80,text,true,,231,158,85,85,http://localhost:8079/?token=518504778&user=-1355064518&config=3,848,0,0
1777921674504,796,HTTP Request,200,OK,Config 3: Exp7 1-42,text,true,,231,158,85,85,http://localhost:8079/?token=518504778&user=-1355064518&config=3,796,0,0
1777921674540,799,HTTP Request,200,OK,Config 3: Exp7 1-23,text,true,,231,158,85,85,http://localhost:8079/?token=518504778&user=-1355064518&config=3,799,0,0
1777921674577,816,HTTP Request,200,OK,Config 3: Exp7 1-4,text,true,,231,158,86,86,http://localhost:8079/?token=518504778&user=-1355064518&config=3,816,0,0
1777921674590,820,HTTP Request,200,OK,Config 3: Exp7 1-81,text,true,,231,158,86,86,http://localhost:8079/?token=518504778&user=-1355064518&config=3,820,0,1
1777921674625,809,HTTP Request,200,OK,Config 3: Exp7 1-62,text,true,,231,158,86,86,http://localhost:8079/?token=518504778&user=-1355064518&config=3,809,0,0
1777921674661,813,HTTP Request,200,OK,Config 3: Exp7 1-43,text,true,,231,158,86,86,http://localhost:8079/?token=518504778&user=-1355064518&config=3,813,0,0
1777921674695,846,HTTP Request,200,OK,Config 3: Exp7 1-24,text,true,,231,158,87,87,http://localhost:8079/?token=518504778&user=-1355064518&config=3,846,0,0
1777921674732,836,HTTP Request,200,OK,Config 3: Exp7 1-5,text,true,,231,158,87,87,http://localhost:8079/?token=518504778&user=-1355064518&config=3,836,0,0
1777921674745,846,HTTP Request,200,OK,Config 3: Exp7 1-82,text,true,,231,158,87,87,http://localhost:8079/?token=518504778&user=-1355064518&config=3,846,0,0
1777921674781,856,HTTP Request,200,OK,Config 3: Exp7 1-63,text,true,,231,158,87,87,http://localhost:8079/?token=518504778&user=-1355064518&config=3,856,0,0
1777921674815,831,HTTP Request,200,OK,Config 3: Exp7 1-44,text,true,,231,158,87,87,http://localhost:8079/?token=518504778&user=-1355064518&config=3,831,0,0
1777921674851,816,HTTP Request,200,OK,Config 3: Exp7 1-25,text,true,,231,158,87,87,http://localhost:8079/?token=518504778&user=-1355064518&config=3,816,0,0
1777921674888,823,HTTP Request,200,OK,Config 3: Exp7 1-6,text,true,,231,158,88,88,http://localhost:8079/?token=518504778&user=-1355064518&config=3,823,0,0
1777921674936,818,HTTP Request,200,OK,Config 3: Exp7 1-64,text,true,,231,158,88,88,http://localhost:8079/?token=518504778&user=-1355064518&config=3,818,0,0
1777921674900,877,HTTP Request,200,OK,Config 3: Exp7 1-83,text,true,,231,158,88,88,http://localhost:8079/?token=518504778&user=-1355064518&config=3,877,0,1
1777921674974,825,HTTP Request,200,OK,Config 3: Exp7 1-45,text,true,,231,158,88,88,http://localhost:8079/?token=518504778&user=-1355064518&config=3,825,0,0
1777921675009,860,HTTP Request,200,OK,Config 3: Exp7 1-26,text,true,,231,158,89,89,http://localhost:8079/?token=518504778&user=-1355064518&config=3,860,0,0
1777921675045,824,HTTP Request,200,OK,Config 3: Exp7 1-7,text,true,,231,158,89,89,http://localhost:8079/?token=518504778&user=-1355064518&config=3,824,0,0
1777921675056,863,HTTP Request,200,OK,Config 3: Exp7 1-84,text,true,,231,158,89,89,http://localhost:8079/?token=518504778&user=-1355064518&config=3,863,0,1
1777921675093,861,HTTP Request,200,OK,Config 3: Exp7 1-65,text,true,,231,158,89,89,http://localhost:8079/?token=518504778&user=-1355064518&config=3,861,0,0
1777921675128,827,HTTP Request,200,OK,Config 3: Exp7 1-46,text,true,,231,158,89,89,http://localhost:8079/?token=518504778&user=-1355064518&config=3,827,0,0
1777921675199,893,HTTP Request,200,OK,Config 3: Exp7 1-8,text,true,,231,158,90,90,http://localhost:8079/?token=518504778&user=-1355064518&config=3,893,0,0
1777921675166,926,HTTP Request,200,OK,Config 3: Exp7 1-27,text,true,,231,158,90,90,http://localhost:8079/?token=518504778&user=-1355064518&config=3,926,0,0
1777921675247,846,HTTP Request,200,OK,Config 3: Exp7 1-66,text,true,,231,158,90,90,http://localhost:8079/?token=518504778&user=-1355064518&config=3,846,0,0
1777921675284,977,HTTP Request,200,OK,Config 3: Exp7 1-47,text,true,,231,158,91,91,http://localhost:8079/?token=518504778&user=-1355064518&config=3,977,0,0
1777921675212,1049,HTTP Request,200,OK,Config 3: Exp7 1-85,text,true,,231,158,91,91,http://localhost:8079/?token=518504778&user=-1355064518&config=3,1049,0,0
1777921675322,939,HTTP Request,200,OK,Config 3: Exp7 1-28,text,true,,231,158,91,91,http://localhost:8079/?token=518504778&user=-1355064518&config=3,939,0,0
1777921675358,904,HTTP Request,200,OK,Config 3: Exp7 1-9,text,true,,231,158,91,91,http://localhost:8079/?token=518504778&user=-1355064518&config=3,904,0,0
1777921675368,895,HTTP Request,200,OK,Config 3: Exp7 1-86,text,true,,231,158,91,91,http://localhost:8079/?token=518504778&user=-1355064518&config=3,895,0,0
1777921675403,860,HTTP Request,200,OK,Config 3: Exp7 1-67,text,true,,231,158,91,91,http://localhost:8079/?token=518504778&user=-1355064518&config=3,860,0,0
1777921675477,890,HTTP Request,200,OK,Config 3: Exp7 1-29,text,true,,231,158,92,92,http://localhost:8079/?token=518504778&user=-1355064518&config=3,890,0,0
1777921675441,927,HTTP Request,200,OK,Config 3: Exp7 1-48,text,true,,231,158,92,92,http://localhost:8079/?token=518504778&user=-1355064518&config=3,927,0,0
1777921675512,924,HTTP Request,200,OK,Config 3: Exp7 1-10,text,true,,231,158,92,92,http://localhost:8079/?token=518504778&user=-1355064518&config=3,924,0,0
1777921675560,876,HTTP Request,200,OK,Config 3: Exp7 1-68,text,true,,231,158,92,92,http://localhost:8079/?token=518504778&user=-1355064518&config=3,876,0,0
1777921675524,912,HTTP Request,200,OK,Config 3: Exp7 1-87,text,true,,231,158,92,92,http://localhost:8079/?token=518504778&user=-1355064518&config=3,912,0,1
1777921675595,862,HTTP Request,200,OK,Config 3: Exp7 1-49,text,true,,231,158,92,92,http://localhost:8079/?token=518504778&user=-1355064518&config=3,862,0,0
1777921675633,867,HTTP Request,200,OK,Config 3: Exp7 1-30,text,true,,231,158,93,93,http://localhost:8079/?token=518504778&user=-1355064518&config=3,867,0,0
1777921675668,878,HTTP Request,200,OK,Config 3: Exp7 1-11,text,true,,231,158,93,93,http://localhost:8079/?token=518504778&user=-1355064518&config=3,878,0,0
1777921675680,885,HTTP Request,200,OK,Config 3: Exp7 1-88,text,true,,231,158,93,93,http://localhost:8079/?token=518504778&user=-1355064518&config=3,885,0,0
1777921675716,872,HTTP Request,200,OK,Config 3: Exp7 1-69,text,true,,231,158,93,93,http://localhost:8079/?token=518504778&user=-1355064518&config=3,872,0,0
1777921675753,871,HTTP Request,200,OK,Config 3: Exp7 1-50,text,true,,231,158,94,94,http://localhost:8079/?token=518504778&user=-1355064518&config=3,871,0,0
1777921675788,879,HTTP Request,200,OK,Config 3: Exp7 1-31,text,true,,231,158,94,94,http://localhost:8079/?token=518504778&user=-1355064518&config=3,879,0,0
1777921675825,893,HTTP Request,200,OK,Config 3: Exp7 1-12,text,true,,231,158,94,94,http://localhost:8079/?token=518504778&user=-1355064518&config=3,893,0,0
1777921675837,928,HTTP Request,200,OK,Config 3: Exp7 1-89,text,true,,231,158,94,94,http://localhost:8079/?token=518504778&user=-1355064518&config=3,928,0,0
1777921675872,899,HTTP Request,200,OK,Config 3: Exp7 1-70,text,true,,231,158,94,94,http://localhost:8079/?token=518504778&user=-1355064518&config=3,899,0,0
1777921675908,899,HTTP Request,200,OK,Config 3: Exp7 1-51,text,true,,231,158,95,95,http://localhost:8079/?token=518504778&user=-1355064518&config=3,899,0,0
1777921675945,997,HTTP Request,200,OK,Config 3: Exp7 1-32,text,true,,231,158,96,96,http://localhost:8079/?token=518504778&user=-1355064518&config=3,997,0,0
1777921675981,997,HTTP Request,200,OK,Config 3: Exp7 1-13,text,true,,231,158,96,96,http://localhost:8079/?token=518504778&user=-1355064518&config=3,997,0,0
1777921675993,1083,HTTP Request,200,OK,Config 3: Exp7 1-90,text,true,,231,158,96,96,http://localhost:8079/?token=518504778&user=-1355064518&config=3,1083,0,1
1777921676030,1046,HTTP Request,200,OK,Config 3: Exp7 1-71,text,true,,231,158,96,96,http://localhost:8079/?token=518504778&user=-1355064518&config=3,1046,0,0
1777921676101,1062,HTTP Request,200,OK,Config 3: Exp7 1-33,text,true,,231,158,97,97,http://localhost:8079/?token=518504778&user=-1355064518&config=3,1062,0,0
1777921676065,1098,HTTP Request,200,OK,Config 3: Exp7 1-52,text,true,,231,158,97,97,http://localhost:8079/?token=518504778&user=-1355064518&config=3,1098,0,0
1777921676138,1026,HTTP Request,200,OK,Config 3: Exp7 1-14,text,true,,231,158,97,97,http://localhost:8079/?token=518504778&user=-1355064518&config=3,1026,0,0
1777921676149,1094,HTTP Request,200,OK,Config 3: Exp7 1-91,text,true,,231,158,98,98,http://localhost:8079/?token=518504778&user=-1355064518&config=3,1094,0,1
1777921676186,1058,HTTP Request,200,OK,Config 3: Exp7 1-72,text,true,,231,158,98,98,http://localhost:8079/?token=518504778&user=-1355064518&config=3,1058,0,0
1777921676257,987,HTTP Request,200,OK,Config 3: Exp7 1-34,text,true,,231,158,98,98,http://localhost:8079/?token=518504778&user=-1355064518&config=3,987,0,0
1777921676222,1022,HTTP Request,200,OK,Config 3: Exp7 1-53,text,true,,231,158,98,98,http://localhost:8079/?token=518504778&user=-1355064518&config=3,1022,0,0
1777921676294,989,HTTP Request,200,OK,Config 3: Exp7 1-15,text,true,,231,158,98,98,http://localhost:8079/?token=518504778&user=-1355064518&config=3,989,0,0
1777921676305,978,HTTP Request,200,OK,Config 3: Exp7 1-92,text,true,,231,158,98,98,http://localhost:8079/?token=518504778&user=-1355064518&config=3,978,0,1
1777921676341,960,HTTP Request,200,OK,Config 3: Exp7 1-73,text,true,,231,158,98,98,http://localhost:8079/?token=518504778&user=-1355064518&config=3,960,0,0
1777921676448,994,HTTP Request,200,OK,Config 3: Exp7 1-16,text,true,,231,158,99,99,http://localhost:8079/?token=518504778&user=-1355064518&config=3,994,0,0
1777921676412,1030,HTTP Request,200,OK,Config 3: Exp7 1-35,text,true,,231,158,99,99,http://localhost:8079/?token=518504778&user=-1355064518&config=3,1030,0,0
1777921676376,1066,HTTP Request,200,OK,Config 3: Exp7 1-54,text,true,,231,158,99,99,http://localhost:8079/?token=518504778&user=-1355064518&config=3,1066,0,0
1777921676461,1130,HTTP Request,200,OK,Config 3: Exp7 1-93,text,true,,231,158,100,100,http://localhost:8079/?token=518504778&user=-1355064518&config=3,1130,0,1
1777921676532,1061,HTTP Request,200,OK,Config 3: Exp7 1-55,text,true,,231,158,100,100,http://localhost:8079/?token=518504778&user=-1355064518&config=3,1061,0,0
1777921676497,1096,HTTP Request,200,OK,Config 3: Exp7 1-74,text,true,,231,158,100,100,http://localhost:8079/?token=518504778&user=-1355064518&config=3,1096,0,0
1777921676606,987,HTTP Request,200,OK,Config 3: Exp7 1-17,text,true,,231,158,100,100,http://localhost:8079/?token=518504778&user=-1355064518&config=3,987,0,0
1777921676617,976,HTTP Request,200,OK,Config 3: Exp7 1-94,text,true,,231,158,100,100,http://localhost:8079/?token=518504778&user=-1355064518&config=3,976,0,1
1777921676653,940,HTTP Request,200,OK,Config 3: Exp7 1-75,text,true,,231,158,100,100,http://localhost:8079/?token=518504778&user=-1355064518&config=3,940,0,0
1777921676568,1025,HTTP Request,200,OK,Config 3: Exp7 1-36,text,true,,231,158,100,100,http://localhost:8079/?token=518504778&user=-1355064518&config=3,1025,0,0
1777921676761,1119,HTTP Request,200,OK,Config 3: Exp7 1-18,text,true,,231,158,102,102,http://localhost:8079/?token=518504778&user=-1355064518&config=3,1119,0,0
1777921676724,1156,HTTP Request,200,OK,Config 3: Exp7 1-37,text,true,,231,158,102,102,http://localhost:8079/?token=518504778&user=-1355064518&config=3,1156,0,0
1777921676688,1192,HTTP Request,200,OK,Config 3: Exp7 1-56,text,true,,231,158,102,102,http://localhost:8079/?token=518504778&user=-1355064518&config=3,1192,0,0
1777921676809,1071,HTTP Request,200,OK,Config 3: Exp7 1-76,text,true,,231,158,102,102,http://localhost:8079/?token=518504778&user=-1355064518&config=3,1071,0,0
1777921676773,1107,HTTP Request,200,OK,Config 3: Exp7 1-95,text,true,,231,158,102,102,http://localhost:8079/?token=518504778&user=-1355064518&config=3,1107,0,1
1777921676846,1035,HTTP Request,200,OK,Config 3: Exp7 1-57,text,true,,231,158,102,102,http://localhost:8079/?token=518504778&user=-1355064518&config=3,1035,0,0
1777921676919,962,HTTP Request,200,OK,Config 3: Exp7 1-19,text,true,,231,158,102,102,http://localhost:8079/?token=518504778&user=-1355064518&config=3,962,0,0
1777921676880,1001,HTTP Request,200,OK,Config 3: Exp7 1-38,text,true,,231,158,102,102,http://localhost:8079/?token=518504778&user=-1355064518&config=3,1001,0,0
1777921676965,1194,HTTP Request,200,OK,Config 3: Exp7 1-77,text,true,,231,158,103,103,http://localhost:8079/?token=518504778&user=-1355064518&config=3,1194,0,0
1777921677001,1158,HTTP Request,200,OK,Config 3: Exp7 1-58,text,true,,231,158,103,103,http://localhost:8079/?token=518504778&user=-1355064518&config=3,1158,0,0
1777921676929,1230,HTTP Request,200,OK,Config 3: Exp7 1-96,text,true,,231,158,103,103,http://localhost:8079/?token=518504778&user=-1355064518&config=3,1230,0,0
1777921677037,1124,HTTP Request,200,OK,Config 3: Exp7 1-39,text,true,,231,158,103,103,http://localhost:8079/?token=518504778&user=-1355064518&config=3,1124,0,0
1777921677109,1053,HTTP Request,200,OK,Config 3: Exp7 1-1,text,true,,231,158,103,103,http://localhost:8079/?token=518504778&user=-1355064518&config=3,1053,0,0
1777921677073,1089,HTTP Request,200,OK,Config 3: Exp7 1-20,text,true,,231,158,103,103,http://localhost:8079/?token=518504778&user=-1355064518&config=3,1089,0,0
1777921677121,1041,HTTP Request,200,OK,Config 3: Exp7 1-78,text,true,,231,158,103,103,http://localhost:8079/?token=518504778&user=-1355064518&config=3,1041,0,0
1777921677158,1405,HTTP Request,200,OK,Config 3: Exp7 1-59,text,true,,231,158,106,106,http://localhost:8079/?token=518504778&user=-1355064518&config=3,1405,0,0
1777921677085,1478,HTTP Request,200,OK,Config 3: Exp7 1-97,text,true,,231,158,106,106,http://localhost:8079/?token=518504778&user=-1355064518&config=3,1478,0,1
1777921677229,1334,HTTP Request,200,OK,Config 3: Exp7 1-21,text,true,,231,158,106,106,http://localhost:8079/?token=518504778&user=-1355064518&config=3,1334,0,0
1777921677193,1370,HTTP Request,200,OK,Config 3: Exp7 1-40,text,true,,231,158,106,106,http://localhost:8079/?token=518504778&user=-1355064518&config=3,1370,0,0
1777921677278,1286,HTTP Request,200,OK,Config 3: Exp7 1-79,text,true,,231,158,106,106,http://localhost:8079/?token=518504778&user=-1355064518&config=3,1286,0,0
1777921677267,1297,HTTP Request,200,OK,Config 3: Exp7 1-2,text,true,,231,158,106,106,http://localhost:8079/?token=518504778&user=-1355064518&config=3,1297,0,0
1777921677242,1322,HTTP Request,200,OK,Config 3: Exp7 1-98,text,true,,231,158,106,106,http://localhost:8079/?token=518504778&user=-1355064518&config=3,1322,0,1
1777921677350,1215,HTTP Request,200,OK,Config 3: Exp7 1-41,text,true,,231,158,106,106,http://localhost:8079/?token=518504778&user=-1355064518&config=3,1215,0,0
1777921677314,1251,HTTP Request,200,OK,Config 3: Exp7 1-60,text,true,,231,158,106,106,http://localhost:8079/?token=518504778&user=-1355064518&config=3,1251,0,0
1777921677385,1180,HTTP Request,200,OK,Config 3: Exp7 1-22,text,true,,231,158,106,106,http://localhost:8079/?token=518504778&user=-1355064518&config=3,1180,0,0
1777921677421,1666,HTTP Request,200,OK,Config 3: Exp7 1-3,text,true,,231,158,109,109,http://localhost:8079/?token=518504778&user=-1355064518&config=3,1666,0,0
1777921677432,1656,HTTP Request,200,OK,Config 3: Exp7 1-80,text,true,,231,158,109,109,http://localhost:8079/?token=518504778&user=-1355064518&config=3,1656,0,0
1777921677470,1618,HTTP Request,200,OK,Config 3: Exp7 1-61,text,true,,231,158,109,109,http://localhost:8079/?token=518504778&user=-1355064518&config=3,1618,0,0
1777921677397,1691,HTTP Request,200,OK,Config 3: Exp7 1-99,text,true,,231,158,109,109,http://localhost:8079/?token=518504778&user=-1355064518&config=3,1691,0,1
1777921677505,1583,HTTP Request,200,OK,Config 3: Exp7 1-42,text,true,,231,158,109,109,http://localhost:8079/?token=518504778&user=-1355064518&config=3,1583,0,0
1777921677542,1546,HTTP Request,200,OK,Config 3: Exp7 1-23,text,true,,231,158,109,109,http://localhost:8079/?token=518504778&user=-1355064518&config=3,1546,0,0
1777921677578,1511,HTTP Request,200,OK,Config 3: Exp7 1-4,text,true,,231,158,109,109,http://localhost:8079/?token=518504778&user=-1355064518&config=3,1511,0,0
1777921677590,1499,HTTP Request,200,OK,Config 3: Exp7 1-81,text,true,,231,158,109,109,http://localhost:8079/?token=518504778&user=-1355064518&config=3,1499,0,0
1777921677554,1537,HTTP Request,200,OK,Config 3: Exp7 1-100,text,true,,231,158,109,109,http://localhost:8079/?token=518504778&user=-1355064518&config=3,1537,0,0
1777921677662,1429,HTTP Request,200,OK,Config 3: Exp7 1-43,text,true,,231,158,109,109,http://localhost:8079/?token=518504778&user=-1355064518&config=3,1429,0,0
1777921677626,1465,HTTP Request,200,OK,Config 3: Exp7 1-62,text,true,,231,158,109,109,http://localhost:8079/?token=518504778&user=-1355064518&config=3,1465,0,0
1777921677733,1359,HTTP Request,200,OK,Config 3: Exp7 1-5,text,true,,231,158,109,109,http://localhost:8079/?token=518504778&user=-1355064518&config=3,1359,0,0
1777921677782,1310,HTTP Request,200,OK,Config 3: Exp7 1-63,text,true,,231,158,109,109,http://localhost:8079/?token=518504778&user=-1355064518&config=3,1310,0,0
1777921677746,1346,HTTP Request,200,OK,Config 3: Exp7 1-82,text,true,,231,158,109,109,http://localhost:8079/?token=518504778&user=-1355064518&config=3,1346,0,0
1777921677697,1395,HTTP Request,200,OK,Config 3: Exp7 1-24,text,true,,231,158,109,109,http://localhost:8079/?token=518504778&user=-1355064518&config=3,1395,0,0
1777921677710,1382,HTTP Request,200,OK,Config 3: Exp7 1-101,text,true,,231,158,109,109,http://localhost:8079/?token=518504778&user=-1355064518&config=3,1382,0,1
1777921677816,2109,HTTP Request,200,OK,Config 3: Exp7 1-44,text,true,,231,158,115,115,http://localhost:8079/?token=518504778&user=-1355064518&config=3,2109,0,0
1777921677853,2072,HTTP Request,200,OK,Config 3: Exp7 1-25,text,true,,231,158,115,115,http://localhost:8079/?token=518504778&user=-1355064518&config=3,2072,0,0
1777921677902,2024,HTTP Request,200,OK,Config 3: Exp7 1-83,text,true,,231,158,115,115,http://localhost:8079/?token=518504778&user=-1355064518&config=3,2024,0,0
1777921677937,1989,HTTP Request,200,OK,Config 3: Exp7 1-64,text,true,,231,158,115,115,http://localhost:8079/?token=518504778&user=-1355064518&config=3,1989,0,0
1777921677889,2037,HTTP Request,200,OK,Config 3: Exp7 1-6,text,true,,231,158,115,115,http://localhost:8079/?token=518504778&user=-1355064518&config=3,2037,0,0
1777921677866,2060,HTTP Request,200,OK,Config 3: Exp7 1-102,text,true,,231,158,115,115,http://localhost:8079/?token=518504778&user=-1355064518&config=3,2060,0,1
1777921678056,1870,HTTP Request,200,OK,Config 3: Exp7 1-84,text,true,,231,158,115,115,http://localhost:8079/?token=518504778&user=-1355064518&config=3,1870,0,0
1777921678045,1881,HTTP Request,200,OK,Config 3: Exp7 1-7,text,true,,231,158,115,115,http://localhost:8079/?token=518504778&user=-1355064518&config=3,1881,0,0
1777921677975,1951,HTTP Request,200,OK,Config 3: Exp7 1-45,text,true,,231,158,115,115,http://localhost:8079/?token=518504778&user=-1355064518&config=3,1951,0,0
1777921678009,1917,HTTP Request,200,OK,Config 3: Exp7 1-26,text,true,,231,158,115,115,http://localhost:8079/?token=518504778&user=-1355064518&config=3,1917,0,0
1777921678022,1905,HTTP Request,200,OK,Config 3: Exp7 1-103,text,true,,231,158,115,115,http://localhost:8079/?token=518504778&user=-1355064518&config=3,1905,0,0
1777921678093,1835,HTTP Request,200,OK,Config 3: Exp7 1-65,text,true,,231,158,115,115,http://localhost:8079/?token=518504778&user=-1355064518&config=3,1835,0,0
1777921678167,1761,HTTP Request,200,OK,Config 3: Exp7 1-27,text,true,,231,158,115,115,http://localhost:8079/?token=518504778&user=-1355064518&config=3,1761,0,0
1777921678130,1798,HTTP Request,200,OK,Config 3: Exp7 1-46,text,true,,231,158,115,115,http://localhost:8079/?token=518504778&user=-1355064518&config=3,1798,0,0
1777921678213,1715,HTTP Request,200,OK,Config 3: Exp7 1-85,text,true,,231,158,115,115,http://localhost:8079/?token=518504778&user=-1355064518&config=3,1715,0,0
1777921678285,1645,HTTP Request,200,OK,Config 3: Exp7 1-47,text,true,,231,158,115,115,http://localhost:8079/?token=518504778&user=-1355064518&config=3,1645,0,0
1777921678323,1607,HTTP Request,200,OK,Config 3: Exp7 1-28,text,true,,231,158,115,115,http://localhost:8079/?token=518504778&user=-1355064518&config=3,1607,0,0
1777921678201,1729,HTTP Request,200,OK,Config 3: Exp7 1-8,text,true,,231,158,115,115,http://localhost:8079/?token=518504778&user=-1355064518&config=3,1729,0,0
1777921678248,1682,HTTP Request,200,OK,Config 3: Exp7 1-66,text,true,,231,158,115,115,http://localhost:8079/?token=518504778&user=-1355064518&config=3,1682,0,0
1777921678333,1597,HTTP Request,200,OK,Config 3: Exp7 1-105,text,true,,231,158,115,115,http://localhost:8079/?token=518504778&user=-1355064518&config=3,1597,0,1
1777921678369,1561,HTTP Request,200,OK,Config 3: Exp7 1-86,text,true,,231,158,115,115,http://localhost:8079/?token=518504778&user=-1355064518&config=3,1561,0,0
1777921678359,1571,HTTP Request,200,OK,Config 3: Exp7 1-9,text,true,,231,158,115,115,http://localhost:8079/?token=518504778&user=-1355064518&config=3,1571,0,0
1777921678179,1751,HTTP Request,200,OK,Config 3: Exp7 1-104,text,true,,231,158,115,115,http://localhost:8079/?token=518504778&user=-1355064518&config=3,1751,0,0
1777921678442,2579,HTTP Request,200,OK,Config 3: Exp7 1-48,text,true,,231,158,122,122,http://localhost:8079/?token=518504778&user=-1355064518&config=3,2579,0,0
1777921678405,2616,HTTP Request,200,OK,Config 3: Exp7 1-67,text,true,,231,158,122,122,http://localhost:8079/?token=518504778&user=-1355064518&config=3,2616,0,0
1777921678478,2544,HTTP Request,200,OK,Config 3: Exp7 1-29,text,true,,231,158,122,122,http://localhost:8079/?token=518504778&user=-1355064518&config=3,2544,0,0
1777921678512,2510,HTTP Request,200,OK,Config 3: Exp7 1-10,text,true,,231,158,122,122,http://localhost:8079/?token=518504778&user=-1355064518&config=3,2510,0,0
1777921678489,2533,HTTP Request,200,OK,Config 3: Exp7 1-106,text,true,,231,158,122,122,http://localhost:8079/?token=518504778&user=-1355064518&config=3,2533,0,1
1777921678633,2390,HTTP Request,200,OK,Config 3: Exp7 1-30,text,true,,231,158,122,122,http://localhost:8079/?token=518504778&user=-1355064518&config=3,2390,0,0
1777921678597,2426,HTTP Request,200,OK,Config 3: Exp7 1-49,text,true,,231,158,122,122,http://localhost:8079/?token=518504778&user=-1355064518&config=3,2426,0,0
1777921678560,2463,HTTP Request,200,OK,Config 3: Exp7 1-68,text,true,,231,158,122,122,http://localhost:8079/?token=518504778&user=-1355064518&config=3,2463,0,0
1777921678524,2499,HTTP Request,200,OK,Config 3: Exp7 1-87,text,true,,231,158,122,122,http://localhost:8079/?token=518504778&user=-1355064518&config=3,2499,0,0
1777921678669,2354,HTTP Request,200,OK,Config 3: Exp7 1-11,text,true,,231,158,122,122,http://localhost:8079/?token=518504778&user=-1355064518&config=3,2354,0,0
1777921678717,2306,HTTP Request,200,OK,Config 3: Exp7 1-69,text,true,,231,158,122,122,http://localhost:8079/?token=518504778&user=-1355064518&config=3,2306,0,0
1777921678646,2377,HTTP Request,200,OK,Config 3: Exp7 1-107,text,true,,231,158,122,122,http://localhost:8079/?token=518504778&user=-1355064518&config=3,2377,0,0
1777921678681,2342,HTTP Request,200,OK,Config 3: Exp7 1-88,text,true,,231,158,122,122,http://localhost:8079/?token=518504778&user=-1355064518&config=3,2342,0,0
1777921678753,2271,HTTP Request,200,OK,Config 3: Exp7 1-50,text,true,,231,158,122,122,http://localhost:8079/?token=518504778&user=-1355064518&config=3,2271,0,0
1777921678789,2236,HTTP Request,200,OK,Config 3: Exp7 1-31,text,true,,231,158,122,122,http://localhost:8079/?token=518504778&user=-1355064518&config=3,2236,0,0
1777921678825,2200,HTTP Request,200,OK,Config 3: Exp7 1-12,text,true,,231,158,122,122,http://localhost:8079/?token=518504778&user=-1355064518&config=3,2200,0,0
1777921678802,2223,HTTP Request,200,OK,Config 3: Exp7 1-108,text,true,,231,158,122,122,http://localhost:8079/?token=518504778&user=-1355064518&config=3,2223,0,1
1777921678838,2187,HTTP Request,200,OK,Config 3: Exp7 1-89,text,true,,231,158,122,122,http://localhost:8079/?token=518504778&user=-1355064518&config=3,2187,0,0
1777921678873,2152,HTTP Request,200,OK,Config 3: Exp7 1-70,text,true,,231,158,122,122,http://localhost:8079/?token=518504778&user=-1355064518&config=3,2152,0,0
1777921678946,2081,HTTP Request,200,OK,Config 3: Exp7 1-32,text,true,,231,158,122,122,http://localhost:8079/?token=518504778&user=-1355064518&config=3,2081,0,0
1777921678909,2118,HTTP Request,200,OK,Config 3: Exp7 1-51,text,true,,231,158,122,122,http://localhost:8079/?token=518504778&user=-1355064518&config=3,2118,0,0
1777921678982,2046,HTTP Request,200,OK,Config 3: Exp7 1-13,text,true,,231,158,122,122,http://localhost:8079/?token=518504778&user=-1355064518&config=3,2046,0,0
1777921679102,1926,HTTP Request,200,OK,Config 3: Exp7 1-33,text,true,,231,158,122,122,http://localhost:8079/?token=518504778&user=-1355064518&config=3,1926,0,0
1777921679029,1999,HTTP Request,200,OK,Config 3: Exp7 1-71,text,true,,231,158,122,122,http://localhost:8079/?token=518504778&user=-1355064518&config=3,1999,0,0
1777921679065,1963,HTTP Request,200,OK,Config 3: Exp7 1-52,text,true,,231,158,122,122,http://localhost:8079/?token=518504778&user=-1355064518&config=3,1963,0,0
1777921678993,2035,HTTP Request,200,OK,Config 3: Exp7 1-90,text,true,,231,158,122,122,http://localhost:8079/?token=518504778&user=-1355064518&config=3,2035,0,0
1777921678958,2070,HTTP Request,200,OK,Config 3: Exp7 1-109,text,true,,231,158,122,122,http://localhost:8079/?token=518504778&user=-1355064518&config=3,2070,0,0
1777921679138,3744,HTTP Request,200,OK,Config 3: Exp7 1-14,text,true,,231,158,134,134,http://localhost:8079/?token=518504778&user=-1355064518&config=3,3744,0,0
1777921679150,3732,HTTP Request,200,OK,Config 3: Exp7 1-91,text,true,,231,158,134,134,http://localhost:8079/?token=518504778&user=-1355064518&config=3,3732,0,0
1777921679114,3769,HTTP Request,200,OK,Config 3: Exp7 1-110,text,true,,231,158,134,134,http://localhost:8079/?token=518504778&user=-1355064518&config=3,3769,0,1
1777921679294,3598,HTTP Request,200,OK,Config 3: Exp7 1-15,text,true,,231,158,134,134,http://localhost:8079/?token=518504778&user=-1355064518&config=3,3598,0,0
1777921679257,3635,HTTP Request,200,OK,Config 3: Exp7 1-34,text,true,,231,158,134,134,http://localhost:8079/?token=518504778&user=-1355064518&config=3,3635,0,0
1777921679377,3515,HTTP Request,200,OK,Config 3: Exp7 1-54,text,true,,231,158,134,134,http://localhost:8079/?token=518504778&user=-1355064518&config=3,3515,0,0
1777921679221,3671,HTTP Request,200,OK,Config 3: Exp7 1-53,text,true,,231,158,134,134,http://localhost:8079/?token=518504778&user=-1355064518&config=3,3671,0,0
1777921679186,3706,HTTP Request,200,OK,Config 3: Exp7 1-72,text,true,,231,158,134,134,http://localhost:8079/?token=518504778&user=-1355064518&config=3,3706,0,0
1777921679412,3480,HTTP Request,200,OK,Config 3: Exp7 1-35,text,true,,231,158,134,134,http://localhost:8079/?token=518504778&user=-1355064518&config=3,3480,0,0
1777921679305,3587,HTTP Request,200,OK,Config 3: Exp7 1-92,text,true,,231,158,134,134,http://localhost:8079/?token=518504778&user=-1355064518&config=3,3587,0,0
1777921679342,3550,HTTP Request,200,OK,Config 3: Exp7 1-73,text,true,,231,158,134,134,http://localhost:8079/?token=518504778&user=-1355064518&config=3,3550,0,0
1777921679270,3622,HTTP Request,200,OK,Config 3: Exp7 1-111,text,true,,231,158,134,134,http://localhost:8079/?token=518504778&user=-1355064518&config=3,3622,0,0
1777921679426,3555,HTTP Request,200,OK,Config 3: Exp7 1-112,text,true,,231,158,134,134,http://localhost:8079/?token=518504778&user=-1355064518&config=3,3555,0,0
1777921679448,3533,HTTP Request,200,OK,Config 3: Exp7 1-16,text,true,,231,158,134,134,http://localhost:8079/?token=518504778&user=-1355064518&config=3,3533,0,0
1777921679497,3484,HTTP Request,200,OK,Config 3: Exp7 1-74,text,true,,231,158,134,134,http://localhost:8079/?token=518504778&user=-1355064518&config=3,3484,0,0
1777921679462,3519,HTTP Request,200,OK,Config 3: Exp7 1-93,text,true,,231,158,134,134,http://localhost:8079/?token=518504778&user=-1355064518&config=3,3519,0,0
1777921679532,3449,HTTP Request,200,OK,Config 3: Exp7 1-55,text,true,,231,158,134,134,http://localhost:8079/?token=518504778&user=-1355064518&config=3,3449,0,0
1777921679569,3424,HTTP Request,200,OK,Config 3: Exp7 1-36,text,true,,231,158,134,134,http://localhost:8079/?token=518504778&user=-1355064518&config=3,3424,0,0
1777921679618,3375,HTTP Request,200,OK,Config 3: Exp7 1-94,text,true,,231,158,134,134,http://localhost:8079/?token=518504778&user=-1355064518&config=3,3375,0,0
1777921679582,3412,HTTP Request,200,OK,Config 3: Exp7 1-113,text,true,,231,158,134,134,http://localhost:8079/?token=518504778&user=-1355064518&config=3,3412,0,0
1777921679605,3389,HTTP Request,200,OK,Config 3: Exp7 1-17,text,true,,231,158,134,134,http://localhost:8079/?token=518504778&user=-1355064518&config=3,3389,0,0
1777921679654,3408,HTTP Request,200,OK,Config 3: Exp7 1-75,text,true,,231,158,135,135,http://localhost:8079/?token=518504778&user=-1355064518&config=3,3408,0,0
1777921679689,3373,HTTP Request,200,OK,Config 3: Exp7 1-56,text,true,,231,158,135,135,http://localhost:8079/?token=518504778&user=-1355064518&config=3,3373,0,0
1777921679725,3400,HTTP Request,200,OK,Config 3: Exp7 1-37,text,true,,231,158,135,135,http://localhost:8079/?token=518504778&user=-1355064518&config=3,3400,0,0
1777921679761,3384,HTTP Request,200,OK,Config 3: Exp7 1-18,text,true,,231,158,135,135,http://localhost:8079/?token=518504778&user=-1355064518&config=3,3384,0,0
1777921679737,3408,HTTP Request,200,OK,Config 3: Exp7 1-114,text,true,,231,158,135,135,http://localhost:8079/?token=518504778&user=-1355064518&config=3,3408,0,0
1777921679919,3227,HTTP Request,200,OK,Config 3: Exp7 1-19,text,true,,231,158,135,135,http://localhost:8079/?token=518504778&user=-1355064518&config=3,3227,0,0
1777921679893,3253,HTTP Request,200,OK,Config 3: Exp7 1-115,text,true,,231,158,135,135,http://localhost:8079/?token=518504778&user=-1355064518&config=3,3253,0,1
1777921679881,3266,HTTP Request,200,OK,Config 3: Exp7 1-38,text,true,,231,158,135,135,http://localhost:8079/?token=518504778&user=-1355064518&config=3,3266,0,0
1777921679845,3302,HTTP Request,200,OK,Config 3: Exp7 1-57,text,true,,231,158,135,135,http://localhost:8079/?token=518504778&user=-1355064518&config=3,3302,0,0
1777921679810,3337,HTTP Request,200,OK,Config 3: Exp7 1-76,text,true,,231,158,135,135,http://localhost:8079/?token=518504778&user=-1355064518&config=3,3337,0,0
1777921679928,3219,HTTP Request,200,OK,Config 3: Exp7 1-96,text,true,,231,158,135,135,http://localhost:8079/?token=518504778&user=-1355064518&config=3,3219,0,0
1777921679773,3374,HTTP Request,200,OK,Config 3: Exp7 1-95,text,true,,231,158,135,135,http://localhost:8079/?token=518504778&user=-1355064518&config=3,3374,0,0
1777921680073,3074,HTTP Request,200,OK,Config 3: Exp7 1-20,text,true,,231,158,135,135,http://localhost:8079/?token=518504778&user=-1355064518&config=3,3074,0,0
1777921680036,3111,HTTP Request,200,OK,Config 3: Exp7 1-39,text,true,,231,158,135,135,http://localhost:8079/?token=518504778&user=-1355064518&config=3,3111,0,0
1777921680001,3147,HTTP Request,200,OK,Config 3: Exp7 1-58,text,true,,231,158,135,135,http://localhost:8079/?token=518504778&user=-1355064518&config=3,3147,0,0
1777921679965,3183,HTTP Request,200,OK,Config 3: Exp7 1-77,text,true,,231,158,135,135,http://localhost:8079/?token=518504778&user=-1355064518&config=3,3183,0,0
1777921680085,3063,HTTP Request,200,OK,Config 3: Exp7 1-97,text,true,,231,158,135,135,http://localhost:8079/?token=518504778&user=-1355064518&config=3,3063,0,0
1777921680050,3230,HTTP Request,200,OK,Config 3: Exp7 1-116,text,true,,231,158,136,136,http://localhost:8079/?token=518504778&user=-1355064518&config=3,3230,0,0
1777921680109,3172,HTTP Request,200,OK,Config 3: Exp7 1-1,text,true,,231,158,136,136,http://localhost:8079/?token=518504778&user=-1355064518&config=3,3172,0,0
1777921680157,3124,HTTP Request,200,OK,Config 3: Exp7 1-59,text,true,,231,158,136,136,http://localhost:8079/?token=518504778&user=-1355064518&config=3,3124,0,0
1777921680120,3162,HTTP Request,200,OK,Config 3: Exp7 1-78,text,true,,231,158,136,136,http://localhost:8079/?token=518504778&user=-1355064518&config=3,3162,0,0
1777921680229,3053,HTTP Request,200,OK,Config 3: Exp7 1-21,text,true,,231,158,136,136,http://localhost:8079/?token=518504778&user=-1355064518&config=3,3053,0,0
1777921680193,3089,HTTP Request,200,OK,Config 3: Exp7 1-40,text,true,,231,158,136,136,http://localhost:8079/?token=518504778&user=-1355064518&config=3,3089,0,0
1777921680205,3125,HTTP Request,200,OK,Config 3: Exp7 1-117,text,true,,231,158,137,137,http://localhost:8079/?token=518504778&user=-1355064518&config=3,3125,0,1
1777921680242,3088,HTTP Request,200,OK,Config 3: Exp7 1-98,text,true,,231,158,137,137,http://localhost:8079/?token=518504778&user=-1355064518&config=3,3088,0,0
1777921680266,3064,HTTP Request,200,OK,Config 3: Exp7 1-2,text,true,,231,158,137,137,http://localhost:8079/?token=518504778&user=-1355064518&config=3,3064,0,0
1777921680277,3054,HTTP Request,200,OK,Config 3: Exp7 1-79,text,true,,231,158,137,137,http://localhost:8079/?token=518504778&user=-1355064518&config=3,3054,0,0
1777921680314,3274,HTTP Request,200,OK,Config 3: Exp7 1-60,text,true,,231,158,138,138,http://localhost:8079/?token=518504778&user=-1355064518&config=3,3274,0,0
1777921680350,3540,HTTP Request,200,OK,Config 3: Exp7 1-41,text,true,,231,158,140,140,http://localhost:8079/?token=518504778&user=-1355064518&config=3,3540,0,0
1777921680385,4113,HTTP Request,200,OK,Config 3: Exp7 1-22,text,true,,231,158,144,144,http://localhost:8079/?token=518504778&user=-1355064518&config=3,4113,0,0
1777921680397,4200,HTTP Request,200,OK,Config 3: Exp7 1-99,text,true,,231,158,145,145,http://localhost:8079/?token=518504778&user=-1355064518&config=3,4200,0,0
1777921680361,4237,HTTP Request,200,OK,Config 3: Exp7 1-118,text,true,,231,158,145,145,http://localhost:8079/?token=518504778&user=-1355064518&config=3,4237,0,1
1777921680422,4444,HTTP Request,200,OK,Config 3: Exp7 1-3,text,true,,231,158,146,146,http://localhost:8079/?token=518504778&user=-1355064518&config=3,4444,0,0
1777921680432,4461,HTTP Request,200,OK,Config 3: Exp7 1-80,text,true,,231,158,147,147,http://localhost:8079/?token=518504778&user=-1355064518&config=3,4461,0,0
1777921680470,4512,HTTP Request,200,OK,Config 3: Exp7 1-61,text,true,,231,158,147,147,http://localhost:8079/?token=518504778&user=-1355064518&config=3,4512,0,0
1777921680505,4477,HTTP Request,200,OK,Config 3: Exp7 1-42,text,true,,231,158,147,147,http://localhost:8079/?token=518504778&user=-1355064518&config=3,4477,0,0
1777921680542,4440,HTTP Request,200,OK,Config 3: Exp7 1-23,text,true,,231,158,147,147,http://localhost:8079/?token=518504778&user=-1355064518&config=3,4440,0,0
1777921680517,4465,HTTP Request,200,OK,Config 3: Exp7 1-119,text,true,,231,158,147,147,http://localhost:8079/?token=518504778&user=-1355064518&config=3,4465,0,1
1777921680553,4430,HTTP Request,200,OK,Config 3: Exp7 1-100,text,true,,231,158,147,147,http://localhost:8079/?token=518504778&user=-1355064518&config=3,4430,0,0
1777921680662,4322,HTTP Request,200,OK,Config 3: Exp7 1-43,text,true,,231,158,147,147,http://localhost:8079/?token=518504778&user=-1355064518&config=3,4322,0,0
1777921680577,4407,HTTP Request,200,OK,Config 3: Exp7 1-4,text,true,,231,158,147,147,http://localhost:8079/?token=518504778&user=-1355064518&config=3,4407,0,0
1777921680627,4357,HTTP Request,200,OK,Config 3: Exp7 1-62,text,true,,231,158,147,147,http://localhost:8079/?token=518504778&user=-1355064518&config=3,4357,0,0
1777921680590,4394,HTTP Request,200,OK,Config 3: Exp7 1-81,text,true,,231,158,147,147,http://localhost:8079/?token=518504778&user=-1355064518&config=3,4394,0,0
1777921680696,4289,HTTP Request,200,OK,Config 3: Exp7 1-24,text,true,,231,158,147,147,http://localhost:8079/?token=518504778&user=-1355064518&config=3,4289,0,0
1777921680709,4276,HTTP Request,200,OK,Config 3: Exp7 1-101,text,true,,231,158,147,147,http://localhost:8079/?token=518504778&user=-1355064518&config=3,4276,0,0
1777921680673,4312,HTTP Request,200,OK,Config 3: Exp7 1-120,text,true,,231,158,147,147,http://localhost:8079/?token=518504778&user=-1355064518&config=3,4312,0,1
1777921680734,5072,HTTP Request,200,OK,Config 3: Exp7 1-5,text,true,,231,158,152,152,http://localhost:8079/?token=518504778&user=-1355064518&config=3,5072,0,0
1777921680781,5026,HTTP Request,200,OK,Config 3: Exp7 1-63,text,true,,231,158,152,152,http://localhost:8079/?token=518504778&user=-1355064518&config=3,5026,0,0
1777921680745,5062,HTTP Request,200,OK,Config 3: Exp7 1-82,text,true,,231,158,152,152,http://localhost:8079/?token=518504778&user=-1355064518&config=3,5062,0,0
1777921680817,4990,HTTP Request,200,OK,Config 3: Exp7 1-44,text,true,,231,158,152,152,http://localhost:8079/?token=518504778&user=-1355064518&config=3,4990,0,0
1777921680853,4955,HTTP Request,200,OK,Config 3: Exp7 1-25,text,true,,231,158,152,152,http://localhost:8079/?token=518504778&user=-1355064518&config=3,4955,0,0
1777921680829,4979,HTTP Request,200,OK,Config 3: Exp7 1-121,text,true,,231,158,152,152,http://localhost:8079/?token=518504778&user=-1355064518&config=3,4979,0,1
1777921680889,4919,HTTP Request,200,OK,Config 3: Exp7 1-6,text,true,,231,158,152,152,http://localhost:8079/?token=518504778&user=-1355064518&config=3,4919,0,0
1777921680901,4907,HTTP Request,200,OK,Config 3: Exp7 1-83,text,true,,231,158,152,152,http://localhost:8079/?token=518504778&user=-1355064518&config=3,4907,0,0
1777921680866,4942,HTTP Request,200,OK,Config 3: Exp7 1-102,text,true,,231,158,152,152,http://localhost:8079/?token=518504778&user=-1355064518&config=3,4942,0,0
1777921680975,4834,HTTP Request,200,OK,Config 3: Exp7 1-45,text,true,,231,158,152,152,http://localhost:8079/?token=518504778&user=-1355064518&config=3,4834,0,0
1777921680937,4872,HTTP Request,200,OK,Config 3: Exp7 1-64,text,true,,231,158,152,152,http://localhost:8079/?token=518504778&user=-1355064518&config=3,4872,0,0
1777921681045,4764,HTTP Request,200,OK,Config 3: Exp7 1-7,text,true,,231,158,152,152,http://localhost:8079/?token=518504778&user=-1355064518&config=3,4764,0,0
1777921681022,4787,HTTP Request,200,OK,Config 3: Exp7 1-103,text,true,,231,158,152,152,http://localhost:8079/?token=518504778&user=-1355064518&config=3,4787,0,0
1777921681010,4799,HTTP Request,200,OK,Config 3: Exp7 1-26,text,true,,231,158,152,152,http://localhost:8079/?token=518504778&user=-1355064518&config=3,4799,0,0
1777921680986,4823,HTTP Request,200,OK,Config 3: Exp7 1-122,text,true,,231,158,152,152,http://localhost:8079/?token=518504778&user=-1355064518&config=3,4823,0,0
1777921681056,5026,HTTP Request,200,OK,Config 3: Exp7 1-84,text,true,,231,158,154,154,http://localhost:8079/?token=518504778&user=-1355064518&config=3,5026,0,0
1777921681093,4989,HTTP Request,200,OK,Config 3: Exp7 1-65,text,true,,231,158,154,154,http://localhost:8079/?token=518504778&user=-1355064518&config=3,4989,0,0
1777921681129,4953,HTTP Request,200,OK,Config 3: Exp7 1-46,text,true,,231,158,154,154,http://localhost:8079/?token=518504778&user=-1355064518&config=3,4953,0,0
1777921681166,4917,HTTP Request,200,OK,Config 3: Exp7 1-27,text,true,,231,158,154,154,http://localhost:8079/?token=518504778&user=-1355064518&config=3,4917,0,0
1777921681178,4906,HTTP Request,200,OK,Config 3: Exp7 1-104,text,true,,231,158,154,154,http://localhost:8079/?token=518504778&user=-1355064518&config=3,4906,0,0
1777921681141,4943,HTTP Request,200,OK,Config 3: Exp7 1-123,text,true,,231,158,154,154,http://localhost:8079/?token=518504778&user=-1355064518&config=3,4943,0,1
1777921681200,4947,HTTP Request,200,OK,Config 3: Exp7 1-8,text,true,,231,158,155,155,http://localhost:8079/?token=518504778&user=-1355064518&config=3,4947,0,0
1777921681213,4935,HTTP Request,200,OK,Config 3: Exp7 1-85,text,true,,231,158,155,155,http://localhost:8079/?token=518504778&user=-1355064518&config=3,4935,0,0
1777921681248,4900,HTTP Request,200,OK,Config 3: Exp7 1-66,text,true,,231,158,155,155,http://localhost:8079/?token=518504778&user=-1355064518&config=3,4900,0,0
1777921681286,4862,HTTP Request,200,OK,Config 3: Exp7 1-47,text,true,,231,158,155,155,http://localhost:8079/?token=518504778&user=-1355064518&config=3,4862,0,0
1777921681297,4851,HTTP Request,200,OK,Config 3: Exp7 1-124,text,true,,231,158,155,155,http://localhost:8079/?token=518504778&user=-1355064518&config=3,4851,0,1
1777921681358,4790,HTTP Request,200,OK,Config 3: Exp7 1-9,text,true,,231,158,155,155,http://localhost:8079/?token=518504778&user=-1355064518&config=3,4790,0,0
1777921681322,4826,HTTP Request,200,OK,Config 3: Exp7 1-28,text,true,,231,158,155,155,http://localhost:8079/?token=518504778&user=-1355064518&config=3,4826,0,0
1777921681368,4780,HTTP Request,200,OK,Config 3: Exp7 1-86,text,true,,231,158,155,155,http://localhost:8079/?token=518504778&user=-1355064518&config=3,4780,0,0
1777921681333,4815,HTTP Request,200,OK,Config 3: Exp7 1-105,text,true,,231,158,155,155,http://localhost:8079/?token=518504778&user=-1355064518&config=3,4815,0,0
1777921681442,4707,HTTP Request,200,OK,Config 3: Exp7 1-48,text,true,,231,158,155,155,http://localhost:8079/?token=518504778&user=-1355064518&config=3,4707,0,0
1777921681477,4672,HTTP Request,200,OK,Config 3: Exp7 1-29,text,true,,231,158,155,155,http://localhost:8079/?token=518504778&user=-1355064518&config=3,4672,0,0
1777921681405,4744,HTTP Request,200,OK,Config 3: Exp7 1-67,text,true,,231,158,155,155,http://localhost:8079/?token=518504778&user=-1355064518&config=3,4744,0,0
1777921681489,5551,HTTP Request,200,OK,Config 3: Exp7 1-106,text,true,,231,158,160,160,http://localhost:8079/?token=518504778&user=-1355064518&config=3,5551,0,0
1777921681512,5601,HTTP Request,200,OK,Config 3: Exp7 1-10,text,true,,231,158,161,161,http://localhost:8079/?token=518504778&user=-1355064518&config=3,5601,0,0
1777921681453,5660,HTTP Request,200,OK,Config 3: Exp7 1-125,text,true,,231,158,161,161,http://localhost:8079/?token=518504778&user=-1355064518&config=3,5660,0,1
1777921681597,5715,HTTP Request,200,OK,Config 3: Exp7 1-49,text,true,,231,158,162,162,http://localhost:8079/?token=518504778&user=-1355064518&config=3,5715,0,0
1777921681561,5751,HTTP Request,200,OK,Config 3: Exp7 1-68,text,true,,231,158,162,162,http://localhost:8079/?token=518504778&user=-1355064518&config=3,5751,0,0
1777921681525,5787,HTTP Request,200,OK,Config 3: Exp7 1-87,text,true,,231,158,162,162,http://localhost:8079/?token=518504778&user=-1355064518&config=3,5787,0,0
1777921681646,5666,HTTP Request,200,OK,Config 3: Exp7 1-107,text,true,,231,158,162,162,http://localhost:8079/?token=518504778&user=-1355064518&config=3,5666,0,0
1777921681634,5678,HTTP Request,200,OK,Config 3: Exp7 1-30,text,true,,231,158,162,162,http://localhost:8079/?token=518504778&user=-1355064518&config=3,5678,0,0
1777921681670,5642,HTTP Request,200,OK,Config 3: Exp7 1-11,text,true,,231,158,162,162,http://localhost:8079/?token=518504778&user=-1355064518&config=3,5642,0,0
1777921681610,5703,HTTP Request,200,OK,Config 3: Exp7 1-126,text,true,,231,158,162,162,http://localhost:8079/?token=518504778&user=-1355064518&config=3,5703,0,1
1777921681753,5560,HTTP Request,200,OK,Config 3: Exp7 1-50,text,true,,231,158,162,162,http://localhost:8079/?token=518504778&user=-1355064518&config=3,5560,0,0
1777921681717,5596,HTTP Request,200,OK,Config 3: Exp7 1-69,text,true,,231,158,162,162,http://localhost:8079/?token=518504778&user=-1355064518&config=3,5596,0,0
1777921681681,5632,HTTP Request,200,OK,Config 3: Exp7 1-88,text,true,,231,158,162,162,http://localhost:8079/?token=518504778&user=-1355064518&config=3,5632,0,0
1777921681790,5524,HTTP Request,200,OK,Config 3: Exp7 1-31,text,true,,231,158,162,162,http://localhost:8079/?token=518504778&user=-1355064518&config=3,5524,0,0
1777921681766,5548,HTTP Request,200,OK,Config 3: Exp7 1-127,text,true,,231,158,162,162,http://localhost:8079/?token=518504778&user=-1355064518&config=3,5548,0,0
1777921681802,5512,HTTP Request,200,OK,Config 3: Exp7 1-108,text,true,,231,158,162,162,http://localhost:8079/?token=518504778&user=-1355064518&config=3,5512,0,0
1777921681825,5770,HTTP Request,200,OK,Config 3: Exp7 1-12,text,true,,231,158,164,164,http://localhost:8079/?token=518504778&user=-1355064518&config=3,5770,0,0
1777921681873,5722,HTTP Request,200,OK,Config 3: Exp7 1-70,text,true,,231,158,164,164,http://localhost:8079/?token=518504778&user=-1355064518&config=3,5722,0,0
1777921681945,5650,HTTP Request,200,OK,Config 3: Exp7 1-32,text,true,,231,158,164,164,http://localhost:8079/?token=518504778&user=-1355064518&config=3,5650,0,0
1777921681909,5686,HTTP Request,200,OK,Config 3: Exp7 1-51,text,true,,231,158,164,164,http://localhost:8079/?token=518504778&user=-1355064518&config=3,5686,0,0
1777921681838,5757,HTTP Request,200,OK,Config 3: Exp7 1-89,text,true,,231,158,164,164,http://localhost:8079/?token=518504778&user=-1355064518&config=3,5757,0,0
1777921681958,5638,HTTP Request,200,OK,Config 3: Exp7 1-109,text,true,,231,158,164,164,http://localhost:8079/?token=518504778&user=-1355064518&config=3,5638,0,0
1777921682030,5566,HTTP Request,200,OK,Config 3: Exp7 1-71,text,true,,231,158,164,164,http://localhost:8079/?token=518504778&user=-1355064518&config=3,5566,0,0
1777921681994,5602,HTTP Request,200,OK,Config 3: Exp7 1-90,text,true,,231,158,164,164,http://localhost:8079/?token=518504778&user=-1355064518&config=3,5602,0,0
1777921681982,5614,HTTP Request,200,OK,Config 3: Exp7 1-13,text,true,,231,158,164,164,http://localhost:8079/?token=518504778&user=-1355064518&config=3,5614,0,0
1777921681923,5673,HTTP Request,200,OK,Config 3: Exp7 1-128,text,true,,231,158,164,164,http://localhost:8079/?token=518504778&user=-1355064518&config=3,5673,0,1
1777921682102,5499,HTTP Request,200,OK,Config 3: Exp7 1-33,text,true,,231,158,164,164,http://localhost:8079/?token=518504778&user=-1355064518&config=3,5499,0,0
1777921682065,5536,HTTP Request,200,OK,Config 3: Exp7 1-52,text,true,,231,158,164,164,http://localhost:8079/?token=518504778&user=-1355064518&config=3,5536,0,0
1777921682078,5523,HTTP Request,200,OK,Config 3: Exp7 1-129,text,true,,231,158,164,164,http://localhost:8079/?token=518504778&user=-1355064518&config=3,5523,0,0
1777921682234,5523,HTTP Request,200,OK,Config 3: Exp7 1-130,text,true,,231,158,165,165,http://localhost:8079/?token=518504778&user=-1355064518&config=3,5523,0,1
1777921682389,5368,HTTP Request,200,OK,Config 3: Exp7 1-131,text,true,,231,158,165,165,http://localhost:8079/?token=518504778&user=-1355064518&config=3,5368,0,1
1777921682546,5211,HTTP Request,200,OK,Config 3: Exp7 1-132,text,true,,231,158,165,165,http://localhost:8079/?token=518504778&user=-1355064518&config=3,5211,0,1
1777921682701,5056,HTTP Request,200,OK,Config 3: Exp7 1-133,text,true,,231,158,165,165,http://localhost:8079/?token=518504778&user=-1355064518&config=3,5056,0,1
1777921682882,4876,HTTP Request,200,OK,Config 3: Exp7 1-91,text,true,,231,158,165,165,http://localhost:8079/?token=518504778&user=-1355064518&config=3,4876,0,0
1777921682882,4876,HTTP Request,200,OK,Config 3: Exp7 1-14,text,true,,231,158,165,165,http://localhost:8079/?token=518504778&user=-1355064518&config=3,4876,0,0
1777921682883,4875,HTTP Request,200,OK,Config 3: Exp7 1-110,text,true,,231,158,165,165,http://localhost:8079/?token=518504778&user=-1355064518&config=3,4875,0,0
1777921682892,4866,HTTP Request,200,OK,Config 3: Exp7 1-35,text,true,,231,158,165,165,http://localhost:8079/?token=518504778&user=-1355064518&config=3,4866,0,0
1777921682858,4900,HTTP Request,200,OK,Config 3: Exp7 1-134,text,true,,231,158,165,165,http://localhost:8079/?token=518504778&user=-1355064518&config=3,4900,0,1
1777921682892,4866,HTTP Request,200,OK,Config 3: Exp7 1-111,text,true,,231,158,165,165,http://localhost:8079/?token=518504778&user=-1355064518&config=3,4866,0,0
1777921682892,4866,HTTP Request,200,OK,Config 3: Exp7 1-54,text,true,,231,158,165,165,http://localhost:8079/?token=518504778&user=-1355064518&config=3,4866,0,0
1777921682892,4866,HTTP Request,200,OK,Config 3: Exp7 1-53,text,true,,231,158,165,165,http://localhost:8079/?token=518504778&user=-1355064518&config=3,4866,0,0
1777921682981,4849,HTTP Request,200,OK,Config 3: Exp7 1-16,text,true,,231,158,165,165,http://localhost:8079/?token=518504778&user=-1355064518&config=3,4849,0,0
1777921682981,4849,HTTP Request,200,OK,Config 3: Exp7 1-112,text,true,,231,158,165,165,http://localhost:8079/?token=518504778&user=-1355064518&config=3,4849,0,0
1777921682981,4849,HTTP Request,200,OK,Config 3: Exp7 1-55,text,true,,231,158,165,165,http://localhost:8079/?token=518504778&user=-1355064518&config=3,4849,0,0
1777921682981,4849,HTTP Request,200,OK,Config 3: Exp7 1-93,text,true,,231,158,165,165,http://localhost:8079/?token=518504778&user=-1355064518&config=3,4849,0,0
1777921682981,5029,HTTP Request,200,OK,Config 3: Exp7 1-74,text,true,,231,158,167,167,http://localhost:8079/?token=518504778&user=-1355064518&config=3,5029,0,0
1777921682993,5017,HTTP Request,200,OK,Config 3: Exp7 1-94,text,true,,231,158,167,167,http://localhost:8079/?token=518504778&user=-1355064518&config=3,5017,0,0
1777921682994,5016,HTTP Request,200,OK,Config 3: Exp7 1-113,text,true,,231,158,167,167,http://localhost:8079/?token=518504778&user=-1355064518&config=3,5016,0,0
1777921682993,5018,HTTP Request,200,OK,Config 3: Exp7 1-36,text,true,,231,158,167,167,http://localhost:8079/?token=518504778&user=-1355064518&config=3,5018,0,0
1777921682995,5017,HTTP Request,200,OK,Config 3: Exp7 1-17,text,true,,231,158,167,167,http://localhost:8079/?token=518504778&user=-1355064518&config=3,5017,0,0
1777921683013,5651,HTTP Request,200,OK,Config 3: Exp7 1-135,text,true,,231,158,171,171,http://localhost:8079/?token=518504778&user=-1355064518&config=3,5651,0,1
1777921683062,5603,HTTP Request,200,OK,Config 3: Exp7 1-56,text,true,,231,158,171,171,http://localhost:8079/?token=518504778&user=-1355064518&config=3,5603,0,0
1777921683062,5603,HTTP Request,200,OK,Config 3: Exp7 1-75,text,true,,231,158,171,171,http://localhost:8079/?token=518504778&user=-1355064518&config=3,5603,0,0
1777921683125,5568,HTTP Request,200,OK,Config 3: Exp7 1-37,text,true,,231,158,171,171,http://localhost:8079/?token=518504778&user=-1355064518&config=3,5568,0,0
1777921683145,5649,HTTP Request,200,OK,Config 3: Exp7 1-18,text,true,,231,158,172,172,http://localhost:8079/?token=518504778&user=-1355064518&config=3,5649,0,0
1777921683147,5647,HTTP Request,200,OK,Config 3: Exp7 1-38,text,true,,231,158,172,172,http://localhost:8079/?token=518504778&user=-1355064518&config=3,5647,0,0
1777921683146,5648,HTTP Request,200,OK,Config 3: Exp7 1-19,text,true,,231,158,172,172,http://localhost:8079/?token=518504778&user=-1355064518&config=3,5648,0,0
1777921683146,5648,HTTP Request,200,OK,Config 3: Exp7 1-115,text,true,,231,158,172,172,http://localhost:8079/?token=518504778&user=-1355064518&config=3,5648,0,0
1777921683146,5648,HTTP Request,200,OK,Config 3: Exp7 1-114,text,true,,231,158,172,172,http://localhost:8079/?token=518504778&user=-1355064518&config=3,5648,0,0
1777921683147,6306,HTTP Request,200,OK,Config 3: Exp7 1-57,text,true,,231,158,176,176,http://localhost:8079/?token=518504778&user=-1355064518&config=3,6306,0,0
1777921683147,6463,HTTP Request,200,OK,Config 3: Exp7 1-76,text,true,,231,158,177,177,http://localhost:8079/?token=518504778&user=-1355064518&config=3,6463,0,0
1777921683148,6462,HTTP Request,200,OK,Config 3: Exp7 1-77,text,true,,231,158,177,177,http://localhost:8079/?token=518504778&user=-1355064518&config=3,6462,0,0
1777921683147,6463,HTTP Request,200,OK,Config 3: Exp7 1-96,text,true,,231,158,177,177,http://localhost:8079/?token=518504778&user=-1355064518&config=3,6463,0,0
1777921683148,6462,HTTP Request,200,OK,Config 3: Exp7 1-39,text,true,,231,158,177,177,http://localhost:8079/?token=518504778&user=-1355064518&config=3,6462,0,0
1777921682892,7114,HTTP Request,200,OK,Config 3: Exp7 1-15,text,true,,231,158,179,179,http://localhost:8079/?token=518504778&user=-1355064518&config=3,7114,0,0
1777921682892,7114,HTTP Request,200,OK,Config 3: Exp7 1-34,text,true,,231,158,179,179,http://localhost:8079/?token=518504778&user=-1355064518&config=3,7114,0,0
1777921682892,7114,HTTP Request,200,OK,Config 3: Exp7 1-72,text,true,,231,158,179,179,http://localhost:8079/?token=518504778&user=-1355064518&config=3,7114,0,0
1777921682892,7114,HTTP Request,200,OK,Config 3: Exp7 1-73,text,true,,231,158,179,179,http://localhost:8079/?token=518504778&user=-1355064518&config=3,7114,0,0
1777921682892,7114,HTTP Request,200,OK,Config 3: Exp7 1-92,text,true,,231,158,179,179,http://localhost:8079/?token=518504778&user=-1355064518&config=3,7114,0,0
1777921683147,7171,HTTP Request,200,OK,Config 3: Exp7 1-95,text,true,,231,158,181,181,http://localhost:8079/?token=518504778&user=-1355064518&config=3,7171,0,0
1777921683589,6955,HTTP Request,200,OK,Config 3: Exp7 1-60,text,true,,231,158,183,183,http://localhost:8079/?token=518504778&user=-1355064518&config=3,6955,0,0
1777921683637,6908,HTTP Request,200,OK,Config 3: Exp7 1-139,text,true,,231,158,183,183,http://localhost:8079/?token=518504778&user=-1355064518&config=3,6908,0,0
1777921683793,6752,HTTP Request,200,OK,Config 3: Exp7 1-140,text,true,,231,158,183,183,http://localhost:8079/?token=518504778&user=-1355064518&config=3,6752,0,0
1777921683890,6655,HTTP Request,200,OK,Config 3: Exp7 1-41,text,true,,231,158,183,183,http://localhost:8079/?token=518504778&user=-1355064518&config=3,6655,0,0
1777921683950,6596,HTTP Request,200,OK,Config 3: Exp7 1-141,text,true,,231,158,183,183,http://localhost:8079/?token=518504778&user=-1355064518&config=3,6596,0,0
1777921684106,6790,HTTP Request,200,OK,Config 3: Exp7 1-142,text,true,,231,158,185,185,http://localhost:8079/?token=518504778&user=-1355064518&config=3,6790,0,0
1777921684262,6634,HTTP Request,200,OK,Config 3: Exp7 1-143,text,true,,231,158,185,185,http://localhost:8079/?token=518504778&user=-1355064518&config=3,6634,0,0
1777921684417,6480,HTTP Request,200,OK,Config 3: Exp7 1-144,text,true,,231,158,185,185,http://localhost:8079/?token=518504778&user=-1355064518&config=3,6480,0,1
1777921684598,6309,HTTP Request,200,OK,Config 3: Exp7 1-118,text,true,,231,158,185,185,http://localhost:8079/?token=518504778&user=-1355064518&config=3,6309,0,0
1777921684498,6411,HTTP Request,200,OK,Config 3: Exp7 1-22,text,true,,231,158,185,185,http://localhost:8079/?token=518504778&user=-1355064518&config=3,6411,0,0
1777921684598,6311,HTTP Request,200,OK,Config 3: Exp7 1-99,text,true,,231,158,185,185,http://localhost:8079/?token=518504778&user=-1355064518&config=3,6311,0,0
1777921684866,6044,HTTP Request,200,OK,Config 3: Exp7 1-3,text,true,,231,158,185,185,http://localhost:8079/?token=518504778&user=-1355064518&config=3,6044,0,0
1777921684893,6017,HTTP Request,200,OK,Config 3: Exp7 1-80,text,true,,231,158,185,185,http://localhost:8079/?token=518504778&user=-1355064518&config=3,6017,0,0
1777921684730,6180,HTTP Request,200,OK,Config 3: Exp7 1-146,text,true,,231,158,185,185,http://localhost:8079/?token=518504778&user=-1355064518&config=3,6180,0,1
1777921684574,6336,HTTP Request,200,OK,Config 3: Exp7 1-145,text,true,,231,158,185,185,http://localhost:8079/?token=518504778&user=-1355064518&config=3,6336,0,0
1777921684886,6024,HTTP Request,200,OK,Config 3: Exp7 1-147,text,true,,231,158,185,185,http://localhost:8079/?token=518504778&user=-1355064518&config=3,6024,0,0
1777921684982,5929,HTTP Request,200,OK,Config 3: Exp7 1-23,text,true,,231,158,185,185,http://localhost:8079/?token=518504778&user=-1355064518&config=3,5929,0,0
1777921684982,5929,HTTP Request,200,OK,Config 3: Exp7 1-42,text,true,,231,158,185,185,http://localhost:8079/?token=518504778&user=-1355064518&config=3,5929,0,0
1777921684982,5929,HTTP Request,200,OK,Config 3: Exp7 1-119,text,true,,231,158,185,185,http://localhost:8079/?token=518504778&user=-1355064518&config=3,5929,0,0
1777921684983,5928,HTTP Request,200,OK,Config 3: Exp7 1-100,text,true,,231,158,185,185,http://localhost:8079/?token=518504778&user=-1355064518&config=3,5928,0,0
1777921684982,5929,HTTP Request,200,OK,Config 3: Exp7 1-61,text,true,,231,158,185,185,http://localhost:8079/?token=518504778&user=-1355064518&config=3,5929,0,0
1777921684984,5928,HTTP Request,200,OK,Config 3: Exp7 1-4,text,true,,231,158,185,185,http://localhost:8079/?token=518504778&user=-1355064518&config=3,5928,0,0
1777921684984,5928,HTTP Request,200,OK,Config 3: Exp7 1-43,text,true,,231,158,185,185,http://localhost:8079/?token=518504778&user=-1355064518&config=3,5928,0,0
1777921684984,5928,HTTP Request,200,OK,Config 3: Exp7 1-62,text,true,,231,158,185,185,http://localhost:8079/?token=518504778&user=-1355064518&config=3,5928,0,0
1777921684985,5927,HTTP Request,200,OK,Config 3: Exp7 1-101,text,true,,231,158,185,185,http://localhost:8079/?token=518504778&user=-1355064518&config=3,5927,0,0
1777921684984,5928,HTTP Request,200,OK,Config 3: Exp7 1-81,text,true,,231,158,185,185,http://localhost:8079/?token=518504778&user=-1355064518&config=3,5928,0,0
1777921684985,6626,HTTP Request,200,OK,Config 3: Exp7 1-24,text,true,,231,158,190,190,http://localhost:8079/?token=518504778&user=-1355064518&config=3,6626,0,0
1777921684985,6626,HTTP Request,200,OK,Config 3: Exp7 1-120,text,true,,231,158,190,190,http://localhost:8079/?token=518504778&user=-1355064518&config=3,6626,0,0
1777921685042,6570,HTTP Request,200,OK,Config 3: Exp7 1-148,text,true,,231,158,190,190,http://localhost:8079/?token=518504778&user=-1355064518&config=3,6570,0,0
1777921685198,6414,HTTP Request,200,OK,Config 3: Exp7 1-149,text,true,,231,158,190,190,http://localhost:8079/?token=518504778&user=-1355064518&config=3,6414,0,1
1777921685354,6258,HTTP Request,200,OK,Config 3: Exp7 1-150,text,true,,231,158,190,190,http://localhost:8079/?token=518504778&user=-1355064518&config=3,6258,0,0
1777921685806,5816,HTTP Request,200,OK,Config 3: Exp7 1-5,text,true,,231,158,190,190,http://localhost:8079/?token=518504778&user=-1355064518&config=3,5816,0,0
1777921685808,5814,HTTP Request,200,OK,Config 3: Exp7 1-6,text,true,,231,158,190,190,http://localhost:8079/?token=518504778&user=-1355064518&config=3,5814,0,0
1777921685808,5814,HTTP Request,200,OK,Config 3: Exp7 1-25,text,true,,231,158,190,190,http://localhost:8079/?token=518504778&user=-1355064518&config=3,5814,0,0
1777921685807,5815,HTTP Request,200,OK,Config 3: Exp7 1-44,text,true,,231,158,190,190,http://localhost:8079/?token=518504778&user=-1355064518&config=3,5815,0,0
1777921685511,6111,HTTP Request,200,OK,Config 3: Exp7 1-151,text,true,,231,158,190,190,http://localhost:8079/?token=518504778&user=-1355064518&config=3,6111,0,0
1777921685807,5816,HTTP Request,200,OK,Config 3: Exp7 1-82,text,true,,231,158,190,190,http://localhost:8079/?token=518504778&user=-1355064518&config=3,5816,0,0
1777921685809,5814,HTTP Request,200,OK,Config 3: Exp7 1-83,text,true,,231,158,190,190,http://localhost:8079/?token=518504778&user=-1355064518&config=3,5814,0,0
1777921685807,5815,HTTP Request,200,OK,Config 3: Exp7 1-63,text,true,,231,158,190,190,http://localhost:8079/?token=518504778&user=-1355064518&config=3,5815,0,0
1777921685809,5814,HTTP Request,200,OK,Config 3: Exp7 1-102,text,true,,231,158,190,190,http://localhost:8079/?token=518504778&user=-1355064518&config=3,5814,0,0
1777921685667,5956,HTTP Request,200,OK,Config 3: Exp7 1-152,text,true,,231,158,190,190,http://localhost:8079/?token=518504778&user=-1355064518&config=3,5956,0,1
1777921685808,5841,HTTP Request,200,OK,Config 3: Exp7 1-121,text,true,,231,158,190,190,http://localhost:8079/?token=518504778&user=-1355064518&config=3,5841,0,0
1777921685809,5841,HTTP Request,200,OK,Config 3: Exp7 1-7,text,true,,231,158,190,190,http://localhost:8079/?token=518504778&user=-1355064518&config=3,5841,0,0
1777921685809,5841,HTTP Request,200,OK,Config 3: Exp7 1-45,text,true,,231,158,190,190,http://localhost:8079/?token=518504778&user=-1355064518&config=3,5841,0,0
1777921685809,6216,HTTP Request,200,OK,Config 3: Exp7 1-122,text,true,,231,158,192,192,http://localhost:8079/?token=518504778&user=-1355064518&config=3,6216,0,0
1777921683148,9019,HTTP Request,200,OK,Config 3: Exp7 1-58,text,true,,231,158,193,193,http://localhost:8079/?token=518504778&user=-1355064518&config=3,9019,0,0
1777921683148,9019,HTTP Request,200,OK,Config 3: Exp7 1-97,text,true,,231,158,193,193,http://localhost:8079/?token=518504778&user=-1355064518&config=3,9019,0,0
1777921683148,9019,HTTP Request,200,OK,Config 3: Exp7 1-20,text,true,,231,158,193,193,http://localhost:8079/?token=518504778&user=-1355064518&config=3,9019,0,0
1777921683281,8887,HTTP Request,200,OK,Config 3: Exp7 1-116,text,true,,231,158,193,193,http://localhost:8079/?token=518504778&user=-1355064518&config=3,8887,0,0
1777921683281,8887,HTTP Request,200,OK,Config 3: Exp7 1-1,text,true,,231,158,193,193,http://localhost:8079/?token=518504778&user=-1355064518&config=3,8887,0,0
1777921683282,8886,HTTP Request,200,OK,Config 3: Exp7 1-40,text,true,,231,158,193,193,http://localhost:8079/?token=518504778&user=-1355064518&config=3,8886,0,0
1777921683282,8886,HTTP Request,200,OK,Config 3: Exp7 1-78,text,true,,231,158,193,193,http://localhost:8079/?token=518504778&user=-1355064518&config=3,8886,0,0
1777921683282,8886,HTTP Request,200,OK,Config 3: Exp7 1-21,text,true,,231,158,193,193,http://localhost:8079/?token=518504778&user=-1355064518&config=3,8886,0,0
1777921683169,8999,HTTP Request,200,OK,Config 3: Exp7 1-136,text,true,,231,158,193,193,http://localhost:8079/?token=518504778&user=-1355064518&config=3,8999,0,1
1777921683282,8886,HTTP Request,200,OK,Config 3: Exp7 1-59,text,true,,231,158,193,193,http://localhost:8079/?token=518504778&user=-1355064518&config=3,8886,0,0
1777921685809,6359,HTTP Request,200,OK,Config 3: Exp7 1-64,text,true,,231,158,193,193,http://localhost:8079/?token=518504778&user=-1355064518&config=3,6359,0,0
1777921685809,6359,HTTP Request,200,OK,Config 3: Exp7 1-26,text,true,,231,158,193,193,http://localhost:8079/?token=518504778&user=-1355064518&config=3,6359,0,0
1777921685809,6360,HTTP Request,200,OK,Config 3: Exp7 1-103,text,true,,231,158,193,193,http://localhost:8079/?token=518504778&user=-1355064518&config=3,6360,0,0
1777921685821,6349,HTTP Request,200,OK,Config 3: Exp7 1-153,text,true,,231,158,193,193,http://localhost:8079/?token=518504778&user=-1355064518&config=3,6349,0,0
1777921683331,8949,HTTP Request,200,OK,Config 3: Exp7 1-2,text,true,,231,158,194,194,http://localhost:8079/?token=518504778&user=-1355064518&config=3,8949,0,0
1777921683325,8955,HTTP Request,200,OK,Config 3: Exp7 1-137,text,true,,231,158,194,194,http://localhost:8079/?token=518504778&user=-1355064518&config=3,8955,0,1
1777921683332,8948,HTTP Request,200,OK,Config 3: Exp7 1-79,text,true,,231,158,194,194,http://localhost:8079/?token=518504778&user=-1355064518&config=3,8948,0,0
1777921683330,8950,HTTP Request,200,OK,Config 3: Exp7 1-98,text,true,,231,158,194,194,http://localhost:8079/?token=518504778&user=-1355064518&config=3,8950,0,0
1777921683330,8950,HTTP Request,200,OK,Config 3: Exp7 1-117,text,true,,231,158,194,194,http://localhost:8079/?token=518504778&user=-1355064518&config=3,8950,0,0
1777921683481,8799,HTTP Request,200,OK,Config 3: Exp7 1-138,text,true,,231,158,194,194,http://localhost:8079/?token=518504778&user=-1355064518&config=3,8799,0,1
1777921685977,6417,HTTP Request,200,OK,Config 3: Exp7 1-154,text,true,,231,158,195,195,http://localhost:8079/?token=518504778&user=-1355064518&config=3,6417,0,1
1777921686083,6312,HTTP Request,200,OK,Config 3: Exp7 1-46,text,true,,231,158,195,195,http://localhost:8079/?token=518504778&user=-1355064518&config=3,6312,0,0
1777921686148,6247,HTTP Request,200,OK,Config 3: Exp7 1-9,text,true,,231,158,195,195,http://localhost:8079/?token=518504778&user=-1355064518&config=3,6247,0,0
1777921686082,6313,HTTP Request,200,OK,Config 3: Exp7 1-84,text,true,,231,158,195,195,http://localhost:8079/?token=518504778&user=-1355064518&config=3,6313,0,0
1777921686083,6312,HTTP Request,200,OK,Config 3: Exp7 1-65,text,true,,231,158,195,195,http://localhost:8079/?token=518504778&user=-1355064518&config=3,6312,0,0
1777921686148,6247,HTTP Request,200,OK,Config 3: Exp7 1-47,text,true,,231,158,195,195,http://localhost:8079/?token=518504778&user=-1355064518&config=3,6247,0,0
1777921686148,6247,HTTP Request,200,OK,Config 3: Exp7 1-8,text,true,,231,158,195,195,http://localhost:8079/?token=518504778&user=-1355064518&config=3,6247,0,0
1777921686148,6247,HTTP Request,200,OK,Config 3: Exp7 1-85,text,true,,231,158,195,195,http://localhost:8079/?token=518504778&user=-1355064518&config=3,6247,0,0
1777921687312,5974,HTTP Request,200,OK,Config 3: Exp7 1-68,text,true,,231,158,200,200,http://localhost:8079/?token=518504778&user=-1355064518&config=3,5974,0,0
1777921687312,6206,HTTP Request,200,OK,Config 3: Exp7 1-49,text,true,,231,158,202,202,http://localhost:8079/?token=518504778&user=-1355064518&config=3,6206,0,0
1777921687312,6206,HTTP Request,200,OK,Config 3: Exp7 1-87,text,true,,231,158,202,202,http://localhost:8079/?token=518504778&user=-1355064518&config=3,6206,0,0
1777921687313,6206,HTTP Request,200,OK,Config 3: Exp7 1-30,text,true,,231,158,202,202,http://localhost:8079/?token=518504778&user=-1355064518&config=3,6206,0,0
1777921687538,5981,HTTP Request,200,OK,Config 3: Exp7 1-164,text,true,,231,158,202,202,http://localhost:8079/?token=518504778&user=-1355064518&config=3,5981,0,0
1777921687596,5942,HTTP Request,200,OK,Config 3: Exp7 1-13,text,true,,231,158,202,202,http://localhost:8079/?token=518504778&user=-1355064518&config=3,5942,0,0
1777921687595,5943,HTTP Request,200,OK,Config 3: Exp7 1-51,text,true,,231,158,202,202,http://localhost:8079/?token=518504778&user=-1355064518&config=3,5943,0,0
1777921687595,6003,HTTP Request,200,OK,Config 3: Exp7 1-70,text,true,,231,158,202,202,http://localhost:8079/?token=518504778&user=-1355064518&config=3,6003,0,0
1777921687596,6002,HTTP Request,200,OK,Config 3: Exp7 1-109,text,true,,231,158,202,202,http://localhost:8079/?token=518504778&user=-1355064518&config=3,6002,0,0
1777921687595,6003,HTTP Request,200,OK,Config 3: Exp7 1-12,text,true,,231,158,202,202,http://localhost:8079/?token=518504778&user=-1355064518&config=3,6003,0,0
1777921687596,6003,HTTP Request,200,OK,Config 3: Exp7 1-90,text,true,,231,158,202,202,http://localhost:8079/?token=518504778&user=-1355064518&config=3,6003,0,0
1777921687595,6004,HTTP Request,200,OK,Config 3: Exp7 1-32,text,true,,231,158,202,202,http://localhost:8079/?token=518504778&user=-1355064518&config=3,6004,0,0
1777921687595,6004,HTTP Request,200,OK,Config 3: Exp7 1-89,text,true,,231,158,202,202,http://localhost:8079/?token=518504778&user=-1355064518&config=3,6004,0,0
1777921687596,6004,HTTP Request,200,OK,Config 3: Exp7 1-128,text,true,,231,158,202,202,http://localhost:8079/?token=518504778&user=-1355064518&config=3,6004,0,0
1777921686083,7945,HTTP Request,200,OK,Config 3: Exp7 1-27,text,true,,231,158,205,205,http://localhost:8079/?token=518504778&user=-1355064518&config=3,7945,0,0
1777921686084,7944,HTTP Request,200,OK,Config 3: Exp7 1-123,text,true,,231,158,205,205,http://localhost:8079/?token=518504778&user=-1355064518&config=3,7944,0,0
1777921686084,7944,HTTP Request,200,OK,Config 3: Exp7 1-104,text,true,,231,158,205,205,http://localhost:8079/?token=518504778&user=-1355064518&config=3,7944,0,0
1777921686149,7889,HTTP Request,200,OK,Config 3: Exp7 1-67,text,true,,231,158,205,205,http://localhost:8079/?token=518504778&user=-1355064518&config=3,7889,0,0
1777921686149,7889,HTTP Request,200,OK,Config 3: Exp7 1-86,text,true,,231,158,205,205,http://localhost:8079/?token=518504778&user=-1355064518&config=3,7889,0,0
1777921686148,7890,HTTP Request,200,OK,Config 3: Exp7 1-124,text,true,,231,158,205,205,http://localhost:8079/?token=518504778&user=-1355064518&config=3,7890,0,0
1777921686149,7889,HTTP Request,200,OK,Config 3: Exp7 1-105,text,true,,231,158,205,205,http://localhost:8079/?token=518504778&user=-1355064518&config=3,7889,0,0
1777921686148,7890,HTTP Request,200,OK,Config 3: Exp7 1-28,text,true,,231,158,205,205,http://localhost:8079/?token=518504778&user=-1355064518&config=3,7890,0,0
1777921686149,7889,HTTP Request,200,OK,Config 3: Exp7 1-29,text,true,,231,158,205,205,http://localhost:8079/?token=518504778&user=-1355064518&config=3,7889,0,0
1777921686149,7889,HTTP Request,200,OK,Config 3: Exp7 1-48,text,true,,231,158,205,205,http://localhost:8079/?token=518504778&user=-1355064518&config=3,7889,0,0
1777921686133,7905,HTTP Request,200,OK,Config 3: Exp7 1-155,text,true,,231,158,205,205,http://localhost:8079/?token=518504778&user=-1355064518&config=3,7905,0,1
1777921686148,7891,HTTP Request,200,OK,Config 3: Exp7 1-66,text,true,,231,158,205,205,http://localhost:8079/?token=518504778&user=-1355064518&config=3,7890,0,0
1777921686289,7750,HTTP Request,200,OK,Config 3: Exp7 1-156,text,true,,231,158,205,205,http://localhost:8079/?token=518504778&user=-1355064518&config=3,7749,0,0
1777921686601,7438,HTTP Request,200,OK,Config 3: Exp7 1-158,text,true,,231,158,205,205,http://localhost:8079/?token=518504778&user=-1355064518&config=3,7438,0,0
1777921686445,7594,HTTP Request,200,OK,Config 3: Exp7 1-157,text,true,,231,158,205,205,http://localhost:8079/?token=518504778&user=-1355064518&config=3,7594,0,1
1777921686757,7283,HTTP Request,200,OK,Config 3: Exp7 1-159,text,true,,231,158,205,205,http://localhost:8079/?token=518504778&user=-1355064518&config=3,7283,0,0
1777921686913,7127,HTTP Request,200,OK,Config 3: Exp7 1-160,text,true,,231,158,205,205,http://localhost:8079/?token=518504778&user=-1355064518&config=3,7127,0,1
1777921687601,6469,HTTP Request,200,OK,Config 3: Exp7 1-52,text,true,,231,158,205,205,http://localhost:8079/?token=518504778&user=-1355064518&config=3,6469,0,0
1777921687596,6474,HTTP Request,200,OK,Config 3: Exp7 1-71,text,true,,231,158,205,205,http://localhost:8079/?token=518504778&user=-1355064518&config=3,6474,0,0
1777921687601,6469,HTTP Request,200,OK,Config 3: Exp7 1-33,text,true,,231,158,205,205,http://localhost:8079/?token=518504778&user=-1355064518&config=3,6469,0,0
1777921687757,6314,HTTP Request,200,OK,Config 3: Exp7 1-130,text,true,,231,158,205,205,http://localhost:8079/?token=518504778&user=-1355064518&config=3,6314,0,0
1777921687757,6314,HTTP Request,200,OK,Config 3: Exp7 1-132,text,true,,231,158,205,205,http://localhost:8079/?token=518504778&user=-1355064518&config=3,6314,0,0
1777921687758,6313,HTTP Request,200,OK,Config 3: Exp7 1-133,text,true,,231,158,205,205,http://localhost:8079/?token=518504778&user=-1355064518&config=3,6313,0,0
1777921687758,6315,HTTP Request,200,OK,Config 3: Exp7 1-14,text,true,,231,158,205,205,http://localhost:8079/?token=518504778&user=-1355064518&config=3,6315,0,0
1777921687758,6315,HTTP Request,200,OK,Config 3: Exp7 1-35,text,true,,231,158,205,205,http://localhost:8079/?token=518504778&user=-1355064518&config=3,6315,0,0
1777921687758,6315,HTTP Request,200,OK,Config 3: Exp7 1-91,text,true,,231,158,205,205,http://localhost:8079/?token=518504778&user=-1355064518&config=3,6315,0,0
1777921687758,6315,HTTP Request,200,OK,Config 3: Exp7 1-111,text,true,,231,158,205,205,http://localhost:8079/?token=518504778&user=-1355064518&config=3,6315,0,0
1777921687758,6315,HTTP Request,200,OK,Config 3: Exp7 1-110,text,true,,231,158,205,205,http://localhost:8079/?token=518504778&user=-1355064518&config=3,6315,0,0
1777921687757,6316,HTTP Request,200,OK,Config 3: Exp7 1-131,text,true,,231,158,205,205,http://localhost:8079/?token=518504778&user=-1355064518&config=3,6316,0,0
1777921687758,6315,HTTP Request,200,OK,Config 3: Exp7 1-134,text,true,,231,158,205,205,http://localhost:8079/?token=518504778&user=-1355064518&config=3,6315,0,0
1777921687759,6330,HTTP Request,200,OK,Config 3: Exp7 1-53,text,true,,231,158,206,206,http://localhost:8079/?token=518504778&user=-1355064518&config=3,6330,0,0
1777921687759,6330,HTTP Request,200,OK,Config 3: Exp7 1-54,text,true,,231,158,206,206,http://localhost:8079/?token=518504778&user=-1355064518&config=3,6330,0,0
1777921687040,7168,HTTP Request,200,OK,Config 3: Exp7 1-106,text,true,,231,158,206,206,http://localhost:8079/?token=518504778&user=-1355064518&config=3,7168,0,0
1777921687113,7524,HTTP Request,200,OK,Config 3: Exp7 1-125,text,true,,231,158,209,209,http://localhost:8079/?token=518504778&user=-1355064518&config=3,7524,0,0
1777921687069,7568,HTTP Request,200,OK,Config 3: Exp7 1-161,text,true,,231,158,209,209,http://localhost:8079/?token=518504778&user=-1355064518&config=3,7568,0,0
1777921687225,7412,HTTP Request,200,OK,Config 3: Exp7 1-162,text,true,,231,158,209,209,http://localhost:8079/?token=518504778&user=-1355064518&config=3,7412,0,1
1777921687113,7524,HTTP Request,200,OK,Config 3: Exp7 1-10,text,true,,231,158,209,209,http://localhost:8079/?token=518504778&user=-1355064518&config=3,7524,0,0
1777921687830,7100,HTTP Request,200,OK,Config 3: Exp7 1-16,text,true,,231,158,211,211,http://localhost:8079/?token=518504778&user=-1355064518&config=3,7100,0,0
1777921688011,6919,HTTP Request,200,OK,Config 3: Exp7 1-36,text,true,,231,158,211,211,http://localhost:8079/?token=518504778&user=-1355064518&config=3,6919,0,0
1777921687831,7099,HTTP Request,200,OK,Config 3: Exp7 1-93,text,true,,231,158,211,211,http://localhost:8079/?token=518504778&user=-1355064518&config=3,7099,0,0
1777921687830,7100,HTTP Request,200,OK,Config 3: Exp7 1-112,text,true,,231,158,211,211,http://localhost:8079/?token=518504778&user=-1355064518&config=3,7100,0,0
1777921687830,7100,HTTP Request,200,OK,Config 3: Exp7 1-55,text,true,,231,158,211,211,http://localhost:8079/?token=518504778&user=-1355064518&config=3,7100,0,0
1777921687850,7080,HTTP Request,200,OK,Config 3: Exp7 1-166,text,true,,231,158,211,211,http://localhost:8079/?token=518504778&user=-1355064518&config=3,7080,0,1
1777921688011,6920,HTTP Request,200,OK,Config 3: Exp7 1-94,text,true,,231,158,211,211,http://localhost:8079/?token=518504778&user=-1355064518&config=3,6920,0,0
1777921688010,6921,HTTP Request,200,OK,Config 3: Exp7 1-74,text,true,,231,158,211,211,http://localhost:8079/?token=518504778&user=-1355064518&config=3,6921,0,0
1777921688012,7260,HTTP Request,200,OK,Config 3: Exp7 1-17,text,true,,231,158,213,213,http://localhost:8079/?token=518504778&user=-1355064518&config=3,7260,0,0
1777921688011,7261,HTTP Request,200,OK,Config 3: Exp7 1-113,text,true,,231,158,213,213,http://localhost:8079/?token=518504778&user=-1355064518&config=3,7261,0,0
1777921688162,7110,HTTP Request,200,OK,Config 3: Exp7 1-168,text,true,,231,158,213,213,http://localhost:8079/?token=518504778&user=-1355064518&config=3,7110,0,0
1777921688005,7267,HTTP Request,200,OK,Config 3: Exp7 1-167,text,true,,231,158,213,213,http://localhost:8079/?token=518504778&user=-1355064518&config=3,7267,0,1
1777921688665,6608,HTTP Request,200,OK,Config 3: Exp7 1-135,text,true,,231,158,213,213,http://localhost:8079/?token=518504778&user=-1355064518&config=3,6608,0,0
1777921688474,6799,HTTP Request,200,OK,Config 3: Exp7 1-170,text,true,,231,158,213,213,http://localhost:8079/?token=518504778&user=-1355064518&config=3,6799,0,0
1777921688319,6954,HTTP Request,200,OK,Config 3: Exp7 1-169,text,true,,231,158,213,213,http://localhost:8079/?token=518504778&user=-1355064518&config=3,6954,0,1
1777921687312,8052,HTTP Request,200,OK,Config 3: Exp7 1-107,text,true,,231,158,214,214,http://localhost:8079/?token=518504778&user=-1355064518&config=3,8052,0,0
1777921687313,8051,HTTP Request,200,OK,Config 3: Exp7 1-11,text,true,,231,158,214,214,http://localhost:8079/?token=518504778&user=-1355064518&config=3,8051,0,0
1777921687313,8051,HTTP Request,200,OK,Config 3: Exp7 1-88,text,true,,231,158,214,214,http://localhost:8079/?token=518504778&user=-1355064518&config=3,8051,0,0
1777921687313,8051,HTTP Request,200,OK,Config 3: Exp7 1-126,text,true,,231,158,214,214,http://localhost:8079/?token=518504778&user=-1355064518&config=3,8051,0,0
1777921687314,8051,HTTP Request,200,OK,Config 3: Exp7 1-108,text,true,,231,158,214,214,http://localhost:8079/?token=518504778&user=-1355064518&config=3,8051,0,0
1777921687313,8052,HTTP Request,200,OK,Config 3: Exp7 1-50,text,true,,231,158,214,214,http://localhost:8079/?token=518504778&user=-1355064518&config=3,8052,0,0
1777921687314,8051,HTTP Request,200,OK,Config 3: Exp7 1-31,text,true,,231,158,214,214,http://localhost:8079/?token=518504778&user=-1355064518&config=3,8051,0,0
1777921687313,8052,HTTP Request,200,OK,Config 3: Exp7 1-69,text,true,,231,158,214,214,http://localhost:8079/?token=518504778&user=-1355064518&config=3,8052,0,0
1777921687314,8051,HTTP Request,200,OK,Config 3: Exp7 1-127,text,true,,231,158,214,214,http://localhost:8079/?token=518504778&user=-1355064518&config=3,8051,0,0
1777921687382,8022,HTTP Request,200,OK,Config 3: Exp7 1-163,text,true,,231,158,214,214,http://localhost:8079/?token=518504778&user=-1355064518&config=3,8022,0,0
1777921688630,6845,HTTP Request,200,OK,Config 3: Exp7 1-171,text,true,,231,158,214,214,http://localhost:8079/?token=518504778&user=-1355064518&config=3,6845,0,1
1777921688665,6904,HTTP Request,200,OK,Config 3: Exp7 1-56,text,true,,231,158,215,215,http://localhost:8079/?token=518504778&user=-1355064518&config=3,6904,0,0
1777921688665,7559,HTTP Request,200,OK,Config 3: Exp7 1-75,text,true,,231,158,219,219,http://localhost:8079/?token=518504778&user=-1355064518&config=3,7559,0,0
1777921688693,7531,HTTP Request,200,OK,Config 3: Exp7 1-37,text,true,,231,158,219,219,http://localhost:8079/?token=518504778&user=-1355064518&config=3,7531,0,0
1777921688795,7429,HTTP Request,200,OK,Config 3: Exp7 1-19,text,true,,231,158,219,219,http://localhost:8079/?token=518504778&user=-1355064518&config=3,7429,0,0
1777921688795,7430,HTTP Request,200,OK,Config 3: Exp7 1-38,text,true,,231,158,219,219,http://localhost:8079/?token=518504778&user=-1355064518&config=3,7430,0,0
1777921688795,7430,HTTP Request,200,OK,Config 3: Exp7 1-114,text,true,,231,158,219,219,http://localhost:8079/?token=518504778&user=-1355064518&config=3,7430,0,0
1777921688795,7430,HTTP Request,200,OK,Config 3: Exp7 1-18,text,true,,231,158,219,219,http://localhost:8079/?token=518504778&user=-1355064518&config=3,7430,0,0
1777921688795,7430,HTTP Request,200,OK,Config 3: Exp7 1-115,text,true,,231,158,219,219,http://localhost:8079/?token=518504778&user=-1355064518&config=3,7430,0,0
1777921689565,6660,HTTP Request,200,OK,Config 3: Exp7 1-177,text,true,,231,158,219,219,http://localhost:8079/?token=518504778&user=-1355064518&config=3,6660,0,1
1777921689610,6616,HTTP Request,200,OK,Config 3: Exp7 1-77,text,true,,231,158,219,219,http://localhost:8079/?token=518504778&user=-1355064518&config=3,6616,0,0
1777921687601,8994,HTTP Request,200,OK,Config 3: Exp7 1-129,text,true,,231,158,222,222,http://localhost:8079/?token=518504778&user=-1355064518&config=3,8994,0,0
1777921687694,8901,HTTP Request,200,OK,Config 3: Exp7 1-165,text,true,,231,158,222,222,http://localhost:8079/?token=518504778&user=-1355064518&config=3,8901,0,0
1777921689610,7023,HTTP Request,200,OK,Config 3: Exp7 1-76,text,true,,231,158,222,222,http://localhost:8079/?token=518504778&user=-1355064518&config=3,7023,0,0
1777921689610,7024,HTTP Request,200,OK,Config 3: Exp7 1-96,text,true,,231,158,222,222,http://localhost:8079/?token=518504778&user=-1355064518&config=3,7024,0,0
1777921689610,7025,HTTP Request,200,OK,Config 3: Exp7 1-39,text,true,,231,158,222,222,http://localhost:8079/?token=518504778&user=-1355064518&config=3,7025,0,0
1777921689722,6913,HTTP Request,200,OK,Config 3: Exp7 1-178,text,true,,231,158,222,222,http://localhost:8079/?token=518504778&user=-1355064518&config=3,6913,0,0
1777921690006,6630,HTTP Request,200,OK,Config 3: Exp7 1-15,text,true,,231,158,222,222,http://localhost:8079/?token=518504778&user=-1355064518&config=3,6630,0,0
1777921690006,6630,HTTP Request,200,OK,Config 3: Exp7 1-72,text,true,,231,158,222,222,http://localhost:8079/?token=518504778&user=-1355064518&config=3,6630,0,0
1777921690006,6630,HTTP Request,200,OK,Config 3: Exp7 1-92,text,true,,231,158,222,222,http://localhost:8079/?token=518504778&user=-1355064518&config=3,6630,0,0
1777921690006,6630,HTTP Request,200,OK,Config 3: Exp7 1-34,text,true,,231,158,222,222,http://localhost:8079/?token=518504778&user=-1355064518&config=3,6630,0,0
1777921690006,6630,HTTP Request,200,OK,Config 3: Exp7 1-73,text,true,,231,158,222,222,http://localhost:8079/?token=518504778&user=-1355064518&config=3,6630,0,0
1777921690318,6319,HTTP Request,200,OK,Config 3: Exp7 1-95,text,true,,231,158,222,222,http://localhost:8079/?token=518504778&user=-1355064518&config=3,6319,0,0
1777921690189,6448,HTTP Request,200,OK,Config 3: Exp7 1-181,text,true,,231,158,222,222,http://localhost:8079/?token=518504778&user=-1355064518&config=3,6448,0,1
1777921689878,6759,HTTP Request,200,OK,Config 3: Exp7 1-179,text,true,,231,158,222,222,http://localhost:8079/?token=518504778&user=-1355064518&config=3,6759,0,0
1777921690037,6600,HTTP Request,200,OK,Config 3: Exp7 1-180,text,true,,231,158,222,222,http://localhost:8079/?token=518504778&user=-1355064518&config=3,6600,0,0
1777921690345,6292,HTTP Request,200,OK,Config 3: Exp7 1-182,text,true,,231,158,222,222,http://localhost:8079/?token=518504778&user=-1355064518&config=3,6292,0,0
1777921690545,6092,HTTP Request,200,OK,Config 3: Exp7 1-41,text,true,,231,158,222,222,http://localhost:8079/?token=518504778&user=-1355064518&config=3,6092,0,0
1777921690545,6092,HTTP Request,200,OK,Config 3: Exp7 1-60,text,true,,231,158,222,222,http://localhost:8079/?token=518504778&user=-1355064518&config=3,6092,0,0
1777921690545,6140,HTTP Request,200,OK,Config 3: Exp7 1-140,text,true,,231,158,222,222,http://localhost:8079/?token=518504778&user=-1355064518&config=3,6140,0,0
1777921690501,6184,HTTP Request,200,OK,Config 3: Exp7 1-183,text,true,,231,158,222,222,http://localhost:8079/?token=518504778&user=-1355064518&config=3,6184,0,1
1777921690546,6139,HTTP Request,200,OK,Config 3: Exp7 1-141,text,true,,231,158,222,222,http://localhost:8079/?token=518504778&user=-1355064518&config=3,6139,0,0
1777921690897,5788,HTTP Request,200,OK,Config 3: Exp7 1-142,text,true,,231,158,222,222,http://localhost:8079/?token=518504778&user=-1355064518&config=3,5788,0,0
1777921690545,6140,HTTP Request,200,OK,Config 3: Exp7 1-139,text,true,,231,158,222,222,http://localhost:8079/?token=518504778&user=-1355064518&config=3,6140,0,0
1777921690897,5790,HTTP Request,200,OK,Config 3: Exp7 1-143,text,true,,231,158,222,222,http://localhost:8079/?token=518504778&user=-1355064518&config=3,5790,0,0
1777921690897,5790,HTTP Request,200,OK,Config 3: Exp7 1-144,text,true,,231,158,222,222,http://localhost:8079/?token=518504778&user=-1355064518&config=3,5790,0,0
1777921690657,6030,HTTP Request,200,OK,Config 3: Exp7 1-184,text,true,,231,158,222,222,http://localhost:8079/?token=518504778&user=-1355064518&config=3,6030,0,1
1777921690909,5779,HTTP Request,200,OK,Config 3: Exp7 1-22,text,true,,231,158,222,222,http://localhost:8079/?token=518504778&user=-1355064518&config=3,5779,0,0
1777921690910,5778,HTTP Request,200,OK,Config 3: Exp7 1-3,text,true,,231,158,222,222,http://localhost:8079/?token=518504778&user=-1355064518&config=3,5778,0,0
1777921690907,5781,HTTP Request,200,OK,Config 3: Exp7 1-118,text,true,,231,158,222,222,http://localhost:8079/?token=518504778&user=-1355064518&config=3,5781,0,0
1777921690909,5779,HTTP Request,200,OK,Config 3: Exp7 1-99,text,true,,231,158,222,222,http://localhost:8079/?token=518504778&user=-1355064518&config=3,5779,0,0
1777921690910,5778,HTTP Request,200,OK,Config 3: Exp7 1-147,text,true,,231,158,222,222,http://localhost:8079/?token=518504778&user=-1355064518&config=3,5778,0,0
1777921690910,5778,HTTP Request,200,OK,Config 3: Exp7 1-145,text,true,,231,158,222,222,http://localhost:8079/?token=518504778&user=-1355064518&config=3,5778,0,0
1777921690910,5778,HTTP Request,200,OK,Config 3: Exp7 1-146,text,true,,231,158,222,222,http://localhost:8079/?token=518504778&user=-1355064518&config=3,5778,0,0
1777921690813,5875,HTTP Request,200,OK,Config 3: Exp7 1-185,text,true,,231,158,222,222,http://localhost:8079/?token=518504778&user=-1355064518&config=3,5875,0,0
1777921690912,5833,HTTP Request,200,OK,Config 3: Exp7 1-81,text,true,,231,158,223,223,http://localhost:8079/?token=518504778&user=-1355064518&config=3,5833,0,0
1777921690912,5833,HTTP Request,200,OK,Config 3: Exp7 1-42,text,true,,231,158,223,223,http://localhost:8079/?token=518504778&user=-1355064518&config=3,5833,0,0
1777921690912,5833,HTTP Request,200,OK,Config 3: Exp7 1-43,text,true,,231,158,223,223,http://localhost:8079/?token=518504778&user=-1355064518&config=3,5833,0,0
1777921690910,5835,HTTP Request,200,OK,Config 3: Exp7 1-80,text,true,,231,158,223,223,http://localhost:8079/?token=518504778&user=-1355064518&config=3,5835,0,0
1777921690912,5833,HTTP Request,200,OK,Config 3: Exp7 1-4,text,true,,231,158,223,223,http://localhost:8079/?token=518504778&user=-1355064518&config=3,5833,0,0
1777921690912,5833,HTTP Request,200,OK,Config 3: Exp7 1-62,text,true,,231,158,223,223,http://localhost:8079/?token=518504778&user=-1355064518&config=3,5833,0,0
1777921690911,6124,HTTP Request,200,OK,Config 3: Exp7 1-23,text,true,,231,158,224,224,http://localhost:8079/?token=518504778&user=-1355064518&config=3,6124,0,0
1777921690912,6123,HTTP Request,200,OK,Config 3: Exp7 1-119,text,true,,231,158,224,224,http://localhost:8079/?token=518504778&user=-1355064518&config=3,6123,0,0
1777921690912,6250,HTTP Request,200,OK,Config 3: Exp7 1-100,text,true,,231,158,225,225,http://localhost:8079/?token=518504778&user=-1355064518&config=3,6250,0,0
1777921691125,6037,HTTP Request,200,OK,Config 3: Exp7 1-187,text,true,,231,158,225,225,http://localhost:8079/?token=518504778&user=-1355064518&config=3,6036,0,0
1777921690912,6250,HTTP Request,200,OK,Config 3: Exp7 1-61,text,true,,231,158,225,225,http://localhost:8079/?token=518504778&user=-1355064518&config=3,6250,0,0
1777921690969,6193,HTTP Request,200,OK,Config 3: Exp7 1-186,text,true,,231,158,225,225,http://localhost:8079/?token=518504778&user=-1355064518&config=3,6193,0,0
1777921691281,5881,HTTP Request,200,OK,Config 3: Exp7 1-188,text,true,,231,158,225,225,http://localhost:8079/?token=518504778&user=-1355064518&config=3,5881,0,0
1777921690912,6251,HTTP Request,200,OK,Config 3: Exp7 1-101,text,true,,231,158,225,225,http://localhost:8079/?token=518504778&user=-1355064518&config=3,6251,0,0
1777921691611,5558,HTTP Request,200,OK,Config 3: Exp7 1-120,text,true,,231,158,225,225,http://localhost:8079/?token=518504778&user=-1355064518&config=3,5558,0,0
1777921691622,5547,HTTP Request,200,OK,Config 3: Exp7 1-44,text,true,,231,158,225,225,http://localhost:8079/?token=518504778&user=-1355064518&config=3,5547,0,0
1777921691622,5547,HTTP Request,200,OK,Config 3: Exp7 1-151,text,true,,231,158,225,225,http://localhost:8079/?token=518504778&user=-1355064518&config=3,5547,0,0
1777921691622,5547,HTTP Request,200,OK,Config 3: Exp7 1-6,text,true,,231,158,225,225,http://localhost:8079/?token=518504778&user=-1355064518&config=3,5547,0,0
1777921691611,5558,HTTP Request,200,OK,Config 3: Exp7 1-148,text,true,,231,158,225,225,http://localhost:8079/?token=518504778&user=-1355064518&config=3,5558,0,0
1777921691611,5558,HTTP Request,200,OK,Config 3: Exp7 1-150,text,true,,231,158,225,225,http://localhost:8079/?token=518504778&user=-1355064518&config=3,5558,0,0
1777921691621,5548,HTTP Request,200,OK,Config 3: Exp7 1-5,text,true,,231,158,225,225,http://localhost:8079/?token=518504778&user=-1355064518&config=3,5548,0,0
1777921691622,5547,HTTP Request,200,OK,Config 3: Exp7 1-82,text,true,,231,158,225,225,http://localhost:8079/?token=518504778&user=-1355064518&config=3,5547,0,0
1777921691593,5576,HTTP Request,200,OK,Config 3: Exp7 1-190,text,true,,231,158,225,225,http://localhost:8079/?token=518504778&user=-1355064518&config=3,5576,0,1
1777921691622,5547,HTTP Request,200,OK,Config 3: Exp7 1-63,text,true,,231,158,225,225,http://localhost:8079/?token=518504778&user=-1355064518&config=3,5547,0,0
1777921691622,5547,HTTP Request,200,OK,Config 3: Exp7 1-25,text,true,,231,158,225,225,http://localhost:8079/?token=518504778&user=-1355064518&config=3,5547,0,0
1777921691438,5731,HTTP Request,200,OK,Config 3: Exp7 1-189,text,true,,231,158,225,225,http://localhost:8079/?token=518504778&user=-1355064518&config=3,5731,0,0
1777921691611,5558,HTTP Request,200,OK,Config 3: Exp7 1-149,text,true,,231,158,225,225,http://localhost:8079/?token=518504778&user=-1355064518&config=3,5558,0,0
1777921691622,5547,HTTP Request,200,OK,Config 3: Exp7 1-83,text,true,,231,158,225,225,http://localhost:8079/?token=518504778&user=-1355064518&config=3,5547,0,0
1777921691610,5559,HTTP Request,200,OK,Config 3: Exp7 1-24,text,true,,231,158,225,225,http://localhost:8079/?token=518504778&user=-1355064518&config=3,5559,0,0
1777921688787,8734,HTTP Request,200,OK,Config 3: Exp7 1-172,text,true,,231,158,227,227,http://localhost:8079/?token=518504778&user=-1355064518&config=3,8734,0,1
1777921688942,8579,HTTP Request,200,OK,Config 3: Exp7 1-173,text,true,,231,158,227,227,http://localhost:8079/?token=518504778&user=-1355064518&config=3,8579,0,0
1777921689254,8267,HTTP Request,200,OK,Config 3: Exp7 1-175,text,true,,231,158,227,227,http://localhost:8079/?token=518504778&user=-1355064518&config=3,8267,0,0
1777921689454,8067,HTTP Request,200,OK,Config 3: Exp7 1-57,text,true,,231,158,228,228,http://localhost:8079/?token=518504778&user=-1355064518&config=3,8067,0,0
1777921689409,8112,HTTP Request,200,OK,Config 3: Exp7 1-176,text,true,,231,158,228,228,http://localhost:8079/?token=518504778&user=-1355064518&config=3,8112,0,1
1777921689097,8424,HTTP Request,200,OK,Config 3: Exp7 1-174,text,true,,231,158,228,228,http://localhost:8079/?token=518504778&user=-1355064518&config=3,8424,0,0
1777921691649,6312,HTTP Request,200,OK,Config 3: Exp7 1-7,text,true,,231,158,230,230,http://localhost:8079/?token=518504778&user=-1355064518&config=3,6312,0,0
1777921691649,6312,HTTP Request,200,OK,Config 3: Exp7 1-45,text,true,,231,158,230,230,http://localhost:8079/?token=518504778&user=-1355064518&config=3,6312,0,0
1777921692167,5794,HTTP Request,200,OK,Config 3: Exp7 1-20,text,true,,231,158,230,230,http://localhost:8079/?token=518504778&user=-1355064518&config=3,5794,0,0
1777921691622,6339,HTTP Request,200,OK,Config 3: Exp7 1-102,text,true,,231,158,230,230,http://localhost:8079/?token=518504778&user=-1355064518&config=3,6339,0,0
1777921691649,6312,HTTP Request,200,OK,Config 3: Exp7 1-121,text,true,,231,158,230,230,http://localhost:8079/?token=518504778&user=-1355064518&config=3,6312,0,0
1777921691622,6340,HTTP Request,200,OK,Config 3: Exp7 1-152,text,true,,231,158,230,230,http://localhost:8079/?token=518504778&user=-1355064518&config=3,6340,0,0
1777921691905,6057,HTTP Request,200,OK,Config 3: Exp7 1-192,text,true,,231,158,230,230,http://localhost:8079/?token=518504778&user=-1355064518&config=3,6057,0,0
1777921691748,6214,HTTP Request,200,OK,Config 3: Exp7 1-191,text,true,,231,158,230,230,http://localhost:8079/?token=518504778&user=-1355064518&config=3,6214,0,0
1777921692025,5937,HTTP Request,200,OK,Config 3: Exp7 1-122,text,true,,231,158,230,230,http://localhost:8079/?token=518504778&user=-1355064518&config=3,5937,0,0
1777921692167,5795,HTTP Request,200,OK,Config 3: Exp7 1-97,text,true,,231,158,230,230,http://localhost:8079/?token=518504778&user=-1355064518&config=3,5795,0,0
1777921692061,5901,HTTP Request,200,OK,Config 3: Exp7 1-193,text,true,,231,158,230,230,http://localhost:8079/?token=518504778&user=-1355064518&config=3,5901,0,0
1777921692167,5795,HTTP Request,200,OK,Config 3: Exp7 1-40,text,true,,231,158,230,230,http://localhost:8079/?token=518504778&user=-1355064518&config=3,5795,0,0
1777921692167,5795,HTTP Request,200,OK,Config 3: Exp7 1-21,text,true,,231,158,230,230,http://localhost:8079/?token=518504778&user=-1355064518&config=3,5795,0,0
1777921692167,6578,HTTP Request,200,OK,Config 3: Exp7 1-58,text,true,,231,158,235,235,http://localhost:8079/?token=518504778&user=-1355064518&config=3,6578,0,0
1777921692167,6578,HTTP Request,200,OK,Config 3: Exp7 1-136,text,true,,231,158,235,235,http://localhost:8079/?token=518504778&user=-1355064518&config=3,6578,0,0
1777921692167,7109,HTTP Request,200,OK,Config 3: Exp7 1-78,text,true,,231,158,239,239,http://localhost:8079/?token=518504778&user=-1355064518&config=3,7109,0,0
1777921692996,7227,HTTP Request,200,OK,Config 3: Exp7 1-199,text,true,,231,158,245,245,http://localhost:8079/?token=518504778&user=-1355064518&config=3,7227,0,1
1777921693153,7070,HTTP Request,200,OK,Config 3: Exp7 1-200,text,true,,231,158,245,245,http://localhost:8079/?token=518504778&user=-1355064518&config=3,7070,0,1
1777921693518,6706,HTTP Request,200,OK,Config 3: Exp7 1-30,text,true,,231,158,245,245,http://localhost:8079/?token=518504778&user=-1355064518&config=3,6706,0,0
1777921693286,6938,HTTP Request,200,OK,Config 3: Exp7 1-68,text,true,,231,158,245,245,http://localhost:8079/?token=518504778&user=-1355064518&config=3,6938,0,0
1777921693310,6914,HTTP Request,200,OK,Config 3: Exp7 1-201,text,true,,231,158,245,245,http://localhost:8079/?token=518504778&user=-1355064518&config=3,6914,0,1
1777921693465,6759,HTTP Request,200,OK,Config 3: Exp7 1-202,text,true,,231,158,245,245,http://localhost:8079/?token=518504778&user=-1355064518&config=3,6759,0,0
1777921693517,6707,HTTP Request,200,OK,Config 3: Exp7 1-49,text,true,,231,158,245,245,http://localhost:8079/?token=518504778&user=-1355064518&config=3,6707,0,0
1777921693517,7313,HTTP Request,200,OK,Config 3: Exp7 1-87,text,true,,231,158,249,249,http://localhost:8079/?token=518504778&user=-1355064518&config=3,7313,0,0
1777921693518,7312,HTTP Request,200,OK,Config 3: Exp7 1-164,text,true,,231,158,249,249,http://localhost:8079/?token=518504778&user=-1355064518&config=3,7312,0,0
1777921693537,7293,HTTP Request,200,OK,Config 3: Exp7 1-51,text,true,,231,158,249,249,http://localhost:8079/?token=518504778&user=-1355064518&config=3,7293,0,0
1777921693537,7303,HTTP Request,200,OK,Config 3: Exp7 1-13,text,true,,231,158,249,249,http://localhost:8079/?token=518504778&user=-1355064518&config=3,7303,0,0
1777921693598,7242,HTTP Request,200,OK,Config 3: Exp7 1-12,text,true,,231,158,249,249,http://localhost:8079/?token=518504778&user=-1355064518&config=3,7242,0,0
1777921693598,7242,HTTP Request,200,OK,Config 3: Exp7 1-32,text,true,,231,158,249,249,http://localhost:8079/?token=518504778&user=-1355064518&config=3,7241,0,0
1777921693597,7243,HTTP Request,200,OK,Config 3: Exp7 1-70,text,true,,231,158,249,249,http://localhost:8079/?token=518504778&user=-1355064518&config=3,7243,0,0
1777921693599,7241,HTTP Request,200,OK,Config 3: Exp7 1-89,text,true,,231,158,249,249,http://localhost:8079/?token=518504778&user=-1355064518&config=3,7241,0,0
1777921693597,7243,HTTP Request,200,OK,Config 3: Exp7 1-109,text,true,,231,158,249,249,http://localhost:8079/?token=518504778&user=-1355064518&config=3,7243,0,0
1777921693599,7241,HTTP Request,200,OK,Config 3: Exp7 1-128,text,true,,231,158,249,249,http://localhost:8079/?token=518504778&user=-1355064518&config=3,7241,0,0
1777921693620,7220,HTTP Request,200,OK,Config 3: Exp7 1-203,text,true,,231,158,249,249,http://localhost:8079/?token=518504778&user=-1355064518&config=3,7220,0,1
1777921693598,7242,HTTP Request,200,OK,Config 3: Exp7 1-90,text,true,,231,158,249,249,http://localhost:8079/?token=518504778&user=-1355064518&config=3,7242,0,0
1777921693777,7063,HTTP Request,200,OK,Config 3: Exp7 1-204,text,true,,231,158,249,249,http://localhost:8079/?token=518504778&user=-1355064518&config=3,7063,0,0
1777921693932,6908,HTTP Request,200,OK,Config 3: Exp7 1-205,text,true,,231,158,249,249,http://localhost:8079/?token=518504778&user=-1355064518&config=3,6908,0,1
1777921694027,6851,HTTP Request,200,OK,Config 3: Exp7 1-27,text,true,,231,158,249,249,http://localhost:8079/?token=518504778&user=-1355064518&config=3,6851,0,0
1777921694028,6850,HTTP Request,200,OK,Config 3: Exp7 1-104,text,true,,231,158,249,249,http://localhost:8079/?token=518504778&user=-1355064518&config=3,6850,0,0
1777921694027,6851,HTTP Request,200,OK,Config 3: Exp7 1-123,text,true,,231,158,249,249,http://localhost:8079/?token=518504778&user=-1355064518&config=3,6851,0,0
1777921694037,6887,HTTP Request,200,OK,Config 3: Exp7 1-86,text,true,,231,158,249,249,http://localhost:8079/?token=518504778&user=-1355064518&config=3,6887,0,0
1777921694037,6962,HTTP Request,200,OK,Config 3: Exp7 1-29,text,true,,231,158,250,250,http://localhost:8079/?token=518504778&user=-1355064518&config=3,6962,0,0
1777921694038,6961,HTTP Request,200,OK,Config 3: Exp7 1-155,text,true,,231,158,250,250,http://localhost:8079/?token=518504778&user=-1355064518&config=3,6961,0,0
1777921694037,6962,HTTP Request,200,OK,Config 3: Exp7 1-28,text,true,,231,158,250,250,http://localhost:8079/?token=518504778&user=-1355064518&config=3,6962,0,0
1777921694038,6961,HTTP Request,200,OK,Config 3: Exp7 1-66,text,true,,231,158,250,250,http://localhost:8079/?token=518504778&user=-1355064518&config=3,6961,0,0
1777921694038,6961,HTTP Request,200,OK,Config 3: Exp7 1-157,text,true,,231,158,250,250,http://localhost:8079/?token=518504778&user=-1355064518&config=3,6961,0,0
1777921694038,6961,HTTP Request,200,OK,Config 3: Exp7 1-158,text,true,,231,158,250,250,http://localhost:8079/?token=518504778&user=-1355064518&config=3,6961,0,0
1777921694038,6961,HTTP Request,200,OK,Config 3: Exp7 1-156,text,true,,231,158,250,250,http://localhost:8079/?token=518504778&user=-1355064518&config=3,6961,0,0
1777921694039,7470,HTTP Request,200,OK,Config 3: Exp7 1-159,text,true,,231,158,253,253,http://localhost:8079/?token=518504778&user=-1355064518&config=3,7470,0,0
1777921694039,7470,HTTP Request,200,OK,Config 3: Exp7 1-160,text,true,,231,158,253,253,http://localhost:8079/?token=518504778&user=-1355064518&config=3,7470,0,0
1777921694037,7473,HTTP Request,200,OK,Config 3: Exp7 1-124,text,true,,231,158,253,253,http://localhost:8079/?token=518504778&user=-1355064518&config=3,7473,0,0
1777921694037,7473,HTTP Request,200,OK,Config 3: Exp7 1-67,text,true,,231,158,253,253,http://localhost:8079/?token=518504778&user=-1355064518&config=3,7473,0,0
1777921694037,7473,HTTP Request,200,OK,Config 3: Exp7 1-48,text,true,,231,158,253,253,http://localhost:8079/?token=518504778&user=-1355064518&config=3,7473,0,0
1777921694037,7473,HTTP Request,200,OK,Config 3: Exp7 1-105,text,true,,231,158,253,253,http://localhost:8079/?token=518504778&user=-1355064518&config=3,7473,0,0
1777921694069,7442,HTTP Request,200,OK,Config 3: Exp7 1-52,text,true,,231,158,253,253,http://localhost:8079/?token=518504778&user=-1355064518&config=3,7442,0,0
1777921694069,7442,HTTP Request,200,OK,Config 3: Exp7 1-33,text,true,,231,158,253,253,http://localhost:8079/?token=518504778&user=-1355064518&config=3,7442,0,0
1777921694070,7441,HTTP Request,200,OK,Config 3: Exp7 1-132,text,true,,231,158,253,253,http://localhost:8079/?token=518504778&user=-1355064518&config=3,7441,0,0
1777921694070,7441,HTTP Request,200,OK,Config 3: Exp7 1-130,text,true,,231,158,253,253,http://localhost:8079/?token=518504778&user=-1355064518&config=3,7441,0,0
1777921694069,7442,HTTP Request,200,OK,Config 3: Exp7 1-71,text,true,,231,158,253,253,http://localhost:8079/?token=518504778&user=-1355064518&config=3,7442,0,0
1777921694071,7440,HTTP Request,200,OK,Config 3: Exp7 1-133,text,true,,231,158,253,253,http://localhost:8079/?token=518504778&user=-1355064518&config=3,7440,0,0
1777921692167,9344,HTTP Request,200,OK,Config 3: Exp7 1-116,text,true,,231,158,253,253,http://localhost:8079/?token=518504778&user=-1355064518&config=3,9344,0,0
1777921692167,9344,HTTP Request,200,OK,Config 3: Exp7 1-1,text,true,,231,158,253,253,http://localhost:8079/?token=518504778&user=-1355064518&config=3,9344,0,0
1777921692167,9344,HTTP Request,200,OK,Config 3: Exp7 1-59,text,true,,231,158,253,253,http://localhost:8079/?token=518504778&user=-1355064518&config=3,9344,0,0
1777921692167,9345,HTTP Request,200,OK,Config 3: Exp7 1-26,text,true,,231,158,253,253,http://localhost:8079/?token=518504778&user=-1355064518&config=3,9345,0,0
1777921692168,9344,HTTP Request,200,OK,Config 3: Exp7 1-103,text,true,,231,158,253,253,http://localhost:8079/?token=518504778&user=-1355064518&config=3,9344,0,0
1777921692167,9345,HTTP Request,200,OK,Config 3: Exp7 1-64,text,true,,231,158,253,253,http://localhost:8079/?token=518504778&user=-1355064518&config=3,9345,0,0
1777921692280,9232,HTTP Request,200,OK,Config 3: Exp7 1-138,text,true,,231,158,253,253,http://localhost:8079/?token=518504778&user=-1355064518&config=3,9232,0,0
1777921692280,9232,HTTP Request,200,OK,Config 3: Exp7 1-117,text,true,,231,158,253,253,http://localhost:8079/?token=518504778&user=-1355064518&config=3,9232,0,0
1777921692169,9343,HTTP Request,200,OK,Config 3: Exp7 1-153,text,true,,231,158,253,253,http://localhost:8079/?token=518504778&user=-1355064518&config=3,9343,0,0
1777921692279,9234,HTTP Request,200,OK,Config 3: Exp7 1-137,text,true,,231,158,253,253,http://localhost:8079/?token=518504778&user=-1355064518&config=3,9234,0,0
1777921692279,9234,HTTP Request,200,OK,Config 3: Exp7 1-2,text,true,,231,158,253,253,http://localhost:8079/?token=518504778&user=-1355064518&config=3,9234,0,0
1777921692216,9297,HTTP Request,200,OK,Config 3: Exp7 1-194,text,true,,231,158,253,253,http://localhost:8079/?token=518504778&user=-1355064518&config=3,9297,0,1
1777921692279,9235,HTTP Request,200,OK,Config 3: Exp7 1-79,text,true,,231,158,253,253,http://localhost:8079/?token=518504778&user=-1355064518&config=3,9235,0,0
1777921692279,9235,HTTP Request,200,OK,Config 3: Exp7 1-98,text,true,,231,158,253,253,http://localhost:8079/?token=518504778&user=-1355064518&config=3,9235,0,0
1777921694072,8188,HTTP Request,200,OK,Config 3: Exp7 1-14,text,true,,231,158,258,258,http://localhost:8079/?token=518504778&user=-1355064518&config=3,8188,0,0
1777921694072,8188,HTTP Request,200,OK,Config 3: Exp7 1-111,text,true,,231,158,258,258,http://localhost:8079/?token=518504778&user=-1355064518&config=3,8188,0,0
1777921694072,8188,HTTP Request,200,OK,Config 3: Exp7 1-91,text,true,,231,158,258,258,http://localhost:8079/?token=518504778&user=-1355064518&config=3,8188,0,0
1777921694072,8188,HTTP Request,200,OK,Config 3: Exp7 1-134,text,true,,231,158,258,258,http://localhost:8079/?token=518504778&user=-1355064518&config=3,8188,0,0
1777921694072,8188,HTTP Request,200,OK,Config 3: Exp7 1-131,text,true,,231,158,258,258,http://localhost:8079/?token=518504778&user=-1355064518&config=3,8188,0,0
1777921694088,8172,HTTP Request,200,OK,Config 3: Exp7 1-53,text,true,,231,158,258,258,http://localhost:8079/?token=518504778&user=-1355064518&config=3,8172,0,0
1777921694072,8188,HTTP Request,200,OK,Config 3: Exp7 1-35,text,true,,231,158,258,258,http://localhost:8079/?token=518504778&user=-1355064518&config=3,8188,0,0
1777921694088,8172,HTTP Request,200,OK,Config 3: Exp7 1-54,text,true,,231,158,258,258,http://localhost:8079/?token=518504778&user=-1355064518&config=3,8172,0,0
1777921694072,8188,HTTP Request,200,OK,Config 3: Exp7 1-110,text,true,,231,158,258,258,http://localhost:8079/?token=518504778&user=-1355064518&config=3,8188,0,0
1777921694088,8172,HTTP Request,200,OK,Config 3: Exp7 1-206,text,true,,231,158,258,258,http://localhost:8079/?token=518504778&user=-1355064518&config=3,8172,0,0
1777921694207,8056,HTTP Request,200,OK,Config 3: Exp7 1-106,text,true,,231,158,258,258,http://localhost:8079/?token=518504778&user=-1355064518&config=3,8056,0,0
1777921692394,10106,HTTP Request,200,OK,Config 3: Exp7 1-47,text,true,,231,158,259,259,http://localhost:8079/?token=518504778&user=-1355064518&config=3,10106,0,0
1777921692394,10106,HTTP Request,200,OK,Config 3: Exp7 1-9,text,true,,231,158,259,259,http://localhost:8079/?token=518504778&user=-1355064518&config=3,10106,0,0
1777921692394,10106,HTTP Request,200,OK,Config 3: Exp7 1-84,text,true,,231,158,259,259,http://localhost:8079/?token=518504778&user=-1355064518&config=3,10106,0,0
1777921692394,10110,HTTP Request,200,OK,Config 3: Exp7 1-46,text,true,,231,158,259,259,http://localhost:8079/?token=518504778&user=-1355064518&config=3,10110,0,0
1777921692394,10110,HTTP Request,200,OK,Config 3: Exp7 1-65,text,true,,231,158,259,259,http://localhost:8079/?token=518504778&user=-1355064518&config=3,10110,0,0
1777921692394,10110,HTTP Request,200,OK,Config 3: Exp7 1-8,text,true,,231,158,259,259,http://localhost:8079/?token=518504778&user=-1355064518&config=3,10110,0,0
1777921692394,10110,HTTP Request,200,OK,Config 3: Exp7 1-154,text,true,,231,158,259,259,http://localhost:8079/?token=518504778&user=-1355064518&config=3,10110,0,0
1777921692394,10110,HTTP Request,200,OK,Config 3: Exp7 1-85,text,true,,231,158,259,259,http://localhost:8079/?token=518504778&user=-1355064518&config=3,10110,0,0
1777921692373,10131,HTTP Request,200,OK,Config 3: Exp7 1-195,text,true,,231,158,259,259,http://localhost:8079/?token=518504778&user=-1355064518&config=3,10131,0,0
1777921692684,9820,HTTP Request,200,OK,Config 3: Exp7 1-197,text,true,,231,158,259,259,http://localhost:8079/?token=518504778&user=-1355064518&config=3,9820,0,1
1777921692529,9975,HTTP Request,200,OK,Config 3: Exp7 1-196,text,true,,231,158,259,259,http://localhost:8079/?token=518504778&user=-1355064518&config=3,9975,0,0
1777921692840,9664,HTTP Request,200,OK,Config 3: Exp7 1-198,text,true,,231,158,259,259,http://localhost:8079/?token=518504778&user=-1355064518&config=3,9664,0,1
1777921694642,10288,HTTP Request,200,OK,Config 3: Exp7 1-10,text,true,,231,158,275,275,http://localhost:8079/?token=518504778&user=-1355064518&config=3,10288,0,0
1777921694636,10294,HTTP Request,200,OK,Config 3: Exp7 1-125,text,true,,231,158,275,275,http://localhost:8079/?token=518504778&user=-1355064518&config=3,10294,0,0
1777921694636,10294,HTTP Request,200,OK,Config 3: Exp7 1-162,text,true,,231,158,275,275,http://localhost:8079/?token=518504778&user=-1355064518&config=3,10294,0,0
1777921694244,10686,HTTP Request,200,OK,Config 3: Exp7 1-207,text,true,,231,158,275,275,http://localhost:8079/?token=518504778&user=-1355064518&config=3,10686,0,1
1777921694556,10374,HTTP Request,200,OK,Config 3: Exp7 1-209,text,true,,231,158,275,275,http://localhost:8079/?token=518504778&user=-1355064518&config=3,10374,0,1
1777921694400,10530,HTTP Request,200,OK,Config 3: Exp7 1-208,text,true,,231,158,275,275,http://localhost:8079/?token=518504778&user=-1355064518&config=3,10530,0,1
1777921694712,10218,HTTP Request,200,OK,Config 3: Exp7 1-210,text,true,,231,158,275,275,http://localhost:8079/?token=518504778&user=-1355064518&config=3,10218,0,1
1777921694636,10295,HTTP Request,200,OK,Config 3: Exp7 1-161,text,true,,231,158,275,275,http://localhost:8079/?token=518504778&user=-1355064518&config=3,10295,0,0
1777921694929,10003,HTTP Request,200,OK,Config 3: Exp7 1-55,text,true,,231,158,275,275,http://localhost:8079/?token=518504778&user=-1355064518&config=3,10003,0,0
1777921694930,10002,HTTP Request,200,OK,Config 3: Exp7 1-94,text,true,,231,158,275,275,http://localhost:8079/?token=518504778&user=-1355064518&config=3,10002,0,0
1777921694870,10062,HTTP Request,200,OK,Config 3: Exp7 1-211,text,true,,231,158,275,275,http://localhost:8079/?token=518504778&user=-1355064518&config=3,10062,0,1
1777921694930,10002,HTTP Request,200,OK,Config 3: Exp7 1-74,text,true,,231,158,275,275,http://localhost:8079/?token=518504778&user=-1355064518&config=3,10002,0,0
1777921694929,10003,HTTP Request,200,OK,Config 3: Exp7 1-16,text,true,,231,158,275,275,http://localhost:8079/?token=518504778&user=-1355064518&config=3,10003,0,0
1777921694929,10003,HTTP Request,200,OK,Config 3: Exp7 1-36,text,true,,231,158,275,275,http://localhost:8079/?token=518504778&user=-1355064518&config=3,10003,0,0
1777921694929,10003,HTTP Request,200,OK,Config 3: Exp7 1-112,text,true,,231,158,275,275,http://localhost:8079/?token=518504778&user=-1355064518&config=3,10003,0,0
1777921694930,10002,HTTP Request,200,OK,Config 3: Exp7 1-166,text,true,,231,158,275,275,http://localhost:8079/?token=518504778&user=-1355064518&config=3,10002,0,0
1777921694929,10003,HTTP Request,200,OK,Config 3: Exp7 1-93,text,true,,231,158,275,275,http://localhost:8079/?token=518504778&user=-1355064518&config=3,10003,0,0
1777921695271,9663,HTTP Request,200,OK,Config 3: Exp7 1-17,text,true,,231,158,275,275,http://localhost:8079/?token=518504778&user=-1355064518&config=3,9663,0,0
1777921695271,9663,HTTP Request,200,OK,Config 3: Exp7 1-168,text,true,,231,158,275,275,http://localhost:8079/?token=518504778&user=-1355064518&config=3,9663,0,0
1777921695271,9663,HTTP Request,200,OK,Config 3: Exp7 1-113,text,true,,231,158,275,275,http://localhost:8079/?token=518504778&user=-1355064518&config=3,9663,0,0
1777921695024,9910,HTTP Request,200,OK,Config 3: Exp7 1-212,text,true,,231,158,275,275,http://localhost:8079/?token=518504778&user=-1355064518&config=3,9910,0,0
1777921695180,9754,HTTP Request,200,OK,Config 3: Exp7 1-213,text,true,,231,158,275,275,http://localhost:8079/?token=518504778&user=-1355064518&config=3,9754,0,1
1777921695272,9662,HTTP Request,200,OK,Config 3: Exp7 1-135,text,true,,231,158,275,275,http://localhost:8079/?token=518504778&user=-1355064518&config=3,9662,0,0
1777921695364,9571,HTTP Request,200,OK,Config 3: Exp7 1-31,text,true,,231,158,275,275,http://localhost:8079/?token=518504778&user=-1355064518&config=3,9571,0,0
1777921695364,9571,HTTP Request,200,OK,Config 3: Exp7 1-50,text,true,,231,158,275,275,http://localhost:8079/?token=518504778&user=-1355064518&config=3,9571,0,0
1777921695363,9572,HTTP Request,200,OK,Config 3: Exp7 1-11,text,true,,231,158,275,275,http://localhost:8079/?token=518504778&user=-1355064518&config=3,9572,0,0
1777921695364,9571,HTTP Request,200,OK,Config 3: Exp7 1-69,text,true,,231,158,275,275,http://localhost:8079/?token=518504778&user=-1355064518&config=3,9571,0,0
1777921695364,9571,HTTP Request,200,OK,Config 3: Exp7 1-126,text,true,,231,158,275,275,http://localhost:8079/?token=518504778&user=-1355064518&config=3,9571,0,0
1777921695364,9571,HTTP Request,200,OK,Config 3: Exp7 1-108,text,true,,231,158,275,275,http://localhost:8079/?token=518504778&user=-1355064518&config=3,9571,0,0
1777921695363,9572,HTTP Request,200,OK,Config 3: Exp7 1-107,text,true,,231,158,275,275,http://localhost:8079/?token=518504778&user=-1355064518&config=3,9572,0,0
1777921695363,9573,HTTP Request,200,OK,Config 3: Exp7 1-88,text,true,,231,158,275,275,http://localhost:8079/?token=518504778&user=-1355064518&config=3,9573,0,0
1777921695336,9600,HTTP Request,200,OK,Config 3: Exp7 1-214,text,true,,231,158,275,275,http://localhost:8079/?token=518504778&user=-1355064518&config=3,9600,0,0
1777921695272,9664,HTTP Request,200,OK,Config 3: Exp7 1-170,text,true,,231,158,275,275,http://localhost:8079/?token=518504778&user=-1355064518&config=3,9664,0,0
1777921695403,9533,HTTP Request,200,OK,Config 3: Exp7 1-163,text,true,,231,158,275,275,http://localhost:8079/?token=518504778&user=-1355064518&config=3,9533,0,0
1777921695271,9665,HTTP Request,200,OK,Config 3: Exp7 1-167,text,true,,231,158,275,275,http://localhost:8079/?token=518504778&user=-1355064518&config=3,9665,0,0
1777921695365,9571,HTTP Request,200,OK,Config 3: Exp7 1-127,text,true,,231,158,275,275,http://localhost:8079/?token=518504778&user=-1355064518&config=3,9571,0,0
1777921695272,9664,HTTP Request,200,OK,Config 3: Exp7 1-169,text,true,,231,158,275,275,http://localhost:8079/?token=518504778&user=-1355064518&config=3,9664,0,0
1777921695492,9487,HTTP Request,200,OK,Config 3: Exp7 1-215,text,true,,231,158,275,275,http://localhost:8079/?token=518504778&user=-1355064518&config=3,9487,0,0
1777921695474,9505,HTTP Request,200,OK,Config 3: Exp7 1-171,text,true,,231,158,275,275,http://localhost:8079/?token=518504778&user=-1355064518&config=3,9505,0,0
1777921697677,7305,HTTP Request,500,Internal Server Error,Config 3: Exp7 1-229,text,false,"Test failed: code expected to equal /

****** received  : [[[5]]]00

****** comparison: [[[2]]]00

/",233,158,275,275,http://localhost:8079/?token=518504778&user=-1355064518&config=3,7305,0,1
1777921697834,7149,HTTP Request,500,Internal Server Error,Config 3: Exp7 1-230,text,false,"Test failed: code expected to equal /

****** received  : [[[5]]]00

****** comparison: [[[2]]]00

/",233,158,275,275,http://localhost:8079/?token=518504778&user=-1355064518&config=3,7149,0,0
1777921695568,9781,HTTP Request,200,OK,Config 3: Exp7 1-56,text,true,,231,158,278,278,http://localhost:8079/?token=518504778&user=-1355064518&config=3,9781,0,0
1777921695648,9701,HTTP Request,200,OK,Config 3: Exp7 1-216,text,true,,231,158,278,278,http://localhost:8079/?token=518504778&user=-1355064518&config=3,9701,0,0
1777921696117,9233,HTTP Request,200,OK,Config 3: Exp7 1-219,text,true,,231,158,278,278,http://localhost:8079/?token=518504778&user=-1355064518&config=3,9233,0,0
1777921695804,9545,HTTP Request,200,OK,Config 3: Exp7 1-217,text,true,,231,158,278,278,http://localhost:8079/?token=518504778&user=-1355064518&config=3,9545,0,1
1777921695961,9389,HTTP Request,200,OK,Config 3: Exp7 1-218,text,true,,231,158,278,278,http://localhost:8079/?token=518504778&user=-1355064518&config=3,9389,0,0
1777921698302,7178,HTTP Request,500,Internal Server Error,Config 3: Exp7 1-233,text,false,"Test failed: code expected to equal /

****** received  : [[[5]]]00

****** comparison: [[[2]]]00

/",233,158,279,279,http://localhost:8079/?token=518504778&user=-1355064518&config=3,7178,0,1
1777921698459,7022,HTTP Request,500,Internal Server Error,Config 3: Exp7 1-234,text,false,"Test failed: code expected to equal /

****** received  : [[[5]]]00

****** comparison: [[[2]]]00

/",233,158,279,279,http://localhost:8079/?token=518504778&user=-1355064518&config=3,7022,0,0
1777921698614,6868,HTTP Request,500,Internal Server Error,Config 3: Exp7 1-235,text,false,"Test failed: code expected to equal /

****** received  : [[[5]]]00

****** comparison: [[[2]]]00

/",233,158,279,279,http://localhost:8079/?token=518504778&user=-1355064518&config=3,6868,0,1
1777921696224,10013,HTTP Request,200,OK,Config 3: Exp7 1-75,text,true,,231,158,283,283,http://localhost:8079/?token=518504778&user=-1355064518&config=3,10013,0,0
1777921696224,10013,HTTP Request,200,OK,Config 3: Exp7 1-19,text,true,,231,158,283,283,http://localhost:8079/?token=518504778&user=-1355064518&config=3,10013,0,0
1777921696225,10013,HTTP Request,200,OK,Config 3: Exp7 1-38,text,true,,231,158,283,283,http://localhost:8079/?token=518504778&user=-1355064518&config=3,10013,0,0
1777921696224,10014,HTTP Request,200,OK,Config 3: Exp7 1-37,text,true,,231,158,283,283,http://localhost:8079/?token=518504778&user=-1355064518&config=3,10014,0,0
1777921696225,10013,HTTP Request,200,OK,Config 3: Exp7 1-177,text,true,,231,158,283,283,http://localhost:8079/?token=518504778&user=-1355064518&config=3,10013,0,0
1777921696225,10013,HTTP Request,200,OK,Config 3: Exp7 1-18,text,true,,231,158,283,283,http://localhost:8079/?token=518504778&user=-1355064518&config=3,10013,0,0
1777921696226,10012,HTTP Request,200,OK,Config 3: Exp7 1-77,text,true,,231,158,283,283,http://localhost:8079/?token=518504778&user=-1355064518&config=3,10012,0,0
1777921696225,10013,HTTP Request,200,OK,Config 3: Exp7 1-114,text,true,,231,158,283,283,http://localhost:8079/?token=518504778&user=-1355064518&config=3,10013,0,0
1777921696225,10013,HTTP Request,200,OK,Config 3: Exp7 1-115,text,true,,231,158,283,283,http://localhost:8079/?token=518504778&user=-1355064518&config=3,10013,0,0
1777921696596,9643,HTTP Request,200,OK,Config 3: Exp7 1-129,text,true,,231,158,283,283,http://localhost:8079/?token=518504778&user=-1355064518&config=3,9643,0,0
1777921696273,9966,HTTP Request,200,OK,Config 3: Exp7 1-220,text,true,,231,158,283,283,http://localhost:8079/?token=518504778&user=-1355064518&config=3,9966,0,1
1777921696596,9643,HTTP Request,200,OK,Config 3: Exp7 1-165,text,true,,231,158,283,283,http://localhost:8079/?token=518504778&user=-1355064518&config=3,9643,0,0
1777921696430,9809,HTTP Request,200,OK,Config 3: Exp7 1-221,text,true,,231,158,283,283,http://localhost:8079/?token=518504778&user=-1355064518&config=3,9809,0,0
1777921696586,10556,HTTP Request,200,OK,Config 3: Exp7 1-222,text,true,,231,158,289,289,http://localhost:8079/?token=518504778&user=-1355064518&config=3,10556,0,0
1777921696637,10576,HTTP Request,200,OK,Config 3: Exp7 1-73,text,true,,231,158,290,290,http://localhost:8079/?token=518504778&user=-1355064518&config=3,10576,0,0
1777921696634,10579,HTTP Request,200,OK,Config 3: Exp7 1-76,text,true,,231,158,290,290,http://localhost:8079/?token=518504778&user=-1355064518&config=3,10579,0,0
1777921696634,10579,HTTP Request,200,OK,Config 3: Exp7 1-96,text,true,,231,158,290,290,http://localhost:8079/?token=518504778&user=-1355064518&config=3,10579,0,0
1777921696635,10578,HTTP Request,200,OK,Config 3: Exp7 1-178,text,true,,231,158,290,290,http://localhost:8079/?token=518504778&user=-1355064518&config=3,10578,0,0
1777921696637,10576,HTTP Request,200,OK,Config 3: Exp7 1-92,text,true,,231,158,290,290,http://localhost:8079/?token=518504778&user=-1355064518&config=3,10576,0,0
1777921696637,10576,HTTP Request,200,OK,Config 3: Exp7 1-179,text,true,,231,158,290,290,http://localhost:8079/?token=518504778&user=-1355064518&config=3,10576,0,0
1777921696637,10577,HTTP Request,200,OK,Config 3: Exp7 1-34,text,true,,231,158,290,290,http://localhost:8079/?token=518504778&user=-1355064518&config=3,10577,0,0
1777921696635,10579,HTTP Request,200,OK,Config 3: Exp7 1-39,text,true,,231,158,290,290,http://localhost:8079/?token=518504778&user=-1355064518&config=3,10579,0,0
1777921696637,10577,HTTP Request,200,OK,Config 3: Exp7 1-15,text,true,,231,158,290,290,http://localhost:8079/?token=518504778&user=-1355064518&config=3,10577,0,0
1777921696637,10577,HTTP Request,200,OK,Config 3: Exp7 1-60,text,true,,231,158,290,290,http://localhost:8079/?token=518504778&user=-1355064518&config=3,10577,0,0
1777921696637,10577,HTTP Request,200,OK,Config 3: Exp7 1-95,text,true,,231,158,290,290,http://localhost:8079/?token=518504778&user=-1355064518&config=3,10577,0,0
1777921696637,10577,HTTP Request,200,OK,Config 3: Exp7 1-72,text,true,,231,158,290,290,http://localhost:8079/?token=518504778&user=-1355064518&config=3,10577,0,0
1777921696637,10579,HTTP Request,200,OK,Config 3: Exp7 1-41,text,true,,231,158,290,290,http://localhost:8079/?token=518504778&user=-1355064518&config=3,10579,0,0
1777921696637,10579,HTTP Request,200,OK,Config 3: Exp7 1-180,text,true,,231,158,290,290,http://localhost:8079/?token=518504778&user=-1355064518&config=3,10579,0,0
1777921696637,10579,HTTP Request,200,OK,Config 3: Exp7 1-182,text,true,,231,158,290,290,http://localhost:8079/?token=518504778&user=-1355064518&config=3,10579,0,0
1777921696637,10579,HTTP Request,200,OK,Config 3: Exp7 1-181,text,true,,231,158,290,290,http://localhost:8079/?token=518504778&user=-1355064518&config=3,10579,0,0
1777921696686,10951,HTTP Request,200,OK,Config 3: Exp7 1-139,text,true,,231,158,292,292,http://localhost:8079/?token=518504778&user=-1355064518&config=3,10951,0,0
1777921696685,10952,HTTP Request,200,OK,Config 3: Exp7 1-142,text,true,,231,158,292,292,http://localhost:8079/?token=518504778&user=-1355064518&config=3,10952,0,0
1777921696685,10952,HTTP Request,200,OK,Config 3: Exp7 1-183,text,true,,231,158,292,292,http://localhost:8079/?token=518504778&user=-1355064518&config=3,10952,0,0
1777921696685,10952,HTTP Request,200,OK,Config 3: Exp7 1-141,text,true,,231,158,292,292,http://localhost:8079/?token=518504778&user=-1355064518&config=3,10952,0,0
1777921696687,10950,HTTP Request,200,OK,Config 3: Exp7 1-144,text,true,,231,158,292,292,http://localhost:8079/?token=518504778&user=-1355064518&config=3,10950,0,0
1777921696685,10952,HTTP Request,200,OK,Config 3: Exp7 1-140,text,true,,231,158,292,292,http://localhost:8079/?token=518504778&user=-1355064518&config=3,10952,0,0
1777921696687,10950,HTTP Request,200,OK,Config 3: Exp7 1-184,text,true,,231,158,292,292,http://localhost:8079/?token=518504778&user=-1355064518&config=3,10950,0,0
1777921696688,10949,HTTP Request,200,OK,Config 3: Exp7 1-118,text,true,,231,158,292,292,http://localhost:8079/?token=518504778&user=-1355064518&config=3,10949,0,0
1777921696687,10950,HTTP Request,200,OK,Config 3: Exp7 1-143,text,true,,231,158,292,292,http://localhost:8079/?token=518504778&user=-1355064518&config=3,10950,0,0
1777921696688,10949,HTTP Request,200,OK,Config 3: Exp7 1-185,text,true,,231,158,292,292,http://localhost:8079/?token=518504778&user=-1355064518&config=3,10949,0,0
1777921696688,10949,HTTP Request,200,OK,Config 3: Exp7 1-145,text,true,,231,158,292,292,http://localhost:8079/?token=518504778&user=-1355064518&config=3,10949,0,0
1777921696688,10949,HTTP Request,200,OK,Config 3: Exp7 1-146,text,true,,231,158,292,292,http://localhost:8079/?token=518504778&user=-1355064518&config=3,10949,0,0
1777921696688,10949,HTTP Request,200,OK,Config 3: Exp7 1-99,text,true,,231,158,292,292,http://localhost:8079/?token=518504778&user=-1355064518&config=3,10949,0,0
1777921696688,10949,HTTP Request,200,OK,Config 3: Exp7 1-147,text,true,,231,158,292,292,http://localhost:8079/?token=518504778&user=-1355064518&config=3,10949,0,0
1777921696688,10951,HTTP Request,200,OK,Config 3: Exp7 1-3,text,true,,231,158,292,292,http://localhost:8079/?token=518504778&user=-1355064518&config=3,10951,0,0
1777921696688,10951,HTTP Request,200,OK,Config 3: Exp7 1-22,text,true,,231,158,292,292,http://localhost:8079/?token=518504778&user=-1355064518&config=3,10951,0,0
1777921696745,11523,HTTP Request,200,OK,Config 3: Exp7 1-42,text,true,,231,158,296,296,http://localhost:8079/?token=518504778&user=-1355064518&config=3,11523,0,0
1777921696741,11527,HTTP Request,200,OK,Config 3: Exp7 1-223,text,true,,231,158,296,296,http://localhost:8079/?token=518504778&user=-1355064518&config=3,11527,0,1
1777921696745,11523,HTTP Request,200,OK,Config 3: Exp7 1-80,text,true,,231,158,296,296,http://localhost:8079/?token=518504778&user=-1355064518&config=3,11523,0,0
1777921696745,11523,HTTP Request,200,OK,Config 3: Exp7 1-81,text,true,,231,158,296,296,http://localhost:8079/?token=518504778&user=-1355064518&config=3,11523,0,0
1777921696745,11523,HTTP Request,200,OK,Config 3: Exp7 1-43,text,true,,231,158,296,296,http://localhost:8079/?token=518504778&user=-1355064518&config=3,11523,0,0
1777921696745,11523,HTTP Request,200,OK,Config 3: Exp7 1-4,text,true,,231,158,296,296,http://localhost:8079/?token=518504778&user=-1355064518&config=3,11523,0,0
1777921696745,11523,HTTP Request,200,OK,Config 3: Exp7 1-62,text,true,,231,158,296,296,http://localhost:8079/?token=518504778&user=-1355064518&config=3,11523,0,0
1777921696898,11371,HTTP Request,200,OK,Config 3: Exp7 1-224,text,true,,231,158,296,296,http://localhost:8079/?token=518504778&user=-1355064518&config=3,11371,0,0
1777921697035,11235,HTTP Request,200,OK,Config 3: Exp7 1-23,text,true,,231,158,296,296,http://localhost:8079/?token=518504778&user=-1355064518&config=3,11235,0,0
1777921697035,11235,HTTP Request,200,OK,Config 3: Exp7 1-119,text,true,,231,158,296,296,http://localhost:8079/?token=518504778&user=-1355064518&config=3,11235,0,0
1777921697054,11216,HTTP Request,200,OK,Config 3: Exp7 1-225,text,true,,231,158,296,296,http://localhost:8079/?token=518504778&user=-1355064518&config=3,11216,0,1
1777921697170,11181,HTTP Request,200,OK,Config 3: Exp7 1-61,text,true,,231,158,297,297,http://localhost:8079/?token=518504778&user=-1355064518&config=3,11181,0,0
1777921697170,11182,HTTP Request,200,OK,Config 3: Exp7 1-6,text,true,,231,158,297,297,http://localhost:8079/?token=518504778&user=-1355064518&config=3,11182,0,0
1777921697170,11182,HTTP Request,200,OK,Config 3: Exp7 1-101,text,true,,231,158,297,297,http://localhost:8079/?token=518504778&user=-1355064518&config=3,11182,0,0
1777921697170,11182,HTTP Request,200,OK,Config 3: Exp7 1-151,text,true,,231,158,297,297,http://localhost:8079/?token=518504778&user=-1355064518&config=3,11182,0,0
1777921697170,11182,HTTP Request,200,OK,Config 3: Exp7 1-190,text,true,,231,158,297,297,http://localhost:8079/?token=518504778&user=-1355064518&config=3,11182,0,0
1777921697170,11182,HTTP Request,200,OK,Config 3: Exp7 1-150,text,true,,231,158,297,297,http://localhost:8079/?token=518504778&user=-1355064518&config=3,11182,0,0
1777921697170,11182,HTTP Request,200,OK,Config 3: Exp7 1-149,text,true,,231,158,297,297,http://localhost:8079/?token=518504778&user=-1355064518&config=3,11182,0,0
1777921697170,11182,HTTP Request,200,OK,Config 3: Exp7 1-25,text,true,,231,158,297,297,http://localhost:8079/?token=518504778&user=-1355064518&config=3,11182,0,0
1777921697170,11182,HTTP Request,200,OK,Config 3: Exp7 1-63,text,true,,231,158,297,297,http://localhost:8079/?token=518504778&user=-1355064518&config=3,11182,0,0
1777921697170,11184,HTTP Request,200,OK,Config 3: Exp7 1-44,text,true,,231,158,297,297,http://localhost:8079/?token=518504778&user=-1355064518&config=3,11184,0,0
1777921697170,11184,HTTP Request,200,OK,Config 3: Exp7 1-83,text,true,,231,158,297,297,http://localhost:8079/?token=518504778&user=-1355064518&config=3,11184,0,0
1777921697162,11192,HTTP Request,200,OK,Config 3: Exp7 1-100,text,true,,231,158,297,297,http://localhost:8079/?token=518504778&user=-1355064518&config=3,11192,0,0
1777921697170,11184,HTTP Request,200,OK,Config 3: Exp7 1-188,text,true,,231,158,297,297,http://localhost:8079/?token=518504778&user=-1355064518&config=3,11184,0,0
1777921697170,11184,HTTP Request,200,OK,Config 3: Exp7 1-120,text,true,,231,158,297,297,http://localhost:8079/?token=518504778&user=-1355064518&config=3,11184,0,0
1777921697521,10833,HTTP Request,200,OK,Config 3: Exp7 1-174,text,true,,231,158,297,297,http://localhost:8079/?token=518504778&user=-1355064518&config=3,10833,0,0
1777921697163,11191,HTTP Request,200,OK,Config 3: Exp7 1-187,text,true,,231,158,297,297,http://localhost:8079/?token=518504778&user=-1355064518&config=3,11191,0,0
1777921697210,11144,HTTP Request,200,OK,Config 3: Exp7 1-226,text,true,,231,158,297,297,http://localhost:8079/?token=518504778&user=-1355064518&config=3,11144,0,0
1777921697170,11184,HTTP Request,200,OK,Config 3: Exp7 1-186,text,true,,231,158,297,297,http://localhost:8079/?token=518504778&user=-1355064518&config=3,11184,0,0
1777921697170,11184,HTTP Request,200,OK,Config 3: Exp7 1-189,text,true,,231,158,297,297,http://localhost:8079/?token=518504778&user=-1355064518&config=3,11184,0,0
1777921697170,11185,HTTP Request,200,OK,Config 3: Exp7 1-5,text,true,,231,158,297,297,http://localhost:8079/?token=518504778&user=-1355064518&config=3,11185,0,0
1777921697521,10834,HTTP Request,200,OK,Config 3: Exp7 1-57,text,true,,231,158,297,297,http://localhost:8079/?token=518504778&user=-1355064518&config=3,10834,0,0
1777921697170,11185,HTTP Request,200,OK,Config 3: Exp7 1-82,text,true,,231,158,297,297,http://localhost:8079/?token=518504778&user=-1355064518&config=3,11185,0,0
1777921697170,11185,HTTP Request,200,OK,Config 3: Exp7 1-24,text,true,,231,158,297,297,http://localhost:8079/?token=518504778&user=-1355064518&config=3,11185,0,0
1777921697170,11185,HTTP Request,200,OK,Config 3: Exp7 1-148,text,true,,231,158,297,297,http://localhost:8079/?token=518504778&user=-1355064518&config=3,11185,0,0
1777921697521,10834,HTTP Request,200,OK,Config 3: Exp7 1-172,text,true,,231,158,297,297,http://localhost:8079/?token=518504778&user=-1355064518&config=3,10834,0,0
1777921697521,10834,HTTP Request,200,OK,Config 3: Exp7 1-173,text,true,,231,158,297,297,http://localhost:8079/?token=518504778&user=-1355064518&config=3,10834,0,0
1777921697521,10834,HTTP Request,200,OK,Config 3: Exp7 1-175,text,true,,231,158,297,297,http://localhost:8079/?token=518504778&user=-1355064518&config=3,10834,0,0
1777921697521,10834,HTTP Request,200,OK,Config 3: Exp7 1-176,text,true,,231,158,297,297,http://localhost:8079/?token=518504778&user=-1355064518&config=3,10834,0,0
1777921697365,10990,HTTP Request,200,OK,Config 3: Exp7 1-227,text,true,,231,158,297,297,http://localhost:8079/?token=518504778&user=-1355064518&config=3,10990,0,1
1777921697521,10834,HTTP Request,200,OK,Config 3: Exp7 1-228,text,true,,231,158,297,297,http://localhost:8079/?token=518504778&user=-1355064518&config=3,10834,0,1
1777921697963,10526,HTTP Request,200,OK,Config 3: Exp7 1-7,text,true,,231,158,298,298,http://localhost:8079/?token=518504778&user=-1355064518&config=3,10526,0,0
1777921697963,10526,HTTP Request,200,OK,Config 3: Exp7 1-20,text,true,,231,158,298,298,http://localhost:8079/?token=518504778&user=-1355064518&config=3,10526,0,0
1777921697963,10526,HTTP Request,200,OK,Config 3: Exp7 1-102,text,true,,231,158,298,298,http://localhost:8079/?token=518504778&user=-1355064518&config=3,10526,0,0
1777921697963,10526,HTTP Request,200,OK,Config 3: Exp7 1-40,text,true,,231,158,298,298,http://localhost:8079/?token=518504778&user=-1355064518&config=3,10526,0,0
1777921697963,10526,HTTP Request,200,OK,Config 3: Exp7 1-192,text,true,,231,158,298,298,http://localhost:8079/?token=518504778&user=-1355064518&config=3,10526,0,0
1777921697963,10527,HTTP Request,200,OK,Config 3: Exp7 1-97,text,true,,231,158,298,298,http://localhost:8079/?token=518504778&user=-1355064518&config=3,10527,0,0
1777921697963,10527,HTTP Request,200,OK,Config 3: Exp7 1-21,text,true,,231,158,298,298,http://localhost:8079/?token=518504778&user=-1355064518&config=3,10527,0,0
1777921697963,10527,HTTP Request,200,OK,Config 3: Exp7 1-152,text,true,,231,158,298,298,http://localhost:8079/?token=518504778&user=-1355064518&config=3,10527,0,0
1777921697963,10527,HTTP Request,200,OK,Config 3: Exp7 1-122,text,true,,231,158,298,298,http://localhost:8079/?token=518504778&user=-1355064518&config=3,10527,0,0
1777921697963,10527,HTTP Request,200,OK,Config 3: Exp7 1-45,text,true,,231,158,298,298,http://localhost:8079/?token=518504778&user=-1355064518&config=3,10527,0,0
1777921697963,10527,HTTP Request,200,OK,Config 3: Exp7 1-193,text,true,,231,158,298,298,http://localhost:8079/?token=518504778&user=-1355064518&config=3,10527,0,0
1777921697963,10528,HTTP Request,200,OK,Config 3: Exp7 1-121,text,true,,231,158,298,298,http://localhost:8079/?token=518504778&user=-1355064518&config=3,10528,0,0
1777921697963,10528,HTTP Request,200,OK,Config 3: Exp7 1-191,text,true,,231,158,298,298,http://localhost:8079/?token=518504778&user=-1355064518&config=3,10528,0,0
1777921697990,10501,HTTP Request,200,OK,Config 3: Exp7 1-231,text,true,,231,158,298,298,http://localhost:8079/?token=518504778&user=-1355064518&config=3,10501,0,1
1777921698145,10346,HTTP Request,200,OK,Config 3: Exp7 1-232,text,true,,231,158,298,298,http://localhost:8079/?token=518504778&user=-1355064518&config=3,10346,0,1
1777921700225,8321,HTTP Request,200,OK,Config 3: Exp7 1-68,text,true,,231,158,298,298,http://localhost:8079/?token=518504778&user=-1355064518&config=3,8321,0,0
1777921700225,8321,HTTP Request,200,OK,Config 3: Exp7 1-201,text,true,,231,158,298,298,http://localhost:8079/?token=518504778&user=-1355064518&config=3,8321,0,0
1777921700224,8322,HTTP Request,200,OK,Config 3: Exp7 1-199,text,true,,231,158,298,298,http://localhost:8079/?token=518504778&user=-1355064518&config=3,8322,0,0
1777921700224,8365,HTTP Request,200,OK,Config 3: Exp7 1-200,text,true,,231,158,298,298,http://localhost:8079/?token=518504778&user=-1355064518&config=3,8365,0,0
1777921700174,8415,HTTP Request,200,OK,Config 3: Exp7 1-245,text,true,,231,158,298,298,http://localhost:8079/?token=518504778&user=-1355064518&config=3,8415,0,0
1777921700225,8365,HTTP Request,200,OK,Config 3: Exp7 1-202,text,true,,231,158,298,298,http://localhost:8079/?token=518504778&user=-1355064518&config=3,8365,0,0
1777921700225,8365,HTTP Request,200,OK,Config 3: Exp7 1-30,text,true,,231,158,298,298,http://localhost:8079/?token=518504778&user=-1355064518&config=3,8365,0,0
1777921700225,8366,HTTP Request,200,OK,Config 3: Exp7 1-49,text,true,,231,158,298,298,http://localhost:8079/?token=518504778&user=-1355064518&config=3,8366,0,0
1777921700329,8262,HTTP Request,200,OK,Config 3: Exp7 1-246,text,true,,231,158,298,298,http://localhost:8079/?token=518504778&user=-1355064518&config=3,8262,0,1
1777921700485,8106,HTTP Request,200,OK,Config 3: Exp7 1-247,text,true,,231,158,298,298,http://localhost:8079/?token=518504778&user=-1355064518&config=3,8106,0,1
1777921700641,7950,HTTP Request,200,OK,Config 3: Exp7 1-248,text,true,,231,158,298,298,http://localhost:8079/?token=518504778&user=-1355064518&config=3,7950,0,1
1777921698746,9979,HTTP Request,200,OK,Config 3: Exp7 1-58,text,true,,231,158,299,299,http://localhost:8079/?token=518504778&user=-1355064518&config=3,9979,0,0
1777921698746,9979,HTTP Request,200,OK,Config 3: Exp7 1-136,text,true,,231,158,299,299,http://localhost:8079/?token=518504778&user=-1355064518&config=3,9979,0,0
1777921698770,9956,HTTP Request,200,OK,Config 3: Exp7 1-236,text,true,,231,158,299,299,http://localhost:8079/?token=518504778&user=-1355064518&config=3,9956,0,1
1777921699081,9645,HTTP Request,200,OK,Config 3: Exp7 1-238,text,true,,231,158,299,299,http://localhost:8079/?token=518504778&user=-1355064518&config=3,9645,0,1
1777921698926,9800,HTTP Request,200,OK,Config 3: Exp7 1-237,text,true,,231,158,299,299,http://localhost:8079/?token=518504778&user=-1355064518&config=3,9800,0,0
1777921700831,8242,HTTP Request,200,OK,Config 3: Exp7 1-87,text,true,,231,158,302,302,http://localhost:8079/?token=518504778&user=-1355064518&config=3,8242,0,0
1777921700831,8242,HTTP Request,200,OK,Config 3: Exp7 1-164,text,true,,231,158,302,302,http://localhost:8079/?token=518504778&user=-1355064518&config=3,8242,0,0
1777921700831,8243,HTTP Request,200,OK,Config 3: Exp7 1-51,text,true,,231,158,302,302,http://localhost:8079/?token=518504778&user=-1355064518&config=3,8243,0,0
1777921700841,8233,HTTP Request,200,OK,Config 3: Exp7 1-90,text,true,,231,158,302,302,http://localhost:8079/?token=518504778&user=-1355064518&config=3,8233,0,0
1777921700841,8233,HTTP Request,200,OK,Config 3: Exp7 1-32,text,true,,231,158,302,302,http://localhost:8079/?token=518504778&user=-1355064518&config=3,8233,0,0
1777921700841,8233,HTTP Request,200,OK,Config 3: Exp7 1-12,text,true,,231,158,302,302,http://localhost:8079/?token=518504778&user=-1355064518&config=3,8233,0,0
1777921700841,8233,HTTP Request,200,OK,Config 3: Exp7 1-203,text,true,,231,158,302,302,http://localhost:8079/?token=518504778&user=-1355064518&config=3,8233,0,0
1777921700841,8234,HTTP Request,200,OK,Config 3: Exp7 1-204,text,true,,231,158,302,302,http://localhost:8079/?token=518504778&user=-1355064518&config=3,8234,0,0
1777921700841,8234,HTTP Request,200,OK,Config 3: Exp7 1-89,text,true,,231,158,302,302,http://localhost:8079/?token=518504778&user=-1355064518&config=3,8234,0,0
1777921700841,8234,HTTP Request,200,OK,Config 3: Exp7 1-205,text,true,,231,158,302,302,http://localhost:8079/?token=518504778&user=-1355064518&config=3,8234,0,0
1777921700841,8234,HTTP Request,200,OK,Config 3: Exp7 1-128,text,true,,231,158,302,302,http://localhost:8079/?token=518504778&user=-1355064518&config=3,8234,0,0
1777921700879,8196,HTTP Request,200,OK,Config 3: Exp7 1-123,text,true,,231,158,302,302,http://localhost:8079/?token=518504778&user=-1355064518&config=3,8196,0,0
1777921700841,8234,HTTP Request,200,OK,Config 3: Exp7 1-13,text,true,,231,158,302,302,http://localhost:8079/?token=518504778&user=-1355064518&config=3,8234,0,0
1777921700841,8234,HTTP Request,200,OK,Config 3: Exp7 1-70,text,true,,231,158,302,302,http://localhost:8079/?token=518504778&user=-1355064518&config=3,8234,0,0
1777921700797,8278,HTTP Request,200,OK,Config 3: Exp7 1-249,text,true,,231,158,302,302,http://localhost:8079/?token=518504778&user=-1355064518&config=3,8278,0,0
1777921700841,8234,HTTP Request,200,OK,Config 3: Exp7 1-109,text,true,,231,158,302,302,http://localhost:8079/?token=518504778&user=-1355064518&config=3,8234,0,0
1777921701000,8077,HTTP Request,200,OK,Config 3: Exp7 1-29,text,true,,231,158,302,302,http://localhost:8079/?token=518504778&user=-1355064518&config=3,8077,0,0
1777921700879,8198,HTTP Request,200,OK,Config 3: Exp7 1-27,text,true,,231,158,302,302,http://localhost:8079/?token=518504778&user=-1355064518&config=3,8198,0,0
1777921701000,8077,HTTP Request,200,OK,Config 3: Exp7 1-28,text,true,,231,158,302,302,http://localhost:8079/?token=518504778&user=-1355064518&config=3,8077,0,0
1777921701000,8077,HTTP Request,200,OK,Config 3: Exp7 1-66,text,true,,231,158,302,302,http://localhost:8079/?token=518504778&user=-1355064518&config=3,8077,0,0
1777921700925,8152,HTTP Request,200,OK,Config 3: Exp7 1-86,text,true,,231,158,302,302,http://localhost:8079/?token=518504778&user=-1355064518&config=3,8152,0,0
1777921700879,8198,HTTP Request,200,OK,Config 3: Exp7 1-104,text,true,,231,158,302,302,http://localhost:8079/?token=518504778&user=-1355064518&config=3,8198,0,0
1777921701000,8077,HTTP Request,200,OK,Config 3: Exp7 1-155,text,true,,231,158,302,302,http://localhost:8079/?token=518504778&user=-1355064518&config=3,8077,0,0
1777921701001,8076,HTTP Request,200,OK,Config 3: Exp7 1-156,text,true,,231,158,302,302,http://localhost:8079/?token=518504778&user=-1355064518&config=3,8076,0,0
1777921700953,8125,HTTP Request,200,OK,Config 3: Exp7 1-250,text,true,,231,158,302,302,http://localhost:8079/?token=518504778&user=-1355064518&config=3,8125,0,0
1777921701001,8077,HTTP Request,200,OK,Config 3: Exp7 1-158,text,true,,231,158,302,302,http://localhost:8079/?token=518504778&user=-1355064518&config=3,8077,0,0
1777921701001,8077,HTTP Request,200,OK,Config 3: Exp7 1-157,text,true,,231,158,302,302,http://localhost:8079/?token=518504778&user=-1355064518&config=3,8077,0,0
1777921701110,7968,HTTP Request,200,OK,Config 3: Exp7 1-251,text,true,,231,158,302,302,http://localhost:8079/?token=518504778&user=-1355064518&config=3,7968,0,0
1777921701265,7813,HTTP Request,200,OK,Config 3: Exp7 1-252,text,true,,231,158,302,302,http://localhost:8079/?token=518504778&user=-1355064518&config=3,7813,0,0
1777921701424,7655,HTTP Request,200,OK,Config 3: Exp7 1-253,text,true,,231,158,302,302,http://localhost:8079/?token=518504778&user=-1355064518&config=3,7655,0,1
1777921701511,7644,HTTP Request,200,OK,Config 3: Exp7 1-48,text,true,,231,158,302,302,http://localhost:8079/?token=518504778&user=-1355064518&config=3,7644,0,0
1777921701511,7644,HTTP Request,200,OK,Config 3: Exp7 1-67,text,true,,231,158,302,302,http://localhost:8079/?token=518504778&user=-1355064518&config=3,7644,0,0
1777921701511,7645,HTTP Request,200,OK,Config 3: Exp7 1-160,text,true,,231,158,302,302,http://localhost:8079/?token=518504778&user=-1355064518&config=3,7645,0,0
1777921701512,7643,HTTP Request,200,OK,Config 3: Exp7 1-1,text,true,,231,158,302,302,http://localhost:8079/?token=518504778&user=-1355064518&config=3,7643,0,0
1777921701511,7645,HTTP Request,200,OK,Config 3: Exp7 1-124,text,true,,231,158,302,302,http://localhost:8079/?token=518504778&user=-1355064518&config=3,7645,0,0
1777921701512,7644,HTTP Request,200,OK,Config 3: Exp7 1-116,text,true,,231,158,302,302,http://localhost:8079/?token=518504778&user=-1355064518&config=3,7644,0,0
1777921701511,7645,HTTP Request,200,OK,Config 3: Exp7 1-159,text,true,,231,158,302,302,http://localhost:8079/?token=518504778&user=-1355064518&config=3,7645,0,0
1777921701512,7644,HTTP Request,200,OK,Config 3: Exp7 1-33,text,true,,231,158,302,302,http://localhost:8079/?token=518504778&user=-1355064518&config=3,7644,0,0
1777921701512,7644,HTTP Request,200,OK,Config 3: Exp7 1-52,text,true,,231,158,302,302,http://localhost:8079/?token=518504778&user=-1355064518&config=3,7644,0,0
1777921701512,7644,HTTP Request,200,OK,Config 3: Exp7 1-130,text,true,,231,158,302,302,http://localhost:8079/?token=518504778&user=-1355064518&config=3,7644,0,0
1777921701512,7644,HTTP Request,200,OK,Config 3: Exp7 1-133,text,true,,231,158,302,302,http://localhost:8079/?token=518504778&user=-1355064518&config=3,7644,0,0
1777921701512,7646,HTTP Request,200,OK,Config 3: Exp7 1-132,text,true,,231,158,302,302,http://localhost:8079/?token=518504778&user=-1355064518&config=3,7646,0,0
1777921701513,8678,HTTP Request,200,OK,Config 3: Exp7 1-138,text,true,,231,158,309,309,http://localhost:8079/?token=518504778&user=-1355064518&config=3,8678,0,0
1777921701513,8678,HTTP Request,200,OK,Config 3: Exp7 1-153,text,true,,231,158,309,309,http://localhost:8079/?token=518504778&user=-1355064518&config=3,8678,0,0
1777921699278,11069,HTTP Request,200,OK,Config 3: Exp7 1-78,text,true,,231,158,310,310,http://localhost:8079/?token=518504778&user=-1355064518&config=3,11069,0,0
1777921699238,11109,HTTP Request,200,OK,Config 3: Exp7 1-239,text,true,,231,158,310,310,http://localhost:8079/?token=518504778&user=-1355064518&config=3,11109,0,0
1777921699393,10955,HTTP Request,200,OK,Config 3: Exp7 1-240,text,true,,231,158,310,310,http://localhost:8079/?token=518504778&user=-1355064518&config=3,10955,0,1
1777921699549,10799,HTTP Request,200,OK,Config 3: Exp7 1-241,text,true,,231,158,310,310,http://localhost:8079/?token=518504778&user=-1355064518&config=3,10799,0,1
1777921699706,10642,HTTP Request,200,OK,Config 3: Exp7 1-242,text,true,,231,158,310,310,http://localhost:8079/?token=518504778&user=-1355064518&config=3,10642,0,1
1777921699862,10682,HTTP Request,200,OK,Config 3: Exp7 1-243,text,true,,231,158,311,311,http://localhost:8079/?token=518504778&user=-1355064518&config=3,10682,0,0
1777921700017,10644,HTTP Request,200,OK,Config 3: Exp7 1-244,text,true,,231,158,312,312,http://localhost:8079/?token=518504778&user=-1355064518&config=3,10644,0,0
1777921704854,7853,HTTP Request,200,OK,Config 3: Exp7 1-275,text,true,,231,158,325,325,http://localhost:8079/?token=518504778&user=-1355064518&config=3,7853,0,0
1777921704934,7774,HTTP Request,200,OK,Config 3: Exp7 1-16,text,true,,231,158,325,325,http://localhost:8079/?token=518504778&user=-1355064518&config=3,7774,0,0
1777921704933,7775,HTTP Request,200,OK,Config 3: Exp7 1-74,text,true,,231,158,325,325,http://localhost:8079/?token=518504778&user=-1355064518&config=3,7775,0,0
1777921704932,7776,HTTP Request,200,OK,Config 3: Exp7 1-209,text,true,,231,158,325,325,http://localhost:8079/?token=518504778&user=-1355064518&config=3,7776,0,0
1777921704932,7777,HTTP Request,200,OK,Config 3: Exp7 1-161,text,true,,231,158,325,325,http://localhost:8079/?token=518504778&user=-1355064518&config=3,7777,0,0
1777921704934,7775,HTTP Request,200,OK,Config 3: Exp7 1-166,text,true,,231,158,325,325,http://localhost:8079/?token=518504778&user=-1355064518&config=3,7775,0,0
1777921704932,7777,HTTP Request,200,OK,Config 3: Exp7 1-162,text,true,,231,158,325,325,http://localhost:8079/?token=518504778&user=-1355064518&config=3,7777,0,0
1777921702261,10454,HTTP Request,200,OK,Config 3: Exp7 1-53,text,true,,231,158,325,325,http://localhost:8079/?token=518504778&user=-1355064518&config=3,10454,0,0
1777921702261,10454,HTTP Request,200,OK,Config 3: Exp7 1-14,text,true,,231,158,325,325,http://localhost:8079/?token=518504778&user=-1355064518&config=3,10454,0,0
1777921701515,11200,HTTP Request,200,OK,Config 3: Exp7 1-2,text,true,,231,158,325,325,http://localhost:8079/?token=518504778&user=-1355064518&config=3,11200,0,0
1777921701513,11202,HTTP Request,200,OK,Config 3: Exp7 1-26,text,true,,231,158,325,325,http://localhost:8079/?token=518504778&user=-1355064518&config=3,11202,0,0
1777921702261,10454,HTTP Request,200,OK,Config 3: Exp7 1-35,text,true,,231,158,325,325,http://localhost:8079/?token=518504778&user=-1355064518&config=3,10454,0,0
1777921701513,11202,HTTP Request,200,OK,Config 3: Exp7 1-59,text,true,,231,158,325,325,http://localhost:8079/?token=518504778&user=-1355064518&config=3,11202,0,0
1777921702261,10454,HTTP Request,200,OK,Config 3: Exp7 1-54,text,true,,231,158,325,325,http://localhost:8079/?token=518504778&user=-1355064518&config=3,10454,0,0
1777921701512,11203,HTTP Request,200,OK,Config 3: Exp7 1-71,text,true,,231,158,325,325,http://localhost:8079/?token=518504778&user=-1355064518&config=3,11203,0,0
1777921702261,10454,HTTP Request,200,OK,Config 3: Exp7 1-91,text,true,,231,158,325,325,http://localhost:8079/?token=518504778&user=-1355064518&config=3,10454,0,0
1777921701513,11202,HTTP Request,200,OK,Config 3: Exp7 1-64,text,true,,231,158,325,325,http://localhost:8079/?token=518504778&user=-1355064518&config=3,11202,0,0
1777921702261,10454,HTTP Request,200,OK,Config 3: Exp7 1-110,text,true,,231,158,325,325,http://localhost:8079/?token=518504778&user=-1355064518&config=3,10454,0,0
1777921702264,10451,HTTP Request,200,OK,Config 3: Exp7 1-106,text,true,,231,158,325,325,http://localhost:8079/?token=518504778&user=-1355064518&config=3,10451,0,0
1777921702261,10454,HTTP Request,200,OK,Config 3: Exp7 1-111,text,true,,231,158,325,325,http://localhost:8079/?token=518504778&user=-1355064518&config=3,10454,0,0
1777921701513,11202,HTTP Request,200,OK,Config 3: Exp7 1-117,text,true,,231,158,325,325,http://localhost:8079/?token=518504778&user=-1355064518&config=3,11202,0,0
1777921701511,11204,HTTP Request,200,OK,Config 3: Exp7 1-105,text,true,,231,158,325,325,http://localhost:8079/?token=518504778&user=-1355064518&config=3,11204,0,0
1777921702261,10454,HTTP Request,200,OK,Config 3: Exp7 1-131,text,true,,231,158,325,325,http://localhost:8079/?token=518504778&user=-1355064518&config=3,10454,0,0
1777921701515,11200,HTTP Request,200,OK,Config 3: Exp7 1-79,text,true,,231,158,325,325,http://localhost:8079/?token=518504778&user=-1355064518&config=3,11200,0,0
1777921701515,11200,HTTP Request,200,OK,Config 3: Exp7 1-98,text,true,,231,158,325,325,http://localhost:8079/?token=518504778&user=-1355064518&config=3,11200,0,0
1777921701513,11202,HTTP Request,200,OK,Config 3: Exp7 1-103,text,true,,231,158,325,325,http://localhost:8079/?token=518504778&user=-1355064518&config=3,11202,0,0
1777921701514,11201,HTTP Request,200,OK,Config 3: Exp7 1-137,text,true,,231,158,325,325,http://localhost:8079/?token=518504778&user=-1355064518&config=3,11201,0,0
1777921702261,10454,HTTP Request,200,OK,Config 3: Exp7 1-206,text,true,,231,158,325,325,http://localhost:8079/?token=518504778&user=-1355064518&config=3,10454,0,0
1777921701580,11135,HTTP Request,200,OK,Config 3: Exp7 1-254,text,true,,231,158,325,325,http://localhost:8079/?token=518504778&user=-1355064518&config=3,11135,0,1
1777921701515,11200,HTTP Request,200,OK,Config 3: Exp7 1-194,text,true,,231,158,325,325,http://localhost:8079/?token=518504778&user=-1355064518&config=3,11200,0,0
1777921702048,10668,HTTP Request,200,OK,Config 3: Exp7 1-257,text,true,,231,158,325,325,http://localhost:8079/?token=518504778&user=-1355064518&config=3,10668,0,0
1777921702261,10455,HTTP Request,200,OK,Config 3: Exp7 1-134,text,true,,231,158,325,325,http://localhost:8079/?token=518504778&user=-1355064518&config=3,10455,0,0
1777921701736,10980,HTTP Request,200,OK,Config 3: Exp7 1-255,text,true,,231,158,325,325,http://localhost:8079/?token=518504778&user=-1355064518&config=3,10980,0,1
1777921702360,10356,HTTP Request,200,OK,Config 3: Exp7 1-259,text,true,,231,158,325,325,http://localhost:8079/?token=518504778&user=-1355064518&config=3,10356,0,1
1777921702204,10512,HTTP Request,200,OK,Config 3: Exp7 1-258,text,true,,231,158,325,325,http://localhost:8079/?token=518504778&user=-1355064518&config=3,10512,0,1
1777921701892,10824,HTTP Request,200,OK,Config 3: Exp7 1-256,text,true,,231,158,325,325,http://localhost:8079/?token=518504778&user=-1355064518&config=3,10824,0,0
1777921702505,10281,HTTP Request,200,OK,Config 3: Exp7 1-46,text,true,,231,158,325,325,http://localhost:8079/?token=518504778&user=-1355064518&config=3,10281,0,0
1777921702505,10281,HTTP Request,200,OK,Config 3: Exp7 1-85,text,true,,231,158,325,325,http://localhost:8079/?token=518504778&user=-1355064518&config=3,10281,0,0
1777921702505,10281,HTTP Request,200,OK,Config 3: Exp7 1-197,text,true,,231,158,325,325,http://localhost:8079/?token=518504778&user=-1355064518&config=3,10281,0,0
1777921702505,10284,HTTP Request,200,OK,Config 3: Exp7 1-8,text,true,,231,158,325,325,http://localhost:8079/?token=518504778&user=-1355064518&config=3,10284,0,0
1777921702501,10288,HTTP Request,200,OK,Config 3: Exp7 1-47,text,true,,231,158,325,325,http://localhost:8079/?token=518504778&user=-1355064518&config=3,10288,0,0
1777921702501,10288,HTTP Request,200,OK,Config 3: Exp7 1-9,text,true,,231,158,325,325,http://localhost:8079/?token=518504778&user=-1355064518&config=3,10288,0,0
1777921702505,10284,HTTP Request,200,OK,Config 3: Exp7 1-195,text,true,,231,158,325,325,http://localhost:8079/?token=518504778&user=-1355064518&config=3,10284,0,0
1777921702983,9806,HTTP Request,200,OK,Config 3: Exp7 1-263,text,true,,231,158,325,325,http://localhost:8079/?token=518504778&user=-1355064518&config=3,9806,0,1
1777921702501,10288,HTTP Request,200,OK,Config 3: Exp7 1-84,text,true,,231,158,325,325,http://localhost:8079/?token=518504778&user=-1355064518&config=3,10288,0,0
1777921702671,10118,HTTP Request,200,OK,Config 3: Exp7 1-261,text,true,,231,158,325,325,http://localhost:8079/?token=518504778&user=-1355064518&config=3,10118,0,1
1777921702505,10284,HTTP Request,200,OK,Config 3: Exp7 1-198,text,true,,231,158,325,325,http://localhost:8079/?token=518504778&user=-1355064518&config=3,10284,0,0
1777921702505,10284,HTTP Request,200,OK,Config 3: Exp7 1-196,text,true,,231,158,325,325,http://localhost:8079/?token=518504778&user=-1355064518&config=3,10284,0,0
1777921703450,9339,HTTP Request,200,OK,Config 3: Exp7 1-266,text,true,,231,158,325,325,http://localhost:8079/?token=518504778&user=-1355064518&config=3,9339,0,0
1777921703606,9183,HTTP Request,200,OK,Config 3: Exp7 1-267,text,true,,231,158,325,325,http://localhost:8079/?token=518504778&user=-1355064518&config=3,9183,0,0
1777921702505,10284,HTTP Request,200,OK,Config 3: Exp7 1-65,text,true,,231,158,325,325,http://localhost:8079/?token=518504778&user=-1355064518&config=3,10284,0,0
1777921702828,9961,HTTP Request,200,OK,Config 3: Exp7 1-262,text,true,,231,158,325,325,http://localhost:8079/?token=518504778&user=-1355064518&config=3,9961,0,0
1777921703295,9494,HTTP Request,200,OK,Config 3: Exp7 1-265,text,true,,231,158,325,325,http://localhost:8079/?token=518504778&user=-1355064518&config=3,9494,0,1
1777921702516,10273,HTTP Request,200,OK,Config 3: Exp7 1-260,text,true,,231,158,325,325,http://localhost:8079/?token=518504778&user=-1355064518&config=3,10273,0,0
1777921702505,10284,HTTP Request,200,OK,Config 3: Exp7 1-154,text,true,,231,158,325,325,http://localhost:8079/?token=518504778&user=-1355064518&config=3,10284,0,0
1777921703139,9650,HTTP Request,200,OK,Config 3: Exp7 1-264,text,true,,231,158,325,325,http://localhost:8079/?token=518504778&user=-1355064518&config=3,9650,0,1
1777921704932,9515,HTTP Request,200,OK,Config 3: Exp7 1-208,text,true,,231,158,336,336,http://localhost:8079/?token=518504778&user=-1355064518&config=3,9515,0,0
1777921704932,9515,HTTP Request,200,OK,Config 3: Exp7 1-125,text,true,,231,158,336,336,http://localhost:8079/?token=518504778&user=-1355064518&config=3,9515,0,0
1777921704932,9515,HTTP Request,200,OK,Config 3: Exp7 1-210,text,true,,231,158,336,336,http://localhost:8079/?token=518504778&user=-1355064518&config=3,9515,0,0
1777921704932,9515,HTTP Request,200,OK,Config 3: Exp7 1-10,text,true,,231,158,336,336,http://localhost:8079/?token=518504778&user=-1355064518&config=3,9515,0,0
1777921704934,9513,HTTP Request,200,OK,Config 3: Exp7 1-112,text,true,,231,158,336,336,http://localhost:8079/?token=518504778&user=-1355064518&config=3,9513,0,0
1777921704934,9514,HTTP Request,200,OK,Config 3: Exp7 1-36,text,true,,231,158,336,336,http://localhost:8079/?token=518504778&user=-1355064518&config=3,9514,0,0
1777921704933,9515,HTTP Request,200,OK,Config 3: Exp7 1-94,text,true,,231,158,336,336,http://localhost:8079/?token=518504778&user=-1355064518&config=3,9515,0,0
1777921704932,9516,HTTP Request,200,OK,Config 3: Exp7 1-207,text,true,,231,158,336,336,http://localhost:8079/?token=518504778&user=-1355064518&config=3,9516,0,0
1777921704933,9517,HTTP Request,200,OK,Config 3: Exp7 1-55,text,true,,231,158,336,336,http://localhost:8079/?token=518504778&user=-1355064518&config=3,9517,0,0
1777921704933,9517,HTTP Request,200,OK,Config 3: Exp7 1-211,text,true,,231,158,336,336,http://localhost:8079/?token=518504778&user=-1355064518&config=3,9517,0,0
1777921704934,9516,HTTP Request,200,OK,Config 3: Exp7 1-93,text,true,,231,158,336,336,http://localhost:8079/?token=518504778&user=-1355064518&config=3,9516,0,0
1777921704937,9515,HTTP Request,200,OK,Config 3: Exp7 1-88,text,true,,231,158,336,336,http://localhost:8079/?token=518504778&user=-1355064518&config=3,9515,0,0
1777921704937,10168,HTTP Request,200,OK,Config 3: Exp7 1-163,text,true,,231,158,340,340,http://localhost:8079/?token=518504778&user=-1355064518&config=3,10168,0,0
1777921704937,10168,HTTP Request,200,OK,Config 3: Exp7 1-169,text,true,,231,158,340,340,http://localhost:8079/?token=518504778&user=-1355064518&config=3,10168,0,0
1777921704937,10168,HTTP Request,200,OK,Config 3: Exp7 1-214,text,true,,231,158,340,340,http://localhost:8079/?token=518504778&user=-1355064518&config=3,10168,0,0
1777921704937,10168,HTTP Request,200,OK,Config 3: Exp7 1-107,text,true,,231,158,340,340,http://localhost:8079/?token=518504778&user=-1355064518&config=3,10168,0,0
1777921704937,10168,HTTP Request,200,OK,Config 3: Exp7 1-108,text,true,,231,158,340,340,http://localhost:8079/?token=518504778&user=-1355064518&config=3,10168,0,0
1777921704937,10168,HTTP Request,200,OK,Config 3: Exp7 1-11,text,true,,231,158,340,340,http://localhost:8079/?token=518504778&user=-1355064518&config=3,10168,0,0
1777921704937,10169,HTTP Request,200,OK,Config 3: Exp7 1-170,text,true,,231,158,340,340,http://localhost:8079/?token=518504778&user=-1355064518&config=3,10169,0,0
1777921704937,10169,HTTP Request,200,OK,Config 3: Exp7 1-127,text,true,,231,158,340,340,http://localhost:8079/?token=518504778&user=-1355064518&config=3,10169,0,0
1777921704935,10357,HTTP Request,200,OK,Config 3: Exp7 1-17,text,true,,231,158,341,341,http://localhost:8079/?token=518504778&user=-1355064518&config=3,10357,0,0
1777921704937,10355,HTTP Request,200,OK,Config 3: Exp7 1-126,text,true,,231,158,341,341,http://localhost:8079/?token=518504778&user=-1355064518&config=3,10355,0,0
1777921703762,11530,HTTP Request,200,OK,Config 3: Exp7 1-268,text,true,,231,158,341,341,http://localhost:8079/?token=518504778&user=-1355064518&config=3,11530,0,0
1777921703918,11374,HTTP Request,200,OK,Config 3: Exp7 1-269,text,true,,231,158,341,341,http://localhost:8079/?token=518504778&user=-1355064518&config=3,11374,0,0
1777921704074,11218,HTTP Request,200,OK,Config 3: Exp7 1-270,text,true,,231,158,341,341,http://localhost:8079/?token=518504778&user=-1355064518&config=3,11218,0,0
1777921704937,10355,HTTP Request,200,OK,Config 3: Exp7 1-167,text,true,,231,158,341,341,http://localhost:8079/?token=518504778&user=-1355064518&config=3,10355,0,0
1777921704935,10357,HTTP Request,200,OK,Config 3: Exp7 1-213,text,true,,231,158,341,341,http://localhost:8079/?token=518504778&user=-1355064518&config=3,10357,0,0
1777921704935,10358,HTTP Request,200,OK,Config 3: Exp7 1-168,text,true,,231,158,341,341,http://localhost:8079/?token=518504778&user=-1355064518&config=3,10358,0,0
1777921704980,10314,HTTP Request,200,OK,Config 3: Exp7 1-171,text,true,,231,158,341,341,http://localhost:8079/?token=518504778&user=-1355064518&config=3,10314,0,0
1777921704980,10314,HTTP Request,200,OK,Config 3: Exp7 1-215,text,true,,231,158,341,341,http://localhost:8079/?token=518504778&user=-1355064518&config=3,10314,0,0
1777921704983,10311,HTTP Request,200,OK,Config 3: Exp7 1-229,text,true,,231,158,341,341,http://localhost:8079/?token=518504778&user=-1355064518&config=3,10311,0,0
1777921704983,10311,HTTP Request,200,OK,Config 3: Exp7 1-230,text,true,,231,158,341,341,http://localhost:8079/?token=518504778&user=-1355064518&config=3,10311,0,0
1777921705010,10773,HTTP Request,200,OK,Config 3: Exp7 1-276,text,true,,231,158,345,345,http://localhost:8079/?token=518504778&user=-1355064518&config=3,10773,0,0
1777921705350,10434,HTTP Request,200,OK,Config 3: Exp7 1-219,text,true,,231,158,345,345,http://localhost:8079/?token=518504778&user=-1355064518&config=3,10434,0,0
1777921705350,10434,HTTP Request,200,OK,Config 3: Exp7 1-217,text,true,,231,158,345,345,http://localhost:8079/?token=518504778&user=-1355064518&config=3,10434,0,0
1777921705166,10618,HTTP Request,200,OK,Config 3: Exp7 1-277,text,true,,231,158,345,345,http://localhost:8079/?token=518504778&user=-1355064518&config=3,10618,0,1
1777921705350,10435,HTTP Request,200,OK,Config 3: Exp7 1-56,text,true,,231,158,345,345,http://localhost:8079/?token=518504778&user=-1355064518&config=3,10435,0,0
1777921705350,10435,HTTP Request,200,OK,Config 3: Exp7 1-216,text,true,,231,158,345,345,http://localhost:8079/?token=518504778&user=-1355064518&config=3,10435,0,0
1777921705481,10304,HTTP Request,200,OK,Config 3: Exp7 1-234,text,true,,231,158,345,345,http://localhost:8079/?token=518504778&user=-1355064518&config=3,10304,0,1
1777921705350,10435,HTTP Request,200,OK,Config 3: Exp7 1-218,text,true,,231,158,345,345,http://localhost:8079/?token=518504778&user=-1355064518&config=3,10435,0,0
1777921705477,10308,HTTP Request,200,OK,Config 3: Exp7 1-279,text,true,,231,158,345,345,http://localhost:8079/?token=518504778&user=-1355064518&config=3,10308,0,0
1777921705321,10464,HTTP Request,200,OK,Config 3: Exp7 1-278,text,true,,231,158,345,345,http://localhost:8079/?token=518504778&user=-1355064518&config=3,10464,0,0
1777921705482,10303,HTTP Request,200,OK,Config 3: Exp7 1-235,text,true,,231,158,345,345,http://localhost:8079/?token=518504778&user=-1355064518&config=3,10303,0,0
1777921705481,10304,HTTP Request,200,OK,Config 3: Exp7 1-233,text,true,,231,158,345,345,http://localhost:8079/?token=518504778&user=-1355064518&config=3,10304,0,0
1777921704230,12794,HTTP Request,200,OK,Config 3: Exp7 1-271,text,true,,231,158,353,353,http://localhost:8079/?token=518504778&user=-1355064518&config=3,12794,0,1
1777921704385,13269,HTTP Request,200,OK,Config 3: Exp7 1-272,text,true,,231,158,357,357,http://localhost:8079/?token=518504778&user=-1355064518&config=3,13269,0,1
1777921704541,13113,HTTP Request,200,OK,Config 3: Exp7 1-273,text,true,,231,158,357,357,http://localhost:8079/?token=518504778&user=-1355064518&config=3,13113,0,0
1777921704698,12956,HTTP Request,200,OK,Config 3: Exp7 1-274,text,true,,231,158,357,357,http://localhost:8079/?token=518504778&user=-1355064518&config=3,12956,0,1
1777921704937,13528,HTTP Request,200,OK,Config 3: Exp7 1-31,text,true,,231,158,362,362,http://localhost:8079/?token=518504778&user=-1355064518&config=3,13528,0,0
1777921704937,13528,HTTP Request,200,OK,Config 3: Exp7 1-69,text,true,,231,158,362,362,http://localhost:8079/?token=518504778&user=-1355064518&config=3,13528,0,0
1777921704937,13528,HTTP Request,200,OK,Config 3: Exp7 1-50,text,true,,231,158,362,362,http://localhost:8079/?token=518504778&user=-1355064518&config=3,13528,0,0
1777921704935,13531,HTTP Request,200,OK,Config 3: Exp7 1-113,text,true,,231,158,362,362,http://localhost:8079/?token=518504778&user=-1355064518&config=3,13531,0,0
1777921704935,13531,HTTP Request,200,OK,Config 3: Exp7 1-135,text,true,,231,158,362,362,http://localhost:8079/?token=518504778&user=-1355064518&config=3,13531,0,0
1777921704935,13531,HTTP Request,200,OK,Config 3: Exp7 1-212,text,true,,231,158,362,362,http://localhost:8079/?token=518504778&user=-1355064518&config=3,13531,0,0
1777921705633,13048,HTTP Request,200,OK,Config 3: Exp7 1-280,text,true,,231,158,363,363,http://localhost:8079/?token=518504778&user=-1355064518&config=3,13048,0,1
1777921705789,12892,HTTP Request,200,OK,Config 3: Exp7 1-281,text,true,,231,158,363,363,http://localhost:8079/?token=518504778&user=-1355064518&config=3,12892,0,0
1777921705945,12737,HTTP Request,200,OK,Config 3: Exp7 1-282,text,true,,231,158,363,363,http://localhost:8079/?token=518504778&user=-1355064518&config=3,12737,0,0
1777921706101,12581,HTTP Request,200,OK,Config 3: Exp7 1-283,text,true,,231,158,363,363,http://localhost:8079/?token=518504778&user=-1355064518&config=3,12581,0,0
1777921706237,12446,HTTP Request,200,OK,Config 3: Exp7 1-75,text,true,,231,158,363,363,http://localhost:8079/?token=518504778&user=-1355064518&config=3,12446,0,0
1777921706237,12446,HTTP Request,200,OK,Config 3: Exp7 1-19,text,true,,231,158,363,363,http://localhost:8079/?token=518504778&user=-1355064518&config=3,12446,0,0
1777921706238,12445,HTTP Request,200,OK,Config 3: Exp7 1-114,text,true,,231,158,363,363,http://localhost:8079/?token=518504778&user=-1355064518&config=3,12445,0,0
1777921706238,12445,HTTP Request,200,OK,Config 3: Exp7 1-115,text,true,,231,158,363,363,http://localhost:8079/?token=518504778&user=-1355064518&config=3,12445,0,0
1777921706238,12445,HTTP Request,200,OK,Config 3: Exp7 1-77,text,true,,231,158,363,363,http://localhost:8079/?token=518504778&user=-1355064518&config=3,12445,0,0
1777921706239,12445,HTTP Request,200,OK,Config 3: Exp7 1-129,text,true,,231,158,363,363,http://localhost:8079/?token=518504778&user=-1355064518&config=3,12445,0,0
1777921706239,12445,HTTP Request,200,OK,Config 3: Exp7 1-165,text,true,,231,158,363,363,http://localhost:8079/?token=518504778&user=-1355064518&config=3,12445,0,0
1777921706238,12446,HTTP Request,200,OK,Config 3: Exp7 1-18,text,true,,231,158,363,363,http://localhost:8079/?token=518504778&user=-1355064518&config=3,12446,0,0
1777921706238,12446,HTTP Request,200,OK,Config 3: Exp7 1-38,text,true,,231,158,363,363,http://localhost:8079/?token=518504778&user=-1355064518&config=3,12446,0,0
1777921706239,12445,HTTP Request,200,OK,Config 3: Exp7 1-221,text,true,,231,158,363,363,http://localhost:8079/?token=518504778&user=-1355064518&config=3,12445,0,0
1777921706238,12446,HTTP Request,200,OK,Config 3: Exp7 1-37,text,true,,231,158,363,363,http://localhost:8079/?token=518504778&user=-1355064518&config=3,12446,0,0
1777921706239,12445,HTTP Request,200,OK,Config 3: Exp7 1-220,text,true,,231,158,363,363,http://localhost:8079/?token=518504778&user=-1355064518&config=3,12445,0,0
1777921706257,12427,HTTP Request,200,OK,Config 3: Exp7 1-284,text,true,,231,158,363,363,http://localhost:8079/?token=518504778&user=-1355064518&config=3,12427,0,0
1777921706238,12446,HTTP Request,200,OK,Config 3: Exp7 1-177,text,true,,231,158,363,363,http://localhost:8079/?token=518504778&user=-1355064518&config=3,12446,0,0
1777921709158,9800,HTTP Request,500,Internal Server Error,Config 3: Exp7 1-132,text,false,"Test failed: code expected to equal /

****** received  : [[[5]]]00

****** comparison: [[[2]]]00

/",233,158,365,365,http://localhost:8079/?token=518504778&user=-1355064518&config=3,9800,0,0
1777921709377,9581,HTTP Request,500,Internal Server Error,Config 3: Exp7 1-304,text,false,"Test failed: code expected to equal /

****** received  : [[[5]]]00

****** comparison: [[[2]]]00

/",233,158,365,365,http://localhost:8079/?token=518504778&user=-1355064518&config=3,9581,0,0
1777921709221,9737,HTTP Request,500,Internal Server Error,Config 3: Exp7 1-303,text,false,"Test failed: code expected to equal /

****** received  : [[[5]]]00

****** comparison: [[[2]]]00

/",233,158,365,365,http://localhost:8079/?token=518504778&user=-1355064518&config=3,9737,0,1
1777921710002,8956,HTTP Request,500,Internal Server Error,Config 3: Exp7 1-308,text,false,"Test failed: code expected to equal /

****** received  : [[[5]]]00

****** comparison: [[[2]]]00

/",233,158,365,365,http://localhost:8079/?token=518504778&user=-1355064518&config=3,8956,0,1
1777921709533,9425,HTTP Request,500,Internal Server Error,Config 3: Exp7 1-305,text,false,"Test failed: code expected to equal /

****** received  : [[[5]]]00

****** comparison: [[[2]]]00

/",233,158,365,365,http://localhost:8079/?token=518504778&user=-1355064518&config=3,9425,0,0
1777921709689,9270,HTTP Request,500,Internal Server Error,Config 3: Exp7 1-306,text,false,"Test failed: code expected to equal /

****** received  : [[[5]]]00

****** comparison: [[[2]]]00

/",233,158,365,365,http://localhost:8079/?token=518504778&user=-1355064518&config=3,9270,0,1
1777921709847,9113,HTTP Request,500,Internal Server Error,Config 3: Exp7 1-307,text,false,"Test failed: code expected to equal /

****** received  : [[[5]]]00

****** comparison: [[[2]]]00

/",233,158,365,365,http://localhost:8079/?token=518504778&user=-1355064518&config=3,9112,0,1
1777921706413,12721,HTTP Request,200,OK,Config 3: Exp7 1-285,text,true,,231,158,366,366,http://localhost:8079/?token=518504778&user=-1355064518&config=3,12721,0,1
1777921706725,12409,HTTP Request,200,OK,Config 3: Exp7 1-287,text,true,,231,158,366,366,http://localhost:8079/?token=518504778&user=-1355064518&config=3,12409,0,1
1777921706569,12565,HTTP Request,200,OK,Config 3: Exp7 1-286,text,true,,231,158,366,366,http://localhost:8079/?token=518504778&user=-1355064518&config=3,12565,0,1
1777921707214,11920,HTTP Request,200,OK,Config 3: Exp7 1-15,text,true,,231,158,366,366,http://localhost:8079/?token=518504778&user=-1355064518&config=3,11920,0,0
1777921707214,11920,HTTP Request,200,OK,Config 3: Exp7 1-34,text,true,,231,158,366,366,http://localhost:8079/?token=518504778&user=-1355064518&config=3,11920,0,0
1777921707214,11920,HTTP Request,200,OK,Config 3: Exp7 1-39,text,true,,231,158,366,366,http://localhost:8079/?token=518504778&user=-1355064518&config=3,11920,0,0
1777921707214,11920,HTTP Request,200,OK,Config 3: Exp7 1-95,text,true,,231,158,366,366,http://localhost:8079/?token=518504778&user=-1355064518&config=3,11920,0,0
1777921707216,11918,HTTP Request,200,OK,Config 3: Exp7 1-41,text,true,,231,158,366,366,http://localhost:8079/?token=518504778&user=-1355064518&config=3,11918,0,0
1777921707213,11921,HTTP Request,200,OK,Config 3: Exp7 1-76,text,true,,231,158,366,366,http://localhost:8079/?token=518504778&user=-1355064518&config=3,11921,0,0
1777921707214,11920,HTTP Request,200,OK,Config 3: Exp7 1-72,text,true,,231,158,366,366,http://localhost:8079/?token=518504778&user=-1355064518&config=3,11920,0,0
1777921707037,12097,HTTP Request,200,OK,Config 3: Exp7 1-289,text,true,,231,158,366,366,http://localhost:8079/?token=518504778&user=-1355064518&config=3,12097,0,1
1777921707142,11992,HTTP Request,200,OK,Config 3: Exp7 1-222,text,true,,231,158,366,366,http://localhost:8079/?token=518504778&user=-1355064518&config=3,11992,0,0
1777921707213,11921,HTTP Request,200,OK,Config 3: Exp7 1-178,text,true,,231,158,366,366,http://localhost:8079/?token=518504778&user=-1355064518&config=3,11921,0,0
1777921707216,11918,HTTP Request,200,OK,Config 3: Exp7 1-180,text,true,,231,158,366,366,http://localhost:8079/?token=518504778&user=-1355064518&config=3,11918,0,0
1777921707216,11918,HTTP Request,200,OK,Config 3: Exp7 1-182,text,true,,231,158,366,366,http://localhost:8079/?token=518504778&user=-1355064518&config=3,11918,0,0
1777921707216,11918,HTTP Request,200,OK,Config 3: Exp7 1-181,text,true,,231,158,366,366,http://localhost:8079/?token=518504778&user=-1355064518&config=3,11918,0,0
1777921706881,12253,HTTP Request,200,OK,Config 3: Exp7 1-288,text,true,,231,158,366,366,http://localhost:8079/?token=518504778&user=-1355064518&config=3,12253,0,1
1777921707214,11921,HTTP Request,200,OK,Config 3: Exp7 1-60,text,true,,231,158,366,366,http://localhost:8079/?token=518504778&user=-1355064518&config=3,11921,0,0
1777921707639,11496,HTTP Request,200,OK,Config 3: Exp7 1-3,text,true,,231,158,366,366,http://localhost:8079/?token=518504778&user=-1355064518&config=3,11496,0,0
1777921707639,11496,HTTP Request,200,OK,Config 3: Exp7 1-22,text,true,,231,158,366,366,http://localhost:8079/?token=518504778&user=-1355064518&config=3,11496,0,0
1777921707213,11922,HTTP Request,200,OK,Config 3: Exp7 1-179,text,true,,231,158,366,366,http://localhost:8079/?token=518504778&user=-1355064518&config=3,11922,0,0
1777921707213,11922,HTTP Request,200,OK,Config 3: Exp7 1-92,text,true,,231,158,366,366,http://localhost:8079/?token=518504778&user=-1355064518&config=3,11922,0,0
1777921707213,11922,HTTP Request,200,OK,Config 3: Exp7 1-73,text,true,,231,158,366,366,http://localhost:8079/?token=518504778&user=-1355064518&config=3,11922,0,0
1777921707213,11922,HTTP Request,200,OK,Config 3: Exp7 1-96,text,true,,231,158,366,366,http://localhost:8079/?token=518504778&user=-1355064518&config=3,11922,0,0
1777921707637,11498,HTTP Request,200,OK,Config 3: Exp7 1-118,text,true,,231,158,366,366,http://localhost:8079/?token=518504778&user=-1355064518&config=3,11498,0,0
1777921707637,11498,HTTP Request,200,OK,Config 3: Exp7 1-147,text,true,,231,158,366,366,http://localhost:8079/?token=518504778&user=-1355064518&config=3,11498,0,0
1777921707637,11498,HTTP Request,200,OK,Config 3: Exp7 1-144,text,true,,231,158,366,366,http://localhost:8079/?token=518504778&user=-1355064518&config=3,11498,0,0
1777921707637,11498,HTTP Request,200,OK,Config 3: Exp7 1-141,text,true,,231,158,366,366,http://localhost:8079/?token=518504778&user=-1355064518&config=3,11498,0,0
1777921707637,11498,HTTP Request,200,OK,Config 3: Exp7 1-142,text,true,,231,158,366,366,http://localhost:8079/?token=518504778&user=-1355064518&config=3,11498,0,0
1777921707637,11499,HTTP Request,200,OK,Config 3: Exp7 1-183,text,true,,231,158,366,366,http://localhost:8079/?token=518504778&user=-1355064518&config=3,11498,0,0
1777921707637,11499,HTTP Request,200,OK,Config 3: Exp7 1-146,text,true,,231,158,366,366,http://localhost:8079/?token=518504778&user=-1355064518&config=3,11498,0,0
1777921707193,11943,HTTP Request,200,OK,Config 3: Exp7 1-290,text,true,,231,158,366,366,http://localhost:8079/?token=518504778&user=-1355064518&config=3,11942,0,0
1777921707351,11785,HTTP Request,200,OK,Config 3: Exp7 1-291,text,true,,231,158,366,366,http://localhost:8079/?token=518504778&user=-1355064518&config=3,11785,0,1
1777921707637,11498,HTTP Request,200,OK,Config 3: Exp7 1-139,text,true,,231,158,366,366,http://localhost:8079/?token=518504778&user=-1355064518&config=3,11498,0,0
1777921707637,11498,HTTP Request,200,OK,Config 3: Exp7 1-143,text,true,,231,158,366,366,http://localhost:8079/?token=518504778&user=-1355064518&config=3,11498,0,0
1777921707817,11319,HTTP Request,200,OK,Config 3: Exp7 1-294,text,true,,231,158,366,366,http://localhost:8079/?token=518504778&user=-1355064518&config=3,11319,0,1
1777921707506,11630,HTTP Request,200,OK,Config 3: Exp7 1-292,text,true,,231,158,366,366,http://localhost:8079/?token=518504778&user=-1355064518&config=3,11630,0,1
1777921707637,11500,HTTP Request,200,OK,Config 3: Exp7 1-99,text,true,,231,158,366,366,http://localhost:8079/?token=518504778&user=-1355064518&config=3,11500,0,0
1777921707637,11500,HTTP Request,200,OK,Config 3: Exp7 1-140,text,true,,231,158,366,366,http://localhost:8079/?token=518504778&user=-1355064518&config=3,11500,0,0
1777921707637,11500,HTTP Request,200,OK,Config 3: Exp7 1-185,text,true,,231,158,366,366,http://localhost:8079/?token=518504778&user=-1355064518&config=3,11500,0,0
1777921707637,11500,HTTP Request,200,OK,Config 3: Exp7 1-184,text,true,,231,158,366,366,http://localhost:8079/?token=518504778&user=-1355064518&config=3,11500,0,0
1777921707637,11500,HTTP Request,200,OK,Config 3: Exp7 1-145,text,true,,231,158,366,366,http://localhost:8079/?token=518504778&user=-1355064518&config=3,11500,0,0
1777921707661,11476,HTTP Request,200,OK,Config 3: Exp7 1-293,text,true,,231,158,366,366,http://localhost:8079/?token=518504778&user=-1355064518&config=3,11476,0,1
1777921710313,8927,HTTP Request,500,Internal Server Error,Config 3: Exp7 1-310,text,false,"Test failed: code expected to equal /

****** received  : [[[5]]]00

****** comparison: [[[2]]]00

/",233,158,367,367,http://localhost:8079/?token=518504778&user=-1355064518&config=3,8927,0,0
1777921710191,9049,HTTP Request,500,Internal Server Error,Config 3: Exp7 1-153,text,false,"Test failed: code expected to equal /

****** received  : [[[5]]]00

****** comparison: [[[2]]]00

/",233,158,367,367,http://localhost:8079/?token=518504778&user=-1355064518&config=3,9049,0,0
1777921710348,8892,HTTP Request,500,Internal Server Error,Config 3: Exp7 1-241,text,false,"Test failed: code expected to equal /

****** received  : [[[5]]]00

****** comparison: [[[2]]]00

/",233,158,367,367,http://localhost:8079/?token=518504778&user=-1355064518&config=3,8892,0,0
1777921710348,8892,HTTP Request,500,Internal Server Error,Config 3: Exp7 1-242,text,false,"Test failed: code expected to equal /

****** received  : [[[5]]]00

****** comparison: [[[2]]]00

/",233,158,367,367,http://localhost:8079/?token=518504778&user=-1355064518&config=3,8892,0,0
1777921710348,8892,HTTP Request,500,Internal Server Error,Config 3: Exp7 1-239,text,false,"Test failed: code expected to equal /

****** received  : [[[5]]]00

****** comparison: [[[2]]]00

/",233,158,367,367,http://localhost:8079/?token=518504778&user=-1355064518&config=3,8892,0,0
1777921710348,8892,HTTP Request,500,Internal Server Error,Config 3: Exp7 1-78,text,false,"Test failed: code expected to equal /

****** received  : [[[5]]]00

****** comparison: [[[2]]]00

/",233,158,367,367,http://localhost:8079/?token=518504778&user=-1355064518&config=3,8892,0,0
1777921710469,8772,HTTP Request,500,Internal Server Error,Config 3: Exp7 1-311,text,false,"Test failed: code expected to equal /

****** received  : [[[5]]]00

****** comparison: [[[2]]]00

/",233,158,367,367,http://localhost:8079/?token=518504778&user=-1355064518&config=3,8771,0,1
1777921710348,8893,HTTP Request,500,Internal Server Error,Config 3: Exp7 1-240,text,false,"Test failed: code expected to equal /

****** received  : [[[5]]]00

****** comparison: [[[2]]]00

/",233,158,367,367,http://localhost:8079/?token=518504778&user=-1355064518&config=3,8892,0,0
1777921708268,12864,HTTP Request,200,OK,Config 3: Exp7 1-81,text,true,,231,158,379,379,http://localhost:8079/?token=518504778&user=-1355064518&config=3,12864,0,0
1777921708268,12864,HTTP Request,200,OK,Config 3: Exp7 1-42,text,true,,231,158,379,379,http://localhost:8079/?token=518504778&user=-1355064518&config=3,12864,0,0
1777921708269,12863,HTTP Request,200,OK,Config 3: Exp7 1-224,text,true,,231,158,379,379,http://localhost:8079/?token=518504778&user=-1355064518&config=3,12863,0,0
1777921708270,12862,HTTP Request,200,OK,Config 3: Exp7 1-23,text,true,,231,158,379,379,http://localhost:8079/?token=518504778&user=-1355064518&config=3,12862,0,0
1777921708268,12864,HTTP Request,200,OK,Config 3: Exp7 1-80,text,true,,231,158,379,379,http://localhost:8079/?token=518504778&user=-1355064518&config=3,12864,0,0
1777921708268,12864,HTTP Request,200,OK,Config 3: Exp7 1-223,text,true,,231,158,379,379,http://localhost:8079/?token=518504778&user=-1355064518&config=3,12864,0,0
1777921708270,12862,HTTP Request,200,OK,Config 3: Exp7 1-225,text,true,,231,158,379,379,http://localhost:8079/?token=518504778&user=-1355064518&config=3,12862,0,0
1777921708270,12862,HTTP Request,200,OK,Config 3: Exp7 1-119,text,true,,231,158,379,379,http://localhost:8079/?token=518504778&user=-1355064518&config=3,12862,0,0
1777921708129,13004,HTTP Request,200,OK,Config 3: Exp7 1-296,text,true,,231,158,379,379,http://localhost:8079/?token=518504778&user=-1355064518&config=3,13004,0,0
1777921707973,13160,HTTP Request,200,OK,Config 3: Exp7 1-295,text,true,,231,158,379,379,http://localhost:8079/?token=518504778&user=-1355064518&config=3,13160,0,1
1777921708269,12864,HTTP Request,200,OK,Config 3: Exp7 1-4,text,true,,231,158,379,379,http://localhost:8079/?token=518504778&user=-1355064518&config=3,12864,0,0
1777921708269,12864,HTTP Request,200,OK,Config 3: Exp7 1-43,text,true,,231,158,379,379,http://localhost:8079/?token=518504778&user=-1355064518&config=3,12864,0,0
1777921708286,12847,HTTP Request,200,OK,Config 3: Exp7 1-297,text,true,,231,158,379,379,http://localhost:8079/?token=518504778&user=-1355064518&config=3,12847,0,0
1777921708269,12866,HTTP Request,200,OK,Config 3: Exp7 1-62,text,true,,231,158,379,379,http://localhost:8079/?token=518504778&user=-1355064518&config=3,12866,0,0
1777921708354,12781,HTTP Request,200,OK,Config 3: Exp7 1-187,text,true,,231,158,379,379,http://localhost:8079/?token=518504778&user=-1355064518&config=3,12781,0,0
1777921708354,12781,HTTP Request,200,OK,Config 3: Exp7 1-174,text,true,,231,158,379,379,http://localhost:8079/?token=518504778&user=-1355064518&config=3,12781,0,0
1777921708354,12781,HTTP Request,200,OK,Config 3: Exp7 1-226,text,true,,231,158,379,379,http://localhost:8079/?token=518504778&user=-1355064518&config=3,12781,0,0
1777921708354,12781,HTTP Request,200,OK,Config 3: Exp7 1-188,text,true,,231,158,379,379,http://localhost:8079/?token=518504778&user=-1355064518&config=3,12781,0,0
1777921708355,12781,HTTP Request,200,OK,Config 3: Exp7 1-5,text,true,,231,158,379,379,http://localhost:8079/?token=518504778&user=-1355064518&config=3,12781,0,0
1777921708351,12785,HTTP Request,200,OK,Config 3: Exp7 1-61,text,true,,231,158,379,379,http://localhost:8079/?token=518504778&user=-1355064518&config=3,12785,0,0
1777921708355,12781,HTTP Request,200,OK,Config 3: Exp7 1-24,text,true,,231,158,379,379,http://localhost:8079/?token=518504778&user=-1355064518&config=3,12781,0,0
1777921708355,12781,HTTP Request,200,OK,Config 3: Exp7 1-82,text,true,,231,158,379,379,http://localhost:8079/?token=518504778&user=-1355064518&config=3,12781,0,0
1777921708352,12784,HTTP Request,200,OK,Config 3: Exp7 1-149,text,true,,231,158,379,379,http://localhost:8079/?token=518504778&user=-1355064518&config=3,12784,0,0
1777921708354,12782,HTTP Request,200,OK,Config 3: Exp7 1-120,text,true,,231,158,379,379,http://localhost:8079/?token=518504778&user=-1355064518&config=3,12782,0,0
1777921708354,12782,HTTP Request,200,OK,Config 3: Exp7 1-100,text,true,,231,158,379,379,http://localhost:8079/?token=518504778&user=-1355064518&config=3,12782,0,0
1777921708355,12781,HTTP Request,200,OK,Config 3: Exp7 1-148,text,true,,231,158,379,379,http://localhost:8079/?token=518504778&user=-1355064518&config=3,12781,0,0
1777921708352,12784,HTTP Request,200,OK,Config 3: Exp7 1-151,text,true,,231,158,379,379,http://localhost:8079/?token=518504778&user=-1355064518&config=3,12784,0,0
1777921708355,12781,HTTP Request,200,OK,Config 3: Exp7 1-176,text,true,,231,158,379,379,http://localhost:8079/?token=518504778&user=-1355064518&config=3,12781,0,0
1777921708352,12784,HTTP Request,200,OK,Config 3: Exp7 1-6,text,true,,231,158,379,379,http://localhost:8079/?token=518504778&user=-1355064518&config=3,12784,0,0
1777921708355,12782,HTTP Request,200,OK,Config 3: Exp7 1-57,text,true,,231,158,379,379,http://localhost:8079/?token=518504778&user=-1355064518&config=3,12782,0,0
1777921708352,12785,HTTP Request,200,OK,Config 3: Exp7 1-63,text,true,,231,158,379,379,http://localhost:8079/?token=518504778&user=-1355064518&config=3,12785,0,0
1777921708352,12785,HTTP Request,200,OK,Config 3: Exp7 1-25,text,true,,231,158,379,379,http://localhost:8079/?token=518504778&user=-1355064518&config=3,12785,0,0
1777921708354,12783,HTTP Request,200,OK,Config 3: Exp7 1-44,text,true,,231,158,379,379,http://localhost:8079/?token=518504778&user=-1355064518&config=3,12783,0,0
1777921708354,12783,HTTP Request,200,OK,Config 3: Exp7 1-83,text,true,,231,158,379,379,http://localhost:8079/?token=518504778&user=-1355064518&config=3,12783,0,0
1777921708352,12785,HTTP Request,200,OK,Config 3: Exp7 1-150,text,true,,231,158,379,379,http://localhost:8079/?token=518504778&user=-1355064518&config=3,12785,0,0
1777921708355,12782,HTTP Request,200,OK,Config 3: Exp7 1-189,text,true,,231,158,379,379,http://localhost:8079/?token=518504778&user=-1355064518&config=3,12782,0,0
1777921708354,12783,HTTP Request,200,OK,Config 3: Exp7 1-186,text,true,,231,158,379,379,http://localhost:8079/?token=518504778&user=-1355064518&config=3,12783,0,0
1777921708352,12785,HTTP Request,200,OK,Config 3: Exp7 1-101,text,true,,231,158,379,379,http://localhost:8079/?token=518504778&user=-1355064518&config=3,12785,0,0
1777921708352,12785,HTTP Request,200,OK,Config 3: Exp7 1-190,text,true,,231,158,379,379,http://localhost:8079/?token=518504778&user=-1355064518&config=3,12785,0,0
1777921708355,12782,HTTP Request,200,OK,Config 3: Exp7 1-227,text,true,,231,158,379,379,http://localhost:8079/?token=518504778&user=-1355064518&config=3,12782,0,0
1777921708355,12782,HTTP Request,200,OK,Config 3: Exp7 1-228,text,true,,231,158,379,379,http://localhost:8079/?token=518504778&user=-1355064518&config=3,12782,0,0
1777921708355,12782,HTTP Request,200,OK,Config 3: Exp7 1-172,text,true,,231,158,379,379,http://localhost:8079/?token=518504778&user=-1355064518&config=3,12782,0,0
1777921708355,12782,HTTP Request,200,OK,Config 3: Exp7 1-173,text,true,,231,158,379,379,http://localhost:8079/?token=518504778&user=-1355064518&config=3,12782,0,0
1777921708355,12782,HTTP Request,200,OK,Config 3: Exp7 1-175,text,true,,231,158,379,379,http://localhost:8079/?token=518504778&user=-1355064518&config=3,12782,0,0
1777921708489,12714,HTTP Request,200,OK,Config 3: Exp7 1-20,text,true,,231,158,379,379,http://localhost:8079/?token=518504778&user=-1355064518&config=3,12714,0,0
1777921708489,12714,HTTP Request,200,OK,Config 3: Exp7 1-40,text,true,,231,158,379,379,http://localhost:8079/?token=518504778&user=-1355064518&config=3,12714,0,0
1777921708490,12713,HTTP Request,200,OK,Config 3: Exp7 1-152,text,true,,231,158,379,379,http://localhost:8079/?token=518504778&user=-1355064518&config=3,12713,0,0
1777921708490,12713,HTTP Request,200,OK,Config 3: Exp7 1-45,text,true,,231,158,379,379,http://localhost:8079/?token=518504778&user=-1355064518&config=3,12713,0,0
1777921708441,12762,HTTP Request,200,OK,Config 3: Exp7 1-298,text,true,,231,158,379,379,http://localhost:8079/?token=518504778&user=-1355064518&config=3,12762,0,1
1777921708489,12715,HTTP Request,200,OK,Config 3: Exp7 1-7,text,true,,231,158,379,379,http://localhost:8079/?token=518504778&user=-1355064518&config=3,12714,0,0
1777921708490,12714,HTTP Request,200,OK,Config 3: Exp7 1-97,text,true,,231,158,379,379,http://localhost:8079/?token=518504778&user=-1355064518&config=3,12714,0,0
1777921708490,12714,HTTP Request,200,OK,Config 3: Exp7 1-21,text,true,,231,158,379,379,http://localhost:8079/?token=518504778&user=-1355064518&config=3,12714,0,0
1777921708490,12715,HTTP Request,200,OK,Config 3: Exp7 1-122,text,true,,231,158,379,379,http://localhost:8079/?token=518504778&user=-1355064518&config=3,12715,0,0
1777921708489,12716,HTTP Request,200,OK,Config 3: Exp7 1-102,text,true,,231,158,379,379,http://localhost:8079/?token=518504778&user=-1355064518&config=3,12716,0,0
1777921708489,12716,HTTP Request,200,OK,Config 3: Exp7 1-192,text,true,,231,158,379,379,http://localhost:8079/?token=518504778&user=-1355064518&config=3,12716,0,0
1777921708490,12715,HTTP Request,200,OK,Config 3: Exp7 1-193,text,true,,231,158,379,379,http://localhost:8079/?token=518504778&user=-1355064518&config=3,12715,0,0
1777921708491,12714,HTTP Request,200,OK,Config 3: Exp7 1-231,text,true,,231,158,379,379,http://localhost:8079/?token=518504778&user=-1355064518&config=3,12714,0,0
1777921708491,12714,HTTP Request,200,OK,Config 3: Exp7 1-191,text,true,,231,158,379,379,http://localhost:8079/?token=518504778&user=-1355064518&config=3,12714,0,0
1777921708491,12715,HTTP Request,200,OK,Config 3: Exp7 1-232,text,true,,231,158,379,379,http://localhost:8079/?token=518504778&user=-1355064518&config=3,12715,0,0
1777921708491,12715,HTTP Request,200,OK,Config 3: Exp7 1-121,text,true,,231,158,379,379,http://localhost:8079/?token=518504778&user=-1355064518&config=3,12715,0,0
1777921708546,12693,HTTP Request,200,OK,Config 3: Exp7 1-199,text,true,,231,158,380,380,http://localhost:8079/?token=518504778&user=-1355064518&config=3,12693,0,0
1777921708546,12693,HTTP Request,200,OK,Config 3: Exp7 1-68,text,true,,231,158,380,380,http://localhost:8079/?token=518504778&user=-1355064518&config=3,12693,0,0
1777921708546,12693,HTTP Request,200,OK,Config 3: Exp7 1-201,text,true,,231,158,380,380,http://localhost:8079/?token=518504778&user=-1355064518&config=3,12693,0,0
1777921708591,12718,HTTP Request,200,OK,Config 3: Exp7 1-49,text,true,,231,158,380,380,http://localhost:8079/?token=518504778&user=-1355064518&config=3,12718,0,0
1777921708591,12718,HTTP Request,200,OK,Config 3: Exp7 1-248,text,true,,231,158,380,380,http://localhost:8079/?token=518504778&user=-1355064518&config=3,12718,0,0
1777921708591,12719,HTTP Request,200,OK,Config 3: Exp7 1-30,text,true,,231,158,380,380,http://localhost:8079/?token=518504778&user=-1355064518&config=3,12719,0,0
1777921708589,12721,HTTP Request,200,OK,Config 3: Exp7 1-200,text,true,,231,158,380,380,http://localhost:8079/?token=518504778&user=-1355064518&config=3,12721,0,0
1777921708589,12721,HTTP Request,200,OK,Config 3: Exp7 1-245,text,true,,231,158,380,380,http://localhost:8079/?token=518504778&user=-1355064518&config=3,12721,0,0
1777921708726,12584,HTTP Request,200,OK,Config 3: Exp7 1-237,text,true,,231,158,380,380,http://localhost:8079/?token=518504778&user=-1355064518&config=3,12584,0,0
1777921708590,12720,HTTP Request,200,OK,Config 3: Exp7 1-202,text,true,,231,158,380,380,http://localhost:8079/?token=518504778&user=-1355064518&config=3,12720,0,0
1777921708726,12584,HTTP Request,200,OK,Config 3: Exp7 1-136,text,true,,231,158,380,380,http://localhost:8079/?token=518504778&user=-1355064518&config=3,12584,0,0
1777921708726,12584,HTTP Request,200,OK,Config 3: Exp7 1-58,text,true,,231,158,380,380,http://localhost:8079/?token=518504778&user=-1355064518&config=3,12584,0,0
1777921708726,12585,HTTP Request,200,OK,Config 3: Exp7 1-238,text,true,,231,158,380,380,http://localhost:8079/?token=518504778&user=-1355064518&config=3,12585,0,0
1777921708591,12720,HTTP Request,200,OK,Config 3: Exp7 1-246,text,true,,231,158,380,380,http://localhost:8079/?token=518504778&user=-1355064518&config=3,12720,0,0
1777921708591,12720,HTTP Request,200,OK,Config 3: Exp7 1-247,text,true,,231,158,380,380,http://localhost:8079/?token=518504778&user=-1355064518&config=3,12720,0,0
1777921708726,12585,HTTP Request,200,OK,Config 3: Exp7 1-236,text,true,,231,158,380,380,http://localhost:8079/?token=518504778&user=-1355064518&config=3,12585,0,0
1777921708753,12558,HTTP Request,200,OK,Config 3: Exp7 1-300,text,true,,231,158,380,380,http://localhost:8079/?token=518504778&user=-1355064518&config=3,12558,0,1
1777921708909,12402,HTTP Request,200,OK,Config 3: Exp7 1-301,text,true,,231,158,380,380,http://localhost:8079/?token=518504778&user=-1355064518&config=3,12402,0,1
1777921708597,12714,HTTP Request,200,OK,Config 3: Exp7 1-299,text,true,,231,158,380,380,http://localhost:8079/?token=518504778&user=-1355064518&config=3,12714,0,1
1777921709077,13261,HTTP Request,200,OK,Config 3: Exp7 1-86,text,true,,231,158,387,387,http://localhost:8079/?token=518504778&user=-1355064518&config=3,13261,0,0
1777921709074,13264,HTTP Request,200,OK,Config 3: Exp7 1-12,text,true,,231,158,387,387,http://localhost:8079/?token=518504778&user=-1355064518&config=3,13264,0,0
1777921709077,13261,HTTP Request,200,OK,Config 3: Exp7 1-28,text,true,,231,158,387,387,http://localhost:8079/?token=518504778&user=-1355064518&config=3,13261,0,0
1777921709077,13261,HTTP Request,200,OK,Config 3: Exp7 1-66,text,true,,231,158,387,387,http://localhost:8079/?token=518504778&user=-1355064518&config=3,13261,0,0
1777921709075,13263,HTTP Request,200,OK,Config 3: Exp7 1-89,text,true,,231,158,387,387,http://localhost:8079/?token=518504778&user=-1355064518&config=3,13263,0,0
1777921709074,13264,HTTP Request,200,OK,Config 3: Exp7 1-90,text,true,,231,158,387,387,http://localhost:8079/?token=518504778&user=-1355064518&config=3,13264,0,0
1777921709074,13264,HTTP Request,200,OK,Config 3: Exp7 1-32,text,true,,231,158,387,387,http://localhost:8079/?token=518504778&user=-1355064518&config=3,13264,0,0
1777921709078,13260,HTTP Request,200,OK,Config 3: Exp7 1-158,text,true,,231,158,387,387,http://localhost:8079/?token=518504778&user=-1355064518&config=3,13260,0,0
1777921709078,13260,HTTP Request,200,OK,Config 3: Exp7 1-157,text,true,,231,158,387,387,http://localhost:8079/?token=518504778&user=-1355064518&config=3,13260,0,0
1777921709074,13265,HTTP Request,200,OK,Config 3: Exp7 1-203,text,true,,231,158,387,387,http://localhost:8079/?token=518504778&user=-1355064518&config=3,13265,0,0
1777921709078,13261,HTTP Request,200,OK,Config 3: Exp7 1-250,text,true,,231,158,387,387,http://localhost:8079/?token=518504778&user=-1355064518&config=3,13261,0,0
1777921709075,13265,HTTP Request,200,OK,Config 3: Exp7 1-204,text,true,,231,158,387,387,http://localhost:8079/?token=518504778&user=-1355064518&config=3,13264,0,0
1777921709075,13265,HTTP Request,200,OK,Config 3: Exp7 1-205,text,true,,231,158,387,387,http://localhost:8079/?token=518504778&user=-1355064518&config=3,13264,0,0
1777921709075,13265,HTTP Request,200,OK,Config 3: Exp7 1-13,text,true,,231,158,387,387,http://localhost:8079/?token=518504778&user=-1355064518&config=3,13265,0,0
1777921709077,13263,HTTP Request,200,OK,Config 3: Exp7 1-27,text,true,,231,158,387,387,http://localhost:8079/?token=518504778&user=-1355064518&config=3,13263,0,0
1777921709077,13263,HTTP Request,200,OK,Config 3: Exp7 1-29,text,true,,231,158,387,387,http://localhost:8079/?token=518504778&user=-1355064518&config=3,13263,0,0
1777921709075,13265,HTTP Request,200,OK,Config 3: Exp7 1-123,text,true,,231,158,387,387,http://localhost:8079/?token=518504778&user=-1355064518&config=3,13265,0,0
1777921709077,13263,HTTP Request,200,OK,Config 3: Exp7 1-156,text,true,,231,158,387,387,http://localhost:8079/?token=518504778&user=-1355064518&config=3,13263,0,0
1777921709076,13264,HTTP Request,200,OK,Config 3: Exp7 1-70,text,true,,231,158,387,387,http://localhost:8079/?token=518504778&user=-1355064518&config=3,13264,0,0
1777921709074,13266,HTTP Request,200,OK,Config 3: Exp7 1-51,text,true,,231,158,387,387,http://localhost:8079/?token=518504778&user=-1355064518&config=3,13266,0,0
1777921709073,13267,HTTP Request,200,OK,Config 3: Exp7 1-87,text,true,,231,158,387,387,http://localhost:8079/?token=518504778&user=-1355064518&config=3,13267,0,0
1777921709078,13262,HTTP Request,200,OK,Config 3: Exp7 1-251,text,true,,231,158,387,387,http://localhost:8079/?token=518504778&user=-1355064518&config=3,13262,0,0
1777921709076,13264,HTTP Request,200,OK,Config 3: Exp7 1-109,text,true,,231,158,387,387,http://localhost:8079/?token=518504778&user=-1355064518&config=3,13264,0,0
1777921709078,13262,HTTP Request,200,OK,Config 3: Exp7 1-252,text,true,,231,158,387,387,http://localhost:8079/?token=518504778&user=-1355064518&config=3,13262,0,0
1777921709077,13265,HTTP Request,200,OK,Config 3: Exp7 1-155,text,true,,231,158,387,387,http://localhost:8079/?token=518504778&user=-1355064518&config=3,13265,0,0
1777921709075,13267,HTTP Request,200,OK,Config 3: Exp7 1-128,text,true,,231,158,387,387,http://localhost:8079/?token=518504778&user=-1355064518&config=3,13267,0,0
1777921709077,13265,HTTP Request,200,OK,Config 3: Exp7 1-104,text,true,,231,158,387,387,http://localhost:8079/?token=518504778&user=-1355064518&config=3,13265,0,0
1777921709076,13266,HTTP Request,200,OK,Config 3: Exp7 1-249,text,true,,231,158,387,387,http://localhost:8079/?token=518504778&user=-1355064518&config=3,13266,0,0
1777921709074,13268,HTTP Request,200,OK,Config 3: Exp7 1-164,text,true,,231,158,387,387,http://localhost:8079/?token=518504778&user=-1355064518&config=3,13268,0,0
1777921709066,13276,HTTP Request,200,OK,Config 3: Exp7 1-302,text,true,,231,158,387,387,http://localhost:8079/?token=518504778&user=-1355064518&config=3,13276,0,0
1777921709079,13263,HTTP Request,200,OK,Config 3: Exp7 1-253,text,true,,231,158,387,387,http://localhost:8079/?token=518504778&user=-1355064518&config=3,13263,0,0
1777921709156,13566,HTTP Request,200,OK,Config 3: Exp7 1-67,text,true,,231,158,389,389,http://localhost:8079/?token=518504778&user=-1355064518&config=3,13566,0,0
1777921709156,13567,HTTP Request,200,OK,Config 3: Exp7 1-48,text,true,,231,158,389,389,http://localhost:8079/?token=518504778&user=-1355064518&config=3,13567,0,0
1777921709156,13567,HTTP Request,200,OK,Config 3: Exp7 1-124,text,true,,231,158,389,389,http://localhost:8079/?token=518504778&user=-1355064518&config=3,13567,0,0
1777921709156,13567,HTTP Request,200,OK,Config 3: Exp7 1-159,text,true,,231,158,389,389,http://localhost:8079/?token=518504778&user=-1355064518&config=3,13567,0,0
1777921709156,13568,HTTP Request,200,OK,Config 3: Exp7 1-1,text,true,,231,158,389,389,http://localhost:8079/?token=518504778&user=-1355064518&config=3,13568,0,0
1777921709156,13568,HTTP Request,200,OK,Config 3: Exp7 1-116,text,true,,231,158,389,389,http://localhost:8079/?token=518504778&user=-1355064518&config=3,13568,0,0
1777921709156,13568,HTTP Request,200,OK,Config 3: Exp7 1-52,text,true,,231,158,389,389,http://localhost:8079/?token=518504778&user=-1355064518&config=3,13568,0,0
1777921709156,13568,HTTP Request,200,OK,Config 3: Exp7 1-133,text,true,,231,158,389,389,http://localhost:8079/?token=518504778&user=-1355064518&config=3,13568,0,0
1777921709156,13568,HTTP Request,200,OK,Config 3: Exp7 1-130,text,true,,231,158,389,389,http://localhost:8079/?token=518504778&user=-1355064518&config=3,13568,0,0
1777921709156,13568,HTTP Request,200,OK,Config 3: Exp7 1-160,text,true,,231,158,389,389,http://localhost:8079/?token=518504778&user=-1355064518&config=3,13568,0,0
1777921709156,13568,HTTP Request,200,OK,Config 3: Exp7 1-33,text,true,,231,158,389,389,http://localhost:8079/?token=518504778&user=-1355064518&config=3,13568,0,0
1777921710191,13626,HTTP Request,200,OK,Config 3: Exp7 1-138,text,true,,231,158,396,396,http://localhost:8079/?token=518504778&user=-1355064518&config=3,13626,0,0
1777921710157,13660,HTTP Request,200,OK,Config 3: Exp7 1-309,text,true,,231,158,396,396,http://localhost:8079/?token=518504778&user=-1355064518&config=3,13660,0,1
1777921712653,11352,HTTP Request,200,OK,Config 3: Exp7 1-325,text,true,,231,158,397,397,http://localhost:8079/?token=518504778&user=-1355064518&config=3,11352,0,0
1777921712706,11299,HTTP Request,200,OK,Config 3: Exp7 1-275,text,true,,231,158,397,397,http://localhost:8079/?token=518504778&user=-1355064518&config=3,11299,0,0
1777921712707,11299,HTTP Request,200,OK,Config 3: Exp7 1-16,text,true,,231,158,397,397,http://localhost:8079/?token=518504778&user=-1355064518&config=3,11299,0,0
1777921712707,11299,HTTP Request,200,OK,Config 3: Exp7 1-74,text,true,,231,158,397,397,http://localhost:8079/?token=518504778&user=-1355064518&config=3,11299,0,0
1777921712708,11298,HTTP Request,200,OK,Config 3: Exp7 1-162,text,true,,231,158,397,397,http://localhost:8079/?token=518504778&user=-1355064518&config=3,11298,0,0
1777921712708,11298,HTTP Request,200,OK,Config 3: Exp7 1-161,text,true,,231,158,397,397,http://localhost:8079/?token=518504778&user=-1355064518&config=3,11298,0,0
1777921712708,11298,HTTP Request,200,OK,Config 3: Exp7 1-166,text,true,,231,158,397,397,http://localhost:8079/?token=518504778&user=-1355064518&config=3,11298,0,0
1777921712707,11299,HTTP Request,200,OK,Config 3: Exp7 1-209,text,true,,231,158,397,397,http://localhost:8079/?token=518504778&user=-1355064518&config=3,11299,0,0
1777921712714,11293,HTTP Request,200,OK,Config 3: Exp7 1-79,text,true,,231,158,397,397,http://localhost:8079/?token=518504778&user=-1355064518&config=3,11293,0,0
1777921712714,11293,HTTP Request,200,OK,Config 3: Exp7 1-54,text,true,,231,158,397,397,http://localhost:8079/?token=518504778&user=-1355064518&config=3,11293,0,0
1777921712714,11293,HTTP Request,200,OK,Config 3: Exp7 1-26,text,true,,231,158,397,397,http://localhost:8079/?token=518504778&user=-1355064518&config=3,11293,0,0
1777921712714,11293,HTTP Request,200,OK,Config 3: Exp7 1-106,text,true,,231,158,397,397,http://localhost:8079/?token=518504778&user=-1355064518&config=3,11293,0,0
1777921712714,11293,HTTP Request,200,OK,Config 3: Exp7 1-131,text,true,,231,158,397,397,http://localhost:8079/?token=518504778&user=-1355064518&config=3,11293,0,0
1777921712714,11293,HTTP Request,200,OK,Config 3: Exp7 1-53,text,true,,231,158,397,397,http://localhost:8079/?token=518504778&user=-1355064518&config=3,11293,0,0
1777921712714,11293,HTTP Request,200,OK,Config 3: Exp7 1-35,text,true,,231,158,397,397,http://localhost:8079/?token=518504778&user=-1355064518&config=3,11293,0,0
1777921712715,11292,HTTP Request,200,OK,Config 3: Exp7 1-134,text,true,,231,158,397,397,http://localhost:8079/?token=518504778&user=-1355064518&config=3,11292,0,0
1777921712715,11292,HTTP Request,200,OK,Config 3: Exp7 1-256,text,true,,231,158,397,397,http://localhost:8079/?token=518504778&user=-1355064518&config=3,11292,0,0
1777921712714,11293,HTTP Request,200,OK,Config 3: Exp7 1-111,text,true,,231,158,397,397,http://localhost:8079/?token=518504778&user=-1355064518&config=3,11293,0,0
1777921712715,11292,HTTP Request,200,OK,Config 3: Exp7 1-257,text,true,,231,158,397,397,http://localhost:8079/?token=518504778&user=-1355064518&config=3,11292,0,0
1777921712715,11292,HTTP Request,200,OK,Config 3: Exp7 1-258,text,true,,231,158,397,397,http://localhost:8079/?token=518504778&user=-1355064518&config=3,11292,0,0
1777921712714,11295,HTTP Request,200,OK,Config 3: Exp7 1-110,text,true,,231,158,397,397,http://localhost:8079/?token=518504778&user=-1355064518&config=3,11295,0,0
1777921712714,11295,HTTP Request,200,OK,Config 3: Exp7 1-2,text,true,,231,158,397,397,http://localhost:8079/?token=518504778&user=-1355064518&config=3,11295,0,0
1777921712714,11295,HTTP Request,200,OK,Config 3: Exp7 1-91,text,true,,231,158,397,397,http://localhost:8079/?token=518504778&user=-1355064518&config=3,11295,0,0
1777921712714,11295,HTTP Request,200,OK,Config 3: Exp7 1-64,text,true,,231,158,397,397,http://localhost:8079/?token=518504778&user=-1355064518&config=3,11295,0,0
1777921712714,11296,HTTP Request,200,OK,Config 3: Exp7 1-98,text,true,,231,158,397,397,http://localhost:8079/?token=518504778&user=-1355064518&config=3,11295,0,0
1777921712714,11296,HTTP Request,200,OK,Config 3: Exp7 1-117,text,true,,231,158,397,397,http://localhost:8079/?token=518504778&user=-1355064518&config=3,11296,0,0
1777921712715,11295,HTTP Request,200,OK,Config 3: Exp7 1-137,text,true,,231,158,397,397,http://localhost:8079/?token=518504778&user=-1355064518&config=3,11295,0,0
1777921712714,11296,HTTP Request,200,OK,Config 3: Exp7 1-103,text,true,,231,158,397,397,http://localhost:8079/?token=518504778&user=-1355064518&config=3,11296,0,0
1777921712715,11295,HTTP Request,200,OK,Config 3: Exp7 1-254,text,true,,231,158,397,397,http://localhost:8079/?token=518504778&user=-1355064518&config=3,11295,0,0
1777921710544,13480,HTTP Request,200,OK,Config 3: Exp7 1-243,text,true,,231,158,397,397,http://localhost:8079/?token=518504778&user=-1355064518&config=3,13480,0,0
1777921710661,13363,HTTP Request,200,OK,Config 3: Exp7 1-244,text,true,,231,158,397,397,http://localhost:8079/?token=518504778&user=-1355064518&config=3,13363,0,0
1777921710625,13399,HTTP Request,200,OK,Config 3: Exp7 1-312,text,true,,231,158,397,397,http://localhost:8079/?token=518504778&user=-1355064518&config=3,13399,0,1
1777921710781,13283,HTTP Request,200,OK,Config 3: Exp7 1-313,text,true,,231,158,398,398,http://localhost:8079/?token=518504778&user=-1355064518&config=3,13283,0,1
1777921711093,12970,HTTP Request,200,OK,Config 3: Exp7 1-315,text,true,,231,158,398,398,http://localhost:8079/?token=518504778&user=-1355064518&config=3,12970,0,0
1777921710937,13127,HTTP Request,200,OK,Config 3: Exp7 1-314,text,true,,231,158,398,398,http://localhost:8079/?token=518504778&user=-1355064518&config=3,13127,0,1
1777921715784,8279,HTTP Request,500,Internal Server Error,Config 3: Exp7 1-235,text,false,"Test failed: code expected to equal /

****** received  : [[[5]]]00

****** comparison: [[[2]]]00

/",233,158,398,398,http://localhost:8079/?token=518504778&user=-1355064518&config=3,8279,0,0
1777921715784,8281,HTTP Request,500,Internal Server Error,Config 3: Exp7 1-234,text,false,"Test failed: code expected to equal /

****** received  : [[[5]]]00

****** comparison: [[[2]]]00

/",233,158,398,398,http://localhost:8079/?token=518504778&user=-1355064518&config=3,8280,0,0
1777921715784,8281,HTTP Request,500,Internal Server Error,Config 3: Exp7 1-233,text,false,"Test failed: code expected to equal /

****** received  : [[[5]]]00

****** comparison: [[[2]]]00

/",233,158,398,398,http://localhost:8079/?token=518504778&user=-1355064518&config=3,8280,0,0
1777921716086,7980,HTTP Request,500,Internal Server Error,Config 3: Exp7 1-347,text,false,"Test failed: code expected to equal /

****** received  : [[[5]]]00

****** comparison: [[[2]]]00

/",233,158,398,398,http://localhost:8079/?token=518504778&user=-1355064518&config=3,7980,0,0
1777921715784,8281,HTTP Request,500,Internal Server Error,Config 3: Exp7 1-278,text,false,"Test failed: code expected to equal /

****** received  : [[[5]]]00

****** comparison: [[[2]]]00

/",233,158,398,398,http://localhost:8079/?token=518504778&user=-1355064518&config=3,8280,0,0
1777921715784,8282,HTTP Request,500,Internal Server Error,Config 3: Exp7 1-279,text,false,"Test failed: code expected to equal /

****** received  : [[[5]]]00

****** comparison: [[[2]]]00

/",233,158,398,398,http://localhost:8079/?token=518504778&user=-1355064518&config=3,8282,0,0
1777921715783,8283,HTTP Request,500,Internal Server Error,Config 3: Exp7 1-219,text,false,"Test failed: code expected to equal /

****** received  : [[[5]]]00

****** comparison: [[[2]]]00

/",233,158,398,398,http://localhost:8079/?token=518504778&user=-1355064518&config=3,8283,0,0
1777921715783,8283,HTTP Request,500,Internal Server Error,Config 3: Exp7 1-217,text,false,"Test failed: code expected to equal /

****** received  : [[[5]]]00

****** comparison: [[[2]]]00

/",233,158,398,398,http://localhost:8079/?token=518504778&user=-1355064518&config=3,8283,0,0
1777921715783,8283,HTTP Request,500,Internal Server Error,Config 3: Exp7 1-277,text,false,"Test failed: code expected to equal /

****** received  : [[[5]]]00

****** comparison: [[[2]]]00

/",233,158,398,398,http://localhost:8079/?token=518504778&user=-1355064518&config=3,8283,0,0
1777921715929,8137,HTTP Request,500,Internal Server Error,Config 3: Exp7 1-346,text,false,"Test failed: code expected to equal /

****** received  : [[[5]]]00

****** comparison: [[[2]]]00

/",233,158,398,398,http://localhost:8079/?token=518504778&user=-1355064518&config=3,8137,0,0
1777921715773,8293,HTTP Request,500,Internal Server Error,Config 3: Exp7 1-345,text,false,"Test failed: code expected to equal /

****** received  : [[[5]]]00

****** comparison: [[[2]]]00

/",233,158,398,398,http://localhost:8079/?token=518504778&user=-1355064518&config=3,8293,0,1
1777921716397,7670,HTTP Request,500,Internal Server Error,Config 3: Exp7 1-349,text,false,"Test failed: code expected to equal /

****** received  : [[[5]]]00

****** comparison: [[[2]]]00

/",233,158,398,398,http://localhost:8079/?token=518504778&user=-1355064518&config=3,7670,0,0
1777921716241,7826,HTTP Request,500,Internal Server Error,Config 3: Exp7 1-348,text,false,"Test failed: code expected to equal /

****** received  : [[[5]]]00

****** comparison: [[[2]]]00

/",233,158,398,398,http://localhost:8079/?token=518504778&user=-1355064518&config=3,7826,0,1
1777921716554,7515,HTTP Request,500,Internal Server Error,Config 3: Exp7 1-350,text,false,"Test failed: code expected to equal /

****** received  : [[[5]]]00

****** comparison: [[[2]]]00

/",233,158,398,398,http://localhost:8079/?token=518504778&user=-1355064518&config=3,7514,0,0
1777921716710,7359,HTTP Request,500,Internal Server Error,Config 3: Exp7 1-351,text,false,"Test failed: code expected to equal /

****** received  : [[[5]]]00

****** comparison: [[[2]]]00

/",233,158,398,398,http://localhost:8079/?token=518504778&user=-1355064518&config=3,7359,0,0
1777921716865,7204,HTTP Request,500,Internal Server Error,Config 3: Exp7 1-352,text,false,"Test failed: code expected to equal /

****** received  : [[[5]]]00

****** comparison: [[[2]]]00

/",233,158,398,398,http://localhost:8079/?token=518504778&user=-1355064518&config=3,7204,0,1
1777921717024,7046,HTTP Request,500,Internal Server Error,Config 3: Exp7 1-271,text,false,"Test failed: code expected to equal /

****** received  : [[[5]]]00

****** comparison: [[[2]]]00

/",233,158,398,398,http://localhost:8079/?token=518504778&user=-1355064518&config=3,7046,0,0
1777921717022,7048,HTTP Request,500,Internal Server Error,Config 3: Exp7 1-353,text,false,"Test failed: code expected to equal /

****** received  : [[[5]]]00

****** comparison: [[[2]]]00

/",233,158,398,398,http://localhost:8079/?token=518504778&user=-1355064518&config=3,7048,0,1
1777921717178,6892,HTTP Request,500,Internal Server Error,Config 3: Exp7 1-354,text,false,"Test failed: code expected to equal /

****** received  : [[[5]]]00

****** comparison: [[[2]]]00

/",233,158,398,398,http://localhost:8079/?token=518504778&user=-1355064518&config=3,6892,0,0
1777921717333,6737,HTTP Request,500,Internal Server Error,Config 3: Exp7 1-355,text,false,"Test failed: code expected to equal /

****** received  : [[[5]]]00

****** comparison: [[[2]]]00

/",233,158,398,398,http://localhost:8079/?token=518504778&user=-1355064518&config=3,6737,0,1
1777921717490,6868,HTTP Request,500,Internal Server Error,Config 3: Exp7 1-356,text,false,"Test failed: code expected to equal /

****** received  : [[[5]]]00

****** comparison: [[[2]]]00

/",233,158,400,400,http://localhost:8079/?token=518504778&user=-1355064518&config=3,6868,0,1
1777921717654,6705,HTTP Request,500,Internal Server Error,Config 3: Exp7 1-272,text,false,"Test failed: code expected to equal /

****** received  : [[[5]]]00

****** comparison: [[[2]]]00

/",233,158,400,400,http://localhost:8079/?token=518504778&user=-1355064518&config=3,6705,0,0
1777921717654,6707,HTTP Request,500,Internal Server Error,Config 3: Exp7 1-274,text,false,"Test failed: code expected to equal /

****** received  : [[[5]]]00

****** comparison: [[[2]]]00

/",233,158,400,400,http://localhost:8079/?token=518504778&user=-1355064518&config=3,6707,0,0
1777921717654,6707,HTTP Request,500,Internal Server Error,Config 3: Exp7 1-273,text,false,"Test failed: code expected to equal /

****** received  : [[[5]]]00

****** comparison: [[[2]]]00

/",233,158,400,400,http://localhost:8079/?token=518504778&user=-1355064518&config=3,6707,0,0
1777921717646,6715,HTTP Request,500,Internal Server Error,Config 3: Exp7 1-357,text,false,"Test failed: code expected to equal /

****** received  : [[[5]]]00

****** comparison: [[[2]]]00

/",233,158,400,400,http://localhost:8079/?token=518504778&user=-1355064518&config=3,6715,0,0
1777921717802,6559,HTTP Request,500,Internal Server Error,Config 3: Exp7 1-358,text,false,"Test failed: code expected to equal /

****** received  : [[[5]]]00

****** comparison: [[[2]]]00

/",233,158,400,400,http://localhost:8079/?token=518504778&user=-1355064518&config=3,6559,0,0
1777921711248,13670,HTTP Request,200,OK,Config 3: Exp7 1-316,text,true,,231,158,403,403,http://localhost:8079/?token=518504778&user=-1355064518&config=3,13670,0,1
1777921711404,13514,HTTP Request,200,OK,Config 3: Exp7 1-317,text,true,,231,158,403,403,http://localhost:8079/?token=518504778&user=-1355064518&config=3,13514,0,1
1777921711561,13358,HTTP Request,200,OK,Config 3: Exp7 1-318,text,true,,231,158,403,403,http://localhost:8079/?token=518504778&user=-1355064518&config=3,13358,0,0
1777921711872,13047,HTTP Request,200,OK,Config 3: Exp7 1-320,text,true,,231,158,403,403,http://localhost:8079/?token=518504778&user=-1355064518&config=3,13047,0,1
1777921712028,12891,HTTP Request,200,OK,Config 3: Exp7 1-321,text,true,,231,158,403,403,http://localhost:8079/?token=518504778&user=-1355064518&config=3,12891,0,1
1777921711717,13202,HTTP Request,200,OK,Config 3: Exp7 1-319,text,true,,231,158,403,403,http://localhost:8079/?token=518504778&user=-1355064518&config=3,13202,0,1
1777921712184,14456,HTTP Request,200,OK,Config 3: Exp7 1-322,text,true,,231,158,414,414,http://localhost:8079/?token=518504778&user=-1355064518&config=3,14456,0,0
1777921712496,14144,HTTP Request,200,OK,Config 3: Exp7 1-324,text,true,,231,158,414,414,http://localhost:8079/?token=518504778&user=-1355064518&config=3,14144,0,0
1777921712340,14300,HTTP Request,200,OK,Config 3: Exp7 1-323,text,true,,231,158,414,414,http://localhost:8079/?token=518504778&user=-1355064518&config=3,14300,0,0
1777921712714,14081,HTTP Request,200,OK,Config 3: Exp7 1-59,text,true,,231,158,415,415,http://localhost:8079/?token=518504778&user=-1355064518&config=3,14081,0,0
1777921712714,14082,HTTP Request,200,OK,Config 3: Exp7 1-71,text,true,,231,158,415,415,http://localhost:8079/?token=518504778&user=-1355064518&config=3,14082,0,0
1777921712715,14081,HTTP Request,200,OK,Config 3: Exp7 1-259,text,true,,231,158,415,415,http://localhost:8079/?token=518504778&user=-1355064518&config=3,14081,0,0
1777921712714,14082,HTTP Request,200,OK,Config 3: Exp7 1-105,text,true,,231,158,415,415,http://localhost:8079/?token=518504778&user=-1355064518&config=3,14082,0,0
1777921712715,14081,HTTP Request,200,OK,Config 3: Exp7 1-255,text,true,,231,158,415,415,http://localhost:8079/?token=518504778&user=-1355064518&config=3,14081,0,0
1777921712715,14081,HTTP Request,200,OK,Config 3: Exp7 1-206,text,true,,231,158,415,415,http://localhost:8079/?token=518504778&user=-1355064518&config=3,14081,0,0
1777921712714,14082,HTTP Request,200,OK,Config 3: Exp7 1-14,text,true,,231,158,415,415,http://localhost:8079/?token=518504778&user=-1355064518&config=3,14082,0,0
1777921712715,14081,HTTP Request,200,OK,Config 3: Exp7 1-194,text,true,,231,158,415,415,http://localhost:8079/?token=518504778&user=-1355064518&config=3,14081,0,0
1777921712785,14011,HTTP Request,200,OK,Config 3: Exp7 1-197,text,true,,231,158,415,415,http://localhost:8079/?token=518504778&user=-1355064518&config=3,14011,0,0
1777921712788,14010,HTTP Request,200,OK,Config 3: Exp7 1-8,text,true,,231,158,415,415,http://localhost:8079/?token=518504778&user=-1355064518&config=3,14010,0,0
1777921712785,14013,HTTP Request,200,OK,Config 3: Exp7 1-46,text,true,,231,158,415,415,http://localhost:8079/?token=518504778&user=-1355064518&config=3,14013,0,0
1777921712785,14013,HTTP Request,200,OK,Config 3: Exp7 1-85,text,true,,231,158,415,415,http://localhost:8079/?token=518504778&user=-1355064518&config=3,14013,0,0
1777921712788,14010,HTTP Request,200,OK,Config 3: Exp7 1-198,text,true,,231,158,415,415,http://localhost:8079/?token=518504778&user=-1355064518&config=3,14010,0,0
1777921712788,14011,HTTP Request,200,OK,Config 3: Exp7 1-47,text,true,,231,158,415,415,http://localhost:8079/?token=518504778&user=-1355064518&config=3,14011,0,0
1777921712788,14011,HTTP Request,200,OK,Config 3: Exp7 1-260,text,true,,231,158,415,415,http://localhost:8079/?token=518504778&user=-1355064518&config=3,14011,0,0
1777921712788,14011,HTTP Request,200,OK,Config 3: Exp7 1-263,text,true,,231,158,415,415,http://localhost:8079/?token=518504778&user=-1355064518&config=3,14011,0,0
1777921712788,14011,HTTP Request,200,OK,Config 3: Exp7 1-264,text,true,,231,158,415,415,http://localhost:8079/?token=518504778&user=-1355064518&config=3,14011,0,0
1777921712788,14011,HTTP Request,200,OK,Config 3: Exp7 1-65,text,true,,231,158,415,415,http://localhost:8079/?token=518504778&user=-1355064518&config=3,14011,0,0
1777921712788,14012,HTTP Request,200,OK,Config 3: Exp7 1-84,text,true,,231,158,415,415,http://localhost:8079/?token=518504778&user=-1355064518&config=3,14012,0,0
1777921712788,14012,HTTP Request,200,OK,Config 3: Exp7 1-9,text,true,,231,158,415,415,http://localhost:8079/?token=518504778&user=-1355064518&config=3,14012,0,0
1777921712808,13992,HTTP Request,200,OK,Config 3: Exp7 1-326,text,true,,231,158,415,415,http://localhost:8079/?token=518504778&user=-1355064518&config=3,13992,0,0
1777921712788,14012,HTTP Request,200,OK,Config 3: Exp7 1-265,text,true,,231,158,415,415,http://localhost:8079/?token=518504778&user=-1355064518&config=3,14012,0,0
1777921712788,14012,HTTP Request,200,OK,Config 3: Exp7 1-261,text,true,,231,158,415,415,http://localhost:8079/?token=518504778&user=-1355064518&config=3,14012,0,0
1777921712788,14012,HTTP Request,200,OK,Config 3: Exp7 1-154,text,true,,231,158,415,415,http://localhost:8079/?token=518504778&user=-1355064518&config=3,14012,0,0
1777921712788,14012,HTTP Request,200,OK,Config 3: Exp7 1-196,text,true,,231,158,415,415,http://localhost:8079/?token=518504778&user=-1355064518&config=3,14012,0,0
1777921712788,14012,HTTP Request,200,OK,Config 3: Exp7 1-195,text,true,,231,158,415,415,http://localhost:8079/?token=518504778&user=-1355064518&config=3,14012,0,0
1777921712964,13836,HTTP Request,200,OK,Config 3: Exp7 1-327,text,true,,231,158,415,415,http://localhost:8079/?token=518504778&user=-1355064518&config=3,13836,0,1
1777921712788,14014,HTTP Request,200,OK,Config 3: Exp7 1-262,text,true,,231,158,415,415,http://localhost:8079/?token=518504778&user=-1355064518&config=3,14014,0,0
1777921712788,14014,HTTP Request,200,OK,Config 3: Exp7 1-266,text,true,,231,158,415,415,http://localhost:8079/?token=518504778&user=-1355064518&config=3,14014,0,0
1777921713120,13682,HTTP Request,200,OK,Config 3: Exp7 1-328,text,true,,231,158,415,415,http://localhost:8079/?token=518504778&user=-1355064518&config=3,13682,0,1
1777921713745,13057,HTTP Request,200,OK,Config 3: Exp7 1-332,text,true,,231,158,415,415,http://localhost:8079/?token=518504778&user=-1355064518&config=3,13057,0,1
1777921712788,14014,HTTP Request,200,OK,Config 3: Exp7 1-267,text,true,,231,158,415,415,http://localhost:8079/?token=518504778&user=-1355064518&config=3,14014,0,0
1777921713276,13526,HTTP Request,200,OK,Config 3: Exp7 1-329,text,true,,231,158,415,415,http://localhost:8079/?token=518504778&user=-1355064518&config=3,13526,0,0
1777921713432,13370,HTTP Request,200,OK,Config 3: Exp7 1-330,text,true,,231,158,415,415,http://localhost:8079/?token=518504778&user=-1355064518&config=3,13370,0,1
1777921713588,13214,HTTP Request,200,OK,Config 3: Exp7 1-331,text,true,,231,158,415,415,http://localhost:8079/?token=518504778&user=-1355064518&config=3,13214,0,0
1777921714056,12746,HTTP Request,200,OK,Config 3: Exp7 1-334,text,true,,231,158,415,415,http://localhost:8079/?token=518504778&user=-1355064518&config=3,12746,0,1
1777921714212,12590,HTTP Request,200,OK,Config 3: Exp7 1-335,text,true,,231,158,415,415,http://localhost:8079/?token=518504778&user=-1355064518&config=3,12590,0,1
1777921713901,12901,HTTP Request,200,OK,Config 3: Exp7 1-333,text,true,,231,158,415,415,http://localhost:8079/?token=518504778&user=-1355064518&config=3,12901,0,0
1777921714369,12433,HTTP Request,200,OK,Config 3: Exp7 1-336,text,true,,231,158,415,415,http://localhost:8079/?token=518504778&user=-1355064518&config=3,12433,0,0
1777921714446,15375,HTTP Request,200,OK,Config 3: Exp7 1-10,text,true,,231,158,435,435,http://localhost:8079/?token=518504778&user=-1355064518&config=3,15375,0,0
1777921714446,15375,HTTP Request,200,OK,Config 3: Exp7 1-210,text,true,,231,158,435,435,http://localhost:8079/?token=518504778&user=-1355064518&config=3,15375,0,0
1777921714447,15374,HTTP Request,200,OK,Config 3: Exp7 1-36,text,true,,231,158,435,435,http://localhost:8079/?token=518504778&user=-1355064518&config=3,15374,0,0
1777921714446,15375,HTTP Request,200,OK,Config 3: Exp7 1-112,text,true,,231,158,435,435,http://localhost:8079/?token=518504778&user=-1355064518&config=3,15375,0,0
1777921714451,15370,HTTP Request,200,OK,Config 3: Exp7 1-88,text,true,,231,158,435,435,http://localhost:8079/?token=518504778&user=-1355064518&config=3,15370,0,0
1777921714446,15375,HTTP Request,200,OK,Config 3: Exp7 1-208,text,true,,231,158,435,435,http://localhost:8079/?token=518504778&user=-1355064518&config=3,15375,0,0
1777921714447,15374,HTTP Request,200,OK,Config 3: Exp7 1-207,text,true,,231,158,435,435,http://localhost:8079/?token=518504778&user=-1355064518&config=3,15374,0,0
1777921714449,15372,HTTP Request,200,OK,Config 3: Exp7 1-211,text,true,,231,158,435,435,http://localhost:8079/?token=518504778&user=-1355064518&config=3,15372,0,0
1777921714449,15372,HTTP Request,200,OK,Config 3: Exp7 1-55,text,true,,231,158,435,435,http://localhost:8079/?token=518504778&user=-1355064518&config=3,15372,0,0
1777921714446,15375,HTTP Request,200,OK,Config 3: Exp7 1-125,text,true,,231,158,435,435,http://localhost:8079/?token=518504778&user=-1355064518&config=3,15375,0,0
1777921714447,15374,HTTP Request,200,OK,Config 3: Exp7 1-94,text,true,,231,158,435,435,http://localhost:8079/?token=518504778&user=-1355064518&config=3,15374,0,0
1777921715105,14717,HTTP Request,200,OK,Config 3: Exp7 1-108,text,true,,231,158,435,435,http://localhost:8079/?token=518504778&user=-1355064518&config=3,14717,0,0
1777921714449,15373,HTTP Request,200,OK,Config 3: Exp7 1-93,text,true,,231,158,435,435,http://localhost:8079/?token=518504778&user=-1355064518&config=3,15373,0,0
1777921715104,14718,HTTP Request,200,OK,Config 3: Exp7 1-163,text,true,,231,158,435,435,http://localhost:8079/?token=518504778&user=-1355064518&config=3,14718,0,0
1777921714680,15142,HTTP Request,200,OK,Config 3: Exp7 1-338,text,true,,231,158,435,435,http://localhost:8079/?token=518504778&user=-1355064518&config=3,15142,0,1
1777921714524,15298,HTTP Request,200,OK,Config 3: Exp7 1-337,text,true,,231,158,435,435,http://localhost:8079/?token=518504778&user=-1355064518&config=3,15298,0,1
1777921714836,14986,HTTP Request,200,OK,Config 3: Exp7 1-339,text,true,,231,158,435,435,http://localhost:8079/?token=518504778&user=-1355064518&config=3,14986,0,1
1777921714992,14830,HTTP Request,200,OK,Config 3: Exp7 1-340,text,true,,231,158,435,435,http://localhost:8079/?token=518504778&user=-1355064518&config=3,14830,0,1
1777921715105,14718,HTTP Request,200,OK,Config 3: Exp7 1-11,text,true,,231,158,435,435,http://localhost:8079/?token=518504778&user=-1355064518&config=3,14718,0,0
1777921715105,14718,HTTP Request,200,OK,Config 3: Exp7 1-107,text,true,,231,158,435,435,http://localhost:8079/?token=518504778&user=-1355064518&config=3,14718,0,0
1777921715105,14718,HTTP Request,200,OK,Config 3: Exp7 1-127,text,true,,231,158,435,435,http://localhost:8079/?token=518504778&user=-1355064518&config=3,14718,0,0
1777921715104,14719,HTTP Request,200,OK,Config 3: Exp7 1-169,text,true,,231,158,435,435,http://localhost:8079/?token=518504778&user=-1355064518&config=3,14719,0,0
1777921715105,14718,HTTP Request,200,OK,Config 3: Exp7 1-170,text,true,,231,158,435,435,http://localhost:8079/?token=518504778&user=-1355064518&config=3,14718,0,0
1777921715104,14719,HTTP Request,200,OK,Config 3: Exp7 1-214,text,true,,231,158,435,435,http://localhost:8079/?token=518504778&user=-1355064518&config=3,14719,0,0
1777921715148,14675,HTTP Request,200,OK,Config 3: Exp7 1-341,text,true,,231,158,435,435,http://localhost:8079/?token=518504778&user=-1355064518&config=3,14675,0,1
1777921715291,14577,HTTP Request,200,OK,Config 3: Exp7 1-126,text,true,,231,158,435,435,http://localhost:8079/?token=518504778&user=-1355064518&config=3,14577,0,0
1777921715291,14577,HTTP Request,200,OK,Config 3: Exp7 1-17,text,true,,231,158,435,435,http://localhost:8079/?token=518504778&user=-1355064518&config=3,14577,0,0
1777921715292,14577,HTTP Request,200,OK,Config 3: Exp7 1-168,text,true,,231,158,435,435,http://localhost:8079/?token=518504778&user=-1355064518&config=3,14577,0,0
1777921715293,14576,HTTP Request,200,OK,Config 3: Exp7 1-171,text,true,,231,158,435,435,http://localhost:8079/?token=518504778&user=-1355064518&config=3,14576,0,0
1777921715293,14576,HTTP Request,200,OK,Config 3: Exp7 1-215,text,true,,231,158,435,435,http://localhost:8079/?token=518504778&user=-1355064518&config=3,14576,0,0
1777921715292,14577,HTTP Request,200,OK,Config 3: Exp7 1-167,text,true,,231,158,435,435,http://localhost:8079/?token=518504778&user=-1355064518&config=3,14577,0,0
1777921715292,14577,HTTP Request,200,OK,Config 3: Exp7 1-213,text,true,,231,158,435,435,http://localhost:8079/?token=518504778&user=-1355064518&config=3,14577,0,0
1777921715292,14577,HTTP Request,200,OK,Config 3: Exp7 1-268,text,true,,231,158,435,435,http://localhost:8079/?token=518504778&user=-1355064518&config=3,14577,0,0
1777921715292,14577,HTTP Request,200,OK,Config 3: Exp7 1-270,text,true,,231,158,435,435,http://localhost:8079/?token=518504778&user=-1355064518&config=3,14577,0,0
1777921715293,14576,HTTP Request,200,OK,Config 3: Exp7 1-229,text,true,,231,158,435,435,http://localhost:8079/?token=518504778&user=-1355064518&config=3,14576,0,0
1777921715292,14577,HTTP Request,200,OK,Config 3: Exp7 1-269,text,true,,231,158,435,435,http://localhost:8079/?token=518504778&user=-1355064518&config=3,14577,0,0
1777921715460,14409,HTTP Request,200,OK,Config 3: Exp7 1-343,text,true,,231,158,435,435,http://localhost:8079/?token=518504778&user=-1355064518&config=3,14409,0,1
1777921715617,14252,HTTP Request,200,OK,Config 3: Exp7 1-344,text,true,,231,158,435,435,http://localhost:8079/?token=518504778&user=-1355064518&config=3,14252,0,1
1777921715305,14564,HTTP Request,200,OK,Config 3: Exp7 1-342,text,true,,231,158,435,435,http://localhost:8079/?token=518504778&user=-1355064518&config=3,14564,0,0
1777921715293,14576,HTTP Request,200,OK,Config 3: Exp7 1-230,text,true,,231,158,435,435,http://localhost:8079/?token=518504778&user=-1355064518&config=3,14576,0,0
1777921715784,14129,HTTP Request,200,OK,Config 3: Exp7 1-56,text,true,,231,158,435,435,http://localhost:8079/?token=518504778&user=-1355064518&config=3,14129,0,0
1777921715784,14129,HTTP Request,200,OK,Config 3: Exp7 1-216,text,true,,231,158,435,435,http://localhost:8079/?token=518504778&user=-1355064518&config=3,14129,0,0
1777921715784,14129,HTTP Request,200,OK,Config 3: Exp7 1-218,text,true,,231,158,435,435,http://localhost:8079/?token=518504778&user=-1355064518&config=3,14129,0,0
1777921715782,14131,HTTP Request,200,OK,Config 3: Exp7 1-276,text,true,,231,158,435,435,http://localhost:8079/?token=518504778&user=-1355064518&config=3,14131,0,0
1777921718466,13188,HTTP Request,200,OK,Config 3: Exp7 1-31,text,true,,231,158,446,446,http://localhost:8079/?token=518504778&user=-1355064518&config=3,13188,0,0
1777921718466,13188,HTTP Request,200,OK,Config 3: Exp7 1-113,text,true,,231,158,446,446,http://localhost:8079/?token=518504778&user=-1355064518&config=3,13188,0,0
1777921718466,13188,HTTP Request,200,OK,Config 3: Exp7 1-212,text,true,,231,158,446,446,http://localhost:8079/?token=518504778&user=-1355064518&config=3,13188,0,0
1777921718426,13228,HTTP Request,200,OK,Config 3: Exp7 1-362,text,true,,231,158,446,446,http://localhost:8079/?token=518504778&user=-1355064518&config=3,13228,0,0
1777921718466,14255,HTTP Request,200,OK,Config 3: Exp7 1-69,text,true,,231,158,453,453,http://localhost:8079/?token=518504778&user=-1355064518&config=3,14255,0,0
1777921718581,14140,HTTP Request,200,OK,Config 3: Exp7 1-363,text,true,,231,158,453,453,http://localhost:8079/?token=518504778&user=-1355064518&config=3,14140,0,1
1777921718466,14255,HTTP Request,200,OK,Config 3: Exp7 1-135,text,true,,231,158,453,453,http://localhost:8079/?token=518504778&user=-1355064518&config=3,14255,0,0
1777921718466,14256,HTTP Request,200,OK,Config 3: Exp7 1-50,text,true,,231,158,453,453,http://localhost:8079/?token=518504778&user=-1355064518&config=3,14256,0,0
1777921718682,14040,HTTP Request,200,OK,Config 3: Exp7 1-282,text,true,,231,158,453,453,http://localhost:8079/?token=518504778&user=-1355064518&config=3,14040,0,0
1777921718683,14039,HTTP Request,200,OK,Config 3: Exp7 1-75,text,true,,231,158,453,453,http://localhost:8079/?token=518504778&user=-1355064518&config=3,14039,0,0
1777921718682,14040,HTTP Request,200,OK,Config 3: Exp7 1-280,text,true,,231,158,453,453,http://localhost:8079/?token=518504778&user=-1355064518&config=3,14040,0,0
1777921718682,14040,HTTP Request,200,OK,Config 3: Exp7 1-283,text,true,,231,158,453,453,http://localhost:8079/?token=518504778&user=-1355064518&config=3,14040,0,0
1777921718682,14040,HTTP Request,200,OK,Config 3: Exp7 1-281,text,true,,231,158,453,453,http://localhost:8079/?token=518504778&user=-1355064518&config=3,14040,0,0
1777921718683,14040,HTTP Request,200,OK,Config 3: Exp7 1-114,text,true,,231,158,453,453,http://localhost:8079/?token=518504778&user=-1355064518&config=3,14040,0,0
1777921718683,14040,HTTP Request,200,OK,Config 3: Exp7 1-77,text,true,,231,158,453,453,http://localhost:8079/?token=518504778&user=-1355064518&config=3,14040,0,0
1777921718683,14040,HTTP Request,200,OK,Config 3: Exp7 1-19,text,true,,231,158,453,453,http://localhost:8079/?token=518504778&user=-1355064518&config=3,14040,0,0
1777921718683,14041,HTTP Request,200,OK,Config 3: Exp7 1-115,text,true,,231,158,453,453,http://localhost:8079/?token=518504778&user=-1355064518&config=3,14041,0,0
1777921718684,14040,HTTP Request,200,OK,Config 3: Exp7 1-38,text,true,,231,158,453,453,http://localhost:8079/?token=518504778&user=-1355064518&config=3,14040,0,0
1777921718684,14041,HTTP Request,200,OK,Config 3: Exp7 1-37,text,true,,231,158,453,453,http://localhost:8079/?token=518504778&user=-1355064518&config=3,14041,0,0
1777921718684,14041,HTTP Request,200,OK,Config 3: Exp7 1-165,text,true,,231,158,453,453,http://localhost:8079/?token=518504778&user=-1355064518&config=3,14041,0,0
1777921718684,14041,HTTP Request,200,OK,Config 3: Exp7 1-18,text,true,,231,158,453,453,http://localhost:8079/?token=518504778&user=-1355064518&config=3,14041,0,0
1777921718684,14041,HTTP Request,200,OK,Config 3: Exp7 1-221,text,true,,231,158,453,453,http://localhost:8079/?token=518504778&user=-1355064518&config=3,14041,0,0
1777921718684,14041,HTTP Request,200,OK,Config 3: Exp7 1-129,text,true,,231,158,453,453,http://localhost:8079/?token=518504778&user=-1355064518&config=3,14041,0,0
1777921718684,14041,HTTP Request,200,OK,Config 3: Exp7 1-177,text,true,,231,158,453,453,http://localhost:8079/?token=518504778&user=-1355064518&config=3,14041,0,0
1777921718684,14041,HTTP Request,200,OK,Config 3: Exp7 1-220,text,true,,231,158,453,453,http://localhost:8079/?token=518504778&user=-1355064518&config=3,14041,0,0
1777921718684,14043,HTTP Request,200,OK,Config 3: Exp7 1-284,text,true,,231,158,453,453,http://localhost:8079/?token=518504778&user=-1355064518&config=3,14043,0,0
1777921719134,13594,HTTP Request,200,OK,Config 3: Exp7 1-15,text,true,,231,158,453,453,http://localhost:8079/?token=518504778&user=-1355064518&config=3,13594,0,0
1777921719134,13594,HTTP Request,200,OK,Config 3: Exp7 1-34,text,true,,231,158,453,453,http://localhost:8079/?token=518504778&user=-1355064518&config=3,13594,0,0
1777921719134,13594,HTTP Request,200,OK,Config 3: Exp7 1-39,text,true,,231,158,453,453,http://localhost:8079/?token=518504778&user=-1355064518&config=3,13594,0,0
1777921719049,13679,HTTP Request,200,OK,Config 3: Exp7 1-366,text,true,,231,158,453,453,http://localhost:8079/?token=518504778&user=-1355064518&config=3,13679,0,0
1777921719134,13594,HTTP Request,200,OK,Config 3: Exp7 1-180,text,true,,231,158,453,453,http://localhost:8079/?token=518504778&user=-1355064518&config=3,13594,0,0
1777921719134,13594,HTTP Request,200,OK,Config 3: Exp7 1-287,text,true,,231,158,453,453,http://localhost:8079/?token=518504778&user=-1355064518&config=3,13594,0,0
1777921719134,13594,HTTP Request,200,OK,Config 3: Exp7 1-41,text,true,,231,158,453,453,http://localhost:8079/?token=518504778&user=-1355064518&config=3,13594,0,0
1777921719134,13594,HTTP Request,200,OK,Config 3: Exp7 1-76,text,true,,231,158,453,453,http://localhost:8079/?token=518504778&user=-1355064518&config=3,13594,0,0
1777921719134,13594,HTTP Request,200,OK,Config 3: Exp7 1-181,text,true,,231,158,453,453,http://localhost:8079/?token=518504778&user=-1355064518&config=3,13594,0,0
1777921718958,13771,HTTP Request,200,OK,Config 3: Exp7 1-132,text,true,,231,158,453,453,http://localhost:8079/?token=518504778&user=-1355064518&config=3,13771,0,0
1777921718894,13835,HTTP Request,200,OK,Config 3: Exp7 1-365,text,true,,231,158,453,453,http://localhost:8079/?token=518504778&user=-1355064518&config=3,13835,0,0
1777921719134,13595,HTTP Request,200,OK,Config 3: Exp7 1-285,text,true,,231,158,453,453,http://localhost:8079/?token=518504778&user=-1355064518&config=3,13595,0,0
1777921719134,13595,HTTP Request,200,OK,Config 3: Exp7 1-222,text,true,,231,158,453,453,http://localhost:8079/?token=518504778&user=-1355064518&config=3,13595,0,0
1777921719134,13595,HTTP Request,200,OK,Config 3: Exp7 1-182,text,true,,231,158,453,453,http://localhost:8079/?token=518504778&user=-1355064518&config=3,13595,0,0
1777921719134,13595,HTTP Request,200,OK,Config 3: Exp7 1-288,text,true,,231,158,453,453,http://localhost:8079/?token=518504778&user=-1355064518&config=3,13595,0,0
1777921719134,13595,HTTP Request,200,OK,Config 3: Exp7 1-289,text,true,,231,158,453,453,http://localhost:8079/?token=518504778&user=-1355064518&config=3,13595,0,0
1777921718738,13991,HTTP Request,200,OK,Config 3: Exp7 1-364,text,true,,231,158,453,453,http://localhost:8079/?token=518504778&user=-1355064518&config=3,13991,0,1
1777921718958,13771,HTTP Request,200,OK,Config 3: Exp7 1-304,text,true,,231,158,453,453,http://localhost:8079/?token=518504778&user=-1355064518&config=3,13771,0,0
1777921718958,13771,HTTP Request,200,OK,Config 3: Exp7 1-303,text,true,,231,158,453,453,http://localhost:8079/?token=518504778&user=-1355064518&config=3,13771,0,0
1777921718958,13771,HTTP Request,200,OK,Config 3: Exp7 1-308,text,true,,231,158,453,453,http://localhost:8079/?token=518504778&user=-1355064518&config=3,13771,0,1
1777921718958,13771,HTTP Request,200,OK,Config 3: Exp7 1-305,text,true,,231,158,453,453,http://localhost:8079/?token=518504778&user=-1355064518&config=3,13771,0,1
1777921718960,13769,HTTP Request,200,OK,Config 3: Exp7 1-307,text,true,,231,158,453,453,http://localhost:8079/?token=518504778&user=-1355064518&config=3,13769,0,0
1777921718959,13770,HTTP Request,200,OK,Config 3: Exp7 1-306,text,true,,231,158,453,453,http://localhost:8079/?token=518504778&user=-1355064518&config=3,13770,0,0
1777921719134,13739,HTTP Request,200,OK,Config 3: Exp7 1-286,text,true,,231,158,454,454,http://localhost:8079/?token=518504778&user=-1355064518&config=3,13739,0,0
1777921719134,13740,HTTP Request,200,OK,Config 3: Exp7 1-95,text,true,,231,158,454,454,http://localhost:8079/?token=518504778&user=-1355064518&config=3,13740,0,0
1777921719134,13740,HTTP Request,200,OK,Config 3: Exp7 1-72,text,true,,231,158,454,454,http://localhost:8079/?token=518504778&user=-1355064518&config=3,13740,0,0
1777921719134,13740,HTTP Request,200,OK,Config 3: Exp7 1-178,text,true,,231,158,454,454,http://localhost:8079/?token=518504778&user=-1355064518&config=3,13740,0,0
1777921719136,13739,HTTP Request,200,OK,Config 3: Exp7 1-118,text,true,,231,158,454,454,http://localhost:8079/?token=518504778&user=-1355064518&config=3,13739,0,0
1777921719136,13739,HTTP Request,200,OK,Config 3: Exp7 1-96,text,true,,231,158,454,454,http://localhost:8079/?token=518504778&user=-1355064518&config=3,13739,0,0
1777921719136,13739,HTTP Request,200,OK,Config 3: Exp7 1-92,text,true,,231,158,454,454,http://localhost:8079/?token=518504778&user=-1355064518&config=3,13739,0,0
1777921719135,13740,HTTP Request,200,OK,Config 3: Exp7 1-179,text,true,,231,158,454,454,http://localhost:8079/?token=518504778&user=-1355064518&config=3,13740,0,0
1777921719136,13739,HTTP Request,200,OK,Config 3: Exp7 1-144,text,true,,231,158,454,454,http://localhost:8079/?token=518504778&user=-1355064518&config=3,13739,0,0
1777921719135,13740,HTTP Request,200,OK,Config 3: Exp7 1-60,text,true,,231,158,454,454,http://localhost:8079/?token=518504778&user=-1355064518&config=3,13740,0,0
1777921719136,13740,HTTP Request,200,OK,Config 3: Exp7 1-290,text,true,,231,158,454,454,http://localhost:8079/?token=518504778&user=-1355064518&config=3,13740,0,0
1777921719136,13739,HTTP Request,200,OK,Config 3: Exp7 1-73,text,true,,231,158,454,454,http://localhost:8079/?token=518504778&user=-1355064518&config=3,13739,0,0
1777921719136,13739,HTTP Request,200,OK,Config 3: Exp7 1-291,text,true,,231,158,454,454,http://localhost:8079/?token=518504778&user=-1355064518&config=3,13739,0,0
1777921719136,13739,HTTP Request,200,OK,Config 3: Exp7 1-183,text,true,,231,158,454,454,http://localhost:8079/?token=518504778&user=-1355064518&config=3,13739,0,0
1777921719136,13739,HTTP Request,200,OK,Config 3: Exp7 1-146,text,true,,231,158,454,454,http://localhost:8079/?token=518504778&user=-1355064518&config=3,13739,0,0
1777921719136,13975,HTTP Request,200,OK,Config 3: Exp7 1-147,text,true,,231,158,456,456,http://localhost:8079/?token=518504778&user=-1355064518&config=3,13975,0,0
1777921719135,14123,HTTP Request,200,OK,Config 3: Exp7 1-3,text,true,,231,158,457,457,http://localhost:8079/?token=518504778&user=-1355064518&config=3,14123,0,0
1777921719135,14123,HTTP Request,200,OK,Config 3: Exp7 1-22,text,true,,231,158,457,457,http://localhost:8079/?token=518504778&user=-1355064518&config=3,14123,0,0
1777921719136,14122,HTTP Request,200,OK,Config 3: Exp7 1-139,text,true,,231,158,457,457,http://localhost:8079/?token=518504778&user=-1355064518&config=3,14122,0,0
1777921719136,14122,HTTP Request,200,OK,Config 3: Exp7 1-141,text,true,,231,158,457,457,http://localhost:8079/?token=518504778&user=-1355064518&config=3,14122,0,0
1777921722638,10625,HTTP Request,500,Internal Server Error,Config 3: Exp7 1-389,text,false,"Test failed: code expected to equal /

****** received  : [[[5]]]00

****** comparison: [[[2]]]00

/",233,158,457,457,http://localhost:8079/?token=518504778&user=-1355064518&config=3,10625,0,0
1777921722481,10782,HTTP Request,500,Internal Server Error,Config 3: Exp7 1-388,text,false,"Test failed: code expected to equal /

****** received  : [[[5]]]00

****** comparison: [[[2]]]00

/",233,158,457,457,http://localhost:8079/?token=518504778&user=-1355064518&config=3,10782,0,1
1777921722723,10541,HTTP Request,500,Internal Server Error,Config 3: Exp7 1-159,text,false,"Test failed: code expected to equal /

****** received  : [[[5]]]00

****** comparison: [[[2]]]00

/",233,158,457,457,http://localhost:8079/?token=518504778&user=-1355064518&config=3,10541,0,0
1777921722722,10543,HTTP Request,500,Internal Server Error,Config 3: Exp7 1-67,text,false,"Test failed: code expected to equal /

****** received  : [[[5]]]00

****** comparison: [[[2]]]00

/",233,158,457,457,http://localhost:8079/?token=518504778&user=-1355064518&config=3,10542,0,0
1777921722723,10542,HTTP Request,500,Internal Server Error,Config 3: Exp7 1-48,text,false,"Test failed: code expected to equal /

****** received  : [[[5]]]00

****** comparison: [[[2]]]00

/",233,158,457,457,http://localhost:8079/?token=518504778&user=-1355064518&config=3,10541,0,0
1777921722724,10542,HTTP Request,500,Internal Server Error,Config 3: Exp7 1-33,text,false,"Test failed: code expected to equal /

****** received  : [[[5]]]00

****** comparison: [[[2]]]00

/",233,158,457,457,http://localhost:8079/?token=518504778&user=-1355064518&config=3,10542,0,0
1777921722724,10542,HTTP Request,500,Internal Server Error,Config 3: Exp7 1-116,text,false,"Test failed: code expected to equal /

****** received  : [[[5]]]00

****** comparison: [[[2]]]00

/",233,158,457,457,http://localhost:8079/?token=518504778&user=-1355064518&config=3,10542,0,0
1777921722794,10472,HTTP Request,500,Internal Server Error,Config 3: Exp7 1-390,text,false,"Test failed: code expected to equal /

****** received  : [[[5]]]00

****** comparison: [[[2]]]00

/",233,158,457,457,http://localhost:8079/?token=518504778&user=-1355064518&config=3,10472,0,0
1777921722723,10543,HTTP Request,500,Internal Server Error,Config 3: Exp7 1-124,text,false,"Test failed: code expected to equal /

****** received  : [[[5]]]00

****** comparison: [[[2]]]00

/",233,158,457,457,http://localhost:8079/?token=518504778&user=-1355064518&config=3,10543,0,0
1777921722950,10316,HTTP Request,500,Internal Server Error,Config 3: Exp7 1-391,text,false,"Test failed: code expected to equal /

****** received  : [[[5]]]00

****** comparison: [[[2]]]00

/",233,158,457,457,http://localhost:8079/?token=518504778&user=-1355064518&config=3,10316,0,1
1777921722724,10542,HTTP Request,500,Internal Server Error,Config 3: Exp7 1-1,text,false,"Test failed: code expected to equal /

****** received  : [[[5]]]00

****** comparison: [[[2]]]00

/",233,158,457,457,http://localhost:8079/?token=518504778&user=-1355064518&config=3,10542,0,0
1777921722724,10542,HTTP Request,500,Internal Server Error,Config 3: Exp7 1-160,text,false,"Test failed: code expected to equal /

****** received  : [[[5]]]00

****** comparison: [[[2]]]00

/",233,158,457,457,http://localhost:8079/?token=518504778&user=-1355064518&config=3,10542,0,0
1777921723106,10161,HTTP Request,500,Internal Server Error,Config 3: Exp7 1-392,text,false,"Test failed: code expected to equal /

****** received  : [[[5]]]00

****** comparison: [[[2]]]00

/",233,158,457,457,http://localhost:8079/?token=518504778&user=-1355064518&config=3,10161,0,0
1777921722724,10543,HTTP Request,500,Internal Server Error,Config 3: Exp7 1-52,text,false,"Test failed: code expected to equal /

****** received  : [[[5]]]00

****** comparison: [[[2]]]00

/",233,158,457,457,http://localhost:8079/?token=518504778&user=-1355064518&config=3,10543,0,0
1777921722724,10543,HTTP Request,500,Internal Server Error,Config 3: Exp7 1-130,text,false,"Test failed: code expected to equal /

****** received  : [[[5]]]00

****** comparison: [[[2]]]00

/",233,158,457,457,http://localhost:8079/?token=518504778&user=-1355064518&config=3,10543,0,0
1777921722724,10543,HTTP Request,500,Internal Server Error,Config 3: Exp7 1-133,text,false,"Test failed: code expected to equal /

****** received  : [[[5]]]00

****** comparison: [[[2]]]00

/",233,158,457,457,http://localhost:8079/?token=518504778&user=-1355064518&config=3,10543,0,0
1777921723417,9850,HTTP Request,500,Internal Server Error,Config 3: Exp7 1-394,text,false,"Test failed: code expected to equal /

****** received  : [[[5]]]00

****** comparison: [[[2]]]00

/",233,158,457,457,http://localhost:8079/?token=518504778&user=-1355064518&config=3,9850,0,1
1777921723262,10005,HTTP Request,500,Internal Server Error,Config 3: Exp7 1-393,text,false,"Test failed: code expected to equal /

****** received  : [[[5]]]00

****** comparison: [[[2]]]00

/",233,158,457,457,http://localhost:8079/?token=518504778&user=-1355064518&config=3,10005,0,0
1777921723573,9694,HTTP Request,500,Internal Server Error,Config 3: Exp7 1-395,text,false,"Test failed: code expected to equal /

****** received  : [[[5]]]00

****** comparison: [[[2]]]00

/",233,158,457,457,http://localhost:8079/?token=518504778&user=-1355064518&config=3,9694,0,0
1777921723817,10600,HTTP Request,500,Internal Server Error,Config 3: Exp7 1-309,text,false,"Test failed: code expected to equal /

****** received  : [[[5]]]00

****** comparison: [[[2]]]00

/",233,158,464,464,http://localhost:8079/?token=518504778&user=-1355064518&config=3,10600,0,0
1777921723730,10687,HTTP Request,500,Internal Server Error,Config 3: Exp7 1-396,text,false,"Test failed: code expected to equal /

****** received  : [[[5]]]00

****** comparison: [[[2]]]00

/",233,158,464,464,http://localhost:8079/?token=518504778&user=-1355064518&config=3,10687,0,1
1777921723886,10531,HTTP Request,500,Internal Server Error,Config 3: Exp7 1-397,text,false,"Test failed: code expected to equal /

****** received  : [[[5]]]00

****** comparison: [[[2]]]00

/",233,158,464,464,http://localhost:8079/?token=518504778&user=-1355064518&config=3,10531,0,0
1777921723817,10601,HTTP Request,500,Internal Server Error,Config 3: Exp7 1-138,text,false,"Test failed: code expected to equal /

****** received  : [[[5]]]00

****** comparison: [[[2]]]00

/",233,158,464,464,http://localhost:8079/?token=518504778&user=-1355064518&config=3,10601,0,0
1777921717958,17409,HTTP Request,200,OK,Config 3: Exp7 1-359,text,true,,231,158,470,470,http://localhost:8079/?token=518504778&user=-1355064518&config=3,17409,0,0
1777921718269,17098,HTTP Request,200,OK,Config 3: Exp7 1-361,text,true,,231,158,470,470,http://localhost:8079/?token=518504778&user=-1355064518&config=3,17098,0,0
1777921718113,17254,HTTP Request,200,OK,Config 3: Exp7 1-360,text,true,,231,158,470,470,http://localhost:8079/?token=518504778&user=-1355064518&config=3,17254,0,1
1777921719137,17395,HTTP Request,200,OK,Config 3: Exp7 1-99,text,true,,231,158,478,478,http://localhost:8079/?token=518504778&user=-1355064518&config=3,17395,0,0
1777921719137,17395,HTTP Request,200,OK,Config 3: Exp7 1-293,text,true,,231,158,478,478,http://localhost:8079/?token=518504778&user=-1355064518&config=3,17395,0,0
1777921719137,17396,HTTP Request,200,OK,Config 3: Exp7 1-140,text,true,,231,158,478,478,http://localhost:8079/?token=518504778&user=-1355064518&config=3,17396,0,0
1777921719136,17397,HTTP Request,200,OK,Config 3: Exp7 1-142,text,true,,231,158,478,478,http://localhost:8079/?token=518504778&user=-1355064518&config=3,17397,0,0
1777921719137,17396,HTTP Request,200,OK,Config 3: Exp7 1-185,text,true,,231,158,478,478,http://localhost:8079/?token=518504778&user=-1355064518&config=3,17396,0,0
1777921719137,17396,HTTP Request,200,OK,Config 3: Exp7 1-145,text,true,,231,158,478,478,http://localhost:8079/?token=518504778&user=-1355064518&config=3,17396,0,0
1777921719137,17396,HTTP Request,200,OK,Config 3: Exp7 1-184,text,true,,231,158,478,478,http://localhost:8079/?token=518504778&user=-1355064518&config=3,17396,0,0
1777921719136,17397,HTTP Request,200,OK,Config 3: Exp7 1-143,text,true,,231,158,478,478,http://localhost:8079/?token=518504778&user=-1355064518&config=3,17397,0,0
1777921719136,17397,HTTP Request,200,OK,Config 3: Exp7 1-292,text,true,,231,158,478,478,http://localhost:8079/?token=518504778&user=-1355064518&config=3,17397,0,0
1777921719136,17397,HTTP Request,200,OK,Config 3: Exp7 1-294,text,true,,231,158,478,478,http://localhost:8079/?token=518504778&user=-1355064518&config=3,17397,0,0
1777921719205,18777,HTTP Request,200,OK,Config 3: Exp7 1-367,text,true,,231,158,487,487,http://localhost:8079/?token=518504778&user=-1355064518&config=3,18777,0,0
1777921719240,18742,HTTP Request,200,OK,Config 3: Exp7 1-153,text,true,,231,158,487,487,http://localhost:8079/?token=518504778&user=-1355064518&config=3,18742,0,0
1777921719241,18741,HTTP Request,200,OK,Config 3: Exp7 1-311,text,true,,231,158,487,487,http://localhost:8079/?token=518504778&user=-1355064518&config=3,18741,0,0
1777921719240,18742,HTTP Request,200,OK,Config 3: Exp7 1-242,text,true,,231,158,487,487,http://localhost:8079/?token=518504778&user=-1355064518&config=3,18742,0,0
1777921719362,18622,HTTP Request,200,OK,Config 3: Exp7 1-368,text,true,,231,158,487,487,http://localhost:8079/?token=518504778&user=-1355064518&config=3,18622,0,0
1777921719517,18467,HTTP Request,200,OK,Config 3: Exp7 1-369,text,true,,231,158,487,487,http://localhost:8079/?token=518504778&user=-1355064518&config=3,18467,0,0
1777921719829,18155,HTTP Request,200,OK,Config 3: Exp7 1-371,text,true,,231,158,487,487,http://localhost:8079/?token=518504778&user=-1355064518&config=3,18155,0,0
1777921719985,17999,HTTP Request,200,OK,Config 3: Exp7 1-372,text,true,,231,158,487,487,http://localhost:8079/?token=518504778&user=-1355064518&config=3,17999,0,0
1777921719240,18744,HTTP Request,200,OK,Config 3: Exp7 1-310,text,true,,231,158,487,487,http://localhost:8079/?token=518504778&user=-1355064518&config=3,18744,0,0
1777921719673,18311,HTTP Request,200,OK,Config 3: Exp7 1-370,text,true,,231,158,487,487,http://localhost:8079/?token=518504778&user=-1355064518&config=3,18311,0,0
1777921720141,17843,HTTP Request,200,OK,Config 3: Exp7 1-373,text,true,,231,158,487,487,http://localhost:8079/?token=518504778&user=-1355064518&config=3,17843,0,1
1777921719240,18744,HTTP Request,200,OK,Config 3: Exp7 1-241,text,true,,231,158,487,487,http://localhost:8079/?token=518504778&user=-1355064518&config=3,18744,0,0
1777921719241,18743,HTTP Request,200,OK,Config 3: Exp7 1-240,text,true,,231,158,487,487,http://localhost:8079/?token=518504778&user=-1355064518&config=3,18743,0,0
1777921720298,17686,HTTP Request,200,OK,Config 3: Exp7 1-374,text,true,,231,158,487,487,http://localhost:8079/?token=518504778&user=-1355064518&config=3,17686,0,0
1777921719240,18744,HTTP Request,200,OK,Config 3: Exp7 1-239,text,true,,231,158,487,487,http://localhost:8079/?token=518504778&user=-1355064518&config=3,18744,0,1
1777921720453,17531,HTTP Request,200,OK,Config 3: Exp7 1-375,text,true,,231,158,487,487,http://localhost:8079/?token=518504778&user=-1355064518&config=3,17531,0,1
1777921719240,18744,HTTP Request,200,OK,Config 3: Exp7 1-78,text,true,,231,158,487,487,http://localhost:8079/?token=518504778&user=-1355064518&config=3,18744,0,1
1777921721133,16852,HTTP Request,200,OK,Config 3: Exp7 1-43,text,true,,231,158,487,487,http://localhost:8079/?token=518504778&user=-1355064518&config=3,16852,0,0
1777921721132,16853,HTTP Request,200,OK,Config 3: Exp7 1-42,text,true,,231,158,487,487,http://localhost:8079/?token=518504778&user=-1355064518&config=3,16853,0,0
1777921721132,16853,HTTP Request,200,OK,Config 3: Exp7 1-81,text,true,,231,158,487,487,http://localhost:8079/?token=518504778&user=-1355064518&config=3,16853,0,0
1777921721133,16852,HTTP Request,200,OK,Config 3: Exp7 1-119,text,true,,231,158,487,487,http://localhost:8079/?token=518504778&user=-1355064518&config=3,16852,0,0
1777921721133,16852,HTTP Request,200,OK,Config 3: Exp7 1-4,text,true,,231,158,487,487,http://localhost:8079/?token=518504778&user=-1355064518&config=3,16852,0,0
1777921721133,16852,HTTP Request,200,OK,Config 3: Exp7 1-295,text,true,,231,158,487,487,http://localhost:8079/?token=518504778&user=-1355064518&config=3,16852,0,0
1777921721132,16853,HTTP Request,200,OK,Config 3: Exp7 1-224,text,true,,231,158,487,487,http://localhost:8079/?token=518504778&user=-1355064518&config=3,16853,0,0
1777921721132,16853,HTTP Request,200,OK,Config 3: Exp7 1-23,text,true,,231,158,487,487,http://localhost:8079/?token=518504778&user=-1355064518&config=3,16853,0,0
1777921721132,16853,HTTP Request,200,OK,Config 3: Exp7 1-225,text,true,,231,158,487,487,http://localhost:8079/?token=518504778&user=-1355064518&config=3,16853,0,0
1777921720765,17220,HTTP Request,200,OK,Config 3: Exp7 1-377,text,true,,231,158,487,487,http://localhost:8079/?token=518504778&user=-1355064518&config=3,17220,0,0
1777921720921,17064,HTTP Request,200,OK,Config 3: Exp7 1-378,text,true,,231,158,487,487,http://localhost:8079/?token=518504778&user=-1355064518&config=3,17064,0,1
1777921720610,17375,HTTP Request,200,OK,Config 3: Exp7 1-376,text,true,,231,158,487,487,http://localhost:8079/?token=518504778&user=-1355064518&config=3,17375,0,0
1777921721077,16908,HTTP Request,200,OK,Config 3: Exp7 1-379,text,true,,231,158,487,487,http://localhost:8079/?token=518504778&user=-1355064518&config=3,16908,0,1
1777921721133,16852,HTTP Request,200,OK,Config 3: Exp7 1-296,text,true,,231,158,487,487,http://localhost:8079/?token=518504778&user=-1355064518&config=3,16852,0,0
1777921721136,16850,HTTP Request,200,OK,Config 3: Exp7 1-5,text,true,,231,158,487,487,http://localhost:8079/?token=518504778&user=-1355064518&config=3,16850,0,0
1777921721132,16854,HTTP Request,200,OK,Config 3: Exp7 1-80,text,true,,231,158,487,487,http://localhost:8079/?token=518504778&user=-1355064518&config=3,16854,0,0
1777921721137,16849,HTTP Request,200,OK,Config 3: Exp7 1-44,text,true,,231,158,487,487,http://localhost:8079/?token=518504778&user=-1355064518&config=3,16849,0,0
1777921721135,16851,HTTP Request,200,OK,Config 3: Exp7 1-174,text,true,,231,158,487,487,http://localhost:8079/?token=518504778&user=-1355064518&config=3,16851,0,0
1777921721135,16851,HTTP Request,200,OK,Config 3: Exp7 1-62,text,true,,231,158,487,487,http://localhost:8079/?token=518504778&user=-1355064518&config=3,16851,0,0
1777921721135,16851,HTTP Request,200,OK,Config 3: Exp7 1-187,text,true,,231,158,487,487,http://localhost:8079/?token=518504778&user=-1355064518&config=3,16851,0,0
1777921721135,16851,HTTP Request,200,OK,Config 3: Exp7 1-188,text,true,,231,158,487,487,http://localhost:8079/?token=518504778&user=-1355064518&config=3,16851,0,0
1777921721137,16849,HTTP Request,200,OK,Config 3: Exp7 1-57,text,true,,231,158,487,487,http://localhost:8079/?token=518504778&user=-1355064518&config=3,16849,0,0
1777921721132,16854,HTTP Request,200,OK,Config 3: Exp7 1-223,text,true,,231,158,487,487,http://localhost:8079/?token=518504778&user=-1355064518&config=3,16854,0,0
1777921721135,16851,HTTP Request,200,OK,Config 3: Exp7 1-226,text,true,,231,158,487,487,http://localhost:8079/?token=518504778&user=-1355064518&config=3,16851,0,0
1777921721133,16853,HTTP Request,200,OK,Config 3: Exp7 1-297,text,true,,231,158,487,487,http://localhost:8079/?token=518504778&user=-1355064518&config=3,16853,0,0
1777921721136,16851,HTTP Request,200,OK,Config 3: Exp7 1-100,text,true,,231,158,487,487,http://localhost:8079/?token=518504778&user=-1355064518&config=3,16851,0,0
1777921721136,16851,HTTP Request,200,OK,Config 3: Exp7 1-24,text,true,,231,158,487,487,http://localhost:8079/?token=518504778&user=-1355064518&config=3,16851,0,0
1777921721136,16851,HTTP Request,200,OK,Config 3: Exp7 1-120,text,true,,231,158,487,487,http://localhost:8079/?token=518504778&user=-1355064518&config=3,16851,0,0
1777921721136,16851,HTTP Request,200,OK,Config 3: Exp7 1-148,text,true,,231,158,487,487,http://localhost:8079/?token=518504778&user=-1355064518&config=3,16851,0,0
1777921721137,16851,HTTP Request,200,OK,Config 3: Exp7 1-83,text,true,,231,158,487,487,http://localhost:8079/?token=518504778&user=-1355064518&config=3,16851,0,0
1777921721136,16852,HTTP Request,200,OK,Config 3: Exp7 1-61,text,true,,231,158,487,487,http://localhost:8079/?token=518504778&user=-1355064518&config=3,16852,0,0
1777921721136,16852,HTTP Request,200,OK,Config 3: Exp7 1-82,text,true,,231,158,487,487,http://localhost:8079/?token=518504778&user=-1355064518&config=3,16852,0,0
1777921721137,16851,HTTP Request,200,OK,Config 3: Exp7 1-189,text,true,,231,158,487,487,http://localhost:8079/?token=518504778&user=-1355064518&config=3,16851,0,0
1777921721136,16852,HTTP Request,200,OK,Config 3: Exp7 1-176,text,true,,231,158,487,487,http://localhost:8079/?token=518504778&user=-1355064518&config=3,16852,0,0
1777921721138,16850,HTTP Request,200,OK,Config 3: Exp7 1-175,text,true,,231,158,487,487,http://localhost:8079/?token=518504778&user=-1355064518&config=3,16850,0,0
1777921721137,16851,HTTP Request,200,OK,Config 3: Exp7 1-227,text,true,,231,158,487,487,http://localhost:8079/?token=518504778&user=-1355064518&config=3,16851,0,0
1777921721137,16851,HTTP Request,200,OK,Config 3: Exp7 1-186,text,true,,231,158,487,487,http://localhost:8079/?token=518504778&user=-1355064518&config=3,16851,0,0
1777921721137,16852,HTTP Request,200,OK,Config 3: Exp7 1-6,text,true,,231,158,487,487,http://localhost:8079/?token=518504778&user=-1355064518&config=3,16852,0,0
1777921721204,16785,HTTP Request,200,OK,Config 3: Exp7 1-7,text,true,,231,158,487,487,http://localhost:8079/?token=518504778&user=-1355064518&config=3,16785,0,0
1777921721137,16852,HTTP Request,200,OK,Config 3: Exp7 1-25,text,true,,231,158,487,487,http://localhost:8079/?token=518504778&user=-1355064518&config=3,16852,0,0
1777921721137,16852,HTTP Request,200,OK,Config 3: Exp7 1-63,text,true,,231,158,487,487,http://localhost:8079/?token=518504778&user=-1355064518&config=3,16852,0,0
1777921721203,16786,HTTP Request,200,OK,Config 3: Exp7 1-45,text,true,,231,158,487,487,http://localhost:8079/?token=518504778&user=-1355064518&config=3,16786,0,0
1777921721137,16852,HTTP Request,200,OK,Config 3: Exp7 1-101,text,true,,231,158,487,487,http://localhost:8079/?token=518504778&user=-1355064518&config=3,16852,0,0
1777921721136,16853,HTTP Request,200,OK,Config 3: Exp7 1-149,text,true,,231,158,487,487,http://localhost:8079/?token=518504778&user=-1355064518&config=3,16853,0,0
1777921721137,16852,HTTP Request,200,OK,Config 3: Exp7 1-150,text,true,,231,158,487,487,http://localhost:8079/?token=518504778&user=-1355064518&config=3,16852,0,0
1777921721203,16786,HTTP Request,200,OK,Config 3: Exp7 1-152,text,true,,231,158,487,487,http://localhost:8079/?token=518504778&user=-1355064518&config=3,16786,0,0
1777921721138,16851,HTTP Request,200,OK,Config 3: Exp7 1-173,text,true,,231,158,487,487,http://localhost:8079/?token=518504778&user=-1355064518&config=3,16851,0,0
1777921721136,16853,HTTP Request,200,OK,Config 3: Exp7 1-151,text,true,,231,158,487,487,http://localhost:8079/?token=518504778&user=-1355064518&config=3,16853,0,0
1777921721137,16852,HTTP Request,200,OK,Config 3: Exp7 1-172,text,true,,231,158,487,487,http://localhost:8079/?token=518504778&user=-1355064518&config=3,16852,0,0
1777921721137,16852,HTTP Request,200,OK,Config 3: Exp7 1-190,text,true,,231,158,487,487,http://localhost:8079/?token=518504778&user=-1355064518&config=3,16852,0,0
1777921721137,16852,HTTP Request,200,OK,Config 3: Exp7 1-228,text,true,,231,158,487,487,http://localhost:8079/?token=518504778&user=-1355064518&config=3,16852,0,0
1777921721205,16785,HTTP Request,200,OK,Config 3: Exp7 1-122,text,true,,231,158,487,487,http://localhost:8079/?token=518504778&user=-1355064518&config=3,16785,0,0
1777921721205,16785,HTTP Request,200,OK,Config 3: Exp7 1-102,text,true,,231,158,487,487,http://localhost:8079/?token=518504778&user=-1355064518&config=3,16785,0,0
1777921721205,16785,HTTP Request,200,OK,Config 3: Exp7 1-191,text,true,,231,158,487,487,http://localhost:8079/?token=518504778&user=-1355064518&config=3,16785,0,0
1777921721205,16785,HTTP Request,200,OK,Config 3: Exp7 1-192,text,true,,231,158,487,487,http://localhost:8079/?token=518504778&user=-1355064518&config=3,16785,0,0
1777921721205,16785,HTTP Request,200,OK,Config 3: Exp7 1-231,text,true,,231,158,487,487,http://localhost:8079/?token=518504778&user=-1355064518&config=3,16785,0,0
1777921721203,16787,HTTP Request,200,OK,Config 3: Exp7 1-298,text,true,,231,158,487,487,http://localhost:8079/?token=518504778&user=-1355064518&config=3,16787,0,0
1777921721205,16785,HTTP Request,200,OK,Config 3: Exp7 1-193,text,true,,231,158,487,487,http://localhost:8079/?token=518504778&user=-1355064518&config=3,16785,0,0
1777921721309,16684,HTTP Request,200,OK,Config 3: Exp7 1-49,text,true,,231,158,487,487,http://localhost:8079/?token=518504778&user=-1355064518&config=3,16684,0,0
1777921721203,16790,HTTP Request,200,OK,Config 3: Exp7 1-40,text,true,,231,158,487,487,http://localhost:8079/?token=518504778&user=-1355064518&config=3,16790,0,0
1777921721239,16754,HTTP Request,200,OK,Config 3: Exp7 1-68,text,true,,231,158,487,487,http://localhost:8079/?token=518504778&user=-1355064518&config=3,16754,0,0
1777921721204,16789,HTTP Request,200,OK,Config 3: Exp7 1-21,text,true,,231,158,487,487,http://localhost:8079/?token=518504778&user=-1355064518&config=3,16789,0,0
1777921721310,16683,HTTP Request,200,OK,Config 3: Exp7 1-30,text,true,,231,158,487,487,http://localhost:8079/?token=518504778&user=-1355064518&config=3,16683,0,0
1777921721239,16754,HTTP Request,200,OK,Config 3: Exp7 1-201,text,true,,231,158,487,487,http://localhost:8079/?token=518504778&user=-1355064518&config=3,16754,0,0
1777921721311,16682,HTTP Request,200,OK,Config 3: Exp7 1-58,text,true,,231,158,487,487,http://localhost:8079/?token=518504778&user=-1355064518&config=3,16682,0,0
1777921721310,16683,HTTP Request,200,OK,Config 3: Exp7 1-200,text,true,,231,158,487,487,http://localhost:8079/?token=518504778&user=-1355064518&config=3,16683,0,0
1777921721203,16790,HTTP Request,200,OK,Config 3: Exp7 1-20,text,true,,231,158,487,487,http://localhost:8079/?token=518504778&user=-1355064518&config=3,16790,0,0
1777921721206,16787,HTTP Request,200,OK,Config 3: Exp7 1-232,text,true,,231,158,487,487,http://localhost:8079/?token=518504778&user=-1355064518&config=3,16787,0,0
1777921721310,16683,HTTP Request,200,OK,Config 3: Exp7 1-202,text,true,,231,158,487,487,http://localhost:8079/?token=518504778&user=-1355064518&config=3,16683,0,0
1777921721311,16682,HTTP Request,200,OK,Config 3: Exp7 1-236,text,true,,231,158,487,487,http://localhost:8079/?token=518504778&user=-1355064518&config=3,16682,0,0
1777921721310,16683,HTTP Request,200,OK,Config 3: Exp7 1-237,text,true,,231,158,487,487,http://localhost:8079/?token=518504778&user=-1355064518&config=3,16683,0,0
1777921721311,16682,HTTP Request,200,OK,Config 3: Exp7 1-238,text,true,,231,158,487,487,http://localhost:8079/?token=518504778&user=-1355064518&config=3,16682,0,0
1777921721310,16683,HTTP Request,200,OK,Config 3: Exp7 1-245,text,true,,231,158,487,487,http://localhost:8079/?token=518504778&user=-1355064518&config=3,16683,0,0
1777921721311,16682,HTTP Request,200,OK,Config 3: Exp7 1-246,text,true,,231,158,487,487,http://localhost:8079/?token=518504778&user=-1355064518&config=3,16682,0,0
1777921721311,16682,HTTP Request,200,OK,Config 3: Exp7 1-247,text,true,,231,158,487,487,http://localhost:8079/?token=518504778&user=-1355064518&config=3,16682,0,0
1777921721311,16682,HTTP Request,200,OK,Config 3: Exp7 1-136,text,true,,231,158,487,487,http://localhost:8079/?token=518504778&user=-1355064518&config=3,16682,0,0
1777921721239,16754,HTTP Request,200,OK,Config 3: Exp7 1-199,text,true,,231,158,487,487,http://localhost:8079/?token=518504778&user=-1355064518&config=3,16754,0,0
1777921721206,16787,HTTP Request,200,OK,Config 3: Exp7 1-121,text,true,,231,158,487,487,http://localhost:8079/?token=518504778&user=-1355064518&config=3,16787,0,0
1777921721204,16789,HTTP Request,200,OK,Config 3: Exp7 1-97,text,true,,231,158,487,487,http://localhost:8079/?token=518504778&user=-1355064518&config=3,16789,0,0
1777921721311,16682,HTTP Request,200,OK,Config 3: Exp7 1-299,text,true,,231,158,487,487,http://localhost:8079/?token=518504778&user=-1355064518&config=3,16682,0,0
1777921721309,16684,HTTP Request,200,OK,Config 3: Exp7 1-248,text,true,,231,158,487,487,http://localhost:8079/?token=518504778&user=-1355064518&config=3,16684,0,0
1777921721234,16759,HTTP Request,200,OK,Config 3: Exp7 1-380,text,true,,231,158,487,487,http://localhost:8079/?token=518504778&user=-1355064518&config=3,16759,0,0
1777921721311,16682,HTTP Request,200,OK,Config 3: Exp7 1-300,text,true,,231,158,487,487,http://localhost:8079/?token=518504778&user=-1355064518&config=3,16682,0,0
1777921721311,16682,HTTP Request,200,OK,Config 3: Exp7 1-301,text,true,,231,158,487,487,http://localhost:8079/?token=518504778&user=-1355064518&config=3,16682,0,0
1777921721702,16291,HTTP Request,200,OK,Config 3: Exp7 1-383,text,true,,231,158,487,487,http://localhost:8079/?token=518504778&user=-1355064518&config=3,16291,0,0
1777921721857,16136,HTTP Request,200,OK,Config 3: Exp7 1-384,text,true,,231,158,487,487,http://localhost:8079/?token=518504778&user=-1355064518&config=3,16136,0,1
1777921722170,15823,HTTP Request,200,OK,Config 3: Exp7 1-386,text,true,,231,158,487,487,http://localhost:8079/?token=518504778&user=-1355064518&config=3,15823,0,0
1777921721545,16448,HTTP Request,200,OK,Config 3: Exp7 1-382,text,true,,231,158,487,487,http://localhost:8079/?token=518504778&user=-1355064518&config=3,16448,0,1
1777921722015,15978,HTTP Request,200,OK,Config 3: Exp7 1-385,text,true,,231,158,487,487,http://localhost:8079/?token=518504778&user=-1355064518&config=3,15978,0,0
1777921721389,16604,HTTP Request,200,OK,Config 3: Exp7 1-381,text,true,,231,158,487,487,http://localhost:8079/?token=518504778&user=-1355064518&config=3,16604,0,1
1777921722340,15918,HTTP Request,200,OK,Config 3: Exp7 1-13,text,true,,231,158,489,489,http://localhost:8079/?token=518504778&user=-1355064518&config=3,15918,0,0
1777921722338,15920,HTTP Request,200,OK,Config 3: Exp7 1-12,text,true,,231,158,489,489,http://localhost:8079/?token=518504778&user=-1355064518&config=3,15920,0,0
1777921722340,15918,HTTP Request,200,OK,Config 3: Exp7 1-29,text,true,,231,158,489,489,http://localhost:8079/?token=518504778&user=-1355064518&config=3,15918,0,0
1777921722341,15917,HTTP Request,200,OK,Config 3: Exp7 1-27,text,true,,231,158,489,489,http://localhost:8079/?token=518504778&user=-1355064518&config=3,15917,0,0
1777921722338,15920,HTTP Request,200,OK,Config 3: Exp7 1-28,text,true,,231,158,489,489,http://localhost:8079/?token=518504778&user=-1355064518&config=3,15920,0,0
1777921722338,15920,HTTP Request,200,OK,Config 3: Exp7 1-66,text,true,,231,158,489,489,http://localhost:8079/?token=518504778&user=-1355064518&config=3,15920,0,0
1777921722341,15917,HTTP Request,200,OK,Config 3: Exp7 1-51,text,true,,231,158,489,489,http://localhost:8079/?token=518504778&user=-1355064518&config=3,15917,0,0
1777921722338,15920,HTTP Request,200,OK,Config 3: Exp7 1-32,text,true,,231,158,489,489,http://localhost:8079/?token=518504778&user=-1355064518&config=3,15920,0,0
1777921722338,15922,HTTP Request,200,OK,Config 3: Exp7 1-86,text,true,,231,158,489,489,http://localhost:8079/?token=518504778&user=-1355064518&config=3,15922,0,0
1777921722341,15919,HTTP Request,200,OK,Config 3: Exp7 1-70,text,true,,231,158,489,489,http://localhost:8079/?token=518504778&user=-1355064518&config=3,15919,0,0
1777921722341,15919,HTTP Request,200,OK,Config 3: Exp7 1-87,text,true,,231,158,489,489,http://localhost:8079/?token=518504778&user=-1355064518&config=3,15919,0,0
1777921722342,15918,HTTP Request,200,OK,Config 3: Exp7 1-128,text,true,,231,158,489,489,http://localhost:8079/?token=518504778&user=-1355064518&config=3,15918,0,0
1777921722342,15918,HTTP Request,200,OK,Config 3: Exp7 1-104,text,true,,231,158,489,489,http://localhost:8079/?token=518504778&user=-1355064518&config=3,15918,0,0
1777921722338,15922,HTTP Request,200,OK,Config 3: Exp7 1-89,text,true,,231,158,489,489,http://localhost:8079/?token=518504778&user=-1355064518&config=3,15922,0,0
1777921722340,15920,HTTP Request,200,OK,Config 3: Exp7 1-205,text,true,,231,158,489,489,http://localhost:8079/?token=518504778&user=-1355064518&config=3,15920,0,0
1777921722339,15921,HTTP Request,200,OK,Config 3: Exp7 1-203,text,true,,231,158,489,489,http://localhost:8079/?token=518504778&user=-1355064518&config=3,15921,0,0
1777921722340,15920,HTTP Request,200,OK,Config 3: Exp7 1-204,text,true,,231,158,489,489,http://localhost:8079/?token=518504778&user=-1355064518&config=3,15920,0,0
1777921722342,15918,HTTP Request,200,OK,Config 3: Exp7 1-164,text,true,,231,158,489,489,http://localhost:8079/?token=518504778&user=-1355064518&config=3,15918,0,0
1777921722339,15921,HTTP Request,200,OK,Config 3: Exp7 1-250,text,true,,231,158,489,489,http://localhost:8079/?token=518504778&user=-1355064518&config=3,15921,0,0
1777921722338,15922,HTTP Request,200,OK,Config 3: Exp7 1-158,text,true,,231,158,489,489,http://localhost:8079/?token=518504778&user=-1355064518&config=3,15922,0,0
1777921722342,15918,HTTP Request,200,OK,Config 3: Exp7 1-249,text,true,,231,158,489,489,http://localhost:8079/?token=518504778&user=-1355064518&config=3,15918,0,0
1777921722342,15918,HTTP Request,200,OK,Config 3: Exp7 1-155,text,true,,231,158,489,489,http://localhost:8079/?token=518504778&user=-1355064518&config=3,15918,0,0
1777921722341,15919,HTTP Request,200,OK,Config 3: Exp7 1-123,text,true,,231,158,489,489,http://localhost:8079/?token=518504778&user=-1355064518&config=3,15919,0,0
1777921722341,15919,HTTP Request,200,OK,Config 3: Exp7 1-109,text,true,,231,158,489,489,http://localhost:8079/?token=518504778&user=-1355064518&config=3,15919,0,0
1777921722341,15919,HTTP Request,200,OK,Config 3: Exp7 1-251,text,true,,231,158,489,489,http://localhost:8079/?token=518504778&user=-1355064518&config=3,15919,0,0
1777921722338,15922,HTTP Request,200,OK,Config 3: Exp7 1-90,text,true,,231,158,489,489,http://localhost:8079/?token=518504778&user=-1355064518&config=3,15922,0,0
1777921722342,15918,HTTP Request,200,OK,Config 3: Exp7 1-253,text,true,,231,158,489,489,http://localhost:8079/?token=518504778&user=-1355064518&config=3,15918,0,0
1777921722341,15919,HTTP Request,200,OK,Config 3: Exp7 1-252,text,true,,231,158,489,489,http://localhost:8079/?token=518504778&user=-1355064518&config=3,15919,0,0
1777921722338,15922,HTTP Request,200,OK,Config 3: Exp7 1-157,text,true,,231,158,489,489,http://localhost:8079/?token=518504778&user=-1355064518&config=3,15922,0,0
1777921722342,15918,HTTP Request,200,OK,Config 3: Exp7 1-302,text,true,,231,158,489,489,http://localhost:8079/?token=518504778&user=-1355064518&config=3,15918,0,0
1777921722341,15919,HTTP Request,200,OK,Config 3: Exp7 1-156,text,true,,231,158,489,489,http://localhost:8079/?token=518504778&user=-1355064518&config=3,15919,0,0
1777921722326,15934,HTTP Request,200,OK,Config 3: Exp7 1-387,text,true,,231,158,489,489,http://localhost:8079/?token=518504778&user=-1355064518&config=3,15934,0,1
1777921724008,16600,HTTP Request,200,OK,Config 3: Exp7 1-111,text,true,,231,158,504,504,http://localhost:8079/?token=518504778&user=-1355064518&config=3,16600,0,0
1777921724008,16600,HTTP Request,200,OK,Config 3: Exp7 1-258,text,true,,231,158,504,504,http://localhost:8079/?token=518504778&user=-1355064518&config=3,16600,0,0
1777921724008,16600,HTTP Request,200,OK,Config 3: Exp7 1-54,text,true,,231,158,504,504,http://localhost:8079/?token=518504778&user=-1355064518&config=3,16600,0,0
1777921724006,16602,HTTP Request,200,OK,Config 3: Exp7 1-325,text,true,,231,158,504,504,http://localhost:8079/?token=518504778&user=-1355064518&config=3,16602,0,0
1777921724007,16601,HTTP Request,200,OK,Config 3: Exp7 1-16,text,true,,231,158,504,504,http://localhost:8079/?token=518504778&user=-1355064518&config=3,16601,0,0
1777921724007,16601,HTTP Request,200,OK,Config 3: Exp7 1-74,text,true,,231,158,504,504,http://localhost:8079/?token=518504778&user=-1355064518&config=3,16601,0,0
1777921724007,16601,HTTP Request,200,OK,Config 3: Exp7 1-209,text,true,,231,158,504,504,http://localhost:8079/?token=518504778&user=-1355064518&config=3,16601,0,0
1777921724007,16601,HTTP Request,200,OK,Config 3: Exp7 1-166,text,true,,231,158,504,504,http://localhost:8079/?token=518504778&user=-1355064518&config=3,16601,0,0
1777921724008,16600,HTTP Request,200,OK,Config 3: Exp7 1-79,text,true,,231,158,504,504,http://localhost:8079/?token=518504778&user=-1355064518&config=3,16600,0,0
1777921724008,16602,HTTP Request,200,OK,Config 3: Exp7 1-106,text,true,,231,158,504,504,http://localhost:8079/?token=518504778&user=-1355064518&config=3,16602,0,0
1777921724008,16602,HTTP Request,200,OK,Config 3: Exp7 1-26,text,true,,231,158,504,504,http://localhost:8079/?token=518504778&user=-1355064518&config=3,16602,0,0
1777921724006,16604,HTTP Request,200,OK,Config 3: Exp7 1-275,text,true,,231,158,504,504,http://localhost:8079/?token=518504778&user=-1355064518&config=3,16604,0,0
1777921724007,16603,HTTP Request,200,OK,Config 3: Exp7 1-161,text,true,,231,158,504,504,http://localhost:8079/?token=518504778&user=-1355064518&config=3,16603,0,0
1777921724007,16603,HTTP Request,200,OK,Config 3: Exp7 1-162,text,true,,231,158,504,504,http://localhost:8079/?token=518504778&user=-1355064518&config=3,16603,0,0
1777921724008,16604,HTTP Request,200,OK,Config 3: Exp7 1-35,text,true,,231,158,504,504,http://localhost:8079/?token=518504778&user=-1355064518&config=3,16604,0,0
1777921724024,16588,HTTP Request,200,OK,Config 3: Exp7 1-243,text,true,,231,158,504,504,http://localhost:8079/?token=518504778&user=-1355064518&config=3,16588,0,0
1777921724011,16607,HTTP Request,200,OK,Config 3: Exp7 1-103,text,true,,231,158,504,504,http://localhost:8079/?token=518504778&user=-1355064518&config=3,16607,0,0
1777921724011,16606,HTTP Request,200,OK,Config 3: Exp7 1-64,text,true,,231,158,504,504,http://localhost:8079/?token=518504778&user=-1355064518&config=3,16606,0,0
1777921724008,16609,HTTP Request,200,OK,Config 3: Exp7 1-53,text,true,,231,158,504,504,http://localhost:8079/?token=518504778&user=-1355064518&config=3,16609,0,0
1777921724011,16601,HTTP Request,200,OK,Config 3: Exp7 1-98,text,true,,231,158,504,504,http://localhost:8079/?token=518504778&user=-1355064518&config=3,16601,0,0
1777921724011,16607,HTTP Request,200,OK,Config 3: Exp7 1-117,text,true,,231,158,504,504,http://localhost:8079/?token=518504778&user=-1355064518&config=3,16607,0,0
1777921724011,16606,HTTP Request,200,OK,Config 3: Exp7 1-91,text,true,,231,158,504,504,http://localhost:8079/?token=518504778&user=-1355064518&config=3,16606,0,0
1777921724011,16607,HTTP Request,200,OK,Config 3: Exp7 1-110,text,true,,231,158,504,504,http://localhost:8079/?token=518504778&user=-1355064518&config=3,16607,0,0
1777921724008,16610,HTTP Request,200,OK,Config 3: Exp7 1-134,text,true,,231,158,504,504,http://localhost:8079/?token=518504778&user=-1355064518&config=3,16610,0,0
1777921724011,16607,HTTP Request,200,OK,Config 3: Exp7 1-137,text,true,,231,158,504,504,http://localhost:8079/?token=518504778&user=-1355064518&config=3,16607,0,0
1777921724025,16593,HTTP Request,200,OK,Config 3: Exp7 1-312,text,true,,231,158,504,504,http://localhost:8079/?token=518504778&user=-1355064518&config=3,16593,0,0
1777921724025,16593,HTTP Request,200,OK,Config 3: Exp7 1-244,text,true,,231,158,504,504,http://localhost:8079/?token=518504778&user=-1355064518&config=3,16593,0,0
1777921724011,16607,HTTP Request,200,OK,Config 3: Exp7 1-2,text,true,,231,158,504,504,http://localhost:8079/?token=518504778&user=-1355064518&config=3,16607,0,0
1777921724008,16610,HTTP Request,200,OK,Config 3: Exp7 1-256,text,true,,231,158,504,504,http://localhost:8079/?token=518504778&user=-1355064518&config=3,16610,0,0
1777921724011,16607,HTTP Request,200,OK,Config 3: Exp7 1-254,text,true,,231,158,504,504,http://localhost:8079/?token=518504778&user=-1355064518&config=3,16607,0,0
1777921724008,16610,HTTP Request,200,OK,Config 3: Exp7 1-257,text,true,,231,158,504,504,http://localhost:8079/?token=518504778&user=-1355064518&config=3,16610,0,0
1777921724008,16604,HTTP Request,200,OK,Config 3: Exp7 1-131,text,true,,231,158,504,504,http://localhost:8079/?token=518504778&user=-1355064518&config=3,16604,0,0
1777921724064,18371,HTTP Request,200,OK,Config 3: Exp7 1-313,text,true,,231,158,515,515,http://localhost:8079/?token=518504778&user=-1355064518&config=3,18371,0,0
1777921724066,18369,HTTP Request,200,OK,Config 3: Exp7 1-233,text,true,,231,158,515,515,http://localhost:8079/?token=518504778&user=-1355064518&config=3,18369,0,0
1777921724066,18370,HTTP Request,200,OK,Config 3: Exp7 1-234,text,true,,231,158,515,515,http://localhost:8079/?token=518504778&user=-1355064518&config=3,18370,0,0
1777921724065,18371,HTTP Request,200,OK,Config 3: Exp7 1-235,text,true,,231,158,515,515,http://localhost:8079/?token=518504778&user=-1355064518&config=3,18371,0,0
1777921724067,18369,HTTP Request,200,OK,Config 3: Exp7 1-346,text,true,,231,158,515,515,http://localhost:8079/?token=518504778&user=-1355064518&config=3,18369,0,0
1777921724066,18370,HTTP Request,200,OK,Config 3: Exp7 1-278,text,true,,231,158,515,515,http://localhost:8079/?token=518504778&user=-1355064518&config=3,18370,0,0
1777921724070,18366,HTTP Request,200,OK,Config 3: Exp7 1-271,text,true,,231,158,515,515,http://localhost:8079/?token=518504778&user=-1355064518&config=3,18366,0,0
1777921724064,18373,HTTP Request,200,OK,Config 3: Exp7 1-314,text,true,,231,158,515,515,http://localhost:8079/?token=518504778&user=-1355064518&config=3,18373,0,0
1777921724064,18373,HTTP Request,200,OK,Config 3: Exp7 1-315,text,true,,231,158,515,515,http://localhost:8079/?token=518504778&user=-1355064518&config=3,18373,0,0
1777921724067,18372,HTTP Request,200,OK,Config 3: Exp7 1-219,text,true,,231,158,515,515,http://localhost:8079/?token=518504778&user=-1355064518&config=3,18372,0,0
1777921724041,18398,HTTP Request,200,OK,Config 3: Exp7 1-398,text,true,,231,158,515,515,http://localhost:8079/?token=518504778&user=-1355064518&config=3,18398,0,1
1777921724066,18373,HTTP Request,200,OK,Config 3: Exp7 1-347,text,true,,231,158,515,515,http://localhost:8079/?token=518504778&user=-1355064518&config=3,18373,0,0
1777921724204,18235,HTTP Request,200,OK,Config 3: Exp7 1-399,text,true,,231,158,515,515,http://localhost:8079/?token=518504778&user=-1355064518&config=3,18235,0,0
1777921724067,18372,HTTP Request,200,OK,Config 3: Exp7 1-279,text,true,,231,158,515,515,http://localhost:8079/?token=518504778&user=-1355064518&config=3,18372,0,0
1777921724067,18372,HTTP Request,200,OK,Config 3: Exp7 1-217,text,true,,231,158,515,515,http://localhost:8079/?token=518504778&user=-1355064518&config=3,18372,0,0
1777921724067,18372,HTTP Request,200,OK,Config 3: Exp7 1-348,text,true,,231,158,515,515,http://localhost:8079/?token=518504778&user=-1355064518&config=3,18372,0,0
1777921724067,18372,HTTP Request,200,OK,Config 3: Exp7 1-345,text,true,,231,158,515,515,http://localhost:8079/?token=518504778&user=-1355064518&config=3,18372,0,0
1777921724067,18372,HTTP Request,200,OK,Config 3: Exp7 1-277,text,true,,231,158,515,515,http://localhost:8079/?token=518504778&user=-1355064518&config=3,18372,0,0
1777921724070,18369,HTTP Request,200,OK,Config 3: Exp7 1-354,text,true,,231,158,515,515,http://localhost:8079/?token=518504778&user=-1355064518&config=3,18369,0,0
1777921724067,18373,HTTP Request,200,OK,Config 3: Exp7 1-349,text,true,,231,158,515,515,http://localhost:8079/?token=518504778&user=-1355064518&config=3,18373,0,0
1777921724069,18371,HTTP Request,200,OK,Config 3: Exp7 1-350,text,true,,231,158,515,515,http://localhost:8079/?token=518504778&user=-1355064518&config=3,18371,0,0
1777921724070,18370,HTTP Request,200,OK,Config 3: Exp7 1-355,text,true,,231,158,515,515,http://localhost:8079/?token=518504778&user=-1355064518&config=3,18370,0,0
1777921724069,18371,HTTP Request,200,OK,Config 3: Exp7 1-351,text,true,,231,158,515,515,http://localhost:8079/?token=518504778&user=-1355064518&config=3,18371,0,0
1777921724070,18370,HTTP Request,200,OK,Config 3: Exp7 1-353,text,true,,231,158,515,515,http://localhost:8079/?token=518504778&user=-1355064518&config=3,18370,0,0
1777921724069,18371,HTTP Request,200,OK,Config 3: Exp7 1-352,text,true,,231,158,515,515,http://localhost:8079/?token=518504778&user=-1355064518&config=3,18371,0,0
1777921724353,19418,HTTP Request,200,OK,Config 3: Exp7 1-400,text,true,,231,158,524,524,http://localhost:8079/?token=518504778&user=-1355064518&config=3,19418,0,1
1777921724821,18950,HTTP Request,200,OK,Config 3: Exp7 1-403,text,true,,231,158,524,524,http://localhost:8079/?token=518504778&user=-1355064518&config=3,18950,0,0
1777921724359,19412,HTTP Request,200,OK,Config 3: Exp7 1-272,text,true,,231,158,524,524,http://localhost:8079/?token=518504778&user=-1355064518&config=3,19412,0,0
1777921724358,19413,HTTP Request,200,OK,Config 3: Exp7 1-356,text,true,,231,158,524,524,http://localhost:8079/?token=518504778&user=-1355064518&config=3,19413,0,1
1777921724665,19106,HTTP Request,200,OK,Config 3: Exp7 1-402,text,true,,231,158,524,524,http://localhost:8079/?token=518504778&user=-1355064518&config=3,19106,0,1
1777921724361,19410,HTTP Request,200,OK,Config 3: Exp7 1-357,text,true,,231,158,524,524,http://localhost:8079/?token=518504778&user=-1355064518&config=3,19410,0,0
1777921724509,19262,HTTP Request,200,OK,Config 3: Exp7 1-401,text,true,,231,158,524,524,http://localhost:8079/?token=518504778&user=-1355064518&config=3,19262,0,0
1777921724361,19410,HTTP Request,200,OK,Config 3: Exp7 1-358,text,true,,231,158,524,524,http://localhost:8079/?token=518504778&user=-1355064518&config=3,19410,0,0
1777921724361,19410,HTTP Request,200,OK,Config 3: Exp7 1-274,text,true,,231,158,524,524,http://localhost:8079/?token=518504778&user=-1355064518&config=3,19410,0,0
1777921724361,19410,HTTP Request,200,OK,Config 3: Exp7 1-273,text,true,,231,158,524,524,http://localhost:8079/?token=518504778&user=-1355064518&config=3,19410,0,0
1777921724919,19212,HTTP Request,200,OK,Config 3: Exp7 1-317,text,true,,231,158,526,526,http://localhost:8079/?token=518504778&user=-1355064518&config=3,19212,0,0
1777921724920,19211,HTTP Request,200,OK,Config 3: Exp7 1-320,text,true,,231,158,526,526,http://localhost:8079/?token=518504778&user=-1355064518&config=3,19211,0,0
1777921724919,19213,HTTP Request,200,OK,Config 3: Exp7 1-316,text,true,,231,158,526,526,http://localhost:8079/?token=518504778&user=-1355064518&config=3,19213,0,0
1777921724920,19212,HTTP Request,200,OK,Config 3: Exp7 1-318,text,true,,231,158,526,526,http://localhost:8079/?token=518504778&user=-1355064518&config=3,19212,0,0
1777921724920,19212,HTTP Request,200,OK,Config 3: Exp7 1-321,text,true,,231,158,526,526,http://localhost:8079/?token=518504778&user=-1355064518&config=3,19212,0,0
1777921724920,19212,HTTP Request,200,OK,Config 3: Exp7 1-319,text,true,,231,158,526,526,http://localhost:8079/?token=518504778&user=-1355064518&config=3,19212,0,0
1777921724978,19155,HTTP Request,200,OK,Config 3: Exp7 1-404,text,true,,231,158,526,526,http://localhost:8079/?token=518504778&user=-1355064518&config=3,19155,0,1
1777921725601,18532,HTTP Request,200,OK,Config 3: Exp7 1-408,text,true,,231,158,526,526,http://localhost:8079/?token=518504778&user=-1355064518&config=3,18532,0,1
1777921725445,18688,HTTP Request,200,OK,Config 3: Exp7 1-407,text,true,,231,158,526,526,http://localhost:8079/?token=518504778&user=-1355064518&config=3,18688,0,1
1777921725758,18375,HTTP Request,200,OK,Config 3: Exp7 1-409,text,true,,231,158,526,526,http://localhost:8079/?token=518504778&user=-1355064518&config=3,18375,0,0
1777921725134,18999,HTTP Request,200,OK,Config 3: Exp7 1-405,text,true,,231,158,526,526,http://localhost:8079/?token=518504778&user=-1355064518&config=3,18999,0,0
1777921725913,18220,HTTP Request,200,OK,Config 3: Exp7 1-410,text,true,,231,158,526,526,http://localhost:8079/?token=518504778&user=-1355064518&config=3,18220,0,0
1777921725289,18844,HTTP Request,200,OK,Config 3: Exp7 1-406,text,true,,231,158,526,526,http://localhost:8079/?token=518504778&user=-1355064518&config=3,18844,0,1
1777921726640,17493,HTTP Request,200,OK,Config 3: Exp7 1-322,text,true,,231,158,526,526,http://localhost:8079/?token=518504778&user=-1355064518&config=3,17493,0,0
1777921726536,17597,HTTP Request,200,OK,Config 3: Exp7 1-414,text,true,,231,158,526,526,http://localhost:8079/?token=518504778&user=-1355064518&config=3,17597,0,1
1777921726640,17493,HTTP Request,200,OK,Config 3: Exp7 1-323,text,true,,231,158,526,526,http://localhost:8079/?token=518504778&user=-1355064518&config=3,17493,0,0
1777921726225,17908,HTTP Request,200,OK,Config 3: Exp7 1-412,text,true,,231,158,526,526,http://localhost:8079/?token=518504778&user=-1355064518&config=3,17908,0,0
1777921726068,18065,HTTP Request,200,OK,Config 3: Exp7 1-411,text,true,,231,158,526,526,http://localhost:8079/?token=518504778&user=-1355064518&config=3,18065,0,1
1777921726380,17753,HTTP Request,200,OK,Config 3: Exp7 1-413,text,true,,231,158,526,526,http://localhost:8079/?token=518504778&user=-1355064518&config=3,17753,0,1
1777921726640,17493,HTTP Request,200,OK,Config 3: Exp7 1-324,text,true,,231,158,526,526,http://localhost:8079/?token=518504778&user=-1355064518&config=3,17493,0,0
1777921734181,10073,HTTP Request,500,Internal Server Error,Config 3: Exp7 1-463,text,false,"Test failed: code expected to equal /

****** received  : [[[5]]]00

****** comparison: [[[2]]]00

/",233,158,527,527,http://localhost:8079/?token=518504778&user=-1355064518&config=3,10073,0,0
1777921733267,10987,HTTP Request,500,Internal Server Error,Config 3: Exp7 1-392,text,false,"Test failed: code expected to equal /

****** received  : [[[5]]]00

****** comparison: [[[2]]]00

/",233,158,527,527,http://localhost:8079/?token=518504778&user=-1355064518&config=3,10987,0,0
1777921733267,10987,HTTP Request,500,Internal Server Error,Config 3: Exp7 1-130,text,false,"Test failed: code expected to equal /

****** received  : [[[5]]]00

****** comparison: [[[2]]]00

/",233,158,527,527,http://localhost:8079/?token=518504778&user=-1355064518&config=3,10987,0,0
1777921733714,10540,HTTP Request,500,Internal Server Error,Config 3: Exp7 1-460,text,false,"Test failed: code expected to equal /

****** received  : [[[5]]]00

****** comparison: [[[2]]]00

/",233,158,527,527,http://localhost:8079/?token=518504778&user=-1355064518&config=3,10540,0,0
1777921734026,10228,HTTP Request,500,Internal Server Error,Config 3: Exp7 1-462,text,false,"Test failed: code expected to equal /

****** received  : [[[5]]]00

****** comparison: [[[2]]]00

/",233,158,527,527,http://localhost:8079/?token=518504778&user=-1355064518&config=3,10228,0,0
1777921733870,10384,HTTP Request,500,Internal Server Error,Config 3: Exp7 1-461,text,false,"Test failed: code expected to equal /

****** received  : [[[5]]]00

****** comparison: [[[2]]]00

/",233,158,527,527,http://localhost:8079/?token=518504778&user=-1355064518&config=3,10384,0,0
1777921733557,10697,HTTP Request,500,Internal Server Error,Config 3: Exp7 1-459,text,false,"Test failed: code expected to equal /

****** received  : [[[5]]]00

****** comparison: [[[2]]]00

/",233,158,527,527,http://localhost:8079/?token=518504778&user=-1355064518&config=3,10697,0,0
1777921733267,10987,HTTP Request,500,Internal Server Error,Config 3: Exp7 1-393,text,false,"Test failed: code expected to equal /

****** received  : [[[5]]]00

****** comparison: [[[2]]]00

/",233,158,527,527,http://localhost:8079/?token=518504778&user=-1355064518&config=3,10987,0,0
1777921733267,10987,HTTP Request,500,Internal Server Error,Config 3: Exp7 1-395,text,false,"Test failed: code expected to equal /

****** received  : [[[5]]]00

****** comparison: [[[2]]]00

/",233,158,527,527,http://localhost:8079/?token=518504778&user=-1355064518&config=3,10987,0,1
1777921733402,10852,HTTP Request,500,Internal Server Error,Config 3: Exp7 1-458,text,false,"Test failed: code expected to equal /

****** received  : [[[5]]]00

****** comparison: [[[2]]]00

/",233,158,527,527,http://localhost:8079/?token=518504778&user=-1355064518&config=3,10852,0,0
1777921734337,9917,HTTP Request,500,Internal Server Error,Config 3: Exp7 1-464,text,false,"Test failed: code expected to equal /

****** received  : [[[5]]]00

****** comparison: [[[2]]]00

/",233,158,527,527,http://localhost:8079/?token=518504778&user=-1355064518&config=3,9917,0,0
1777921727160,17200,HTTP Request,200,OK,Config 3: Exp7 1-418,text,true,,231,158,528,528,http://localhost:8079/?token=518504778&user=-1355064518&config=3,17200,0,0
1777921726796,17564,HTTP Request,200,OK,Config 3: Exp7 1-194,text,true,,231,158,528,528,http://localhost:8079/?token=518504778&user=-1355064518&config=3,17564,0,0
1777921726800,17560,HTTP Request,200,OK,Config 3: Exp7 1-84,text,true,,231,158,528,528,http://localhost:8079/?token=518504778&user=-1355064518&config=3,17560,0,0
1777921726798,17562,HTTP Request,200,OK,Config 3: Exp7 1-198,text,true,,231,158,528,528,http://localhost:8079/?token=518504778&user=-1355064518&config=3,17562,0,0
1777921726799,17561,HTTP Request,200,OK,Config 3: Exp7 1-47,text,true,,231,158,528,528,http://localhost:8079/?token=518504778&user=-1355064518&config=3,17561,0,0
1777921726796,17564,HTTP Request,200,OK,Config 3: Exp7 1-206,text,true,,231,158,528,528,http://localhost:8079/?token=518504778&user=-1355064518&config=3,17564,0,0
1777921726796,17564,HTTP Request,200,OK,Config 3: Exp7 1-59,text,true,,231,158,528,528,http://localhost:8079/?token=518504778&user=-1355064518&config=3,17564,0,0
1777921726798,17562,HTTP Request,200,OK,Config 3: Exp7 1-46,text,true,,231,158,528,528,http://localhost:8079/?token=518504778&user=-1355064518&config=3,17562,0,0
1777921726800,17560,HTTP Request,200,OK,Config 3: Exp7 1-196,text,true,,231,158,528,528,http://localhost:8079/?token=518504778&user=-1355064518&config=3,17560,0,0
1777921726800,17560,HTTP Request,200,OK,Config 3: Exp7 1-65,text,true,,231,158,528,528,http://localhost:8079/?token=518504778&user=-1355064518&config=3,17560,0,0
1777921726797,17563,HTTP Request,200,OK,Config 3: Exp7 1-197,text,true,,231,158,528,528,http://localhost:8079/?token=518504778&user=-1355064518&config=3,17563,0,0
1777921726796,17564,HTTP Request,200,OK,Config 3: Exp7 1-255,text,true,,231,158,528,528,http://localhost:8079/?token=518504778&user=-1355064518&config=3,17564,0,0
1777921726800,17560,HTTP Request,200,OK,Config 3: Exp7 1-195,text,true,,231,158,528,528,http://localhost:8079/?token=518504778&user=-1355064518&config=3,17560,0,0
1777921726800,17560,HTTP Request,200,OK,Config 3: Exp7 1-154,text,true,,231,158,528,528,http://localhost:8079/?token=518504778&user=-1355064518&config=3,17560,0,0
1777921726796,17564,HTTP Request,200,OK,Config 3: Exp7 1-105,text,true,,231,158,528,528,http://localhost:8079/?token=518504778&user=-1355064518&config=3,17564,0,0
1777921726798,17562,HTTP Request,200,OK,Config 3: Exp7 1-85,text,true,,231,158,528,528,http://localhost:8079/?token=518504778&user=-1355064518&config=3,17562,0,0
1777921726800,17561,HTTP Request,200,OK,Config 3: Exp7 1-265,text,true,,231,158,528,528,http://localhost:8079/?token=518504778&user=-1355064518&config=3,17561,0,0
1777921726800,17561,HTTP Request,200,OK,Config 3: Exp7 1-327,text,true,,231,158,528,528,http://localhost:8079/?token=518504778&user=-1355064518&config=3,17561,0,0
1777921726799,17562,HTTP Request,200,OK,Config 3: Exp7 1-260,text,true,,231,158,528,528,http://localhost:8079/?token=518504778&user=-1355064518&config=3,17562,0,0
1777921726802,17559,HTTP Request,200,OK,Config 3: Exp7 1-267,text,true,,231,158,528,528,http://localhost:8079/?token=518504778&user=-1355064518&config=3,17559,0,0
1777921726799,17562,HTTP Request,200,OK,Config 3: Exp7 1-263,text,true,,231,158,528,528,http://localhost:8079/?token=518504778&user=-1355064518&config=3,17562,0,0
1777921726800,17561,HTTP Request,200,OK,Config 3: Exp7 1-261,text,true,,231,158,528,528,http://localhost:8079/?token=518504778&user=-1355064518&config=3,17561,0,0
1777921726802,17559,HTTP Request,200,OK,Config 3: Exp7 1-266,text,true,,231,158,528,528,http://localhost:8079/?token=518504778&user=-1355064518&config=3,17559,0,0
1777921726796,17565,HTTP Request,200,OK,Config 3: Exp7 1-259,text,true,,231,158,528,528,http://localhost:8079/?token=518504778&user=-1355064518&config=3,17565,0,0
1777921726802,17559,HTTP Request,200,OK,Config 3: Exp7 1-335,text,true,,231,158,528,528,http://localhost:8079/?token=518504778&user=-1355064518&config=3,17559,0,0
1777921726796,17565,HTTP Request,200,OK,Config 3: Exp7 1-14,text,true,,231,158,528,528,http://localhost:8079/?token=518504778&user=-1355064518&config=3,17565,0,1
1777921726802,17559,HTTP Request,200,OK,Config 3: Exp7 1-334,text,true,,231,158,528,528,http://localhost:8079/?token=518504778&user=-1355064518&config=3,17559,0,0
1777921726802,17559,HTTP Request,200,OK,Config 3: Exp7 1-336,text,true,,231,158,528,528,http://localhost:8079/?token=518504778&user=-1355064518&config=3,17559,0,0
1777921726802,17559,HTTP Request,200,OK,Config 3: Exp7 1-332,text,true,,231,158,528,528,http://localhost:8079/?token=518504778&user=-1355064518&config=3,17559,0,0
1777921726848,17512,HTTP Request,200,OK,Config 3: Exp7 1-416,text,true,,231,158,528,528,http://localhost:8079/?token=518504778&user=-1355064518&config=3,17512,0,1
1777921726802,17559,HTTP Request,200,OK,Config 3: Exp7 1-262,text,true,,231,158,528,528,http://localhost:8079/?token=518504778&user=-1355064518&config=3,17559,0,0
1777921726800,17561,HTTP Request,200,OK,Config 3: Exp7 1-9,text,true,,231,158,528,528,http://localhost:8079/?token=518504778&user=-1355064518&config=3,17561,0,0
1777921727785,16576,HTTP Request,200,OK,Config 3: Exp7 1-422,text,true,,231,158,528,528,http://localhost:8079/?token=518504778&user=-1355064518&config=3,16576,0,0
1777921726802,17559,HTTP Request,200,OK,Config 3: Exp7 1-328,text,true,,231,158,528,528,http://localhost:8079/?token=518504778&user=-1355064518&config=3,17559,0,0
1777921726802,17559,HTTP Request,200,OK,Config 3: Exp7 1-331,text,true,,231,158,528,528,http://localhost:8079/?token=518504778&user=-1355064518&config=3,17559,0,0
1777921726802,17559,HTTP Request,200,OK,Config 3: Exp7 1-329,text,true,,231,158,528,528,http://localhost:8079/?token=518504778&user=-1355064518&config=3,17559,0,0
1777921728253,16108,HTTP Request,200,OK,Config 3: Exp7 1-425,text,true,,231,158,528,528,http://localhost:8079/?token=518504778&user=-1355064518&config=3,16108,0,0
1777921727004,17356,HTTP Request,200,OK,Config 3: Exp7 1-417,text,true,,231,158,528,528,http://localhost:8079/?token=518504778&user=-1355064518&config=3,17356,0,1
1777921726800,17561,HTTP Request,200,OK,Config 3: Exp7 1-326,text,true,,231,158,528,528,http://localhost:8079/?token=518504778&user=-1355064518&config=3,17561,0,0
1777921727629,16732,HTTP Request,200,OK,Config 3: Exp7 1-421,text,true,,231,158,528,528,http://localhost:8079/?token=518504778&user=-1355064518&config=3,16732,0,0
1777921728720,15641,HTTP Request,200,OK,Config 3: Exp7 1-428,text,true,,231,158,528,528,http://localhost:8079/?token=518504778&user=-1355064518&config=3,15641,0,0
1777921726802,17559,HTTP Request,200,OK,Config 3: Exp7 1-333,text,true,,231,158,528,528,http://localhost:8079/?token=518504778&user=-1355064518&config=3,17559,0,0
1777921727472,16889,HTTP Request,200,OK,Config 3: Exp7 1-420,text,true,,231,158,528,528,http://localhost:8079/?token=518504778&user=-1355064518&config=3,16889,0,1
1777921727941,16420,HTTP Request,200,OK,Config 3: Exp7 1-423,text,true,,231,158,528,528,http://localhost:8079/?token=518504778&user=-1355064518&config=3,16420,0,0
1777921727316,17045,HTTP Request,200,OK,Config 3: Exp7 1-419,text,true,,231,158,528,528,http://localhost:8079/?token=518504778&user=-1355064518&config=3,17045,0,1
1777921726799,17561,HTTP Request,200,OK,Config 3: Exp7 1-264,text,true,,231,158,528,528,http://localhost:8079/?token=518504778&user=-1355064518&config=3,17561,0,0
1777921726802,17559,HTTP Request,200,OK,Config 3: Exp7 1-330,text,true,,231,158,528,528,http://localhost:8079/?token=518504778&user=-1355064518&config=3,17559,0,0
1777921728408,15953,HTTP Request,200,OK,Config 3: Exp7 1-426,text,true,,231,158,528,528,http://localhost:8079/?token=518504778&user=-1355064518&config=3,15953,0,1
1777921726796,17564,HTTP Request,200,OK,Config 3: Exp7 1-71,text,true,,231,158,528,528,http://localhost:8079/?token=518504778&user=-1355064518&config=3,17564,0,0
1777921728564,15797,HTTP Request,200,OK,Config 3: Exp7 1-427,text,true,,231,158,528,528,http://localhost:8079/?token=518504778&user=-1355064518&config=3,15797,0,0
1777921728876,15485,HTTP Request,200,OK,Config 3: Exp7 1-429,text,true,,231,158,528,528,http://localhost:8079/?token=518504778&user=-1355064518&config=3,15485,0,0
1777921726693,17668,HTTP Request,200,OK,Config 3: Exp7 1-415,text,true,,231,158,528,528,http://localhost:8079/?token=518504778&user=-1355064518&config=3,17668,0,0
1777921729032,15329,HTTP Request,200,OK,Config 3: Exp7 1-430,text,true,,231,158,528,528,http://localhost:8079/?token=518504778&user=-1355064518&config=3,15329,0,0
1777921728098,16263,HTTP Request,200,OK,Config 3: Exp7 1-424,text,true,,231,158,528,528,http://localhost:8079/?token=518504778&user=-1355064518&config=3,16263,0,0
1777921726798,17563,HTTP Request,200,OK,Config 3: Exp7 1-8,text,true,,231,158,528,528,http://localhost:8079/?token=518504778&user=-1355064518&config=3,17563,0,0
1777921729821,14940,HTTP Request,200,OK,Config 3: Exp7 1-112,text,true,,231,158,530,530,http://localhost:8079/?token=518504778&user=-1355064518&config=3,14940,0,0
1777921729822,14939,HTTP Request,200,OK,Config 3: Exp7 1-125,text,true,,231,158,530,530,http://localhost:8079/?token=518504778&user=-1355064518&config=3,14939,0,0
1777921729821,14940,HTTP Request,200,OK,Config 3: Exp7 1-210,text,true,,231,158,530,530,http://localhost:8079/?token=518504778&user=-1355064518&config=3,14940,0,0
1777921729344,15417,HTTP Request,200,OK,Config 3: Exp7 1-432,text,true,,231,158,530,530,http://localhost:8079/?token=518504778&user=-1355064518&config=3,15417,0,1
1777921729500,15262,HTTP Request,200,OK,Config 3: Exp7 1-433,text,true,,231,158,530,530,http://localhost:8079/?token=518504778&user=-1355064518&config=3,15262,0,0
1777921729188,15574,HTTP Request,200,OK,Config 3: Exp7 1-431,text,true,,231,158,530,530,http://localhost:8079/?token=518504778&user=-1355064518&config=3,15574,0,1
1777921729822,14940,HTTP Request,200,OK,Config 3: Exp7 1-55,text,true,,231,158,530,530,http://localhost:8079/?token=518504778&user=-1355064518&config=3,14940,0,0
1777921729822,14940,HTTP Request,200,OK,Config 3: Exp7 1-163,text,true,,231,158,530,530,http://localhost:8079/?token=518504778&user=-1355064518&config=3,14940,0,0
1777921729822,14940,HTTP Request,200,OK,Config 3: Exp7 1-207,text,true,,231,158,530,530,http://localhost:8079/?token=518504778&user=-1355064518&config=3,14940,0,0
1777921729822,14940,HTTP Request,200,OK,Config 3: Exp7 1-94,text,true,,231,158,530,530,http://localhost:8079/?token=518504778&user=-1355064518&config=3,14940,0,0
1777921729822,14940,HTTP Request,200,OK,Config 3: Exp7 1-88,text,true,,231,158,530,530,http://localhost:8079/?token=518504778&user=-1355064518&config=3,14940,0,0
1777921729822,14940,HTTP Request,200,OK,Config 3: Exp7 1-108,text,true,,231,158,530,530,http://localhost:8079/?token=518504778&user=-1355064518&config=3,14940,0,0
1777921729822,14940,HTTP Request,200,OK,Config 3: Exp7 1-208,text,true,,231,158,530,530,http://localhost:8079/?token=518504778&user=-1355064518&config=3,14940,0,0
1777921729656,15106,HTTP Request,200,OK,Config 3: Exp7 1-434,text,true,,231,158,530,530,http://localhost:8079/?token=518504778&user=-1355064518&config=3,15106,0,1
1777921729822,14941,HTTP Request,200,OK,Config 3: Exp7 1-93,text,true,,231,158,530,530,http://localhost:8079/?token=518504778&user=-1355064518&config=3,14941,0,0
1777921729823,14940,HTTP Request,200,OK,Config 3: Exp7 1-170,text,true,,231,158,530,530,http://localhost:8079/?token=518504778&user=-1355064518&config=3,14940,0,0
1777921729823,14940,HTTP Request,200,OK,Config 3: Exp7 1-169,text,true,,231,158,530,530,http://localhost:8079/?token=518504778&user=-1355064518&config=3,14940,0,0
1777921729823,14940,HTTP Request,200,OK,Config 3: Exp7 1-127,text,true,,231,158,530,530,http://localhost:8079/?token=518504778&user=-1355064518&config=3,14940,0,0
1777921729822,14941,HTTP Request,200,OK,Config 3: Exp7 1-211,text,true,,231,158,530,530,http://localhost:8079/?token=518504778&user=-1355064518&config=3,14941,0,0
1777921729823,14940,HTTP Request,200,OK,Config 3: Exp7 1-107,text,true,,231,158,530,530,http://localhost:8079/?token=518504778&user=-1355064518&config=3,14940,0,0
1777921729823,14940,HTTP Request,200,OK,Config 3: Exp7 1-214,text,true,,231,158,530,530,http://localhost:8079/?token=518504778&user=-1355064518&config=3,14940,0,0
1777921729822,14941,HTTP Request,200,OK,Config 3: Exp7 1-337,text,true,,231,158,530,530,http://localhost:8079/?token=518504778&user=-1355064518&config=3,14941,0,0
1777921729823,14940,HTTP Request,200,OK,Config 3: Exp7 1-341,text,true,,231,158,530,530,http://localhost:8079/?token=518504778&user=-1355064518&config=3,14940,0,0
1777921729822,14941,HTTP Request,200,OK,Config 3: Exp7 1-338,text,true,,231,158,530,530,http://localhost:8079/?token=518504778&user=-1355064518&config=3,14941,0,0
1777921729812,14951,HTTP Request,200,OK,Config 3: Exp7 1-435,text,true,,231,158,530,530,http://localhost:8079/?token=518504778&user=-1355064518&config=3,14951,0,0
1777921729822,14941,HTTP Request,200,OK,Config 3: Exp7 1-340,text,true,,231,158,530,530,http://localhost:8079/?token=518504778&user=-1355064518&config=3,14941,0,0
1777921729821,14942,HTTP Request,200,OK,Config 3: Exp7 1-36,text,true,,231,158,530,530,http://localhost:8079/?token=518504778&user=-1355064518&config=3,14942,0,1
1777921729822,14941,HTTP Request,200,OK,Config 3: Exp7 1-339,text,true,,231,158,530,530,http://localhost:8079/?token=518504778&user=-1355064518&config=3,14941,0,0
1777921729869,14895,HTTP Request,200,OK,Config 3: Exp7 1-213,text,true,,231,158,530,530,http://localhost:8079/?token=518504778&user=-1355064518&config=3,14895,0,0
1777921729869,14895,HTTP Request,200,OK,Config 3: Exp7 1-168,text,true,,231,158,530,530,http://localhost:8079/?token=518504778&user=-1355064518&config=3,14895,0,0
1777921729869,14895,HTTP Request,200,OK,Config 3: Exp7 1-343,text,true,,231,158,530,530,http://localhost:8079/?token=518504778&user=-1355064518&config=3,14895,0,0
1777921729869,14895,HTTP Request,200,OK,Config 3: Exp7 1-344,text,true,,231,158,530,530,http://localhost:8079/?token=518504778&user=-1355064518&config=3,14895,0,0
1777921729869,14895,HTTP Request,200,OK,Config 3: Exp7 1-215,text,true,,231,158,530,530,http://localhost:8079/?token=518504778&user=-1355064518&config=3,14895,0,0
1777921729869,14895,HTTP Request,200,OK,Config 3: Exp7 1-229,text,true,,231,158,530,530,http://localhost:8079/?token=518504778&user=-1355064518&config=3,14895,0,0
1777921729869,14895,HTTP Request,200,OK,Config 3: Exp7 1-268,text,true,,231,158,530,530,http://localhost:8079/?token=518504778&user=-1355064518&config=3,14895,0,0
1777921729869,14895,HTTP Request,200,OK,Config 3: Exp7 1-230,text,true,,231,158,530,530,http://localhost:8079/?token=518504778&user=-1355064518&config=3,14895,0,0
1777921729869,14895,HTTP Request,200,OK,Config 3: Exp7 1-270,text,true,,231,158,530,530,http://localhost:8079/?token=518504778&user=-1355064518&config=3,14895,0,0
1777921729821,14943,HTTP Request,200,OK,Config 3: Exp7 1-10,text,true,,231,158,530,530,http://localhost:8079/?token=518504778&user=-1355064518&config=3,14943,0,1
1777921729869,14896,HTTP Request,200,OK,Config 3: Exp7 1-171,text,true,,231,158,530,530,http://localhost:8079/?token=518504778&user=-1355064518&config=3,14896,0,0
1777921729869,14896,HTTP Request,200,OK,Config 3: Exp7 1-167,text,true,,231,158,530,530,http://localhost:8079/?token=518504778&user=-1355064518&config=3,14896,0,0
1777921729823,14942,HTTP Request,200,OK,Config 3: Exp7 1-11,text,true,,231,158,530,530,http://localhost:8079/?token=518504778&user=-1355064518&config=3,14942,0,0
1777921729869,14896,HTTP Request,200,OK,Config 3: Exp7 1-269,text,true,,231,158,530,530,http://localhost:8079/?token=518504778&user=-1355064518&config=3,14896,0,0
1777921729913,14853,HTTP Request,200,OK,Config 3: Exp7 1-56,text,true,,231,158,530,530,http://localhost:8079/?token=518504778&user=-1355064518&config=3,14853,0,0
1777921729869,14897,HTTP Request,200,OK,Config 3: Exp7 1-126,text,true,,231,158,530,530,http://localhost:8079/?token=518504778&user=-1355064518&config=3,14897,0,0
1777921729913,14853,HTTP Request,200,OK,Config 3: Exp7 1-216,text,true,,231,158,530,530,http://localhost:8079/?token=518504778&user=-1355064518&config=3,14853,0,0
1777921729913,14853,HTTP Request,200,OK,Config 3: Exp7 1-218,text,true,,231,158,530,530,http://localhost:8079/?token=518504778&user=-1355064518&config=3,14853,0,0
1777921729869,14897,HTTP Request,200,OK,Config 3: Exp7 1-17,text,true,,231,158,530,530,http://localhost:8079/?token=518504778&user=-1355064518&config=3,14897,0,0
1777921729869,14897,HTTP Request,200,OK,Config 3: Exp7 1-342,text,true,,231,158,530,530,http://localhost:8079/?token=518504778&user=-1355064518&config=3,14897,0,0
1777921729913,14853,HTTP Request,200,OK,Config 3: Exp7 1-276,text,true,,231,158,530,530,http://localhost:8079/?token=518504778&user=-1355064518&config=3,14853,0,0
1777921729968,21438,HTTP Request,200,OK,Config 3: Exp7 1-436,text,true,,231,158,573,573,http://localhost:8079/?token=518504778&user=-1355064518&config=3,21438,0,1
1777921730124,21282,HTTP Request,200,OK,Config 3: Exp7 1-437,text,true,,231,158,573,573,http://localhost:8079/?token=518504778&user=-1355064518&config=3,21282,0,1
1777921730281,21125,HTTP Request,200,OK,Config 3: Exp7 1-438,text,true,,231,158,573,573,http://localhost:8079/?token=518504778&user=-1355064518&config=3,21125,0,0
1777921730436,20970,HTTP Request,200,OK,Config 3: Exp7 1-439,text,true,,231,158,573,573,http://localhost:8079/?token=518504778&user=-1355064518&config=3,20970,0,1
1777921730749,20657,HTTP Request,200,OK,Config 3: Exp7 1-441,text,true,,231,158,573,573,http://localhost:8079/?token=518504778&user=-1355064518&config=3,20657,0,1
1777921730593,20813,HTTP Request,200,OK,Config 3: Exp7 1-440,text,true,,231,158,573,573,http://localhost:8079/?token=518504778&user=-1355064518&config=3,20813,0,0
1777921731062,20345,HTTP Request,200,OK,Config 3: Exp7 1-443,text,true,,231,158,573,573,http://localhost:8079/?token=518504778&user=-1355064518&config=3,20345,0,0
1777921731217,20190,HTTP Request,200,OK,Config 3: Exp7 1-444,text,true,,231,158,573,573,http://localhost:8079/?token=518504778&user=-1355064518&config=3,20190,0,1
1777921731531,19877,HTTP Request,200,OK,Config 3: Exp7 1-446,text,true,,231,158,573,573,http://localhost:8079/?token=518504778&user=-1355064518&config=3,19877,0,1
1777921730904,20503,HTTP Request,200,OK,Config 3: Exp7 1-442,text,true,,231,158,573,573,http://localhost:8079/?token=518504778&user=-1355064518&config=3,20503,0,1
1777921731373,20035,HTTP Request,200,OK,Config 3: Exp7 1-445,text,true,,231,158,573,573,http://localhost:8079/?token=518504778&user=-1355064518&config=3,20035,0,1
1777921731685,19778,HTTP Request,200,OK,Config 3: Exp7 1-447,text,true,,231,158,573,573,http://localhost:8079/?token=518504778&user=-1355064518&config=3,19778,0,1
1777921731654,19809,HTTP Request,200,OK,Config 3: Exp7 1-212,text,true,,231,158,573,573,http://localhost:8079/?token=518504778&user=-1355064518&config=3,19809,0,0
1777921731654,19809,HTTP Request,200,OK,Config 3: Exp7 1-113,text,true,,231,158,573,573,http://localhost:8079/?token=518504778&user=-1355064518&config=3,19809,0,0
1777921731654,19809,HTTP Request,200,OK,Config 3: Exp7 1-362,text,true,,231,158,573,573,http://localhost:8079/?token=518504778&user=-1355064518&config=3,19809,0,0
1777921731997,19466,HTTP Request,200,OK,Config 3: Exp7 1-449,text,true,,231,158,573,573,http://localhost:8079/?token=518504778&user=-1355064518&config=3,19466,0,1
1777921731654,19810,HTTP Request,200,OK,Config 3: Exp7 1-31,text,true,,231,158,573,573,http://localhost:8079/?token=518504778&user=-1355064518&config=3,19810,0,1
1777921732310,19154,HTTP Request,200,OK,Config 3: Exp7 1-451,text,true,,231,158,573,573,http://localhost:8079/?token=518504778&user=-1355064518&config=3,19154,0,0
1777921732154,19310,HTTP Request,200,OK,Config 3: Exp7 1-450,text,true,,231,158,573,573,http://localhost:8079/?token=518504778&user=-1355064518&config=3,19310,0,1
1777921731841,19623,HTTP Request,200,OK,Config 3: Exp7 1-448,text,true,,231,158,573,573,http://localhost:8079/?token=518504778&user=-1355064518&config=3,19623,0,1
1777921732466,18998,HTTP Request,200,OK,Config 3: Exp7 1-452,text,true,,231,158,573,573,http://localhost:8079/?token=518504778&user=-1355064518&config=3,18998,0,0
1777921732622,18842,HTTP Request,200,OK,Config 3: Exp7 1-453,text,true,,231,158,573,573,http://localhost:8079/?token=518504778&user=-1355064518&config=3,18842,0,0
1777921732723,18992,HTTP Request,200,OK,Config 3: Exp7 1-75,text,true,,231,158,575,575,http://localhost:8079/?token=518504778&user=-1355064518&config=3,18992,0,0
1777921732721,18994,HTTP Request,200,OK,Config 3: Exp7 1-135,text,true,,231,158,575,575,http://localhost:8079/?token=518504778&user=-1355064518&config=3,18994,0,0
1777921732729,18986,HTTP Request,200,OK,Config 3: Exp7 1-181,text,true,,231,158,575,575,http://localhost:8079/?token=518504778&user=-1355064518&config=3,18986,0,0
1777921732723,18992,HTTP Request,200,OK,Config 3: Exp7 1-114,text,true,,231,158,575,575,http://localhost:8079/?token=518504778&user=-1355064518&config=3,18992,0,0
1777921732723,18992,HTTP Request,200,OK,Config 3: Exp7 1-77,text,true,,231,158,575,575,http://localhost:8079/?token=518504778&user=-1355064518&config=3,18992,0,0
1777921732729,18986,HTTP Request,200,OK,Config 3: Exp7 1-222,text,true,,231,158,575,575,http://localhost:8079/?token=518504778&user=-1355064518&config=3,18986,0,0
1777921732725,18990,HTTP Request,200,OK,Config 3: Exp7 1-221,text,true,,231,158,575,575,http://localhost:8079/?token=518504778&user=-1355064518&config=3,18990,0,0
1777921732721,18994,HTTP Request,200,OK,Config 3: Exp7 1-363,text,true,,231,158,575,575,http://localhost:8079/?token=518504778&user=-1355064518&config=3,18994,0,0
1777921732723,18992,HTTP Request,200,OK,Config 3: Exp7 1-283,text,true,,231,158,575,575,http://localhost:8079/?token=518504778&user=-1355064518&config=3,18992,0,0
1777921732729,18986,HTTP Request,200,OK,Config 3: Exp7 1-289,text,true,,231,158,575,575,http://localhost:8079/?token=518504778&user=-1355064518&config=3,18986,0,0
1777921732729,18987,HTTP Request,200,OK,Config 3: Exp7 1-303,text,true,,231,158,575,575,http://localhost:8079/?token=518504778&user=-1355064518&config=3,18987,0,0
1777921732725,18991,HTTP Request,200,OK,Config 3: Exp7 1-129,text,true,,231,158,575,575,http://localhost:8079/?token=518504778&user=-1355064518&config=3,18991,0,0
1777921732725,18991,HTTP Request,200,OK,Config 3: Exp7 1-177,text,true,,231,158,575,575,http://localhost:8079/?token=518504778&user=-1355064518&config=3,18991,0,0
1777921732729,18987,HTTP Request,200,OK,Config 3: Exp7 1-76,text,true,,231,158,575,575,http://localhost:8079/?token=518504778&user=-1355064518&config=3,18987,0,0
1777921732729,18987,HTTP Request,200,OK,Config 3: Exp7 1-180,text,true,,231,158,575,575,http://localhost:8079/?token=518504778&user=-1355064518&config=3,18987,0,0
1777921732729,18987,HTTP Request,200,OK,Config 3: Exp7 1-366,text,true,,231,158,575,575,http://localhost:8079/?token=518504778&user=-1355064518&config=3,18987,0,0
1777921732725,18991,HTTP Request,200,OK,Config 3: Exp7 1-115,text,true,,231,158,575,575,http://localhost:8079/?token=518504778&user=-1355064518&config=3,18991,0,0
1777921732725,18992,HTTP Request,200,OK,Config 3: Exp7 1-165,text,true,,231,158,575,575,http://localhost:8079/?token=518504778&user=-1355064518&config=3,18992,0,0
1777921732727,18990,HTTP Request,200,OK,Config 3: Exp7 1-284,text,true,,231,158,575,575,http://localhost:8079/?token=518504778&user=-1355064518&config=3,18990,0,0
1777921732729,18988,HTTP Request,200,OK,Config 3: Exp7 1-287,text,true,,231,158,575,575,http://localhost:8079/?token=518504778&user=-1355064518&config=3,18988,0,0
1777921732722,18995,HTTP Request,200,OK,Config 3: Exp7 1-282,text,true,,231,158,575,575,http://localhost:8079/?token=518504778&user=-1355064518&config=3,18995,0,0
1777921732729,18988,HTTP Request,200,OK,Config 3: Exp7 1-132,text,true,,231,158,575,575,http://localhost:8079/?token=518504778&user=-1355064518&config=3,18988,0,0
1777921732729,18988,HTTP Request,200,OK,Config 3: Exp7 1-288,text,true,,231,158,575,575,http://localhost:8079/?token=518504778&user=-1355064518&config=3,18988,0,0
1777921732729,18988,HTTP Request,200,OK,Config 3: Exp7 1-285,text,true,,231,158,575,575,http://localhost:8079/?token=518504778&user=-1355064518&config=3,18988,0,0
1777921732729,18988,HTTP Request,200,OK,Config 3: Exp7 1-364,text,true,,231,158,575,575,http://localhost:8079/?token=518504778&user=-1355064518&config=3,18988,0,0
1777921732725,18993,HTTP Request,200,OK,Config 3: Exp7 1-220,text,true,,231,158,575,575,http://localhost:8079/?token=518504778&user=-1355064518&config=3,18993,0,0
1777921732722,18996,HTTP Request,200,OK,Config 3: Exp7 1-281,text,true,,231,158,575,575,http://localhost:8079/?token=518504778&user=-1355064518&config=3,18996,0,0
1777921732723,18995,HTTP Request,200,OK,Config 3: Exp7 1-280,text,true,,231,158,575,575,http://localhost:8079/?token=518504778&user=-1355064518&config=3,18995,0,0
1777921732729,18989,HTTP Request,200,OK,Config 3: Exp7 1-365,text,true,,231,158,575,575,http://localhost:8079/?token=518504778&user=-1355064518&config=3,18989,0,0
1777921732729,18989,HTTP Request,200,OK,Config 3: Exp7 1-307,text,true,,231,158,575,575,http://localhost:8079/?token=518504778&user=-1355064518&config=3,18989,0,0
1777921732729,18989,HTTP Request,200,OK,Config 3: Exp7 1-305,text,true,,231,158,575,575,http://localhost:8079/?token=518504778&user=-1355064518&config=3,18989,0,0
1777921732723,18995,HTTP Request,200,OK,Config 3: Exp7 1-19,text,true,,231,158,575,575,http://localhost:8079/?token=518504778&user=-1355064518&config=3,18995,0,1
1777921732728,18990,HTTP Request,200,OK,Config 3: Exp7 1-15,text,true,,231,158,575,575,http://localhost:8079/?token=518504778&user=-1355064518&config=3,18990,0,1
1777921732729,18989,HTTP Request,200,OK,Config 3: Exp7 1-308,text,true,,231,158,575,575,http://localhost:8079/?token=518504778&user=-1355064518&config=3,18989,0,0
1777921732729,18989,HTTP Request,200,OK,Config 3: Exp7 1-304,text,true,,231,158,575,575,http://localhost:8079/?token=518504778&user=-1355064518&config=3,18989,0,0
1777921732729,18989,HTTP Request,200,OK,Config 3: Exp7 1-41,text,true,,231,158,575,575,http://localhost:8079/?token=518504778&user=-1355064518&config=3,18989,0,0
1777921732729,18989,HTTP Request,200,OK,Config 3: Exp7 1-306,text,true,,231,158,575,575,http://localhost:8079/?token=518504778&user=-1355064518&config=3,18989,0,0
1777921732729,18990,HTTP Request,200,OK,Config 3: Exp7 1-182,text,true,,231,158,575,575,http://localhost:8079/?token=518504778&user=-1355064518&config=3,18990,0,0
1777921732721,18998,HTTP Request,200,OK,Config 3: Exp7 1-69,text,true,,231,158,575,575,http://localhost:8079/?token=518504778&user=-1355064518&config=3,18998,0,1
1777921732778,18941,HTTP Request,200,OK,Config 3: Exp7 1-454,text,true,,231,158,575,575,http://localhost:8079/?token=518504778&user=-1355064518&config=3,18941,0,0
1777921732725,18994,HTTP Request,200,OK,Config 3: Exp7 1-38,text,true,,231,158,575,575,http://localhost:8079/?token=518504778&user=-1355064518&config=3,18994,0,0
1777921732728,18991,HTTP Request,200,OK,Config 3: Exp7 1-34,text,true,,231,158,575,575,http://localhost:8079/?token=518504778&user=-1355064518&config=3,18991,0,1
1777921732725,18994,HTTP Request,200,OK,Config 3: Exp7 1-18,text,true,,231,158,575,575,http://localhost:8079/?token=518504778&user=-1355064518&config=3,18994,0,0
1777921732725,18994,HTTP Request,200,OK,Config 3: Exp7 1-37,text,true,,231,158,575,575,http://localhost:8079/?token=518504778&user=-1355064518&config=3,18994,0,0
1777921732729,18990,HTTP Request,200,OK,Config 3: Exp7 1-39,text,true,,231,158,575,575,http://localhost:8079/?token=518504778&user=-1355064518&config=3,18990,0,0
1777921732723,18997,HTTP Request,200,OK,Config 3: Exp7 1-50,text,true,,231,158,575,575,http://localhost:8079/?token=518504778&user=-1355064518&config=3,18997,0,0
1777921732934,18894,HTTP Request,200,OK,Config 3: Exp7 1-455,text,true,,231,158,576,576,http://localhost:8079/?token=518504778&user=-1355064518&config=3,18894,0,1
1777921732876,18952,HTTP Request,200,OK,Config 3: Exp7 1-92,text,true,,231,158,576,576,http://localhost:8079/?token=518504778&user=-1355064518&config=3,18952,0,0
1777921732876,18952,HTTP Request,200,OK,Config 3: Exp7 1-60,text,true,,231,158,576,576,http://localhost:8079/?token=518504778&user=-1355064518&config=3,18952,0,0
1777921732874,18954,HTTP Request,200,OK,Config 3: Exp7 1-72,text,true,,231,158,576,576,http://localhost:8079/?token=518504778&user=-1355064518&config=3,18954,0,0
1777921733090,18738,HTTP Request,200,OK,Config 3: Exp7 1-456,text,true,,231,158,576,576,http://localhost:8079/?token=518504778&user=-1355064518&config=3,18738,0,0
1777921732874,18954,HTTP Request,200,OK,Config 3: Exp7 1-95,text,true,,231,158,576,576,http://localhost:8079/?token=518504778&user=-1355064518&config=3,18954,0,0
1777921732876,18952,HTTP Request,200,OK,Config 3: Exp7 1-96,text,true,,231,158,576,576,http://localhost:8079/?token=518504778&user=-1355064518&config=3,18952,0,0
1777921732876,18952,HTTP Request,200,OK,Config 3: Exp7 1-73,text,true,,231,158,576,576,http://localhost:8079/?token=518504778&user=-1355064518&config=3,18952,0,0
1777921732875,18953,HTTP Request,200,OK,Config 3: Exp7 1-118,text,true,,231,158,576,576,http://localhost:8079/?token=518504778&user=-1355064518&config=3,18953,0,0
1777921733112,18718,HTTP Request,200,OK,Config 3: Exp7 1-147,text,true,,231,158,576,576,http://localhost:8079/?token=518504778&user=-1355064518&config=3,18718,0,0
1777921732876,18954,HTTP Request,200,OK,Config 3: Exp7 1-144,text,true,,231,158,576,576,http://localhost:8079/?token=518504778&user=-1355064518&config=3,18954,0,0
1777921732876,18954,HTTP Request,200,OK,Config 3: Exp7 1-146,text,true,,231,158,576,576,http://localhost:8079/?token=518504778&user=-1355064518&config=3,18954,0,0
1777921732873,18957,HTTP Request,200,OK,Config 3: Exp7 1-286,text,true,,231,158,576,576,http://localhost:8079/?token=518504778&user=-1355064518&config=3,18957,0,0
1777921732874,18956,HTTP Request,200,OK,Config 3: Exp7 1-178,text,true,,231,158,576,576,http://localhost:8079/?token=518504778&user=-1355064518&config=3,18956,0,0
1777921732876,18954,HTTP Request,200,OK,Config 3: Exp7 1-179,text,true,,231,158,576,576,http://localhost:8079/?token=518504778&user=-1355064518&config=3,18954,0,0
1777921732876,18954,HTTP Request,200,OK,Config 3: Exp7 1-183,text,true,,231,158,576,576,http://localhost:8079/?token=518504778&user=-1355064518&config=3,18954,0,0
1777921732876,18954,HTTP Request,200,OK,Config 3: Exp7 1-291,text,true,,231,158,576,576,http://localhost:8079/?token=518504778&user=-1355064518&config=3,18954,0,0
1777921732876,18954,HTTP Request,200,OK,Config 3: Exp7 1-290,text,true,,231,158,576,576,http://localhost:8079/?token=518504778&user=-1355064518&config=3,18954,0,0
1777921733258,21166,HTTP Request,200,OK,Config 3: Exp7 1-3,text,true,,231,158,592,592,http://localhost:8079/?token=518504778&user=-1355064518&config=3,21166,0,1
1777921733245,21179,HTTP Request,200,OK,Config 3: Exp7 1-457,text,true,,231,158,592,592,http://localhost:8079/?token=518504778&user=-1355064518&config=3,21179,0,1
1777921733263,21161,HTTP Request,200,OK,Config 3: Exp7 1-389,text,true,,231,158,592,592,http://localhost:8079/?token=518504778&user=-1355064518&config=3,21161,0,1
1777921733264,21160,HTTP Request,200,OK,Config 3: Exp7 1-159,text,true,,231,158,592,592,http://localhost:8079/?token=518504778&user=-1355064518&config=3,21160,0,0
1777921733258,21166,HTTP Request,200,OK,Config 3: Exp7 1-139,text,true,,231,158,592,592,http://localhost:8079/?token=518504778&user=-1355064518&config=3,21166,0,0
1777921733265,21159,HTTP Request,200,OK,Config 3: Exp7 1-67,text,true,,231,158,592,592,http://localhost:8079/?token=518504778&user=-1355064518&config=3,21159,0,0
1777921733266,21158,HTTP Request,200,OK,Config 3: Exp7 1-390,text,true,,231,158,592,592,http://localhost:8079/?token=518504778&user=-1355064518&config=3,21158,0,1
1777921733266,21158,HTTP Request,200,OK,Config 3: Exp7 1-116,text,true,,231,158,592,592,http://localhost:8079/?token=518504778&user=-1355064518&config=3,21158,0,1
1777921733266,21158,HTTP Request,200,OK,Config 3: Exp7 1-124,text,true,,231,158,592,592,http://localhost:8079/?token=518504778&user=-1355064518&config=3,21158,0,1
1777921733267,21158,HTTP Request,200,OK,Config 3: Exp7 1-394,text,true,,231,158,592,592,http://localhost:8079/?token=518504778&user=-1355064518&config=3,21158,0,0
1777921733267,21158,HTTP Request,200,OK,Config 3: Exp7 1-391,text,true,,231,158,592,592,http://localhost:8079/?token=518504778&user=-1355064518&config=3,21158,0,0
1777921733267,21158,HTTP Request,200,OK,Config 3: Exp7 1-52,text,true,,231,158,592,592,http://localhost:8079/?token=518504778&user=-1355064518&config=3,21158,0,0
1777921733263,21163,HTTP Request,200,OK,Config 3: Exp7 1-388,text,true,,231,158,592,592,http://localhost:8079/?token=518504778&user=-1355064518&config=3,21163,0,1
1777921733265,21161,HTTP Request,200,OK,Config 3: Exp7 1-48,text,true,,231,158,592,592,http://localhost:8079/?token=518504778&user=-1355064518&config=3,21161,0,0
1777921733258,21168,HTTP Request,200,OK,Config 3: Exp7 1-22,text,true,,231,158,592,592,http://localhost:8079/?token=518504778&user=-1355064518&config=3,21168,0,1
1777921733267,21159,HTTP Request,200,OK,Config 3: Exp7 1-160,text,true,,231,158,592,592,http://localhost:8079/?token=518504778&user=-1355064518&config=3,21159,0,0
1777921733258,21168,HTTP Request,200,OK,Config 3: Exp7 1-141,text,true,,231,158,592,592,http://localhost:8079/?token=518504778&user=-1355064518&config=3,21168,0,0
1777921733266,21160,HTTP Request,200,OK,Config 3: Exp7 1-33,text,true,,231,158,592,592,http://localhost:8079/?token=518504778&user=-1355064518&config=3,21160,0,0
1777921733267,21159,HTTP Request,200,OK,Config 3: Exp7 1-1,text,true,,231,158,592,592,http://localhost:8079/?token=518504778&user=-1355064518&config=3,21159,0,0
1777921733267,21159,HTTP Request,200,OK,Config 3: Exp7 1-133,text,true,,231,158,592,592,http://localhost:8079/?token=518504778&user=-1355064518&config=3,21159,0,0
1777921736532,19676,HTTP Request,200,OK,Config 3: Exp7 1-99,text,true,,231,158,604,604,http://localhost:8079/?token=518504778&user=-1355064518&config=3,19676,0,0
1777921736533,19675,HTTP Request,200,OK,Config 3: Exp7 1-140,text,true,,231,158,604,604,http://localhost:8079/?token=518504778&user=-1355064518&config=3,19675,0,0
1777921736533,19675,HTTP Request,200,OK,Config 3: Exp7 1-184,text,true,,231,158,604,604,http://localhost:8079/?token=518504778&user=-1355064518&config=3,19675,0,0
1777921736533,19675,HTTP Request,200,OK,Config 3: Exp7 1-185,text,true,,231,158,604,604,http://localhost:8079/?token=518504778&user=-1355064518&config=3,19675,0,0
1777921736533,19675,HTTP Request,200,OK,Config 3: Exp7 1-292,text,true,,231,158,604,604,http://localhost:8079/?token=518504778&user=-1355064518&config=3,19675,0,0
1777921736532,19676,HTTP Request,200,OK,Config 3: Exp7 1-293,text,true,,231,158,604,604,http://localhost:8079/?token=518504778&user=-1355064518&config=3,19676,0,0
1777921741670,14589,HTTP Request,500,Internal Server Error,Config 3: Exp7 1-511,text,false,"Test failed: code expected to equal /

****** received  : [[[5]]]00

****** comparison: [[[2]]]00

/",233,158,604,604,http://localhost:8079/?token=518504778&user=-1355064518&config=3,14589,0,0
1777921741825,14434,HTTP Request,500,Internal Server Error,Config 3: Exp7 1-512,text,false,"Test failed: code expected to equal /

****** received  : [[[5]]]00

****** comparison: [[[2]]]00

/",233,158,604,604,http://localhost:8079/?token=518504778&user=-1355064518&config=3,14434,0,0
1777921742435,13824,HTTP Request,500,Internal Server Error,Config 3: Exp7 1-313,text,false,"Test failed: code expected to equal /

****** received  : [[[5]]]00

****** comparison: [[[2]]]00

/",233,158,604,604,http://localhost:8079/?token=518504778&user=-1355064518&config=3,13824,0,0
1777921742436,13824,HTTP Request,500,Internal Server Error,Config 3: Exp7 1-346,text,false,"Test failed: code expected to equal /

****** received  : [[[5]]]00

****** comparison: [[[2]]]00

/",233,158,604,604,http://localhost:8079/?token=518504778&user=-1355064518&config=3,13824,0,0
1777921742436,13824,HTTP Request,500,Internal Server Error,Config 3: Exp7 1-234,text,false,"Test failed: code expected to equal /

****** received  : [[[5]]]00

****** comparison: [[[2]]]00

/",233,158,604,604,http://localhost:8079/?token=518504778&user=-1355064518&config=3,13824,0,0
1777921742436,13824,HTTP Request,500,Internal Server Error,Config 3: Exp7 1-278,text,false,"Test failed: code expected to equal /

****** received  : [[[5]]]00

****** comparison: [[[2]]]00

/",233,158,604,604,http://localhost:8079/?token=518504778&user=-1355064518&config=3,13824,0,0
1777921742137,14124,HTTP Request,500,Internal Server Error,Config 3: Exp7 1-514,text,false,"Test failed: code expected to equal /

****** received  : [[[5]]]00

****** comparison: [[[2]]]00

/",233,158,604,604,http://localhost:8079/?token=518504778&user=-1355064518&config=3,14124,0,1
1777921742294,13967,HTTP Request,500,Internal Server Error,Config 3: Exp7 1-515,text,false,"Test failed: code expected to equal /

****** received  : [[[5]]]00

****** comparison: [[[2]]]00

/",233,158,604,604,http://localhost:8079/?token=518504778&user=-1355064518&config=3,13967,0,0
1777921742439,13823,HTTP Request,500,Internal Server Error,Config 3: Exp7 1-398,text,false,"Test failed: code expected to equal /

****** received  : [[[5]]]00

****** comparison: [[[2]]]00

/",233,158,604,604,http://localhost:8079/?token=518504778&user=-1355064518&config=3,13823,0,0
1777921742439,13823,HTTP Request,500,Internal Server Error,Config 3: Exp7 1-219,text,false,"Test failed: code expected to equal /

****** received  : [[[5]]]00

****** comparison: [[[2]]]00

/",233,158,604,604,http://localhost:8079/?token=518504778&user=-1355064518&config=3,13823,0,0
1777921742439,13823,HTTP Request,500,Internal Server Error,Config 3: Exp7 1-399,text,false,"Test failed: code expected to equal /

****** received  : [[[5]]]00

****** comparison: [[[2]]]00

/",233,158,604,604,http://localhost:8079/?token=518504778&user=-1355064518&config=3,13823,0,0
1777921742439,13823,HTTP Request,500,Internal Server Error,Config 3: Exp7 1-347,text,false,"Test failed: code expected to equal /

****** received  : [[[5]]]00

****** comparison: [[[2]]]00

/",233,158,604,604,http://localhost:8079/?token=518504778&user=-1355064518&config=3,13823,0,0
1777921742436,13826,HTTP Request,500,Internal Server Error,Config 3: Exp7 1-235,text,false,"Test failed: code expected to equal /

****** received  : [[[5]]]00

****** comparison: [[[2]]]00

/",233,158,604,604,http://localhost:8079/?token=518504778&user=-1355064518&config=3,13826,0,0
1777921741981,14281,HTTP Request,500,Internal Server Error,Config 3: Exp7 1-513,text,false,"Test failed: code expected to equal /

****** received  : [[[5]]]00

****** comparison: [[[2]]]00

/",233,158,604,604,http://localhost:8079/?token=518504778&user=-1355064518&config=3,14281,0,0
1777921742439,13823,HTTP Request,500,Internal Server Error,Config 3: Exp7 1-348,text,false,"Test failed: code expected to equal /

****** received  : [[[5]]]00

****** comparison: [[[2]]]00

/",233,158,604,604,http://localhost:8079/?token=518504778&user=-1355064518&config=3,13823,0,0
1777921742437,13825,HTTP Request,500,Internal Server Error,Config 3: Exp7 1-314,text,false,"Test failed: code expected to equal /

****** received  : [[[5]]]00

****** comparison: [[[2]]]00

/",233,158,604,604,http://localhost:8079/?token=518504778&user=-1355064518&config=3,13825,0,0
1777921742435,13827,HTTP Request,500,Internal Server Error,Config 3: Exp7 1-233,text,false,"Test failed: code expected to equal /

****** received  : [[[5]]]00

****** comparison: [[[2]]]00

/",233,158,604,604,http://localhost:8079/?token=518504778&user=-1355064518&config=3,13827,0,0
1777921742437,13825,HTTP Request,500,Internal Server Error,Config 3: Exp7 1-315,text,false,"Test failed: code expected to equal /

****** received  : [[[5]]]00

****** comparison: [[[2]]]00

/",233,158,604,604,http://localhost:8079/?token=518504778&user=-1355064518&config=3,13825,0,0
1777921742439,13823,HTTP Request,500,Internal Server Error,Config 3: Exp7 1-345,text,false,"Test failed: code expected to equal /

****** received  : [[[5]]]00

****** comparison: [[[2]]]00

/",233,158,604,604,http://localhost:8079/?token=518504778&user=-1355064518&config=3,13823,0,0
1777921742439,13823,HTTP Request,500,Internal Server Error,Config 3: Exp7 1-279,text,false,"Test failed: code expected to equal /

****** received  : [[[5]]]00

****** comparison: [[[2]]]00

/",233,158,604,604,http://localhost:8079/?token=518504778&user=-1355064518&config=3,13823,0,0
1777921742436,13826,HTTP Request,500,Internal Server Error,Config 3: Exp7 1-271,text,false,"Test failed: code expected to equal /

****** received  : [[[5]]]00

****** comparison: [[[2]]]00

/",233,158,604,604,http://localhost:8079/?token=518504778&user=-1355064518&config=3,13826,0,0
1777921742440,13822,HTTP Request,500,Internal Server Error,Config 3: Exp7 1-350,text,false,"Test failed: code expected to equal /

****** received  : [[[5]]]00

****** comparison: [[[2]]]00

/",233,158,604,604,http://localhost:8079/?token=518504778&user=-1355064518&config=3,13822,0,0
1777921742440,13822,HTTP Request,500,Internal Server Error,Config 3: Exp7 1-355,text,false,"Test failed: code expected to equal /

****** received  : [[[5]]]00

****** comparison: [[[2]]]00

/",233,158,604,604,http://localhost:8079/?token=518504778&user=-1355064518&config=3,13822,0,0
1777921742440,13822,HTTP Request,500,Internal Server Error,Config 3: Exp7 1-349,text,false,"Test failed: code expected to equal /

****** received  : [[[5]]]00

****** comparison: [[[2]]]00

/",233,158,604,604,http://localhost:8079/?token=518504778&user=-1355064518&config=3,13822,0,0
1777921742439,13824,HTTP Request,500,Internal Server Error,Config 3: Exp7 1-217,text,false,"Test failed: code expected to equal /

****** received  : [[[5]]]00

****** comparison: [[[2]]]00

/",233,158,604,604,http://localhost:8079/?token=518504778&user=-1355064518&config=3,13824,0,0
1777921742440,13823,HTTP Request,500,Internal Server Error,Config 3: Exp7 1-353,text,false,"Test failed: code expected to equal /

****** received  : [[[5]]]00

****** comparison: [[[2]]]00

/",233,158,604,604,http://localhost:8079/?token=518504778&user=-1355064518&config=3,13823,0,0
1777921742439,13824,HTTP Request,500,Internal Server Error,Config 3: Exp7 1-277,text,false,"Test failed: code expected to equal /

****** received  : [[[5]]]00

****** comparison: [[[2]]]00

/",233,158,604,604,http://localhost:8079/?token=518504778&user=-1355064518&config=3,13824,0,0
1777921742440,13823,HTTP Request,500,Internal Server Error,Config 3: Exp7 1-351,text,false,"Test failed: code expected to equal /

****** received  : [[[5]]]00

****** comparison: [[[2]]]00

/",233,158,604,604,http://localhost:8079/?token=518504778&user=-1355064518&config=3,13823,0,0
1777921742440,13823,HTTP Request,500,Internal Server Error,Config 3: Exp7 1-352,text,false,"Test failed: code expected to equal /

****** received  : [[[5]]]00

****** comparison: [[[2]]]00

/",233,158,604,604,http://localhost:8079/?token=518504778&user=-1355064518&config=3,13823,0,0
1777921742439,13824,HTTP Request,500,Internal Server Error,Config 3: Exp7 1-354,text,false,"Test failed: code expected to equal /

****** received  : [[[5]]]00

****** comparison: [[[2]]]00

/",233,158,604,604,http://localhost:8079/?token=518504778&user=-1355064518&config=3,13824,0,0
1777921742450,13813,HTTP Request,500,Internal Server Error,Config 3: Exp7 1-516,text,false,"Test failed: code expected to equal /

****** received  : [[[5]]]00

****** comparison: [[[2]]]00

/",233,158,604,604,http://localhost:8079/?token=518504778&user=-1355064518&config=3,13813,0,0
1777921734417,22175,HTTP Request,200,OK,Config 3: Exp7 1-309,text,true,,231,158,606,606,http://localhost:8079/?token=518504778&user=-1355064518&config=3,22175,0,1
1777921734417,22175,HTTP Request,200,OK,Config 3: Exp7 1-397,text,true,,231,158,606,606,http://localhost:8079/?token=518504778&user=-1355064518&config=3,22175,0,1
1777921734418,22174,HTTP Request,200,OK,Config 3: Exp7 1-138,text,true,,231,158,606,606,http://localhost:8079/?token=518504778&user=-1355064518&config=3,22174,0,0
1777921734417,22175,HTTP Request,200,OK,Config 3: Exp7 1-396,text,true,,231,158,606,606,http://localhost:8079/?token=518504778&user=-1355064518&config=3,22175,0,1
1777921734806,21786,HTTP Request,200,OK,Config 3: Exp7 1-467,text,true,,231,158,606,606,http://localhost:8079/?token=518504778&user=-1355064518&config=3,21786,0,1
1777921734494,22098,HTTP Request,200,OK,Config 3: Exp7 1-465,text,true,,231,158,606,606,http://localhost:8079/?token=518504778&user=-1355064518&config=3,22098,0,0
1777921734650,21942,HTTP Request,200,OK,Config 3: Exp7 1-466,text,true,,231,158,606,606,http://localhost:8079/?token=518504778&user=-1355064518&config=3,21942,0,1
1777921735117,21475,HTTP Request,200,OK,Config 3: Exp7 1-469,text,true,,231,158,606,606,http://localhost:8079/?token=518504778&user=-1355064518&config=3,21475,0,0
1777921735273,21319,HTTP Request,200,OK,Config 3: Exp7 1-470,text,true,,231,158,606,606,http://localhost:8079/?token=518504778&user=-1355064518&config=3,21319,0,1
1777921734961,21631,HTTP Request,200,OK,Config 3: Exp7 1-468,text,true,,231,158,606,606,http://localhost:8079/?token=518504778&user=-1355064518&config=3,21631,0,1
1777921735367,21308,HTTP Request,200,OK,Config 3: Exp7 1-359,text,true,,231,158,607,607,http://localhost:8079/?token=518504778&user=-1355064518&config=3,21308,0,0
1777921735367,21308,HTTP Request,200,OK,Config 3: Exp7 1-361,text,true,,231,158,607,607,http://localhost:8079/?token=518504778&user=-1355064518&config=3,21308,0,0
1777921735429,21246,HTTP Request,200,OK,Config 3: Exp7 1-471,text,true,,231,158,607,607,http://localhost:8079/?token=518504778&user=-1355064518&config=3,21246,0,0
1777921735367,21308,HTTP Request,200,OK,Config 3: Exp7 1-360,text,true,,231,158,607,607,http://localhost:8079/?token=518504778&user=-1355064518&config=3,21308,0,0
1777921735585,21730,HTTP Request,200,OK,Config 3: Exp7 1-472,text,true,,231,158,611,611,http://localhost:8079/?token=518504778&user=-1355064518&config=3,21730,0,1
1777921735741,21574,HTTP Request,200,OK,Config 3: Exp7 1-473,text,true,,231,158,611,611,http://localhost:8079/?token=518504778&user=-1355064518&config=3,21574,0,0
1777921736053,21262,HTTP Request,200,OK,Config 3: Exp7 1-475,text,true,,231,158,611,611,http://localhost:8079/?token=518504778&user=-1355064518&config=3,21262,0,1
1777921735897,21418,HTTP Request,200,OK,Config 3: Exp7 1-474,text,true,,231,158,611,611,http://localhost:8079/?token=518504778&user=-1355064518&config=3,21418,0,1
1777921736209,21106,HTTP Request,200,OK,Config 3: Exp7 1-476,text,true,,231,158,611,611,http://localhost:8079/?token=518504778&user=-1355064518&config=3,21106,0,1
1777921743771,14190,HTTP Request,500,Internal Server Error,Config 3: Exp7 1-356,text,false,"Test failed: code expected to equal /

****** received  : [[[5]]]00

****** comparison: [[[2]]]00

/",233,158,615,615,http://localhost:8079/?token=518504778&user=-1355064518&config=3,14190,0,0
1777921743771,14190,HTTP Request,500,Internal Server Error,Config 3: Exp7 1-403,text,false,"Test failed: code expected to equal /

****** received  : [[[5]]]00

****** comparison: [[[2]]]00

/",233,158,615,615,http://localhost:8079/?token=518504778&user=-1355064518&config=3,14190,0,0
1777921743771,14190,HTTP Request,500,Internal Server Error,Config 3: Exp7 1-401,text,false,"Test failed: code expected to equal /

****** received  : [[[5]]]00

****** comparison: [[[2]]]00

/",233,158,615,615,http://localhost:8079/?token=518504778&user=-1355064518&config=3,14190,0,0
1777921743771,14190,HTTP Request,500,Internal Server Error,Config 3: Exp7 1-358,text,false,"Test failed: code expected to equal /

****** received  : [[[5]]]00

****** comparison: [[[2]]]00

/",233,158,615,615,http://localhost:8079/?token=518504778&user=-1355064518&config=3,14190,0,0
1777921743854,14107,HTTP Request,500,Internal Server Error,Config 3: Exp7 1-525,text,false,"Test failed: code expected to equal /

****** received  : [[[5]]]00

****** comparison: [[[2]]]00

/",233,158,615,615,http://localhost:8079/?token=518504778&user=-1355064518&config=3,14107,0,0
1777921743771,14191,HTTP Request,500,Internal Server Error,Config 3: Exp7 1-402,text,false,"Test failed: code expected to equal /

****** received  : [[[5]]]00

****** comparison: [[[2]]]00

/",233,158,615,615,http://localhost:8079/?token=518504778&user=-1355064518&config=3,14191,0,0
1777921744132,13831,HTTP Request,500,Internal Server Error,Config 3: Exp7 1-316,text,false,"Test failed: code expected to equal /

****** received  : [[[5]]]00

****** comparison: [[[2]]]00

/",233,158,615,615,http://localhost:8079/?token=518504778&user=-1355064518&config=3,13831,0,0
1777921744132,13831,HTTP Request,500,Internal Server Error,Config 3: Exp7 1-321,text,false,"Test failed: code expected to equal /

****** received  : [[[5]]]00

****** comparison: [[[2]]]00

/",233,158,615,615,http://localhost:8079/?token=518504778&user=-1355064518&config=3,13831,0,0
1777921744132,13832,HTTP Request,500,Internal Server Error,Config 3: Exp7 1-320,text,false,"Test failed: code expected to equal /

****** received  : [[[5]]]00

****** comparison: [[[2]]]00

/",233,158,615,615,http://localhost:8079/?token=518504778&user=-1355064518&config=3,13832,0,0
1777921744133,13833,HTTP Request,500,Internal Server Error,Config 3: Exp7 1-404,text,false,"Test failed: code expected to equal /

****** received  : [[[5]]]00

****** comparison: [[[2]]]00

/",233,158,615,615,http://localhost:8079/?token=518504778&user=-1355064518&config=3,13833,0,0
1777921744132,13834,HTTP Request,500,Internal Server Error,Config 3: Exp7 1-318,text,false,"Test failed: code expected to equal /

****** received  : [[[5]]]00

****** comparison: [[[2]]]00

/",233,158,615,615,http://localhost:8079/?token=518504778&user=-1355064518&config=3,13834,0,0
1777921744132,13834,HTTP Request,500,Internal Server Error,Config 3: Exp7 1-319,text,false,"Test failed: code expected to equal /

****** received  : [[[5]]]00

****** comparison: [[[2]]]00

/",233,158,615,615,http://localhost:8079/?token=518504778&user=-1355064518&config=3,13834,0,0
1777921744134,13837,HTTP Request,500,Internal Server Error,Config 3: Exp7 1-410,text,false,"Test failed: code expected to equal /

****** received  : [[[5]]]00

****** comparison: [[[2]]]00

/",233,158,615,615,http://localhost:8079/?token=518504778&user=-1355064518&config=3,13837,0,0
1777921744134,13837,HTTP Request,500,Internal Server Error,Config 3: Exp7 1-323,text,false,"Test failed: code expected to equal /

****** received  : [[[5]]]00

****** comparison: [[[2]]]00

/",233,158,615,615,http://localhost:8079/?token=518504778&user=-1355064518&config=3,13837,0,0
1777921744134,13837,HTTP Request,500,Internal Server Error,Config 3: Exp7 1-324,text,false,"Test failed: code expected to equal /

****** received  : [[[5]]]00

****** comparison: [[[2]]]00

/",233,158,615,615,http://localhost:8079/?token=518504778&user=-1355064518&config=3,13837,0,0
1777921744165,13806,HTTP Request,500,Internal Server Error,Config 3: Exp7 1-527,text,false,"Test failed: code expected to equal /

****** received  : [[[5]]]00

****** comparison: [[[2]]]00

/",233,158,615,615,http://localhost:8079/?token=518504778&user=-1355064518&config=3,13806,0,1
1777921744133,13838,HTTP Request,500,Internal Server Error,Config 3: Exp7 1-405,text,false,"Test failed: code expected to equal /

****** received  : [[[5]]]00

****** comparison: [[[2]]]00

/",233,158,615,615,http://localhost:8079/?token=518504778&user=-1355064518&config=3,13838,0,0
1777921744133,13838,HTTP Request,500,Internal Server Error,Config 3: Exp7 1-407,text,false,"Test failed: code expected to equal /

****** received  : [[[5]]]00

****** comparison: [[[2]]]00

/",233,158,615,615,http://localhost:8079/?token=518504778&user=-1355064518&config=3,13838,0,0
1777921744133,13838,HTTP Request,500,Internal Server Error,Config 3: Exp7 1-409,text,false,"Test failed: code expected to equal /

****** received  : [[[5]]]00

****** comparison: [[[2]]]00

/",233,158,615,615,http://localhost:8079/?token=518504778&user=-1355064518&config=3,13838,0,0
1777921744134,13837,HTTP Request,500,Internal Server Error,Config 3: Exp7 1-414,text,false,"Test failed: code expected to equal /

****** received  : [[[5]]]00

****** comparison: [[[2]]]00

/",233,158,615,615,http://localhost:8079/?token=518504778&user=-1355064518&config=3,13837,0,0
1777921744133,13838,HTTP Request,500,Internal Server Error,Config 3: Exp7 1-408,text,false,"Test failed: code expected to equal /

****** received  : [[[5]]]00

****** comparison: [[[2]]]00

/",233,158,615,615,http://localhost:8079/?token=518504778&user=-1355064518&config=3,13838,0,0
1777921744134,13837,HTTP Request,500,Internal Server Error,Config 3: Exp7 1-413,text,false,"Test failed: code expected to equal /

****** received  : [[[5]]]00

****** comparison: [[[2]]]00

/",233,158,615,615,http://localhost:8079/?token=518504778&user=-1355064518&config=3,13837,0,0
1777921744134,13838,HTTP Request,500,Internal Server Error,Config 3: Exp7 1-411,text,false,"Test failed: code expected to equal /

****** received  : [[[5]]]00

****** comparison: [[[2]]]00

/",233,158,615,615,http://localhost:8079/?token=518504778&user=-1355064518&config=3,13837,0,0
1777921744134,13837,HTTP Request,500,Internal Server Error,Config 3: Exp7 1-412,text,false,"Test failed: code expected to equal /

****** received  : [[[5]]]00

****** comparison: [[[2]]]00

/",233,158,615,615,http://localhost:8079/?token=518504778&user=-1355064518&config=3,13837,0,0
1777921744134,13832,HTTP Request,500,Internal Server Error,Config 3: Exp7 1-322,text,false,"Test failed: code expected to equal /

****** received  : [[[5]]]00

****** comparison: [[[2]]]00

/",233,158,615,615,http://localhost:8079/?token=518504778&user=-1355064518&config=3,13832,0,0
1777921744134,13838,HTTP Request,500,Internal Server Error,Config 3: Exp7 1-406,text,false,"Test failed: code expected to equal /

****** received  : [[[5]]]00

****** comparison: [[[2]]]00

/",233,158,615,615,http://localhost:8079/?token=518504778&user=-1355064518&config=3,13838,0,0
1777921736366,23809,HTTP Request,200,OK,Config 3: Exp7 1-477,text,true,,231,158,629,629,http://localhost:8079/?token=518504778&user=-1355064518&config=3,23809,0,0
1777921736833,23436,HTTP Request,200,OK,Config 3: Exp7 1-480,text,true,,231,158,630,630,http://localhost:8079/?token=518504778&user=-1355064518&config=3,23436,0,1
1777921736533,23738,HTTP Request,200,OK,Config 3: Exp7 1-143,text,true,,231,158,630,630,http://localhost:8079/?token=518504778&user=-1355064518&config=3,23738,0,0
1777921737984,22287,HTTP Request,200,OK,Config 3: Exp7 1-368,text,true,,231,158,630,630,http://localhost:8079/?token=518504778&user=-1355064518&config=3,22287,0,0
1777921737985,22286,HTTP Request,200,OK,Config 3: Exp7 1-224,text,true,,231,158,630,630,http://localhost:8079/?token=518504778&user=-1355064518&config=3,22286,0,0
1777921737985,22286,HTTP Request,200,OK,Config 3: Exp7 1-119,text,true,,231,158,630,630,http://localhost:8079/?token=518504778&user=-1355064518&config=3,22286,0,0
1777921737989,22282,HTTP Request,200,OK,Config 3: Exp7 1-152,text,true,,231,158,630,630,http://localhost:8079/?token=518504778&user=-1355064518&config=3,22282,0,0
1777921736533,23738,HTTP Request,200,OK,Config 3: Exp7 1-142,text,true,,231,158,630,630,http://localhost:8079/?token=518504778&user=-1355064518&config=3,23738,0,0
1777921736533,23738,HTTP Request,200,OK,Config 3: Exp7 1-145,text,true,,231,158,630,630,http://localhost:8079/?token=518504778&user=-1355064518&config=3,23738,0,0
1777921737984,22287,HTTP Request,200,OK,Config 3: Exp7 1-369,text,true,,231,158,630,630,http://localhost:8079/?token=518504778&user=-1355064518&config=3,22287,0,0
1777921737982,22289,HTTP Request,200,OK,Config 3: Exp7 1-367,text,true,,231,158,630,630,http://localhost:8079/?token=518504778&user=-1355064518&config=3,22289,0,0
1777921737982,22290,HTTP Request,200,OK,Config 3: Exp7 1-153,text,true,,231,158,630,630,http://localhost:8079/?token=518504778&user=-1355064518&config=3,22290,0,0
1777921736521,23751,HTTP Request,200,OK,Config 3: Exp7 1-478,text,true,,231,158,630,630,http://localhost:8079/?token=518504778&user=-1355064518&config=3,23751,0,1
1777921737984,22288,HTTP Request,200,OK,Config 3: Exp7 1-310,text,true,,231,158,630,630,http://localhost:8079/?token=518504778&user=-1355064518&config=3,22288,0,0
1777921736991,23281,HTTP Request,200,OK,Config 3: Exp7 1-481,text,true,,231,158,630,630,http://localhost:8079/?token=518504778&user=-1355064518&config=3,23281,0,0
1777921736678,23594,HTTP Request,200,OK,Config 3: Exp7 1-479,text,true,,231,158,630,630,http://localhost:8079/?token=518504778&user=-1355064518&config=3,23594,0,0
1777921737147,23125,HTTP Request,200,OK,Config 3: Exp7 1-482,text,true,,231,158,630,630,http://localhost:8079/?token=518504778&user=-1355064518&config=3,23125,0,1
1777921737982,22290,HTTP Request,200,OK,Config 3: Exp7 1-242,text,true,,231,158,630,630,http://localhost:8079/?token=518504778&user=-1355064518&config=3,22290,0,0
1777921737301,22971,HTTP Request,200,OK,Config 3: Exp7 1-483,text,true,,231,158,630,630,http://localhost:8079/?token=518504778&user=-1355064518&config=3,22971,0,1
1777921737984,22288,HTTP Request,200,OK,Config 3: Exp7 1-372,text,true,,231,158,630,630,http://localhost:8079/?token=518504778&user=-1355064518&config=3,22288,0,0
1777921737984,22288,HTTP Request,200,OK,Config 3: Exp7 1-78,text,true,,231,158,630,630,http://localhost:8079/?token=518504778&user=-1355064518&config=3,22288,0,0
1777921737982,22290,HTTP Request,200,OK,Config 3: Exp7 1-311,text,true,,231,158,630,630,http://localhost:8079/?token=518504778&user=-1355064518&config=3,22290,0,0
1777921737926,22346,HTTP Request,200,OK,Config 3: Exp7 1-487,text,true,,231,158,630,630,http://localhost:8079/?token=518504778&user=-1355064518&config=3,22346,0,0
1777921737614,22658,HTTP Request,200,OK,Config 3: Exp7 1-485,text,true,,231,158,630,630,http://localhost:8079/?token=518504778&user=-1355064518&config=3,22658,0,0
1777921737458,22814,HTTP Request,200,OK,Config 3: Exp7 1-484,text,true,,231,158,630,630,http://localhost:8079/?token=518504778&user=-1355064518&config=3,22814,0,0
1777921736533,23739,HTTP Request,200,OK,Config 3: Exp7 1-294,text,true,,231,158,630,630,http://localhost:8079/?token=518504778&user=-1355064518&config=3,23739,0,0
1777921737984,22287,HTTP Request,200,OK,Config 3: Exp7 1-374,text,true,,231,158,630,630,http://localhost:8079/?token=518504778&user=-1355064518&config=3,22287,0,0
1777921737984,22287,HTTP Request,200,OK,Config 3: Exp7 1-371,text,true,,231,158,630,630,http://localhost:8079/?token=518504778&user=-1355064518&config=3,22287,0,0
1777921737769,22503,HTTP Request,200,OK,Config 3: Exp7 1-486,text,true,,231,158,630,630,http://localhost:8079/?token=518504778&user=-1355064518&config=3,22503,0,1
1777921737990,22283,HTTP Request,200,OK,Config 3: Exp7 1-122,text,true,,231,158,630,630,http://localhost:8079/?token=518504778&user=-1355064518&config=3,22283,0,0
1777921737990,22283,HTTP Request,200,OK,Config 3: Exp7 1-192,text,true,,231,158,630,630,http://localhost:8079/?token=518504778&user=-1355064518&config=3,22283,0,0
1777921737984,22289,HTTP Request,200,OK,Config 3: Exp7 1-370,text,true,,231,158,630,630,http://localhost:8079/?token=518504778&user=-1355064518&config=3,22289,0,0
1777921737985,22288,HTTP Request,200,OK,Config 3: Exp7 1-225,text,true,,231,158,630,630,http://localhost:8079/?token=518504778&user=-1355064518&config=3,22288,0,0
1777921737988,22285,HTTP Request,200,OK,Config 3: Exp7 1-148,text,true,,231,158,630,630,http://localhost:8079/?token=518504778&user=-1355064518&config=3,22285,0,0
1777921737988,22285,HTTP Request,200,OK,Config 3: Exp7 1-176,text,true,,231,158,630,630,http://localhost:8079/?token=518504778&user=-1355064518&config=3,22285,0,0
1777921737988,22285,HTTP Request,200,OK,Config 3: Exp7 1-175,text,true,,231,158,630,630,http://localhost:8079/?token=518504778&user=-1355064518&config=3,22285,0,0
1777921737988,22285,HTTP Request,200,OK,Config 3: Exp7 1-186,text,true,,231,158,630,630,http://localhost:8079/?token=518504778&user=-1355064518&config=3,22285,0,0
1777921737984,22289,HTTP Request,200,OK,Config 3: Exp7 1-373,text,true,,231,158,630,630,http://localhost:8079/?token=518504778&user=-1355064518&config=3,22289,0,0
1777921737984,22289,HTTP Request,200,OK,Config 3: Exp7 1-239,text,true,,231,158,630,630,http://localhost:8079/?token=518504778&user=-1355064518&config=3,22289,0,0
1777921737989,22284,HTTP Request,200,OK,Config 3: Exp7 1-228,text,true,,231,158,630,630,http://localhost:8079/?token=518504778&user=-1355064518&config=3,22284,0,0
1777921737993,22280,HTTP Request,200,OK,Config 3: Exp7 1-200,text,true,,231,158,630,630,http://localhost:8079/?token=518504778&user=-1355064518&config=3,22280,0,0
1777921737991,22282,HTTP Request,200,OK,Config 3: Exp7 1-193,text,true,,231,158,630,630,http://localhost:8079/?token=518504778&user=-1355064518&config=3,22282,0,0
1777921737988,22285,HTTP Request,200,OK,Config 3: Exp7 1-189,text,true,,231,158,630,630,http://localhost:8079/?token=518504778&user=-1355064518&config=3,22285,0,0
1777921737985,22288,HTTP Request,200,OK,Config 3: Exp7 1-295,text,true,,231,158,630,630,http://localhost:8079/?token=518504778&user=-1355064518&config=3,22288,0,0
1777921737984,22289,HTTP Request,200,OK,Config 3: Exp7 1-241,text,true,,231,158,630,630,http://localhost:8079/?token=518504778&user=-1355064518&config=3,22289,0,0
1777921737984,22289,HTTP Request,200,OK,Config 3: Exp7 1-375,text,true,,231,158,630,630,http://localhost:8079/?token=518504778&user=-1355064518&config=3,22289,0,0
1777921737984,22290,HTTP Request,200,OK,Config 3: Exp7 1-240,text,true,,231,158,630,630,http://localhost:8079/?token=518504778&user=-1355064518&config=3,22290,0,0
1777921737988,22286,HTTP Request,200,OK,Config 3: Exp7 1-120,text,true,,231,158,630,630,http://localhost:8079/?token=518504778&user=-1355064518&config=3,22286,0,0
1777921737993,22281,HTTP Request,200,OK,Config 3: Exp7 1-232,text,true,,231,158,630,630,http://localhost:8079/?token=518504778&user=-1355064518&config=3,22281,0,0
1777921737990,22284,HTTP Request,200,OK,Config 3: Exp7 1-191,text,true,,231,158,630,630,http://localhost:8079/?token=518504778&user=-1355064518&config=3,22284,0,0
1777921737991,22283,HTTP Request,200,OK,Config 3: Exp7 1-231,text,true,,231,158,630,630,http://localhost:8079/?token=518504778&user=-1355064518&config=3,22283,0,0
1777921737993,22281,HTTP Request,200,OK,Config 3: Exp7 1-247,text,true,,231,158,630,630,http://localhost:8079/?token=518504778&user=-1355064518&config=3,22281,0,0
1777921737993,22281,HTTP Request,200,OK,Config 3: Exp7 1-238,text,true,,231,158,630,630,http://localhost:8079/?token=518504778&user=-1355064518&config=3,22281,0,0
1777921737989,22285,HTTP Request,200,OK,Config 3: Exp7 1-173,text,true,,231,158,630,630,http://localhost:8079/?token=518504778&user=-1355064518&config=3,22285,0,0
1777921737985,22289,HTTP Request,200,OK,Config 3: Exp7 1-296,text,true,,231,158,630,630,http://localhost:8079/?token=518504778&user=-1355064518&config=3,22289,0,0
1777921737993,22281,HTTP Request,200,OK,Config 3: Exp7 1-299,text,true,,231,158,630,630,http://localhost:8079/?token=518504778&user=-1355064518&config=3,22281,0,0
1777921737985,22289,HTTP Request,200,OK,Config 3: Exp7 1-379,text,true,,231,158,630,630,http://localhost:8079/?token=518504778&user=-1355064518&config=3,22289,0,0
1777921737993,22281,HTTP Request,200,OK,Config 3: Exp7 1-246,text,true,,231,158,630,630,http://localhost:8079/?token=518504778&user=-1355064518&config=3,22281,0,0
1777921737989,22288,HTTP Request,200,OK,Config 3: Exp7 1-149,text,true,,231,158,630,630,http://localhost:8079/?token=518504778&user=-1355064518&config=3,22288,0,0
1777921737993,22284,HTTP Request,200,OK,Config 3: Exp7 1-201,text,true,,231,158,630,630,http://localhost:8079/?token=518504778&user=-1355064518&config=3,22284,0,0
1777921737986,22291,HTTP Request,200,OK,Config 3: Exp7 1-226,text,true,,231,158,630,630,http://localhost:8079/?token=518504778&user=-1355064518&config=3,22291,0,0
1777921737993,22284,HTTP Request,200,OK,Config 3: Exp7 1-236,text,true,,231,158,630,630,http://localhost:8079/?token=518504778&user=-1355064518&config=3,22284,0,0
1777921737989,22288,HTTP Request,200,OK,Config 3: Exp7 1-151,text,true,,231,158,630,630,http://localhost:8079/?token=518504778&user=-1355064518&config=3,22288,0,0
1777921737989,22288,HTTP Request,200,OK,Config 3: Exp7 1-150,text,true,,231,158,630,630,http://localhost:8079/?token=518504778&user=-1355064518&config=3,22288,0,0
1777921737993,22284,HTTP Request,200,OK,Config 3: Exp7 1-237,text,true,,231,158,630,630,http://localhost:8079/?token=518504778&user=-1355064518&config=3,22284,0,0
1777921737986,22291,HTTP Request,200,OK,Config 3: Exp7 1-187,text,true,,231,158,630,630,http://localhost:8079/?token=518504778&user=-1355064518&config=3,22291,0,0
1777921737986,22291,HTTP Request,200,OK,Config 3: Exp7 1-188,text,true,,231,158,630,630,http://localhost:8079/?token=518504778&user=-1355064518&config=3,22291,0,0
1777921737986,22291,HTTP Request,200,OK,Config 3: Exp7 1-174,text,true,,231,158,630,630,http://localhost:8079/?token=518504778&user=-1355064518&config=3,22291,0,0
1777921737989,22288,HTTP Request,200,OK,Config 3: Exp7 1-172,text,true,,231,158,630,630,http://localhost:8079/?token=518504778&user=-1355064518&config=3,22288,0,0
1777921737993,22284,HTTP Request,200,OK,Config 3: Exp7 1-202,text,true,,231,158,630,630,http://localhost:8079/?token=518504778&user=-1355064518&config=3,22284,0,0
1777921737993,22284,HTTP Request,200,OK,Config 3: Exp7 1-245,text,true,,231,158,630,630,http://localhost:8079/?token=518504778&user=-1355064518&config=3,22284,0,0
1777921737991,22286,HTTP Request,200,OK,Config 3: Exp7 1-298,text,true,,231,158,630,630,http://localhost:8079/?token=518504778&user=-1355064518&config=3,22286,0,0
1777921737985,22292,HTTP Request,200,OK,Config 3: Exp7 1-376,text,true,,231,158,630,630,http://localhost:8079/?token=518504778&user=-1355064518&config=3,22292,0,0
1777921737985,22292,HTTP Request,200,OK,Config 3: Exp7 1-377,text,true,,231,158,630,630,http://localhost:8079/?token=518504778&user=-1355064518&config=3,22292,0,0
1777921737993,22285,HTTP Request,200,OK,Config 3: Exp7 1-136,text,true,,231,158,630,630,http://localhost:8079/?token=518504778&user=-1355064518&config=3,22285,0,0
1777921737989,22289,HTTP Request,200,OK,Config 3: Exp7 1-190,text,true,,231,158,630,630,http://localhost:8079/?token=518504778&user=-1355064518&config=3,22289,0,0
1777921737986,22292,HTTP Request,200,OK,Config 3: Exp7 1-223,text,true,,231,158,630,630,http://localhost:8079/?token=518504778&user=-1355064518&config=3,22292,0,0
1777921737988,22290,HTTP Request,200,OK,Config 3: Exp7 1-227,text,true,,231,158,630,630,http://localhost:8079/?token=518504778&user=-1355064518&config=3,22290,0,0
1777921737993,22285,HTTP Request,200,OK,Config 3: Exp7 1-248,text,true,,231,158,630,630,http://localhost:8079/?token=518504778&user=-1355064518&config=3,22285,0,0
1777921737986,22292,HTTP Request,200,OK,Config 3: Exp7 1-297,text,true,,231,158,630,630,http://localhost:8079/?token=518504778&user=-1355064518&config=3,22292,0,0
1777921737993,22285,HTTP Request,200,OK,Config 3: Exp7 1-300,text,true,,231,158,630,630,http://localhost:8079/?token=518504778&user=-1355064518&config=3,22285,0,0
1777921737985,22293,HTTP Request,200,OK,Config 3: Exp7 1-378,text,true,,231,158,630,630,http://localhost:8079/?token=518504778&user=-1355064518&config=3,22293,0,0
1777921737993,22285,HTTP Request,200,OK,Config 3: Exp7 1-385,text,true,,231,158,630,630,http://localhost:8079/?token=518504778&user=-1355064518&config=3,22285,0,0
1777921737993,22286,HTTP Request,200,OK,Config 3: Exp7 1-386,text,true,,231,158,630,630,http://localhost:8079/?token=518504778&user=-1355064518&config=3,22286,0,0
1777921738239,22041,HTTP Request,200,OK,Config 3: Exp7 1-489,text,true,,231,158,630,630,http://localhost:8079/?token=518504778&user=-1355064518&config=3,22041,0,1
1777921738260,22020,HTTP Request,200,OK,Config 3: Exp7 1-155,text,true,,231,158,630,630,http://localhost:8079/?token=518504778&user=-1355064518&config=3,22020,0,0
1777921738258,22022,HTTP Request,200,OK,Config 3: Exp7 1-12,text,true,,231,158,630,630,http://localhost:8079/?token=518504778&user=-1355064518&config=3,22022,0,1
1777921738260,22020,HTTP Request,200,OK,Config 3: Exp7 1-203,text,true,,231,158,630,630,http://localhost:8079/?token=518504778&user=-1355064518&config=3,22020,0,0
1777921738260,22020,HTTP Request,200,OK,Config 3: Exp7 1-204,text,true,,231,158,630,630,http://localhost:8079/?token=518504778&user=-1355064518&config=3,22020,0,0
1777921738260,22020,HTTP Request,200,OK,Config 3: Exp7 1-205,text,true,,231,158,630,630,http://localhost:8079/?token=518504778&user=-1355064518&config=3,22020,0,0
1777921738260,22021,HTTP Request,200,OK,Config 3: Exp7 1-128,text,true,,231,158,630,630,http://localhost:8079/?token=518504778&user=-1355064518&config=3,22021,0,0
1777921737993,22288,HTTP Request,200,OK,Config 3: Exp7 1-121,text,true,,231,158,630,630,http://localhost:8079/?token=518504778&user=-1355064518&config=3,22288,0,0
1777921738260,22021,HTTP Request,200,OK,Config 3: Exp7 1-123,text,true,,231,158,630,630,http://localhost:8079/?token=518504778&user=-1355064518&config=3,22021,0,0
1777921738260,22021,HTTP Request,200,OK,Config 3: Exp7 1-109,text,true,,231,158,630,630,http://localhost:8079/?token=518504778&user=-1355064518&config=3,22021,0,0
1777921738260,22021,HTTP Request,200,OK,Config 3: Exp7 1-250,text,true,,231,158,630,630,http://localhost:8079/?token=518504778&user=-1355064518&config=3,22021,0,0
1777921738260,22021,HTTP Request,200,OK,Config 3: Exp7 1-249,text,true,,231,158,630,630,http://localhost:8079/?token=518504778&user=-1355064518&config=3,22021,0,0
1777921738260,22021,HTTP Request,200,OK,Config 3: Exp7 1-156,text,true,,231,158,630,630,http://localhost:8079/?token=518504778&user=-1355064518&config=3,22021,0,0
1777921738260,22021,HTTP Request,200,OK,Config 3: Exp7 1-251,text,true,,231,158,630,630,http://localhost:8079/?token=518504778&user=-1355064518&config=3,22021,0,0
1777921738260,22021,HTTP Request,200,OK,Config 3: Exp7 1-157,text,true,,231,158,630,630,http://localhost:8079/?token=518504778&user=-1355064518&config=3,22021,0,0
1777921738260,22021,HTTP Request,200,OK,Config 3: Exp7 1-158,text,true,,231,158,630,630,http://localhost:8079/?token=518504778&user=-1355064518&config=3,22021,0,0
1777921738260,22021,HTTP Request,200,OK,Config 3: Exp7 1-164,text,true,,231,158,630,630,http://localhost:8079/?token=518504778&user=-1355064518&config=3,22021,0,0
1777921737993,22288,HTTP Request,200,OK,Config 3: Exp7 1-199,text,true,,231,158,630,630,http://localhost:8079/?token=518504778&user=-1355064518&config=3,22288,0,0
1777921738260,22021,HTTP Request,200,OK,Config 3: Exp7 1-302,text,true,,231,158,630,630,http://localhost:8079/?token=518504778&user=-1355064518&config=3,22021,0,0
1777921737993,22288,HTTP Request,200,OK,Config 3: Exp7 1-301,text,true,,231,158,630,630,http://localhost:8079/?token=518504778&user=-1355064518&config=3,22288,0,0
1777921738260,22021,HTTP Request,200,OK,Config 3: Exp7 1-253,text,true,,231,158,630,630,http://localhost:8079/?token=518504778&user=-1355064518&config=3,22021,0,0
1777921737993,22288,HTTP Request,200,OK,Config 3: Exp7 1-383,text,true,,231,158,630,630,http://localhost:8079/?token=518504778&user=-1355064518&config=3,22288,0,0
1777921737993,22288,HTTP Request,200,OK,Config 3: Exp7 1-381,text,true,,231,158,630,630,http://localhost:8079/?token=518504778&user=-1355064518&config=3,22288,0,0
1777921737993,22288,HTTP Request,200,OK,Config 3: Exp7 1-382,text,true,,231,158,630,630,http://localhost:8079/?token=518504778&user=-1355064518&config=3,22288,0,0
1777921738260,22021,HTTP Request,200,OK,Config 3: Exp7 1-387,text,true,,231,158,630,630,http://localhost:8079/?token=518504778&user=-1355064518&config=3,22021,0,0
1777921737985,22296,HTTP Request,200,OK,Config 3: Exp7 1-42,text,true,,231,158,630,630,http://localhost:8079/?token=518504778&user=-1355064518&config=3,22296,0,1
1777921737993,22288,HTTP Request,200,OK,Config 3: Exp7 1-384,text,true,,231,158,630,630,http://localhost:8079/?token=518504778&user=-1355064518&config=3,22288,0,0
1777921737985,22296,HTTP Request,200,OK,Config 3: Exp7 1-23,text,true,,231,158,630,630,http://localhost:8079/?token=518504778&user=-1355064518&config=3,22296,0,1
1777921737985,22296,HTTP Request,200,OK,Config 3: Exp7 1-43,text,true,,231,158,630,630,http://localhost:8079/?token=518504778&user=-1355064518&config=3,22296,0,1
1777921738260,22021,HTTP Request,200,OK,Config 3: Exp7 1-252,text,true,,231,158,630,630,http://localhost:8079/?token=518504778&user=-1355064518&config=3,22021,0,0
1777921737986,22295,HTTP Request,200,OK,Config 3: Exp7 1-80,text,true,,231,158,630,630,http://localhost:8079/?token=518504778&user=-1355064518&config=3,22295,0,0
1777921737986,22295,HTTP Request,200,OK,Config 3: Exp7 1-57,text,true,,231,158,630,630,http://localhost:8079/?token=518504778&user=-1355064518&config=3,22295,0,1
1777921737986,22295,HTTP Request,200,OK,Config 3: Exp7 1-44,text,true,,231,158,630,630,http://localhost:8079/?token=518504778&user=-1355064518&config=3,22295,0,0
1777921737986,22295,HTTP Request,200,OK,Config 3: Exp7 1-5,text,true,,231,158,630,630,http://localhost:8079/?token=518504778&user=-1355064518&config=3,22295,0,0
1777921737986,22295,HTTP Request,200,OK,Config 3: Exp7 1-62,text,true,,231,158,630,630,http://localhost:8079/?token=518504778&user=-1355064518&config=3,22295,0,1
1777921737987,22294,HTTP Request,200,OK,Config 3: Exp7 1-100,text,true,,231,158,630,630,http://localhost:8079/?token=518504778&user=-1355064518&config=3,22294,0,1
1777921737987,22294,HTTP Request,200,OK,Config 3: Exp7 1-24,text,true,,231,158,630,630,http://localhost:8079/?token=518504778&user=-1355064518&config=3,22294,0,1
1777921737993,22288,HTTP Request,200,OK,Config 3: Exp7 1-380,text,true,,231,158,630,630,http://localhost:8079/?token=518504778&user=-1355064518&config=3,22288,0,0
1777921737988,22293,HTTP Request,200,OK,Config 3: Exp7 1-61,text,true,,231,158,630,630,http://localhost:8079/?token=518504778&user=-1355064518&config=3,22293,0,0
1777921737988,22293,HTTP Request,200,OK,Config 3: Exp7 1-82,text,true,,231,158,630,630,http://localhost:8079/?token=518504778&user=-1355064518&config=3,22293,0,0
1777921737985,22296,HTTP Request,200,OK,Config 3: Exp7 1-81,text,true,,231,158,630,630,http://localhost:8079/?token=518504778&user=-1355064518&config=3,22296,0,1
1777921737985,22296,HTTP Request,200,OK,Config 3: Exp7 1-4,text,true,,231,158,630,630,http://localhost:8079/?token=518504778&user=-1355064518&config=3,22296,0,1
1777921737989,22292,HTTP Request,200,OK,Config 3: Exp7 1-7,text,true,,231,158,630,630,http://localhost:8079/?token=518504778&user=-1355064518&config=3,22292,0,0
1777921737989,22292,HTTP Request,200,OK,Config 3: Exp7 1-25,text,true,,231,158,630,630,http://localhost:8079/?token=518504778&user=-1355064518&config=3,22292,0,0
1777921737988,22293,HTTP Request,200,OK,Config 3: Exp7 1-83,text,true,,231,158,630,630,http://localhost:8079/?token=518504778&user=-1355064518&config=3,22293,0,0
1777921737989,22292,HTTP Request,200,OK,Config 3: Exp7 1-101,text,true,,231,158,630,630,http://localhost:8079/?token=518504778&user=-1355064518&config=3,22292,0,0
1777921737989,22292,HTTP Request,200,OK,Config 3: Exp7 1-6,text,true,,231,158,630,630,http://localhost:8079/?token=518504778&user=-1355064518&config=3,22292,0,0
1777921737989,22292,HTTP Request,200,OK,Config 3: Exp7 1-63,text,true,,231,158,630,630,http://localhost:8079/?token=518504778&user=-1355064518&config=3,22292,0,0
1777921737989,22292,HTTP Request,200,OK,Config 3: Exp7 1-45,text,true,,231,158,630,630,http://localhost:8079/?token=518504778&user=-1355064518&config=3,22292,0,0
1777921737990,22291,HTTP Request,200,OK,Config 3: Exp7 1-102,text,true,,231,158,630,630,http://localhost:8079/?token=518504778&user=-1355064518&config=3,22291,0,1
1777921737993,22288,HTTP Request,200,OK,Config 3: Exp7 1-21,text,true,,231,158,630,630,http://localhost:8079/?token=518504778&user=-1355064518&config=3,22288,0,0
1777921737993,22288,HTTP Request,200,OK,Config 3: Exp7 1-30,text,true,,231,158,630,630,http://localhost:8079/?token=518504778&user=-1355064518&config=3,22288,0,0
1777921737993,22289,HTTP Request,200,OK,Config 3: Exp7 1-68,text,true,,231,158,630,630,http://localhost:8079/?token=518504778&user=-1355064518&config=3,22289,0,0
1777921737993,22289,HTTP Request,200,OK,Config 3: Exp7 1-20,text,true,,231,158,630,630,http://localhost:8079/?token=518504778&user=-1355064518&config=3,22289,0,0
1777921737993,22289,HTTP Request,200,OK,Config 3: Exp7 1-58,text,true,,231,158,630,630,http://localhost:8079/?token=518504778&user=-1355064518&config=3,22289,0,0
1777921737993,22289,HTTP Request,200,OK,Config 3: Exp7 1-40,text,true,,231,158,630,630,http://localhost:8079/?token=518504778&user=-1355064518&config=3,22289,0,0
1777921737993,22289,HTTP Request,200,OK,Config 3: Exp7 1-97,text,true,,231,158,630,630,http://localhost:8079/?token=518504778&user=-1355064518&config=3,22289,0,0
1777921737993,22289,HTTP Request,200,OK,Config 3: Exp7 1-49,text,true,,231,158,630,630,http://localhost:8079/?token=518504778&user=-1355064518&config=3,22289,0,0
1777921738081,22201,HTTP Request,200,OK,Config 3: Exp7 1-488,text,true,,231,158,630,630,http://localhost:8079/?token=518504778&user=-1355064518&config=3,22201,0,1
1777921738258,22024,HTTP Request,200,OK,Config 3: Exp7 1-29,text,true,,231,158,630,630,http://localhost:8079/?token=518504778&user=-1355064518&config=3,22024,0,1
1777921738258,22024,HTTP Request,200,OK,Config 3: Exp7 1-28,text,true,,231,158,630,630,http://localhost:8079/?token=518504778&user=-1355064518&config=3,22024,0,1
1777921738258,22024,HTTP Request,200,OK,Config 3: Exp7 1-13,text,true,,231,158,630,630,http://localhost:8079/?token=518504778&user=-1355064518&config=3,22024,0,1
1777921738258,22025,HTTP Request,200,OK,Config 3: Exp7 1-27,text,true,,231,158,630,630,http://localhost:8079/?token=518504778&user=-1355064518&config=3,22025,0,1
1777921738258,22025,HTTP Request,200,OK,Config 3: Exp7 1-66,text,true,,231,158,630,630,http://localhost:8079/?token=518504778&user=-1355064518&config=3,22025,0,1
1777921738393,21890,HTTP Request,200,OK,Config 3: Exp7 1-490,text,true,,231,158,630,630,http://localhost:8079/?token=518504778&user=-1355064518&config=3,21890,0,1
1777921738260,22023,HTTP Request,200,OK,Config 3: Exp7 1-87,text,true,,231,158,630,630,http://localhost:8079/?token=518504778&user=-1355064518&config=3,22023,0,0
1777921738258,22025,HTTP Request,200,OK,Config 3: Exp7 1-32,text,true,,231,158,630,630,http://localhost:8079/?token=518504778&user=-1355064518&config=3,22025,0,1
1777921738258,22025,HTTP Request,200,OK,Config 3: Exp7 1-51,text,true,,231,158,630,630,http://localhost:8079/?token=518504778&user=-1355064518&config=3,22025,0,1
1777921738260,22023,HTTP Request,200,OK,Config 3: Exp7 1-104,text,true,,231,158,630,630,http://localhost:8079/?token=518504778&user=-1355064518&config=3,22023,0,1
1777921738260,22023,HTTP Request,200,OK,Config 3: Exp7 1-89,text,true,,231,158,630,630,http://localhost:8079/?token=518504778&user=-1355064518&config=3,22023,0,1
1777921738260,22023,HTTP Request,200,OK,Config 3: Exp7 1-86,text,true,,231,158,630,630,http://localhost:8079/?token=518504778&user=-1355064518&config=3,22023,0,0
1777921738260,22023,HTTP Request,200,OK,Config 3: Exp7 1-70,text,true,,231,158,630,630,http://localhost:8079/?token=518504778&user=-1355064518&config=3,22023,0,0
1777921738260,22023,HTTP Request,200,OK,Config 3: Exp7 1-90,text,true,,231,158,630,630,http://localhost:8079/?token=518504778&user=-1355064518&config=3,22023,0,1
1777921740889,19833,HTTP Request,200,OK,Config 3: Exp7 1-506,text,true,,231,158,633,633,http://localhost:8079/?token=518504778&user=-1355064518&config=3,19833,0,0
1777921739173,21549,HTTP Request,200,OK,Config 3: Exp7 1-495,text,true,,231,158,633,633,http://localhost:8079/?token=518504778&user=-1355064518&config=3,21549,0,0
1777921741045,19677,HTTP Request,200,OK,Config 3: Exp7 1-507,text,true,,231,158,633,633,http://localhost:8079/?token=518504778&user=-1355064518&config=3,19677,0,0
1777921738705,22017,HTTP Request,200,OK,Config 3: Exp7 1-492,text,true,,231,158,633,633,http://localhost:8079/?token=518504778&user=-1355064518&config=3,22017,0,1
1777921738862,21860,HTTP Request,200,OK,Config 3: Exp7 1-493,text,true,,231,158,633,633,http://localhost:8079/?token=518504778&user=-1355064518&config=3,21860,0,0
1777921739329,21393,HTTP Request,200,OK,Config 3: Exp7 1-496,text,true,,231,158,633,633,http://localhost:8079/?token=518504778&user=-1355064518&config=3,21393,0,0
1777921739641,21081,HTTP Request,200,OK,Config 3: Exp7 1-498,text,true,,231,158,633,633,http://localhost:8079/?token=518504778&user=-1355064518&config=3,21081,0,0
1777921739017,21705,HTTP Request,200,OK,Config 3: Exp7 1-494,text,true,,231,158,633,633,http://localhost:8079/?token=518504778&user=-1355064518&config=3,21705,0,1
1777921738549,22173,HTTP Request,200,OK,Config 3: Exp7 1-491,text,true,,231,158,633,633,http://localhost:8079/?token=518504778&user=-1355064518&config=3,22173,0,1
1777921739485,21237,HTTP Request,200,OK,Config 3: Exp7 1-497,text,true,,231,158,633,633,http://localhost:8079/?token=518504778&user=-1355064518&config=3,21237,0,1
1777921740265,20459,HTTP Request,200,OK,Config 3: Exp7 1-502,text,true,,231,158,633,633,http://localhost:8079/?token=518504778&user=-1355064518&config=3,20459,0,0
1777921741202,19522,HTTP Request,200,OK,Config 3: Exp7 1-508,text,true,,231,158,633,633,http://localhost:8079/?token=518504778&user=-1355064518&config=3,19522,0,0
1777921739797,20927,HTTP Request,200,OK,Config 3: Exp7 1-499,text,true,,231,158,633,633,http://localhost:8079/?token=518504778&user=-1355064518&config=3,20927,0,0
1777921741357,19367,HTTP Request,200,OK,Config 3: Exp7 1-509,text,true,,231,158,633,633,http://localhost:8079/?token=518504778&user=-1355064518&config=3,19367,0,1
1777921740577,20147,HTTP Request,200,OK,Config 3: Exp7 1-504,text,true,,231,158,633,633,http://localhost:8079/?token=518504778&user=-1355064518&config=3,20147,0,0
1777921740421,20303,HTTP Request,200,OK,Config 3: Exp7 1-503,text,true,,231,158,633,633,http://localhost:8079/?token=518504778&user=-1355064518&config=3,20303,0,0
1777921740109,20615,HTTP Request,200,OK,Config 3: Exp7 1-501,text,true,,231,158,633,633,http://localhost:8079/?token=518504778&user=-1355064518&config=3,20615,0,0
1777921739954,20770,HTTP Request,200,OK,Config 3: Exp7 1-500,text,true,,231,158,633,633,http://localhost:8079/?token=518504778&user=-1355064518&config=3,20770,0,0
1777921740734,19990,HTTP Request,200,OK,Config 3: Exp7 1-505,text,true,,231,158,633,633,http://localhost:8079/?token=518504778&user=-1355064518&config=3,19990,0,1
1777921741514,19210,HTTP Request,200,OK,Config 3: Exp7 1-510,text,true,,231,158,633,633,http://localhost:8079/?token=518504778&user=-1355064518&config=3,19210,0,1
1777921740608,20116,HTTP Request,200,OK,Config 3: Exp7 1-111,text,true,,231,158,633,633,http://localhost:8079/?token=518504778&user=-1355064518&config=3,20116,0,0
1777921740608,20117,HTTP Request,200,OK,Config 3: Exp7 1-54,text,true,,231,158,633,633,http://localhost:8079/?token=518504778&user=-1355064518&config=3,20117,0,0
1777921740610,20115,HTTP Request,200,OK,Config 3: Exp7 1-26,text,true,,231,158,633,633,http://localhost:8079/?token=518504778&user=-1355064518&config=3,20115,0,1
1777921740610,20115,HTTP Request,200,OK,Config 3: Exp7 1-106,text,true,,231,158,633,633,http://localhost:8079/?token=518504778&user=-1355064518&config=3,20115,0,1
1777921740608,20117,HTTP Request,200,OK,Config 3: Exp7 1-79,text,true,,231,158,633,633,http://localhost:8079/?token=518504778&user=-1355064518&config=3,20117,0,1
1777921740608,20117,HTTP Request,200,OK,Config 3: Exp7 1-16,text,true,,231,158,633,633,http://localhost:8079/?token=518504778&user=-1355064518&config=3,20117,0,0
1777921740608,20117,HTTP Request,200,OK,Config 3: Exp7 1-74,text,true,,231,158,633,633,http://localhost:8079/?token=518504778&user=-1355064518&config=3,20117,0,0
1777921740618,20107,HTTP Request,200,OK,Config 3: Exp7 1-110,text,true,,231,158,633,633,http://localhost:8079/?token=518504778&user=-1355064518&config=3,20107,0,1
1777921740618,20107,HTTP Request,200,OK,Config 3: Exp7 1-103,text,true,,231,158,633,633,http://localhost:8079/?token=518504778&user=-1355064518&config=3,20107,0,1
1777921740618,20107,HTTP Request,200,OK,Config 3: Exp7 1-53,text,true,,231,158,633,633,http://localhost:8079/?token=518504778&user=-1355064518&config=3,20107,0,1
1777921740618,20107,HTTP Request,200,OK,Config 3: Exp7 1-98,text,true,,231,158,633,633,http://localhost:8079/?token=518504778&user=-1355064518&config=3,20107,0,1
1777921740612,20113,HTTP Request,200,OK,Config 3: Exp7 1-35,text,true,,231,158,633,633,http://localhost:8079/?token=518504778&user=-1355064518&config=3,20113,0,6
1777921740618,20107,HTTP Request,200,OK,Config 3: Exp7 1-117,text,true,,231,158,633,633,http://localhost:8079/?token=518504778&user=-1355064518&config=3,20107,0,1
1777921740618,20107,HTTP Request,200,OK,Config 3: Exp7 1-91,text,true,,231,158,633,633,http://localhost:8079/?token=518504778&user=-1355064518&config=3,20107,0,1
1777921740619,20106,HTTP Request,200,OK,Config 3: Exp7 1-131,text,true,,231,158,633,633,http://localhost:8079/?token=518504778&user=-1355064518&config=3,20106,0,0
1777921740618,20107,HTTP Request,200,OK,Config 3: Exp7 1-134,text,true,,231,158,633,633,http://localhost:8079/?token=518504778&user=-1355064518&config=3,20107,0,0
1777921740618,20107,HTTP Request,200,OK,Config 3: Exp7 1-137,text,true,,231,158,633,633,http://localhost:8079/?token=518504778&user=-1355064518&config=3,20107,0,0
1777921740612,20113,HTTP Request,200,OK,Config 3: Exp7 1-243,text,true,,231,158,633,633,http://localhost:8079/?token=518504778&user=-1355064518&config=3,20113,0,0
1777921740608,20117,HTTP Request,200,OK,Config 3: Exp7 1-209,text,true,,231,158,633,633,http://localhost:8079/?token=518504778&user=-1355064518&config=3,20117,0,0
1777921740610,20115,HTTP Request,200,OK,Config 3: Exp7 1-161,text,true,,231,158,633,633,http://localhost:8079/?token=518504778&user=-1355064518&config=3,20115,0,0
1777921740608,20117,HTTP Request,200,OK,Config 3: Exp7 1-166,text,true,,231,158,633,633,http://localhost:8079/?token=518504778&user=-1355064518&config=3,20117,0,0
1777921740611,20114,HTTP Request,200,OK,Config 3: Exp7 1-162,text,true,,231,158,633,633,http://localhost:8079/?token=518504778&user=-1355064518&config=3,20114,0,0
1777921740618,20107,HTTP Request,200,OK,Config 3: Exp7 1-254,text,true,,231,158,633,633,http://localhost:8079/?token=518504778&user=-1355064518&config=3,20107,0,0
1777921740610,20115,HTTP Request,200,OK,Config 3: Exp7 1-275,text,true,,231,158,633,633,http://localhost:8079/?token=518504778&user=-1355064518&config=3,20115,0,0
1777921740618,20107,HTTP Request,200,OK,Config 3: Exp7 1-257,text,true,,231,158,633,633,http://localhost:8079/?token=518504778&user=-1355064518&config=3,20107,0,0
1777921740618,20107,HTTP Request,200,OK,Config 3: Exp7 1-244,text,true,,231,158,633,633,http://localhost:8079/?token=518504778&user=-1355064518&config=3,20107,0,0
1777921740618,20107,HTTP Request,200,OK,Config 3: Exp7 1-312,text,true,,231,158,633,633,http://localhost:8079/?token=518504778&user=-1355064518&config=3,20107,0,0
1777921740608,20117,HTTP Request,200,OK,Config 3: Exp7 1-325,text,true,,231,158,633,633,http://localhost:8079/?token=518504778&user=-1355064518&config=3,20117,0,0
1777921740608,20117,HTTP Request,200,OK,Config 3: Exp7 1-258,text,true,,231,158,633,633,http://localhost:8079/?token=518504778&user=-1355064518&config=3,20117,0,0
1777921740618,20107,HTTP Request,200,OK,Config 3: Exp7 1-256,text,true,,231,158,633,633,http://localhost:8079/?token=518504778&user=-1355064518&config=3,20107,0,0
1777921740618,20108,HTTP Request,200,OK,Config 3: Exp7 1-2,text,true,,231,158,633,633,http://localhost:8079/?token=518504778&user=-1355064518&config=3,20108,0,0
1777921740618,20120,HTTP Request,200,OK,Config 3: Exp7 1-64,text,true,,231,158,633,633,http://localhost:8079/?token=518504778&user=-1355064518&config=3,20120,0,1
1777921742606,22470,HTTP Request,200,OK,Config 3: Exp7 1-517,text,true,,231,158,640,640,http://localhost:8079/?token=518504778&user=-1355064518&config=3,22470,0,1
1777921742763,22313,HTTP Request,200,OK,Config 3: Exp7 1-518,text,true,,231,158,640,640,http://localhost:8079/?token=518504778&user=-1355064518&config=3,22313,0,0
1777921742918,22158,HTTP Request,200,OK,Config 3: Exp7 1-519,text,true,,231,158,640,640,http://localhost:8079/?token=518504778&user=-1355064518&config=3,22158,0,0
1777921743074,22002,HTTP Request,200,OK,Config 3: Exp7 1-520,text,true,,231,158,640,640,http://localhost:8079/?token=518504778&user=-1355064518&config=3,22002,0,1
1777921743229,21876,HTTP Request,200,OK,Config 3: Exp7 1-521,text,true,,231,158,636,636,http://localhost:8079/?token=518504778&user=-1355064518&config=3,21876,0,0
1777921743387,21718,HTTP Request,200,OK,Config 3: Exp7 1-522,text,true,,231,158,636,636,http://localhost:8079/?token=518504778&user=-1355064518&config=3,21718,0,1
1777921743771,21463,HTTP Request,200,OK,Config 3: Exp7 1-400,text,true,,231,158,634,634,http://localhost:8079/?token=518504778&user=-1355064518&config=3,21463,0,0
1777921743771,21463,HTTP Request,200,OK,Config 3: Exp7 1-273,text,true,,231,158,634,634,http://localhost:8079/?token=518504778&user=-1355064518&config=3,21463,0,0
1777921743543,21691,HTTP Request,200,OK,Config 3: Exp7 1-523,text,true,,231,158,634,634,http://localhost:8079/?token=518504778&user=-1355064518&config=3,21691,0,1
1777921743697,21538,HTTP Request,200,OK,Config 3: Exp7 1-524,text,true,,231,158,634,634,http://localhost:8079/?token=518504778&user=-1355064518&config=3,21538,0,1
1777921743771,21535,HTTP Request,200,OK,Config 3: Exp7 1-272,text,true,,231,158,630,630,http://localhost:8079/?token=518504778&user=-1355064518&config=3,21535,0,0
1777921743771,21535,HTTP Request,200,OK,Config 3: Exp7 1-357,text,true,,231,158,630,630,http://localhost:8079/?token=518504778&user=-1355064518&config=3,21535,0,0
1777921743771,21535,HTTP Request,200,OK,Config 3: Exp7 1-274,text,true,,231,158,630,630,http://localhost:8079/?token=518504778&user=-1355064518&config=3,21535,0,0
1777921744132,21323,HTTP Request,200,OK,Config 3: Exp7 1-317,text,true,,231,158,627,627,http://localhost:8079/?token=518504778&user=-1355064518&config=3,21323,0,0
1777921744010,21445,HTTP Request,200,OK,Config 3: Exp7 1-526,text,true,,231,158,627,627,http://localhost:8079/?token=518504778&user=-1355064518&config=3,21445,0,0
1777921744322,21263,HTTP Request,200,OK,Config 3: Exp7 1-528,text,true,,231,158,625,625,http://localhost:8079/?token=518504778&user=-1355064518&config=3,21263,0,1
1777921744362,21223,HTTP Request,200,OK,Config 3: Exp7 1-154,text,true,,231,158,625,625,http://localhost:8079/?token=518504778&user=-1355064518&config=3,21223,0,0
1777921744362,21223,HTTP Request,200,OK,Config 3: Exp7 1-328,text,true,,231,158,625,625,http://localhost:8079/?token=518504778&user=-1355064518&config=3,21223,0,0
1777921744362,21223,HTTP Request,200,OK,Config 3: Exp7 1-334,text,true,,231,158,625,625,http://localhost:8079/?token=518504778&user=-1355064518&config=3,21223,0,0
1777921744362,21223,HTTP Request,200,OK,Config 3: Exp7 1-196,text,true,,231,158,625,625,http://localhost:8079/?token=518504778&user=-1355064518&config=3,21223,0,0
1777921744362,21223,HTTP Request,200,OK,Config 3: Exp7 1-417,text,true,,231,158,625,625,http://localhost:8079/?token=518504778&user=-1355064518&config=3,21223,0,0
1777921744362,21223,HTTP Request,200,OK,Config 3: Exp7 1-331,text,true,,231,158,625,625,http://localhost:8079/?token=518504778&user=-1355064518&config=3,21223,0,0
1777921744254,21331,HTTP Request,200,OK,Config 3: Exp7 1-463,text,true,,231,158,625,625,http://localhost:8079/?token=518504778&user=-1355064518&config=3,21331,0,1
1777921744254,21331,HTTP Request,200,OK,Config 3: Exp7 1-460,text,true,,231,158,625,625,http://localhost:8079/?token=518504778&user=-1355064518&config=3,21331,0,1
1777921744254,21332,HTTP Request,200,OK,Config 3: Exp7 1-392,text,true,,231,158,625,625,http://localhost:8079/?token=518504778&user=-1355064518&config=3,21332,0,1
1777921744254,21332,HTTP Request,200,OK,Config 3: Exp7 1-461,text,true,,231,158,625,625,http://localhost:8079/?token=518504778&user=-1355064518&config=3,21332,0,1
1777921744254,21332,HTTP Request,200,OK,Config 3: Exp7 1-459,text,true,,231,158,625,625,http://localhost:8079/?token=518504778&user=-1355064518&config=3,21332,0,1
1777921744254,21332,HTTP Request,200,OK,Config 3: Exp7 1-464,text,true,,231,158,625,625,http://localhost:8079/?token=518504778&user=-1355064518&config=3,21332,0,1
1777921744254,21332,HTTP Request,200,OK,Config 3: Exp7 1-458,text,true,,231,158,625,625,http://localhost:8079/?token=518504778&user=-1355064518&config=3,21332,0,1
1777921744254,21332,HTTP Request,200,OK,Config 3: Exp7 1-393,text,true,,231,158,625,625,http://localhost:8079/?token=518504778&user=-1355064518&config=3,21332,0,1
1777921744254,21332,HTTP Request,200,OK,Config 3: Exp7 1-462,text,true,,231,158,625,625,http://localhost:8079/?token=518504778&user=-1355064518&config=3,21332,0,1
1777921744254,21332,HTTP Request,200,OK,Config 3: Exp7 1-130,text,true,,231,158,625,625,http://localhost:8079/?token=518504778&user=-1355064518&config=3,21332,0,1
1777921744254,21332,HTTP Request,200,OK,Config 3: Exp7 1-395,text,true,,231,158,625,625,http://localhost:8079/?token=518504778&user=-1355064518&config=3,21332,0,1
1777921744362,21225,HTTP Request,200,OK,Config 3: Exp7 1-198,text,true,,231,158,618,618,http://localhost:8079/?token=518504778&user=-1355064518&config=3,21225,0,0
1777921744362,21225,HTTP Request,200,OK,Config 3: Exp7 1-259,text,true,,231,158,618,618,http://localhost:8079/?token=518504778&user=-1355064518&config=3,21225,0,0
1777921744362,21225,HTTP Request,200,OK,Config 3: Exp7 1-195,text,true,,231,158,618,618,http://localhost:8079/?token=518504778&user=-1355064518&config=3,21225,0,0
1777921744362,21225,HTTP Request,200,OK,Config 3: Exp7 1-255,text,true,,231,158,618,618,http://localhost:8079/?token=518504778&user=-1355064518&config=3,21225,0,0
1777921744362,21225,HTTP Request,200,OK,Config 3: Exp7 1-260,text,true,,231,158,618,618,http://localhost:8079/?token=518504778&user=-1355064518&config=3,21225,0,0
1777921744362,21225,HTTP Request,200,OK,Config 3: Exp7 1-263,text,true,,231,158,618,618,http://localhost:8079/?token=518504778&user=-1355064518&config=3,21225,0,0
1777921744362,21225,HTTP Request,200,OK,Config 3: Exp7 1-415,text,true,,231,158,618,618,http://localhost:8079/?token=518504778&user=-1355064518&config=3,21225,0,0
1777921744362,21225,HTTP Request,200,OK,Config 3: Exp7 1-264,text,true,,231,158,618,618,http://localhost:8079/?token=518504778&user=-1355064518&config=3,21225,0,0
1777921744362,21225,HTTP Request,200,OK,Config 3: Exp7 1-266,text,true,,231,158,618,618,http://localhost:8079/?token=518504778&user=-1355064518&config=3,21225,0,0
1777921744362,21225,HTTP Request,200,OK,Config 3: Exp7 1-326,text,true,,231,158,618,618,http://localhost:8079/?token=518504778&user=-1355064518&config=3,21225,0,0
1777921744362,21225,HTTP Request,200,OK,Config 3: Exp7 1-265,text,true,,231,158,618,618,http://localhost:8079/?token=518504778&user=-1355064518&config=3,21225,0,0
1777921744362,21225,HTTP Request,200,OK,Config 3: Exp7 1-420,text,true,,231,158,618,618,http://localhost:8079/?token=518504778&user=-1355064518&config=3,21225,0,0
1777921744362,21225,HTTP Request,200,OK,Config 3: Exp7 1-197,text,true,,231,158,618,618,http://localhost:8079/?token=518504778&user=-1355064518&config=3,21225,0,0
1777921744362,21225,HTTP Request,200,OK,Config 3: Exp7 1-14,text,true,,231,158,618,618,http://localhost:8079/?token=518504778&user=-1355064518&config=3,21225,0,0
1777921744362,21225,HTTP Request,200,OK,Config 3: Exp7 1-8,text,true,,231,158,617,617,http://localhost:8079/?token=518504778&user=-1355064518&config=3,21225,0,0
1777921744362,21225,HTTP Request,200,OK,Config 3: Exp7 1-426,text,true,,231,158,617,617,http://localhost:8079/?token=518504778&user=-1355064518&config=3,21225,0,0
1777921744362,21225,HTTP Request,200,OK,Config 3: Exp7 1-421,text,true,,231,158,617,617,http://localhost:8079/?token=518504778&user=-1355064518&config=3,21225,0,0
1777921744362,21225,HTTP Request,200,OK,Config 3: Exp7 1-422,text,true,,231,158,617,617,http://localhost:8079/?token=518504778&user=-1355064518&config=3,21225,0,0
1777921744362,21226,HTTP Request,200,OK,Config 3: Exp7 1-427,text,true,,231,158,616,616,http://localhost:8079/?token=518504778&user=-1355064518&config=3,21225,0,0
1777921744362,21226,HTTP Request,200,OK,Config 3: Exp7 1-429,text,true,,231,158,616,616,http://localhost:8079/?token=518504778&user=-1355064518&config=3,21226,0,0
1777921744362,21226,HTTP Request,200,OK,Config 3: Exp7 1-416,text,true,,231,158,608,608,http://localhost:8079/?token=518504778&user=-1355064518&config=3,21226,0,0
1777921744362,21226,HTTP Request,200,OK,Config 3: Exp7 1-418,text,true,,231,158,606,606,http://localhost:8079/?token=518504778&user=-1355064518&config=3,21226,0,0
1777921744362,21227,HTTP Request,200,OK,Config 3: Exp7 1-261,text,true,,231,158,602,602,http://localhost:8079/?token=518504778&user=-1355064518&config=3,21227,0,0
1777921744362,21227,HTTP Request,200,OK,Config 3: Exp7 1-9,text,true,,231,158,601,601,http://localhost:8079/?token=518504778&user=-1355064518&config=3,21227,0,0
1777921744362,21227,HTTP Request,200,OK,Config 3: Exp7 1-333,text,true,,231,158,601,601,http://localhost:8079/?token=518504778&user=-1355064518&config=3,21227,0,0
1777921744362,21227,HTTP Request,200,OK,Config 3: Exp7 1-428,text,true,,231,158,600,600,http://localhost:8079/?token=518504778&user=-1355064518&config=3,21227,0,0
1777921744362,21227,HTTP Request,200,OK,Config 3: Exp7 1-327,text,true,,231,158,600,600,http://localhost:8079/?token=518504778&user=-1355064518&config=3,21227,0,0
1777921760722,4959,HTTP Request,503,Service Unavailable,Config 3: Exp7 1-495,text,false,"Test failed: code expected to equal /

****** received  : [[[503]]]

****** comparison: [[[200]]]

/",237,158,580,580,http://localhost:8079/?token=518504778&user=-1355064518&config=3,4959,0,0
1777921760722,4959,HTTP Request,503,Service Unavailable,Config 3: Exp7 1-491,text,false,"Test failed: code expected to equal /

****** received  : [[[503]]]

****** comparison: [[[200]]]

/",237,158,580,580,http://localhost:8079/?token=518504778&user=-1355064518&config=3,4959,0,0
1777921760722,4959,HTTP Request,503,Service Unavailable,Config 3: Exp7 1-496,text,false,"Test failed: code expected to equal /

****** received  : [[[503]]]

****** comparison: [[[200]]]

/",237,158,580,580,http://localhost:8079/?token=518504778&user=-1355064518&config=3,4959,0,0
1777921760722,4959,HTTP Request,503,Service Unavailable,Config 3: Exp7 1-497,text,false,"Test failed: code expected to equal /

****** received  : [[[503]]]

****** comparison: [[[200]]]

/",237,158,580,580,http://localhost:8079/?token=518504778&user=-1355064518&config=3,4959,0,0
1777921760273,5408,HTTP Request,503,Service Unavailable,Config 3: Exp7 1-228,text,false,"Test failed: code expected to equal /

****** received  : [[[503]]]

****** comparison: [[[200]]]

/",237,158,580,580,http://localhost:8079/?token=518504778&user=-1355064518&config=3,5408,0,1
1777921760724,4957,HTTP Request,503,Service Unavailable,Config 3: Exp7 1-508,text,false,"Test failed: code expected to equal /

****** received  : [[[503]]]

****** comparison: [[[200]]]

/",237,158,580,580,http://localhost:8079/?token=518504778&user=-1355064518&config=3,4957,0,0
1777921760722,4959,HTTP Request,503,Service Unavailable,Config 3: Exp7 1-498,text,false,"Test failed: code expected to equal /

****** received  : [[[503]]]

****** comparison: [[[200]]]

/",237,158,580,580,http://localhost:8079/?token=518504778&user=-1355064518&config=3,4959,0,0
1777921760725,4956,HTTP Request,503,Service Unavailable,Config 3: Exp7 1-26,text,false,"Test failed: code expected to equal /

****** received  : [[[503]]]

****** comparison: [[[200]]]

/",237,158,580,580,http://localhost:8079/?token=518504778&user=-1355064518&config=3,4956,0,0
1777921760277,5404,HTTP Request,503,Service Unavailable,Config 3: Exp7 1-172,text,false,"Test failed: code expected to equal /

****** received  : [[[503]]]

****** comparison: [[[200]]]

/",237,158,580,580,http://localhost:8079/?token=518504778&user=-1355064518&config=3,5404,0,0
1777921760725,4956,HTTP Request,503,Service Unavailable,Config 3: Exp7 1-79,text,false,"Test failed: code expected to equal /

****** received  : [[[503]]]

****** comparison: [[[200]]]

/",237,158,580,580,http://localhost:8079/?token=518504778&user=-1355064518&config=3,4956,0,0
1777921760277,5404,HTTP Request,503,Service Unavailable,Config 3: Exp7 1-245,text,false,"Test failed: code expected to equal /

****** received  : [[[503]]]

****** comparison: [[[200]]]

/",237,158,580,580,http://localhost:8079/?token=518504778&user=-1355064518&config=3,5404,0,0
1777921760277,5404,HTTP Request,503,Service Unavailable,Config 3: Exp7 1-188,text,false,"Test failed: code expected to equal /

****** received  : [[[503]]]

****** comparison: [[[200]]]

/",237,158,580,580,http://localhost:8079/?token=518504778&user=-1355064518&config=3,5404,0,0
1777921760277,5404,HTTP Request,503,Service Unavailable,Config 3: Exp7 1-150,text,false,"Test failed: code expected to equal /

****** received  : [[[503]]]

****** comparison: [[[200]]]

/",237,158,580,580,http://localhost:8079/?token=518504778&user=-1355064518&config=3,5404,0,0
1777921760273,5408,HTTP Request,503,Service Unavailable,Config 3: Exp7 1-200,text,false,"Test failed: code expected to equal /

****** received  : [[[503]]]

****** comparison: [[[200]]]

/",237,158,580,580,http://localhost:8079/?token=518504778&user=-1355064518&config=3,5408,0,1
1777921760278,5403,HTTP Request,503,Service Unavailable,Config 3: Exp7 1-136,text,false,"Test failed: code expected to equal /

****** received  : [[[503]]]

****** comparison: [[[200]]]

/",237,158,580,580,http://localhost:8079/?token=518504778&user=-1355064518&config=3,5403,0,0
1777921760725,4957,HTTP Request,503,Service Unavailable,Config 3: Exp7 1-106,text,false,"Test failed: code expected to equal /

****** received  : [[[503]]]

****** comparison: [[[200]]]

/",237,158,570,570,http://localhost:8079/?token=518504778&user=-1355064518&config=3,4957,0,0
1777921760725,4957,HTTP Request,503,Service Unavailable,Config 3: Exp7 1-117,text,false,"Test failed: code expected to equal /

****** received  : [[[503]]]

****** comparison: [[[200]]]

/",237,158,570,570,http://localhost:8079/?token=518504778&user=-1355064518&config=3,4957,0,0
1777921760273,5408,HTTP Request,503,Service Unavailable,Config 3: Exp7 1-175,text,false,"Test failed: code expected to equal /

****** received  : [[[503]]]

****** comparison: [[[200]]]

/",237,158,580,580,http://localhost:8079/?token=518504778&user=-1355064518&config=3,5408,0,1
1777921760277,5404,HTTP Request,503,Service Unavailable,Config 3: Exp7 1-226,text,false,"Test failed: code expected to equal /

****** received  : [[[503]]]

****** comparison: [[[200]]]

/",237,158,580,580,http://localhost:8079/?token=518504778&user=-1355064518&config=3,5404,0,0
1777921760726,4956,HTTP Request,503,Service Unavailable,Config 3: Exp7 1-2,text,false,"Test failed: code expected to equal /

****** received  : [[[503]]]

****** comparison: [[[200]]]

/",237,158,570,570,http://localhost:8079/?token=518504778&user=-1355064518&config=3,4956,0,0
1777921760725,4957,HTTP Request,503,Service Unavailable,Config 3: Exp7 1-53,text,false,"Test failed: code expected to equal /

****** received  : [[[503]]]

****** comparison: [[[200]]]

/",237,158,570,570,http://localhost:8079/?token=518504778&user=-1355064518&config=3,4957,0,0
1777921760722,4959,HTTP Request,503,Service Unavailable,Config 3: Exp7 1-507,text,false,"Test failed: code expected to equal /

****** received  : [[[503]]]

****** comparison: [[[200]]]

/",237,158,580,580,http://localhost:8079/?token=518504778&user=-1355064518&config=3,4959,0,0
1777921760274,5407,HTTP Request,503,Service Unavailable,Config 3: Exp7 1-191,text,false,"Test failed: code expected to equal /

****** received  : [[[503]]]

****** comparison: [[[200]]]

/",237,158,580,580,http://localhost:8079/?token=518504778&user=-1355064518&config=3,5407,0,0
1777921760271,5410,HTTP Request,503,Service Unavailable,Config 3: Exp7 1-224,text,false,"Test failed: code expected to equal /

****** received  : [[[503]]]

****** comparison: [[[200]]]

/",237,158,580,580,http://localhost:8079/?token=518504778&user=-1355064518&config=3,5410,0,1
1777921760722,4959,HTTP Request,503,Service Unavailable,Config 3: Exp7 1-493,text,false,"Test failed: code expected to equal /

****** received  : [[[503]]]

****** comparison: [[[200]]]

/",237,158,580,580,http://localhost:8079/?token=518504778&user=-1355064518&config=3,4959,0,0
1777921760722,4959,HTTP Request,503,Service Unavailable,Config 3: Exp7 1-494,text,false,"Test failed: code expected to equal /

****** received  : [[[503]]]

****** comparison: [[[200]]]

/",237,158,580,580,http://localhost:8079/?token=518504778&user=-1355064518&config=3,4959,0,0
1777921760722,4959,HTTP Request,503,Service Unavailable,Config 3: Exp7 1-492,text,false,"Test failed: code expected to equal /

****** received  : [[[503]]]

****** comparison: [[[200]]]

/",237,158,580,580,http://localhost:8079/?token=518504778&user=-1355064518&config=3,4959,0,0
1777921760722,4959,HTTP Request,503,Service Unavailable,Config 3: Exp7 1-506,text,false,"Test failed: code expected to equal /

****** received  : [[[503]]]

****** comparison: [[[200]]]

/",237,158,580,580,http://localhost:8079/?token=518504778&user=-1355064518&config=3,4959,0,0
1777921760278,5403,HTTP Request,503,Service Unavailable,Config 3: Exp7 1-190,text,false,"Test failed: code expected to equal /

****** received  : [[[503]]]

****** comparison: [[[200]]]

/",237,158,580,580,http://localhost:8079/?token=518504778&user=-1355064518&config=3,5403,0,0
1777921760278,5403,HTTP Request,503,Service Unavailable,Config 3: Exp7 1-227,text,false,"Test failed: code expected to equal /

****** received  : [[[503]]]

****** comparison: [[[200]]]

/",237,158,580,580,http://localhost:8079/?token=518504778&user=-1355064518&config=3,5403,0,0
1777921760281,5400,HTTP Request,503,Service Unavailable,Config 3: Exp7 1-155,text,false,"Test failed: code expected to equal /

****** received  : [[[503]]]

****** comparison: [[[200]]]

/",237,158,580,580,http://localhost:8079/?token=518504778&user=-1355064518&config=3,5400,0,0
1777921760281,5400,HTTP Request,503,Service Unavailable,Config 3: Exp7 1-204,text,false,"Test failed: code expected to equal /

****** received  : [[[503]]]

****** comparison: [[[200]]]

/",237,158,580,580,http://localhost:8079/?token=518504778&user=-1355064518&config=3,5400,0,0
1777921760277,5404,HTTP Request,503,Service Unavailable,Config 3: Exp7 1-187,text,false,"Test failed: code expected to equal /

****** received  : [[[503]]]

****** comparison: [[[200]]]

/",237,158,580,580,http://localhost:8079/?token=518504778&user=-1355064518&config=3,5404,0,0
1777921760277,5404,HTTP Request,503,Service Unavailable,Config 3: Exp7 1-151,text,false,"Test failed: code expected to equal /

****** received  : [[[503]]]

****** comparison: [[[200]]]

/",237,158,580,580,http://localhost:8079/?token=518504778&user=-1355064518&config=3,5404,0,0
1777921760277,5404,HTTP Request,503,Service Unavailable,Config 3: Exp7 1-174,text,false,"Test failed: code expected to equal /

****** received  : [[[503]]]

****** comparison: [[[200]]]

/",237,158,580,580,http://localhost:8079/?token=518504778&user=-1355064518&config=3,5404,0,0
1777921760725,4957,HTTP Request,503,Service Unavailable,Config 3: Exp7 1-257,text,false,"Test failed: code expected to equal /

****** received  : [[[503]]]

****** comparison: [[[200]]]

/",237,158,563,563,http://localhost:8079/?token=518504778&user=-1355064518&config=3,4957,0,0
1777921760277,5404,HTTP Request,503,Service Unavailable,Config 3: Exp7 1-237,text,false,"Test failed: code expected to equal /

****** received  : [[[503]]]

****** comparison: [[[200]]]

/",237,158,580,580,http://localhost:8079/?token=518504778&user=-1355064518&config=3,5404,0,0
1777921760278,5403,HTTP Request,503,Service Unavailable,Config 3: Exp7 1-223,text,false,"Test failed: code expected to equal /

****** received  : [[[503]]]

****** comparison: [[[200]]]

/",237,158,580,580,http://localhost:8079/?token=518504778&user=-1355064518&config=3,5403,0,0
1777921760725,4957,HTTP Request,503,Service Unavailable,Config 3: Exp7 1-504,text,false,"Test failed: code expected to equal /

****** received  : [[[503]]]

****** comparison: [[[200]]]

/",237,158,560,560,http://localhost:8079/?token=518504778&user=-1355064518&config=3,4957,0,0
1777921760277,5404,HTTP Request,503,Service Unavailable,Config 3: Exp7 1-202,text,false,"Test failed: code expected to equal /

****** received  : [[[503]]]

****** comparison: [[[200]]]

/",237,158,580,580,http://localhost:8079/?token=518504778&user=-1355064518&config=3,5404,0,1
1777921760274,5407,HTTP Request,503,Service Unavailable,Config 3: Exp7 1-120,text,false,"Test failed: code expected to equal /

****** received  : [[[503]]]

****** comparison: [[[200]]]

/",237,158,580,580,http://localhost:8079/?token=518504778&user=-1355064518&config=3,5407,0,0
1777921760281,5400,HTTP Request,503,Service Unavailable,Config 3: Exp7 1-62,text,false,"Test failed: code expected to equal /

****** received  : [[[503]]]

****** comparison: [[[200]]]

/",237,158,580,580,http://localhost:8079/?token=518504778&user=-1355064518&config=3,5400,0,0
1777921760272,5409,HTTP Request,503,Service Unavailable,Config 3: Exp7 1-152,text,false,"Test failed: code expected to equal /

****** received  : [[[503]]]

****** comparison: [[[200]]]

/",237,158,580,580,http://localhost:8079/?token=518504778&user=-1355064518&config=3,5409,0,0
1777921760273,5408,HTTP Request,503,Service Unavailable,Config 3: Exp7 1-186,text,false,"Test failed: code expected to equal /

****** received  : [[[503]]]

****** comparison: [[[200]]]

/",237,158,580,580,http://localhost:8079/?token=518504778&user=-1355064518&config=3,5408,0,1
1777921760274,5407,HTTP Request,503,Service Unavailable,Config 3: Exp7 1-173,text,false,"Test failed: code expected to equal /

****** received  : [[[503]]]

****** comparison: [[[200]]]

/",237,158,580,580,http://localhost:8079/?token=518504778&user=-1355064518&config=3,5407,0,1
1777921760725,4957,HTTP Request,503,Service Unavailable,Config 3: Exp7 1-256,text,false,"Test failed: code expected to equal /

****** received  : [[[503]]]

****** comparison: [[[200]]]

/",237,158,558,558,http://localhost:8079/?token=518504778&user=-1355064518&config=3,4957,0,0
1777921760273,5408,HTTP Request,503,Service Unavailable,Config 3: Exp7 1-192,text,false,"Test failed: code expected to equal /

****** received  : [[[503]]]

****** comparison: [[[200]]]

/",237,158,580,580,http://localhost:8079/?token=518504778&user=-1355064518&config=3,5408,0,1
1777921760281,5400,HTTP Request,503,Service Unavailable,Config 3: Exp7 1-383,text,false,"Test failed: code expected to equal /

****** received  : [[[503]]]

****** comparison: [[[200]]]

/",237,158,580,580,http://localhost:8079/?token=518504778&user=-1355064518&config=3,5400,0,0
1777921760277,5404,HTTP Request,503,Service Unavailable,Config 3: Exp7 1-201,text,false,"Test failed: code expected to equal /

****** received  : [[[503]]]

****** comparison: [[[200]]]

/",237,158,580,580,http://localhost:8079/?token=518504778&user=-1355064518&config=3,5404,0,0
1777921760277,5404,HTTP Request,503,Service Unavailable,Config 3: Exp7 1-149,text,false,"Test failed: code expected to equal /

****** received  : [[[503]]]

****** comparison: [[[200]]]

/",237,158,580,580,http://localhost:8079/?token=518504778&user=-1355064518&config=3,5404,0,0
1777921760273,5408,HTTP Request,503,Service Unavailable,Config 3: Exp7 1-122,text,false,"Test failed: code expected to equal /

****** received  : [[[503]]]

****** comparison: [[[200]]]

/",237,158,580,580,http://localhost:8079/?token=518504778&user=-1355064518&config=3,5408,0,1
1777921760277,5404,HTTP Request,503,Service Unavailable,Config 3: Exp7 1-236,text,false,"Test failed: code expected to equal /

****** received  : [[[503]]]

****** comparison: [[[200]]]

/",237,158,580,580,http://localhost:8079/?token=518504778&user=-1355064518&config=3,5404,0,0
1777921760273,5408,HTTP Request,503,Service Unavailable,Config 3: Exp7 1-193,text,false,"Test failed: code expected to equal /

****** received  : [[[503]]]

****** comparison: [[[200]]]

/",237,158,580,580,http://localhost:8079/?token=518504778&user=-1355064518&config=3,5408,0,1
1777921760274,5407,HTTP Request,503,Service Unavailable,Config 3: Exp7 1-238,text,false,"Test failed: code expected to equal /

****** received  : [[[503]]]

****** comparison: [[[200]]]

/",237,158,580,580,http://localhost:8079/?token=518504778&user=-1355064518&config=3,5407,0,1
1777921760272,5409,HTTP Request,503,Service Unavailable,Config 3: Exp7 1-145,text,false,"Test failed: code expected to equal /

****** received  : [[[503]]]

****** comparison: [[[200]]]

/",237,158,580,580,http://localhost:8079/?token=518504778&user=-1355064518&config=3,5409,0,0
1777921760272,5409,HTTP Request,503,Service Unavailable,Config 3: Exp7 1-142,text,false,"Test failed: code expected to equal /

****** received  : [[[503]]]

****** comparison: [[[200]]]

/",237,158,580,580,http://localhost:8079/?token=518504778&user=-1355064518&config=3,5409,0,0
1777921760274,5407,HTTP Request,503,Service Unavailable,Config 3: Exp7 1-232,text,false,"Test failed: code expected to equal /

****** received  : [[[503]]]

****** comparison: [[[200]]]

/",237,158,580,580,http://localhost:8079/?token=518504778&user=-1355064518&config=3,5407,0,0
1777921760273,5408,HTTP Request,503,Service Unavailable,Config 3: Exp7 1-148,text,false,"Test failed: code expected to equal /

****** received  : [[[503]]]

****** comparison: [[[200]]]

/",237,158,580,580,http://localhost:8079/?token=518504778&user=-1355064518&config=3,5408,0,1
1777921760273,5408,HTTP Request,503,Service Unavailable,Config 3: Exp7 1-176,text,false,"Test failed: code expected to equal /

****** received  : [[[503]]]

****** comparison: [[[200]]]

/",237,158,580,580,http://localhost:8079/?token=518504778&user=-1355064518&config=3,5408,0,1
1777921760274,5407,HTTP Request,503,Service Unavailable,Config 3: Exp7 1-231,text,false,"Test failed: code expected to equal /

****** received  : [[[503]]]

****** comparison: [[[200]]]

/",237,158,580,580,http://localhost:8079/?token=518504778&user=-1355064518&config=3,5407,0,0
1777921760273,5407,HTTP Request,503,Service Unavailable,Config 3: Exp7 1-239,text,false,"Test failed: code expected to equal /

****** received  : [[[503]]]

****** comparison: [[[200]]]

/",237,158,580,580,http://localhost:8079/?token=518504778&user=-1355064518&config=3,5407,0,0
1777921760273,5408,HTTP Request,503,Service Unavailable,Config 3: Exp7 1-225,text,false,"Test failed: code expected to equal /

****** received  : [[[503]]]

****** comparison: [[[200]]]

/",237,158,580,580,http://localhost:8079/?token=518504778&user=-1355064518&config=3,5408,0,1
1777921760271,5410,HTTP Request,503,Service Unavailable,Config 3: Exp7 1-119,text,false,"Test failed: code expected to equal /

****** received  : [[[503]]]

****** comparison: [[[200]]]

/",237,158,580,580,http://localhost:8079/?token=518504778&user=-1355064518&config=3,5410,0,1
1777921760273,5408,HTTP Request,503,Service Unavailable,Config 3: Exp7 1-189,text,false,"Test failed: code expected to equal /

****** received  : [[[503]]]

****** comparison: [[[200]]]

/",237,158,580,580,http://localhost:8079/?token=518504778&user=-1355064518&config=3,5408,0,1
1777921760271,5409,HTTP Request,503,Service Unavailable,Config 3: Exp7 1-143,text,false,"Test failed: code expected to equal /

****** received  : [[[503]]]

****** comparison: [[[200]]]

/",237,158,580,580,http://localhost:8079/?token=518504778&user=-1355064518&config=3,5409,0,1
1777921760281,5399,HTTP Request,503,Service Unavailable,Config 3: Exp7 1-80,text,false,"Test failed: code expected to equal /

****** received  : [[[503]]]

****** comparison: [[[200]]]

/",237,158,580,580,http://localhost:8079/?token=518504778&user=-1355064518&config=3,5399,0,0
1777921760282,5398,HTTP Request,503,Service Unavailable,Config 3: Exp7 1-30,text,false,"Test failed: code expected to equal /

****** received  : [[[503]]]

****** comparison: [[[200]]]

/",237,158,580,580,http://localhost:8079/?token=518504778&user=-1355064518&config=3,5398,0,0
1777921760278,5402,HTTP Request,503,Service Unavailable,Config 3: Exp7 1-297,text,false,"Test failed: code expected to equal /

****** received  : [[[503]]]

****** comparison: [[[200]]]

/",237,158,580,580,http://localhost:8079/?token=518504778&user=-1355064518&config=3,5402,0,0
1777921760272,5408,HTTP Request,503,Service Unavailable,Config 3: Exp7 1-478,text,false,"Test failed: code expected to equal /

****** received  : [[[503]]]

****** comparison: [[[200]]]

/",237,158,580,580,http://localhost:8079/?token=518504778&user=-1355064518&config=3,5408,0,0
1777921760273,5406,HTTP Request,503,Service Unavailable,Config 3: Exp7 1-375,text,false,"Test failed: code expected to equal /

****** received  : [[[503]]]

****** comparison: [[[200]]]

/",237,158,580,580,http://localhost:8079/?token=518504778&user=-1355064518&config=3,5406,0,0
1777921760272,5407,HTTP Request,503,Service Unavailable,Config 3: Exp7 1-487,text,false,"Test failed: code expected to equal /

****** received  : [[[503]]]

****** comparison: [[[200]]]

/",237,158,580,580,http://localhost:8079/?token=518504778&user=-1355064518&config=3,5407,0,0
1777921760281,5398,HTTP Request,503,Service Unavailable,Config 3: Exp7 1-21,text,false,"Test failed: code expected to equal /

****** received  : [[[503]]]

****** comparison: [[[200]]]

/",237,158,580,580,http://localhost:8079/?token=518504778&user=-1355064518&config=3,5398,0,0
1777921760274,5405,HTTP Request,503,Service Unavailable,Config 3: Exp7 1-240,text,false,"Test failed: code expected to equal /

****** received  : [[[503]]]

****** comparison: [[[200]]]

/",237,158,580,580,http://localhost:8079/?token=518504778&user=-1355064518&config=3,5405,0,0
1777921760281,5398,HTTP Request,503,Service Unavailable,Config 3: Exp7 1-101,text,false,"Test failed: code expected to equal /

****** received  : [[[503]]]

****** comparison: [[[200]]]

/",237,158,580,580,http://localhost:8079/?token=518504778&user=-1355064518&config=3,5398,0,0
1777921760278,5401,HTTP Request,503,Service Unavailable,Config 3: Exp7 1-378,text,false,"Test failed: code expected to equal /

****** received  : [[[503]]]

****** comparison: [[[200]]]

/",237,158,580,580,http://localhost:8079/?token=518504778&user=-1355064518&config=3,5401,0,0
1777921760281,5398,HTTP Request,503,Service Unavailable,Config 3: Exp7 1-381,text,false,"Test failed: code expected to equal /

****** received  : [[[503]]]

****** comparison: [[[200]]]

/",237,158,580,580,http://localhost:8079/?token=518504778&user=-1355064518&config=3,5398,0,0
1777921760273,5406,HTTP Request,503,Service Unavailable,Config 3: Exp7 1-370,text,false,"Test failed: code expected to equal /

****** received  : [[[503]]]

****** comparison: [[[200]]]

/",237,158,580,580,http://localhost:8079/?token=518504778&user=-1355064518&config=3,5406,0,0
1777921760272,5407,HTTP Request,503,Service Unavailable,Config 3: Exp7 1-294,text,false,"Test failed: code expected to equal /

****** received  : [[[503]]]

****** comparison: [[[200]]]

/",237,158,580,580,http://localhost:8079/?token=518504778&user=-1355064518&config=3,5407,0,0
1777921760281,5397,HTTP Request,503,Service Unavailable,Config 3: Exp7 1-100,text,false,"Test failed: code expected to equal /

****** received  : [[[503]]]

****** comparison: [[[200]]]

/",237,158,580,580,http://localhost:8079/?token=518504778&user=-1355064518&config=3,5397,0,0
1777921760281,5402,HTTP Request,503,Service Unavailable,Config 3: Exp7 1-164,text,false,"Test failed: code expected to equal /

****** received  : [[[503]]]

****** comparison: [[[200]]]

/",237,158,538,538,http://localhost:8079/?token=518504778&user=-1355064518&config=3,5402,0,0
1777921760281,5402,HTTP Request,503,Service Unavailable,Config 3: Exp7 1-203,text,false,"Test failed: code expected to equal /

****** received  : [[[503]]]

****** comparison: [[[200]]]

/",237,158,538,538,http://localhost:8079/?token=518504778&user=-1355064518&config=3,5402,0,0
1777921760281,5397,HTTP Request,503,Service Unavailable,Config 3: Exp7 1-61,text,false,"Test failed: code expected to equal /

****** received  : [[[503]]]

****** comparison: [[[200]]]

/",237,158,580,580,http://localhost:8079/?token=518504778&user=-1355064518&config=3,5397,0,0
1777921760725,4958,HTTP Request,503,Service Unavailable,Config 3: Exp7 1-254,text,false,"Test failed: code expected to equal /

****** received  : [[[503]]]

****** comparison: [[[200]]]

/",237,158,541,541,http://localhost:8079/?token=518504778&user=-1355064518&config=3,4958,0,0
1777921760725,4958,HTTP Request,503,Service Unavailable,Config 3: Exp7 1-103,text,false,"Test failed: code expected to equal /

****** received  : [[[503]]]

****** comparison: [[[200]]]

/",237,158,541,541,http://localhost:8079/?token=518504778&user=-1355064518&config=3,4958,0,0
1777921760281,5402,HTTP Request,503,Service Unavailable,Config 3: Exp7 1-156,text,false,"Test failed: code expected to equal /

****** received  : [[[503]]]

****** comparison: [[[200]]]

/",237,158,537,537,http://localhost:8079/?token=518504778&user=-1355064518&config=3,5402,0,0
1777921760725,4958,HTTP Request,503,Service Unavailable,Config 3: Exp7 1-509,text,false,"Test failed: code expected to equal /

****** received  : [[[503]]]

****** comparison: [[[200]]]

/",237,158,537,537,http://localhost:8079/?token=518504778&user=-1355064518&config=3,4958,0,0
1777921760725,4958,HTTP Request,503,Service Unavailable,Config 3: Exp7 1-499,text,false,"Test failed: code expected to equal /

****** received  : [[[503]]]

****** comparison: [[[200]]]

/",237,158,542,542,http://localhost:8079/?token=518504778&user=-1355064518&config=3,4958,0,0
1777921760281,5397,HTTP Request,503,Service Unavailable,Config 3: Exp7 1-82,text,false,"Test failed: code expected to equal /

****** received  : [[[503]]]

****** comparison: [[[200]]]

/",237,158,580,580,http://localhost:8079/?token=518504778&user=-1355064518&config=3,5397,0,0
1777921760281,5402,HTTP Request,503,Service Unavailable,Config 3: Exp7 1-109,text,false,"Test failed: code expected to equal /

****** received  : [[[503]]]

****** comparison: [[[200]]]

/",237,158,538,538,http://localhost:8079/?token=518504778&user=-1355064518&config=3,5402,0,0
1777921760278,5400,HTTP Request,503,Service Unavailable,Config 3: Exp7 1-248,text,false,"Test failed: code expected to equal /

****** received  : [[[503]]]

****** comparison: [[[200]]]

/",237,158,580,580,http://localhost:8079/?token=518504778&user=-1355064518&config=3,5400,0,0
1777921760281,5397,HTTP Request,503,Service Unavailable,Config 3: Exp7 1-380,text,false,"Test failed: code expected to equal /

****** received  : [[[503]]]

****** comparison: [[[200]]]

/",237,158,580,580,http://localhost:8079/?token=518504778&user=-1355064518&config=3,5397,0,0
1777921760273,5403,HTTP Request,503,Service Unavailable,Config 3: Exp7 1-241,text,false,"Test failed: code expected to equal /

****** received  : [[[503]]]

****** comparison: [[[200]]]

/",237,158,580,580,http://localhost:8079/?token=518504778&user=-1355064518&config=3,5403,0,0
1777921760281,5396,HTTP Request,503,Service Unavailable,Config 3: Exp7 1-387,text,false,"Test failed: code expected to equal /

****** received  : [[[503]]]

****** comparison: [[[200]]]

/",237,158,580,580,http://localhost:8079/?token=518504778&user=-1355064518&config=3,5396,0,0
1777921760278,5398,HTTP Request,503,Service Unavailable,Config 3: Exp7 1-385,text,false,"Test failed: code expected to equal /

****** received  : [[[503]]]

****** comparison: [[[200]]]

/",237,158,580,580,http://localhost:8079/?token=518504778&user=-1355064518&config=3,5398,0,0
1777921760273,5403,HTTP Request,503,Service Unavailable,Config 3: Exp7 1-373,text,false,"Test failed: code expected to equal /

****** received  : [[[503]]]

****** comparison: [[[200]]]

/",237,158,580,580,http://localhost:8079/?token=518504778&user=-1355064518&config=3,5403,0,0
1777921760725,4958,HTTP Request,503,Service Unavailable,Config 3: Exp7 1-501,text,false,"Test failed: code expected to equal /

****** received  : [[[503]]]

****** comparison: [[[200]]]

/",237,158,532,532,http://localhost:8079/?token=518504778&user=-1355064518&config=3,4958,0,0
1777921760725,4958,HTTP Request,503,Service Unavailable,Config 3: Exp7 1-35,text,false,"Test failed: code expected to equal /

****** received  : [[[503]]]

****** comparison: [[[200]]]

/",237,158,532,532,http://localhost:8079/?token=518504778&user=-1355064518&config=3,4958,0,0
1777921760281,5395,HTTP Request,503,Service Unavailable,Config 3: Exp7 1-6,text,false,"Test failed: code expected to equal /

****** received  : [[[503]]]

****** comparison: [[[200]]]

/",237,158,580,580,http://localhost:8079/?token=518504778&user=-1355064518&config=3,5395,0,0
1777921760281,5395,HTTP Request,503,Service Unavailable,Config 3: Exp7 1-5,text,false,"Test failed: code expected to equal /

****** received  : [[[503]]]

****** comparison: [[[200]]]

/",237,158,580,580,http://localhost:8079/?token=518504778&user=-1355064518&config=3,5395,0,0
1777921760282,5394,HTTP Request,503,Service Unavailable,Config 3: Exp7 1-58,text,false,"Test failed: code expected to equal /

****** received  : [[[503]]]

****** comparison: [[[200]]]

/",237,158,580,580,http://localhost:8079/?token=518504778&user=-1355064518&config=3,5394,0,0
1777921760282,5394,HTTP Request,503,Service Unavailable,Config 3: Exp7 1-488,text,false,"Test failed: code expected to equal /

****** received  : [[[503]]]

****** comparison: [[[200]]]

/",237,158,580,580,http://localhost:8079/?token=518504778&user=-1355064518&config=3,5394,0,0
1777921760281,5395,HTTP Request,503,Service Unavailable,Config 3: Exp7 1-57,text,false,"Test failed: code expected to equal /

****** received  : [[[503]]]

****** comparison: [[[200]]]

/",237,158,580,580,http://localhost:8079/?token=518504778&user=-1355064518&config=3,5395,0,0
1777921760725,4958,HTTP Request,503,Service Unavailable,Config 3: Exp7 1-275,text,false,"Test failed: code expected to equal /

****** received  : [[[503]]]

****** comparison: [[[200]]]

/",237,158,529,529,http://localhost:8079/?token=518504778&user=-1355064518&config=3,4958,0,0
1777921760282,5394,HTTP Request,503,Service Unavailable,Config 3: Exp7 1-97,text,false,"Test failed: code expected to equal /

****** received  : [[[503]]]

****** comparison: [[[200]]]

/",237,158,580,580,http://localhost:8079/?token=518504778&user=-1355064518&config=3,5394,0,0
1777921760738,4945,HTTP Request,503,Service Unavailable,Config 3: Exp7 1-64,text,false,"Test failed: code expected to equal /

****** received  : [[[503]]]

****** comparison: [[[200]]]

/",237,158,523,523,http://localhost:8079/?token=518504778&user=-1355064518&config=3,4945,0,0
1777921760725,4959,HTTP Request,503,Service Unavailable,Config 3: Exp7 1-54,text,false,"Test failed: code expected to equal /

****** received  : [[[503]]]

****** comparison: [[[200]]]

/",237,158,478,478,http://localhost:8079/?token=518504778&user=-1355064518&config=3,4959,0,0
1777921760725,4959,HTTP Request,503,Service Unavailable,Config 3: Exp7 1-74,text,false,"Test failed: code expected to equal /

****** received  : [[[503]]]

****** comparison: [[[200]]]

/",237,158,475,475,http://localhost:8079/?token=518504778&user=-1355064518&config=3,4959,0,0
1777921760725,4959,HTTP Request,503,Service Unavailable,Config 3: Exp7 1-312,text,false,"Test failed: code expected to equal /

****** received  : [[[503]]]

****** comparison: [[[200]]]

/",237,158,474,474,http://localhost:8079/?token=518504778&user=-1355064518&config=3,4959,0,0
1777921760281,5404,HTTP Request,503,Service Unavailable,Config 3: Exp7 1-158,text,false,"Test failed: code expected to equal /

****** received  : [[[503]]]

****** comparison: [[[200]]]

/",237,158,472,472,http://localhost:8079/?token=518504778&user=-1355064518&config=3,5404,0,0
1777921760725,4960,HTTP Request,503,Service Unavailable,Config 3: Exp7 1-91,text,false,"Test failed: code expected to equal /

****** received  : [[[503]]]

****** comparison: [[[200]]]

/",237,158,471,471,http://localhost:8079/?token=518504778&user=-1355064518&config=3,4960,0,0
1777921760725,4960,HTTP Request,503,Service Unavailable,Config 3: Exp7 1-110,text,false,"Test failed: code expected to equal /

****** received  : [[[503]]]

****** comparison: [[[200]]]

/",237,158,471,471,http://localhost:8079/?token=518504778&user=-1355064518&config=3,4960,0,0
1777921760725,4960,HTTP Request,503,Service Unavailable,Config 3: Exp7 1-111,text,false,"Test failed: code expected to equal /

****** received  : [[[503]]]

****** comparison: [[[200]]]

/",237,158,471,471,http://localhost:8079/?token=518504778&user=-1355064518&config=3,4960,0,0
1777921760281,5404,HTTP Request,503,Service Unavailable,Config 3: Exp7 1-205,text,false,"Test failed: code expected to equal /

****** received  : [[[503]]]

****** comparison: [[[200]]]

/",237,158,471,471,http://localhost:8079/?token=518504778&user=-1355064518&config=3,5404,0,0
1777921760281,5404,HTTP Request,503,Service Unavailable,Config 3: Exp7 1-121,text,false,"Test failed: code expected to equal /

****** received  : [[[503]]]

****** comparison: [[[200]]]

/",237,158,470,470,http://localhost:8079/?token=518504778&user=-1355064518&config=3,5404,0,0
1777921760281,5404,HTTP Request,503,Service Unavailable,Config 3: Exp7 1-128,text,false,"Test failed: code expected to equal /

****** received  : [[[503]]]

****** comparison: [[[200]]]

/",237,158,470,470,http://localhost:8079/?token=518504778&user=-1355064518&config=3,5404,0,0
1777921760725,4960,HTTP Request,503,Service Unavailable,Config 3: Exp7 1-325,text,false,"Test failed: code expected to equal /

****** received  : [[[503]]]

****** comparison: [[[200]]]

/",237,158,471,471,http://localhost:8079/?token=518504778&user=-1355064518&config=3,4960,0,0
1777921760281,5404,HTTP Request,503,Service Unavailable,Config 3: Exp7 1-199,text,false,"Test failed: code expected to equal /

****** received  : [[[503]]]

****** comparison: [[[200]]]

/",237,158,470,470,http://localhost:8079/?token=518504778&user=-1355064518&config=3,5404,0,0
1777921760390,5295,HTTP Request,503,Service Unavailable,Config 3: Exp7 1-631,text,false,"Test failed: code expected to equal /

****** received  : [[[503]]]

****** comparison: [[[200]]]

/",237,158,469,469,http://localhost:8079/?token=518504778&user=-1355064518&config=3,5295,0,0
1777921760725,4966,HTTP Request,503,Service Unavailable,Config 3: Exp7 1-16,text,false,"Test failed: code expected to equal /

****** received  : [[[503]]]

****** comparison: [[[200]]]

/",237,158,462,462,http://localhost:8079/?token=518504778&user=-1355064518&config=3,4966,0,0
1777921760281,5410,HTTP Request,503,Service Unavailable,Config 3: Exp7 1-123,text,false,"Test failed: code expected to equal /

****** received  : [[[503]]]

****** comparison: [[[200]]]

/",237,158,462,462,http://localhost:8079/?token=518504778&user=-1355064518&config=3,5410,0,0
1777921760281,5410,HTTP Request,503,Service Unavailable,Config 3: Exp7 1-157,text,false,"Test failed: code expected to equal /

****** received  : [[[503]]]

****** comparison: [[[200]]]

/",237,158,462,462,http://localhost:8079/?token=518504778&user=-1355064518&config=3,5410,0,0
1777921760725,4966,HTTP Request,503,Service Unavailable,Config 3: Exp7 1-98,text,false,"Test failed: code expected to equal /

****** received  : [[[503]]]

****** comparison: [[[200]]]

/",237,158,462,462,http://localhost:8079/?token=518504778&user=-1355064518&config=3,4966,0,0
1777921760545,5146,HTTP Request,503,Service Unavailable,Config 3: Exp7 1-632,text,false,"Test failed: code expected to equal /

****** received  : [[[503]]]

****** comparison: [[[200]]]

/",237,158,462,462,http://localhost:8079/?token=518504778&user=-1355064518&config=3,5146,0,0
1777921760725,4966,HTTP Request,503,Service Unavailable,Config 3: Exp7 1-505,text,false,"Test failed: code expected to equal /

****** received  : [[[503]]]

****** comparison: [[[200]]]

/",237,158,461,461,http://localhost:8079/?token=518504778&user=-1355064518&config=3,4966,0,0
1777921760725,4966,HTTP Request,503,Service Unavailable,Config 3: Exp7 1-503,text,false,"Test failed: code expected to equal /

****** received  : [[[503]]]

****** comparison: [[[200]]]

/",237,158,458,458,http://localhost:8079/?token=518504778&user=-1355064518&config=3,4966,0,0
1777921760725,4966,HTTP Request,503,Service Unavailable,Config 3: Exp7 1-510,text,false,"Test failed: code expected to equal /

****** received  : [[[503]]]

****** comparison: [[[200]]]

/",237,158,458,458,http://localhost:8079/?token=518504778&user=-1355064518&config=3,4966,0,0
1777921760724,4967,HTTP Request,503,Service Unavailable,Config 3: Exp7 1-502,text,false,"Test failed: code expected to equal /

****** received  : [[[503]]]

****** comparison: [[[200]]]

/",237,158,458,458,http://localhost:8079/?token=518504778&user=-1355064518&config=3,4967,0,0
1777921760725,4966,HTTP Request,503,Service Unavailable,Config 3: Exp7 1-258,text,false,"Test failed: code expected to equal /

****** received  : [[[503]]]

****** comparison: [[[200]]]

/",237,158,458,458,http://localhost:8079/?token=518504778&user=-1355064518&config=3,4966,0,0
1777921760702,4990,HTTP Request,503,Service Unavailable,Config 3: Exp7 1-633,text,false,"Test failed: code expected to equal /

****** received  : [[[503]]]

****** comparison: [[[200]]]

/",237,158,452,452,http://localhost:8079/?token=518504778&user=-1355064518&config=3,4990,0,0
1777921760725,4967,HTTP Request,503,Service Unavailable,Config 3: Exp7 1-500,text,false,"Test failed: code expected to equal /

****** received  : [[[503]]]

****** comparison: [[[200]]]

/",237,158,452,452,http://localhost:8079/?token=518504778&user=-1355064518&config=3,4967,0,0
1777921760725,4967,HTTP Request,503,Service Unavailable,Config 3: Exp7 1-209,text,false,"Test failed: code expected to equal /

****** received  : [[[503]]]

****** comparison: [[[200]]]

/",237,158,452,452,http://localhost:8079/?token=518504778&user=-1355064518&config=3,4967,0,1
1777921760725,4967,HTTP Request,503,Service Unavailable,Config 3: Exp7 1-137,text,false,"Test failed: code expected to equal /

****** received  : [[[503]]]

****** comparison: [[[200]]]

/",237,158,452,452,http://localhost:8079/?token=518504778&user=-1355064518&config=3,4967,0,1
1777921760725,4967,HTTP Request,503,Service Unavailable,Config 3: Exp7 1-166,text,false,"Test failed: code expected to equal /

****** received  : [[[503]]]

****** comparison: [[[200]]]

/",237,158,450,450,http://localhost:8079/?token=518504778&user=-1355064518&config=3,4967,0,1
1777921760725,4969,HTTP Request,503,Service Unavailable,Config 3: Exp7 1-243,text,false,"Test failed: code expected to equal /

****** received  : [[[503]]]

****** comparison: [[[200]]]

/",237,158,447,447,http://localhost:8079/?token=518504778&user=-1355064518&config=3,4969,0,1
1777921760725,4969,HTTP Request,503,Service Unavailable,Config 3: Exp7 1-134,text,false,"Test failed: code expected to equal /

****** received  : [[[503]]]

****** comparison: [[[200]]]

/",237,158,447,447,http://localhost:8079/?token=518504778&user=-1355064518&config=3,4969,0,1
1777921760725,4969,HTTP Request,503,Service Unavailable,Config 3: Exp7 1-131,text,false,"Test failed: code expected to equal /

****** received  : [[[503]]]

****** comparison: [[[200]]]

/",237,158,447,447,http://localhost:8079/?token=518504778&user=-1355064518&config=3,4969,0,1
1777921760725,4969,HTTP Request,503,Service Unavailable,Config 3: Exp7 1-161,text,false,"Test failed: code expected to equal /

****** received  : [[[503]]]

****** comparison: [[[200]]]

/",237,158,447,447,http://localhost:8079/?token=518504778&user=-1355064518&config=3,4969,0,1
1777921760725,4969,HTTP Request,503,Service Unavailable,Config 3: Exp7 1-244,text,false,"Test failed: code expected to equal /

****** received  : [[[503]]]

****** comparison: [[[200]]]

/",237,158,446,446,http://localhost:8079/?token=518504778&user=-1355064518&config=3,4969,0,1
1777921760857,4837,HTTP Request,503,Service Unavailable,Config 3: Exp7 1-634,text,false,"Test failed: code expected to equal /

****** received  : [[[503]]]

****** comparison: [[[200]]]

/",237,158,442,442,http://localhost:8079/?token=518504778&user=-1355064518&config=3,4837,0,1
1777921754424,11270,HTTP Request,500,Internal Server Error,Config 3: Exp7 1-457,text,false,"Test failed: code expected to equal /

****** received  : [[[5]]]00

****** comparison: [[[2]]]00

/",233,158,442,442,http://localhost:8079/?token=518504778&user=-1355064518&config=3,11270,0,0
1777921754424,11270,HTTP Request,500,Internal Server Error,Config 3: Exp7 1-159,text,false,"Test failed: code expected to equal /

****** received  : [[[5]]]00

****** comparison: [[[2]]]00

/",233,158,442,442,http://localhost:8079/?token=518504778&user=-1355064518&config=3,11270,0,0
1777921754424,11270,HTTP Request,500,Internal Server Error,Config 3: Exp7 1-389,text,false,"Test failed: code expected to equal /

****** received  : [[[5]]]00

****** comparison: [[[2]]]00

/",233,158,442,442,http://localhost:8079/?token=518504778&user=-1355064518&config=3,11270,0,0
1777921760725,4969,HTTP Request,503,Service Unavailable,Config 3: Exp7 1-162,text,false,"Test failed: code expected to equal /

****** received  : [[[503]]]

****** comparison: [[[200]]]

/",237,158,438,438,http://localhost:8079/?token=518504778&user=-1355064518&config=3,4969,0,1
1777921754426,11269,HTTP Request,500,Internal Server Error,Config 3: Exp7 1-33,text,false,"Test failed: code expected to equal /

****** received  : [[[5]]]00

****** comparison: [[[2]]]00

/",233,158,437,437,http://localhost:8079/?token=518504778&user=-1355064518&config=3,11268,0,0
1777921754425,11270,HTTP Request,500,Internal Server Error,Config 3: Exp7 1-52,text,false,"Test failed: code expected to equal /

****** received  : [[[5]]]00

****** comparison: [[[2]]]00

/",233,158,437,437,http://localhost:8079/?token=518504778&user=-1355064518&config=3,11270,0,0
1777921754426,11269,HTTP Request,500,Internal Server Error,Config 3: Exp7 1-133,text,false,"Test failed: code expected to equal /

****** received  : [[[5]]]00

****** comparison: [[[2]]]00

/",233,158,436,436,http://localhost:8079/?token=518504778&user=-1355064518&config=3,11269,0,0
1777921754425,11270,HTTP Request,500,Internal Server Error,Config 3: Exp7 1-394,text,false,"Test failed: code expected to equal /

****** received  : [[[5]]]00

****** comparison: [[[2]]]00

/",233,158,436,436,http://localhost:8079/?token=518504778&user=-1355064518&config=3,11270,0,0
1777921754424,11271,HTTP Request,500,Internal Server Error,Config 3: Exp7 1-139,text,false,"Test failed: code expected to equal /

****** received  : [[[5]]]00

****** comparison: [[[2]]]00

/",233,158,435,435,http://localhost:8079/?token=518504778&user=-1355064518&config=3,11271,0,1
1777921754426,11269,HTTP Request,500,Internal Server Error,Config 3: Exp7 1-48,text,false,"Test failed: code expected to equal /

****** received  : [[[5]]]00

****** comparison: [[[2]]]00

/",233,158,432,432,http://localhost:8079/?token=518504778&user=-1355064518&config=3,11269,0,0
1777921754426,11269,HTTP Request,500,Internal Server Error,Config 3: Exp7 1-388,text,false,"Test failed: code expected to equal /

****** received  : [[[5]]]00

****** comparison: [[[2]]]00

/",233,158,432,432,http://localhost:8079/?token=518504778&user=-1355064518&config=3,11269,0,0
1777921754426,11269,HTTP Request,500,Internal Server Error,Config 3: Exp7 1-22,text,false,"Test failed: code expected to equal /

****** received  : [[[5]]]00

****** comparison: [[[2]]]00

/",233,158,432,432,http://localhost:8079/?token=518504778&user=-1355064518&config=3,11269,0,0
1777921754461,11234,HTTP Request,500,Internal Server Error,Config 3: Exp7 1-593,text,false,"Test failed: code expected to equal /

****** received  : [[[5]]]00

****** comparison: [[[2]]]00

/",233,158,432,432,http://localhost:8079/?token=518504778&user=-1355064518&config=3,11234,0,1
1777921754617,11078,HTTP Request,500,Internal Server Error,Config 3: Exp7 1-594,text,false,"Test failed: code expected to equal /

****** received  : [[[5]]]00

****** comparison: [[[2]]]00

/",233,158,432,432,http://localhost:8079/?token=518504778&user=-1355064518&config=3,11078,0,0
1777921754425,11270,HTTP Request,500,Internal Server Error,Config 3: Exp7 1-116,text,false,"Test failed: code expected to equal /

****** received  : [[[5]]]00

****** comparison: [[[2]]]00

/",233,158,430,430,http://localhost:8079/?token=518504778&user=-1355064518&config=3,11270,0,0
1777921754426,11269,HTTP Request,500,Internal Server Error,Config 3: Exp7 1-160,text,false,"Test failed: code expected to equal /

****** received  : [[[5]]]00

****** comparison: [[[2]]]00

/",233,158,428,428,http://localhost:8079/?token=518504778&user=-1355064518&config=3,11269,0,0
1777921754425,11270,HTTP Request,500,Internal Server Error,Config 3: Exp7 1-391,text,false,"Test failed: code expected to equal /

****** received  : [[[5]]]00

****** comparison: [[[2]]]00

/",233,158,428,428,http://localhost:8079/?token=518504778&user=-1355064518&config=3,11270,0,0
1777921754426,11269,HTTP Request,500,Internal Server Error,Config 3: Exp7 1-1,text,false,"Test failed: code expected to equal /

****** received  : [[[5]]]00

****** comparison: [[[2]]]00

/",233,158,428,428,http://localhost:8079/?token=518504778&user=-1355064518&config=3,11269,0,0
1777921754929,10766,HTTP Request,500,Internal Server Error,Config 3: Exp7 1-596,text,false,"Test failed: code expected to equal /

****** received  : [[[5]]]00

****** comparison: [[[2]]]00

/",233,158,426,426,http://localhost:8079/?token=518504778&user=-1355064518&config=3,10766,0,1
1777921754426,11269,HTTP Request,500,Internal Server Error,Config 3: Exp7 1-141,text,false,"Test failed: code expected to equal /

****** received  : [[[5]]]00

****** comparison: [[[2]]]00

/",233,158,426,426,http://localhost:8079/?token=518504778&user=-1355064518&config=3,11269,0,0
1777921755553,10142,HTTP Request,500,Internal Server Error,Config 3: Exp7 1-600,text,false,"Test failed: code expected to equal /

****** received  : [[[5]]]00

****** comparison: [[[2]]]00

/",233,158,426,426,http://localhost:8079/?token=518504778&user=-1355064518&config=3,10142,0,1
1777921754774,10921,HTTP Request,500,Internal Server Error,Config 3: Exp7 1-595,text,false,"Test failed: code expected to equal /

****** received  : [[[5]]]00

****** comparison: [[[2]]]00

/",233,158,426,426,http://localhost:8079/?token=518504778&user=-1355064518&config=3,10921,0,0
1777921755241,10456,HTTP Request,500,Internal Server Error,Config 3: Exp7 1-598,text,false,"Test failed: code expected to equal /

****** received  : [[[5]]]00

****** comparison: [[[2]]]00

/",233,158,419,419,http://localhost:8079/?token=518504778&user=-1355064518&config=3,10456,0,0
1777921755398,10299,HTTP Request,500,Internal Server Error,Config 3: Exp7 1-599,text,false,"Test failed: code expected to equal /

****** received  : [[[5]]]00

****** comparison: [[[2]]]00

/",233,158,419,419,http://localhost:8079/?token=518504778&user=-1355064518&config=3,10299,0,1
1777921755085,10612,HTTP Request,500,Internal Server Error,Config 3: Exp7 1-597,text,false,"Test failed: code expected to equal /

****** received  : [[[5]]]00

****** comparison: [[[2]]]00

/",233,158,419,419,http://localhost:8079/?token=518504778&user=-1355064518&config=3,10612,0,0
1777921755866,9831,HTTP Request,500,Internal Server Error,Config 3: Exp7 1-602,text,false,"Test failed: code expected to equal /

****** received  : [[[5]]]00

****** comparison: [[[2]]]00

/",233,158,419,419,http://localhost:8079/?token=518504778&user=-1355064518&config=3,9831,0,0
1777921755710,9987,HTTP Request,500,Internal Server Error,Config 3: Exp7 1-601,text,false,"Test failed: code expected to equal /

****** received  : [[[5]]]00

****** comparison: [[[2]]]00

/",233,158,417,417,http://localhost:8079/?token=518504778&user=-1355064518&config=3,9987,0,0
1777921761013,4684,HTTP Request,503,Service Unavailable,Config 3: Exp7 1-635,text,false,"Test failed: code expected to equal /

****** received  : [[[503]]]

****** comparison: [[[200]]]

/",237,158,414,414,http://localhost:8079/?token=518504778&user=-1355064518&config=3,4684,0,0
1777921756023,9674,HTTP Request,500,Internal Server Error,Config 3: Exp7 1-603,text,false,"Test failed: code expected to equal /

****** received  : [[[5]]]00

****** comparison: [[[2]]]00

/",233,158,413,413,http://localhost:8079/?token=518504778&user=-1355064518&config=3,9674,0,0
1777921756592,12310,HTTP Request,500,Internal Server Error,Config 3: Exp7 1-397,text,false,"Test failed: code expected to equal /

****** received  : [[[5]]]00

****** comparison: [[[2]]]00

/",233,158,412,412,http://localhost:8079/?token=518504778&user=-1355064518&config=3,12310,0,0
1777921756592,12310,HTTP Request,500,Internal Server Error,Config 3: Exp7 1-309,text,false,"Test failed: code expected to equal /

****** received  : [[[5]]]00

****** comparison: [[[2]]]00

/",233,158,412,412,http://localhost:8079/?token=518504778&user=-1355064518&config=3,12310,0,0
1777921756592,12310,HTTP Request,500,Internal Server Error,Config 3: Exp7 1-467,text,false,"Test failed: code expected to equal /

****** received  : [[[5]]]00

****** comparison: [[[2]]]00

/",233,158,412,412,http://localhost:8079/?token=518504778&user=-1355064518&config=3,12310,0,0
1777921756490,12412,HTTP Request,500,Internal Server Error,Config 3: Exp7 1-606,text,false,"Test failed: code expected to equal /

****** received  : [[[5]]]00

****** comparison: [[[2]]]00

/",233,158,412,412,http://localhost:8079/?token=518504778&user=-1355064518&config=3,12412,0,0
1777921756592,12310,HTTP Request,500,Internal Server Error,Config 3: Exp7 1-138,text,false,"Test failed: code expected to equal /

****** received  : [[[5]]]00

****** comparison: [[[2]]]00

/",233,158,412,412,http://localhost:8079/?token=518504778&user=-1355064518&config=3,12310,0,0
1777921756334,12568,HTTP Request,500,Internal Server Error,Config 3: Exp7 1-605,text,false,"Test failed: code expected to equal /

****** received  : [[[5]]]00

****** comparison: [[[2]]]00

/",233,158,412,412,http://localhost:8079/?token=518504778&user=-1355064518&config=3,12568,0,0
1777921756592,12310,HTTP Request,500,Internal Server Error,Config 3: Exp7 1-396,text,false,"Test failed: code expected to equal /

****** received  : [[[5]]]00

****** comparison: [[[2]]]00

/",233,158,412,412,http://localhost:8079/?token=518504778&user=-1355064518&config=3,12310,0,0
1777921756592,12310,HTTP Request,500,Internal Server Error,Config 3: Exp7 1-465,text,false,"Test failed: code expected to equal /

****** received  : [[[5]]]00

****** comparison: [[[2]]]00

/",233,158,412,412,http://localhost:8079/?token=518504778&user=-1355064518&config=3,12310,0,0
1777921756592,12310,HTTP Request,500,Internal Server Error,Config 3: Exp7 1-466,text,false,"Test failed: code expected to equal /

****** received  : [[[5]]]00

****** comparison: [[[2]]]00

/",233,158,412,412,http://localhost:8079/?token=518504778&user=-1355064518&config=3,12310,0,0
1777921756592,12310,HTTP Request,500,Internal Server Error,Config 3: Exp7 1-468,text,false,"Test failed: code expected to equal /

****** received  : [[[5]]]00

****** comparison: [[[2]]]00

/",233,158,412,412,http://localhost:8079/?token=518504778&user=-1355064518&config=3,12310,0,0
1777921756592,12310,HTTP Request,500,Internal Server Error,Config 3: Exp7 1-469,text,false,"Test failed: code expected to equal /

****** received  : [[[5]]]00

****** comparison: [[[2]]]00

/",233,158,412,412,http://localhost:8079/?token=518504778&user=-1355064518&config=3,12310,0,0
1777921756592,12310,HTTP Request,500,Internal Server Error,Config 3: Exp7 1-470,text,false,"Test failed: code expected to equal /

****** received  : [[[5]]]00

****** comparison: [[[2]]]00

/",233,158,412,412,http://localhost:8079/?token=518504778&user=-1355064518&config=3,12310,0,0
1777921744362,26383,HTTP Request,200,OK,Config 3: Exp7 1-84,text,true,,231,158,400,400,http://localhost:8079/?token=518504778&user=-1355064518&config=3,26383,0,0
1777921744767,25979,HTTP Request,200,OK,Config 3: Exp7 1-17,text,true,,231,158,400,400,http://localhost:8079/?token=518504778&user=-1355064518&config=3,25979,0,0
1777921744362,26384,HTTP Request,200,OK,Config 3: Exp7 1-47,text,true,,231,158,400,400,http://localhost:8079/?token=518504778&user=-1355064518&config=3,26384,0,0
1777921744478,26268,HTTP Request,200,OK,Config 3: Exp7 1-529,text,true,,231,158,400,400,http://localhost:8079/?token=518504778&user=-1355064518&config=3,26268,0,1
1777921744362,26384,HTTP Request,200,OK,Config 3: Exp7 1-65,text,true,,231,158,400,400,http://localhost:8079/?token=518504778&user=-1355064518&config=3,26384,0,0
1777921744362,26384,HTTP Request,200,OK,Config 3: Exp7 1-59,text,true,,231,158,400,400,http://localhost:8079/?token=518504778&user=-1355064518&config=3,26384,0,0
1777921744362,26384,HTTP Request,200,OK,Config 3: Exp7 1-46,text,true,,231,158,400,400,http://localhost:8079/?token=518504778&user=-1355064518&config=3,26384,0,0
1777921744764,25982,HTTP Request,200,OK,Config 3: Exp7 1-170,text,true,,231,158,400,400,http://localhost:8079/?token=518504778&user=-1355064518&config=3,25982,0,0
1777921744763,25983,HTTP Request,200,OK,Config 3: Exp7 1-207,text,true,,231,158,400,400,http://localhost:8079/?token=518504778&user=-1355064518&config=3,25983,0,0
1777921744362,26384,HTTP Request,200,OK,Config 3: Exp7 1-194,text,true,,231,158,400,400,http://localhost:8079/?token=518504778&user=-1355064518&config=3,26384,0,0
1777921744362,26384,HTTP Request,200,OK,Config 3: Exp7 1-206,text,true,,231,158,400,400,http://localhost:8079/?token=518504778&user=-1355064518&config=3,26384,0,0
1777921744634,26112,HTTP Request,200,OK,Config 3: Exp7 1-530,text,true,,231,158,400,400,http://localhost:8079/?token=518504778&user=-1355064518&config=3,26112,0,0
1777921744763,25983,HTTP Request,200,OK,Config 3: Exp7 1-210,text,true,,231,158,400,400,http://localhost:8079/?token=518504778&user=-1355064518&config=3,25983,0,0
1777921744765,25981,HTTP Request,200,OK,Config 3: Exp7 1-168,text,true,,231,158,400,400,http://localhost:8079/?token=518504778&user=-1355064518&config=3,25981,0,0
1777921744764,25982,HTTP Request,200,OK,Config 3: Exp7 1-169,text,true,,231,158,400,400,http://localhost:8079/?token=518504778&user=-1355064518&config=3,25982,0,0
1777921744765,25981,HTTP Request,200,OK,Config 3: Exp7 1-213,text,true,,231,158,400,400,http://localhost:8079/?token=518504778&user=-1355064518&config=3,25981,0,0
1777921744764,25982,HTTP Request,200,OK,Config 3: Exp7 1-211,text,true,,231,158,400,400,http://localhost:8079/?token=518504778&user=-1355064518&config=3,25982,0,0
1777921744764,25982,HTTP Request,200,OK,Config 3: Exp7 1-214,text,true,,231,158,400,400,http://localhost:8079/?token=518504778&user=-1355064518&config=3,25982,0,0
1777921744765,25981,HTTP Request,200,OK,Config 3: Exp7 1-230,text,true,,231,158,400,400,http://localhost:8079/?token=518504778&user=-1355064518&config=3,25981,0,0
1777921744765,25981,HTTP Request,200,OK,Config 3: Exp7 1-229,text,true,,231,158,400,400,http://localhost:8079/?token=518504778&user=-1355064518&config=3,25981,0,0
1777921744362,26384,HTTP Request,200,OK,Config 3: Exp7 1-267,text,true,,231,158,400,400,http://localhost:8079/?token=518504778&user=-1355064518&config=3,26384,0,0
1777921744765,25981,HTTP Request,200,OK,Config 3: Exp7 1-268,text,true,,231,158,400,400,http://localhost:8079/?token=518504778&user=-1355064518&config=3,25981,0,0
1777921744765,25981,HTTP Request,200,OK,Config 3: Exp7 1-270,text,true,,231,158,400,400,http://localhost:8079/?token=518504778&user=-1355064518&config=3,25981,0,0
1777921744362,26384,HTTP Request,200,OK,Config 3: Exp7 1-335,text,true,,231,158,400,399,http://localhost:8079/?token=518504778&user=-1355064518&config=3,26384,0,0
1777921744362,26384,HTTP Request,200,OK,Config 3: Exp7 1-330,text,true,,231,158,400,399,http://localhost:8079/?token=518504778&user=-1355064518&config=3,26384,0,0
1777921744362,26384,HTTP Request,200,OK,Config 3: Exp7 1-332,text,true,,231,158,399,399,http://localhost:8079/?token=518504778&user=-1355064518&config=3,26384,0,0
1777921744362,26384,HTTP Request,200,OK,Config 3: Exp7 1-262,text,true,,231,158,397,397,http://localhost:8079/?token=518504778&user=-1355064518&config=3,26384,0,0
1777921744765,25981,HTTP Request,200,OK,Config 3: Exp7 1-215,text,true,,231,158,396,396,http://localhost:8079/?token=518504778&user=-1355064518&config=3,25981,0,0
1777921744764,25982,HTTP Request,200,OK,Config 3: Exp7 1-339,text,true,,231,158,396,396,http://localhost:8079/?token=518504778&user=-1355064518&config=3,25982,0,0
1777921744362,26384,HTTP Request,200,OK,Config 3: Exp7 1-336,text,true,,231,158,396,396,http://localhost:8079/?token=518504778&user=-1355064518&config=3,26384,0,0
1777921744764,25982,HTTP Request,200,OK,Config 3: Exp7 1-341,text,true,,231,158,396,396,http://localhost:8079/?token=518504778&user=-1355064518&config=3,25982,0,0
1777921744764,25982,HTTP Request,200,OK,Config 3: Exp7 1-338,text,true,,231,158,396,396,http://localhost:8079/?token=518504778&user=-1355064518&config=3,25982,0,0
1777921744765,25982,HTTP Request,200,OK,Config 3: Exp7 1-343,text,true,,231,158,395,395,http://localhost:8079/?token=518504778&user=-1355064518&config=3,25982,0,0
1777921744362,26385,HTTP Request,200,OK,Config 3: Exp7 1-329,text,true,,231,158,395,395,http://localhost:8079/?token=518504778&user=-1355064518&config=3,26385,0,0
1777921744765,25982,HTTP Request,200,OK,Config 3: Exp7 1-344,text,true,,231,158,395,395,http://localhost:8079/?token=518504778&user=-1355064518&config=3,25982,0,0
1777921744764,25983,HTTP Request,200,OK,Config 3: Exp7 1-340,text,true,,231,158,395,395,http://localhost:8079/?token=518504778&user=-1355064518&config=3,25983,0,0
1777921744764,25983,HTTP Request,200,OK,Config 3: Exp7 1-337,text,true,,231,158,395,395,http://localhost:8079/?token=518504778&user=-1355064518&config=3,25983,0,0
1777921744767,25980,HTTP Request,200,OK,Config 3: Exp7 1-342,text,true,,231,158,395,395,http://localhost:8079/?token=518504778&user=-1355064518&config=3,25980,0,0
1777921744362,26385,HTTP Request,200,OK,Config 3: Exp7 1-419,text,true,,231,158,392,392,http://localhost:8079/?token=518504778&user=-1355064518&config=3,26385,0,0
1777921744362,26385,HTTP Request,200,OK,Config 3: Exp7 1-423,text,true,,231,158,391,391,http://localhost:8079/?token=518504778&user=-1355064518&config=3,26385,0,0
1777921744362,26385,HTTP Request,200,OK,Config 3: Exp7 1-430,text,true,,231,158,391,391,http://localhost:8079/?token=518504778&user=-1355064518&config=3,26385,0,0
1777921744763,25984,HTTP Request,200,OK,Config 3: Exp7 1-432,text,true,,231,158,391,391,http://localhost:8079/?token=518504778&user=-1355064518&config=3,25984,0,0
1777921744763,25984,HTTP Request,200,OK,Config 3: Exp7 1-433,text,true,,231,158,391,391,http://localhost:8079/?token=518504778&user=-1355064518&config=3,25984,0,0
1777921744362,26385,HTTP Request,200,OK,Config 3: Exp7 1-424,text,true,,231,158,391,391,http://localhost:8079/?token=518504778&user=-1355064518&config=3,26385,0,0
1777921744362,26385,HTTP Request,200,OK,Config 3: Exp7 1-425,text,true,,231,158,391,391,http://localhost:8079/?token=518504778&user=-1355064518&config=3,26385,0,0
1777921744766,25981,HTTP Request,200,OK,Config 3: Exp7 1-11,text,true,,231,158,390,390,http://localhost:8079/?token=518504778&user=-1355064518&config=3,25981,0,0
1777921744362,26385,HTTP Request,200,OK,Config 3: Exp7 1-85,text,true,,231,158,390,390,http://localhost:8079/?token=518504778&user=-1355064518&config=3,26385,0,0
1777921744764,25983,HTTP Request,200,OK,Config 3: Exp7 1-435,text,true,,231,158,391,391,http://localhost:8079/?token=518504778&user=-1355064518&config=3,25983,0,0
1777921744763,25984,HTTP Request,200,OK,Config 3: Exp7 1-431,text,true,,231,158,391,391,http://localhost:8079/?token=518504778&user=-1355064518&config=3,25984,0,0
1777921744362,26385,HTTP Request,200,OK,Config 3: Exp7 1-71,text,true,,231,158,390,390,http://localhost:8079/?token=518504778&user=-1355064518&config=3,26385,0,1
1777921744362,26386,HTTP Request,200,OK,Config 3: Exp7 1-105,text,true,,231,158,390,390,http://localhost:8079/?token=518504778&user=-1355064518&config=3,26386,0,0
1777921744763,25997,HTTP Request,200,OK,Config 3: Exp7 1-94,text,true,,231,158,349,349,http://localhost:8079/?token=518504778&user=-1355064518&config=3,25997,0,1
1777921744763,25997,HTTP Request,200,OK,Config 3: Exp7 1-163,text,true,,231,158,349,349,http://localhost:8079/?token=518504778&user=-1355064518&config=3,25997,0,0
1777921744766,25994,HTTP Request,200,OK,Config 3: Exp7 1-167,text,true,,231,158,349,349,http://localhost:8079/?token=518504778&user=-1355064518&config=3,25994,0,0
1777921744766,25994,HTTP Request,200,OK,Config 3: Exp7 1-171,text,true,,231,158,349,349,http://localhost:8079/?token=518504778&user=-1355064518&config=3,25994,0,0
1777921744766,25994,HTTP Request,200,OK,Config 3: Exp7 1-269,text,true,,231,158,349,349,http://localhost:8079/?token=518504778&user=-1355064518&config=3,25994,0,0
1777921744763,25997,HTTP Request,200,OK,Config 3: Exp7 1-208,text,true,,231,158,349,349,http://localhost:8079/?token=518504778&user=-1355064518&config=3,25997,0,0
1777921744767,25994,HTTP Request,200,OK,Config 3: Exp7 1-276,text,true,,231,158,349,349,http://localhost:8079/?token=518504778&user=-1355064518&config=3,25994,0,0
1777921744763,25998,HTTP Request,200,OK,Config 3: Exp7 1-434,text,true,,231,158,349,349,http://localhost:8079/?token=518504778&user=-1355064518&config=3,25998,0,0
1777921744764,25997,HTTP Request,200,OK,Config 3: Exp7 1-36,text,true,,231,158,349,349,http://localhost:8079/?token=518504778&user=-1355064518&config=3,25997,0,0
1777921744765,25996,HTTP Request,200,OK,Config 3: Exp7 1-10,text,true,,231,158,349,349,http://localhost:8079/?token=518504778&user=-1355064518&config=3,25996,0,0
1777921744946,25816,HTTP Request,200,OK,Config 3: Exp7 1-532,text,true,,231,158,339,339,http://localhost:8079/?token=518504778&user=-1355064518&config=3,25816,0,1
1777921745103,25659,HTTP Request,200,OK,Config 3: Exp7 1-533,text,true,,231,158,339,339,http://localhost:8079/?token=518504778&user=-1355064518&config=3,25659,0,0
1777921744763,25999,HTTP Request,200,OK,Config 3: Exp7 1-112,text,true,,231,158,339,339,http://localhost:8079/?token=518504778&user=-1355064518&config=3,25999,0,0
1777921744763,25999,HTTP Request,200,OK,Config 3: Exp7 1-125,text,true,,231,158,339,339,http://localhost:8079/?token=518504778&user=-1355064518&config=3,25999,0,0
1777921744763,25999,HTTP Request,200,OK,Config 3: Exp7 1-88,text,true,,231,158,339,339,http://localhost:8079/?token=518504778&user=-1355064518&config=3,25999,0,1
1777921745258,25504,HTTP Request,200,OK,Config 3: Exp7 1-534,text,true,,231,158,339,339,http://localhost:8079/?token=518504778&user=-1355064518&config=3,25504,0,1
1777921744763,25999,HTTP Request,200,OK,Config 3: Exp7 1-55,text,true,,231,158,339,339,http://localhost:8079/?token=518504778&user=-1355064518&config=3,25999,0,1
1777921744763,25999,HTTP Request,200,OK,Config 3: Exp7 1-108,text,true,,231,158,339,339,http://localhost:8079/?token=518504778&user=-1355064518&config=3,25999,0,1
1777921745413,25349,HTTP Request,200,OK,Config 3: Exp7 1-535,text,true,,231,158,339,339,http://localhost:8079/?token=518504778&user=-1355064518&config=3,25349,0,1
1777921745569,25193,HTTP Request,200,OK,Config 3: Exp7 1-536,text,true,,231,158,339,339,http://localhost:8079/?token=518504778&user=-1355064518&config=3,25193,0,0
1777921745881,24881,HTTP Request,200,OK,Config 3: Exp7 1-538,text,true,,231,158,339,339,http://localhost:8079/?token=518504778&user=-1355064518&config=3,24881,0,0
1777921746192,24569,HTTP Request,200,OK,Config 3: Exp7 1-540,text,true,,231,158,339,339,http://localhost:8079/?token=518504778&user=-1355064518&config=3,24569,0,1
1777921745726,25036,HTTP Request,200,OK,Config 3: Exp7 1-537,text,true,,231,158,339,339,http://localhost:8079/?token=518504778&user=-1355064518&config=3,25036,0,0
1777921746037,24724,HTTP Request,200,OK,Config 3: Exp7 1-539,text,true,,231,158,339,339,http://localhost:8079/?token=518504778&user=-1355064518&config=3,24724,0,0
1777921746504,24258,HTTP Request,200,OK,Config 3: Exp7 1-542,text,true,,231,158,338,338,http://localhost:8079/?token=518504778&user=-1355064518&config=3,24258,0,1
1777921746348,24414,HTTP Request,200,OK,Config 3: Exp7 1-541,text,true,,231,158,338,338,http://localhost:8079/?token=518504778&user=-1355064518&config=3,24414,0,1
1777921744767,25996,HTTP Request,200,OK,Config 3: Exp7 1-216,text,true,,231,158,338,338,http://localhost:8079/?token=518504778&user=-1355064518&config=3,25996,0,0
1777921744767,25996,HTTP Request,200,OK,Config 3: Exp7 1-218,text,true,,231,158,338,338,http://localhost:8079/?token=518504778&user=-1355064518&config=3,25996,0,0
1777921744764,25999,HTTP Request,200,OK,Config 3: Exp7 1-107,text,true,,231,158,334,334,http://localhost:8079/?token=518504778&user=-1355064518&config=3,25999,0,1
1777921744764,25999,HTTP Request,200,OK,Config 3: Exp7 1-93,text,true,,231,158,335,335,http://localhost:8079/?token=518504778&user=-1355064518&config=3,25999,0,0
1777921744764,25999,HTTP Request,200,OK,Config 3: Exp7 1-127,text,true,,231,158,333,333,http://localhost:8079/?token=518504778&user=-1355064518&config=3,25999,0,0
1777921744767,25996,HTTP Request,200,OK,Config 3: Exp7 1-56,text,true,,231,158,333,333,http://localhost:8079/?token=518504778&user=-1355064518&config=3,25996,0,0
1777921746660,24102,HTTP Request,200,OK,Config 3: Exp7 1-543,text,true,,231,158,333,333,http://localhost:8079/?token=518504778&user=-1355064518&config=3,24102,0,1
1777921746817,23945,HTTP Request,200,OK,Config 3: Exp7 1-544,text,true,,231,158,333,333,http://localhost:8079/?token=518504778&user=-1355064518&config=3,23945,0,0
1777921744790,25973,HTTP Request,200,OK,Config 3: Exp7 1-531,text,true,,231,158,333,333,http://localhost:8079/?token=518504778&user=-1355064518&config=3,25973,0,1
1777921746973,23789,HTTP Request,200,OK,Config 3: Exp7 1-545,text,true,,231,158,333,333,http://localhost:8079/?token=518504778&user=-1355064518&config=3,23789,0,0
1777921747134,23628,HTTP Request,200,OK,Config 3: Exp7 1-546,text,true,,231,158,333,333,http://localhost:8079/?token=518504778&user=-1355064518&config=3,23628,0,0
1777921744767,25996,HTTP Request,200,OK,Config 3: Exp7 1-126,text,true,,231,158,333,333,http://localhost:8079/?token=518504778&user=-1355064518&config=3,25996,0,0
1777921747284,23479,HTTP Request,200,OK,Config 3: Exp7 1-547,text,true,,231,158,332,332,http://localhost:8079/?token=518504778&user=-1355064518&config=3,23479,0,1
1777921747441,23322,HTTP Request,200,OK,Config 3: Exp7 1-548,text,true,,231,158,332,332,http://localhost:8079/?token=518504778&user=-1355064518&config=3,23322,0,0
1777921747596,23167,HTTP Request,200,OK,Config 3: Exp7 1-549,text,true,,231,158,331,331,http://localhost:8079/?token=518504778&user=-1355064518&config=3,23167,0,1
1777921747752,23011,HTTP Request,200,OK,Config 3: Exp7 1-550,text,true,,231,158,330,330,http://localhost:8079/?token=518504778&user=-1355064518&config=3,23011,0,1
1777921747908,22855,HTTP Request,200,OK,Config 3: Exp7 1-551,text,true,,231,158,330,330,http://localhost:8079/?token=518504778&user=-1355064518&config=3,22855,0,1
1777921748064,22699,HTTP Request,200,OK,Config 3: Exp7 1-552,text,true,,231,158,330,330,http://localhost:8079/?token=518504778&user=-1355064518&config=3,22699,0,1
1777921748220,22543,HTTP Request,200,OK,Config 3: Exp7 1-553,text,true,,231,158,330,330,http://localhost:8079/?token=518504778&user=-1355064518&config=3,22543,0,0
1777921748376,22387,HTTP Request,200,OK,Config 3: Exp7 1-554,text,true,,231,158,330,330,http://localhost:8079/?token=518504778&user=-1355064518&config=3,22387,0,1
1777921748533,22230,HTTP Request,200,OK,Config 3: Exp7 1-555,text,true,,231,158,328,328,http://localhost:8079/?token=518504778&user=-1355064518&config=3,22230,0,1
1777921748689,22074,HTTP Request,200,OK,Config 3: Exp7 1-556,text,true,,231,158,328,328,http://localhost:8079/?token=518504778&user=-1355064518&config=3,22074,0,1
1777921748846,21917,HTTP Request,200,OK,Config 3: Exp7 1-557,text,true,,231,158,327,327,http://localhost:8079/?token=518504778&user=-1355064518&config=3,21917,0,0
1777921749000,21763,HTTP Request,200,OK,Config 3: Exp7 1-558,text,true,,231,158,327,327,http://localhost:8079/?token=518504778&user=-1355064518&config=3,21763,0,1
1777921749157,21606,HTTP Request,200,OK,Config 3: Exp7 1-559,text,true,,231,158,327,327,http://localhost:8079/?token=518504778&user=-1355064518&config=3,21606,0,0
1777921749312,21451,HTTP Request,200,OK,Config 3: Exp7 1-560,text,true,,231,158,326,326,http://localhost:8079/?token=518504778&user=-1355064518&config=3,21451,0,1
1777921749469,21294,HTTP Request,200,OK,Config 3: Exp7 1-561,text,true,,231,158,326,326,http://localhost:8079/?token=518504778&user=-1355064518&config=3,21294,0,0
1777921749624,21139,HTTP Request,200,OK,Config 3: Exp7 1-562,text,true,,231,158,325,325,http://localhost:8079/?token=518504778&user=-1355064518&config=3,21139,0,1
1777921749936,20827,HTTP Request,200,OK,Config 3: Exp7 1-564,text,true,,231,158,323,323,http://localhost:8079/?token=518504778&user=-1355064518&config=3,20827,0,1
1777921749781,20982,HTTP Request,200,OK,Config 3: Exp7 1-563,text,true,,231,158,323,323,http://localhost:8079/?token=518504778&user=-1355064518&config=3,20982,0,1
1777921750092,20671,HTTP Request,200,OK,Config 3: Exp7 1-565,text,true,,231,158,318,318,http://localhost:8079/?token=518504778&user=-1355064518&config=3,20671,0,0
1777921750249,20515,HTTP Request,200,OK,Config 3: Exp7 1-566,text,true,,231,158,318,318,http://localhost:8079/?token=518504778&user=-1355064518&config=3,20515,0,0
1777921750404,20360,HTTP Request,200,OK,Config 3: Exp7 1-567,text,true,,231,158,318,318,http://localhost:8079/?token=518504778&user=-1355064518&config=3,20360,0,0
1777921750872,19892,HTTP Request,200,OK,Config 3: Exp7 1-570,text,true,,231,158,318,318,http://localhost:8079/?token=518504778&user=-1355064518&config=3,19892,0,1
1777921750562,20202,HTTP Request,200,OK,Config 3: Exp7 1-568,text,true,,231,158,318,318,http://localhost:8079/?token=518504778&user=-1355064518&config=3,20202,0,0
1777921751029,19736,HTTP Request,200,OK,Config 3: Exp7 1-571,text,true,,231,158,317,317,http://localhost:8079/?token=518504778&user=-1355064518&config=3,19736,0,1
1777921751185,19580,HTTP Request,200,OK,Config 3: Exp7 1-572,text,true,,231,158,316,316,http://localhost:8079/?token=518504778&user=-1355064518&config=3,19580,0,0
1777921750717,20047,HTTP Request,200,OK,Config 3: Exp7 1-569,text,true,,231,158,308,308,http://localhost:8079/?token=518504778&user=-1355064518&config=3,20047,0,0
1777921751407,19542,HTTP Request,200,OK,Config 3: Exp7 1-437,text,true,,231,158,285,285,http://localhost:8079/?token=518504778&user=-1355064518&config=3,19542,0,0
1777921751408,19541,HTTP Request,200,OK,Config 3: Exp7 1-440,text,true,,231,158,285,285,http://localhost:8079/?token=518504778&user=-1355064518&config=3,19541,0,0
1777921751408,19541,HTTP Request,200,OK,Config 3: Exp7 1-439,text,true,,231,158,285,285,http://localhost:8079/?token=518504778&user=-1355064518&config=3,19541,0,0
1777921751342,19607,HTTP Request,200,OK,Config 3: Exp7 1-573,text,true,,231,158,285,285,http://localhost:8079/?token=518504778&user=-1355064518&config=3,19607,0,0
1777921751717,19239,HTTP Request,200,OK,Config 3: Exp7 1-288,text,true,,231,158,282,282,http://localhost:8079/?token=518504778&user=-1355064518&config=3,19239,0,0
1777921751717,19239,HTTP Request,200,OK,Config 3: Exp7 1-364,text,true,,231,158,282,282,http://localhost:8079/?token=518504778&user=-1355064518&config=3,19239,0,0
1777921751830,19126,HTTP Request,200,OK,Config 3: Exp7 1-291,text,true,,231,158,282,282,http://localhost:8079/?token=518504778&user=-1355064518&config=3,19126,0,0
1777921751715,19241,HTTP Request,200,OK,Config 3: Exp7 1-222,text,true,,231,158,282,282,http://localhost:8079/?token=518504778&user=-1355064518&config=3,19241,0,0
1777921751717,19239,HTTP Request,200,OK,Config 3: Exp7 1-285,text,true,,231,158,282,282,http://localhost:8079/?token=518504778&user=-1355064518&config=3,19239,0,0
1777921751717,19239,HTTP Request,200,OK,Config 3: Exp7 1-132,text,true,,231,158,282,282,http://localhost:8079/?token=518504778&user=-1355064518&config=3,19239,0,0
1777921751830,19126,HTTP Request,200,OK,Config 3: Exp7 1-290,text,true,,231,158,282,282,http://localhost:8079/?token=518504778&user=-1355064518&config=3,19126,0,0
1777921751408,19548,HTTP Request,200,OK,Config 3: Exp7 1-441,text,true,,231,158,282,282,http://localhost:8079/?token=518504778&user=-1355064518&config=3,19548,0,0
1777921751464,19492,HTTP Request,200,OK,Config 3: Exp7 1-452,text,true,,231,158,282,282,http://localhost:8079/?token=518504778&user=-1355064518&config=3,19492,0,0
1777921751716,19240,HTTP Request,200,OK,Config 3: Exp7 1-289,text,true,,231,158,282,282,http://localhost:8079/?token=518504778&user=-1355064518&config=3,19240,0,0
1777921751408,19548,HTTP Request,200,OK,Config 3: Exp7 1-443,text,true,,231,158,282,282,http://localhost:8079/?token=518504778&user=-1355064518&config=3,19548,0,0
1777921751830,19126,HTTP Request,200,OK,Config 3: Exp7 1-286,text,true,,231,158,282,282,http://localhost:8079/?token=518504778&user=-1355064518&config=3,19126,0,0
1777921751464,19492,HTTP Request,200,OK,Config 3: Exp7 1-31,text,true,,231,158,282,282,http://localhost:8079/?token=518504778&user=-1355064518&config=3,19492,0,0
1777921751717,19239,HTTP Request,200,OK,Config 3: Exp7 1-282,text,true,,231,158,282,282,http://localhost:8079/?token=518504778&user=-1355064518&config=3,19239,0,0
1777921751717,19239,HTTP Request,200,OK,Config 3: Exp7 1-287,text,true,,231,158,282,282,http://localhost:8079/?token=518504778&user=-1355064518&config=3,19239,0,0
1777921751464,19492,HTTP Request,200,OK,Config 3: Exp7 1-451,text,true,,231,158,282,282,http://localhost:8079/?token=518504778&user=-1355064518&config=3,19492,0,0
1777921751464,19492,HTTP Request,200,OK,Config 3: Exp7 1-453,text,true,,231,158,282,282,http://localhost:8079/?token=518504778&user=-1355064518&config=3,19492,0,0
1777921751716,19240,HTTP Request,200,OK,Config 3: Exp7 1-303,text,true,,231,158,282,282,http://localhost:8079/?token=518504778&user=-1355064518&config=3,19240,0,0
1777921751464,19493,HTTP Request,200,OK,Config 3: Exp7 1-448,text,true,,231,158,282,282,http://localhost:8079/?token=518504778&user=-1355064518&config=3,19493,0,0
1777921751718,19239,HTTP Request,200,OK,Config 3: Exp7 1-306,text,true,,231,158,282,282,http://localhost:8079/?token=518504778&user=-1355064518&config=3,19239,0,0
1777921751718,19239,HTTP Request,200,OK,Config 3: Exp7 1-307,text,true,,231,158,282,282,http://localhost:8079/?token=518504778&user=-1355064518&config=3,19239,0,0
1777921751464,19493,HTTP Request,200,OK,Config 3: Exp7 1-449,text,true,,231,158,282,282,http://localhost:8079/?token=518504778&user=-1355064518&config=3,19493,0,0
1777921751715,19242,HTTP Request,200,OK,Config 3: Exp7 1-114,text,true,,231,158,282,282,http://localhost:8079/?token=518504778&user=-1355064518&config=3,19242,0,1
1777921751409,19548,HTTP Request,200,OK,Config 3: Exp7 1-445,text,true,,231,158,282,282,http://localhost:8079/?token=518504778&user=-1355064518&config=3,19548,0,0
1777921751464,19493,HTTP Request,200,OK,Config 3: Exp7 1-450,text,true,,231,158,282,282,http://localhost:8079/?token=518504778&user=-1355064518&config=3,19493,0,0
1777921751715,19242,HTTP Request,200,OK,Config 3: Exp7 1-77,text,true,,231,158,282,282,http://localhost:8079/?token=518504778&user=-1355064518&config=3,19242,0,1
1777921751719,19238,HTTP Request,200,OK,Config 3: Exp7 1-69,text,true,,231,158,282,282,http://localhost:8079/?token=518504778&user=-1355064518&config=3,19238,0,0
1777921751718,19239,HTTP Request,200,OK,Config 3: Exp7 1-19,text,true,,231,158,282,282,http://localhost:8079/?token=518504778&user=-1355064518&config=3,19239,0,0
1777921751717,19240,HTTP Request,200,OK,Config 3: Exp7 1-76,text,true,,231,158,282,282,http://localhost:8079/?token=518504778&user=-1355064518&config=3,19240,0,0
1777921751719,19238,HTTP Request,200,OK,Config 3: Exp7 1-38,text,true,,231,158,282,282,http://localhost:8079/?token=518504778&user=-1355064518&config=3,19238,0,0
1777921751718,19239,HTTP Request,200,OK,Config 3: Exp7 1-15,text,true,,231,158,282,282,http://localhost:8079/?token=518504778&user=-1355064518&config=3,19239,0,0
1777921751719,19238,HTTP Request,200,OK,Config 3: Exp7 1-18,text,true,,231,158,282,282,http://localhost:8079/?token=518504778&user=-1355064518&config=3,19238,0,0
1777921751717,19240,HTTP Request,200,OK,Config 3: Exp7 1-165,text,true,,231,158,282,282,http://localhost:8079/?token=518504778&user=-1355064518&config=3,19240,0,0
1777921751719,19238,HTTP Request,200,OK,Config 3: Exp7 1-34,text,true,,231,158,282,282,http://localhost:8079/?token=518504778&user=-1355064518&config=3,19238,0,0
1777921751719,19238,HTTP Request,200,OK,Config 3: Exp7 1-182,text,true,,231,158,282,282,http://localhost:8079/?token=518504778&user=-1355064518&config=3,19238,0,0
1777921751719,19238,HTTP Request,200,OK,Config 3: Exp7 1-39,text,true,,231,158,282,282,http://localhost:8079/?token=518504778&user=-1355064518&config=3,19238,0,0
1777921751719,19238,HTTP Request,200,OK,Config 3: Exp7 1-37,text,true,,231,158,282,282,http://localhost:8079/?token=518504778&user=-1355064518&config=3,19238,0,0
1777921751718,19239,HTTP Request,200,OK,Config 3: Exp7 1-41,text,true,,231,158,282,282,http://localhost:8079/?token=518504778&user=-1355064518&config=3,19239,0,0
1777921751719,19238,HTTP Request,200,OK,Config 3: Exp7 1-454,text,true,,231,158,282,282,http://localhost:8079/?token=518504778&user=-1355064518&config=3,19238,0,0
1777921751464,19493,HTTP Request,200,OK,Config 3: Exp7 1-113,text,true,,231,158,282,282,http://localhost:8079/?token=518504778&user=-1355064518&config=3,19493,0,0
1777921751717,19239,HTTP Request,200,OK,Config 3: Exp7 1-284,text,true,,231,158,282,282,http://localhost:8079/?token=518504778&user=-1355064518&config=3,19239,0,0
1777921751654,19303,HTTP Request,200,OK,Config 3: Exp7 1-575,text,true,,231,158,282,282,http://localhost:8079/?token=518504778&user=-1355064518&config=3,19303,0,1
1777921751828,19129,HTTP Request,200,OK,Config 3: Exp7 1-60,text,true,,231,158,281,281,http://localhost:8079/?token=518504778&user=-1355064518&config=3,19129,0,0
1777921751715,19242,HTTP Request,200,OK,Config 3: Exp7 1-135,text,true,,231,158,281,281,http://localhost:8079/?token=518504778&user=-1355064518&config=3,19242,0,0
1777921751715,19242,HTTP Request,200,OK,Config 3: Exp7 1-181,text,true,,231,158,280,280,http://localhost:8079/?token=518504778&user=-1355064518&config=3,19242,0,1
1777921751464,19492,HTTP Request,200,OK,Config 3: Exp7 1-212,text,true,,231,158,282,282,http://localhost:8079/?token=518504778&user=-1355064518&config=3,19492,0,0
1777921751497,19460,HTTP Request,200,OK,Config 3: Exp7 1-574,text,true,,231,158,280,280,http://localhost:8079/?token=518504778&user=-1355064518&config=3,19460,0,0
1777921751464,19492,HTTP Request,200,OK,Config 3: Exp7 1-362,text,true,,231,158,282,282,http://localhost:8079/?token=518504778&user=-1355064518&config=3,19492,0,0
1777921751718,19238,HTTP Request,200,OK,Config 3: Exp7 1-281,text,true,,231,158,282,282,http://localhost:8079/?token=518504778&user=-1355064518&config=3,19238,0,0
1777921751717,19240,HTTP Request,200,OK,Config 3: Exp7 1-115,text,true,,231,158,280,280,http://localhost:8079/?token=518504778&user=-1355064518&config=3,19240,0,0
1777921751716,19240,HTTP Request,200,OK,Config 3: Exp7 1-283,text,true,,231,158,282,282,http://localhost:8079/?token=518504778&user=-1355064518&config=3,19240,0,0
1777921751464,19493,HTTP Request,200,OK,Config 3: Exp7 1-447,text,true,,231,158,279,279,http://localhost:8079/?token=518504778&user=-1355064518&config=3,19493,0,0
1777921751718,19238,HTTP Request,200,OK,Config 3: Exp7 1-280,text,true,,231,158,282,282,http://localhost:8079/?token=518504778&user=-1355064518&config=3,19238,0,0
1777921751407,19550,HTTP Request,200,OK,Config 3: Exp7 1-438,text,true,,231,158,279,279,http://localhost:8079/?token=518504778&user=-1355064518&config=3,19550,0,0
1777921751715,19242,HTTP Request,200,OK,Config 3: Exp7 1-75,text,true,,231,158,282,282,http://localhost:8079/?token=518504778&user=-1355064518&config=3,19242,0,0
1777921751717,19240,HTTP Request,200,OK,Config 3: Exp7 1-129,text,true,,231,158,277,277,http://localhost:8079/?token=518504778&user=-1355064518&config=3,19240,0,0
1777921751409,19548,HTTP Request,200,OK,Config 3: Exp7 1-442,text,true,,231,158,282,282,http://localhost:8079/?token=518504778&user=-1355064518&config=3,19548,0,0
1777921751720,19237,HTTP Request,200,OK,Config 3: Exp7 1-50,text,true,,231,158,282,282,http://localhost:8079/?token=518504778&user=-1355064518&config=3,19237,0,0
1777921751717,19240,HTTP Request,200,OK,Config 3: Exp7 1-180,text,true,,231,158,275,275,http://localhost:8079/?token=518504778&user=-1355064518&config=3,19240,0,0
1777921751717,19240,HTTP Request,200,OK,Config 3: Exp7 1-177,text,true,,231,158,274,274,http://localhost:8079/?token=518504778&user=-1355064518&config=3,19240,0,0
1777921751828,19129,HTTP Request,200,OK,Config 3: Exp7 1-456,text,true,,231,158,273,273,http://localhost:8079/?token=518504778&user=-1355064518&config=3,19129,0,0
1777921751810,19147,HTTP Request,200,OK,Config 3: Exp7 1-576,text,true,,231,158,273,273,http://localhost:8079/?token=518504778&user=-1355064518&config=3,19147,0,0
1777921751718,19239,HTTP Request,200,OK,Config 3: Exp7 1-220,text,true,,231,158,271,271,http://localhost:8079/?token=518504778&user=-1355064518&config=3,19239,0,0
1777921751718,19239,HTTP Request,200,OK,Config 3: Exp7 1-365,text,true,,231,158,282,282,http://localhost:8079/?token=518504778&user=-1355064518&config=3,19239,0,0
1777921751828,19129,HTTP Request,200,OK,Config 3: Exp7 1-455,text,true,,231,158,280,280,http://localhost:8079/?token=518504778&user=-1355064518&config=3,19129,0,0
1777921751715,19243,HTTP Request,200,OK,Config 3: Exp7 1-221,text,true,,231,158,271,271,http://localhost:8079/?token=518504778&user=-1355064518&config=3,19243,0,0
1777921751718,19239,HTTP Request,200,OK,Config 3: Exp7 1-305,text,true,,231,158,282,282,http://localhost:8079/?token=518504778&user=-1355064518&config=3,19239,0,0
1777921751408,19549,HTTP Request,200,OK,Config 3: Exp7 1-446,text,true,,231,158,282,282,http://localhost:8079/?token=518504778&user=-1355064518&config=3,19549,0,0
1777921751716,19240,HTTP Request,200,OK,Config 3: Exp7 1-363,text,true,,231,158,282,282,http://localhost:8079/?token=518504778&user=-1355064518&config=3,19240,0,0
1777921751718,19238,HTTP Request,200,OK,Config 3: Exp7 1-304,text,true,,231,158,282,282,http://localhost:8079/?token=518504778&user=-1355064518&config=3,19238,0,0
1777921751718,19238,HTTP Request,200,OK,Config 3: Exp7 1-308,text,true,,231,158,282,282,http://localhost:8079/?token=518504778&user=-1355064518&config=3,19238,0,0
1777921751408,19548,HTTP Request,200,OK,Config 3: Exp7 1-444,text,true,,231,158,282,282,http://localhost:8079/?token=518504778&user=-1355064518&config=3,19548,0,0
1777921751407,19551,HTTP Request,200,OK,Config 3: Exp7 1-436,text,true,,231,158,271,271,http://localhost:8079/?token=518504778&user=-1355064518&config=3,19550,0,0
1777921751717,19241,HTTP Request,200,OK,Config 3: Exp7 1-366,text,true,,231,158,271,271,http://localhost:8079/?token=518504778&user=-1355064518&config=3,19241,0,0
1777921751830,19733,HTTP Request,200,OK,Config 3: Exp7 1-147,text,true,,231,158,207,207,http://localhost:8079/?token=518504778&user=-1355064518&config=3,19733,0,0
1777921751830,19733,HTTP Request,200,OK,Config 3: Exp7 1-183,text,true,,231,158,207,207,http://localhost:8079/?token=518504778&user=-1355064518&config=3,19733,0,0
1777921751830,19733,HTTP Request,200,OK,Config 3: Exp7 1-146,text,true,,231,158,207,207,http://localhost:8079/?token=518504778&user=-1355064518&config=3,19733,0,0
1777921751966,19598,HTTP Request,200,OK,Config 3: Exp7 1-577,text,true,,231,158,207,207,http://localhost:8079/?token=518504778&user=-1355064518&config=3,19598,0,1
1777921751828,19736,HTTP Request,200,OK,Config 3: Exp7 1-92,text,true,,231,158,207,207,http://localhost:8079/?token=518504778&user=-1355064518&config=3,19736,0,1
1777921752121,19443,HTTP Request,200,OK,Config 3: Exp7 1-578,text,true,,231,158,207,207,http://localhost:8079/?token=518504778&user=-1355064518&config=3,19443,0,1
1777921751828,19736,HTTP Request,200,OK,Config 3: Exp7 1-118,text,true,,231,158,207,207,http://localhost:8079/?token=518504778&user=-1355064518&config=3,19736,0,1
1777921751828,19735,HTTP Request,200,OK,Config 3: Exp7 1-95,text,true,,231,158,207,207,http://localhost:8079/?token=518504778&user=-1355064518&config=3,19735,0,1
1777921752434,19130,HTTP Request,200,OK,Config 3: Exp7 1-580,text,true,,231,158,207,207,http://localhost:8079/?token=518504778&user=-1355064518&config=3,19130,0,1
1777921751828,19736,HTTP Request,200,OK,Config 3: Exp7 1-73,text,true,,231,158,207,207,http://localhost:8079/?token=518504778&user=-1355064518&config=3,19736,0,0
1777921752590,18974,HTTP Request,200,OK,Config 3: Exp7 1-581,text,true,,231,158,207,207,http://localhost:8079/?token=518504778&user=-1355064518&config=3,18974,0,1
1777921751828,19736,HTTP Request,200,OK,Config 3: Exp7 1-96,text,true,,231,158,207,207,http://localhost:8079/?token=518504778&user=-1355064518&config=3,19736,0,1
1777921752277,19287,HTTP Request,200,OK,Config 3: Exp7 1-579,text,true,,231,158,207,207,http://localhost:8079/?token=518504778&user=-1355064518&config=3,19287,0,1
1777921751828,19736,HTTP Request,200,OK,Config 3: Exp7 1-72,text,true,,231,158,207,207,http://localhost:8079/?token=518504778&user=-1355064518&config=3,19736,0,1
1777921751830,19734,HTTP Request,200,OK,Config 3: Exp7 1-144,text,true,,231,158,207,207,http://localhost:8079/?token=518504778&user=-1355064518&config=3,19734,0,0
1777921751830,19734,HTTP Request,200,OK,Config 3: Exp7 1-178,text,true,,231,158,207,207,http://localhost:8079/?token=518504778&user=-1355064518&config=3,19734,0,0
1777921751830,19734,HTTP Request,200,OK,Config 3: Exp7 1-179,text,true,,231,158,207,207,http://localhost:8079/?token=518504778&user=-1355064518&config=3,19734,0,0
1777921753994,23713,HTTP Request,200,OK,Config 3: Exp7 1-590,text,true,,231,158,190,190,http://localhost:8079/?token=518504778&user=-1355064518&config=3,23713,0,1
1777921752745,24962,HTTP Request,200,OK,Config 3: Exp7 1-582,text,true,,231,158,190,190,http://localhost:8079/?token=518504778&user=-1355064518&config=3,24962,0,1
1777921752902,24805,HTTP Request,200,OK,Config 3: Exp7 1-583,text,true,,231,158,190,190,http://localhost:8079/?token=518504778&user=-1355064518&config=3,24805,0,1
1777921753057,24650,HTTP Request,200,OK,Config 3: Exp7 1-584,text,true,,231,158,190,190,http://localhost:8079/?token=518504778&user=-1355064518&config=3,24650,0,0
1777921754424,23284,HTTP Request,200,OK,Config 3: Exp7 1-3,text,true,,231,158,190,190,http://localhost:8079/?token=518504778&user=-1355064518&config=3,23284,0,0
1777921753214,24494,HTTP Request,200,OK,Config 3: Exp7 1-585,text,true,,231,158,189,189,http://localhost:8079/?token=518504778&user=-1355064518&config=3,24494,0,0
1777921754424,23284,HTTP Request,200,OK,Config 3: Exp7 1-67,text,true,,231,158,189,189,http://localhost:8079/?token=518504778&user=-1355064518&config=3,23284,0,0
1777921753370,24338,HTTP Request,200,OK,Config 3: Exp7 1-586,text,true,,231,158,189,189,http://localhost:8079/?token=518504778&user=-1355064518&config=3,24338,0,1
1777921753525,24183,HTTP Request,200,OK,Config 3: Exp7 1-587,text,true,,231,158,189,189,http://localhost:8079/?token=518504778&user=-1355064518&config=3,24183,0,0
1777921753681,24027,HTTP Request,200,OK,Config 3: Exp7 1-588,text,true,,231,158,189,189,http://localhost:8079/?token=518504778&user=-1355064518&config=3,24027,0,0
1777921756208,21500,HTTP Request,200,OK,Config 3: Exp7 1-292,text,true,,231,158,189,189,http://localhost:8079/?token=518504778&user=-1355064518&config=3,21500,0,0
1777921756208,21500,HTTP Request,200,OK,Config 3: Exp7 1-293,text,true,,231,158,188,188,http://localhost:8079/?token=518504778&user=-1355064518&config=3,21500,0,0
1777921754425,23283,HTTP Request,200,OK,Config 3: Exp7 1-390,text,true,,231,158,187,187,http://localhost:8079/?token=518504778&user=-1355064518&config=3,23283,0,0
1777921754425,23283,HTTP Request,200,OK,Config 3: Exp7 1-124,text,true,,231,158,187,187,http://localhost:8079/?token=518504778&user=-1355064518&config=3,23283,0,0
1777921760281,17427,HTTP Request,500,Internal Server Error,Config 3: Exp7 1-252,text,false,"Test failed: code expected to equal /

****** received  : [[[5]]]00

****** comparison: [[[2]]]00

/",233,158,187,187,http://localhost:8079/?token=518504778&user=-1355064518&config=3,17427,0,0
1777921760281,17427,HTTP Request,500,Internal Server Error,Config 3: Exp7 1-302,text,false,"Test failed: code expected to equal /

****** received  : [[[5]]]00

****** comparison: [[[2]]]00

/",233,158,187,187,http://localhost:8079/?token=518504778&user=-1355064518&config=3,17427,0,0
1777921760272,17436,HTTP Request,500,Internal Server Error,Config 3: Exp7 1-367,text,false,"Test failed: code expected to equal /

****** received  : [[[5]]]00

****** comparison: [[[2]]]00

/",233,158,187,187,http://localhost:8079/?token=518504778&user=-1355064518&config=3,17436,0,0
1777921760278,17430,HTTP Request,500,Internal Server Error,Config 3: Exp7 1-300,text,false,"Test failed: code expected to equal /

****** received  : [[[5]]]00

****** comparison: [[[2]]]00

/",233,158,187,187,http://localhost:8079/?token=518504778&user=-1355064518&config=3,17430,0,0
1777921760272,17436,HTTP Request,500,Internal Server Error,Config 3: Exp7 1-78,text,false,"Test failed: code expected to equal /

****** received  : [[[5]]]00

****** comparison: [[[2]]]00

/",233,158,185,185,http://localhost:8079/?token=518504778&user=-1355064518&config=3,17436,0,0
1777921760281,17427,HTTP Request,500,Internal Server Error,Config 3: Exp7 1-44,text,false,"Test failed: code expected to equal /

****** received  : [[[5]]]00

****** comparison: [[[2]]]00

/",233,158,185,185,http://localhost:8079/?token=518504778&user=-1355064518&config=3,17427,0,0
1777921760274,17434,HTTP Request,500,Internal Server Error,Config 3: Exp7 1-379,text,false,"Test failed: code expected to equal /

****** received  : [[[5]]]00

****** comparison: [[[2]]]00

/",233,158,185,185,http://localhost:8079/?token=518504778&user=-1355064518&config=3,17434,0,0
1777921760272,17436,HTTP Request,500,Internal Server Error,Config 3: Exp7 1-311,text,false,"Test failed: code expected to equal /

****** received  : [[[5]]]00

****** comparison: [[[2]]]00

/",233,158,185,185,http://localhost:8079/?token=518504778&user=-1355064518&config=3,17436,0,0
1777921760281,17427,HTTP Request,500,Internal Server Error,Config 3: Exp7 1-83,text,false,"Test failed: code expected to equal /

****** received  : [[[5]]]00

****** comparison: [[[2]]]00

/",233,158,185,185,http://localhost:8079/?token=518504778&user=-1355064518&config=3,17427,0,0
1777921760281,17427,HTTP Request,500,Internal Server Error,Config 3: Exp7 1-102,text,false,"Test failed: code expected to equal /

****** received  : [[[5]]]00

****** comparison: [[[2]]]00

/",233,158,185,185,http://localhost:8079/?token=518504778&user=-1355064518&config=3,17427,0,0
1777921753838,23870,HTTP Request,200,OK,Config 3: Exp7 1-589,text,true,,231,158,184,184,http://localhost:8079/?token=518504778&user=-1355064518&config=3,23870,0,0
1777921760281,17427,HTTP Request,500,Internal Server Error,Config 3: Exp7 1-7,text,false,"Test failed: code expected to equal /

****** received  : [[[5]]]00

****** comparison: [[[2]]]00

/",233,158,184,184,http://localhost:8079/?token=518504778&user=-1355064518&config=3,17427,0,0
1777921756178,21530,HTTP Request,200,OK,Config 3: Exp7 1-604,text,true,,231,158,184,184,http://localhost:8079/?token=518504778&user=-1355064518&config=3,21530,0,0
1777921760281,17427,HTTP Request,500,Internal Server Error,Config 3: Exp7 1-45,text,false,"Test failed: code expected to equal /

****** received  : [[[5]]]00

****** comparison: [[[2]]]00

/",233,158,184,184,http://localhost:8079/?token=518504778&user=-1355064518&config=3,17427,0,0
1777921760282,17426,HTTP Request,500,Internal Server Error,Config 3: Exp7 1-68,text,false,"Test failed: code expected to equal /

****** received  : [[[5]]]00

****** comparison: [[[2]]]00

/",233,158,184,184,http://localhost:8079/?token=518504778&user=-1355064518&config=3,17426,0,0
1777921754149,23560,HTTP Request,200,OK,Config 3: Exp7 1-591,text,true,,231,158,183,183,http://localhost:8079/?token=518504778&user=-1355064518&config=3,23560,0,0
1777921760281,17427,HTTP Request,500,Internal Server Error,Config 3: Exp7 1-24,text,false,"Test failed: code expected to equal /

****** received  : [[[5]]]00

****** comparison: [[[2]]]00

/",233,158,184,184,http://localhost:8079/?token=518504778&user=-1355064518&config=3,17427,0,0
1777921760282,17427,HTTP Request,500,Internal Server Error,Config 3: Exp7 1-49,text,false,"Test failed: code expected to equal /

****** received  : [[[5]]]00

****** comparison: [[[2]]]00

/",233,158,181,181,http://localhost:8079/?token=518504778&user=-1355064518&config=3,17426,0,0
1777921754306,23403,HTTP Request,200,OK,Config 3: Exp7 1-592,text,true,,231,158,180,180,http://localhost:8079/?token=518504778&user=-1355064518&config=3,23403,0,0
1777921756260,21450,HTTP Request,200,OK,Config 3: Exp7 1-511,text,true,,231,158,163,163,http://localhost:8079/?token=518504778&user=-1355064518&config=3,21450,0,0
1777921756260,21450,HTTP Request,200,OK,Config 3: Exp7 1-346,text,true,,231,158,163,163,http://localhost:8079/?token=518504778&user=-1355064518&config=3,21450,0,0
1777921756260,21450,HTTP Request,200,OK,Config 3: Exp7 1-512,text,true,,231,158,163,163,http://localhost:8079/?token=518504778&user=-1355064518&config=3,21450,0,0
1777921756260,21450,HTTP Request,200,OK,Config 3: Exp7 1-313,text,true,,231,158,163,163,http://localhost:8079/?token=518504778&user=-1355064518&config=3,21450,0,0
1777921756208,21502,HTTP Request,200,OK,Config 3: Exp7 1-99,text,true,,231,158,158,158,http://localhost:8079/?token=518504778&user=-1355064518&config=3,21502,0,0
1777921756260,21450,HTTP Request,200,OK,Config 3: Exp7 1-234,text,true,,231,158,157,157,http://localhost:8079/?token=518504778&user=-1355064518&config=3,21450,0,1
1777921756208,21502,HTTP Request,200,OK,Config 3: Exp7 1-140,text,true,,231,158,157,157,http://localhost:8079/?token=518504778&user=-1355064518&config=3,21502,0,0
1777921756208,21502,HTTP Request,200,OK,Config 3: Exp7 1-185,text,true,,231,158,157,157,http://localhost:8079/?token=518504778&user=-1355064518&config=3,21502,0,0
1777921756208,21502,HTTP Request,200,OK,Config 3: Exp7 1-184,text,true,,231,158,157,157,http://localhost:8079/?token=518504778&user=-1355064518&config=3,21502,0,0
1777921756262,21448,HTTP Request,200,OK,Config 3: Exp7 1-315,text,true,,231,158,156,156,http://localhost:8079/?token=518504778&user=-1355064518&config=3,21448,0,0
1777921756260,21450,HTTP Request,200,OK,Config 3: Exp7 1-278,text,true,,231,158,156,156,http://localhost:8079/?token=518504778&user=-1355064518&config=3,21450,0,1
1777921756262,21448,HTTP Request,200,OK,Config 3: Exp7 1-398,text,true,,231,158,156,156,http://localhost:8079/?token=518504778&user=-1355064518&config=3,21448,0,0
1777921756262,21448,HTTP Request,200,OK,Config 3: Exp7 1-349,text,true,,231,158,156,156,http://localhost:8079/?token=518504778&user=-1355064518&config=3,21448,0,1
1777921756262,21448,HTTP Request,200,OK,Config 3: Exp7 1-314,text,true,,231,158,156,156,http://localhost:8079/?token=518504778&user=-1355064518&config=3,21448,0,0
1777921756262,21448,HTTP Request,200,OK,Config 3: Exp7 1-347,text,true,,231,158,156,156,http://localhost:8079/?token=518504778&user=-1355064518&config=3,21448,0,0
1777921756264,21446,HTTP Request,200,OK,Config 3: Exp7 1-516,text,true,,231,158,155,155,http://localhost:8079/?token=518504778&user=-1355064518&config=3,21446,0,0
1777921756263,21447,HTTP Request,200,OK,Config 3: Exp7 1-351,text,true,,231,158,155,155,http://localhost:8079/?token=518504778&user=-1355064518&config=3,21447,0,0
1777921756801,20923,HTTP Request,200,OK,Config 3: Exp7 1-608,text,true,,231,158,140,140,http://localhost:8079/?token=518504778&user=-1355064518&config=3,20923,0,1
1777921757269,20455,HTTP Request,200,OK,Config 3: Exp7 1-611,text,true,,231,158,140,140,http://localhost:8079/?token=518504778&user=-1355064518&config=3,20455,0,1
1777921756957,20767,HTTP Request,200,OK,Config 3: Exp7 1-609,text,true,,231,158,140,140,http://localhost:8079/?token=518504778&user=-1355064518&config=3,20767,0,1
1777921757114,20611,HTTP Request,200,OK,Config 3: Exp7 1-610,text,true,,231,158,140,140,http://localhost:8079/?token=518504778&user=-1355064518&config=3,20611,0,0
1777921761482,16243,HTTP Request,500,Internal Server Error,Config 3: Exp7 1-638,text,false,"Test failed: code expected to equal /

****** received  : [[[5]]]00

****** comparison: [[[2]]]00

/",233,158,140,140,http://localhost:8079/?token=518504778&user=-1355064518&config=3,16243,0,0
1777921756676,21049,HTTP Request,200,OK,Config 3: Exp7 1-360,text,true,,231,158,140,140,http://localhost:8079/?token=518504778&user=-1355064518&config=3,21049,0,0
1777921756262,21463,HTTP Request,200,OK,Config 3: Exp7 1-399,text,true,,231,158,140,140,http://localhost:8079/?token=518504778&user=-1355064518&config=3,21463,0,0
1777921756676,21049,HTTP Request,200,OK,Config 3: Exp7 1-471,text,true,,231,158,140,140,http://localhost:8079/?token=518504778&user=-1355064518&config=3,21049,0,0
1777921756262,21463,HTTP Request,200,OK,Config 3: Exp7 1-219,text,true,,231,158,140,140,http://localhost:8079/?token=518504778&user=-1355064518&config=3,21463,0,0
1777921761639,16086,HTTP Request,500,Internal Server Error,Config 3: Exp7 1-639,text,false,"Test failed: code expected to equal /

****** received  : [[[5]]]00

****** comparison: [[[2]]]00

/",233,158,139,139,http://localhost:8079/?token=518504778&user=-1355064518&config=3,16086,0,0
1777921756262,21463,HTTP Request,200,OK,Config 3: Exp7 1-513,text,true,,231,158,139,138,http://localhost:8079/?token=518504778&user=-1355064518&config=3,21463,0,0
1777921761793,15932,HTTP Request,500,Internal Server Error,Config 3: Exp7 1-640,text,false,"Test failed: code expected to equal /

****** received  : [[[5]]]00

****** comparison: [[[2]]]00

/",233,158,139,139,http://localhost:8079/?token=518504778&user=-1355064518&config=3,15932,0,1
1777921756262,21463,HTTP Request,200,OK,Config 3: Exp7 1-233,text,true,,231,158,136,136,http://localhost:8079/?token=518504778&user=-1355064518&config=3,21463,0,0
1777921756262,21463,HTTP Request,200,OK,Config 3: Exp7 1-345,text,true,,231,158,136,136,http://localhost:8079/?token=518504778&user=-1355064518&config=3,21463,0,0
1777921756262,21463,HTTP Request,200,OK,Config 3: Exp7 1-271,text,true,,231,158,136,136,http://localhost:8079/?token=518504778&user=-1355064518&config=3,21463,0,1
1777921756263,21462,HTTP Request,200,OK,Config 3: Exp7 1-277,text,true,,231,158,135,135,http://localhost:8079/?token=518504778&user=-1355064518&config=3,21462,0,0
1777921756263,21462,HTTP Request,200,OK,Config 3: Exp7 1-353,text,true,,231,158,135,135,http://localhost:8079/?token=518504778&user=-1355064518&config=3,21462,0,0
1777921761325,16400,HTTP Request,500,Internal Server Error,Config 3: Exp7 1-637,text,false,"Test failed: code expected to equal /

****** received  : [[[5]]]00

****** comparison: [[[2]]]00

/",233,158,140,140,http://localhost:8079/?token=518504778&user=-1355064518&config=3,16400,0,1
1777921756262,21463,HTTP Request,200,OK,Config 3: Exp7 1-235,text,true,,231,158,135,135,http://localhost:8079/?token=518504778&user=-1355064518&config=3,21463,0,0
1777921756262,21463,HTTP Request,200,OK,Config 3: Exp7 1-348,text,true,,231,158,135,135,http://localhost:8079/?token=518504778&user=-1355064518&config=3,21463,0,0
1777921756263,21462,HTTP Request,200,OK,Config 3: Exp7 1-354,text,true,,231,158,133,133,http://localhost:8079/?token=518504778&user=-1355064518&config=3,21462,0,0
1777921756263,21462,HTTP Request,200,OK,Config 3: Exp7 1-352,text,true,,231,158,133,133,http://localhost:8079/?token=518504778&user=-1355064518&config=3,21462,0,0
1777921756262,21463,HTTP Request,200,OK,Config 3: Exp7 1-350,text,true,,231,158,133,133,http://localhost:8079/?token=518504778&user=-1355064518&config=3,21463,0,1
1777921756262,21463,HTTP Request,200,OK,Config 3: Exp7 1-355,text,true,,231,158,133,133,http://localhost:8079/?token=518504778&user=-1355064518&config=3,21463,0,1
1777921756262,21464,HTTP Request,200,OK,Config 3: Exp7 1-279,text,true,,231,158,132,132,http://localhost:8079/?token=518504778&user=-1355064518&config=3,21464,0,0
1777921761169,16556,HTTP Request,500,Internal Server Error,Config 3: Exp7 1-636,text,false,"Test failed: code expected to equal /

****** received  : [[[5]]]00

****** comparison: [[[2]]]00

/",233,158,140,140,http://localhost:8079/?token=518504778&user=-1355064518&config=3,16556,0,0
1777921756263,21463,HTTP Request,200,OK,Config 3: Exp7 1-217,text,true,,231,158,131,131,http://localhost:8079/?token=518504778&user=-1355064518&config=3,21463,0,0
1777921756261,21464,HTTP Request,200,OK,Config 3: Exp7 1-514,text,true,,231,158,140,140,http://localhost:8079/?token=518504778&user=-1355064518&config=3,21464,0,0
1777921756676,21049,HTTP Request,200,OK,Config 3: Exp7 1-361,text,true,,231,158,140,140,http://localhost:8079/?token=518504778&user=-1355064518&config=3,21049,0,0
1777921756261,21464,HTTP Request,200,OK,Config 3: Exp7 1-515,text,true,,231,158,140,140,http://localhost:8079/?token=518504778&user=-1355064518&config=3,21464,0,0
1777921757737,19989,HTTP Request,200,OK,Config 3: Exp7 1-614,text,true,,231,158,125,125,http://localhost:8079/?token=518504778&user=-1355064518&config=3,19989,0,1
1777921757582,20144,HTTP Request,200,OK,Config 3: Exp7 1-613,text,true,,231,158,125,125,http://localhost:8079/?token=518504778&user=-1355064518&config=3,20144,0,1
1777921757426,20300,HTTP Request,200,OK,Config 3: Exp7 1-612,text,true,,231,158,125,125,http://localhost:8079/?token=518504778&user=-1355064518&config=3,20300,0,0
1777921756676,21050,HTTP Request,200,OK,Config 3: Exp7 1-359,text,true,,231,158,125,125,http://localhost:8079/?token=518504778&user=-1355064518&config=3,21050,0,0
1777921757315,20411,HTTP Request,200,OK,Config 3: Exp7 1-472,text,true,,231,158,123,123,http://localhost:8079/?token=518504778&user=-1355064518&config=3,20411,0,0
1777921756645,21081,HTTP Request,200,OK,Config 3: Exp7 1-607,text,true,,231,158,123,123,http://localhost:8079/?token=518504778&user=-1355064518&config=3,21081,0,1
1777921757315,20411,HTTP Request,200,OK,Config 3: Exp7 1-473,text,true,,231,158,123,123,http://localhost:8079/?token=518504778&user=-1355064518&config=3,20411,0,0
1777921757315,20411,HTTP Request,200,OK,Config 3: Exp7 1-475,text,true,,231,158,123,123,http://localhost:8079/?token=518504778&user=-1355064518&config=3,20411,0,0
1777921757961,19765,HTTP Request,200,OK,Config 3: Exp7 1-403,text,true,,231,158,123,123,http://localhost:8079/?token=518504778&user=-1355064518&config=3,19765,0,0
1777921757961,19765,HTTP Request,200,OK,Config 3: Exp7 1-358,text,true,,231,158,123,123,http://localhost:8079/?token=518504778&user=-1355064518&config=3,19765,0,0
1777921757315,20411,HTTP Request,200,OK,Config 3: Exp7 1-474,text,true,,231,158,122,122,http://localhost:8079/?token=518504778&user=-1355064518&config=3,20411,0,0
1777921757961,19766,HTTP Request,200,OK,Config 3: Exp7 1-356,text,true,,231,158,122,122,http://localhost:8079/?token=518504778&user=-1355064518&config=3,19766,0,0
1777921757962,19765,HTTP Request,200,OK,Config 3: Exp7 1-402,text,true,,231,158,122,122,http://localhost:8079/?token=518504778&user=-1355064518&config=3,19765,0,0
1777921757961,19766,HTTP Request,200,OK,Config 3: Exp7 1-525,text,true,,231,158,122,122,http://localhost:8079/?token=518504778&user=-1355064518&config=3,19766,0,0
1777921757315,20412,HTTP Request,200,OK,Config 3: Exp7 1-476,text,true,,231,158,122,122,http://localhost:8079/?token=518504778&user=-1355064518&config=3,20412,0,0
1777921757894,19833,HTTP Request,200,OK,Config 3: Exp7 1-615,text,true,,231,158,121,121,http://localhost:8079/?token=518504778&user=-1355064518&config=3,19833,0,0
1777921758050,19677,HTTP Request,200,OK,Config 3: Exp7 1-616,text,true,,231,158,112,112,http://localhost:8079/?token=518504778&user=-1355064518&config=3,19677,0,0
1777921758361,19367,HTTP Request,200,OK,Config 3: Exp7 1-618,text,true,,231,158,111,111,http://localhost:8079/?token=518504778&user=-1355064518&config=3,19367,0,0
1777921758206,19522,HTTP Request,200,OK,Config 3: Exp7 1-617,text,true,,231,158,111,111,http://localhost:8079/?token=518504778&user=-1355064518&config=3,19522,0,0
1777921758518,19210,HTTP Request,200,OK,Config 3: Exp7 1-619,text,true,,231,158,111,111,http://localhost:8079/?token=518504778&user=-1355064518&config=3,19210,0,1
1777921758673,19055,HTTP Request,200,OK,Config 3: Exp7 1-620,text,true,,231,158,108,108,http://localhost:8079/?token=518504778&user=-1355064518&config=3,19055,0,0
1777921758829,18899,HTTP Request,200,OK,Config 3: Exp7 1-621,text,true,,231,158,108,108,http://localhost:8079/?token=518504778&user=-1355064518&config=3,18899,0,0
1777921758985,18743,HTTP Request,200,OK,Config 3: Exp7 1-622,text,true,,231,158,108,108,http://localhost:8079/?token=518504778&user=-1355064518&config=3,18743,0,1
1777921759141,18587,HTTP Request,200,OK,Config 3: Exp7 1-623,text,true,,231,158,104,104,http://localhost:8079/?token=518504778&user=-1355064518&config=3,18587,0,0
1777921760077,17651,HTTP Request,200,OK,Config 3: Exp7 1-629,text,true,,231,158,103,103,http://localhost:8079/?token=518504778&user=-1355064518&config=3,17651,0,0
1777921757961,19767,HTTP Request,200,OK,Config 3: Exp7 1-401,text,true,,231,158,101,101,http://localhost:8079/?token=518504778&user=-1355064518&config=3,19767,0,0
1777921759297,18431,HTTP Request,200,OK,Config 3: Exp7 1-624,text,true,,231,158,101,101,http://localhost:8079/?token=518504778&user=-1355064518&config=3,18431,0,1
1777921760175,17553,HTTP Request,200,OK,Config 3: Exp7 1-477,text,true,,231,158,101,101,http://localhost:8079/?token=518504778&user=-1355064518&config=3,17553,0,0
1777921759453,18275,HTTP Request,200,OK,Config 3: Exp7 1-625,text,true,,231,158,101,101,http://localhost:8079/?token=518504778&user=-1355064518&config=3,18275,0,1
1777921757963,19765,HTTP Request,200,OK,Config 3: Exp7 1-316,text,true,,231,158,98,98,http://localhost:8079/?token=518504778&user=-1355064518&config=3,19765,0,0
1777921757963,19765,HTTP Request,200,OK,Config 3: Exp7 1-321,text,true,,231,158,98,98,http://localhost:8079/?token=518504778&user=-1355064518&config=3,19765,0,0
1777921757965,19763,HTTP Request,200,OK,Config 3: Exp7 1-320,text,true,,231,158,97,97,http://localhost:8079/?token=518504778&user=-1355064518&config=3,19763,0,0
1777921757972,19756,HTTP Request,200,OK,Config 3: Exp7 1-527,text,true,,231,158,97,97,http://localhost:8079/?token=518504778&user=-1355064518&config=3,19756,0,0
1777921759923,17805,HTTP Request,200,OK,Config 3: Exp7 1-628,text,true,,231,158,97,97,http://localhost:8079/?token=518504778&user=-1355064518&config=3,17805,0,0
1777921757971,19758,HTTP Request,200,OK,Config 3: Exp7 1-319,text,true,,231,158,95,95,http://localhost:8079/?token=518504778&user=-1355064518&config=3,19758,0,1
1777921757971,19758,HTTP Request,200,OK,Config 3: Exp7 1-318,text,true,,231,158,95,95,http://localhost:8079/?token=518504778&user=-1355064518&config=3,19758,0,1
1777921757972,19757,HTTP Request,200,OK,Config 3: Exp7 1-323,text,true,,231,158,95,95,http://localhost:8079/?token=518504778&user=-1355064518&config=3,19757,0,0
1777921757972,19757,HTTP Request,200,OK,Config 3: Exp7 1-324,text,true,,231,158,94,94,http://localhost:8079/?token=518504778&user=-1355064518&config=3,19757,0,0
1777921760269,17460,HTTP Request,200,OK,Config 3: Exp7 1-480,text,true,,231,158,92,92,http://localhost:8079/?token=518504778&user=-1355064518&config=3,17460,0,0
1777921759609,18120,HTTP Request,200,OK,Config 3: Exp7 1-626,text,true,,231,158,92,92,http://localhost:8079/?token=518504778&user=-1355064518&config=3,18120,0,1
1777921759766,17963,HTTP Request,200,OK,Config 3: Exp7 1-627,text,true,,231,158,89,89,http://localhost:8079/?token=518504778&user=-1355064518&config=3,17963,0,0
1777921757972,19757,HTTP Request,200,OK,Config 3: Exp7 1-414,text,true,,231,158,85,85,http://localhost:8079/?token=518504778&user=-1355064518&config=3,19757,0,0
1777921757972,19757,HTTP Request,200,OK,Config 3: Exp7 1-406,text,true,,231,158,85,85,http://localhost:8079/?token=518504778&user=-1355064518&config=3,19757,0,0
1777921757971,19758,HTTP Request,200,OK,Config 3: Exp7 1-404,text,true,,231,158,84,84,http://localhost:8079/?token=518504778&user=-1355064518&config=3,19758,0,1
1777921757972,19758,HTTP Request,200,OK,Config 3: Exp7 1-410,text,true,,231,158,76,76,http://localhost:8079/?token=518504778&user=-1355064518&config=3,19758,0,0
1777921757972,19758,HTTP Request,200,OK,Config 3: Exp7 1-405,text,true,,231,158,74,74,http://localhost:8079/?token=518504778&user=-1355064518&config=3,19758,0,0
1777921757972,19758,HTTP Request,200,OK,Config 3: Exp7 1-407,text,true,,231,158,67,67,http://localhost:8079/?token=518504778&user=-1355064518&config=3,19758,0,0
1777921757972,19758,HTTP Request,200,OK,Config 3: Exp7 1-409,text,true,,231,158,67,67,http://localhost:8079/?token=518504778&user=-1355064518&config=3,19758,0,0
1777921757972,19758,HTTP Request,200,OK,Config 3: Exp7 1-413,text,true,,231,158,64,64,http://localhost:8079/?token=518504778&user=-1355064518&config=3,19758,0,0
1777921757972,19758,HTTP Request,200,OK,Config 3: Exp7 1-408,text,true,,231,158,63,63,http://localhost:8079/?token=518504778&user=-1355064518&config=3,19758,0,0
1777921757972,19758,HTTP Request,200,OK,Config 3: Exp7 1-412,text,true,,231,158,62,62,http://localhost:8079/?token=518504778&user=-1355064518&config=3,19758,0,0
1777921757972,19758,HTTP Request,200,OK,Config 3: Exp7 1-322,text,true,,231,158,62,62,http://localhost:8079/?token=518504778&user=-1355064518&config=3,19758,0,0
1777921757972,19758,HTTP Request,200,OK,Config 3: Exp7 1-411,text,true,,231,158,62,62,http://localhost:8079/?token=518504778&user=-1355064518&config=3,19758,0,0
1777921760271,17469,HTTP Request,200,OK,Config 3: Exp7 1-368,text,true,,231,158,57,57,http://localhost:8079/?token=518504778&user=-1355064518&config=3,17469,0,0
1777921760272,17468,HTTP Request,200,OK,Config 3: Exp7 1-153,text,true,,231,158,57,57,http://localhost:8079/?token=518504778&user=-1355064518&config=3,17468,0,0
1777921760272,17468,HTTP Request,200,OK,Config 3: Exp7 1-242,text,true,,231,158,57,57,http://localhost:8079/?token=518504778&user=-1355064518&config=3,17468,0,0
1777921760233,17507,HTTP Request,200,OK,Config 3: Exp7 1-630,text,true,,231,158,57,57,http://localhost:8079/?token=518504778&user=-1355064518&config=3,17507,0,1
1777921760272,17468,HTTP Request,200,OK,Config 3: Exp7 1-482,text,true,,231,158,57,57,http://localhost:8079/?token=518504778&user=-1355064518&config=3,17468,0,0
1777921760283,17457,HTTP Request,200,OK,Config 3: Exp7 1-29,text,true,,231,158,56,56,http://localhost:8079/?token=518504778&user=-1355064518&config=3,17457,0,0
1777921760283,17457,HTTP Request,200,OK,Config 3: Exp7 1-13,text,true,,231,158,56,56,http://localhost:8079/?token=518504778&user=-1355064518&config=3,17457,0,0
1777921760283,17458,HTTP Request,200,OK,Config 3: Exp7 1-27,text,true,,231,158,56,56,http://localhost:8079/?token=518504778&user=-1355064518&config=3,17457,0,0
1777921760281,17460,HTTP Request,200,OK,Config 3: Exp7 1-12,text,true,,231,158,56,56,http://localhost:8079/?token=518504778&user=-1355064518&config=3,17460,0,0
1777921760283,17457,HTTP Request,200,OK,Config 3: Exp7 1-28,text,true,,231,158,56,56,http://localhost:8079/?token=518504778&user=-1355064518&config=3,17457,0,0
1777921760283,17458,HTTP Request,200,OK,Config 3: Exp7 1-70,text,true,,231,158,53,53,http://localhost:8079/?token=518504778&user=-1355064518&config=3,17458,0,0
1777921760280,17461,HTTP Request,200,OK,Config 3: Exp7 1-489,text,true,,231,158,53,53,http://localhost:8079/?token=518504778&user=-1355064518&config=3,17461,0,0
1777921760283,17458,HTTP Request,200,OK,Config 3: Exp7 1-490,text,true,,231,158,53,53,http://localhost:8079/?token=518504778&user=-1355064518&config=3,17458,0,0
1777921760283,17458,HTTP Request,200,OK,Config 3: Exp7 1-104,text,true,,231,158,53,53,http://localhost:8079/?token=518504778&user=-1355064518&config=3,17458,0,0
1777921760272,17469,HTTP Request,200,OK,Config 3: Exp7 1-369,text,true,,231,158,53,53,http://localhost:8079/?token=518504778&user=-1355064518&config=3,17469,0,0
1777921760283,17458,HTTP Request,200,OK,Config 3: Exp7 1-86,text,true,,231,158,53,53,http://localhost:8079/?token=518504778&user=-1355064518&config=3,17458,0,0
1777921760283,17458,HTTP Request,200,OK,Config 3: Exp7 1-89,text,true,,231,158,52,52,http://localhost:8079/?token=518504778&user=-1355064518&config=3,17458,0,0
1777921760274,17467,HTTP Request,200,OK,Config 3: Exp7 1-295,text,true,,231,158,51,51,http://localhost:8079/?token=518504778&user=-1355064518&config=3,17467,0,0
1777921760283,17458,HTTP Request,200,OK,Config 3: Exp7 1-90,text,true,,231,158,50,50,http://localhost:8079/?token=518504778&user=-1355064518&config=3,17458,0,0
1777921760277,17464,HTTP Request,200,OK,Config 3: Exp7 1-376,text,true,,231,158,49,49,http://localhost:8079/?token=518504778&user=-1355064518&config=3,17464,0,0
1777921760272,17469,HTTP Request,200,OK,Config 3: Exp7 1-310,text,true,,231,158,49,49,http://localhost:8079/?token=518504778&user=-1355064518&config=3,17469,0,0
1777921760272,17469,HTTP Request,200,OK,Config 3: Exp7 1-479,text,true,,231,158,49,49,http://localhost:8079/?token=518504778&user=-1355064518&config=3,17469,0,0
1777921760272,17469,HTTP Request,200,OK,Config 3: Exp7 1-374,text,true,,231,158,49,49,http://localhost:8079/?token=518504778&user=-1355064518&config=3,17469,0,0
1777921760274,17467,HTTP Request,200,OK,Config 3: Exp7 1-296,text,true,,231,158,49,49,http://localhost:8079/?token=518504778&user=-1355064518&config=3,17467,0,0
1777921760283,17458,HTTP Request,200,OK,Config 3: Exp7 1-51,text,true,,231,158,53,53,http://localhost:8079/?token=518504778&user=-1355064518&config=3,17458,0,0
1777921760281,17460,HTTP Request,200,OK,Config 3: Exp7 1-251,text,true,,231,158,49,49,http://localhost:8079/?token=518504778&user=-1355064518&config=3,17460,0,0
1777921760272,17469,HTTP Request,200,OK,Config 3: Exp7 1-486,text,true,,231,158,49,49,http://localhost:8079/?token=518504778&user=-1355064518&config=3,17469,0,0
1777921760277,17464,HTTP Request,200,OK,Config 3: Exp7 1-377,text,true,,231,158,49,49,http://localhost:8079/?token=518504778&user=-1355064518&config=3,17464,0,0
1777921760283,17458,HTTP Request,200,OK,Config 3: Exp7 1-66,text,true,,231,158,53,53,http://localhost:8079/?token=518504778&user=-1355064518&config=3,17458,0,0
1777921760283,17458,HTTP Request,200,OK,Config 3: Exp7 1-32,text,true,,231,158,53,53,http://localhost:8079/?token=518504778&user=-1355064518&config=3,17458,0,0
1777921760272,17469,HTTP Request,200,OK,Config 3: Exp7 1-371,text,true,,231,158,49,49,http://localhost:8079/?token=518504778&user=-1355064518&config=3,17469,0,0
1777921760272,17469,HTTP Request,200,OK,Config 3: Exp7 1-483,text,true,,231,158,49,49,http://localhost:8079/?token=518504778&user=-1355064518&config=3,17469,0,0
1777921760283,17458,HTTP Request,200,OK,Config 3: Exp7 1-87,text,true,,231,158,53,53,http://localhost:8079/?token=518504778&user=-1355064518&config=3,17458,0,0
1777921760272,17470,HTTP Request,200,OK,Config 3: Exp7 1-372,text,true,,231,158,47,47,http://localhost:8079/?token=518504778&user=-1355064518&config=3,17470,0,0
1777921760281,17461,HTTP Request,200,OK,Config 3: Exp7 1-253,text,true,,231,158,45,45,http://localhost:8079/?token=518504778&user=-1355064518&config=3,17461,0,0
1777921760281,17461,HTTP Request,200,OK,Config 3: Exp7 1-250,text,true,,231,158,45,45,http://localhost:8079/?token=518504778&user=-1355064518&config=3,17461,0,0
1777921760274,17471,HTTP Request,200,OK,Config 3: Exp7 1-247,text,true,,231,158,21,21,http://localhost:8079/?token=518504778&user=-1355064518&config=3,17471,0,0
1777921760274,17471,HTTP Request,200,OK,Config 3: Exp7 1-246,text,true,,231,158,21,21,http://localhost:8079/?token=518504778&user=-1355064518&config=3,17471,0,0
1777921760281,17464,HTTP Request,200,OK,Config 3: Exp7 1-249,text,true,,231,158,21,21,http://localhost:8079/?token=518504778&user=-1355064518&config=3,17464,0,0
1777921760277,17469,HTTP Request,200,OK,Config 3: Exp7 1-298,text,true,,231,158,21,21,http://localhost:8079/?token=518504778&user=-1355064518&config=3,17469,0,0
1777921760274,17472,HTTP Request,200,OK,Config 3: Exp7 1-299,text,true,,231,158,21,21,http://localhost:8079/?token=518504778&user=-1355064518&config=3,17472,0,0
1777921760281,17465,HTTP Request,200,OK,Config 3: Exp7 1-301,text,true,,231,158,21,21,http://localhost:8079/?token=518504778&user=-1355064518&config=3,17465,0,0
1777921760281,17465,HTTP Request,200,OK,Config 3: Exp7 1-382,text,true,,231,158,20,20,http://localhost:8079/?token=518504778&user=-1355064518&config=3,17465,0,0
1777921760279,17467,HTTP Request,200,OK,Config 3: Exp7 1-386,text,true,,231,158,19,19,http://localhost:8079/?token=518504778&user=-1355064518&config=3,17467,0,0
1777921760281,17465,HTTP Request,200,OK,Config 3: Exp7 1-384,text,true,,231,158,19,19,http://localhost:8079/?token=518504778&user=-1355064518&config=3,17465,0,0
1777921760272,17474,HTTP Request,200,OK,Config 3: Exp7 1-481,text,true,,231,158,19,19,http://localhost:8079/?token=518504778&user=-1355064518&config=3,17474,0,0
1777921760272,17474,HTTP Request,200,OK,Config 3: Exp7 1-484,text,true,,231,158,18,18,http://localhost:8079/?token=518504778&user=-1355064518&config=3,17474,0,0
1777921760281,17465,HTTP Request,200,OK,Config 3: Exp7 1-23,text,true,,231,158,18,18,http://localhost:8079/?token=518504778&user=-1355064518&config=3,17465,0,0
1777921760272,17474,HTTP Request,200,OK,Config 3: Exp7 1-485,text,true,,231,158,18,18,http://localhost:8079/?token=518504778&user=-1355064518&config=3,17474,0,0
1777921760281,17465,HTTP Request,200,OK,Config 3: Exp7 1-42,text,true,,231,158,18,18,http://localhost:8079/?token=518504778&user=-1355064518&config=3,17465,0,0
1777921760281,17465,HTTP Request,200,OK,Config 3: Exp7 1-81,text,true,,231,158,17,17,http://localhost:8079/?token=518504778&user=-1355064518&config=3,17465,0,0
1777921760281,17465,HTTP Request,200,OK,Config 3: Exp7 1-4,text,true,,231,158,16,16,http://localhost:8079/?token=518504778&user=-1355064518&config=3,17465,0,0
1777921760281,17465,HTTP Request,200,OK,Config 3: Exp7 1-43,text,true,,231,158,16,16,http://localhost:8079/?token=518504778&user=-1355064518&config=3,17465,0,0
1777921760282,17464,HTTP Request,200,OK,Config 3: Exp7 1-40,text,true,,231,158,16,16,http://localhost:8079/?token=518504778&user=-1355064518&config=3,17464,0,0
1777921760281,17465,HTTP Request,200,OK,Config 3: Exp7 1-25,text,true,,231,158,16,16,http://localhost:8079/?token=518504778&user=-1355064518&config=3,17465,0,0
1777921760282,17464,HTTP Request,200,OK,Config 3: Exp7 1-20,text,true,,231,158,16,16,http://localhost:8079/?token=518504778&user=-1355064518&config=3,17464,0,0
1777921760281,17465,HTTP Request,200,OK,Config 3: Exp7 1-63,text,true,,231,158,15,15,http://localhost:8079/?token=518504778&user=-1355064518&config=3,17465,0,0
