timeStamp,elapsed,label,responseCode,responseMessage,threadName,dataType,success,failureMessage,bytes,sentBytes,grpThreads,allThreads,URL,Latency,IdleTime,Connect
1777922314443,546,HTTP Request,200,OK,Config 3: Exp8 1-1,text,false,Test failed: text expected to match /.*/,231,158,3,3,http://localhost:8079/?token=518504778&user=-1355064518&config=3,546,0,0
1777922314650,559,HTTP Request,200,OK,Config 3: Exp8 1-2,text,false,Test failed: text expected to match /.*/,231,158,4,4,http://localhost:8079/?token=518504778&user=-1355064518&config=3,559,0,0
1777922314858,574,HTTP Request,200,OK,Config 3: Exp8 1-3,text,false,Test failed: text expected to match /.*/,231,158,5,5,http://localhost:8079/?token=518504778&user=-1355064518&config=3,574,0,1
1777922315066,568,HTTP Request,200,OK,Config 3: Exp8 1-4,text,false,Test failed: text expected to match /.*/,231,158,6,6,http://localhost:8079/?token=518504778&user=-1355064518&config=3,568,0,1
1777922315274,562,HTTP Request,200,OK,Config 3: Exp8 1-5,text,false,Test failed: text expected to match /.*/,231,158,7,7,http://localhost:8079/?token=518504778&user=-1355064518&config=3,562,0,1
1777922315482,576,HTTP Request,200,OK,Config 3: Exp8 1-6,text,false,Test failed: text expected to match /.*/,231,158,8,8,http://localhost:8079/?token=518504778&user=-1355064518&config=3,576,0,0
1777922315690,571,HTTP Request,200,OK,Config 3: Exp8 1-7,text,false,Test failed: text expected to match /.*/,231,158,9,9,http://localhost:8079/?token=518504778&user=-1355064518&config=3,571,0,1
1777922315898,569,HTTP Request,200,OK,Config 3: Exp8 1-8,text,false,Test failed: text expected to match /.*/,231,158,10,10,http://localhost:8079/?token=518504778&user=-1355064518&config=3,569,0,1
1777922316106,585,HTTP Request,200,OK,Config 3: Exp8 1-9,text,false,Test failed: text expected to match /.*/,231,158,11,11,http://localhost:8079/?token=518504778&user=-1355064518&config=3,585,0,0
1777922316315,581,HTTP Request,200,OK,Config 3: Exp8 1-10,text,false,Test failed: text expected to match /.*/,231,158,12,12,http://localhost:8079/?token=518504778&user=-1355064518&config=3,581,0,1
1777922316522,578,HTTP Request,200,OK,Config 3: Exp8 1-11,text,false,Test failed: text expected to match /.*/,231,158,13,13,http://localhost:8079/?token=518504778&user=-1355064518&config=3,578,0,1
1777922316731,573,HTTP Request,200,OK,Config 3: Exp8 1-12,text,false,Test failed: text expected to match /.*/,231,158,14,14,http://localhost:8079/?token=518504778&user=-1355064518&config=3,573,0,1
1777922316938,572,HTTP Request,200,OK,Config 3: Exp8 1-13,text,false,Test failed: text expected to match /.*/,231,158,15,15,http://localhost:8079/?token=518504778&user=-1355064518&config=3,572,0,0
1777922317147,570,HTTP Request,200,OK,Config 3: Exp8 1-14,text,false,Test failed: text expected to match /.*/,231,158,16,16,http://localhost:8079/?token=518504778&user=-1355064518&config=3,570,0,0
1777922317354,586,HTTP Request,200,OK,Config 3: Exp8 1-15,text,false,Test failed: text expected to match /.*/,231,158,17,17,http://localhost:8079/?token=518504778&user=-1355064518&config=3,586,0,1
1777922317443,536,HTTP Request,200,OK,Config 3: Exp8 1-1,text,false,Test failed: text expected to match /.*/,231,158,18,18,http://localhost:8079/?token=518504778&user=-1355064518&config=3,536,0,0
1777922317562,581,HTTP Request,200,OK,Config 3: Exp8 1-16,text,false,Test failed: text expected to match /.*/,231,158,18,18,http://localhost:8079/?token=518504778&user=-1355064518&config=3,581,0,1
1777922317650,536,HTTP Request,200,OK,Config 3: Exp8 1-2,text,false,Test failed: text expected to match /.*/,231,158,19,19,http://localhost:8079/?token=518504778&user=-1355064518&config=3,536,0,0
1777922317771,577,HTTP Request,200,OK,Config 3: Exp8 1-17,text,false,Test failed: text expected to match /.*/,231,158,19,19,http://localhost:8079/?token=518504778&user=-1355064518&config=3,577,0,0
1777922317857,533,HTTP Request,200,OK,Config 3: Exp8 1-3,text,false,Test failed: text expected to match /.*/,231,158,19,19,http://localhost:8079/?token=518504778&user=-1355064518&config=3,533,0,0
1777922317979,579,HTTP Request,200,OK,Config 3: Exp8 1-18,text,false,Test failed: text expected to match /.*/,231,158,20,20,http://localhost:8079/?token=518504778&user=-1355064518&config=3,579,0,1
1777922318066,554,HTTP Request,200,OK,Config 3: Exp8 1-4,text,false,Test failed: text expected to match /.*/,231,158,21,21,http://localhost:8079/?token=518504778&user=-1355064518&config=3,554,0,0
1777922318187,576,HTTP Request,200,OK,Config 3: Exp8 1-19,text,false,Test failed: text expected to match /.*/,231,158,21,21,http://localhost:8079/?token=518504778&user=-1355064518&config=3,576,0,0
1777922318274,553,HTTP Request,200,OK,Config 3: Exp8 1-5,text,false,Test failed: text expected to match /.*/,231,158,22,22,http://localhost:8079/?token=518504778&user=-1355064518&config=3,553,0,0
1777922318394,597,HTTP Request,200,OK,Config 3: Exp8 1-20,text,false,Test failed: text expected to match /.*/,231,158,22,22,http://localhost:8079/?token=518504778&user=-1355064518&config=3,597,0,0
1777922318481,552,HTTP Request,200,OK,Config 3: Exp8 1-6,text,false,Test failed: text expected to match /.*/,231,158,23,23,http://localhost:8079/?token=518504778&user=-1355064518&config=3,552,0,0
1777922318603,595,HTTP Request,200,OK,Config 3: Exp8 1-21,text,false,Test failed: text expected to match /.*/,231,158,23,23,http://localhost:8079/?token=518504778&user=-1355064518&config=3,595,0,0
1777922318690,550,HTTP Request,200,OK,Config 3: Exp8 1-7,text,false,Test failed: text expected to match /.*/,231,158,24,24,http://localhost:8079/?token=518504778&user=-1355064518&config=3,550,0,0
1777922318811,593,HTTP Request,200,OK,Config 3: Exp8 1-22,text,false,Test failed: text expected to match /.*/,231,158,24,24,http://localhost:8079/?token=518504778&user=-1355064518&config=3,593,0,0
1777922318897,549,HTTP Request,200,OK,Config 3: Exp8 1-8,text,false,Test failed: text expected to match /.*/,231,158,25,25,http://localhost:8079/?token=518504778&user=-1355064518&config=3,549,0,0
1777922319019,590,HTTP Request,200,OK,Config 3: Exp8 1-23,text,false,Test failed: text expected to match /.*/,231,158,25,25,http://localhost:8079/?token=518504778&user=-1355064518&config=3,590,0,0
1777922319105,546,HTTP Request,200,OK,Config 3: Exp8 1-9,text,false,Test failed: text expected to match /.*/,231,158,26,26,http://localhost:8079/?token=518504778&user=-1355064518&config=3,546,0,0
1777922319226,588,HTTP Request,200,OK,Config 3: Exp8 1-24,text,false,Test failed: text expected to match /.*/,231,158,26,26,http://localhost:8079/?token=518504778&user=-1355064518&config=3,588,0,1
1777922319315,559,HTTP Request,200,OK,Config 3: Exp8 1-10,text,false,Test failed: text expected to match /.*/,231,158,27,27,http://localhost:8079/?token=518504778&user=-1355064518&config=3,559,0,0
1777922319435,605,HTTP Request,200,OK,Config 3: Exp8 1-25,text,false,Test failed: text expected to match /.*/,231,158,27,27,http://localhost:8079/?token=518504778&user=-1355064518&config=3,605,0,1
1777922319523,558,HTTP Request,200,OK,Config 3: Exp8 1-11,text,false,Test failed: text expected to match /.*/,231,158,28,28,http://localhost:8079/?token=518504778&user=-1355064518&config=3,558,0,0
1777922319643,603,HTTP Request,200,OK,Config 3: Exp8 1-26,text,false,Test failed: text expected to match /.*/,231,158,28,28,http://localhost:8079/?token=518504778&user=-1355064518&config=3,603,0,0
1777922319732,563,HTTP Request,200,OK,Config 3: Exp8 1-12,text,false,Test failed: text expected to match /.*/,231,158,29,29,http://localhost:8079/?token=518504778&user=-1355064518&config=3,563,0,0
1777922319850,601,HTTP Request,200,OK,Config 3: Exp8 1-27,text,false,Test failed: text expected to match /.*/,231,158,29,29,http://localhost:8079/?token=518504778&user=-1355064518&config=3,601,0,1
1777922319938,555,HTTP Request,200,OK,Config 3: Exp8 1-13,text,false,Test failed: text expected to match /.*/,231,158,30,30,http://localhost:8079/?token=518504778&user=-1355064518&config=3,555,0,0
1777922320058,600,HTTP Request,200,OK,Config 3: Exp8 1-28,text,false,Test failed: text expected to match /.*/,231,158,30,30,http://localhost:8079/?token=518504778&user=-1355064518&config=3,600,0,1
1777922320146,553,HTTP Request,200,OK,Config 3: Exp8 1-14,text,false,Test failed: text expected to match /.*/,231,158,31,31,http://localhost:8079/?token=518504778&user=-1355064518&config=3,553,0,0
1777922320266,596,HTTP Request,200,OK,Config 3: Exp8 1-29,text,false,Test failed: text expected to match /.*/,231,158,31,31,http://localhost:8079/?token=518504778&user=-1355064518&config=3,596,0,0
1777922320354,569,HTTP Request,200,OK,Config 3: Exp8 1-15,text,false,Test failed: text expected to match /.*/,231,158,32,32,http://localhost:8079/?token=518504778&user=-1355064518&config=3,569,0,0
1777922320443,561,HTTP Request,200,OK,Config 3: Exp8 1-1,text,false,Test failed: text expected to match /.*/,231,158,32,32,http://localhost:8079/?token=518504778&user=-1355064518&config=3,561,0,0
1777922320475,611,HTTP Request,200,OK,Config 3: Exp8 1-30,text,false,Test failed: text expected to match /.*/,231,158,32,32,http://localhost:8079/?token=518504778&user=-1355064518&config=3,611,0,1
1777922320563,564,HTTP Request,200,OK,Config 3: Exp8 1-16,text,false,Test failed: text expected to match /.*/,231,158,33,33,http://localhost:8079/?token=518504778&user=-1355064518&config=3,564,0,0
1777922320650,559,HTTP Request,200,OK,Config 3: Exp8 1-2,text,false,Test failed: text expected to match /.*/,231,158,33,33,http://localhost:8079/?token=518504778&user=-1355064518&config=3,559,0,0
1777922320682,608,HTTP Request,200,OK,Config 3: Exp8 1-31,text,false,Test failed: text expected to match /.*/,231,158,33,33,http://localhost:8079/?token=518504778&user=-1355064518&config=3,608,0,0
1777922320770,563,HTTP Request,200,OK,Config 3: Exp8 1-17,text,false,Test failed: text expected to match /.*/,231,158,34,34,http://localhost:8079/?token=518504778&user=-1355064518&config=3,563,0,0
1777922320858,575,HTTP Request,200,OK,Config 3: Exp8 1-3,text,false,Test failed: text expected to match /.*/,231,158,34,34,http://localhost:8079/?token=518504778&user=-1355064518&config=3,575,0,0
1777922320890,605,HTTP Request,200,OK,Config 3: Exp8 1-32,text,false,Test failed: text expected to match /.*/,231,158,34,34,http://localhost:8079/?token=518504778&user=-1355064518&config=3,605,0,1
1777922320979,578,HTTP Request,200,OK,Config 3: Exp8 1-18,text,false,Test failed: text expected to match /.*/,231,158,35,35,http://localhost:8079/?token=518504778&user=-1355064518&config=3,578,0,0
1777922321067,572,HTTP Request,200,OK,Config 3: Exp8 1-4,text,false,Test failed: text expected to match /.*/,231,158,35,35,http://localhost:8079/?token=518504778&user=-1355064518&config=3,572,0,0
1777922321098,624,HTTP Request,200,OK,Config 3: Exp8 1-33,text,false,Test failed: text expected to match /.*/,231,158,36,36,http://localhost:8079/?token=518504778&user=-1355064518&config=3,624,0,1
1777922321187,576,HTTP Request,200,OK,Config 3: Exp8 1-19,text,false,Test failed: text expected to match /.*/,231,158,36,36,http://localhost:8079/?token=518504778&user=-1355064518&config=3,576,0,0
1777922321274,570,HTTP Request,200,OK,Config 3: Exp8 1-5,text,false,Test failed: text expected to match /.*/,231,158,36,36,http://localhost:8079/?token=518504778&user=-1355064518&config=3,570,0,0
1777922321306,622,HTTP Request,200,OK,Config 3: Exp8 1-34,text,false,Test failed: text expected to match /.*/,231,158,36,36,http://localhost:8079/?token=518504778&user=-1355064518&config=3,622,0,0
1777922321393,577,HTTP Request,200,OK,Config 3: Exp8 1-20,text,false,Test failed: text expected to match /.*/,231,158,37,37,http://localhost:8079/?token=518504778&user=-1355064518&config=3,577,0,0
1777922321481,568,HTTP Request,200,OK,Config 3: Exp8 1-6,text,false,Test failed: text expected to match /.*/,231,158,37,37,http://localhost:8079/?token=518504778&user=-1355064518&config=3,568,0,0
1777922321514,618,HTTP Request,200,OK,Config 3: Exp8 1-35,text,false,Test failed: text expected to match /.*/,231,158,37,37,http://localhost:8079/?token=518504778&user=-1355064518&config=3,618,0,0
1777922321602,580,HTTP Request,200,OK,Config 3: Exp8 1-21,text,false,Test failed: text expected to match /.*/,231,158,38,38,http://localhost:8079/?token=518504778&user=-1355064518&config=3,580,0,0
1777922321690,585,HTTP Request,200,OK,Config 3: Exp8 1-7,text,false,Test failed: text expected to match /.*/,231,158,38,38,http://localhost:8079/?token=518504778&user=-1355064518&config=3,585,0,0
1777922321722,617,HTTP Request,200,OK,Config 3: Exp8 1-36,text,false,Test failed: text expected to match /.*/,231,158,38,38,http://localhost:8079/?token=518504778&user=-1355064518&config=3,617,0,1
1777922321810,591,HTTP Request,200,OK,Config 3: Exp8 1-22,text,false,Test failed: text expected to match /.*/,231,158,39,39,http://localhost:8079/?token=518504778&user=-1355064518&config=3,591,0,0
1777922321897,587,HTTP Request,200,OK,Config 3: Exp8 1-8,text,false,Test failed: text expected to match /.*/,231,158,39,39,http://localhost:8079/?token=518504778&user=-1355064518&config=3,587,0,0
1777922321930,618,HTTP Request,200,OK,Config 3: Exp8 1-37,text,false,Test failed: text expected to match /.*/,231,158,39,39,http://localhost:8079/?token=518504778&user=-1355064518&config=3,618,0,1
1777922322018,593,HTTP Request,200,OK,Config 3: Exp8 1-23,text,false,Test failed: text expected to match /.*/,231,158,40,40,http://localhost:8079/?token=518504778&user=-1355064518&config=3,593,0,0
1777922322105,587,HTTP Request,200,OK,Config 3: Exp8 1-9,text,false,Test failed: text expected to match /.*/,231,158,40,40,http://localhost:8079/?token=518504778&user=-1355064518&config=3,587,0,0
1777922322138,637,HTTP Request,200,OK,Config 3: Exp8 1-38,text,false,Test failed: text expected to match /.*/,231,158,41,41,http://localhost:8079/?token=518504778&user=-1355064518&config=3,637,0,1
1777922322226,590,HTTP Request,200,OK,Config 3: Exp8 1-24,text,false,Test failed: text expected to match /.*/,231,158,41,41,http://localhost:8079/?token=518504778&user=-1355064518&config=3,590,0,0
1777922322314,584,HTTP Request,200,OK,Config 3: Exp8 1-10,text,false,Test failed: text expected to match /.*/,231,158,41,41,http://localhost:8079/?token=518504778&user=-1355064518&config=3,584,0,0
1777922322346,634,HTTP Request,200,OK,Config 3: Exp8 1-39,text,false,Test failed: text expected to match /.*/,231,158,42,42,http://localhost:8079/?token=518504778&user=-1355064518&config=3,634,0,0
1777922322435,586,HTTP Request,200,OK,Config 3: Exp8 1-25,text,false,Test failed: text expected to match /.*/,231,158,42,42,http://localhost:8079/?token=518504778&user=-1355064518&config=3,586,0,0
1777922322523,598,HTTP Request,200,OK,Config 3: Exp8 1-11,text,false,Test failed: text expected to match /.*/,231,158,42,42,http://localhost:8079/?token=518504778&user=-1355064518&config=3,598,0,0
1777922322555,628,HTTP Request,200,OK,Config 3: Exp8 1-40,text,false,Test failed: text expected to match /.*/,231,158,43,43,http://localhost:8079/?token=518504778&user=-1355064518&config=3,628,0,0
1777922322643,603,HTTP Request,200,OK,Config 3: Exp8 1-26,text,false,Test failed: text expected to match /.*/,231,158,43,43,http://localhost:8079/?token=518504778&user=-1355064518&config=3,603,0,0
1777922322731,596,HTTP Request,200,OK,Config 3: Exp8 1-12,text,false,Test failed: text expected to match /.*/,231,158,43,43,http://localhost:8079/?token=518504778&user=-1355064518&config=3,596,0,0
1777922322762,657,HTTP Request,200,OK,Config 3: Exp8 1-41,text,false,Test failed: text expected to match /.*/,231,158,44,44,http://localhost:8079/?token=518504778&user=-1355064518&config=3,657,0,0
1777922322851,601,HTTP Request,200,OK,Config 3: Exp8 1-27,text,false,Test failed: text expected to match /.*/,231,158,44,44,http://localhost:8079/?token=518504778&user=-1355064518&config=3,601,0,0
1777922322937,598,HTTP Request,200,OK,Config 3: Exp8 1-13,text,false,Test failed: text expected to match /.*/,231,158,44,44,http://localhost:8079/?token=518504778&user=-1355064518&config=3,598,0,0
1777922322970,649,HTTP Request,200,OK,Config 3: Exp8 1-42,text,false,Test failed: text expected to match /.*/,231,158,45,45,http://localhost:8079/?token=518504778&user=-1355064518&config=3,649,0,1
1777922323059,602,HTTP Request,200,OK,Config 3: Exp8 1-28,text,false,Test failed: text expected to match /.*/,231,158,45,45,http://localhost:8079/?token=518504778&user=-1355064518&config=3,602,0,0
1777922323147,597,HTTP Request,200,OK,Config 3: Exp8 1-14,text,false,Test failed: text expected to match /.*/,231,158,45,45,http://localhost:8079/?token=518504778&user=-1355064518&config=3,597,0,0
1777922323179,647,HTTP Request,200,OK,Config 3: Exp8 1-43,text,false,Test failed: text expected to match /.*/,231,158,46,46,http://localhost:8079/?token=518504778&user=-1355064518&config=3,647,0,0
1777922323267,600,HTTP Request,200,OK,Config 3: Exp8 1-29,text,false,Test failed: text expected to match /.*/,231,158,46,46,http://localhost:8079/?token=518504778&user=-1355064518&config=3,600,0,0
1777922323354,616,HTTP Request,200,OK,Config 3: Exp8 1-15,text,false,Test failed: text expected to match /.*/,231,158,46,46,http://localhost:8079/?token=518504778&user=-1355064518&config=3,616,0,0
1777922323387,645,HTTP Request,200,OK,Config 3: Exp8 1-44,text,false,Test failed: text expected to match /.*/,231,158,47,47,http://localhost:8079/?token=518504778&user=-1355064518&config=3,645,0,1
1777922323443,614,HTTP Request,200,OK,Config 3: Exp8 1-1,text,false,Test failed: text expected to match /.*/,231,158,47,47,http://localhost:8079/?token=518504778&user=-1355064518&config=3,614,0,0
1777922323474,622,HTTP Request,200,OK,Config 3: Exp8 1-30,text,false,Test failed: text expected to match /.*/,231,158,47,47,http://localhost:8079/?token=518504778&user=-1355064518&config=3,622,0,0
1777922323562,615,HTTP Request,200,OK,Config 3: Exp8 1-16,text,false,Test failed: text expected to match /.*/,231,158,47,47,http://localhost:8079/?token=518504778&user=-1355064518&config=3,615,0,0
1777922323595,659,HTTP Request,200,OK,Config 3: Exp8 1-45,text,false,Test failed: text expected to match /.*/,231,158,48,48,http://localhost:8079/?token=518504778&user=-1355064518&config=3,659,0,1
1777922323650,606,HTTP Request,200,OK,Config 3: Exp8 1-2,text,false,Test failed: text expected to match /.*/,231,158,48,48,http://localhost:8079/?token=518504778&user=-1355064518&config=3,606,0,0
1777922323681,608,HTTP Request,200,OK,Config 3: Exp8 1-31,text,false,Test failed: text expected to match /.*/,231,158,48,48,http://localhost:8079/?token=518504778&user=-1355064518&config=3,608,0,0
1777922323771,618,HTTP Request,200,OK,Config 3: Exp8 1-17,text,false,Test failed: text expected to match /.*/,231,158,48,48,http://localhost:8079/?token=518504778&user=-1355064518&config=3,618,0,0
1777922323802,666,HTTP Request,200,OK,Config 3: Exp8 1-46,text,false,Test failed: text expected to match /.*/,231,158,49,49,http://localhost:8079/?token=518504778&user=-1355064518&config=3,666,0,0
1777922323858,611,HTTP Request,200,OK,Config 3: Exp8 1-3,text,false,Test failed: text expected to match /.*/,231,158,49,49,http://localhost:8079/?token=518504778&user=-1355064518&config=3,611,0,0
1777922323890,611,HTTP Request,200,OK,Config 3: Exp8 1-32,text,false,Test failed: text expected to match /.*/,231,158,49,49,http://localhost:8079/?token=518504778&user=-1355064518&config=3,611,0,0
1777922323979,625,HTTP Request,200,OK,Config 3: Exp8 1-18,text,false,Test failed: text expected to match /.*/,231,158,49,49,http://localhost:8079/?token=518504778&user=-1355064518&config=3,625,0,0
1777922324010,671,HTTP Request,200,OK,Config 3: Exp8 1-47,text,false,Test failed: text expected to match /.*/,231,158,50,50,http://localhost:8079/?token=518504778&user=-1355064518&config=3,671,0,1
1777922324066,616,HTTP Request,200,OK,Config 3: Exp8 1-4,text,false,Test failed: text expected to match /.*/,231,158,50,50,http://localhost:8079/?token=518504778&user=-1355064518&config=3,616,0,0
1777922324098,619,HTTP Request,200,OK,Config 3: Exp8 1-33,text,false,Test failed: text expected to match /.*/,231,158,50,50,http://localhost:8079/?token=518504778&user=-1355064518&config=3,619,0,0
1777922324187,635,HTTP Request,200,OK,Config 3: Exp8 1-19,text,false,Test failed: text expected to match /.*/,231,158,50,50,http://localhost:8079/?token=518504778&user=-1355064518&config=3,635,0,0
1777922324218,665,HTTP Request,200,OK,Config 3: Exp8 1-48,text,false,Test failed: text expected to match /.*/,231,158,51,51,http://localhost:8079/?token=518504778&user=-1355064518&config=3,665,0,1
1777922324275,632,HTTP Request,200,OK,Config 3: Exp8 1-5,text,false,Test failed: text expected to match /.*/,231,158,51,51,http://localhost:8079/?token=518504778&user=-1355064518&config=3,632,0,0
1777922324306,643,HTTP Request,200,OK,Config 3: Exp8 1-34,text,false,Test failed: text expected to match /.*/,231,158,51,51,http://localhost:8079/?token=518504778&user=-1355064518&config=3,643,0,0
1777922324393,640,HTTP Request,200,OK,Config 3: Exp8 1-20,text,false,Test failed: text expected to match /.*/,231,158,51,51,http://localhost:8079/?token=518504778&user=-1355064518&config=3,640,0,0
1777922324426,669,HTTP Request,200,OK,Config 3: Exp8 1-49,text,false,Test failed: text expected to match /.*/,231,158,52,52,http://localhost:8079/?token=518504778&user=-1355064518&config=3,669,0,0
1777922324482,635,HTTP Request,200,OK,Config 3: Exp8 1-6,text,false,Test failed: text expected to match /.*/,231,158,52,52,http://localhost:8079/?token=518504778&user=-1355064518&config=3,635,0,0
1777922324513,648,HTTP Request,200,OK,Config 3: Exp8 1-35,text,false,Test failed: text expected to match /.*/,231,158,52,52,http://localhost:8079/?token=518504778&user=-1355064518&config=3,648,0,0
1777922324603,642,HTTP Request,200,OK,Config 3: Exp8 1-21,text,false,Test failed: text expected to match /.*/,231,158,52,52,http://localhost:8079/?token=518504778&user=-1355064518&config=3,642,0,0
1777922324634,676,HTTP Request,200,OK,Config 3: Exp8 1-50,text,false,Test failed: text expected to match /.*/,231,158,53,53,http://localhost:8079/?token=518504778&user=-1355064518&config=3,676,0,0
1777922324690,639,HTTP Request,200,OK,Config 3: Exp8 1-7,text,false,Test failed: text expected to match /.*/,231,158,53,53,http://localhost:8079/?token=518504778&user=-1355064518&config=3,639,0,0
1777922324721,651,HTTP Request,200,OK,Config 3: Exp8 1-36,text,false,Test failed: text expected to match /.*/,231,158,53,53,http://localhost:8079/?token=518504778&user=-1355064518&config=3,651,0,0
1777922324810,648,HTTP Request,200,OK,Config 3: Exp8 1-22,text,false,Test failed: text expected to match /.*/,231,158,53,53,http://localhost:8079/?token=518504778&user=-1355064518&config=3,648,0,0
1777922324843,680,HTTP Request,200,OK,Config 3: Exp8 1-51,text,false,Test failed: text expected to match /.*/,231,158,54,54,http://localhost:8079/?token=518504778&user=-1355064518&config=3,680,0,1
1777922324898,648,HTTP Request,200,OK,Config 3: Exp8 1-8,text,false,Test failed: text expected to match /.*/,231,158,54,54,http://localhost:8079/?token=518504778&user=-1355064518&config=3,648,0,0
1777922324930,656,HTTP Request,200,OK,Config 3: Exp8 1-37,text,false,Test failed: text expected to match /.*/,231,158,54,54,http://localhost:8079/?token=518504778&user=-1355064518&config=3,656,0,0
1777922325019,654,HTTP Request,200,OK,Config 3: Exp8 1-23,text,false,Test failed: text expected to match /.*/,231,158,54,54,http://localhost:8079/?token=518504778&user=-1355064518&config=3,654,0,0
1777922325051,684,HTTP Request,200,OK,Config 3: Exp8 1-52,text,false,Test failed: text expected to match /.*/,231,158,55,55,http://localhost:8079/?token=518504778&user=-1355064518&config=3,684,0,0
1777922325106,649,HTTP Request,200,OK,Config 3: Exp8 1-9,text,false,Test failed: text expected to match /.*/,231,158,55,55,http://localhost:8079/?token=518504778&user=-1355064518&config=3,649,0,0
1777922325138,662,HTTP Request,200,OK,Config 3: Exp8 1-38,text,false,Test failed: text expected to match /.*/,231,158,55,55,http://localhost:8079/?token=518504778&user=-1355064518&config=3,662,0,0
1777922325226,658,HTTP Request,200,OK,Config 3: Exp8 1-24,text,false,Test failed: text expected to match /.*/,231,158,56,56,http://localhost:8079/?token=518504778&user=-1355064518&config=3,658,0,0
1777922325258,691,HTTP Request,200,OK,Config 3: Exp8 1-53,text,false,Test failed: text expected to match /.*/,231,158,56,56,http://localhost:8079/?token=518504778&user=-1355064518&config=3,691,0,1
1777922325315,654,HTTP Request,200,OK,Config 3: Exp8 1-10,text,false,Test failed: text expected to match /.*/,231,158,56,56,http://localhost:8079/?token=518504778&user=-1355064518&config=3,654,0,0
1777922325345,648,HTTP Request,200,OK,Config 3: Exp8 1-39,text,false,Test failed: text expected to match /.*/,231,158,56,56,http://localhost:8079/?token=518504778&user=-1355064518&config=3,648,0,0
1777922325435,663,HTTP Request,200,OK,Config 3: Exp8 1-25,text,false,Test failed: text expected to match /.*/,231,158,57,57,http://localhost:8079/?token=518504778&user=-1355064518&config=3,663,0,0
1777922325467,696,HTTP Request,200,OK,Config 3: Exp8 1-54,text,false,Test failed: text expected to match /.*/,231,158,57,57,http://localhost:8079/?token=518504778&user=-1355064518&config=3,696,0,0
1777922325523,662,HTTP Request,200,OK,Config 3: Exp8 1-11,text,false,Test failed: text expected to match /.*/,231,158,57,57,http://localhost:8079/?token=518504778&user=-1355064518&config=3,662,0,0
1777922325554,651,HTTP Request,200,OK,Config 3: Exp8 1-40,text,false,Test failed: text expected to match /.*/,231,158,57,57,http://localhost:8079/?token=518504778&user=-1355064518&config=3,651,0,0
1777922325642,670,HTTP Request,200,OK,Config 3: Exp8 1-26,text,false,Test failed: text expected to match /.*/,231,158,58,58,http://localhost:8079/?token=518504778&user=-1355064518&config=3,670,0,0
1777922325675,701,HTTP Request,200,OK,Config 3: Exp8 1-55,text,false,Test failed: text expected to match /.*/,231,158,58,58,http://localhost:8079/?token=518504778&user=-1355064518&config=3,701,0,1
1777922325731,666,HTTP Request,200,OK,Config 3: Exp8 1-12,text,false,Test failed: text expected to match /.*/,231,158,58,58,http://localhost:8079/?token=518504778&user=-1355064518&config=3,666,0,0
1777922325761,659,HTTP Request,200,OK,Config 3: Exp8 1-41,text,false,Test failed: text expected to match /.*/,231,158,58,58,http://localhost:8079/?token=518504778&user=-1355064518&config=3,659,0,0
1777922325850,674,HTTP Request,200,OK,Config 3: Exp8 1-27,text,false,Test failed: text expected to match /.*/,231,158,59,59,http://localhost:8079/?token=518504778&user=-1355064518&config=3,674,0,0
1777922325882,708,HTTP Request,200,OK,Config 3: Exp8 1-56,text,false,Test failed: text expected to match /.*/,231,158,59,59,http://localhost:8079/?token=518504778&user=-1355064518&config=3,708,0,0
1777922325937,673,HTTP Request,200,OK,Config 3: Exp8 1-13,text,false,Test failed: text expected to match /.*/,231,158,59,59,http://localhost:8079/?token=518504778&user=-1355064518&config=3,673,0,0
1777922325970,662,HTTP Request,200,OK,Config 3: Exp8 1-42,text,false,Test failed: text expected to match /.*/,231,158,59,59,http://localhost:8079/?token=518504778&user=-1355064518&config=3,662,0,0
1777922326058,676,HTTP Request,200,OK,Config 3: Exp8 1-28,text,false,Test failed: text expected to match /.*/,231,158,60,60,http://localhost:8079/?token=518504778&user=-1355064518&config=3,676,0,0
1777922326090,708,HTTP Request,200,OK,Config 3: Exp8 1-57,text,false,Test failed: text expected to match /.*/,231,158,60,60,http://localhost:8079/?token=518504778&user=-1355064518&config=3,708,0,1
1777922326145,675,HTTP Request,200,OK,Config 3: Exp8 1-14,text,false,Test failed: text expected to match /.*/,231,158,60,60,http://localhost:8079/?token=518504778&user=-1355064518&config=3,675,0,0
1777922326177,684,HTTP Request,200,OK,Config 3: Exp8 1-43,text,false,Test failed: text expected to match /.*/,231,158,60,60,http://localhost:8079/?token=518504778&user=-1355064518&config=3,684,0,0
1777922326265,687,HTTP Request,200,OK,Config 3: Exp8 1-29,text,false,Test failed: text expected to match /.*/,231,158,61,61,http://localhost:8079/?token=518504778&user=-1355064518&config=3,687,0,0
1777922326297,712,HTTP Request,200,OK,Config 3: Exp8 1-58,text,false,Test failed: text expected to match /.*/,231,158,61,61,http://localhost:8079/?token=518504778&user=-1355064518&config=3,712,0,0
1777922326354,678,HTTP Request,200,OK,Config 3: Exp8 1-15,text,false,Test failed: text expected to match /.*/,231,158,61,61,http://localhost:8079/?token=518504778&user=-1355064518&config=3,678,0,0
1777922326386,688,HTTP Request,200,OK,Config 3: Exp8 1-44,text,false,Test failed: text expected to match /.*/,231,158,61,61,http://localhost:8079/?token=518504778&user=-1355064518&config=3,688,0,0
1777922326442,673,HTTP Request,200,OK,Config 3: Exp8 1-1,text,false,Test failed: text expected to match /.*/,231,158,61,61,http://localhost:8079/?token=518504778&user=-1355064518&config=3,673,0,0
1777922326474,686,HTTP Request,200,OK,Config 3: Exp8 1-30,text,false,Test failed: text expected to match /.*/,231,158,62,62,http://localhost:8079/?token=518504778&user=-1355064518&config=3,686,0,0
1777922326505,718,HTTP Request,200,OK,Config 3: Exp8 1-59,text,false,Test failed: text expected to match /.*/,231,158,62,62,http://localhost:8079/?token=518504778&user=-1355064518&config=3,718,0,1
1777922326562,684,HTTP Request,200,OK,Config 3: Exp8 1-16,text,false,Test failed: text expected to match /.*/,231,158,62,62,http://localhost:8079/?token=518504778&user=-1355064518&config=3,684,0,0
1777922326594,693,HTTP Request,200,OK,Config 3: Exp8 1-45,text,false,Test failed: text expected to match /.*/,231,158,62,62,http://localhost:8079/?token=518504778&user=-1355064518&config=3,693,0,0
1777922326648,681,HTTP Request,200,OK,Config 3: Exp8 1-2,text,false,Test failed: text expected to match /.*/,231,158,62,62,http://localhost:8079/?token=518504778&user=-1355064518&config=3,681,0,0
1777922326680,693,HTTP Request,200,OK,Config 3: Exp8 1-31,text,false,Test failed: text expected to match /.*/,231,158,63,63,http://localhost:8079/?token=518504778&user=-1355064518&config=3,693,0,0
1777922326714,738,HTTP Request,200,OK,Config 3: Exp8 1-60,text,false,Test failed: text expected to match /.*/,231,158,63,63,http://localhost:8079/?token=518504778&user=-1355064518&config=3,738,0,0
1777922326770,684,HTTP Request,200,OK,Config 3: Exp8 1-17,text,false,Test failed: text expected to match /.*/,231,158,63,63,http://localhost:8079/?token=518504778&user=-1355064518&config=3,684,0,0
1777922326800,684,HTTP Request,200,OK,Config 3: Exp8 1-46,text,false,Test failed: text expected to match /.*/,231,158,63,63,http://localhost:8079/?token=518504778&user=-1355064518&config=3,684,0,0
1777922326856,693,HTTP Request,200,OK,Config 3: Exp8 1-3,text,false,Test failed: text expected to match /.*/,231,158,64,64,http://localhost:8079/?token=518504778&user=-1355064518&config=3,693,0,0
1777922326889,702,HTTP Request,200,OK,Config 3: Exp8 1-32,text,false,Test failed: text expected to match /.*/,231,158,64,64,http://localhost:8079/?token=518504778&user=-1355064518&config=3,702,0,0
1777922326921,737,HTTP Request,200,OK,Config 3: Exp8 1-61,text,false,Test failed: text expected to match /.*/,231,158,64,64,http://localhost:8079/?token=518504778&user=-1355064518&config=3,737,0,1
1777922326977,702,HTTP Request,200,OK,Config 3: Exp8 1-18,text,false,Test failed: text expected to match /.*/,231,158,64,64,http://localhost:8079/?token=518504778&user=-1355064518&config=3,702,0,0
1777922327009,693,HTTP Request,200,OK,Config 3: Exp8 1-47,text,false,Test failed: text expected to match /.*/,231,158,64,64,http://localhost:8079/?token=518504778&user=-1355064518&config=3,693,0,0
1777922327066,700,HTTP Request,200,OK,Config 3: Exp8 1-4,text,false,Test failed: text expected to match /.*/,231,158,65,65,http://localhost:8079/?token=518504778&user=-1355064518&config=3,700,0,0
1777922327097,714,HTTP Request,200,OK,Config 3: Exp8 1-33,text,false,Test failed: text expected to match /.*/,231,158,65,65,http://localhost:8079/?token=518504778&user=-1355064518&config=3,714,0,0
1777922327129,744,HTTP Request,200,OK,Config 3: Exp8 1-62,text,false,Test failed: text expected to match /.*/,231,158,65,65,http://localhost:8079/?token=518504778&user=-1355064518&config=3,744,0,1
1777922327185,710,HTTP Request,200,OK,Config 3: Exp8 1-19,text,false,Test failed: text expected to match /.*/,231,158,65,65,http://localhost:8079/?token=518504778&user=-1355064518&config=3,710,0,0
1777922327216,702,HTTP Request,200,OK,Config 3: Exp8 1-48,text,false,Test failed: text expected to match /.*/,231,158,65,65,http://localhost:8079/?token=518504778&user=-1355064518&config=3,702,0,0
1777922327273,711,HTTP Request,200,OK,Config 3: Exp8 1-5,text,false,Test failed: text expected to match /.*/,231,158,66,66,http://localhost:8079/?token=518504778&user=-1355064518&config=3,711,0,0
1777922327305,721,HTTP Request,200,OK,Config 3: Exp8 1-34,text,false,Test failed: text expected to match /.*/,231,158,66,66,http://localhost:8079/?token=518504778&user=-1355064518&config=3,721,0,0
1777922327338,754,HTTP Request,200,OK,Config 3: Exp8 1-63,text,false,Test failed: text expected to match /.*/,231,158,66,66,http://localhost:8079/?token=518504778&user=-1355064518&config=3,754,0,0
1777922327393,720,HTTP Request,200,OK,Config 3: Exp8 1-20,text,false,Test failed: text expected to match /.*/,231,158,66,66,http://localhost:8079/?token=518504778&user=-1355064518&config=3,720,0,0
1777922327424,712,HTTP Request,200,OK,Config 3: Exp8 1-49,text,false,Test failed: text expected to match /.*/,231,158,66,66,http://localhost:8079/?token=518504778&user=-1355064518&config=3,712,0,0
1777922327480,716,HTTP Request,200,OK,Config 3: Exp8 1-6,text,false,Test failed: text expected to match /.*/,231,158,67,67,http://localhost:8079/?token=518504778&user=-1355064518&config=3,716,0,0
1777922327512,729,HTTP Request,200,OK,Config 3: Exp8 1-35,text,false,Test failed: text expected to match /.*/,231,158,67,67,http://localhost:8079/?token=518504778&user=-1355064518&config=3,729,0,0
1777922327545,761,HTTP Request,200,OK,Config 3: Exp8 1-64,text,false,Test failed: text expected to match /.*/,231,158,67,67,http://localhost:8079/?token=518504778&user=-1355064518&config=3,761,0,1
1777922327601,726,HTTP Request,200,OK,Config 3: Exp8 1-21,text,false,Test failed: text expected to match /.*/,231,158,67,67,http://localhost:8079/?token=518504778&user=-1355064518&config=3,726,0,0
1777922327632,718,HTTP Request,200,OK,Config 3: Exp8 1-50,text,false,Test failed: text expected to match /.*/,231,158,67,67,http://localhost:8079/?token=518504778&user=-1355064518&config=3,718,0,0
1777922327689,730,HTTP Request,200,OK,Config 3: Exp8 1-7,text,false,Test failed: text expected to match /.*/,231,158,68,68,http://localhost:8079/?token=518504778&user=-1355064518&config=3,730,0,0
1777922327721,715,HTTP Request,200,OK,Config 3: Exp8 1-36,text,false,Test failed: text expected to match /.*/,231,158,68,68,http://localhost:8079/?token=518504778&user=-1355064518&config=3,715,0,0
1777922327753,770,HTTP Request,200,OK,Config 3: Exp8 1-65,text,false,Test failed: text expected to match /.*/,231,158,68,68,http://localhost:8079/?token=518504778&user=-1355064518&config=3,770,0,1
1777922327810,733,HTTP Request,200,OK,Config 3: Exp8 1-22,text,false,Test failed: text expected to match /.*/,231,158,68,68,http://localhost:8079/?token=518504778&user=-1355064518&config=3,733,0,0
1777922327841,725,HTTP Request,200,OK,Config 3: Exp8 1-51,text,false,Test failed: text expected to match /.*/,231,158,68,68,http://localhost:8079/?token=518504778&user=-1355064518&config=3,725,0,0
1777922327897,733,HTTP Request,200,OK,Config 3: Exp8 1-8,text,false,Test failed: text expected to match /.*/,231,158,69,69,http://localhost:8079/?token=518504778&user=-1355064518&config=3,733,0,0
1777922327928,725,HTTP Request,200,OK,Config 3: Exp8 1-37,text,false,Test failed: text expected to match /.*/,231,158,69,69,http://localhost:8079/?token=518504778&user=-1355064518&config=3,725,0,0
1777922327961,777,HTTP Request,200,OK,Config 3: Exp8 1-66,text,false,Test failed: text expected to match /.*/,231,158,69,69,http://localhost:8079/?token=518504778&user=-1355064518&config=3,777,0,1
1777922328018,741,HTTP Request,200,OK,Config 3: Exp8 1-23,text,false,Test failed: text expected to match /.*/,231,158,69,69,http://localhost:8079/?token=518504778&user=-1355064518&config=3,741,0,0
1777922328050,732,HTTP Request,200,OK,Config 3: Exp8 1-52,text,false,Test failed: text expected to match /.*/,231,158,69,69,http://localhost:8079/?token=518504778&user=-1355064518&config=3,732,0,0
1777922328105,739,HTTP Request,200,OK,Config 3: Exp8 1-9,text,false,Test failed: text expected to match /.*/,231,158,70,70,http://localhost:8079/?token=518504778&user=-1355064518&config=3,739,0,0
1777922328136,732,HTTP Request,200,OK,Config 3: Exp8 1-38,text,false,Test failed: text expected to match /.*/,231,158,70,70,http://localhost:8079/?token=518504778&user=-1355064518&config=3,732,0,0
1777922328169,784,HTTP Request,200,OK,Config 3: Exp8 1-67,text,false,Test failed: text expected to match /.*/,231,158,70,70,http://localhost:8079/?token=518504778&user=-1355064518&config=3,784,0,1
1777922328225,749,HTTP Request,200,OK,Config 3: Exp8 1-24,text,false,Test failed: text expected to match /.*/,231,158,70,70,http://localhost:8079/?token=518504778&user=-1355064518&config=3,749,0,0
1777922328257,743,HTTP Request,200,OK,Config 3: Exp8 1-53,text,false,Test failed: text expected to match /.*/,231,158,70,70,http://localhost:8079/?token=518504778&user=-1355064518&config=3,743,0,0
1777922328314,747,HTTP Request,200,OK,Config 3: Exp8 1-10,text,false,Test failed: text expected to match /.*/,231,158,71,71,http://localhost:8079/?token=518504778&user=-1355064518&config=3,747,0,0
1777922328344,740,HTTP Request,200,OK,Config 3: Exp8 1-39,text,false,Test failed: text expected to match /.*/,231,158,71,71,http://localhost:8079/?token=518504778&user=-1355064518&config=3,740,0,0
1777922328378,790,HTTP Request,200,OK,Config 3: Exp8 1-68,text,false,Test failed: text expected to match /.*/,231,158,71,71,http://localhost:8079/?token=518504778&user=-1355064518&config=3,790,0,0
1777922328434,754,HTTP Request,200,OK,Config 3: Exp8 1-25,text,false,Test failed: text expected to match /.*/,231,158,71,71,http://localhost:8079/?token=518504778&user=-1355064518&config=3,754,0,0
1777922328465,748,HTTP Request,200,OK,Config 3: Exp8 1-54,text,false,Test failed: text expected to match /.*/,231,158,72,72,http://localhost:8079/?token=518504778&user=-1355064518&config=3,748,0,0
1777922328522,755,HTTP Request,200,OK,Config 3: Exp8 1-11,text,false,Test failed: text expected to match /.*/,231,158,72,72,http://localhost:8079/?token=518504778&user=-1355064518&config=3,755,0,0
1777922328554,747,HTTP Request,200,OK,Config 3: Exp8 1-40,text,false,Test failed: text expected to match /.*/,231,158,72,72,http://localhost:8079/?token=518504778&user=-1355064518&config=3,747,0,0
1777922328642,742,HTTP Request,200,OK,Config 3: Exp8 1-26,text,false,Test failed: text expected to match /.*/,231,158,72,72,http://localhost:8079/?token=518504778&user=-1355064518&config=3,742,0,0
1777922328587,799,HTTP Request,200,OK,Config 3: Exp8 1-69,text,false,Test failed: text expected to match /.*/,231,158,72,72,http://localhost:8079/?token=518504778&user=-1355064518&config=3,799,0,0
1777922328673,745,HTTP Request,200,OK,Config 3: Exp8 1-55,text,false,Test failed: text expected to match /.*/,231,158,73,73,http://localhost:8079/?token=518504778&user=-1355064518&config=3,745,0,0
1777922328731,747,HTTP Request,200,OK,Config 3: Exp8 1-12,text,false,Test failed: text expected to match /.*/,231,158,73,73,http://localhost:8079/?token=518504778&user=-1355064518&config=3,747,0,0
1777922328760,762,HTTP Request,200,OK,Config 3: Exp8 1-41,text,false,Test failed: text expected to match /.*/,231,158,73,73,http://localhost:8079/?token=518504778&user=-1355064518&config=3,762,0,0
1777922328793,793,HTTP Request,200,OK,Config 3: Exp8 1-70,text,false,Test failed: text expected to match /.*/,231,158,73,73,http://localhost:8079/?token=518504778&user=-1355064518&config=3,793,0,1
1777922328850,758,HTTP Request,200,OK,Config 3: Exp8 1-27,text,false,Test failed: text expected to match /.*/,231,158,73,73,http://localhost:8079/?token=518504778&user=-1355064518&config=3,758,0,0
1777922328880,779,HTTP Request,200,OK,Config 3: Exp8 1-56,text,false,Test failed: text expected to match /.*/,231,158,74,74,http://localhost:8079/?token=518504778&user=-1355064518&config=3,779,0,0
1777922328936,756,HTTP Request,200,OK,Config 3: Exp8 1-13,text,false,Test failed: text expected to match /.*/,231,158,74,74,http://localhost:8079/?token=518504778&user=-1355064518&config=3,756,0,0
1777922328969,768,HTTP Request,200,OK,Config 3: Exp8 1-42,text,false,Test failed: text expected to match /.*/,231,158,74,74,http://localhost:8079/?token=518504778&user=-1355064518&config=3,768,0,0
1777922329001,800,HTTP Request,200,OK,Config 3: Exp8 1-71,text,false,Test failed: text expected to match /.*/,231,158,74,74,http://localhost:8079/?token=518504778&user=-1355064518&config=3,800,0,1
1777922329057,765,HTTP Request,200,OK,Config 3: Exp8 1-28,text,false,Test failed: text expected to match /.*/,231,158,74,74,http://localhost:8079/?token=518504778&user=-1355064518&config=3,765,0,0
1777922329090,773,HTTP Request,200,OK,Config 3: Exp8 1-57,text,false,Test failed: text expected to match /.*/,231,158,75,75,http://localhost:8079/?token=518504778&user=-1355064518&config=3,773,0,0
1777922329145,762,HTTP Request,200,OK,Config 3: Exp8 1-14,text,false,Test failed: text expected to match /.*/,231,158,75,75,http://localhost:8079/?token=518504778&user=-1355064518&config=3,762,0,0
1777922329177,774,HTTP Request,200,OK,Config 3: Exp8 1-43,text,false,Test failed: text expected to match /.*/,231,158,75,75,http://localhost:8079/?token=518504778&user=-1355064518&config=3,774,0,0
1777922329209,807,HTTP Request,200,OK,Config 3: Exp8 1-72,text,false,Test failed: text expected to match /.*/,231,158,75,75,http://localhost:8079/?token=518504778&user=-1355064518&config=3,807,0,1
1777922329266,772,HTTP Request,200,OK,Config 3: Exp8 1-29,text,false,Test failed: text expected to match /.*/,231,158,75,75,http://localhost:8079/?token=518504778&user=-1355064518&config=3,772,0,0
1777922329296,785,HTTP Request,200,OK,Config 3: Exp8 1-58,text,false,Test failed: text expected to match /.*/,231,158,76,76,http://localhost:8079/?token=518504778&user=-1355064518&config=3,785,0,0
1777922329353,770,HTTP Request,200,OK,Config 3: Exp8 1-15,text,false,Test failed: text expected to match /.*/,231,158,76,76,http://localhost:8079/?token=518504778&user=-1355064518&config=3,770,0,0
1777922329387,779,HTTP Request,200,OK,Config 3: Exp8 1-44,text,false,Test failed: text expected to match /.*/,231,158,76,76,http://localhost:8079/?token=518504778&user=-1355064518&config=3,779,0,0
1777922329442,774,HTTP Request,200,OK,Config 3: Exp8 1-1,text,false,Test failed: text expected to match /.*/,231,158,76,76,http://localhost:8079/?token=518504778&user=-1355064518&config=3,774,0,0
1777922329417,802,HTTP Request,200,OK,Config 3: Exp8 1-73,text,false,Test failed: text expected to match /.*/,231,158,76,76,http://localhost:8079/?token=518504778&user=-1355064518&config=3,802,0,0
1777922329474,774,HTTP Request,200,OK,Config 3: Exp8 1-30,text,false,Test failed: text expected to match /.*/,231,158,76,76,http://localhost:8079/?token=518504778&user=-1355064518&config=3,774,0,0
1777922329505,782,HTTP Request,200,OK,Config 3: Exp8 1-59,text,false,Test failed: text expected to match /.*/,231,158,77,77,http://localhost:8079/?token=518504778&user=-1355064518&config=3,782,0,0
1777922329561,786,HTTP Request,200,OK,Config 3: Exp8 1-16,text,false,Test failed: text expected to match /.*/,231,158,77,77,http://localhost:8079/?token=518504778&user=-1355064518&config=3,786,0,0
1777922329594,795,HTTP Request,200,OK,Config 3: Exp8 1-45,text,false,Test failed: text expected to match /.*/,231,158,77,77,http://localhost:8079/?token=518504778&user=-1355064518&config=3,795,0,0
1777922329649,782,HTTP Request,200,OK,Config 3: Exp8 1-2,text,false,Test failed: text expected to match /.*/,231,158,77,77,http://localhost:8079/?token=518504778&user=-1355064518&config=3,782,0,0
1777922329625,828,HTTP Request,200,OK,Config 3: Exp8 1-74,text,false,Test failed: text expected to match /.*/,231,158,77,77,http://localhost:8079/?token=518504778&user=-1355064518&config=3,828,0,0
1777922329681,794,HTTP Request,200,OK,Config 3: Exp8 1-31,text,false,Test failed: text expected to match /.*/,231,158,78,78,http://localhost:8079/?token=518504778&user=-1355064518&config=3,794,0,0
1777922329713,801,HTTP Request,200,OK,Config 3: Exp8 1-60,text,false,Test failed: text expected to match /.*/,231,158,78,78,http://localhost:8079/?token=518504778&user=-1355064518&config=3,801,0,0
1777922329769,785,HTTP Request,200,OK,Config 3: Exp8 1-17,text,false,Test failed: text expected to match /.*/,231,158,78,78,http://localhost:8079/?token=518504778&user=-1355064518&config=3,785,0,0
1777922329801,794,HTTP Request,200,OK,Config 3: Exp8 1-46,text,false,Test failed: text expected to match /.*/,231,158,78,78,http://localhost:8079/?token=518504778&user=-1355064518&config=3,794,0,0
1777922329857,801,HTTP Request,200,OK,Config 3: Exp8 1-3,text,false,Test failed: text expected to match /.*/,231,158,78,78,http://localhost:8079/?token=518504778&user=-1355064518&config=3,801,0,0
1777922329834,847,HTTP Request,200,OK,Config 3: Exp8 1-75,text,false,Test failed: text expected to match /.*/,231,158,79,79,http://localhost:8079/?token=518504778&user=-1355064518&config=3,847,0,0
1777922329888,795,HTTP Request,200,OK,Config 3: Exp8 1-32,text,false,Test failed: text expected to match /.*/,231,158,79,79,http://localhost:8079/?token=518504778&user=-1355064518&config=3,795,0,0
1777922329922,794,HTTP Request,200,OK,Config 3: Exp8 1-61,text,false,Test failed: text expected to match /.*/,231,158,79,79,http://localhost:8079/?token=518504778&user=-1355064518&config=3,794,0,0
1777922329978,799,HTTP Request,200,OK,Config 3: Exp8 1-18,text,false,Test failed: text expected to match /.*/,231,158,79,79,http://localhost:8079/?token=518504778&user=-1355064518&config=3,799,0,0
1777922330008,813,HTTP Request,200,OK,Config 3: Exp8 1-47,text,false,Test failed: text expected to match /.*/,231,158,79,79,http://localhost:8079/?token=518504778&user=-1355064518&config=3,813,0,0
1777922330042,828,HTTP Request,200,OK,Config 3: Exp8 1-76,text,false,Test failed: text expected to match /.*/,231,158,79,79,http://localhost:8079/?token=518504778&user=-1355064518&config=3,828,0,1
1777922330066,807,HTTP Request,200,OK,Config 3: Exp8 1-4,text,false,Test failed: text expected to match /.*/,231,158,80,80,http://localhost:8079/?token=518504778&user=-1355064518&config=3,807,0,0
1777922330098,805,HTTP Request,200,OK,Config 3: Exp8 1-33,text,false,Test failed: text expected to match /.*/,231,158,80,80,http://localhost:8079/?token=518504778&user=-1355064518&config=3,805,0,0
1777922330128,816,HTTP Request,200,OK,Config 3: Exp8 1-62,text,false,Test failed: text expected to match /.*/,231,158,80,80,http://localhost:8079/?token=518504778&user=-1355064518&config=3,816,0,0
1777922330185,819,HTTP Request,200,OK,Config 3: Exp8 1-19,text,false,Test failed: text expected to match /.*/,231,158,80,80,http://localhost:8079/?token=518504778&user=-1355064518&config=3,819,0,0
1777922330217,809,HTTP Request,200,OK,Config 3: Exp8 1-48,text,false,Test failed: text expected to match /.*/,231,158,80,80,http://localhost:8079/?token=518504778&user=-1355064518&config=3,809,0,0
1777922330274,815,HTTP Request,200,OK,Config 3: Exp8 1-5,text,false,Test failed: text expected to match /.*/,231,158,81,81,http://localhost:8079/?token=518504778&user=-1355064518&config=3,815,0,0
1777922330249,865,HTTP Request,200,OK,Config 3: Exp8 1-77,text,false,Test failed: text expected to match /.*/,231,158,81,81,http://localhost:8079/?token=518504778&user=-1355064518&config=3,865,0,1
1777922330304,827,HTTP Request,200,OK,Config 3: Exp8 1-34,text,false,Test failed: text expected to match /.*/,231,158,81,81,http://localhost:8079/?token=518504778&user=-1355064518&config=3,827,0,0
1777922330338,816,HTTP Request,200,OK,Config 3: Exp8 1-63,text,false,Test failed: text expected to match /.*/,231,158,81,81,http://localhost:8079/?token=518504778&user=-1355064518&config=3,816,0,0
1777922330393,820,HTTP Request,200,OK,Config 3: Exp8 1-20,text,false,Test failed: text expected to match /.*/,231,158,81,81,http://localhost:8079/?token=518504778&user=-1355064518&config=3,819,0,0
1777922330424,831,HTTP Request,200,OK,Config 3: Exp8 1-49,text,false,Test failed: text expected to match /.*/,231,158,81,81,http://localhost:8079/?token=518504778&user=-1355064518&config=3,831,0,0
1777922330481,839,HTTP Request,200,OK,Config 3: Exp8 1-6,text,false,Test failed: text expected to match /.*/,231,158,82,82,http://localhost:8079/?token=518504778&user=-1355064518&config=3,839,0,0
1777922330513,821,HTTP Request,200,OK,Config 3: Exp8 1-35,text,false,Test failed: text expected to match /.*/,231,158,82,82,http://localhost:8079/?token=518504778&user=-1355064518&config=3,821,0,0
1777922330457,880,HTTP Request,200,OK,Config 3: Exp8 1-78,text,false,Test failed: text expected to match /.*/,231,158,82,82,http://localhost:8079/?token=518504778&user=-1355064518&config=3,880,0,0
1777922330545,825,HTTP Request,200,OK,Config 3: Exp8 1-64,text,false,Test failed: text expected to match /.*/,231,158,82,82,http://localhost:8079/?token=518504778&user=-1355064518&config=3,825,0,0
1777922330601,827,HTTP Request,200,OK,Config 3: Exp8 1-21,text,false,Test failed: text expected to match /.*/,231,158,82,82,http://localhost:8079/?token=518504778&user=-1355064518&config=3,827,0,0
1777922330633,837,HTTP Request,200,OK,Config 3: Exp8 1-50,text,false,Test failed: text expected to match /.*/,231,158,82,82,http://localhost:8079/?token=518504778&user=-1355064518&config=3,837,0,0
1777922330689,846,HTTP Request,200,OK,Config 3: Exp8 1-7,text,false,Test failed: text expected to match /.*/,231,158,83,83,http://localhost:8079/?token=518504778&user=-1355064518&config=3,846,0,0
1777922330721,829,HTTP Request,200,OK,Config 3: Exp8 1-36,text,false,Test failed: text expected to match /.*/,231,158,83,83,http://localhost:8079/?token=518504778&user=-1355064518&config=3,829,0,0
1777922330665,888,HTTP Request,200,OK,Config 3: Exp8 1-79,text,false,Test failed: text expected to match /.*/,231,158,83,83,http://localhost:8079/?token=518504778&user=-1355064518&config=3,888,0,0
1777922330752,833,HTTP Request,200,OK,Config 3: Exp8 1-65,text,false,Test failed: text expected to match /.*/,231,158,83,83,http://localhost:8079/?token=518504778&user=-1355064518&config=3,833,0,0
1777922330809,835,HTTP Request,200,OK,Config 3: Exp8 1-22,text,false,Test failed: text expected to match /.*/,231,158,83,83,http://localhost:8079/?token=518504778&user=-1355064518&config=3,835,0,0
1777922330842,844,HTTP Request,200,OK,Config 3: Exp8 1-51,text,false,Test failed: text expected to match /.*/,231,158,83,83,http://localhost:8079/?token=518504778&user=-1355064518&config=3,844,0,0
1777922330897,851,HTTP Request,200,OK,Config 3: Exp8 1-8,text,false,Test failed: text expected to match /.*/,231,158,84,84,http://localhost:8079/?token=518504778&user=-1355064518&config=3,851,0,0
1777922330873,893,HTTP Request,200,OK,Config 3: Exp8 1-80,text,false,Test failed: text expected to match /.*/,231,158,84,84,http://localhost:8079/?token=518504778&user=-1355064518&config=3,893,0,0
1777922330929,856,HTTP Request,200,OK,Config 3: Exp8 1-37,text,false,Test failed: text expected to match /.*/,231,158,84,84,http://localhost:8079/?token=518504778&user=-1355064518&config=3,856,0,0
1777922330962,845,HTTP Request,200,OK,Config 3: Exp8 1-66,text,false,Test failed: text expected to match /.*/,231,158,84,84,http://localhost:8079/?token=518504778&user=-1355064518&config=3,845,0,0
1777922331017,850,HTTP Request,200,OK,Config 3: Exp8 1-23,text,false,Test failed: text expected to match /.*/,231,158,84,84,http://localhost:8079/?token=518504778&user=-1355064518&config=3,850,0,0
1777922331049,859,HTTP Request,200,OK,Config 3: Exp8 1-52,text,false,Test failed: text expected to match /.*/,231,158,84,84,http://localhost:8079/?token=518504778&user=-1355064518&config=3,859,0,0
1777922331104,850,HTTP Request,200,OK,Config 3: Exp8 1-9,text,false,Test failed: text expected to match /.*/,231,158,85,85,http://localhost:8079/?token=518504778&user=-1355064518&config=3,850,0,0
1777922331082,874,HTTP Request,200,OK,Config 3: Exp8 1-81,text,false,Test failed: text expected to match /.*/,231,158,85,85,http://localhost:8079/?token=518504778&user=-1355064518&config=3,874,0,0
1777922331136,850,HTTP Request,200,OK,Config 3: Exp8 1-38,text,false,Test failed: text expected to match /.*/,231,158,85,85,http://localhost:8079/?token=518504778&user=-1355064518&config=3,850,0,0
1777922331168,857,HTTP Request,200,OK,Config 3: Exp8 1-67,text,false,Test failed: text expected to match /.*/,231,158,85,85,http://localhost:8079/?token=518504778&user=-1355064518&config=3,857,0,0
1777922331226,858,HTTP Request,200,OK,Config 3: Exp8 1-24,text,false,Test failed: text expected to match /.*/,231,158,85,85,http://localhost:8079/?token=518504778&user=-1355064518&config=3,858,0,0
1777922331258,868,HTTP Request,200,OK,Config 3: Exp8 1-53,text,false,Test failed: text expected to match /.*/,231,158,86,86,http://localhost:8079/?token=518504778&user=-1355064518&config=3,868,0,0
1777922331314,852,HTTP Request,200,OK,Config 3: Exp8 1-10,text,false,Test failed: text expected to match /.*/,231,158,86,86,http://localhost:8079/?token=518504778&user=-1355064518&config=3,852,0,0
1777922331289,899,HTTP Request,200,OK,Config 3: Exp8 1-82,text,false,Test failed: text expected to match /.*/,231,158,86,86,http://localhost:8079/?token=518504778&user=-1355064518&config=3,899,0,1
1777922331345,865,HTTP Request,200,OK,Config 3: Exp8 1-39,text,false,Test failed: text expected to match /.*/,231,158,86,86,http://localhost:8079/?token=518504778&user=-1355064518&config=3,865,0,0
1777922331378,871,HTTP Request,200,OK,Config 3: Exp8 1-68,text,false,Test failed: text expected to match /.*/,231,158,86,86,http://localhost:8079/?token=518504778&user=-1355064518&config=3,871,0,0
1777922331434,875,HTTP Request,200,OK,Config 3: Exp8 1-25,text,false,Test failed: text expected to match /.*/,231,158,86,86,http://localhost:8079/?token=518504778&user=-1355064518&config=3,875,0,0
1777922331465,866,HTTP Request,200,OK,Config 3: Exp8 1-54,text,false,Test failed: text expected to match /.*/,231,158,87,87,http://localhost:8079/?token=518504778&user=-1355064518&config=3,866,0,0
1777922331522,866,HTTP Request,200,OK,Config 3: Exp8 1-11,text,false,Test failed: text expected to match /.*/,231,158,87,87,http://localhost:8079/?token=518504778&user=-1355064518&config=3,866,0,0
1777922331497,914,HTTP Request,200,OK,Config 3: Exp8 1-83,text,false,Test failed: text expected to match /.*/,231,158,87,87,http://localhost:8079/?token=518504778&user=-1355064518&config=3,914,0,1
1777922331553,877,HTTP Request,200,OK,Config 3: Exp8 1-40,text,false,Test failed: text expected to match /.*/,231,158,87,87,http://localhost:8079/?token=518504778&user=-1355064518&config=3,877,0,0
1777922331586,883,HTTP Request,200,OK,Config 3: Exp8 1-69,text,false,Test failed: text expected to match /.*/,231,158,87,87,http://localhost:8079/?token=518504778&user=-1355064518&config=3,883,0,0
1777922331641,871,HTTP Request,200,OK,Config 3: Exp8 1-26,text,false,Test failed: text expected to match /.*/,231,158,87,87,http://localhost:8079/?token=518504778&user=-1355064518&config=3,871,0,0
1777922331674,879,HTTP Request,200,OK,Config 3: Exp8 1-55,text,false,Test failed: text expected to match /.*/,231,158,88,88,http://localhost:8079/?token=518504778&user=-1355064518&config=3,879,0,0
1777922331730,881,HTTP Request,200,OK,Config 3: Exp8 1-12,text,false,Test failed: text expected to match /.*/,231,158,88,88,http://localhost:8079/?token=518504778&user=-1355064518&config=3,881,0,0
1777922331706,928,HTTP Request,200,OK,Config 3: Exp8 1-84,text,false,Test failed: text expected to match /.*/,231,158,88,88,http://localhost:8079/?token=518504778&user=-1355064518&config=3,928,0,1
1777922331761,877,HTTP Request,200,OK,Config 3: Exp8 1-41,text,false,Test failed: text expected to match /.*/,231,158,88,88,http://localhost:8079/?token=518504778&user=-1355064518&config=3,877,0,0
1777922331793,876,HTTP Request,200,OK,Config 3: Exp8 1-70,text,false,Test failed: text expected to match /.*/,231,158,88,88,http://localhost:8079/?token=518504778&user=-1355064518&config=3,876,0,0
1777922331849,884,HTTP Request,200,OK,Config 3: Exp8 1-27,text,false,Test failed: text expected to match /.*/,231,158,88,88,http://localhost:8079/?token=518504778&user=-1355064518&config=3,884,0,0
1777922331880,899,HTTP Request,200,OK,Config 3: Exp8 1-56,text,false,Test failed: text expected to match /.*/,231,158,89,89,http://localhost:8079/?token=518504778&user=-1355064518&config=3,899,0,0
1777922331937,883,HTTP Request,200,OK,Config 3: Exp8 1-13,text,false,Test failed: text expected to match /.*/,231,158,89,89,http://localhost:8079/?token=518504778&user=-1355064518&config=3,883,0,0
1777922331914,930,HTTP Request,200,OK,Config 3: Exp8 1-85,text,false,Test failed: text expected to match /.*/,231,158,89,89,http://localhost:8079/?token=518504778&user=-1355064518&config=3,930,0,0
1777922331970,894,HTTP Request,200,OK,Config 3: Exp8 1-42,text,false,Test failed: text expected to match /.*/,231,158,89,89,http://localhost:8079/?token=518504778&user=-1355064518&config=3,894,0,0
1777922332002,886,HTTP Request,200,OK,Config 3: Exp8 1-71,text,false,Test failed: text expected to match /.*/,231,158,89,89,http://localhost:8079/?token=518504778&user=-1355064518&config=3,886,0,0
1777922332058,892,HTTP Request,200,OK,Config 3: Exp8 1-28,text,false,Test failed: text expected to match /.*/,231,158,89,89,http://localhost:8079/?token=518504778&user=-1355064518&config=3,892,0,0
1777922332090,910,HTTP Request,200,OK,Config 3: Exp8 1-57,text,false,Test failed: text expected to match /.*/,231,158,90,90,http://localhost:8079/?token=518504778&user=-1355064518&config=3,910,0,0
1777922332145,896,HTTP Request,200,OK,Config 3: Exp8 1-14,text,false,Test failed: text expected to match /.*/,231,158,90,90,http://localhost:8079/?token=518504778&user=-1355064518&config=3,896,0,0
1777922332122,993,HTTP Request,200,OK,Config 3: Exp8 1-86,text,false,Test failed: text expected to match /.*/,231,158,90,90,http://localhost:8079/?token=518504778&user=-1355064518&config=3,993,0,1
1777922332177,938,HTTP Request,200,OK,Config 3: Exp8 1-43,text,false,Test failed: text expected to match /.*/,231,158,90,90,http://localhost:8079/?token=518504778&user=-1355064518&config=3,938,0,0
1777922332210,906,HTTP Request,200,OK,Config 3: Exp8 1-72,text,false,Test failed: text expected to match /.*/,231,158,90,90,http://localhost:8079/?token=518504778&user=-1355064518&config=3,906,0,0
1777922332265,910,HTTP Request,200,OK,Config 3: Exp8 1-29,text,false,Test failed: text expected to match /.*/,231,158,91,91,http://localhost:8079/?token=518504778&user=-1355064518&config=3,910,0,0
1777922332353,907,HTTP Request,200,OK,Config 3: Exp8 1-15,text,false,Test failed: text expected to match /.*/,231,158,91,91,http://localhost:8079/?token=518504778&user=-1355064518&config=3,907,0,0
1777922332297,963,HTTP Request,200,OK,Config 3: Exp8 1-58,text,false,Test failed: text expected to match /.*/,231,158,91,91,http://localhost:8079/?token=518504778&user=-1355064518&config=3,963,0,0
1777922332329,1019,HTTP Request,200,OK,Config 3: Exp8 1-87,text,false,Test failed: text expected to match /.*/,231,158,91,91,http://localhost:8079/?token=518504778&user=-1355064518&config=3,1019,0,1
1777922332387,961,HTTP Request,200,OK,Config 3: Exp8 1-44,text,false,Test failed: text expected to match /.*/,231,158,91,91,http://localhost:8079/?token=518504778&user=-1355064518&config=3,961,0,0
1777922332442,906,HTTP Request,200,OK,Config 3: Exp8 1-1,text,false,Test failed: text expected to match /.*/,231,158,91,91,http://localhost:8079/?token=518504778&user=-1355064518&config=3,906,0,0
1777922332417,932,HTTP Request,200,OK,Config 3: Exp8 1-73,text,false,Test failed: text expected to match /.*/,231,158,91,91,http://localhost:8079/?token=518504778&user=-1355064518&config=3,932,0,0
1777922332473,970,HTTP Request,200,OK,Config 3: Exp8 1-30,text,false,Test failed: text expected to match /.*/,231,158,92,92,http://localhost:8079/?token=518504778&user=-1355064518&config=3,970,0,0
1777922332505,938,HTTP Request,200,OK,Config 3: Exp8 1-59,text,false,Test failed: text expected to match /.*/,231,158,92,92,http://localhost:8079/?token=518504778&user=-1355064518&config=3,938,0,0
1777922332561,961,HTTP Request,200,OK,Config 3: Exp8 1-16,text,false,Test failed: text expected to match /.*/,231,158,92,92,http://localhost:8079/?token=518504778&user=-1355064518&config=3,961,0,0
1777922332594,929,HTTP Request,200,OK,Config 3: Exp8 1-45,text,false,Test failed: text expected to match /.*/,231,158,92,92,http://localhost:8079/?token=518504778&user=-1355064518&config=3,929,0,0
1777922332537,986,HTTP Request,200,OK,Config 3: Exp8 1-88,text,false,Test failed: text expected to match /.*/,231,158,92,92,http://localhost:8079/?token=518504778&user=-1355064518&config=3,986,0,0
1777922332648,961,HTTP Request,200,OK,Config 3: Exp8 1-2,text,false,Test failed: text expected to match /.*/,231,158,93,93,http://localhost:8079/?token=518504778&user=-1355064518&config=3,961,0,0
1777922332625,984,HTTP Request,200,OK,Config 3: Exp8 1-74,text,false,Test failed: text expected to match /.*/,231,158,93,93,http://localhost:8079/?token=518504778&user=-1355064518&config=3,984,0,0
1777922332681,975,HTTP Request,200,OK,Config 3: Exp8 1-31,text,false,Test failed: text expected to match /.*/,231,158,93,93,http://localhost:8079/?token=518504778&user=-1355064518&config=3,975,0,0
1777922332713,943,HTTP Request,200,OK,Config 3: Exp8 1-60,text,false,Test failed: text expected to match /.*/,231,158,93,93,http://localhost:8079/?token=518504778&user=-1355064518&config=3,943,0,0
1777922332769,976,HTTP Request,200,OK,Config 3: Exp8 1-17,text,false,Test failed: text expected to match /.*/,231,158,93,93,http://localhost:8079/?token=518504778&user=-1355064518&config=3,976,0,0
1777922332745,1000,HTTP Request,200,OK,Config 3: Exp8 1-89,text,false,Test failed: text expected to match /.*/,231,158,93,93,http://localhost:8079/?token=518504778&user=-1355064518&config=3,1000,0,1
1777922332800,945,HTTP Request,200,OK,Config 3: Exp8 1-46,text,false,Test failed: text expected to match /.*/,231,158,93,93,http://localhost:8079/?token=518504778&user=-1355064518&config=3,945,0,0
1777922332857,950,HTTP Request,200,OK,Config 3: Exp8 1-3,text,false,Test failed: text expected to match /.*/,231,158,94,94,http://localhost:8079/?token=518504778&user=-1355064518&config=3,950,0,0
1777922332834,973,HTTP Request,200,OK,Config 3: Exp8 1-75,text,false,Test failed: text expected to match /.*/,231,158,94,94,http://localhost:8079/?token=518504778&user=-1355064518&config=3,973,0,0
1777922332888,942,HTTP Request,200,OK,Config 3: Exp8 1-32,text,false,Test failed: text expected to match /.*/,231,158,94,94,http://localhost:8079/?token=518504778&user=-1355064518&config=3,942,0,0
1777922332922,951,HTTP Request,200,OK,Config 3: Exp8 1-61,text,false,Test failed: text expected to match /.*/,231,158,94,94,http://localhost:8079/?token=518504778&user=-1355064518&config=3,951,0,0
1777922333009,948,HTTP Request,200,OK,Config 3: Exp8 1-47,text,false,Test failed: text expected to match /.*/,231,158,94,94,http://localhost:8079/?token=518504778&user=-1355064518&config=3,948,0,0
1777922332977,980,HTTP Request,200,OK,Config 3: Exp8 1-18,text,false,Test failed: text expected to match /.*/,231,158,94,94,http://localhost:8079/?token=518504778&user=-1355064518&config=3,980,0,0
1777922332953,1004,HTTP Request,200,OK,Config 3: Exp8 1-90,text,false,Test failed: text expected to match /.*/,231,158,94,94,http://localhost:8079/?token=518504778&user=-1355064518&config=3,1004,0,1
1777922333041,1087,HTTP Request,200,OK,Config 3: Exp8 1-76,text,false,Test failed: text expected to match /.*/,231,158,95,95,http://localhost:8079/?token=518504778&user=-1355064518&config=3,1087,0,0
1777922333065,1063,HTTP Request,200,OK,Config 3: Exp8 1-4,text,false,Test failed: text expected to match /.*/,231,158,95,95,http://localhost:8079/?token=518504778&user=-1355064518&config=3,1063,0,0
1777922333098,1030,HTTP Request,200,OK,Config 3: Exp8 1-33,text,false,Test failed: text expected to match /.*/,231,158,95,95,http://localhost:8079/?token=518504778&user=-1355064518&config=3,1030,0,0
1777922333129,1208,HTTP Request,200,OK,Config 3: Exp8 1-62,text,false,Test failed: text expected to match /.*/,231,158,96,96,http://localhost:8079/?token=518504778&user=-1355064518&config=3,1208,0,0
1777922333186,1152,HTTP Request,200,OK,Config 3: Exp8 1-19,text,false,Test failed: text expected to match /.*/,231,158,96,96,http://localhost:8079/?token=518504778&user=-1355064518&config=3,1152,0,0
1777922333249,1089,HTTP Request,200,OK,Config 3: Exp8 1-77,text,false,Test failed: text expected to match /.*/,231,158,96,96,http://localhost:8079/?token=518504778&user=-1355064518&config=3,1089,0,0
1777922333162,1176,HTTP Request,200,OK,Config 3: Exp8 1-91,text,false,Test failed: text expected to match /.*/,231,158,96,96,http://localhost:8079/?token=518504778&user=-1355064518&config=3,1176,0,0
1777922333217,1121,HTTP Request,200,OK,Config 3: Exp8 1-48,text,false,Test failed: text expected to match /.*/,231,158,96,96,http://localhost:8079/?token=518504778&user=-1355064518&config=3,1121,0,0
1777922333274,1065,HTTP Request,200,OK,Config 3: Exp8 1-5,text,false,Test failed: text expected to match /.*/,231,158,96,96,http://localhost:8079/?token=518504778&user=-1355064518&config=3,1065,0,0
1777922333305,1193,HTTP Request,200,OK,Config 3: Exp8 1-34,text,false,Test failed: text expected to match /.*/,231,158,97,97,http://localhost:8079/?token=518504778&user=-1355064518&config=3,1193,0,0
1777922333337,1161,HTTP Request,200,OK,Config 3: Exp8 1-63,text,false,Test failed: text expected to match /.*/,231,158,97,97,http://localhost:8079/?token=518504778&user=-1355064518&config=3,1161,0,0
1777922333393,1106,HTTP Request,200,OK,Config 3: Exp8 1-20,text,false,Test failed: text expected to match /.*/,231,158,97,97,http://localhost:8079/?token=518504778&user=-1355064518&config=3,1106,0,0
1777922333425,1074,HTTP Request,200,OK,Config 3: Exp8 1-49,text,false,Test failed: text expected to match /.*/,231,158,97,97,http://localhost:8079/?token=518504778&user=-1355064518&config=3,1074,0,0
1777922333369,1130,HTTP Request,200,OK,Config 3: Exp8 1-92,text,false,Test failed: text expected to match /.*/,231,158,97,97,http://localhost:8079/?token=518504778&user=-1355064518&config=3,1130,0,1
1777922333456,1043,HTTP Request,200,OK,Config 3: Exp8 1-78,text,false,Test failed: text expected to match /.*/,231,158,97,97,http://localhost:8079/?token=518504778&user=-1355064518&config=3,1043,0,0
1777922333481,1182,HTTP Request,200,OK,Config 3: Exp8 1-6,text,false,Test failed: text expected to match /.*/,231,158,98,98,http://localhost:8079/?token=518504778&user=-1355064518&config=3,1182,0,0
1777922333512,1177,HTTP Request,200,OK,Config 3: Exp8 1-35,text,false,Test failed: text expected to match /.*/,231,158,98,98,http://localhost:8079/?token=518504778&user=-1355064518&config=3,1177,0,0
1777922333544,1146,HTTP Request,200,OK,Config 3: Exp8 1-64,text,false,Test failed: text expected to match /.*/,231,158,98,98,http://localhost:8079/?token=518504778&user=-1355064518&config=3,1146,0,0
1777922333578,1112,HTTP Request,200,OK,Config 3: Exp8 1-93,text,false,Test failed: text expected to match /.*/,231,158,98,98,http://localhost:8079/?token=518504778&user=-1355064518&config=3,1112,0,1
1777922333602,1088,HTTP Request,200,OK,Config 3: Exp8 1-21,text,false,Test failed: text expected to match /.*/,231,158,98,98,http://localhost:8079/?token=518504778&user=-1355064518&config=3,1088,0,0
1777922333632,1174,HTTP Request,200,OK,Config 3: Exp8 1-50,text,false,Test failed: text expected to match /.*/,231,158,98,98,http://localhost:8079/?token=518504778&user=-1355064518&config=3,1174,0,0
1777922333690,1223,HTTP Request,200,OK,Config 3: Exp8 1-7,text,false,Test failed: text expected to match /.*/,231,158,99,99,http://localhost:8079/?token=518504778&user=-1355064518&config=3,1223,0,0
1777922333664,1249,HTTP Request,200,OK,Config 3: Exp8 1-79,text,false,Test failed: text expected to match /.*/,231,158,99,99,http://localhost:8079/?token=518504778&user=-1355064518&config=3,1249,0,0
1777922333720,1193,HTTP Request,200,OK,Config 3: Exp8 1-36,text,false,Test failed: text expected to match /.*/,231,158,99,99,http://localhost:8079/?token=518504778&user=-1355064518&config=3,1193,0,0
1777922333810,1103,HTTP Request,200,OK,Config 3: Exp8 1-22,text,false,Test failed: text expected to match /.*/,231,158,99,99,http://localhost:8079/?token=518504778&user=-1355064518&config=3,1103,0,0
1777922333753,1160,HTTP Request,200,OK,Config 3: Exp8 1-65,text,false,Test failed: text expected to match /.*/,231,158,99,99,http://localhost:8079/?token=518504778&user=-1355064518&config=3,1160,0,0
1777922333787,1266,HTTP Request,200,OK,Config 3: Exp8 1-94,text,false,Test failed: text expected to match /.*/,231,158,100,100,http://localhost:8079/?token=518504778&user=-1355064518&config=3,1266,0,0
1777922333841,1324,HTTP Request,200,OK,Config 3: Exp8 1-51,text,false,Test failed: text expected to match /.*/,231,158,100,100,http://localhost:8079/?token=518504778&user=-1355064518&config=3,1324,0,0
1777922333896,1270,HTTP Request,200,OK,Config 3: Exp8 1-8,text,false,Test failed: text expected to match /.*/,231,158,100,100,http://localhost:8079/?token=518504778&user=-1355064518&config=3,1270,0,0
1777922333872,1294,HTTP Request,200,OK,Config 3: Exp8 1-80,text,false,Test failed: text expected to match /.*/,231,158,100,100,http://localhost:8079/?token=518504778&user=-1355064518&config=3,1294,0,0
1777922333928,1336,HTTP Request,200,OK,Config 3: Exp8 1-37,text,false,Test failed: text expected to match /.*/,231,158,101,101,http://localhost:8079/?token=518504778&user=-1355064518&config=3,1336,0,0
1777922333961,1303,HTTP Request,200,OK,Config 3: Exp8 1-66,text,false,Test failed: text expected to match /.*/,231,158,101,101,http://localhost:8079/?token=518504778&user=-1355064518&config=3,1303,0,0
1777922334018,1246,HTTP Request,200,OK,Config 3: Exp8 1-23,text,false,Test failed: text expected to match /.*/,231,158,101,101,http://localhost:8079/?token=518504778&user=-1355064518&config=3,1246,0,0
1777922334049,1328,HTTP Request,200,OK,Config 3: Exp8 1-52,text,false,Test failed: text expected to match /.*/,231,158,101,101,http://localhost:8079/?token=518504778&user=-1355064518&config=3,1328,0,0
1777922333994,1383,HTTP Request,200,OK,Config 3: Exp8 1-95,text,false,Test failed: text expected to match /.*/,231,158,101,101,http://localhost:8079/?token=518504778&user=-1355064518&config=3,1383,0,1
1777922334082,1391,HTTP Request,200,OK,Config 3: Exp8 1-81,text,false,Test failed: text expected to match /.*/,231,158,102,102,http://localhost:8079/?token=518504778&user=-1355064518&config=3,1391,0,0
1777922334104,1369,HTTP Request,200,OK,Config 3: Exp8 1-9,text,false,Test failed: text expected to match /.*/,231,158,102,102,http://localhost:8079/?token=518504778&user=-1355064518&config=3,1369,0,0
1777922334136,1337,HTTP Request,200,OK,Config 3: Exp8 1-38,text,false,Test failed: text expected to match /.*/,231,158,102,102,http://localhost:8079/?token=518504778&user=-1355064518&config=3,1337,0,0
1777922334169,1305,HTTP Request,200,OK,Config 3: Exp8 1-67,text,false,Test failed: text expected to match /.*/,231,158,102,102,http://localhost:8079/?token=518504778&user=-1355064518&config=3,1305,0,0
1777922334226,1333,HTTP Request,200,OK,Config 3: Exp8 1-24,text,false,Test failed: text expected to match /.*/,231,158,102,102,http://localhost:8079/?token=518504778&user=-1355064518&config=3,1333,0,0
1777922334202,1357,HTTP Request,200,OK,Config 3: Exp8 1-96,text,false,Test failed: text expected to match /.*/,231,158,102,102,http://localhost:8079/?token=518504778&user=-1355064518&config=3,1357,0,0
1777922334258,1301,HTTP Request,200,OK,Config 3: Exp8 1-53,text,false,Test failed: text expected to match /.*/,231,158,102,102,http://localhost:8079/?token=518504778&user=-1355064518&config=3,1301,0,0
1777922334290,1269,HTTP Request,200,OK,Config 3: Exp8 1-82,text,false,Test failed: text expected to match /.*/,231,158,102,102,http://localhost:8079/?token=518504778&user=-1355064518&config=3,1269,0,0
1777922334314,1383,HTTP Request,200,OK,Config 3: Exp8 1-10,text,false,Test failed: text expected to match /.*/,231,158,103,103,http://localhost:8079/?token=518504778&user=-1355064518&config=3,1383,0,0
1777922334345,1352,HTTP Request,200,OK,Config 3: Exp8 1-39,text,false,Test failed: text expected to match /.*/,231,158,103,103,http://localhost:8079/?token=518504778&user=-1355064518&config=3,1352,0,0
1777922334378,1319,HTTP Request,200,OK,Config 3: Exp8 1-68,text,false,Test failed: text expected to match /.*/,231,158,103,103,http://localhost:8079/?token=518504778&user=-1355064518&config=3,1319,0,0
1777922334433,1491,HTTP Request,200,OK,Config 3: Exp8 1-25,text,false,Test failed: text expected to match /.*/,231,158,104,104,http://localhost:8079/?token=518504778&user=-1355064518&config=3,1491,0,0
1777922334410,1514,HTTP Request,200,OK,Config 3: Exp8 1-97,text,false,Test failed: text expected to match /.*/,231,158,104,104,http://localhost:8079/?token=518504778&user=-1355064518&config=3,1514,0,0
1777922334465,1459,HTTP Request,200,OK,Config 3: Exp8 1-54,text,false,Test failed: text expected to match /.*/,231,158,104,104,http://localhost:8079/?token=518504778&user=-1355064518&config=3,1459,0,0
1777922334498,1427,HTTP Request,200,OK,Config 3: Exp8 1-83,text,false,Test failed: text expected to match /.*/,231,158,104,104,http://localhost:8079/?token=518504778&user=-1355064518&config=3,1427,0,0
1777922334553,1549,HTTP Request,200,OK,Config 3: Exp8 1-40,text,false,Test failed: text expected to match /.*/,231,158,105,105,http://localhost:8079/?token=518504778&user=-1355064518&config=3,1549,0,0
1777922334522,1580,HTTP Request,200,OK,Config 3: Exp8 1-11,text,false,Test failed: text expected to match /.*/,231,158,105,105,http://localhost:8079/?token=518504778&user=-1355064518&config=3,1580,0,0
1777922334587,1516,HTTP Request,200,OK,Config 3: Exp8 1-69,text,false,Test failed: text expected to match /.*/,231,158,105,105,http://localhost:8079/?token=518504778&user=-1355064518&config=3,1516,0,0
1777922334642,1461,HTTP Request,200,OK,Config 3: Exp8 1-26,text,false,Test failed: text expected to match /.*/,231,158,105,105,http://localhost:8079/?token=518504778&user=-1355064518&config=3,1461,0,0
1777922334617,1597,HTTP Request,200,OK,Config 3: Exp8 1-98,text,false,Test failed: text expected to match /.*/,231,158,105,105,http://localhost:8079/?token=518504778&user=-1355064518&config=3,1597,0,1
1777922334674,1540,HTTP Request,200,OK,Config 3: Exp8 1-55,text,false,Test failed: text expected to match /.*/,231,158,105,105,http://localhost:8079/?token=518504778&user=-1355064518&config=3,1540,0,0
1777922334706,1508,HTTP Request,200,OK,Config 3: Exp8 1-84,text,false,Test failed: text expected to match /.*/,231,158,105,105,http://localhost:8079/?token=518504778&user=-1355064518&config=3,1508,0,0
1777922334730,1743,HTTP Request,200,OK,Config 3: Exp8 1-12,text,false,Test failed: text expected to match /.*/,231,158,106,106,http://localhost:8079/?token=518504778&user=-1355064518&config=3,1743,0,0
1777922334761,1712,HTTP Request,200,OK,Config 3: Exp8 1-41,text,false,Test failed: text expected to match /.*/,231,158,106,106,http://localhost:8079/?token=518504778&user=-1355064518&config=3,1712,0,0
1777922334792,1682,HTTP Request,200,OK,Config 3: Exp8 1-70,text,false,Test failed: text expected to match /.*/,231,158,106,106,http://localhost:8079/?token=518504778&user=-1355064518&config=3,1682,0,0
1777922334849,1626,HTTP Request,200,OK,Config 3: Exp8 1-27,text,false,Test failed: text expected to match /.*/,231,158,106,106,http://localhost:8079/?token=518504778&user=-1355064518&config=3,1626,0,0
1777922334825,1926,HTTP Request,200,OK,Config 3: Exp8 1-99,text,false,Test failed: text expected to match /.*/,231,158,108,108,http://localhost:8079/?token=518504778&user=-1355064518&config=3,1926,0,1
1777922334880,1872,HTTP Request,200,OK,Config 3: Exp8 1-56,text,false,Test failed: text expected to match /.*/,231,158,108,108,http://localhost:8079/?token=518504778&user=-1355064518&config=3,1872,0,0
1777922334913,1839,HTTP Request,200,OK,Config 3: Exp8 1-85,text,false,Test failed: text expected to match /.*/,231,158,108,108,http://localhost:8079/?token=518504778&user=-1355064518&config=3,1839,0,0
1777922334969,1784,HTTP Request,200,OK,Config 3: Exp8 1-42,text,false,Test failed: text expected to match /.*/,231,158,108,108,http://localhost:8079/?token=518504778&user=-1355064518&config=3,1784,0,0
1777922334937,1816,HTTP Request,200,OK,Config 3: Exp8 1-13,text,false,Test failed: text expected to match /.*/,231,158,108,108,http://localhost:8079/?token=518504778&user=-1355064518&config=3,1816,0,0
1777922335058,1695,HTTP Request,200,OK,Config 3: Exp8 1-28,text,false,Test failed: text expected to match /.*/,231,158,108,108,http://localhost:8079/?token=518504778&user=-1355064518&config=3,1695,0,0
1777922335002,1751,HTTP Request,200,OK,Config 3: Exp8 1-71,text,false,Test failed: text expected to match /.*/,231,158,108,108,http://localhost:8079/?token=518504778&user=-1355064518&config=3,1751,0,0
1777922335033,1720,HTTP Request,200,OK,Config 3: Exp8 1-100,text,false,Test failed: text expected to match /.*/,231,158,108,108,http://localhost:8079/?token=518504778&user=-1355064518&config=3,1720,0,1
1777922335091,1662,HTTP Request,200,OK,Config 3: Exp8 1-57,text,false,Test failed: text expected to match /.*/,231,158,108,108,http://localhost:8079/?token=518504778&user=-1355064518&config=3,1662,0,0
1777922335146,1842,HTTP Request,200,OK,Config 3: Exp8 1-14,text,false,Test failed: text expected to match /.*/,231,158,109,109,http://localhost:8079/?token=518504778&user=-1355064518&config=3,1842,0,0
1777922335121,1867,HTTP Request,200,OK,Config 3: Exp8 1-86,text,false,Test failed: text expected to match /.*/,231,158,109,109,http://localhost:8079/?token=518504778&user=-1355064518&config=3,1867,0,0
1777922335178,1810,HTTP Request,200,OK,Config 3: Exp8 1-43,text,false,Test failed: text expected to match /.*/,231,158,109,109,http://localhost:8079/?token=518504778&user=-1355064518&config=3,1810,0,0
1777922335266,1723,HTTP Request,200,OK,Config 3: Exp8 1-29,text,false,Test failed: text expected to match /.*/,231,158,109,109,http://localhost:8079/?token=518504778&user=-1355064518&config=3,1723,0,0
1777922335210,1779,HTTP Request,200,OK,Config 3: Exp8 1-72,text,false,Test failed: text expected to match /.*/,231,158,109,109,http://localhost:8079/?token=518504778&user=-1355064518&config=3,1779,0,0
1777922335241,1749,HTTP Request,200,OK,Config 3: Exp8 1-101,text,false,Test failed: text expected to match /.*/,231,158,109,109,http://localhost:8079/?token=518504778&user=-1355064518&config=3,1749,0,0
1777922335354,1636,HTTP Request,200,OK,Config 3: Exp8 1-15,text,false,Test failed: text expected to match /.*/,231,158,109,109,http://localhost:8079/?token=518504778&user=-1355064518&config=3,1636,0,0
1777922335297,1693,HTTP Request,200,OK,Config 3: Exp8 1-58,text,false,Test failed: text expected to match /.*/,231,158,109,109,http://localhost:8079/?token=518504778&user=-1355064518&config=3,1693,0,0
1777922335330,1660,HTTP Request,200,OK,Config 3: Exp8 1-87,text,false,Test failed: text expected to match /.*/,231,158,109,109,http://localhost:8079/?token=518504778&user=-1355064518&config=3,1660,0,0
1777922335387,1869,HTTP Request,200,OK,Config 3: Exp8 1-44,text,false,Test failed: text expected to match /.*/,231,158,110,110,http://localhost:8079/?token=518504778&user=-1355064518&config=3,1869,0,0
1777922335417,1839,HTTP Request,200,OK,Config 3: Exp8 1-73,text,false,Test failed: text expected to match /.*/,231,158,110,110,http://localhost:8079/?token=518504778&user=-1355064518&config=3,1839,0,0
1777922335442,1815,HTTP Request,200,OK,Config 3: Exp8 1-1,text,false,Test failed: text expected to match /.*/,231,158,110,110,http://localhost:8079/?token=518504778&user=-1355064518&config=3,1815,0,0
1777922335473,1784,HTTP Request,200,OK,Config 3: Exp8 1-30,text,false,Test failed: text expected to match /.*/,231,158,110,110,http://localhost:8079/?token=518504778&user=-1355064518&config=3,1784,0,0
1777922335504,2106,HTTP Request,200,OK,Config 3: Exp8 1-59,text,false,Test failed: text expected to match /.*/,231,158,112,112,http://localhost:8079/?token=518504778&user=-1355064518&config=3,2106,0,0
1777922335536,2074,HTTP Request,200,OK,Config 3: Exp8 1-88,text,false,Test failed: text expected to match /.*/,231,158,112,112,http://localhost:8079/?token=518504778&user=-1355064518&config=3,2074,0,0
1777922335449,2161,HTTP Request,200,OK,Config 3: Exp8 1-102,text,false,Test failed: text expected to match /.*/,231,158,112,112,http://localhost:8079/?token=518504778&user=-1355064518&config=3,2161,0,1
1777922335562,2048,HTTP Request,200,OK,Config 3: Exp8 1-16,text,false,Test failed: text expected to match /.*/,231,158,112,112,http://localhost:8079/?token=518504778&user=-1355064518&config=3,2048,0,0
1777922335624,1986,HTTP Request,200,OK,Config 3: Exp8 1-74,text,false,Test failed: text expected to match /.*/,231,158,112,112,http://localhost:8079/?token=518504778&user=-1355064518&config=3,1986,0,0
1777922335593,2017,HTTP Request,200,OK,Config 3: Exp8 1-45,text,false,Test failed: text expected to match /.*/,231,158,112,112,http://localhost:8079/?token=518504778&user=-1355064518&config=3,2017,0,0
1777922335648,1963,HTTP Request,200,OK,Config 3: Exp8 1-2,text,false,Test failed: text expected to match /.*/,231,158,112,112,http://localhost:8079/?token=518504778&user=-1355064518&config=3,1963,0,0
1777922335680,2431,HTTP Request,200,OK,Config 3: Exp8 1-31,text,false,Test failed: text expected to match /.*/,231,158,114,114,http://localhost:8079/?token=518504778&user=-1355064518&config=3,2431,0,0
1777922335658,2453,HTTP Request,200,OK,Config 3: Exp8 1-103,text,false,Test failed: text expected to match /.*/,231,158,114,114,http://localhost:8079/?token=518504778&user=-1355064518&config=3,2453,0,0
1777922335714,2397,HTTP Request,200,OK,Config 3: Exp8 1-60,text,false,Test failed: text expected to match /.*/,231,158,114,114,http://localhost:8079/?token=518504778&user=-1355064518&config=3,2397,0,0
1777922335745,2367,HTTP Request,200,OK,Config 3: Exp8 1-89,text,false,Test failed: text expected to match /.*/,231,158,114,114,http://localhost:8079/?token=518504778&user=-1355064518&config=3,2367,0,0
1777922335857,2257,HTTP Request,200,OK,Config 3: Exp8 1-3,text,false,Test failed: text expected to match /.*/,231,158,114,114,http://localhost:8079/?token=518504778&user=-1355064518&config=3,2257,0,0
1777922335769,2345,HTTP Request,200,OK,Config 3: Exp8 1-17,text,false,Test failed: text expected to match /.*/,231,158,114,114,http://localhost:8079/?token=518504778&user=-1355064518&config=3,2345,0,0
1777922335833,2281,HTTP Request,200,OK,Config 3: Exp8 1-75,text,false,Test failed: text expected to match /.*/,231,158,114,114,http://localhost:8079/?token=518504778&user=-1355064518&config=3,2281,0,0
1777922335801,2313,HTTP Request,200,OK,Config 3: Exp8 1-46,text,false,Test failed: text expected to match /.*/,231,158,114,114,http://localhost:8079/?token=518504778&user=-1355064518&config=3,2313,0,0
1777922335922,2192,HTTP Request,200,OK,Config 3: Exp8 1-61,text,false,Test failed: text expected to match /.*/,231,158,114,114,http://localhost:8079/?token=518504778&user=-1355064518&config=3,2192,0,0
1777922335952,2162,HTTP Request,200,OK,Config 3: Exp8 1-90,text,false,Test failed: text expected to match /.*/,231,158,114,114,http://localhost:8079/?token=518504778&user=-1355064518&config=3,2162,0,0
1777922335889,2225,HTTP Request,200,OK,Config 3: Exp8 1-32,text,false,Test failed: text expected to match /.*/,231,158,114,114,http://localhost:8079/?token=518504778&user=-1355064518&config=3,2225,0,0
1777922335866,2248,HTTP Request,200,OK,Config 3: Exp8 1-104,text,false,Test failed: text expected to match /.*/,231,158,114,114,http://localhost:8079/?token=518504778&user=-1355064518&config=3,2248,0,0
1777922335977,2430,HTTP Request,200,OK,Config 3: Exp8 1-18,text,false,Test failed: text expected to match /.*/,231,158,116,116,http://localhost:8079/?token=518504778&user=-1355064518&config=3,2430,0,0
1777922336009,2399,HTTP Request,200,OK,Config 3: Exp8 1-47,text,false,Test failed: text expected to match /.*/,231,158,116,116,http://localhost:8079/?token=518504778&user=-1355064518&config=3,2399,0,0
1777922336042,2367,HTTP Request,200,OK,Config 3: Exp8 1-76,text,false,Test failed: text expected to match /.*/,231,158,116,116,http://localhost:8079/?token=518504778&user=-1355064518&config=3,2367,0,0
1777922336066,2343,HTTP Request,200,OK,Config 3: Exp8 1-4,text,false,Test failed: text expected to match /.*/,231,158,116,116,http://localhost:8079/?token=518504778&user=-1355064518&config=3,2343,0,0
1777922336099,2311,HTTP Request,200,OK,Config 3: Exp8 1-33,text,false,Test failed: text expected to match /.*/,231,158,116,116,http://localhost:8079/?token=518504778&user=-1355064518&config=3,2311,0,0
1777922336130,2281,HTTP Request,200,OK,Config 3: Exp8 1-62,text,false,Test failed: text expected to match /.*/,231,158,116,116,http://localhost:8079/?token=518504778&user=-1355064518&config=3,2281,0,0
1777922336074,2337,HTTP Request,200,OK,Config 3: Exp8 1-105,text,false,Test failed: text expected to match /.*/,231,158,116,116,http://localhost:8079/?token=518504778&user=-1355064518&config=3,2337,0,0
1777922336187,2224,HTTP Request,200,OK,Config 3: Exp8 1-19,text,false,Test failed: text expected to match /.*/,231,158,116,116,http://localhost:8079/?token=518504778&user=-1355064518&config=3,2224,0,0
1777922336162,2249,HTTP Request,200,OK,Config 3: Exp8 1-91,text,false,Test failed: text expected to match /.*/,231,158,116,116,http://localhost:8079/?token=518504778&user=-1355064518&config=3,2249,0,0
1777922336217,2195,HTTP Request,200,OK,Config 3: Exp8 1-48,text,false,Test failed: text expected to match /.*/,231,158,116,116,http://localhost:8079/?token=518504778&user=-1355064518&config=3,2195,0,0
1777922336250,2746,HTTP Request,200,OK,Config 3: Exp8 1-77,text,false,Test failed: text expected to match /.*/,231,158,119,119,http://localhost:8079/?token=518504778&user=-1355064518&config=3,2746,0,0
1777922336275,2722,HTTP Request,200,OK,Config 3: Exp8 1-5,text,false,Test failed: text expected to match /.*/,231,158,119,119,http://localhost:8079/?token=518504778&user=-1355064518&config=3,2722,0,0
1777922336305,2693,HTTP Request,200,OK,Config 3: Exp8 1-34,text,false,Test failed: text expected to match /.*/,231,158,119,119,http://localhost:8079/?token=518504778&user=-1355064518&config=3,2693,0,0
1777922336394,2604,HTTP Request,200,OK,Config 3: Exp8 1-20,text,false,Test failed: text expected to match /.*/,231,158,119,119,http://localhost:8079/?token=518504778&user=-1355064518&config=3,2604,0,0
1777922336426,2572,HTTP Request,200,OK,Config 3: Exp8 1-49,text,false,Test failed: text expected to match /.*/,231,158,119,119,http://localhost:8079/?token=518504778&user=-1355064518&config=3,2572,0,0
1777922336339,2659,HTTP Request,200,OK,Config 3: Exp8 1-63,text,false,Test failed: text expected to match /.*/,231,158,119,119,http://localhost:8079/?token=518504778&user=-1355064518&config=3,2659,0,0
1777922336371,2627,HTTP Request,200,OK,Config 3: Exp8 1-92,text,false,Test failed: text expected to match /.*/,231,158,119,119,http://localhost:8079/?token=518504778&user=-1355064518&config=3,2627,0,0
1777922336282,2716,HTTP Request,200,OK,Config 3: Exp8 1-106,text,false,Test failed: text expected to match /.*/,231,158,119,119,http://localhost:8079/?token=518504778&user=-1355064518&config=3,2716,0,1
1777922336458,2540,HTTP Request,200,OK,Config 3: Exp8 1-78,text,false,Test failed: text expected to match /.*/,231,158,119,119,http://localhost:8079/?token=518504778&user=-1355064518&config=3,2540,0,0
1777922336481,3157,HTTP Request,200,OK,Config 3: Exp8 1-6,text,false,Test failed: text expected to match /.*/,231,158,122,122,http://localhost:8079/?token=518504778&user=-1355064518&config=3,3157,0,0
1777922336514,3124,HTTP Request,200,OK,Config 3: Exp8 1-35,text,false,Test failed: text expected to match /.*/,231,158,122,122,http://localhost:8079/?token=518504778&user=-1355064518&config=3,3124,0,0
1777922336546,3143,HTTP Request,200,OK,Config 3: Exp8 1-64,text,false,Test failed: text expected to match /.*/,231,158,122,122,http://localhost:8079/?token=518504778&user=-1355064518&config=3,3143,0,0
1777922336490,3199,HTTP Request,200,OK,Config 3: Exp8 1-107,text,false,Test failed: text expected to match /.*/,231,158,122,122,http://localhost:8079/?token=518504778&user=-1355064518&config=3,3199,0,1
1777922336602,3087,HTTP Request,200,OK,Config 3: Exp8 1-21,text,false,Test failed: text expected to match /.*/,231,158,122,122,http://localhost:8079/?token=518504778&user=-1355064518&config=3,3087,0,0
1777922336578,3111,HTTP Request,200,OK,Config 3: Exp8 1-93,text,false,Test failed: text expected to match /.*/,231,158,122,122,http://localhost:8079/?token=518504778&user=-1355064518&config=3,3111,0,0
1777922336633,3056,HTTP Request,200,OK,Config 3: Exp8 1-50,text,false,Test failed: text expected to match /.*/,231,158,122,122,http://localhost:8079/?token=518504778&user=-1355064518&config=3,3056,0,0
1777922336666,3024,HTTP Request,200,OK,Config 3: Exp8 1-79,text,false,Test failed: text expected to match /.*/,231,158,122,122,http://localhost:8079/?token=518504778&user=-1355064518&config=3,3024,0,0
1777922336721,2969,HTTP Request,200,OK,Config 3: Exp8 1-36,text,false,Test failed: text expected to match /.*/,231,158,122,122,http://localhost:8079/?token=518504778&user=-1355064518&config=3,2969,0,0
1777922336690,3000,HTTP Request,200,OK,Config 3: Exp8 1-7,text,false,Test failed: text expected to match /.*/,231,158,122,122,http://localhost:8079/?token=518504778&user=-1355064518&config=3,3000,0,0
1777922336698,2992,HTTP Request,200,OK,Config 3: Exp8 1-108,text,false,Test failed: text expected to match /.*/,231,158,122,122,http://localhost:8079/?token=518504778&user=-1355064518&config=3,2992,0,1
1777922336811,2881,HTTP Request,200,OK,Config 3: Exp8 1-22,text,false,Test failed: text expected to match /.*/,231,158,122,122,http://localhost:8079/?token=518504778&user=-1355064518&config=3,2881,0,0
1777922336843,2849,HTTP Request,200,OK,Config 3: Exp8 1-51,text,false,Test failed: text expected to match /.*/,231,158,122,122,http://localhost:8079/?token=518504778&user=-1355064518&config=3,2849,0,0
1777922336754,2938,HTTP Request,200,OK,Config 3: Exp8 1-65,text,false,Test failed: text expected to match /.*/,231,158,122,122,http://localhost:8079/?token=518504778&user=-1355064518&config=3,2938,0,0
1777922336788,2904,HTTP Request,200,OK,Config 3: Exp8 1-94,text,false,Test failed: text expected to match /.*/,231,158,122,122,http://localhost:8079/?token=518504778&user=-1355064518&config=3,2904,0,0
1777922336874,3281,HTTP Request,200,OK,Config 3: Exp8 1-80,text,false,Test failed: text expected to match /.*/,231,158,124,124,http://localhost:8079/?token=518504778&user=-1355064518&config=3,3281,0,0
1777922336898,3257,HTTP Request,200,OK,Config 3: Exp8 1-8,text,false,Test failed: text expected to match /.*/,231,158,124,124,http://localhost:8079/?token=518504778&user=-1355064518&config=3,3257,0,0
1777922336962,3193,HTTP Request,200,OK,Config 3: Exp8 1-66,text,false,Test failed: text expected to match /.*/,231,158,124,124,http://localhost:8079/?token=518504778&user=-1355064518&config=3,3193,0,0
1777922336929,3226,HTTP Request,200,OK,Config 3: Exp8 1-37,text,false,Test failed: text expected to match /.*/,231,158,124,124,http://localhost:8079/?token=518504778&user=-1355064518&config=3,3226,0,0
1777922336996,3159,HTTP Request,200,OK,Config 3: Exp8 1-95,text,false,Test failed: text expected to match /.*/,231,158,124,124,http://localhost:8079/?token=518504778&user=-1355064518&config=3,3159,0,0
1777922336906,3249,HTTP Request,200,OK,Config 3: Exp8 1-109,text,false,Test failed: text expected to match /.*/,231,158,124,124,http://localhost:8079/?token=518504778&user=-1355064518&config=3,3249,0,0
1777922337018,3138,HTTP Request,200,OK,Config 3: Exp8 1-23,text,false,Test failed: text expected to match /.*/,231,158,124,124,http://localhost:8079/?token=518504778&user=-1355064518&config=3,3138,0,0
1777922337051,3106,HTTP Request,200,OK,Config 3: Exp8 1-52,text,false,Test failed: text expected to match /.*/,231,158,124,124,http://localhost:8079/?token=518504778&user=-1355064518&config=3,3106,0,0
1777922337105,3052,HTTP Request,200,OK,Config 3: Exp8 1-9,text,false,Test failed: text expected to match /.*/,231,158,124,124,http://localhost:8079/?token=518504778&user=-1355064518&config=3,3052,0,0
1777922337226,2931,HTTP Request,200,OK,Config 3: Exp8 1-24,text,false,Test failed: text expected to match /.*/,231,158,124,124,http://localhost:8079/?token=518504778&user=-1355064518&config=3,2931,0,0
1777922337082,3075,HTTP Request,200,OK,Config 3: Exp8 1-81,text,false,Test failed: text expected to match /.*/,231,158,124,124,http://localhost:8079/?token=518504778&user=-1355064518&config=3,3075,0,0
1777922337114,3043,HTTP Request,200,OK,Config 3: Exp8 1-110,text,false,Test failed: text expected to match /.*/,231,158,124,124,http://localhost:8079/?token=518504778&user=-1355064518&config=3,3043,0,1
1777922337170,2987,HTTP Request,200,OK,Config 3: Exp8 1-67,text,false,Test failed: text expected to match /.*/,231,158,124,124,http://localhost:8079/?token=518504778&user=-1355064518&config=3,2987,0,0
1777922337138,3019,HTTP Request,200,OK,Config 3: Exp8 1-38,text,false,Test failed: text expected to match /.*/,231,158,124,124,http://localhost:8079/?token=518504778&user=-1355064518&config=3,3019,0,0
1777922337315,2926,HTTP Request,200,OK,Config 3: Exp8 1-10,text,false,Test failed: text expected to match /.*/,231,158,125,125,http://localhost:8079/?token=518504778&user=-1355064518&config=3,2926,0,0
1777922337290,2951,HTTP Request,200,OK,Config 3: Exp8 1-82,text,false,Test failed: text expected to match /.*/,231,158,125,125,http://localhost:8079/?token=518504778&user=-1355064518&config=3,2951,0,0
1777922337258,2983,HTTP Request,200,OK,Config 3: Exp8 1-53,text,false,Test failed: text expected to match /.*/,231,158,125,125,http://localhost:8079/?token=518504778&user=-1355064518&config=3,2983,0,0
1777922337202,3039,HTTP Request,200,OK,Config 3: Exp8 1-96,text,false,Test failed: text expected to match /.*/,231,158,125,125,http://localhost:8079/?token=518504778&user=-1355064518&config=3,3039,0,0
1777922337346,3152,HTTP Request,200,OK,Config 3: Exp8 1-39,text,false,Test failed: text expected to match /.*/,231,158,126,126,http://localhost:8079/?token=518504778&user=-1355064518&config=3,3152,0,0
1777922337522,3690,HTTP Request,200,OK,Config 3: Exp8 1-11,text,false,Test failed: text expected to match /.*/,231,158,129,129,http://localhost:8079/?token=518504778&user=-1355064518&config=3,3690,0,0
1777922337378,3834,HTTP Request,200,OK,Config 3: Exp8 1-68,text,false,Test failed: text expected to match /.*/,231,158,129,129,http://localhost:8079/?token=518504778&user=-1355064518&config=3,3834,0,0
1777922337434,3778,HTTP Request,200,OK,Config 3: Exp8 1-25,text,false,Test failed: text expected to match /.*/,231,158,129,129,http://localhost:8079/?token=518504778&user=-1355064518&config=3,3778,0,0
1777922337467,3745,HTTP Request,200,OK,Config 3: Exp8 1-54,text,false,Test failed: text expected to match /.*/,231,158,129,129,http://localhost:8079/?token=518504778&user=-1355064518&config=3,3745,0,0
1777922337554,3658,HTTP Request,200,OK,Config 3: Exp8 1-40,text,false,Test failed: text expected to match /.*/,231,158,129,129,http://localhost:8079/?token=518504778&user=-1355064518&config=3,3658,0,0
1777922337499,3713,HTTP Request,200,OK,Config 3: Exp8 1-83,text,false,Test failed: text expected to match /.*/,231,158,129,129,http://localhost:8079/?token=518504778&user=-1355064518&config=3,3713,0,0
1777922337588,3624,HTTP Request,200,OK,Config 3: Exp8 1-69,text,false,Test failed: text expected to match /.*/,231,158,129,129,http://localhost:8079/?token=518504778&user=-1355064518&config=3,3624,0,0
1777922337322,3890,HTTP Request,200,OK,Config 3: Exp8 1-111,text,false,Test failed: text expected to match /.*/,231,158,129,129,http://localhost:8079/?token=518504778&user=-1355064518&config=3,3890,0,1
1777922337411,3801,HTTP Request,200,OK,Config 3: Exp8 1-97,text,false,Test failed: text expected to match /.*/,231,158,129,129,http://localhost:8079/?token=518504778&user=-1355064518&config=3,3801,0,0
1777922337531,3681,HTTP Request,200,OK,Config 3: Exp8 1-112,text,false,Test failed: text expected to match /.*/,231,158,129,129,http://localhost:8079/?token=518504778&user=-1355064518&config=3,3681,0,0
1777922337643,4376,HTTP Request,200,OK,Config 3: Exp8 1-26,text,false,Test failed: text expected to match /.*/,231,158,133,133,http://localhost:8079/?token=518504778&user=-1355064518&config=3,4376,0,0
1777922337617,4402,HTTP Request,200,OK,Config 3: Exp8 1-98,text,false,Test failed: text expected to match /.*/,231,158,133,133,http://localhost:8079/?token=518504778&user=-1355064518&config=3,4402,0,0
1777922337674,4345,HTTP Request,200,OK,Config 3: Exp8 1-55,text,false,Test failed: text expected to match /.*/,231,158,133,133,http://localhost:8079/?token=518504778&user=-1355064518&config=3,4345,0,0
1777922337706,4313,HTTP Request,200,OK,Config 3: Exp8 1-84,text,false,Test failed: text expected to match /.*/,231,158,133,133,http://localhost:8079/?token=518504778&user=-1355064518&config=3,4313,0,0
1777922337732,4339,HTTP Request,200,OK,Config 3: Exp8 1-12,text,false,Test failed: text expected to match /.*/,231,158,133,133,http://localhost:8079/?token=518504778&user=-1355064518&config=3,4339,0,0
1777922337762,4309,HTTP Request,200,OK,Config 3: Exp8 1-41,text,false,Test failed: text expected to match /.*/,231,158,133,133,http://localhost:8079/?token=518504778&user=-1355064518&config=3,4309,0,0
1777922337739,4333,HTTP Request,200,OK,Config 3: Exp8 1-113,text,false,Test failed: text expected to match /.*/,231,158,133,133,http://localhost:8079/?token=518504778&user=-1355064518&config=3,4333,0,0
1777922337881,4191,HTTP Request,200,OK,Config 3: Exp8 1-56,text,false,Test failed: text expected to match /.*/,231,158,133,133,http://localhost:8079/?token=518504778&user=-1355064518&config=3,4191,0,0
1777922337850,4222,HTTP Request,200,OK,Config 3: Exp8 1-27,text,false,Test failed: text expected to match /.*/,231,158,133,133,http://localhost:8079/?token=518504778&user=-1355064518&config=3,4222,0,0
1777922337793,4279,HTTP Request,200,OK,Config 3: Exp8 1-70,text,false,Test failed: text expected to match /.*/,231,158,133,133,http://localhost:8079/?token=518504778&user=-1355064518&config=3,4279,0,0
1777922337826,4246,HTTP Request,200,OK,Config 3: Exp8 1-99,text,false,Test failed: text expected to match /.*/,231,158,133,133,http://localhost:8079/?token=518504778&user=-1355064518&config=3,4246,0,0
1777922337914,4158,HTTP Request,200,OK,Config 3: Exp8 1-85,text,false,Test failed: text expected to match /.*/,231,158,133,133,http://localhost:8079/?token=518504778&user=-1355064518&config=3,4158,0,0
1777922337970,4103,HTTP Request,200,OK,Config 3: Exp8 1-42,text,false,Test failed: text expected to match /.*/,231,158,133,133,http://localhost:8079/?token=518504778&user=-1355064518&config=3,4103,0,0
1777922337937,4136,HTTP Request,200,OK,Config 3: Exp8 1-13,text,false,Test failed: text expected to match /.*/,231,158,133,133,http://localhost:8079/?token=518504778&user=-1355064518&config=3,4136,0,0
1777922337946,4127,HTTP Request,200,OK,Config 3: Exp8 1-114,text,false,Test failed: text expected to match /.*/,231,158,133,133,http://localhost:8079/?token=518504778&user=-1355064518&config=3,4127,0,0
1777922338058,4016,HTTP Request,200,OK,Config 3: Exp8 1-28,text,false,Test failed: text expected to match /.*/,231,158,133,133,http://localhost:8079/?token=518504778&user=-1355064518&config=3,4016,0,0
1777922338003,4071,HTTP Request,200,OK,Config 3: Exp8 1-71,text,false,Test failed: text expected to match /.*/,231,158,133,133,http://localhost:8079/?token=518504778&user=-1355064518&config=3,4071,0,0
1777922338034,4040,HTTP Request,200,OK,Config 3: Exp8 1-100,text,false,Test failed: text expected to match /.*/,231,158,133,133,http://localhost:8079/?token=518504778&user=-1355064518&config=3,4040,0,0
1777922338147,3927,HTTP Request,200,OK,Config 3: Exp8 1-14,text,false,Test failed: text expected to match /.*/,231,158,133,133,http://localhost:8079/?token=518504778&user=-1355064518&config=3,3927,0,0
1777922338179,3895,HTTP Request,200,OK,Config 3: Exp8 1-43,text,false,Test failed: text expected to match /.*/,231,158,133,133,http://localhost:8079/?token=518504778&user=-1355064518&config=3,3895,0,0
1777922338092,3982,HTTP Request,200,OK,Config 3: Exp8 1-57,text,false,Test failed: text expected to match /.*/,231,158,133,133,http://localhost:8079/?token=518504778&user=-1355064518&config=3,3982,0,0
1777922338123,3952,HTTP Request,200,OK,Config 3: Exp8 1-86,text,false,Test failed: text expected to match /.*/,231,158,133,133,http://localhost:8079/?token=518504778&user=-1355064518&config=3,3952,0,0
1777922338210,3865,HTTP Request,200,OK,Config 3: Exp8 1-72,text,false,Test failed: text expected to match /.*/,231,158,133,133,http://localhost:8079/?token=518504778&user=-1355064518&config=3,3865,0,0
1777922338155,3920,HTTP Request,200,OK,Config 3: Exp8 1-115,text,false,Test failed: text expected to match /.*/,231,158,133,133,http://localhost:8079/?token=518504778&user=-1355064518&config=3,3920,0,1
1777922338266,4598,HTTP Request,200,OK,Config 3: Exp8 1-29,text,false,Test failed: text expected to match /.*/,231,158,137,137,http://localhost:8079/?token=518504778&user=-1355064518&config=3,4598,0,0
1777922338298,4566,HTTP Request,200,OK,Config 3: Exp8 1-58,text,false,Test failed: text expected to match /.*/,231,158,137,137,http://localhost:8079/?token=518504778&user=-1355064518&config=3,4566,0,0
1777922338331,4533,HTTP Request,200,OK,Config 3: Exp8 1-87,text,false,Test failed: text expected to match /.*/,231,158,137,137,http://localhost:8079/?token=518504778&user=-1355064518&config=3,4533,0,0
1777922338241,4623,HTTP Request,200,OK,Config 3: Exp8 1-101,text,false,Test failed: text expected to match /.*/,231,158,137,137,http://localhost:8079/?token=518504778&user=-1355064518&config=3,4623,0,0
1777922338355,4509,HTTP Request,200,OK,Config 3: Exp8 1-15,text,false,Test failed: text expected to match /.*/,231,158,137,137,http://localhost:8079/?token=518504778&user=-1355064518&config=3,4509,0,0
1777922338388,4478,HTTP Request,200,OK,Config 3: Exp8 1-44,text,false,Test failed: text expected to match /.*/,231,158,137,137,http://localhost:8079/?token=518504778&user=-1355064518&config=3,4478,0,0
1777922338363,4503,HTTP Request,200,OK,Config 3: Exp8 1-116,text,false,Test failed: text expected to match /.*/,231,158,137,137,http://localhost:8079/?token=518504778&user=-1355064518&config=3,4503,0,0
1777922338418,4448,HTTP Request,200,OK,Config 3: Exp8 1-73,text,false,Test failed: text expected to match /.*/,231,158,137,137,http://localhost:8079/?token=518504778&user=-1355064518&config=3,4448,0,0
1777922338443,4423,HTTP Request,200,OK,Config 3: Exp8 1-1,text,false,Test failed: text expected to match /.*/,231,158,137,137,http://localhost:8079/?token=518504778&user=-1355064518&config=3,4423,0,0
1777922338475,4391,HTTP Request,200,OK,Config 3: Exp8 1-30,text,false,Test failed: text expected to match /.*/,231,158,137,137,http://localhost:8079/?token=518504778&user=-1355064518&config=3,4391,0,0
1777922338506,4360,HTTP Request,200,OK,Config 3: Exp8 1-59,text,false,Test failed: text expected to match /.*/,231,158,137,137,http://localhost:8079/?token=518504778&user=-1355064518&config=3,4360,0,0
1777922338451,4415,HTTP Request,200,OK,Config 3: Exp8 1-102,text,false,Test failed: text expected to match /.*/,231,158,137,137,http://localhost:8079/?token=518504778&user=-1355064518&config=3,4415,0,0
1777922338563,4303,HTTP Request,200,OK,Config 3: Exp8 1-16,text,false,Test failed: text expected to match /.*/,231,158,137,137,http://localhost:8079/?token=518504778&user=-1355064518&config=3,4303,0,0
1777922338538,4329,HTTP Request,200,OK,Config 3: Exp8 1-88,text,false,Test failed: text expected to match /.*/,231,158,137,137,http://localhost:8079/?token=518504778&user=-1355064518&config=3,4329,0,0
1777922338595,4272,HTTP Request,200,OK,Config 3: Exp8 1-45,text,false,Test failed: text expected to match /.*/,231,158,137,137,http://localhost:8079/?token=518504778&user=-1355064518&config=3,4272,0,0
1777922338650,4218,HTTP Request,200,OK,Config 3: Exp8 1-2,text,false,Test failed: text expected to match /.*/,231,158,137,137,http://localhost:8079/?token=518504778&user=-1355064518&config=3,4218,0,0
1777922338681,4187,HTTP Request,200,OK,Config 3: Exp8 1-31,text,false,Test failed: text expected to match /.*/,231,158,137,137,http://localhost:8079/?token=518504778&user=-1355064518&config=3,4187,0,0
1777922338626,4242,HTTP Request,200,OK,Config 3: Exp8 1-74,text,false,Test failed: text expected to match /.*/,231,158,137,137,http://localhost:8079/?token=518504778&user=-1355064518&config=3,4242,0,0
1777922338658,4211,HTTP Request,200,OK,Config 3: Exp8 1-103,text,false,Test failed: text expected to match /.*/,231,158,137,137,http://localhost:8079/?token=518504778&user=-1355064518&config=3,4211,0,0
1777922338570,4299,HTTP Request,200,OK,Config 3: Exp8 1-117,text,false,Test failed: text expected to match /.*/,231,158,137,137,http://localhost:8079/?token=518504778&user=-1355064518&config=3,4299,0,0
1777922338715,4154,HTTP Request,200,OK,Config 3: Exp8 1-60,text,false,Test failed: text expected to match /.*/,231,158,137,137,http://localhost:8079/?token=518504778&user=-1355064518&config=3,4154,0,0
1777922338745,4124,HTTP Request,200,OK,Config 3: Exp8 1-89,text,false,Test failed: text expected to match /.*/,231,158,137,137,http://localhost:8079/?token=518504778&user=-1355064518&config=3,4124,0,0
1777922338771,4632,HTTP Request,200,OK,Config 3: Exp8 1-17,text,false,Test failed: text expected to match /.*/,231,158,140,140,http://localhost:8079/?token=518504778&user=-1355064518&config=3,4632,0,0
1777922338801,4602,HTTP Request,200,OK,Config 3: Exp8 1-46,text,false,Test failed: text expected to match /.*/,231,158,140,140,http://localhost:8079/?token=518504778&user=-1355064518&config=3,4602,0,0
1777922338777,4627,HTTP Request,200,OK,Config 3: Exp8 1-118,text,false,Test failed: text expected to match /.*/,231,158,140,140,http://localhost:8079/?token=518504778&user=-1355064518&config=3,4626,0,1
1777922338858,4784,HTTP Request,200,OK,Config 3: Exp8 1-3,text,false,Test failed: text expected to match /.*/,231,158,141,141,http://localhost:8079/?token=518504778&user=-1355064518&config=3,4784,0,0
1777922338835,4807,HTTP Request,200,OK,Config 3: Exp8 1-75,text,false,Test failed: text expected to match /.*/,231,158,141,141,http://localhost:8079/?token=518504778&user=-1355064518&config=3,4807,0,0
1777922339067,4575,HTTP Request,200,OK,Config 3: Exp8 1-4,text,false,Test failed: text expected to match /.*/,231,158,141,141,http://localhost:8079/?token=518504778&user=-1355064518&config=3,4575,0,0
1777922338953,4689,HTTP Request,200,OK,Config 3: Exp8 1-90,text,false,Test failed: text expected to match /.*/,231,158,141,141,http://localhost:8079/?token=518504778&user=-1355064518&config=3,4689,0,0
1777922338866,4776,HTTP Request,200,OK,Config 3: Exp8 1-104,text,false,Test failed: text expected to match /.*/,231,158,141,141,http://localhost:8079/?token=518504778&user=-1355064518&config=3,4776,0,0
1777922338979,4663,HTTP Request,200,OK,Config 3: Exp8 1-18,text,false,Test failed: text expected to match /.*/,231,158,141,141,http://localhost:8079/?token=518504778&user=-1355064518&config=3,4663,0,0
1777922339009,4633,HTTP Request,200,OK,Config 3: Exp8 1-47,text,false,Test failed: text expected to match /.*/,231,158,141,141,http://localhost:8079/?token=518504778&user=-1355064518&config=3,4633,0,0
1777922338889,4753,HTTP Request,200,OK,Config 3: Exp8 1-32,text,false,Test failed: text expected to match /.*/,231,158,141,141,http://localhost:8079/?token=518504778&user=-1355064518&config=3,4753,0,0
1777922339098,4545,HTTP Request,200,OK,Config 3: Exp8 1-33,text,false,Test failed: text expected to match /.*/,231,158,141,141,http://localhost:8079/?token=518504778&user=-1355064518&config=3,4545,0,0
1777922338922,4721,HTTP Request,200,OK,Config 3: Exp8 1-61,text,false,Test failed: text expected to match /.*/,231,158,141,141,http://localhost:8079/?token=518504778&user=-1355064518&config=3,4721,0,0
1777922339043,4600,HTTP Request,200,OK,Config 3: Exp8 1-76,text,false,Test failed: text expected to match /.*/,231,158,141,141,http://localhost:8079/?token=518504778&user=-1355064518&config=3,4600,0,0
1777922338986,4657,HTTP Request,200,OK,Config 3: Exp8 1-119,text,false,Test failed: text expected to match /.*/,231,158,141,141,http://localhost:8079/?token=518504778&user=-1355064518&config=3,4657,0,0
1777922339074,4569,HTTP Request,200,OK,Config 3: Exp8 1-105,text,false,Test failed: text expected to match /.*/,231,158,141,141,http://localhost:8079/?token=518504778&user=-1355064518&config=3,4569,0,0
1777922339130,4533,HTTP Request,200,OK,Config 3: Exp8 1-62,text,false,Test failed: text expected to match /.*/,231,158,141,141,http://localhost:8079/?token=518504778&user=-1355064518&config=3,4533,0,0
1777922339163,4500,HTTP Request,200,OK,Config 3: Exp8 1-91,text,false,Test failed: text expected to match /.*/,231,158,141,141,http://localhost:8079/?token=518504778&user=-1355064518&config=3,4500,0,0
1777922339187,5184,HTTP Request,200,OK,Config 3: Exp8 1-19,text,false,Test failed: text expected to match /.*/,231,158,144,144,http://localhost:8079/?token=518504778&user=-1355064518&config=3,5184,0,0
1777922339217,5155,HTTP Request,200,OK,Config 3: Exp8 1-48,text,false,Test failed: text expected to match /.*/,231,158,144,144,http://localhost:8079/?token=518504778&user=-1355064518&config=3,5155,0,0
1777922339194,5178,HTTP Request,200,OK,Config 3: Exp8 1-120,text,false,Test failed: text expected to match /.*/,231,158,144,144,http://localhost:8079/?token=518504778&user=-1355064518&config=3,5178,0,1
1777922339274,5098,HTTP Request,200,OK,Config 3: Exp8 1-5,text,false,Test failed: text expected to match /.*/,231,158,144,144,http://localhost:8079/?token=518504778&user=-1355064518&config=3,5098,0,0
1777922339250,5122,HTTP Request,200,OK,Config 3: Exp8 1-77,text,false,Test failed: text expected to match /.*/,231,158,144,144,http://localhost:8079/?token=518504778&user=-1355064518&config=3,5122,0,0
1777922339283,5089,HTTP Request,200,OK,Config 3: Exp8 1-106,text,false,Test failed: text expected to match /.*/,231,158,144,144,http://localhost:8079/?token=518504778&user=-1355064518&config=3,5089,0,0
1777922339305,5067,HTTP Request,200,OK,Config 3: Exp8 1-34,text,false,Test failed: text expected to match /.*/,231,158,144,144,http://localhost:8079/?token=518504778&user=-1355064518&config=3,5067,0,0
1777922339339,5033,HTTP Request,200,OK,Config 3: Exp8 1-63,text,false,Test failed: text expected to match /.*/,231,158,144,144,http://localhost:8079/?token=518504778&user=-1355064518&config=3,5033,0,0
1777922339371,5002,HTTP Request,200,OK,Config 3: Exp8 1-92,text,false,Test failed: text expected to match /.*/,231,158,144,144,http://localhost:8079/?token=518504778&user=-1355064518&config=3,5002,0,0
1777922339638,4735,HTTP Request,200,OK,Config 3: Exp8 1-6,text,false,Test failed: text expected to match /.*/,231,158,144,144,http://localhost:8079/?token=518504778&user=-1355064518&config=3,4735,0,0
1777922339393,4980,HTTP Request,200,OK,Config 3: Exp8 1-20,text,false,Test failed: text expected to match /.*/,231,158,144,144,http://localhost:8079/?token=518504778&user=-1355064518&config=3,4980,0,0
1777922339638,4735,HTTP Request,200,OK,Config 3: Exp8 1-35,text,false,Test failed: text expected to match /.*/,231,158,144,144,http://localhost:8079/?token=518504778&user=-1355064518&config=3,4735,0,0
1777922339689,4684,HTTP Request,200,OK,Config 3: Exp8 1-50,text,false,Test failed: text expected to match /.*/,231,158,144,144,http://localhost:8079/?token=518504778&user=-1355064518&config=3,4684,0,0
1777922339689,4684,HTTP Request,200,OK,Config 3: Exp8 1-64,text,false,Test failed: text expected to match /.*/,231,158,144,144,http://localhost:8079/?token=518504778&user=-1355064518&config=3,4684,0,0
1777922339689,4684,HTTP Request,200,OK,Config 3: Exp8 1-107,text,false,Test failed: text expected to match /.*/,231,158,144,144,http://localhost:8079/?token=518504778&user=-1355064518&config=3,4684,0,0
1777922339611,4762,HTTP Request,200,OK,Config 3: Exp8 1-122,text,false,Test failed: text expected to match /.*/,231,158,144,144,http://localhost:8079/?token=518504778&user=-1355064518&config=3,4762,0,0
1777922339689,4685,HTTP Request,200,OK,Config 3: Exp8 1-93,text,false,Test failed: text expected to match /.*/,231,158,144,144,http://localhost:8079/?token=518504778&user=-1355064518&config=3,4685,0,0
1777922339689,4820,HTTP Request,200,OK,Config 3: Exp8 1-21,text,false,Test failed: text expected to match /.*/,231,158,145,145,http://localhost:8079/?token=518504778&user=-1355064518&config=3,4820,0,0
1777922339690,4819,HTTP Request,200,OK,Config 3: Exp8 1-79,text,false,Test failed: text expected to match /.*/,231,158,145,145,http://localhost:8079/?token=518504778&user=-1355064518&config=3,4819,0,0
1777922339699,4811,HTTP Request,200,OK,Config 3: Exp8 1-108,text,false,Test failed: text expected to match /.*/,231,158,145,145,http://localhost:8079/?token=518504778&user=-1355064518&config=3,4811,0,0
1777922339690,4845,HTTP Request,200,OK,Config 3: Exp8 1-7,text,false,Test failed: text expected to match /.*/,231,158,145,145,http://localhost:8079/?token=518504778&user=-1355064518&config=3,4845,0,0
1777922339722,5612,HTTP Request,200,OK,Config 3: Exp8 1-36,text,false,Test failed: text expected to match /.*/,231,158,149,149,http://localhost:8079/?token=518504778&user=-1355064518&config=3,5612,0,0
1777922339754,5619,HTTP Request,200,OK,Config 3: Exp8 1-65,text,false,Test failed: text expected to match /.*/,231,158,149,149,http://localhost:8079/?token=518504778&user=-1355064518&config=3,5619,0,0
1777922339787,5586,HTTP Request,200,OK,Config 3: Exp8 1-94,text,false,Test failed: text expected to match /.*/,231,158,149,149,http://localhost:8079/?token=518504778&user=-1355064518&config=3,5586,0,0
1777922339811,5563,HTTP Request,200,OK,Config 3: Exp8 1-22,text,false,Test failed: text expected to match /.*/,231,158,149,149,http://localhost:8079/?token=518504778&user=-1355064518&config=3,5563,0,0
1777922340156,5218,HTTP Request,200,OK,Config 3: Exp8 1-95,text,false,Test failed: text expected to match /.*/,231,158,149,149,http://localhost:8079/?token=518504778&user=-1355064518&config=3,5218,0,0
1777922339843,5531,HTTP Request,200,OK,Config 3: Exp8 1-51,text,false,Test failed: text expected to match /.*/,231,158,149,149,http://localhost:8079/?token=518504778&user=-1355064518&config=3,5531,0,0
1777922339818,5556,HTTP Request,200,OK,Config 3: Exp8 1-123,text,false,Test failed: text expected to match /.*/,231,158,149,149,http://localhost:8079/?token=518504778&user=-1355064518&config=3,5556,0,1
1777922340156,5218,HTTP Request,200,OK,Config 3: Exp8 1-66,text,false,Test failed: text expected to match /.*/,231,158,149,149,http://localhost:8079/?token=518504778&user=-1355064518&config=3,5218,0,0
1777922340155,5220,HTTP Request,200,OK,Config 3: Exp8 1-8,text,false,Test failed: text expected to match /.*/,231,158,149,149,http://localhost:8079/?token=518504778&user=-1355064518&config=3,5220,0,0
1777922340155,5220,HTTP Request,200,OK,Config 3: Exp8 1-80,text,false,Test failed: text expected to match /.*/,231,158,149,149,http://localhost:8079/?token=518504778&user=-1355064518&config=3,5220,0,0
1777922340027,5348,HTTP Request,200,OK,Config 3: Exp8 1-124,text,false,Test failed: text expected to match /.*/,231,158,149,149,http://localhost:8079/?token=518504778&user=-1355064518&config=3,5348,0,0
1777922340156,5220,HTTP Request,200,OK,Config 3: Exp8 1-37,text,false,Test failed: text expected to match /.*/,231,158,149,149,http://localhost:8079/?token=518504778&user=-1355064518&config=3,5220,0,0
1777922340156,5220,HTTP Request,200,OK,Config 3: Exp8 1-109,text,false,Test failed: text expected to match /.*/,231,158,149,149,http://localhost:8079/?token=518504778&user=-1355064518&config=3,5220,0,0
1777922340157,5268,HTTP Request,200,OK,Config 3: Exp8 1-52,text,false,Test failed: text expected to match /.*/,231,158,149,149,http://localhost:8079/?token=518504778&user=-1355064518&config=3,5268,0,0
1777922339426,6911,HTTP Request,200,OK,Config 3: Exp8 1-49,text,false,Test failed: text expected to match /.*/,231,158,154,154,http://localhost:8079/?token=518504778&user=-1355064518&config=3,6911,0,0
1777922339402,6935,HTTP Request,200,OK,Config 3: Exp8 1-121,text,false,Test failed: text expected to match /.*/,231,158,154,154,http://localhost:8079/?token=518504778&user=-1355064518&config=3,6935,0,1
1777922339458,6879,HTTP Request,200,OK,Config 3: Exp8 1-78,text,false,Test failed: text expected to match /.*/,231,158,154,154,http://localhost:8079/?token=518504778&user=-1355064518&config=3,6879,0,0
1777922340156,6182,HTTP Request,200,OK,Config 3: Exp8 1-23,text,false,Test failed: text expected to match /.*/,231,158,154,154,http://localhost:8079/?token=518504778&user=-1355064518&config=3,6182,0,0
1777922340158,6180,HTTP Request,200,OK,Config 3: Exp8 1-110,text,false,Test failed: text expected to match /.*/,231,158,154,154,http://localhost:8079/?token=518504778&user=-1355064518&config=3,6180,0,0
1777922340158,6181,HTTP Request,200,OK,Config 3: Exp8 1-38,text,false,Test failed: text expected to match /.*/,231,158,154,154,http://localhost:8079/?token=518504778&user=-1355064518&config=3,6181,0,0
1777922340158,6181,HTTP Request,200,OK,Config 3: Exp8 1-81,text,false,Test failed: text expected to match /.*/,231,158,154,154,http://localhost:8079/?token=518504778&user=-1355064518&config=3,6181,0,0
1777922340157,6182,HTTP Request,200,OK,Config 3: Exp8 1-9,text,false,Test failed: text expected to match /.*/,231,158,154,154,http://localhost:8079/?token=518504778&user=-1355064518&config=3,6182,0,0
1777922340227,6211,HTTP Request,200,OK,Config 3: Exp8 1-24,text,false,Test failed: text expected to match /.*/,231,158,154,154,http://localhost:8079/?token=518504778&user=-1355064518&config=3,6211,0,0
1777922340170,6268,HTTP Request,200,OK,Config 3: Exp8 1-67,text,false,Test failed: text expected to match /.*/,231,158,154,154,http://localhost:8079/?token=518504778&user=-1355064518&config=3,6268,0,0
1777922340241,6197,HTTP Request,200,OK,Config 3: Exp8 1-96,text,false,Test failed: text expected to match /.*/,231,158,154,154,http://localhost:8079/?token=518504778&user=-1355064518&config=3,6197,0,0
1777922340259,6181,HTTP Request,200,OK,Config 3: Exp8 1-53,text,false,Test failed: text expected to match /.*/,231,158,154,154,http://localhost:8079/?token=518504778&user=-1355064518&config=3,6181,0,0
1777922340234,6206,HTTP Request,200,OK,Config 3: Exp8 1-125,text,false,Test failed: text expected to match /.*/,231,158,154,154,http://localhost:8079/?token=518504778&user=-1355064518&config=3,6206,0,1
1777922340291,6149,HTTP Request,200,OK,Config 3: Exp8 1-82,text,false,Test failed: text expected to match /.*/,231,158,154,154,http://localhost:8079/?token=518504778&user=-1355064518&config=3,6149,0,0
1777922340314,6126,HTTP Request,200,OK,Config 3: Exp8 1-10,text,false,Test failed: text expected to match /.*/,231,158,154,154,http://localhost:8079/?token=518504778&user=-1355064518&config=3,6126,0,0
1777922340498,5943,HTTP Request,200,OK,Config 3: Exp8 1-39,text,false,Test failed: text expected to match /.*/,231,158,154,154,http://localhost:8079/?token=518504778&user=-1355064518&config=3,5943,0,0
1777922341212,5229,HTTP Request,200,OK,Config 3: Exp8 1-25,text,false,Test failed: text expected to match /.*/,231,158,154,154,http://localhost:8079/?token=518504778&user=-1355064518&config=3,5229,0,0
1777922341212,5229,HTTP Request,200,OK,Config 3: Exp8 1-54,text,false,Test failed: text expected to match /.*/,231,158,154,154,http://localhost:8079/?token=518504778&user=-1355064518&config=3,5229,0,0
1777922340443,5998,HTTP Request,200,OK,Config 3: Exp8 1-126,text,false,Test failed: text expected to match /.*/,231,158,154,154,http://localhost:8079/?token=518504778&user=-1355064518&config=3,5998,0,0
1777922341212,5229,HTTP Request,200,OK,Config 3: Exp8 1-111,text,false,Test failed: text expected to match /.*/,231,158,154,154,http://localhost:8079/?token=518504778&user=-1355064518&config=3,5229,0,0
1777922341212,5229,HTTP Request,200,OK,Config 3: Exp8 1-83,text,false,Test failed: text expected to match /.*/,231,158,154,154,http://localhost:8079/?token=518504778&user=-1355064518&config=3,5229,0,0
1777922341212,5229,HTTP Request,200,OK,Config 3: Exp8 1-69,text,false,Test failed: text expected to match /.*/,231,158,154,154,http://localhost:8079/?token=518504778&user=-1355064518&config=3,5229,0,0
1777922340651,5790,HTTP Request,200,OK,Config 3: Exp8 1-127,text,false,Test failed: text expected to match /.*/,231,158,154,154,http://localhost:8079/?token=518504778&user=-1355064518&config=3,5790,0,0
1777922341068,5373,HTTP Request,200,OK,Config 3: Exp8 1-129,text,false,Test failed: text expected to match /.*/,231,158,154,154,http://localhost:8079/?token=518504778&user=-1355064518&config=3,5373,0,0
1777922340859,5582,HTTP Request,200,OK,Config 3: Exp8 1-128,text,false,Test failed: text expected to match /.*/,231,158,154,154,http://localhost:8079/?token=518504778&user=-1355064518&config=3,5582,0,1
1777922341212,5229,HTTP Request,200,OK,Config 3: Exp8 1-11,text,false,Test failed: text expected to match /.*/,231,158,154,154,http://localhost:8079/?token=518504778&user=-1355064518&config=3,5229,0,0
1777922341212,5230,HTTP Request,200,OK,Config 3: Exp8 1-68,text,false,Test failed: text expected to match /.*/,231,158,154,154,http://localhost:8079/?token=518504778&user=-1355064518&config=3,5230,0,0
1777922341212,5230,HTTP Request,200,OK,Config 3: Exp8 1-112,text,false,Test failed: text expected to match /.*/,231,158,154,154,http://localhost:8079/?token=518504778&user=-1355064518&config=3,5230,0,0
1777922341212,5230,HTTP Request,200,OK,Config 3: Exp8 1-97,text,false,Test failed: text expected to match /.*/,231,158,154,154,http://localhost:8079/?token=518504778&user=-1355064518&config=3,5230,0,0
1777922341212,5230,HTTP Request,200,OK,Config 3: Exp8 1-40,text,false,Test failed: text expected to match /.*/,231,158,154,154,http://localhost:8079/?token=518504778&user=-1355064518&config=3,5230,0,0
1777922341274,5637,HTTP Request,200,OK,Config 3: Exp8 1-130,text,false,Test failed: text expected to match /.*/,231,158,157,157,http://localhost:8079/?token=518504778&user=-1355064518&config=3,5637,0,1
1777922341482,5613,HTTP Request,200,OK,Config 3: Exp8 1-131,text,false,Test failed: text expected to match /.*/,231,158,157,157,http://localhost:8079/?token=518504778&user=-1355064518&config=3,5613,0,1
1777922342019,5077,HTTP Request,200,OK,Config 3: Exp8 1-98,text,false,Test failed: text expected to match /.*/,231,158,157,157,http://localhost:8079/?token=518504778&user=-1355064518&config=3,5077,0,0
1777922341690,5406,HTTP Request,200,OK,Config 3: Exp8 1-132,text,false,Test failed: text expected to match /.*/,231,158,157,157,http://localhost:8079/?token=518504778&user=-1355064518&config=3,5406,0,1
1777922342019,5077,HTTP Request,200,OK,Config 3: Exp8 1-55,text,false,Test failed: text expected to match /.*/,231,158,157,157,http://localhost:8079/?token=518504778&user=-1355064518&config=3,5077,0,0
1777922341898,5198,HTTP Request,200,OK,Config 3: Exp8 1-133,text,false,Test failed: text expected to match /.*/,231,158,157,157,http://localhost:8079/?token=518504778&user=-1355064518&config=3,5198,0,1
1777922342019,5077,HTTP Request,200,OK,Config 3: Exp8 1-26,text,false,Test failed: text expected to match /.*/,231,158,157,157,http://localhost:8079/?token=518504778&user=-1355064518&config=3,5077,0,0
1777922342019,5077,HTTP Request,200,OK,Config 3: Exp8 1-84,text,false,Test failed: text expected to match /.*/,231,158,157,157,http://localhost:8079/?token=518504778&user=-1355064518&config=3,5077,0,0
1777922342071,5026,HTTP Request,200,OK,Config 3: Exp8 1-12,text,false,Test failed: text expected to match /.*/,231,158,157,157,http://localhost:8079/?token=518504778&user=-1355064518&config=3,5026,0,0
1777922342072,5025,HTTP Request,200,OK,Config 3: Exp8 1-27,text,false,Test failed: text expected to match /.*/,231,158,157,157,http://localhost:8079/?token=518504778&user=-1355064518&config=3,5025,0,0
1777922342072,5025,HTTP Request,200,OK,Config 3: Exp8 1-113,text,false,Test failed: text expected to match /.*/,231,158,157,157,http://localhost:8079/?token=518504778&user=-1355064518&config=3,5025,0,0
1777922342073,5025,HTTP Request,200,OK,Config 3: Exp8 1-13,text,false,Test failed: text expected to match /.*/,231,158,157,157,http://localhost:8079/?token=518504778&user=-1355064518&config=3,5025,0,0
1777922342071,5027,HTTP Request,200,OK,Config 3: Exp8 1-41,text,false,Test failed: text expected to match /.*/,231,158,157,157,http://localhost:8079/?token=518504778&user=-1355064518&config=3,5027,0,0
1777922342072,5026,HTTP Request,200,OK,Config 3: Exp8 1-56,text,false,Test failed: text expected to match /.*/,231,158,158,158,http://localhost:8079/?token=518504778&user=-1355064518&config=3,5026,0,0
1777922342072,5026,HTTP Request,200,OK,Config 3: Exp8 1-70,text,false,Test failed: text expected to match /.*/,231,158,158,158,http://localhost:8079/?token=518504778&user=-1355064518&config=3,5026,0,0
1777922342073,5025,HTTP Request,200,OK,Config 3: Exp8 1-42,text,false,Test failed: text expected to match /.*/,231,158,158,158,http://localhost:8079/?token=518504778&user=-1355064518&config=3,5025,0,0
1777922342073,5025,HTTP Request,200,OK,Config 3: Exp8 1-114,text,false,Test failed: text expected to match /.*/,231,158,158,158,http://localhost:8079/?token=518504778&user=-1355064518&config=3,5025,0,0
1777922342072,5026,HTTP Request,200,OK,Config 3: Exp8 1-99,text,false,Test failed: text expected to match /.*/,231,158,158,158,http://localhost:8079/?token=518504778&user=-1355064518&config=3,5026,0,0
1777922342072,5026,HTTP Request,200,OK,Config 3: Exp8 1-85,text,false,Test failed: text expected to match /.*/,231,158,158,158,http://localhost:8079/?token=518504778&user=-1355064518&config=3,5026,0,0
1777922342074,5024,HTTP Request,200,OK,Config 3: Exp8 1-71,text,false,Test failed: text expected to match /.*/,231,158,158,158,http://localhost:8079/?token=518504778&user=-1355064518&config=3,5024,0,0
1777922342075,5024,HTTP Request,200,OK,Config 3: Exp8 1-72,text,false,Test failed: text expected to match /.*/,231,158,158,158,http://localhost:8079/?token=518504778&user=-1355064518&config=3,5023,0,0
1777922342075,5024,HTTP Request,200,OK,Config 3: Exp8 1-43,text,false,Test failed: text expected to match /.*/,231,158,158,158,http://localhost:8079/?token=518504778&user=-1355064518&config=3,5024,0,0
1777922342075,5024,HTTP Request,200,OK,Config 3: Exp8 1-86,text,false,Test failed: text expected to match /.*/,231,158,158,158,http://localhost:8079/?token=518504778&user=-1355064518&config=3,5024,0,0
1777922342074,5025,HTTP Request,200,OK,Config 3: Exp8 1-28,text,false,Test failed: text expected to match /.*/,231,158,158,158,http://localhost:8079/?token=518504778&user=-1355064518&config=3,5025,0,0
1777922342074,5025,HTTP Request,200,OK,Config 3: Exp8 1-100,text,false,Test failed: text expected to match /.*/,231,158,158,158,http://localhost:8079/?token=518504778&user=-1355064518&config=3,5025,0,0
1777922342075,5024,HTTP Request,200,OK,Config 3: Exp8 1-115,text,false,Test failed: text expected to match /.*/,231,158,158,158,http://localhost:8079/?token=518504778&user=-1355064518&config=3,5024,0,0
1777922342075,5690,HTTP Request,200,OK,Config 3: Exp8 1-57,text,false,Test failed: text expected to match /.*/,231,158,161,161,http://localhost:8079/?token=518504778&user=-1355064518&config=3,5689,0,0
1777922342074,5691,HTTP Request,200,OK,Config 3: Exp8 1-14,text,false,Test failed: text expected to match /.*/,231,158,161,161,http://localhost:8079/?token=518504778&user=-1355064518&config=3,5691,0,0
1777922342106,5660,HTTP Request,200,OK,Config 3: Exp8 1-134,text,false,Test failed: text expected to match /.*/,231,158,161,161,http://localhost:8079/?token=518504778&user=-1355064518&config=3,5660,0,0
1777922342314,5452,HTTP Request,200,OK,Config 3: Exp8 1-135,text,false,Test failed: text expected to match /.*/,231,158,161,161,http://localhost:8079/?token=518504778&user=-1355064518&config=3,5452,0,1
1777922342523,5552,HTTP Request,200,OK,Config 3: Exp8 1-136,text,false,Test failed: text expected to match /.*/,231,158,162,162,http://localhost:8079/?token=518504778&user=-1355064518&config=3,5552,0,0
1777922342731,5344,HTTP Request,200,OK,Config 3: Exp8 1-137,text,false,Test failed: text expected to match /.*/,231,158,162,162,http://localhost:8079/?token=518504778&user=-1355064518&config=3,5344,0,1
1777922342865,5210,HTTP Request,200,OK,Config 3: Exp8 1-58,text,false,Test failed: text expected to match /.*/,231,158,162,162,http://localhost:8079/?token=518504778&user=-1355064518&config=3,5210,0,0
1777922342865,5210,HTTP Request,200,OK,Config 3: Exp8 1-87,text,false,Test failed: text expected to match /.*/,231,158,162,162,http://localhost:8079/?token=518504778&user=-1355064518&config=3,5210,0,0
1777922342865,5210,HTTP Request,200,OK,Config 3: Exp8 1-29,text,false,Test failed: text expected to match /.*/,231,158,162,162,http://localhost:8079/?token=518504778&user=-1355064518&config=3,5210,0,0
1777922342866,5209,HTTP Request,200,OK,Config 3: Exp8 1-59,text,false,Test failed: text expected to match /.*/,231,158,162,162,http://localhost:8079/?token=518504778&user=-1355064518&config=3,5209,0,0
1777922342865,5210,HTTP Request,200,OK,Config 3: Exp8 1-15,text,false,Test failed: text expected to match /.*/,231,158,162,162,http://localhost:8079/?token=518504778&user=-1355064518&config=3,5210,0,0
1777922342866,5209,HTTP Request,200,OK,Config 3: Exp8 1-30,text,false,Test failed: text expected to match /.*/,231,158,162,162,http://localhost:8079/?token=518504778&user=-1355064518&config=3,5209,0,0
1777922342866,5209,HTTP Request,200,OK,Config 3: Exp8 1-1,text,false,Test failed: text expected to match /.*/,231,158,162,162,http://localhost:8079/?token=518504778&user=-1355064518&config=3,5209,0,0
1777922342866,5209,HTTP Request,200,OK,Config 3: Exp8 1-44,text,false,Test failed: text expected to match /.*/,231,158,162,162,http://localhost:8079/?token=518504778&user=-1355064518&config=3,5209,0,0
1777922342866,5209,HTTP Request,200,OK,Config 3: Exp8 1-73,text,false,Test failed: text expected to match /.*/,231,158,162,162,http://localhost:8079/?token=518504778&user=-1355064518&config=3,5209,0,0
1777922342866,5209,HTTP Request,200,OK,Config 3: Exp8 1-116,text,false,Test failed: text expected to match /.*/,231,158,162,162,http://localhost:8079/?token=518504778&user=-1355064518&config=3,5209,0,0
1777922342866,5209,HTTP Request,200,OK,Config 3: Exp8 1-102,text,false,Test failed: text expected to match /.*/,231,158,162,162,http://localhost:8079/?token=518504778&user=-1355064518&config=3,5209,0,0
1777922342865,5210,HTTP Request,200,OK,Config 3: Exp8 1-101,text,false,Test failed: text expected to match /.*/,231,158,162,162,http://localhost:8079/?token=518504778&user=-1355064518&config=3,5210,0,0
1777922342866,5210,HTTP Request,200,OK,Config 3: Exp8 1-16,text,false,Test failed: text expected to match /.*/,231,158,162,162,http://localhost:8079/?token=518504778&user=-1355064518&config=3,5210,0,0
1777922342867,5249,HTTP Request,200,OK,Config 3: Exp8 1-88,text,false,Test failed: text expected to match /.*/,231,158,162,162,http://localhost:8079/?token=518504778&user=-1355064518&config=3,5249,0,0
1777922342869,5247,HTTP Request,200,OK,Config 3: Exp8 1-103,text,false,Test failed: text expected to match /.*/,231,158,162,162,http://localhost:8079/?token=518504778&user=-1355064518&config=3,5247,0,0
1777922342869,5249,HTTP Request,200,OK,Config 3: Exp8 1-2,text,false,Test failed: text expected to match /.*/,231,158,162,162,http://localhost:8079/?token=518504778&user=-1355064518&config=3,5249,0,0
1777922342867,5251,HTTP Request,200,OK,Config 3: Exp8 1-45,text,false,Test failed: text expected to match /.*/,231,158,162,162,http://localhost:8079/?token=518504778&user=-1355064518&config=3,5251,0,0
1777922342869,5823,HTTP Request,200,OK,Config 3: Exp8 1-117,text,false,Test failed: text expected to match /.*/,231,158,165,165,http://localhost:8079/?token=518504778&user=-1355064518&config=3,5823,0,0
1777922342869,5823,HTTP Request,200,OK,Config 3: Exp8 1-31,text,false,Test failed: text expected to match /.*/,231,158,165,165,http://localhost:8079/?token=518504778&user=-1355064518&config=3,5823,0,0
1777922342869,5823,HTTP Request,200,OK,Config 3: Exp8 1-74,text,false,Test failed: text expected to match /.*/,231,158,165,165,http://localhost:8079/?token=518504778&user=-1355064518&config=3,5823,0,0
1777922342869,5823,HTTP Request,200,OK,Config 3: Exp8 1-89,text,false,Test failed: text expected to match /.*/,231,158,165,165,http://localhost:8079/?token=518504778&user=-1355064518&config=3,5823,0,0
1777922342869,5823,HTTP Request,200,OK,Config 3: Exp8 1-60,text,false,Test failed: text expected to match /.*/,231,158,165,165,http://localhost:8079/?token=518504778&user=-1355064518&config=3,5823,0,0
1777922342939,5753,HTTP Request,200,OK,Config 3: Exp8 1-138,text,false,Test failed: text expected to match /.*/,231,158,165,165,http://localhost:8079/?token=518504778&user=-1355064518&config=3,5753,0,0
1777922343147,5546,HTTP Request,200,OK,Config 3: Exp8 1-139,text,false,Test failed: text expected to match /.*/,231,158,165,165,http://localhost:8079/?token=518504778&user=-1355064518&config=3,5546,0,1
1777922343354,5339,HTTP Request,200,OK,Config 3: Exp8 1-140,text,false,Test failed: text expected to match /.*/,231,158,165,165,http://localhost:8079/?token=518504778&user=-1355064518&config=3,5339,0,0
1777922343562,5131,HTTP Request,200,OK,Config 3: Exp8 1-141,text,false,Test failed: text expected to match /.*/,231,158,165,165,http://localhost:8079/?token=518504778&user=-1355064518&config=3,5131,0,0
1777922343403,5291,HTTP Request,200,OK,Config 3: Exp8 1-17,text,false,Test failed: text expected to match /.*/,231,158,165,165,http://localhost:8079/?token=518504778&user=-1355064518&config=3,5291,0,0
1777922343642,5052,HTTP Request,200,OK,Config 3: Exp8 1-3,text,false,Test failed: text expected to match /.*/,231,158,165,165,http://localhost:8079/?token=518504778&user=-1355064518&config=3,5052,0,0
1777922343403,5292,HTTP Request,200,OK,Config 3: Exp8 1-46,text,false,Test failed: text expected to match /.*/,231,158,165,165,http://localhost:8079/?token=518504778&user=-1355064518&config=3,5292,0,0
1777922343642,5053,HTTP Request,200,OK,Config 3: Exp8 1-4,text,false,Test failed: text expected to match /.*/,231,158,165,165,http://localhost:8079/?token=518504778&user=-1355064518&config=3,5053,0,0
1777922343643,5052,HTTP Request,200,OK,Config 3: Exp8 1-104,text,false,Test failed: text expected to match /.*/,231,158,165,165,http://localhost:8079/?token=518504778&user=-1355064518&config=3,5052,0,0
1777922343642,5053,HTTP Request,200,OK,Config 3: Exp8 1-75,text,false,Test failed: text expected to match /.*/,231,158,165,165,http://localhost:8079/?token=518504778&user=-1355064518&config=3,5053,0,0
1777922343643,5052,HTTP Request,200,OK,Config 3: Exp8 1-33,text,false,Test failed: text expected to match /.*/,231,158,165,165,http://localhost:8079/?token=518504778&user=-1355064518&config=3,5052,0,0
1777922343643,5369,HTTP Request,200,OK,Config 3: Exp8 1-90,text,false,Test failed: text expected to match /.*/,231,158,167,167,http://localhost:8079/?token=518504778&user=-1355064518&config=3,5369,0,0
1777922343643,5369,HTTP Request,200,OK,Config 3: Exp8 1-32,text,false,Test failed: text expected to match /.*/,231,158,167,167,http://localhost:8079/?token=518504778&user=-1355064518&config=3,5369,0,0
1777922343643,5370,HTTP Request,200,OK,Config 3: Exp8 1-47,text,false,Test failed: text expected to match /.*/,231,158,167,167,http://localhost:8079/?token=518504778&user=-1355064518&config=3,5370,0,0
1777922343643,5370,HTTP Request,200,OK,Config 3: Exp8 1-61,text,false,Test failed: text expected to match /.*/,231,158,167,167,http://localhost:8079/?token=518504778&user=-1355064518&config=3,5370,0,0
1777922343643,5370,HTTP Request,200,OK,Config 3: Exp8 1-18,text,false,Test failed: text expected to match /.*/,231,158,167,167,http://localhost:8079/?token=518504778&user=-1355064518&config=3,5370,0,0
1777922343643,5370,HTTP Request,200,OK,Config 3: Exp8 1-119,text,false,Test failed: text expected to match /.*/,231,158,167,167,http://localhost:8079/?token=518504778&user=-1355064518&config=3,5370,0,0
1777922343643,5371,HTTP Request,200,OK,Config 3: Exp8 1-76,text,false,Test failed: text expected to match /.*/,231,158,167,167,http://localhost:8079/?token=518504778&user=-1355064518&config=3,5371,0,0
1777922343664,5350,HTTP Request,200,OK,Config 3: Exp8 1-91,text,false,Test failed: text expected to match /.*/,231,158,167,167,http://localhost:8079/?token=518504778&user=-1355064518&config=3,5350,0,0
1777922343643,5371,HTTP Request,200,OK,Config 3: Exp8 1-105,text,false,Test failed: text expected to match /.*/,231,158,167,167,http://localhost:8079/?token=518504778&user=-1355064518&config=3,5371,0,0
1777922343664,6087,HTTP Request,200,OK,Config 3: Exp8 1-62,text,false,Test failed: text expected to match /.*/,231,158,170,170,http://localhost:8079/?token=518504778&user=-1355064518&config=3,6087,0,0
1777922344371,5461,HTTP Request,200,OK,Config 3: Exp8 1-19,text,false,Test failed: text expected to match /.*/,231,158,171,171,http://localhost:8079/?token=518504778&user=-1355064518&config=3,5461,0,0
1777922343771,6061,HTTP Request,200,OK,Config 3: Exp8 1-142,text,false,Test failed: text expected to match /.*/,231,158,171,171,http://localhost:8079/?token=518504778&user=-1355064518&config=3,6061,0,0
1777922344372,5461,HTTP Request,200,OK,Config 3: Exp8 1-5,text,false,Test failed: text expected to match /.*/,231,158,171,171,http://localhost:8079/?token=518504778&user=-1355064518&config=3,5461,0,0
1777922344372,5461,HTTP Request,200,OK,Config 3: Exp8 1-106,text,false,Test failed: text expected to match /.*/,231,158,171,171,http://localhost:8079/?token=518504778&user=-1355064518&config=3,5461,0,0
1777922343979,5854,HTTP Request,200,OK,Config 3: Exp8 1-143,text,false,Test failed: text expected to match /.*/,231,158,171,171,http://localhost:8079/?token=518504778&user=-1355064518&config=3,5854,0,1
1777922344186,5647,HTTP Request,200,OK,Config 3: Exp8 1-144,text,false,Test failed: text expected to match /.*/,231,158,171,171,http://localhost:8079/?token=518504778&user=-1355064518&config=3,5647,0,0
1777922344373,5461,HTTP Request,200,OK,Config 3: Exp8 1-20,text,false,Test failed: text expected to match /.*/,231,158,171,171,http://localhost:8079/?token=518504778&user=-1355064518&config=3,5461,0,0
1777922344373,5461,HTTP Request,200,OK,Config 3: Exp8 1-63,text,false,Test failed: text expected to match /.*/,231,158,171,171,http://localhost:8079/?token=518504778&user=-1355064518&config=3,5461,0,0
1777922344373,5461,HTTP Request,200,OK,Config 3: Exp8 1-50,text,false,Test failed: text expected to match /.*/,231,158,171,171,http://localhost:8079/?token=518504778&user=-1355064518&config=3,5461,0,0
1777922344373,5462,HTTP Request,200,OK,Config 3: Exp8 1-64,text,false,Test failed: text expected to match /.*/,231,158,171,171,http://localhost:8079/?token=518504778&user=-1355064518&config=3,5462,0,0
1777922344372,5463,HTTP Request,200,OK,Config 3: Exp8 1-48,text,false,Test failed: text expected to match /.*/,231,158,171,171,http://localhost:8079/?token=518504778&user=-1355064518&config=3,5463,0,0
1777922344373,5462,HTTP Request,200,OK,Config 3: Exp8 1-92,text,false,Test failed: text expected to match /.*/,231,158,171,171,http://localhost:8079/?token=518504778&user=-1355064518&config=3,5462,0,0
1777922344372,5463,HTTP Request,200,OK,Config 3: Exp8 1-77,text,false,Test failed: text expected to match /.*/,231,158,171,171,http://localhost:8079/?token=518504778&user=-1355064518&config=3,5463,0,0
1777922344373,5462,HTTP Request,200,OK,Config 3: Exp8 1-107,text,false,Test failed: text expected to match /.*/,231,158,171,171,http://localhost:8079/?token=518504778&user=-1355064518&config=3,5462,0,0
1777922344373,5463,HTTP Request,200,OK,Config 3: Exp8 1-122,text,false,Test failed: text expected to match /.*/,231,158,171,171,http://localhost:8079/?token=518504778&user=-1355064518&config=3,5463,0,0
1777922344373,5464,HTTP Request,200,OK,Config 3: Exp8 1-35,text,false,Test failed: text expected to match /.*/,231,158,171,171,http://localhost:8079/?token=518504778&user=-1355064518&config=3,5464,0,0
1777922343404,7479,HTTP Request,200,OK,Config 3: Exp8 1-118,text,false,Test failed: text expected to match /.*/,231,158,176,176,http://localhost:8079/?token=518504778&user=-1355064518&config=3,7479,0,0
1777922344372,6512,HTTP Request,200,OK,Config 3: Exp8 1-120,text,false,Test failed: text expected to match /.*/,231,158,176,176,http://localhost:8079/?token=518504778&user=-1355064518&config=3,6512,0,0
1777922344374,6510,HTTP Request,200,OK,Config 3: Exp8 1-93,text,false,Test failed: text expected to match /.*/,231,158,176,176,http://localhost:8079/?token=518504778&user=-1355064518&config=3,6510,0,0
1777922344372,6513,HTTP Request,200,OK,Config 3: Exp8 1-34,text,false,Test failed: text expected to match /.*/,231,158,176,176,http://localhost:8079/?token=518504778&user=-1355064518&config=3,6513,0,0
1777922344373,6512,HTTP Request,200,OK,Config 3: Exp8 1-6,text,false,Test failed: text expected to match /.*/,231,158,176,176,http://localhost:8079/?token=518504778&user=-1355064518&config=3,6512,0,0
1777922344509,6376,HTTP Request,200,OK,Config 3: Exp8 1-21,text,false,Test failed: text expected to match /.*/,231,158,176,176,http://localhost:8079/?token=518504778&user=-1355064518&config=3,6376,0,0
1777922344535,6350,HTTP Request,200,OK,Config 3: Exp8 1-7,text,false,Test failed: text expected to match /.*/,231,158,176,176,http://localhost:8079/?token=518504778&user=-1355064518&config=3,6350,0,0
1777922344509,6377,HTTP Request,200,OK,Config 3: Exp8 1-79,text,false,Test failed: text expected to match /.*/,231,158,176,176,http://localhost:8079/?token=518504778&user=-1355064518&config=3,6377,0,0
1777922344510,6376,HTTP Request,200,OK,Config 3: Exp8 1-108,text,false,Test failed: text expected to match /.*/,231,158,176,176,http://localhost:8079/?token=518504778&user=-1355064518&config=3,6376,0,0
1777922344394,6492,HTTP Request,200,OK,Config 3: Exp8 1-145,text,false,Test failed: text expected to match /.*/,231,158,176,176,http://localhost:8079/?token=518504778&user=-1355064518&config=3,6492,0,0
1777922344818,6252,HTTP Request,200,OK,Config 3: Exp8 1-147,text,false,Test failed: text expected to match /.*/,231,158,177,177,http://localhost:8079/?token=518504778&user=-1355064518&config=3,6252,0,0
1777922344603,6467,HTTP Request,200,OK,Config 3: Exp8 1-146,text,false,Test failed: text expected to match /.*/,231,158,177,177,http://localhost:8079/?token=518504778&user=-1355064518&config=3,6467,0,1
1777922345375,5710,HTTP Request,200,OK,Config 3: Exp8 1-8,text,false,Test failed: text expected to match /.*/,231,158,177,177,http://localhost:8079/?token=518504778&user=-1355064518&config=3,5710,0,0
1777922345374,5711,HTTP Request,200,OK,Config 3: Exp8 1-22,text,false,Test failed: text expected to match /.*/,231,158,177,177,http://localhost:8079/?token=518504778&user=-1355064518&config=3,5711,0,0
1777922345334,5751,HTTP Request,200,OK,Config 3: Exp8 1-36,text,false,Test failed: text expected to match /.*/,231,158,177,177,http://localhost:8079/?token=518504778&user=-1355064518&config=3,5751,0,0
1777922345376,5709,HTTP Request,200,OK,Config 3: Exp8 1-37,text,false,Test failed: text expected to match /.*/,231,158,177,177,http://localhost:8079/?token=518504778&user=-1355064518&config=3,5709,0,0
1777922345374,5711,HTTP Request,200,OK,Config 3: Exp8 1-51,text,false,Test failed: text expected to match /.*/,231,158,177,177,http://localhost:8079/?token=518504778&user=-1355064518&config=3,5711,0,0
1777922346337,4748,HTTP Request,200,OK,Config 3: Exp8 1-49,text,false,Test failed: text expected to match /.*/,231,158,177,177,http://localhost:8079/?token=518504778&user=-1355064518&config=3,4748,0,0
1777922345373,5712,HTTP Request,200,OK,Config 3: Exp8 1-94,text,false,Test failed: text expected to match /.*/,231,158,177,177,http://localhost:8079/?token=518504778&user=-1355064518&config=3,5712,0,0
1777922345019,6066,HTTP Request,200,OK,Config 3: Exp8 1-148,text,false,Test failed: text expected to match /.*/,231,158,177,177,http://localhost:8079/?token=518504778&user=-1355064518&config=3,6066,0,1
1777922345373,5713,HTTP Request,200,OK,Config 3: Exp8 1-65,text,false,Test failed: text expected to match /.*/,231,158,177,177,http://localhost:8079/?token=518504778&user=-1355064518&config=3,5713,0,0
1777922345425,5661,HTTP Request,200,OK,Config 3: Exp8 1-52,text,false,Test failed: text expected to match /.*/,231,158,177,177,http://localhost:8079/?token=518504778&user=-1355064518&config=3,5661,0,0
1777922345374,5712,HTTP Request,200,OK,Config 3: Exp8 1-66,text,false,Test failed: text expected to match /.*/,231,158,177,177,http://localhost:8079/?token=518504778&user=-1355064518&config=3,5712,0,0
1777922345374,5712,HTTP Request,200,OK,Config 3: Exp8 1-95,text,false,Test failed: text expected to match /.*/,231,158,177,177,http://localhost:8079/?token=518504778&user=-1355064518&config=3,5712,0,0
1777922345375,5711,HTTP Request,200,OK,Config 3: Exp8 1-80,text,false,Test failed: text expected to match /.*/,231,158,177,177,http://localhost:8079/?token=518504778&user=-1355064518&config=3,5711,0,0
1777922346337,4749,HTTP Request,200,OK,Config 3: Exp8 1-121,text,false,Test failed: text expected to match /.*/,231,158,177,177,http://localhost:8079/?token=518504778&user=-1355064518&config=3,4749,0,0
1777922345376,5711,HTTP Request,200,OK,Config 3: Exp8 1-109,text,false,Test failed: text expected to match /.*/,231,158,177,177,http://localhost:8079/?token=518504778&user=-1355064518&config=3,5711,0,0
1777922345374,5713,HTTP Request,200,OK,Config 3: Exp8 1-123,text,false,Test failed: text expected to match /.*/,231,158,177,177,http://localhost:8079/?token=518504778&user=-1355064518&config=3,5713,0,0
1777922345375,5712,HTTP Request,200,OK,Config 3: Exp8 1-124,text,false,Test failed: text expected to match /.*/,231,158,177,177,http://localhost:8079/?token=518504778&user=-1355064518&config=3,5712,0,0
1777922345227,5860,HTTP Request,200,OK,Config 3: Exp8 1-149,text,false,Test failed: text expected to match /.*/,231,158,177,177,http://localhost:8079/?token=518504778&user=-1355064518&config=3,5860,0,0
1777922345642,5445,HTTP Request,200,OK,Config 3: Exp8 1-151,text,false,Test failed: text expected to match /.*/,231,158,177,177,http://localhost:8079/?token=518504778&user=-1355064518&config=3,5445,0,0
1777922345852,5235,HTTP Request,200,OK,Config 3: Exp8 1-152,text,false,Test failed: text expected to match /.*/,231,158,177,177,http://localhost:8079/?token=518504778&user=-1355064518&config=3,5235,0,0
1777922345434,5653,HTTP Request,200,OK,Config 3: Exp8 1-150,text,false,Test failed: text expected to match /.*/,231,158,177,177,http://localhost:8079/?token=518504778&user=-1355064518&config=3,5653,0,0
1777922346266,4821,HTTP Request,200,OK,Config 3: Exp8 1-154,text,false,Test failed: text expected to match /.*/,231,158,177,177,http://localhost:8079/?token=518504778&user=-1355064518&config=3,4821,0,0
1777922346337,5409,HTTP Request,200,OK,Config 3: Exp8 1-78,text,false,Test failed: text expected to match /.*/,231,158,180,180,http://localhost:8079/?token=518504778&user=-1355064518&config=3,5409,0,0
1777922346059,5687,HTTP Request,200,OK,Config 3: Exp8 1-153,text,false,Test failed: text expected to match /.*/,231,158,180,180,http://localhost:8079/?token=518504778&user=-1355064518&config=3,5687,0,0
1777922346338,5408,HTTP Request,200,OK,Config 3: Exp8 1-23,text,false,Test failed: text expected to match /.*/,231,158,180,180,http://localhost:8079/?token=518504778&user=-1355064518&config=3,5408,0,0
1777922346339,5649,HTTP Request,200,OK,Config 3: Exp8 1-9,text,false,Test failed: text expected to match /.*/,231,158,181,181,http://localhost:8079/?token=518504778&user=-1355064518&config=3,5649,0,0
1777922346339,5649,HTTP Request,200,OK,Config 3: Exp8 1-38,text,false,Test failed: text expected to match /.*/,231,158,181,181,http://localhost:8079/?token=518504778&user=-1355064518&config=3,5649,0,0
1777922346440,5549,HTTP Request,200,OK,Config 3: Exp8 1-10,text,false,Test failed: text expected to match /.*/,231,158,181,181,http://localhost:8079/?token=518504778&user=-1355064518&config=3,5549,0,0
1777922346438,5551,HTTP Request,200,OK,Config 3: Exp8 1-24,text,false,Test failed: text expected to match /.*/,231,158,181,181,http://localhost:8079/?token=518504778&user=-1355064518&config=3,5551,0,0
1777922346441,5548,HTTP Request,200,OK,Config 3: Exp8 1-25,text,false,Test failed: text expected to match /.*/,231,158,181,181,http://localhost:8079/?token=518504778&user=-1355064518&config=3,5548,0,0
1777922346440,5549,HTTP Request,200,OK,Config 3: Exp8 1-125,text,false,Test failed: text expected to match /.*/,231,158,181,181,http://localhost:8079/?token=518504778&user=-1355064518&config=3,5549,0,0
1777922346339,5650,HTTP Request,200,OK,Config 3: Exp8 1-81,text,false,Test failed: text expected to match /.*/,231,158,181,181,http://localhost:8079/?token=518504778&user=-1355064518&config=3,5650,0,0
1777922346440,5549,HTTP Request,200,OK,Config 3: Exp8 1-53,text,false,Test failed: text expected to match /.*/,231,158,181,181,http://localhost:8079/?token=518504778&user=-1355064518&config=3,5549,0,0
1777922346441,5548,HTTP Request,200,OK,Config 3: Exp8 1-69,text,false,Test failed: text expected to match /.*/,231,158,181,181,http://localhost:8079/?token=518504778&user=-1355064518&config=3,5548,0,0
1777922346439,5550,HTTP Request,200,OK,Config 3: Exp8 1-67,text,false,Test failed: text expected to match /.*/,231,158,181,181,http://localhost:8079/?token=518504778&user=-1355064518&config=3,5550,0,0
1777922346440,5549,HTTP Request,200,OK,Config 3: Exp8 1-82,text,false,Test failed: text expected to match /.*/,231,158,181,181,http://localhost:8079/?token=518504778&user=-1355064518&config=3,5549,0,0
1777922346338,5651,HTTP Request,200,OK,Config 3: Exp8 1-110,text,false,Test failed: text expected to match /.*/,231,158,181,181,http://localhost:8079/?token=518504778&user=-1355064518&config=3,5651,0,0
1777922346439,5550,HTTP Request,200,OK,Config 3: Exp8 1-96,text,false,Test failed: text expected to match /.*/,231,158,181,181,http://localhost:8079/?token=518504778&user=-1355064518&config=3,5550,0,0
1777922346441,5548,HTTP Request,200,OK,Config 3: Exp8 1-129,text,false,Test failed: text expected to match /.*/,231,158,181,181,http://localhost:8079/?token=518504778&user=-1355064518&config=3,5548,0,0
1777922346441,5550,HTTP Request,200,OK,Config 3: Exp8 1-39,text,false,Test failed: text expected to match /.*/,231,158,181,181,http://localhost:8079/?token=518504778&user=-1355064518&config=3,5550,0,0
1777922346442,5550,HTTP Request,200,OK,Config 3: Exp8 1-68,text,false,Test failed: text expected to match /.*/,231,158,181,181,http://localhost:8079/?token=518504778&user=-1355064518&config=3,5550,0,0
1777922346442,5551,HTTP Request,200,OK,Config 3: Exp8 1-11,text,false,Test failed: text expected to match /.*/,231,158,181,181,http://localhost:8079/?token=518504778&user=-1355064518&config=3,5551,0,0
1777922346441,5552,HTTP Request,200,OK,Config 3: Exp8 1-54,text,false,Test failed: text expected to match /.*/,231,158,181,181,http://localhost:8079/?token=518504778&user=-1355064518&config=3,5552,0,0
1777922346441,5552,HTTP Request,200,OK,Config 3: Exp8 1-83,text,false,Test failed: text expected to match /.*/,231,158,181,181,http://localhost:8079/?token=518504778&user=-1355064518&config=3,5552,0,0
1777922346442,5551,HTTP Request,200,OK,Config 3: Exp8 1-97,text,false,Test failed: text expected to match /.*/,231,158,181,181,http://localhost:8079/?token=518504778&user=-1355064518&config=3,5551,0,0
1777922346442,5551,HTTP Request,200,OK,Config 3: Exp8 1-112,text,false,Test failed: text expected to match /.*/,231,158,181,181,http://localhost:8079/?token=518504778&user=-1355064518&config=3,5551,0,0
1777922346441,5552,HTTP Request,200,OK,Config 3: Exp8 1-111,text,false,Test failed: text expected to match /.*/,231,158,181,181,http://localhost:8079/?token=518504778&user=-1355064518&config=3,5552,0,0
1777922346441,5552,HTTP Request,200,OK,Config 3: Exp8 1-126,text,false,Test failed: text expected to match /.*/,231,158,181,181,http://localhost:8079/?token=518504778&user=-1355064518&config=3,5552,0,0
1777922346911,5082,HTTP Request,200,OK,Config 3: Exp8 1-130,text,false,Test failed: text expected to match /.*/,231,158,181,181,http://localhost:8079/?token=518504778&user=-1355064518&config=3,5082,0,0
1777922346441,5552,HTTP Request,200,OK,Config 3: Exp8 1-128,text,false,Test failed: text expected to match /.*/,231,158,181,181,http://localhost:8079/?token=518504778&user=-1355064518&config=3,5552,0,0
1777922346441,5552,HTTP Request,200,OK,Config 3: Exp8 1-127,text,false,Test failed: text expected to match /.*/,231,158,181,181,http://localhost:8079/?token=518504778&user=-1355064518&config=3,5552,0,0
1777922346890,5103,HTTP Request,200,OK,Config 3: Exp8 1-157,text,false,Test failed: text expected to match /.*/,231,158,181,181,http://localhost:8079/?token=518504778&user=-1355064518&config=3,5103,0,1
1777922346442,5551,HTTP Request,200,OK,Config 3: Exp8 1-40,text,false,Test failed: text expected to match /.*/,231,158,181,181,http://localhost:8079/?token=518504778&user=-1355064518&config=3,5551,0,0
1777922346474,5994,HTTP Request,200,OK,Config 3: Exp8 1-155,text,false,Test failed: text expected to match /.*/,231,158,183,183,http://localhost:8079/?token=518504778&user=-1355064518&config=3,5994,0,1
1777922346683,5786,HTTP Request,200,OK,Config 3: Exp8 1-156,text,false,Test failed: text expected to match /.*/,231,158,183,183,http://localhost:8079/?token=518504778&user=-1355064518&config=3,5786,0,0
1777922347096,5374,HTTP Request,200,OK,Config 3: Exp8 1-98,text,false,Test failed: text expected to match /.*/,231,158,183,183,http://localhost:8079/?token=518504778&user=-1355064518&config=3,5374,0,0
1777922347096,5374,HTTP Request,200,OK,Config 3: Exp8 1-131,text,false,Test failed: text expected to match /.*/,231,158,183,183,http://localhost:8079/?token=518504778&user=-1355064518&config=3,5374,0,0
1777922347096,5374,HTTP Request,200,OK,Config 3: Exp8 1-132,text,false,Test failed: text expected to match /.*/,231,158,183,183,http://localhost:8079/?token=518504778&user=-1355064518&config=3,5374,0,0
1777922347097,5912,HTTP Request,200,OK,Config 3: Exp8 1-84,text,false,Test failed: text expected to match /.*/,231,158,186,186,http://localhost:8079/?token=518504778&user=-1355064518&config=3,5912,0,0
1777922347096,5913,HTTP Request,200,OK,Config 3: Exp8 1-26,text,false,Test failed: text expected to match /.*/,231,158,186,186,http://localhost:8079/?token=518504778&user=-1355064518&config=3,5913,0,0
1777922347096,5913,HTTP Request,200,OK,Config 3: Exp8 1-55,text,false,Test failed: text expected to match /.*/,231,158,186,186,http://localhost:8079/?token=518504778&user=-1355064518&config=3,5913,0,0
1777922347098,5911,HTTP Request,200,OK,Config 3: Exp8 1-42,text,false,Test failed: text expected to match /.*/,231,158,186,186,http://localhost:8079/?token=518504778&user=-1355064518&config=3,5911,0,0
1777922347098,5911,HTTP Request,200,OK,Config 3: Exp8 1-12,text,false,Test failed: text expected to match /.*/,231,158,186,186,http://localhost:8079/?token=518504778&user=-1355064518&config=3,5911,0,0
1777922347098,5911,HTTP Request,200,OK,Config 3: Exp8 1-13,text,false,Test failed: text expected to match /.*/,231,158,186,186,http://localhost:8079/?token=518504778&user=-1355064518&config=3,5911,0,0
1777922347096,5913,HTTP Request,200,OK,Config 3: Exp8 1-133,text,false,Test failed: text expected to match /.*/,231,158,186,186,http://localhost:8079/?token=518504778&user=-1355064518&config=3,5913,0,0
1777922347098,5911,HTTP Request,200,OK,Config 3: Exp8 1-27,text,false,Test failed: text expected to match /.*/,231,158,186,186,http://localhost:8079/?token=518504778&user=-1355064518&config=3,5911,0,0
1777922347098,5911,HTTP Request,200,OK,Config 3: Exp8 1-85,text,false,Test failed: text expected to match /.*/,231,158,186,186,http://localhost:8079/?token=518504778&user=-1355064518&config=3,5911,0,0
1777922347098,5911,HTTP Request,200,OK,Config 3: Exp8 1-114,text,false,Test failed: text expected to match /.*/,231,158,186,186,http://localhost:8079/?token=518504778&user=-1355064518&config=3,5911,0,0
1777922347098,5911,HTTP Request,200,OK,Config 3: Exp8 1-113,text,false,Test failed: text expected to match /.*/,231,158,186,186,http://localhost:8079/?token=518504778&user=-1355064518&config=3,5911,0,0
1777922347098,5912,HTTP Request,200,OK,Config 3: Exp8 1-99,text,false,Test failed: text expected to match /.*/,231,158,186,186,http://localhost:8079/?token=518504778&user=-1355064518&config=3,5912,0,0
1777922347098,5912,HTTP Request,200,OK,Config 3: Exp8 1-41,text,false,Test failed: text expected to match /.*/,231,158,186,186,http://localhost:8079/?token=518504778&user=-1355064518&config=3,5912,0,0
1777922347098,5912,HTTP Request,200,OK,Config 3: Exp8 1-56,text,false,Test failed: text expected to match /.*/,231,158,186,186,http://localhost:8079/?token=518504778&user=-1355064518&config=3,5912,0,0
1777922347098,5912,HTTP Request,200,OK,Config 3: Exp8 1-70,text,false,Test failed: text expected to match /.*/,231,158,186,186,http://localhost:8079/?token=518504778&user=-1355064518&config=3,5912,0,0
1777922347099,5916,HTTP Request,200,OK,Config 3: Exp8 1-43,text,false,Test failed: text expected to match /.*/,231,158,186,186,http://localhost:8079/?token=518504778&user=-1355064518&config=3,5916,0,0
1777922347723,5292,HTTP Request,200,OK,Config 3: Exp8 1-161,text,false,Test failed: text expected to match /.*/,231,158,186,186,http://localhost:8079/?token=518504778&user=-1355064518&config=3,5292,0,1
1777922347765,5844,HTTP Request,200,OK,Config 3: Exp8 1-57,text,false,Test failed: text expected to match /.*/,231,158,189,189,http://localhost:8079/?token=518504778&user=-1355064518&config=3,5844,0,0
1777922347765,5847,HTTP Request,200,OK,Config 3: Exp8 1-14,text,false,Test failed: text expected to match /.*/,231,158,189,189,http://localhost:8079/?token=518504778&user=-1355064518&config=3,5847,0,0
1777922348075,5537,HTTP Request,200,OK,Config 3: Exp8 1-137,text,false,Test failed: text expected to match /.*/,231,158,189,189,http://localhost:8079/?token=518504778&user=-1355064518&config=3,5537,0,0
1777922347766,5846,HTTP Request,200,OK,Config 3: Exp8 1-135,text,false,Test failed: text expected to match /.*/,231,158,189,189,http://localhost:8079/?token=518504778&user=-1355064518&config=3,5846,0,0
1777922348075,5537,HTTP Request,200,OK,Config 3: Exp8 1-29,text,false,Test failed: text expected to match /.*/,231,158,189,189,http://localhost:8079/?token=518504778&user=-1355064518&config=3,5537,0,0
1777922348076,5536,HTTP Request,200,OK,Config 3: Exp8 1-73,text,false,Test failed: text expected to match /.*/,231,158,189,189,http://localhost:8079/?token=518504778&user=-1355064518&config=3,5536,0,0
1777922348076,5536,HTTP Request,200,OK,Config 3: Exp8 1-59,text,false,Test failed: text expected to match /.*/,231,158,189,189,http://localhost:8079/?token=518504778&user=-1355064518&config=3,5536,0,0
1777922348076,5536,HTTP Request,200,OK,Config 3: Exp8 1-44,text,false,Test failed: text expected to match /.*/,231,158,189,189,http://localhost:8079/?token=518504778&user=-1355064518&config=3,5536,0,0
1777922348075,5537,HTTP Request,200,OK,Config 3: Exp8 1-58,text,false,Test failed: text expected to match /.*/,231,158,189,189,http://localhost:8079/?token=518504778&user=-1355064518&config=3,5537,0,0
1777922348075,5537,HTTP Request,200,OK,Config 3: Exp8 1-87,text,false,Test failed: text expected to match /.*/,231,158,189,189,http://localhost:8079/?token=518504778&user=-1355064518&config=3,5537,0,0
1777922348076,5536,HTTP Request,200,OK,Config 3: Exp8 1-102,text,false,Test failed: text expected to match /.*/,231,158,189,189,http://localhost:8079/?token=518504778&user=-1355064518&config=3,5536,0,0
1777922348075,5537,HTTP Request,200,OK,Config 3: Exp8 1-136,text,false,Test failed: text expected to match /.*/,231,158,189,189,http://localhost:8079/?token=518504778&user=-1355064518&config=3,5537,0,0
1777922348076,6085,HTTP Request,200,OK,Config 3: Exp8 1-101,text,false,Test failed: text expected to match /.*/,231,158,191,191,http://localhost:8079/?token=518504778&user=-1355064518&config=3,6085,0,0
1777922348076,6085,HTTP Request,200,OK,Config 3: Exp8 1-116,text,false,Test failed: text expected to match /.*/,231,158,191,191,http://localhost:8079/?token=518504778&user=-1355064518&config=3,6085,0,0
1777922348076,6085,HTTP Request,200,OK,Config 3: Exp8 1-1,text,false,Test failed: text expected to match /.*/,231,158,191,191,http://localhost:8079/?token=518504778&user=-1355064518&config=3,6085,0,0
1777922348076,6086,HTTP Request,200,OK,Config 3: Exp8 1-30,text,false,Test failed: text expected to match /.*/,231,158,191,191,http://localhost:8079/?token=518504778&user=-1355064518&config=3,6086,0,0
1777922348076,6086,HTTP Request,200,OK,Config 3: Exp8 1-15,text,false,Test failed: text expected to match /.*/,231,158,191,191,http://localhost:8079/?token=518504778&user=-1355064518&config=3,6086,0,0
1777922348076,6087,HTTP Request,200,OK,Config 3: Exp8 1-16,text,false,Test failed: text expected to match /.*/,231,158,191,191,http://localhost:8079/?token=518504778&user=-1355064518&config=3,6087,0,0
1777922348118,6046,HTTP Request,200,OK,Config 3: Exp8 1-2,text,false,Test failed: text expected to match /.*/,231,158,191,191,http://localhost:8079/?token=518504778&user=-1355064518&config=3,6046,0,0
1777922348118,6046,HTTP Request,200,OK,Config 3: Exp8 1-45,text,false,Test failed: text expected to match /.*/,231,158,191,191,http://localhost:8079/?token=518504778&user=-1355064518&config=3,6046,0,0
1777922348692,5473,HTTP Request,200,OK,Config 3: Exp8 1-117,text,false,Test failed: text expected to match /.*/,231,158,191,191,http://localhost:8079/?token=518504778&user=-1355064518&config=3,5473,0,0
1777922348692,5474,HTTP Request,200,OK,Config 3: Exp8 1-31,text,false,Test failed: text expected to match /.*/,231,158,191,191,http://localhost:8079/?token=518504778&user=-1355064518&config=3,5474,0,0
1777922347099,8164,HTTP Request,200,OK,Config 3: Exp8 1-86,text,false,Test failed: text expected to match /.*/,231,158,197,197,http://localhost:8079/?token=518504778&user=-1355064518&config=3,8164,0,0
1777922347099,8164,HTTP Request,200,OK,Config 3: Exp8 1-100,text,false,Test failed: text expected to match /.*/,231,158,197,197,http://localhost:8079/?token=518504778&user=-1355064518&config=3,8164,0,0
1777922347098,8165,HTTP Request,200,OK,Config 3: Exp8 1-158,text,false,Test failed: text expected to match /.*/,231,158,197,197,http://localhost:8079/?token=518504778&user=-1355064518&config=3,8165,0,1
1777922347099,8165,HTTP Request,200,OK,Config 3: Exp8 1-71,text,false,Test failed: text expected to match /.*/,231,158,197,197,http://localhost:8079/?token=518504778&user=-1355064518&config=3,8165,0,0
1777922347099,8165,HTTP Request,200,OK,Config 3: Exp8 1-72,text,false,Test failed: text expected to match /.*/,231,158,197,197,http://localhost:8079/?token=518504778&user=-1355064518&config=3,8165,0,0
1777922347099,8165,HTTP Request,200,OK,Config 3: Exp8 1-28,text,false,Test failed: text expected to match /.*/,231,158,197,197,http://localhost:8079/?token=518504778&user=-1355064518&config=3,8165,0,0
1777922347099,8165,HTTP Request,200,OK,Config 3: Exp8 1-115,text,false,Test failed: text expected to match /.*/,231,158,197,197,http://localhost:8079/?token=518504778&user=-1355064518&config=3,8165,0,0
1777922347307,7957,HTTP Request,200,OK,Config 3: Exp8 1-159,text,false,Test failed: text expected to match /.*/,231,158,197,197,http://localhost:8079/?token=518504778&user=-1355064518&config=3,7957,0,0
1777922347515,7749,HTTP Request,200,OK,Config 3: Exp8 1-160,text,false,Test failed: text expected to match /.*/,231,158,197,197,http://localhost:8079/?token=518504778&user=-1355064518&config=3,7749,0,0
1777922348692,6648,HTTP Request,200,OK,Config 3: Exp8 1-60,text,false,Test failed: text expected to match /.*/,231,158,197,197,http://localhost:8079/?token=518504778&user=-1355064518&config=3,6648,0,0
1777922348692,6648,HTTP Request,200,OK,Config 3: Exp8 1-74,text,false,Test failed: text expected to match /.*/,231,158,197,197,http://localhost:8079/?token=518504778&user=-1355064518&config=3,6648,0,0
1777922348692,6649,HTTP Request,200,OK,Config 3: Exp8 1-138,text,false,Test failed: text expected to match /.*/,231,158,197,197,http://localhost:8079/?token=518504778&user=-1355064518&config=3,6649,0,0
1777922348692,6650,HTTP Request,200,OK,Config 3: Exp8 1-89,text,false,Test failed: text expected to match /.*/,231,158,197,197,http://localhost:8079/?token=518504778&user=-1355064518&config=3,6650,0,0
1777922348695,6647,HTTP Request,200,OK,Config 3: Exp8 1-3,text,false,Test failed: text expected to match /.*/,231,158,197,197,http://localhost:8079/?token=518504778&user=-1355064518&config=3,6647,0,0
1777922348695,6647,HTTP Request,200,OK,Config 3: Exp8 1-4,text,false,Test failed: text expected to match /.*/,231,158,197,197,http://localhost:8079/?token=518504778&user=-1355064518&config=3,6647,0,0
1777922348695,6647,HTTP Request,200,OK,Config 3: Exp8 1-46,text,false,Test failed: text expected to match /.*/,231,158,197,197,http://localhost:8079/?token=518504778&user=-1355064518&config=3,6647,0,0
1777922348694,6648,HTTP Request,200,OK,Config 3: Exp8 1-17,text,false,Test failed: text expected to match /.*/,231,158,197,197,http://localhost:8079/?token=518504778&user=-1355064518&config=3,6648,0,0
1777922348693,6649,HTTP Request,200,OK,Config 3: Exp8 1-140,text,false,Test failed: text expected to match /.*/,231,158,197,197,http://localhost:8079/?token=518504778&user=-1355064518&config=3,6649,0,0
1777922348693,6649,HTTP Request,200,OK,Config 3: Exp8 1-139,text,false,Test failed: text expected to match /.*/,231,158,197,197,http://localhost:8079/?token=518504778&user=-1355064518&config=3,6649,0,0
1777922348693,6650,HTTP Request,200,OK,Config 3: Exp8 1-141,text,false,Test failed: text expected to match /.*/,231,158,197,197,http://localhost:8079/?token=518504778&user=-1355064518&config=3,6650,0,0
1777922348695,6648,HTTP Request,200,OK,Config 3: Exp8 1-75,text,false,Test failed: text expected to match /.*/,231,158,197,197,http://localhost:8079/?token=518504778&user=-1355064518&config=3,6648,0,0
1777922348695,6648,HTTP Request,200,OK,Config 3: Exp8 1-104,text,false,Test failed: text expected to match /.*/,231,158,197,197,http://localhost:8079/?token=518504778&user=-1355064518&config=3,6648,0,0
1777922348695,6648,HTTP Request,200,OK,Config 3: Exp8 1-33,text,false,Test failed: text expected to match /.*/,231,158,197,197,http://localhost:8079/?token=518504778&user=-1355064518&config=3,6648,0,0
1777922348762,6581,HTTP Request,200,OK,Config 3: Exp8 1-166,text,false,Test failed: text expected to match /.*/,231,158,197,197,http://localhost:8079/?token=518504778&user=-1355064518&config=3,6581,0,1
1777922349012,6331,HTTP Request,200,OK,Config 3: Exp8 1-90,text,false,Test failed: text expected to match /.*/,231,158,197,197,http://localhost:8079/?token=518504778&user=-1355064518&config=3,6331,0,0
1777922348971,6372,HTTP Request,200,OK,Config 3: Exp8 1-167,text,false,Test failed: text expected to match /.*/,231,158,197,197,http://localhost:8079/?token=518504778&user=-1355064518&config=3,6372,0,1
1777922349013,6332,HTTP Request,200,OK,Config 3: Exp8 1-61,text,false,Test failed: text expected to match /.*/,231,158,197,197,http://localhost:8079/?token=518504778&user=-1355064518&config=3,6332,0,0
1777922349012,6364,HTTP Request,200,OK,Config 3: Exp8 1-32,text,false,Test failed: text expected to match /.*/,231,158,197,197,http://localhost:8079/?token=518504778&user=-1355064518&config=3,6364,0,0
1777922347766,8591,HTTP Request,200,OK,Config 3: Exp8 1-134,text,false,Test failed: text expected to match /.*/,231,158,202,202,http://localhost:8079/?token=518504778&user=-1355064518&config=3,8591,0,0
1777922347931,8426,HTTP Request,200,OK,Config 3: Exp8 1-162,text,false,Test failed: text expected to match /.*/,231,158,202,202,http://localhost:8079/?token=518504778&user=-1355064518&config=3,8426,0,0
1777922349014,7400,HTTP Request,200,OK,Config 3: Exp8 1-91,text,false,Test failed: text expected to match /.*/,231,158,202,202,http://localhost:8079/?token=518504778&user=-1355064518&config=3,7400,0,0
1777922349013,7401,HTTP Request,200,OK,Config 3: Exp8 1-47,text,false,Test failed: text expected to match /.*/,231,158,202,202,http://localhost:8079/?token=518504778&user=-1355064518&config=3,7401,0,0
1777922349013,7401,HTTP Request,200,OK,Config 3: Exp8 1-18,text,false,Test failed: text expected to match /.*/,231,158,202,202,http://localhost:8079/?token=518504778&user=-1355064518&config=3,7401,0,0
1777922349014,7400,HTTP Request,200,OK,Config 3: Exp8 1-76,text,false,Test failed: text expected to match /.*/,231,158,202,202,http://localhost:8079/?token=518504778&user=-1355064518&config=3,7400,0,0
1777922349014,7400,HTTP Request,200,OK,Config 3: Exp8 1-105,text,false,Test failed: text expected to match /.*/,231,158,202,202,http://localhost:8079/?token=518504778&user=-1355064518&config=3,7400,0,0
1777922349013,7401,HTTP Request,200,OK,Config 3: Exp8 1-119,text,false,Test failed: text expected to match /.*/,231,158,202,202,http://localhost:8079/?token=518504778&user=-1355064518&config=3,7401,0,0
1777922349751,6665,HTTP Request,200,OK,Config 3: Exp8 1-62,text,false,Test failed: text expected to match /.*/,231,158,202,202,http://localhost:8079/?token=518504778&user=-1355064518&config=3,6665,0,0
1777922349179,7237,HTTP Request,200,OK,Config 3: Exp8 1-168,text,false,Test failed: text expected to match /.*/,231,158,202,202,http://localhost:8079/?token=518504778&user=-1355064518&config=3,7237,0,1
1777922349385,7031,HTTP Request,200,OK,Config 3: Exp8 1-169,text,false,Test failed: text expected to match /.*/,231,158,202,202,http://localhost:8079/?token=518504778&user=-1355064518&config=3,7031,0,0
1777922349832,6584,HTTP Request,200,OK,Config 3: Exp8 1-19,text,false,Test failed: text expected to match /.*/,231,158,202,202,http://localhost:8079/?token=518504778&user=-1355064518&config=3,6584,0,0
1777922349594,6823,HTTP Request,200,OK,Config 3: Exp8 1-170,text,false,Test failed: text expected to match /.*/,231,158,202,202,http://localhost:8079/?token=518504778&user=-1355064518&config=3,6823,0,1
1777922349832,6586,HTTP Request,200,OK,Config 3: Exp8 1-142,text,false,Test failed: text expected to match /.*/,231,158,202,202,http://localhost:8079/?token=518504778&user=-1355064518&config=3,6586,0,0
1777922348117,8683,HTTP Request,200,OK,Config 3: Exp8 1-103,text,false,Test failed: text expected to match /.*/,231,158,204,204,http://localhost:8079/?token=518504778&user=-1355064518&config=3,8683,0,0
1777922348139,8661,HTTP Request,200,OK,Config 3: Exp8 1-163,text,false,Test failed: text expected to match /.*/,231,158,204,204,http://localhost:8079/?token=518504778&user=-1355064518&config=3,8661,0,1
1777922348117,8683,HTTP Request,200,OK,Config 3: Exp8 1-88,text,false,Test failed: text expected to match /.*/,231,158,204,204,http://localhost:8079/?token=518504778&user=-1355064518&config=3,8683,0,0
1777922348347,8453,HTTP Request,200,OK,Config 3: Exp8 1-164,text,false,Test failed: text expected to match /.*/,231,158,204,204,http://localhost:8079/?token=518504778&user=-1355064518&config=3,8453,0,0
1777922348555,8245,HTTP Request,200,OK,Config 3: Exp8 1-165,text,false,Test failed: text expected to match /.*/,231,158,204,204,http://localhost:8079/?token=518504778&user=-1355064518&config=3,8245,0,0
1777922349834,7000,HTTP Request,200,OK,Config 3: Exp8 1-50,text,false,Test failed: text expected to match /.*/,231,158,204,204,http://localhost:8079/?token=518504778&user=-1355064518&config=3,7000,0,0
1777922349833,7001,HTTP Request,200,OK,Config 3: Exp8 1-106,text,false,Test failed: text expected to match /.*/,231,158,204,204,http://localhost:8079/?token=518504778&user=-1355064518&config=3,7001,0,0
1777922349833,7001,HTTP Request,200,OK,Config 3: Exp8 1-5,text,false,Test failed: text expected to match /.*/,231,158,204,204,http://localhost:8079/?token=518504778&user=-1355064518&config=3,7001,0,0
1777922349834,7000,HTTP Request,200,OK,Config 3: Exp8 1-20,text,false,Test failed: text expected to match /.*/,231,158,204,204,http://localhost:8079/?token=518504778&user=-1355064518&config=3,7000,0,0
1777922349833,7001,HTTP Request,200,OK,Config 3: Exp8 1-143,text,false,Test failed: text expected to match /.*/,231,158,204,204,http://localhost:8079/?token=518504778&user=-1355064518&config=3,7001,0,0
1777922349836,7000,HTTP Request,200,OK,Config 3: Exp8 1-48,text,false,Test failed: text expected to match /.*/,231,158,204,204,http://localhost:8079/?token=518504778&user=-1355064518&config=3,7000,0,0
1777922349834,7002,HTTP Request,200,OK,Config 3: Exp8 1-63,text,false,Test failed: text expected to match /.*/,231,158,204,204,http://localhost:8079/?token=518504778&user=-1355064518&config=3,7002,0,0
1777922349836,7000,HTTP Request,200,OK,Config 3: Exp8 1-64,text,false,Test failed: text expected to match /.*/,231,158,204,204,http://localhost:8079/?token=518504778&user=-1355064518&config=3,7000,0,0
1777922349836,7000,HTTP Request,200,OK,Config 3: Exp8 1-107,text,false,Test failed: text expected to match /.*/,231,158,204,204,http://localhost:8079/?token=518504778&user=-1355064518&config=3,7000,0,0
1777922349836,7000,HTTP Request,200,OK,Config 3: Exp8 1-92,text,false,Test failed: text expected to match /.*/,231,158,204,204,http://localhost:8079/?token=518504778&user=-1355064518&config=3,7000,0,0
1777922349836,7000,HTTP Request,200,OK,Config 3: Exp8 1-77,text,false,Test failed: text expected to match /.*/,231,158,204,204,http://localhost:8079/?token=518504778&user=-1355064518&config=3,7000,0,0
1777922349836,7000,HTTP Request,200,OK,Config 3: Exp8 1-122,text,false,Test failed: text expected to match /.*/,231,158,204,204,http://localhost:8079/?token=518504778&user=-1355064518&config=3,7000,0,0
1777922349834,7003,HTTP Request,200,OK,Config 3: Exp8 1-144,text,false,Test failed: text expected to match /.*/,231,158,204,204,http://localhost:8079/?token=518504778&user=-1355064518&config=3,7003,0,0
1777922350884,5953,HTTP Request,200,OK,Config 3: Exp8 1-120,text,false,Test failed: text expected to match /.*/,231,158,204,204,http://localhost:8079/?token=518504778&user=-1355064518&config=3,5953,0,0
1777922350884,5953,HTTP Request,200,OK,Config 3: Exp8 1-118,text,false,Test failed: text expected to match /.*/,231,158,204,204,http://localhost:8079/?token=518504778&user=-1355064518&config=3,5953,0,0
1777922350886,5951,HTTP Request,200,OK,Config 3: Exp8 1-7,text,false,Test failed: text expected to match /.*/,231,158,204,204,http://localhost:8079/?token=518504778&user=-1355064518&config=3,5951,0,0
1777922349802,7035,HTTP Request,200,OK,Config 3: Exp8 1-171,text,false,Test failed: text expected to match /.*/,231,158,204,204,http://localhost:8079/?token=518504778&user=-1355064518&config=3,7035,0,0
1777922350885,5952,HTTP Request,200,OK,Config 3: Exp8 1-34,text,false,Test failed: text expected to match /.*/,231,158,204,204,http://localhost:8079/?token=518504778&user=-1355064518&config=3,5952,0,0
1777922349837,7000,HTTP Request,200,OK,Config 3: Exp8 1-35,text,false,Test failed: text expected to match /.*/,231,158,204,204,http://localhost:8079/?token=518504778&user=-1355064518&config=3,7000,0,0
1777922350884,5953,HTTP Request,200,OK,Config 3: Exp8 1-93,text,false,Test failed: text expected to match /.*/,231,158,204,204,http://localhost:8079/?token=518504778&user=-1355064518&config=3,5953,0,0
1777922350427,6410,HTTP Request,200,OK,Config 3: Exp8 1-174,text,false,Test failed: text expected to match /.*/,231,158,204,204,http://localhost:8079/?token=518504778&user=-1355064518&config=3,6410,0,0
1777922350634,6203,HTTP Request,200,OK,Config 3: Exp8 1-175,text,false,Test failed: text expected to match /.*/,231,158,204,204,http://localhost:8079/?token=518504778&user=-1355064518&config=3,6203,0,1
1777922350218,6619,HTTP Request,200,OK,Config 3: Exp8 1-173,text,false,Test failed: text expected to match /.*/,231,158,204,204,http://localhost:8079/?token=518504778&user=-1355064518&config=3,6619,0,0
1777922350010,6827,HTTP Request,200,OK,Config 3: Exp8 1-172,text,false,Test failed: text expected to match /.*/,231,158,204,204,http://localhost:8079/?token=518504778&user=-1355064518&config=3,6827,0,0
1777922350843,5994,HTTP Request,200,OK,Config 3: Exp8 1-176,text,false,Test failed: text expected to match /.*/,231,158,204,204,http://localhost:8079/?token=518504778&user=-1355064518&config=3,5994,0,1
1777922350885,5953,HTTP Request,200,OK,Config 3: Exp8 1-6,text,false,Test failed: text expected to match /.*/,231,158,204,204,http://localhost:8079/?token=518504778&user=-1355064518&config=3,5953,0,0
1777922350886,5952,HTTP Request,200,OK,Config 3: Exp8 1-108,text,false,Test failed: text expected to match /.*/,231,158,204,204,http://localhost:8079/?token=518504778&user=-1355064518&config=3,5952,0,0
1777922350886,5952,HTTP Request,200,OK,Config 3: Exp8 1-21,text,false,Test failed: text expected to match /.*/,231,158,204,204,http://localhost:8079/?token=518504778&user=-1355064518&config=3,5952,0,0
1777922350886,5952,HTTP Request,200,OK,Config 3: Exp8 1-145,text,false,Test failed: text expected to match /.*/,231,158,204,204,http://localhost:8079/?token=518504778&user=-1355064518&config=3,5952,0,0
1777922350886,5953,HTTP Request,200,OK,Config 3: Exp8 1-79,text,false,Test failed: text expected to match /.*/,231,158,204,204,http://localhost:8079/?token=518504778&user=-1355064518&config=3,5953,0,0
1777922351069,5769,HTTP Request,200,OK,Config 3: Exp8 1-146,text,false,Test failed: text expected to match /.*/,231,158,204,204,http://localhost:8079/?token=518504778&user=-1355064518&config=3,5769,0,0
1777922351069,5769,HTTP Request,200,OK,Config 3: Exp8 1-147,text,false,Test failed: text expected to match /.*/,231,158,204,204,http://localhost:8079/?token=518504778&user=-1355064518&config=3,5769,0,0
1777922351084,6459,HTTP Request,200,OK,Config 3: Exp8 1-36,text,false,Test failed: text expected to match /.*/,231,158,208,208,http://localhost:8079/?token=518504778&user=-1355064518&config=3,6459,0,0
1777922351084,6459,HTTP Request,200,OK,Config 3: Exp8 1-94,text,false,Test failed: text expected to match /.*/,231,158,208,208,http://localhost:8079/?token=518504778&user=-1355064518&config=3,6459,0,0
1777922351084,6459,HTTP Request,200,OK,Config 3: Exp8 1-8,text,false,Test failed: text expected to match /.*/,231,158,208,208,http://localhost:8079/?token=518504778&user=-1355064518&config=3,6459,0,0
1777922351084,6460,HTTP Request,200,OK,Config 3: Exp8 1-51,text,false,Test failed: text expected to match /.*/,231,158,208,208,http://localhost:8079/?token=518504778&user=-1355064518&config=3,6460,0,0
1777922351049,6495,HTTP Request,200,OK,Config 3: Exp8 1-177,text,false,Test failed: text expected to match /.*/,231,158,208,208,http://localhost:8079/?token=518504778&user=-1355064518&config=3,6495,0,1
1777922351084,6460,HTTP Request,200,OK,Config 3: Exp8 1-49,text,false,Test failed: text expected to match /.*/,231,158,208,208,http://localhost:8079/?token=518504778&user=-1355064518&config=3,6460,0,0
1777922351085,6460,HTTP Request,200,OK,Config 3: Exp8 1-95,text,false,Test failed: text expected to match /.*/,231,158,208,208,http://localhost:8079/?token=518504778&user=-1355064518&config=3,6460,0,0
1777922351084,6461,HTTP Request,200,OK,Config 3: Exp8 1-22,text,false,Test failed: text expected to match /.*/,231,158,208,208,http://localhost:8079/?token=518504778&user=-1355064518&config=3,6461,0,0
1777922351084,6461,HTTP Request,200,OK,Config 3: Exp8 1-37,text,false,Test failed: text expected to match /.*/,231,158,208,208,http://localhost:8079/?token=518504778&user=-1355064518&config=3,6461,0,0
1777922351085,6460,HTTP Request,200,OK,Config 3: Exp8 1-52,text,false,Test failed: text expected to match /.*/,231,158,208,208,http://localhost:8079/?token=518504778&user=-1355064518&config=3,6460,0,0
1777922351085,6460,HTTP Request,200,OK,Config 3: Exp8 1-66,text,false,Test failed: text expected to match /.*/,231,158,208,208,http://localhost:8079/?token=518504778&user=-1355064518&config=3,6460,0,0
1777922351085,6460,HTTP Request,200,OK,Config 3: Exp8 1-80,text,false,Test failed: text expected to match /.*/,231,158,208,208,http://localhost:8079/?token=518504778&user=-1355064518&config=3,6460,0,0
1777922351084,6461,HTTP Request,200,OK,Config 3: Exp8 1-148,text,false,Test failed: text expected to match /.*/,231,158,208,208,http://localhost:8079/?token=518504778&user=-1355064518&config=3,6461,0,0
1777922351086,6459,HTTP Request,200,OK,Config 3: Exp8 1-121,text,false,Test failed: text expected to match /.*/,231,158,208,208,http://localhost:8079/?token=518504778&user=-1355064518&config=3,6459,0,0
1777922351086,6461,HTTP Request,200,OK,Config 3: Exp8 1-123,text,false,Test failed: text expected to match /.*/,231,158,208,208,http://localhost:8079/?token=518504778&user=-1355064518&config=3,6461,0,0
1777922351086,6461,HTTP Request,200,OK,Config 3: Exp8 1-149,text,false,Test failed: text expected to match /.*/,231,158,208,208,http://localhost:8079/?token=518504778&user=-1355064518&config=3,6461,0,0
1777922351086,6461,HTTP Request,200,OK,Config 3: Exp8 1-154,text,false,Test failed: text expected to match /.*/,231,158,208,208,http://localhost:8079/?token=518504778&user=-1355064518&config=3,6461,0,0
1777922351086,6461,HTTP Request,200,OK,Config 3: Exp8 1-151,text,false,Test failed: text expected to match /.*/,231,158,208,208,http://localhost:8079/?token=518504778&user=-1355064518&config=3,6461,0,0
1777922351085,6463,HTTP Request,200,OK,Config 3: Exp8 1-65,text,false,Test failed: text expected to match /.*/,231,158,208,208,http://localhost:8079/?token=518504778&user=-1355064518&config=3,6463,0,0
1777922351086,6462,HTTP Request,200,OK,Config 3: Exp8 1-109,text,false,Test failed: text expected to match /.*/,231,158,208,208,http://localhost:8079/?token=518504778&user=-1355064518&config=3,6462,0,0
1777922351086,6462,HTTP Request,200,OK,Config 3: Exp8 1-150,text,false,Test failed: text expected to match /.*/,231,158,208,208,http://localhost:8079/?token=518504778&user=-1355064518&config=3,6462,0,0
1777922351086,6462,HTTP Request,200,OK,Config 3: Exp8 1-152,text,false,Test failed: text expected to match /.*/,231,158,208,208,http://localhost:8079/?token=518504778&user=-1355064518&config=3,6462,0,0
1777922351987,6074,HTTP Request,200,OK,Config 3: Exp8 1-9,text,false,Test failed: text expected to match /.*/,231,158,210,210,http://localhost:8079/?token=518504778&user=-1355064518&config=3,6074,0,0
1777922351988,6073,HTTP Request,200,OK,Config 3: Exp8 1-24,text,false,Test failed: text expected to match /.*/,231,158,210,210,http://localhost:8079/?token=518504778&user=-1355064518&config=3,6073,0,0
1777922351987,6074,HTTP Request,200,OK,Config 3: Exp8 1-38,text,false,Test failed: text expected to match /.*/,231,158,210,210,http://localhost:8079/?token=518504778&user=-1355064518&config=3,6074,0,0
1777922351988,6074,HTTP Request,200,OK,Config 3: Exp8 1-69,text,false,Test failed: text expected to match /.*/,231,158,210,210,http://localhost:8079/?token=518504778&user=-1355064518&config=3,6074,0,0
1777922351086,8631,HTTP Request,200,OK,Config 3: Exp8 1-124,text,false,Test failed: text expected to match /.*/,231,158,218,218,http://localhost:8079/?token=518504778&user=-1355064518&config=3,8631,0,0
1777922351257,8460,HTTP Request,200,OK,Config 3: Exp8 1-178,text,false,Test failed: text expected to match /.*/,231,158,218,218,http://localhost:8079/?token=518504778&user=-1355064518&config=3,8460,0,0
1777922351466,8251,HTTP Request,200,OK,Config 3: Exp8 1-179,text,false,Test failed: text expected to match /.*/,231,158,218,218,http://localhost:8079/?token=518504778&user=-1355064518&config=3,8251,0,0
1777922351745,8018,HTTP Request,200,OK,Config 3: Exp8 1-23,text,false,Test failed: text expected to match /.*/,231,158,218,218,http://localhost:8079/?token=518504778&user=-1355064518&config=3,8018,0,0
1777922351745,8018,HTTP Request,200,OK,Config 3: Exp8 1-153,text,false,Test failed: text expected to match /.*/,231,158,218,218,http://localhost:8079/?token=518504778&user=-1355064518&config=3,8018,0,0
1777922351881,7882,HTTP Request,200,OK,Config 3: Exp8 1-181,text,false,Test failed: text expected to match /.*/,231,158,218,218,http://localhost:8079/?token=518504778&user=-1355064518&config=3,7882,0,1
1777922351745,8018,HTTP Request,200,OK,Config 3: Exp8 1-78,text,false,Test failed: text expected to match /.*/,231,158,218,218,http://localhost:8079/?token=518504778&user=-1355064518&config=3,8018,0,0
1777922351673,8091,HTTP Request,200,OK,Config 3: Exp8 1-180,text,false,Test failed: text expected to match /.*/,231,158,218,218,http://localhost:8079/?token=518504778&user=-1355064518&config=3,8091,0,0
1777922353008,6860,HTTP Request,200,OK,Config 3: Exp8 1-12,text,false,Test failed: text expected to match /.*/,231,158,219,219,http://localhost:8079/?token=518504778&user=-1355064518&config=3,6860,0,0
1777922353008,6860,HTTP Request,200,OK,Config 3: Exp8 1-26,text,false,Test failed: text expected to match /.*/,231,158,219,219,http://localhost:8079/?token=518504778&user=-1355064518&config=3,6860,0,0
1777922353008,6860,HTTP Request,200,OK,Config 3: Exp8 1-84,text,false,Test failed: text expected to match /.*/,231,158,219,219,http://localhost:8079/?token=518504778&user=-1355064518&config=3,6860,0,0
1777922353008,6860,HTTP Request,200,OK,Config 3: Exp8 1-55,text,false,Test failed: text expected to match /.*/,231,158,219,219,http://localhost:8079/?token=518504778&user=-1355064518&config=3,6860,0,0
1777922351992,8363,HTTP Request,200,OK,Config 3: Exp8 1-126,text,false,Test failed: text expected to match /.*/,231,158,221,221,http://localhost:8079/?token=518504778&user=-1355064518&config=3,8363,0,0
1777922351988,8367,HTTP Request,200,OK,Config 3: Exp8 1-82,text,false,Test failed: text expected to match /.*/,231,158,221,221,http://localhost:8079/?token=518504778&user=-1355064518&config=3,8367,0,0
1777922351988,8367,HTTP Request,200,OK,Config 3: Exp8 1-129,text,false,Test failed: text expected to match /.*/,231,158,221,221,http://localhost:8079/?token=518504778&user=-1355064518&config=3,8367,0,0
1777922351988,8367,HTTP Request,200,OK,Config 3: Exp8 1-81,text,false,Test failed: text expected to match /.*/,231,158,221,221,http://localhost:8079/?token=518504778&user=-1355064518&config=3,8367,0,0
1777922351990,8365,HTTP Request,200,OK,Config 3: Exp8 1-39,text,false,Test failed: text expected to match /.*/,231,158,221,221,http://localhost:8079/?token=518504778&user=-1355064518&config=3,8365,0,0
1777922351992,8363,HTTP Request,200,OK,Config 3: Exp8 1-11,text,false,Test failed: text expected to match /.*/,231,158,221,221,http://localhost:8079/?token=518504778&user=-1355064518&config=3,8363,0,0
1777922351992,8363,HTTP Request,200,OK,Config 3: Exp8 1-83,text,false,Test failed: text expected to match /.*/,231,158,221,221,http://localhost:8079/?token=518504778&user=-1355064518&config=3,8363,0,0
1777922351992,8363,HTTP Request,200,OK,Config 3: Exp8 1-111,text,false,Test failed: text expected to match /.*/,231,158,221,221,http://localhost:8079/?token=518504778&user=-1355064518&config=3,8363,0,0
1777922351992,8363,HTTP Request,200,OK,Config 3: Exp8 1-68,text,false,Test failed: text expected to match /.*/,231,158,221,221,http://localhost:8079/?token=518504778&user=-1355064518&config=3,8363,0,0
1777922351988,8367,HTTP Request,200,OK,Config 3: Exp8 1-10,text,false,Test failed: text expected to match /.*/,231,158,221,221,http://localhost:8079/?token=518504778&user=-1355064518&config=3,8367,0,0
1777922351988,8367,HTTP Request,200,OK,Config 3: Exp8 1-110,text,false,Test failed: text expected to match /.*/,231,158,221,221,http://localhost:8079/?token=518504778&user=-1355064518&config=3,8367,0,0
1777922351988,8368,HTTP Request,200,OK,Config 3: Exp8 1-67,text,false,Test failed: text expected to match /.*/,231,158,221,221,http://localhost:8079/?token=518504778&user=-1355064518&config=3,8368,0,0
1777922351988,8368,HTTP Request,200,OK,Config 3: Exp8 1-96,text,false,Test failed: text expected to match /.*/,231,158,221,221,http://localhost:8079/?token=518504778&user=-1355064518&config=3,8368,0,0
1777922351988,8368,HTTP Request,200,OK,Config 3: Exp8 1-125,text,false,Test failed: text expected to match /.*/,231,158,221,221,http://localhost:8079/?token=518504778&user=-1355064518&config=3,8368,0,0
1777922351988,8368,HTTP Request,200,OK,Config 3: Exp8 1-25,text,false,Test failed: text expected to match /.*/,231,158,221,221,http://localhost:8079/?token=518504778&user=-1355064518&config=3,8368,0,0
1777922351992,8364,HTTP Request,200,OK,Config 3: Exp8 1-127,text,false,Test failed: text expected to match /.*/,231,158,221,221,http://localhost:8079/?token=518504778&user=-1355064518&config=3,8364,0,0
1777922351992,8365,HTTP Request,200,OK,Config 3: Exp8 1-130,text,false,Test failed: text expected to match /.*/,231,158,221,221,http://localhost:8079/?token=518504778&user=-1355064518&config=3,8365,0,0
1777922351992,8365,HTTP Request,200,OK,Config 3: Exp8 1-40,text,false,Test failed: text expected to match /.*/,231,158,221,221,http://localhost:8079/?token=518504778&user=-1355064518&config=3,8365,0,0
1777922351992,8365,HTTP Request,200,OK,Config 3: Exp8 1-54,text,false,Test failed: text expected to match /.*/,231,158,221,221,http://localhost:8079/?token=518504778&user=-1355064518&config=3,8365,0,0
1777922351992,8365,HTTP Request,200,OK,Config 3: Exp8 1-97,text,false,Test failed: text expected to match /.*/,231,158,221,221,http://localhost:8079/?token=518504778&user=-1355064518&config=3,8365,0,0
1777922351988,8369,HTTP Request,200,OK,Config 3: Exp8 1-53,text,false,Test failed: text expected to match /.*/,231,158,221,221,http://localhost:8079/?token=518504778&user=-1355064518&config=3,8369,0,0
1777922351992,8365,HTTP Request,200,OK,Config 3: Exp8 1-112,text,false,Test failed: text expected to match /.*/,231,158,221,221,http://localhost:8079/?token=518504778&user=-1355064518&config=3,8365,0,0
1777922351992,8365,HTTP Request,200,OK,Config 3: Exp8 1-128,text,false,Test failed: text expected to match /.*/,231,158,221,221,http://localhost:8079/?token=518504778&user=-1355064518&config=3,8365,0,0
1777922352298,8060,HTTP Request,200,OK,Config 3: Exp8 1-183,text,false,Test failed: text expected to match /.*/,231,158,221,221,http://localhost:8079/?token=518504778&user=-1355064518&config=3,8060,0,0
1777922351992,8366,HTTP Request,200,OK,Config 3: Exp8 1-157,text,false,Test failed: text expected to match /.*/,231,158,221,221,http://localhost:8079/?token=518504778&user=-1355064518&config=3,8366,0,0
1777922352089,8269,HTTP Request,200,OK,Config 3: Exp8 1-182,text,false,Test failed: text expected to match /.*/,231,158,221,221,http://localhost:8079/?token=518504778&user=-1355064518&config=3,8269,0,1
1777922353008,7526,HTTP Request,200,OK,Config 3: Exp8 1-27,text,false,Test failed: text expected to match /.*/,231,158,222,222,http://localhost:8079/?token=518504778&user=-1355064518&config=3,7526,0,0
1777922353008,7526,HTTP Request,200,OK,Config 3: Exp8 1-85,text,false,Test failed: text expected to match /.*/,231,158,222,222,http://localhost:8079/?token=518504778&user=-1355064518&config=3,7526,0,0
1777922353008,7526,HTTP Request,200,OK,Config 3: Exp8 1-114,text,false,Test failed: text expected to match /.*/,231,158,222,222,http://localhost:8079/?token=518504778&user=-1355064518&config=3,7526,0,0
1777922353009,7525,HTTP Request,200,OK,Config 3: Exp8 1-41,text,false,Test failed: text expected to match /.*/,231,158,222,222,http://localhost:8079/?token=518504778&user=-1355064518&config=3,7525,0,0
1777922353008,7526,HTTP Request,200,OK,Config 3: Exp8 1-42,text,false,Test failed: text expected to match /.*/,231,158,222,222,http://localhost:8079/?token=518504778&user=-1355064518&config=3,7526,0,0
1777922353008,7526,HTTP Request,200,OK,Config 3: Exp8 1-113,text,false,Test failed: text expected to match /.*/,231,158,222,222,http://localhost:8079/?token=518504778&user=-1355064518&config=3,7526,0,0
1777922353009,7526,HTTP Request,200,OK,Config 3: Exp8 1-99,text,false,Test failed: text expected to match /.*/,231,158,222,222,http://localhost:8079/?token=518504778&user=-1355064518&config=3,7526,0,0
1777922353015,7521,HTTP Request,200,OK,Config 3: Exp8 1-43,text,false,Test failed: text expected to match /.*/,231,158,222,222,http://localhost:8079/?token=518504778&user=-1355064518&config=3,7521,0,0
1777922353008,7528,HTTP Request,200,OK,Config 3: Exp8 1-13,text,false,Test failed: text expected to match /.*/,231,158,222,222,http://localhost:8079/?token=518504778&user=-1355064518&config=3,7528,0,0
1777922353129,7407,HTTP Request,200,OK,Config 3: Exp8 1-187,text,false,Test failed: text expected to match /.*/,231,158,222,222,http://localhost:8079/?token=518504778&user=-1355064518&config=3,7407,0,1
1777922353009,7527,HTTP Request,200,OK,Config 3: Exp8 1-56,text,false,Test failed: text expected to match /.*/,231,158,222,222,http://localhost:8079/?token=518504778&user=-1355064518&config=3,7527,0,0
1777922353008,7528,HTTP Request,200,OK,Config 3: Exp8 1-133,text,false,Test failed: text expected to match /.*/,231,158,222,222,http://localhost:8079/?token=518504778&user=-1355064518&config=3,7528,0,0
1777922353009,7527,HTTP Request,200,OK,Config 3: Exp8 1-70,text,false,Test failed: text expected to match /.*/,231,158,222,222,http://localhost:8079/?token=518504778&user=-1355064518&config=3,7527,0,0
1777922353015,7521,HTTP Request,200,OK,Config 3: Exp8 1-161,text,false,Test failed: text expected to match /.*/,231,158,222,222,http://localhost:8079/?token=518504778&user=-1355064518&config=3,7521,0,0
1777922353612,7006,HTTP Request,200,OK,Config 3: Exp8 1-58,text,false,Test failed: text expected to match /.*/,231,158,223,223,http://localhost:8079/?token=518504778&user=-1355064518&config=3,7006,0,0
1777922353547,7071,HTTP Request,200,OK,Config 3: Exp8 1-189,text,false,Test failed: text expected to match /.*/,231,158,223,223,http://localhost:8079/?token=518504778&user=-1355064518&config=3,7071,0,0
1777922353611,7007,HTTP Request,200,OK,Config 3: Exp8 1-137,text,false,Test failed: text expected to match /.*/,231,158,223,223,http://localhost:8079/?token=518504778&user=-1355064518&config=3,7007,0,0
1777922353612,7006,HTTP Request,200,OK,Config 3: Exp8 1-44,text,false,Test failed: text expected to match /.*/,231,158,223,223,http://localhost:8079/?token=518504778&user=-1355064518&config=3,7006,0,0
1777922353612,7007,HTTP Request,200,OK,Config 3: Exp8 1-102,text,false,Test failed: text expected to match /.*/,231,158,223,223,http://localhost:8079/?token=518504778&user=-1355064518&config=3,7007,0,0
1777922353611,7008,HTTP Request,200,OK,Config 3: Exp8 1-135,text,false,Test failed: text expected to match /.*/,231,158,223,223,http://localhost:8079/?token=518504778&user=-1355064518&config=3,7008,0,0
1777922353612,7007,HTTP Request,200,OK,Config 3: Exp8 1-73,text,false,Test failed: text expected to match /.*/,231,158,223,223,http://localhost:8079/?token=518504778&user=-1355064518&config=3,7007,0,0
1777922353612,7007,HTTP Request,200,OK,Config 3: Exp8 1-59,text,false,Test failed: text expected to match /.*/,231,158,223,223,http://localhost:8079/?token=518504778&user=-1355064518&config=3,7007,0,0
1777922353612,7007,HTTP Request,200,OK,Config 3: Exp8 1-136,text,false,Test failed: text expected to match /.*/,231,158,223,223,http://localhost:8079/?token=518504778&user=-1355064518&config=3,7007,0,0
1777922353612,7007,HTTP Request,200,OK,Config 3: Exp8 1-87,text,false,Test failed: text expected to match /.*/,231,158,223,223,http://localhost:8079/?token=518504778&user=-1355064518&config=3,7007,0,0
1777922352470,9278,HTTP Request,200,OK,Config 3: Exp8 1-98,text,false,Test failed: text expected to match /.*/,231,158,228,228,http://localhost:8079/?token=518504778&user=-1355064518&config=3,9278,0,0
1777922352468,9280,HTTP Request,200,OK,Config 3: Exp8 1-155,text,false,Test failed: text expected to match /.*/,231,158,228,228,http://localhost:8079/?token=518504778&user=-1355064518&config=3,9280,0,0
1777922352470,9278,HTTP Request,200,OK,Config 3: Exp8 1-132,text,false,Test failed: text expected to match /.*/,231,158,228,228,http://localhost:8079/?token=518504778&user=-1355064518&config=3,9278,0,0
1777922352713,9035,HTTP Request,200,OK,Config 3: Exp8 1-185,text,false,Test failed: text expected to match /.*/,231,158,228,228,http://localhost:8079/?token=518504778&user=-1355064518&config=3,9035,0,1
1777922352470,9279,HTTP Request,200,OK,Config 3: Exp8 1-131,text,false,Test failed: text expected to match /.*/,231,158,228,228,http://localhost:8079/?token=518504778&user=-1355064518&config=3,9279,0,0
1777922352468,9281,HTTP Request,200,OK,Config 3: Exp8 1-156,text,false,Test failed: text expected to match /.*/,231,158,228,228,http://localhost:8079/?token=518504778&user=-1355064518&config=3,9281,0,0
1777922352505,9244,HTTP Request,200,OK,Config 3: Exp8 1-184,text,false,Test failed: text expected to match /.*/,231,158,228,228,http://localhost:8079/?token=518504778&user=-1355064518&config=3,9244,0,1
1777922352921,8828,HTTP Request,200,OK,Config 3: Exp8 1-186,text,false,Test failed: text expected to match /.*/,231,158,228,228,http://localhost:8079/?token=518504778&user=-1355064518&config=3,8828,0,0
1777922353611,8149,HTTP Request,200,OK,Config 3: Exp8 1-14,text,false,Test failed: text expected to match /.*/,231,158,228,228,http://localhost:8079/?token=518504778&user=-1355064518&config=3,8149,0,0
1777922353609,8151,HTTP Request,200,OK,Config 3: Exp8 1-57,text,false,Test failed: text expected to match /.*/,231,158,228,228,http://localhost:8079/?token=518504778&user=-1355064518&config=3,8151,0,0
1777922354160,7600,HTTP Request,200,OK,Config 3: Exp8 1-101,text,false,Test failed: text expected to match /.*/,231,158,228,228,http://localhost:8079/?token=518504778&user=-1355064518&config=3,7600,0,0
1777922353611,8149,HTTP Request,200,OK,Config 3: Exp8 1-29,text,false,Test failed: text expected to match /.*/,231,158,228,228,http://localhost:8079/?token=518504778&user=-1355064518&config=3,8149,0,0
1777922354160,7600,HTTP Request,200,OK,Config 3: Exp8 1-1,text,false,Test failed: text expected to match /.*/,231,158,228,228,http://localhost:8079/?token=518504778&user=-1355064518&config=3,7600,0,0
1777922354160,7600,HTTP Request,200,OK,Config 3: Exp8 1-116,text,false,Test failed: text expected to match /.*/,231,158,228,228,http://localhost:8079/?token=518504778&user=-1355064518&config=3,7600,0,0
1777922353754,8006,HTTP Request,200,OK,Config 3: Exp8 1-190,text,false,Test failed: text expected to match /.*/,231,158,228,228,http://localhost:8079/?token=518504778&user=-1355064518&config=3,8006,0,1
1777922353961,7799,HTTP Request,200,OK,Config 3: Exp8 1-191,text,false,Test failed: text expected to match /.*/,231,158,228,228,http://localhost:8079/?token=518504778&user=-1355064518&config=3,7799,0,1
1777922354161,7600,HTTP Request,200,OK,Config 3: Exp8 1-30,text,false,Test failed: text expected to match /.*/,231,158,228,228,http://localhost:8079/?token=518504778&user=-1355064518&config=3,7600,0,0
1777922354161,7600,HTTP Request,200,OK,Config 3: Exp8 1-15,text,false,Test failed: text expected to match /.*/,231,158,228,228,http://localhost:8079/?token=518504778&user=-1355064518&config=3,7600,0,0
1777922354163,7598,HTTP Request,200,OK,Config 3: Exp8 1-2,text,false,Test failed: text expected to match /.*/,231,158,228,228,http://localhost:8079/?token=518504778&user=-1355064518&config=3,7598,0,0
1777922354162,7599,HTTP Request,200,OK,Config 3: Exp8 1-16,text,false,Test failed: text expected to match /.*/,231,158,228,228,http://localhost:8079/?token=518504778&user=-1355064518&config=3,7599,0,0
1777922354165,7596,HTTP Request,200,OK,Config 3: Exp8 1-117,text,false,Test failed: text expected to match /.*/,231,158,228,228,http://localhost:8079/?token=518504778&user=-1355064518&config=3,7596,0,0
1777922354164,7597,HTTP Request,200,OK,Config 3: Exp8 1-45,text,false,Test failed: text expected to match /.*/,231,158,228,228,http://localhost:8079/?token=518504778&user=-1355064518&config=3,7597,0,0
1777922354165,7597,HTTP Request,200,OK,Config 3: Exp8 1-31,text,false,Test failed: text expected to match /.*/,231,158,228,228,http://localhost:8079/?token=518504778&user=-1355064518&config=3,7597,0,0
1777922354169,7593,HTTP Request,200,OK,Config 3: Exp8 1-192,text,false,Test failed: text expected to match /.*/,231,158,228,228,http://localhost:8079/?token=518504778&user=-1355064518&config=3,7593,0,1
1777922354378,7384,HTTP Request,200,OK,Config 3: Exp8 1-193,text,false,Test failed: text expected to match /.*/,231,158,228,228,http://localhost:8079/?token=518504778&user=-1355064518&config=3,7384,0,0
1777922354585,7177,HTTP Request,200,OK,Config 3: Exp8 1-194,text,false,Test failed: text expected to match /.*/,231,158,228,228,http://localhost:8079/?token=518504778&user=-1355064518&config=3,7177,0,1
1777922354793,6969,HTTP Request,200,OK,Config 3: Exp8 1-195,text,false,Test failed: text expected to match /.*/,231,158,228,228,http://localhost:8079/?token=518504778&user=-1355064518&config=3,6969,0,1
1777922355209,6555,HTTP Request,200,OK,Config 3: Exp8 1-197,text,false,Test failed: text expected to match /.*/,231,158,228,228,http://localhost:8079/?token=518504778&user=-1355064518&config=3,6555,0,0
1777922355002,6762,HTTP Request,200,OK,Config 3: Exp8 1-196,text,false,Test failed: text expected to match /.*/,231,158,228,228,http://localhost:8079/?token=518504778&user=-1355064518&config=3,6762,0,1
1777922355262,6503,HTTP Request,200,OK,Config 3: Exp8 1-86,text,false,Test failed: text expected to match /.*/,231,158,228,228,http://localhost:8079/?token=518504778&user=-1355064518&config=3,6503,0,0
1777922355263,6502,HTTP Request,200,OK,Config 3: Exp8 1-28,text,false,Test failed: text expected to match /.*/,231,158,228,228,http://localhost:8079/?token=518504778&user=-1355064518&config=3,6502,0,0
1777922355263,6502,HTTP Request,200,OK,Config 3: Exp8 1-100,text,false,Test failed: text expected to match /.*/,231,158,228,228,http://localhost:8079/?token=518504778&user=-1355064518&config=3,6502,0,0
1777922355263,6502,HTTP Request,200,OK,Config 3: Exp8 1-72,text,false,Test failed: text expected to match /.*/,231,158,228,228,http://localhost:8079/?token=518504778&user=-1355064518&config=3,6502,0,0
1777922355339,7437,HTTP Request,200,OK,Config 3: Exp8 1-60,text,false,Test failed: text expected to match /.*/,231,158,233,233,http://localhost:8079/?token=518504778&user=-1355064518&config=3,7437,0,0
1777922355263,7513,HTTP Request,200,OK,Config 3: Exp8 1-115,text,false,Test failed: text expected to match /.*/,231,158,233,233,http://localhost:8079/?token=518504778&user=-1355064518&config=3,7513,0,0
1777922355263,7513,HTTP Request,200,OK,Config 3: Exp8 1-71,text,false,Test failed: text expected to match /.*/,231,158,233,233,http://localhost:8079/?token=518504778&user=-1355064518&config=3,7513,0,0
1777922355340,7436,HTTP Request,200,OK,Config 3: Exp8 1-138,text,false,Test failed: text expected to match /.*/,231,158,233,233,http://localhost:8079/?token=518504778&user=-1355064518&config=3,7436,0,0
1777922355340,7436,HTTP Request,200,OK,Config 3: Exp8 1-74,text,false,Test failed: text expected to match /.*/,231,158,233,233,http://localhost:8079/?token=518504778&user=-1355064518&config=3,7436,0,0
1777922355341,7435,HTTP Request,200,OK,Config 3: Exp8 1-89,text,false,Test failed: text expected to match /.*/,231,158,233,233,http://localhost:8079/?token=518504778&user=-1355064518&config=3,7435,0,0
1777922355342,7434,HTTP Request,200,OK,Config 3: Exp8 1-3,text,false,Test failed: text expected to match /.*/,231,158,233,233,http://localhost:8079/?token=518504778&user=-1355064518&config=3,7434,0,0
1777922355342,7435,HTTP Request,200,OK,Config 3: Exp8 1-4,text,false,Test failed: text expected to match /.*/,231,158,233,233,http://localhost:8079/?token=518504778&user=-1355064518&config=3,7435,0,0
1777922355342,7435,HTTP Request,200,OK,Config 3: Exp8 1-46,text,false,Test failed: text expected to match /.*/,231,158,233,233,http://localhost:8079/?token=518504778&user=-1355064518&config=3,7435,0,0
1777922355342,7435,HTTP Request,200,OK,Config 3: Exp8 1-141,text,false,Test failed: text expected to match /.*/,231,158,233,233,http://localhost:8079/?token=518504778&user=-1355064518&config=3,7435,0,0
1777922355342,7437,HTTP Request,200,OK,Config 3: Exp8 1-75,text,false,Test failed: text expected to match /.*/,231,158,233,233,http://localhost:8079/?token=518504778&user=-1355064518&config=3,7437,0,0
1777922355342,7437,HTTP Request,200,OK,Config 3: Exp8 1-166,text,false,Test failed: text expected to match /.*/,231,158,233,233,http://localhost:8079/?token=518504778&user=-1355064518&config=3,7437,0,0
1777922355342,7437,HTTP Request,200,OK,Config 3: Exp8 1-90,text,false,Test failed: text expected to match /.*/,231,158,233,233,http://localhost:8079/?token=518504778&user=-1355064518&config=3,7437,0,0
1777922355342,7437,HTTP Request,200,OK,Config 3: Exp8 1-140,text,false,Test failed: text expected to match /.*/,231,158,233,233,http://localhost:8079/?token=518504778&user=-1355064518&config=3,7437,0,0
1777922355342,7437,HTTP Request,200,OK,Config 3: Exp8 1-104,text,false,Test failed: text expected to match /.*/,231,158,233,233,http://localhost:8079/?token=518504778&user=-1355064518&config=3,7437,0,0
1777922355342,7437,HTTP Request,200,OK,Config 3: Exp8 1-139,text,false,Test failed: text expected to match /.*/,231,158,233,233,http://localhost:8079/?token=518504778&user=-1355064518&config=3,7437,0,0
1777922353337,9582,HTTP Request,200,OK,Config 3: Exp8 1-188,text,false,Test failed: text expected to match /.*/,231,158,234,234,http://localhost:8079/?token=518504778&user=-1355064518&config=3,9582,0,0
1777922355342,7578,HTTP Request,200,OK,Config 3: Exp8 1-33,text,false,Test failed: text expected to match /.*/,231,158,234,234,http://localhost:8079/?token=518504778&user=-1355064518&config=3,7578,0,0
1777922355342,7578,HTTP Request,200,OK,Config 3: Exp8 1-17,text,false,Test failed: text expected to match /.*/,231,158,234,234,http://localhost:8079/?token=518504778&user=-1355064518&config=3,7578,0,0
1777922355344,7576,HTTP Request,200,OK,Config 3: Exp8 1-61,text,false,Test failed: text expected to match /.*/,231,158,234,234,http://localhost:8079/?token=518504778&user=-1355064518&config=3,7576,0,0
1777922356835,6168,HTTP Request,200,OK,Config 3: Exp8 1-5,text,false,Test failed: text expected to match /.*/,231,158,234,234,http://localhost:8079/?token=518504778&user=-1355064518&config=3,6168,0,0
1777922356835,6168,HTTP Request,200,OK,Config 3: Exp8 1-50,text,false,Test failed: text expected to match /.*/,231,158,234,234,http://localhost:8079/?token=518504778&user=-1355064518&config=3,6168,0,0
1777922356414,6589,HTTP Request,200,OK,Config 3: Exp8 1-18,text,false,Test failed: text expected to match /.*/,231,158,234,234,http://localhost:8079/?token=518504778&user=-1355064518&config=3,6589,0,0
1777922356414,6589,HTTP Request,200,OK,Config 3: Exp8 1-47,text,false,Test failed: text expected to match /.*/,231,158,234,234,http://localhost:8079/?token=518504778&user=-1355064518&config=3,6589,0,0
1777922356414,6589,HTTP Request,200,OK,Config 3: Exp8 1-91,text,false,Test failed: text expected to match /.*/,231,158,234,234,http://localhost:8079/?token=518504778&user=-1355064518&config=3,6589,0,0
1777922356835,6168,HTTP Request,200,OK,Config 3: Exp8 1-20,text,false,Test failed: text expected to match /.*/,231,158,234,234,http://localhost:8079/?token=518504778&user=-1355064518&config=3,6168,0,0
1777922356835,6169,HTTP Request,200,OK,Config 3: Exp8 1-106,text,false,Test failed: text expected to match /.*/,231,158,234,234,http://localhost:8079/?token=518504778&user=-1355064518&config=3,6169,0,0
1777922356835,6169,HTTP Request,200,OK,Config 3: Exp8 1-143,text,false,Test failed: text expected to match /.*/,231,158,234,234,http://localhost:8079/?token=518504778&user=-1355064518&config=3,6169,0,0
1777922356837,6685,HTTP Request,200,OK,Config 3: Exp8 1-107,text,false,Test failed: text expected to match /.*/,231,158,236,236,http://localhost:8079/?token=518504778&user=-1355064518&config=3,6685,0,0
1777922356837,6685,HTTP Request,200,OK,Config 3: Exp8 1-63,text,false,Test failed: text expected to match /.*/,231,158,236,236,http://localhost:8079/?token=518504778&user=-1355064518&config=3,6685,0,0
1777922356837,6685,HTTP Request,200,OK,Config 3: Exp8 1-144,text,false,Test failed: text expected to match /.*/,231,158,236,236,http://localhost:8079/?token=518504778&user=-1355064518&config=3,6685,0,0
1777922356837,6685,HTTP Request,200,OK,Config 3: Exp8 1-171,text,false,Test failed: text expected to match /.*/,231,158,236,236,http://localhost:8079/?token=518504778&user=-1355064518&config=3,6685,0,0
1777922355263,8472,HTTP Request,200,OK,Config 3: Exp8 1-158,text,false,Test failed: text expected to match /.*/,231,158,237,237,http://localhost:8079/?token=518504778&user=-1355064518&config=3,8472,0,0
1777922355263,8472,HTTP Request,200,OK,Config 3: Exp8 1-159,text,false,Test failed: text expected to match /.*/,231,158,237,237,http://localhost:8079/?token=518504778&user=-1355064518&config=3,8472,0,0
1777922355263,8472,HTTP Request,200,OK,Config 3: Exp8 1-160,text,false,Test failed: text expected to match /.*/,231,158,237,237,http://localhost:8079/?token=518504778&user=-1355064518&config=3,8472,0,0
1777922355342,9772,HTTP Request,200,OK,Config 3: Exp8 1-167,text,false,Test failed: text expected to match /.*/,231,158,244,244,http://localhost:8079/?token=518504778&user=-1355064518&config=3,9772,0,0
1777922357544,7571,HTTP Request,200,OK,Config 3: Exp8 1-94,text,false,Test failed: text expected to match /.*/,231,158,244,244,http://localhost:8079/?token=518504778&user=-1355064518&config=3,7571,0,0
1777922355376,9739,HTTP Request,200,OK,Config 3: Exp8 1-32,text,false,Test failed: text expected to match /.*/,231,158,244,244,http://localhost:8079/?token=518504778&user=-1355064518&config=3,9739,0,0
1777922355418,9697,HTTP Request,200,OK,Config 3: Exp8 1-198,text,false,Test failed: text expected to match /.*/,231,158,244,244,http://localhost:8079/?token=518504778&user=-1355064518&config=3,9697,0,1
1777922355625,9490,HTTP Request,200,OK,Config 3: Exp8 1-199,text,false,Test failed: text expected to match /.*/,231,158,244,244,http://localhost:8079/?token=518504778&user=-1355064518&config=3,9490,0,0
1777922356357,9026,HTTP Request,200,OK,Config 3: Exp8 1-162,text,false,Test failed: text expected to match /.*/,231,158,245,245,http://localhost:8079/?token=518504778&user=-1355064518&config=3,9026,0,0
1777922355833,9549,HTTP Request,200,OK,Config 3: Exp8 1-200,text,false,Test failed: text expected to match /.*/,231,158,245,245,http://localhost:8079/?token=518504778&user=-1355064518&config=3,9549,0,0
1777922356043,9340,HTTP Request,200,OK,Config 3: Exp8 1-201,text,false,Test failed: text expected to match /.*/,231,158,245,245,http://localhost:8079/?token=518504778&user=-1355064518&config=3,9340,0,0
1777922356250,9133,HTTP Request,200,OK,Config 3: Exp8 1-202,text,false,Test failed: text expected to match /.*/,231,158,245,245,http://localhost:8079/?token=518504778&user=-1355064518&config=3,9133,0,0
1777922356357,9026,HTTP Request,200,OK,Config 3: Exp8 1-134,text,false,Test failed: text expected to match /.*/,231,158,245,245,http://localhost:8079/?token=518504778&user=-1355064518&config=3,9026,0,0
1777922356416,9133,HTTP Request,200,OK,Config 3: Exp8 1-19,text,false,Test failed: text expected to match /.*/,231,158,246,246,http://localhost:8079/?token=518504778&user=-1355064518&config=3,9133,0,0
1777922356415,9134,HTTP Request,200,OK,Config 3: Exp8 1-105,text,false,Test failed: text expected to match /.*/,231,158,246,246,http://localhost:8079/?token=518504778&user=-1355064518&config=3,9134,0,0
1777922356416,9133,HTTP Request,200,OK,Config 3: Exp8 1-169,text,false,Test failed: text expected to match /.*/,231,158,246,246,http://localhost:8079/?token=518504778&user=-1355064518&config=3,9133,0,0
1777922356418,9131,HTTP Request,200,OK,Config 3: Exp8 1-142,text,false,Test failed: text expected to match /.*/,231,158,246,246,http://localhost:8079/?token=518504778&user=-1355064518&config=3,9131,0,0
1777922356416,9133,HTTP Request,200,OK,Config 3: Exp8 1-168,text,false,Test failed: text expected to match /.*/,231,158,246,246,http://localhost:8079/?token=518504778&user=-1355064518&config=3,9133,0,0
1777922356415,9134,HTTP Request,200,OK,Config 3: Exp8 1-119,text,false,Test failed: text expected to match /.*/,231,158,246,246,http://localhost:8079/?token=518504778&user=-1355064518&config=3,9134,0,0
1777922356416,9133,HTTP Request,200,OK,Config 3: Exp8 1-62,text,false,Test failed: text expected to match /.*/,231,158,246,246,http://localhost:8079/?token=518504778&user=-1355064518&config=3,9133,0,0
1777922356415,9134,HTTP Request,200,OK,Config 3: Exp8 1-76,text,false,Test failed: text expected to match /.*/,231,158,246,246,http://localhost:8079/?token=518504778&user=-1355064518&config=3,9134,0,0
1777922356417,9132,HTTP Request,200,OK,Config 3: Exp8 1-170,text,false,Test failed: text expected to match /.*/,231,158,246,246,http://localhost:8079/?token=518504778&user=-1355064518&config=3,9132,0,0
1777922356458,9092,HTTP Request,200,OK,Config 3: Exp8 1-203,text,false,Test failed: text expected to match /.*/,231,158,246,246,http://localhost:8079/?token=518504778&user=-1355064518&config=3,9092,0,1
1777922356800,8750,HTTP Request,200,OK,Config 3: Exp8 1-164,text,false,Test failed: text expected to match /.*/,231,158,246,246,http://localhost:8079/?token=518504778&user=-1355064518&config=3,8750,0,0
1777922356800,8750,HTTP Request,200,OK,Config 3: Exp8 1-103,text,false,Test failed: text expected to match /.*/,231,158,246,246,http://localhost:8079/?token=518504778&user=-1355064518&config=3,8750,0,0
1777922356800,8750,HTTP Request,200,OK,Config 3: Exp8 1-88,text,false,Test failed: text expected to match /.*/,231,158,246,246,http://localhost:8079/?token=518504778&user=-1355064518&config=3,8750,0,0
1777922356800,8750,HTTP Request,200,OK,Config 3: Exp8 1-163,text,false,Test failed: text expected to match /.*/,231,158,246,246,http://localhost:8079/?token=518504778&user=-1355064518&config=3,8750,0,0
1777922356666,8885,HTTP Request,200,OK,Config 3: Exp8 1-204,text,false,Test failed: text expected to match /.*/,231,158,246,246,http://localhost:8079/?token=518504778&user=-1355064518&config=3,8885,0,1
1777922356801,8750,HTTP Request,200,OK,Config 3: Exp8 1-165,text,false,Test failed: text expected to match /.*/,231,158,246,246,http://localhost:8079/?token=518504778&user=-1355064518&config=3,8750,0,0
1777922356837,10240,HTTP Request,200,OK,Config 3: Exp8 1-120,text,false,Test failed: text expected to match /.*/,231,158,254,254,http://localhost:8079/?token=518504778&user=-1355064518&config=3,10240,0,0
1777922356837,10240,HTTP Request,200,OK,Config 3: Exp8 1-92,text,false,Test failed: text expected to match /.*/,231,158,254,254,http://localhost:8079/?token=518504778&user=-1355064518&config=3,10240,0,0
1777922356837,10240,HTTP Request,200,OK,Config 3: Exp8 1-48,text,false,Test failed: text expected to match /.*/,231,158,254,254,http://localhost:8079/?token=518504778&user=-1355064518&config=3,10240,0,0
1777922356837,10241,HTTP Request,200,OK,Config 3: Exp8 1-7,text,false,Test failed: text expected to match /.*/,231,158,254,254,http://localhost:8079/?token=518504778&user=-1355064518&config=3,10241,0,0
1777922356837,10241,HTTP Request,200,OK,Config 3: Exp8 1-35,text,false,Test failed: text expected to match /.*/,231,158,254,254,http://localhost:8079/?token=518504778&user=-1355064518&config=3,10241,0,0
1777922356837,10241,HTTP Request,200,OK,Config 3: Exp8 1-118,text,false,Test failed: text expected to match /.*/,231,158,254,254,http://localhost:8079/?token=518504778&user=-1355064518&config=3,10241,0,0
1777922356837,10241,HTTP Request,200,OK,Config 3: Exp8 1-77,text,false,Test failed: text expected to match /.*/,231,158,254,254,http://localhost:8079/?token=518504778&user=-1355064518&config=3,10241,0,0
1777922356837,10241,HTTP Request,200,OK,Config 3: Exp8 1-122,text,false,Test failed: text expected to match /.*/,231,158,254,254,http://localhost:8079/?token=518504778&user=-1355064518&config=3,10241,0,0
1777922356837,10241,HTTP Request,200,OK,Config 3: Exp8 1-64,text,false,Test failed: text expected to match /.*/,231,158,254,254,http://localhost:8079/?token=518504778&user=-1355064518&config=3,10241,0,0
1777922356838,10240,HTTP Request,200,OK,Config 3: Exp8 1-21,text,false,Test failed: text expected to match /.*/,231,158,254,254,http://localhost:8079/?token=518504778&user=-1355064518&config=3,10240,0,0
1777922356837,10241,HTTP Request,200,OK,Config 3: Exp8 1-34,text,false,Test failed: text expected to match /.*/,231,158,254,254,http://localhost:8079/?token=518504778&user=-1355064518&config=3,10241,0,0
1777922356838,10240,HTTP Request,200,OK,Config 3: Exp8 1-6,text,false,Test failed: text expected to match /.*/,231,158,254,254,http://localhost:8079/?token=518504778&user=-1355064518&config=3,10240,0,0
1777922356838,10240,HTTP Request,200,OK,Config 3: Exp8 1-108,text,false,Test failed: text expected to match /.*/,231,158,254,254,http://localhost:8079/?token=518504778&user=-1355064518&config=3,10240,0,0
1777922356838,10240,HTTP Request,200,OK,Config 3: Exp8 1-145,text,false,Test failed: text expected to match /.*/,231,158,254,254,http://localhost:8079/?token=518504778&user=-1355064518&config=3,10240,0,0
1777922356839,10239,HTTP Request,200,OK,Config 3: Exp8 1-146,text,false,Test failed: text expected to match /.*/,231,158,254,254,http://localhost:8079/?token=518504778&user=-1355064518&config=3,10239,0,0
1777922356837,10241,HTTP Request,200,OK,Config 3: Exp8 1-175,text,false,Test failed: text expected to match /.*/,231,158,254,254,http://localhost:8079/?token=518504778&user=-1355064518&config=3,10241,0,0
1777922356837,10241,HTTP Request,200,OK,Config 3: Exp8 1-172,text,false,Test failed: text expected to match /.*/,231,158,254,254,http://localhost:8079/?token=518504778&user=-1355064518&config=3,10241,0,0
1777922356837,10241,HTTP Request,200,OK,Config 3: Exp8 1-173,text,false,Test failed: text expected to match /.*/,231,158,254,254,http://localhost:8079/?token=518504778&user=-1355064518&config=3,10241,0,0
1777922356837,10241,HTTP Request,200,OK,Config 3: Exp8 1-176,text,false,Test failed: text expected to match /.*/,231,158,254,254,http://localhost:8079/?token=518504778&user=-1355064518&config=3,10241,0,0
1777922356837,10241,HTTP Request,200,OK,Config 3: Exp8 1-174,text,false,Test failed: text expected to match /.*/,231,158,254,254,http://localhost:8079/?token=518504778&user=-1355064518&config=3,10241,0,0
1777922356837,10241,HTTP Request,200,OK,Config 3: Exp8 1-93,text,false,Test failed: text expected to match /.*/,231,158,254,254,http://localhost:8079/?token=518504778&user=-1355064518&config=3,10241,0,0
1777922356839,10240,HTTP Request,200,OK,Config 3: Exp8 1-147,text,false,Test failed: text expected to match /.*/,231,158,254,254,http://localhost:8079/?token=518504778&user=-1355064518&config=3,10240,0,0
1777922356839,10240,HTTP Request,200,OK,Config 3: Exp8 1-79,text,false,Test failed: text expected to match /.*/,231,158,254,254,http://localhost:8079/?token=518504778&user=-1355064518&config=3,10240,0,0
1777922356874,10205,HTTP Request,200,OK,Config 3: Exp8 1-205,text,false,Test failed: text expected to match /.*/,231,158,254,254,http://localhost:8079/?token=518504778&user=-1355064518&config=3,10205,0,1
1777922357291,9788,HTTP Request,200,OK,Config 3: Exp8 1-207,text,false,Test failed: text expected to match /.*/,231,158,254,254,http://localhost:8079/?token=518504778&user=-1355064518&config=3,9788,0,0
1777922357082,9997,HTTP Request,200,OK,Config 3: Exp8 1-206,text,false,Test failed: text expected to match /.*/,231,158,254,254,http://localhost:8079/?token=518504778&user=-1355064518&config=3,9997,0,0
1777922359578,7714,HTTP Request,200,OK,Config 3: Exp8 1-218,text,false,Test failed: text expected to match /.*/,231,158,255,255,http://localhost:8079/?token=518504778&user=-1355064518&config=3,7714,0,0
1777922359370,7922,HTTP Request,200,OK,Config 3: Exp8 1-217,text,false,Test failed: text expected to match /.*/,231,158,255,255,http://localhost:8079/?token=518504778&user=-1355064518&config=3,7922,0,1
1777922359718,7574,HTTP Request,200,OK,Config 3: Exp8 1-179,text,false,Test failed: text expected to match /.*/,231,158,255,255,http://localhost:8079/?token=518504778&user=-1355064518&config=3,7574,0,0
1777922359718,7574,HTTP Request,200,OK,Config 3: Exp8 1-178,text,false,Test failed: text expected to match /.*/,231,158,255,255,http://localhost:8079/?token=518504778&user=-1355064518&config=3,7574,0,0
1777922359764,7528,HTTP Request,200,OK,Config 3: Exp8 1-153,text,false,Test failed: text expected to match /.*/,231,158,255,255,http://localhost:8079/?token=518504778&user=-1355064518&config=3,7528,0,0
1777922359718,7574,HTTP Request,200,OK,Config 3: Exp8 1-124,text,false,Test failed: text expected to match /.*/,231,158,255,255,http://localhost:8079/?token=518504778&user=-1355064518&config=3,7574,0,0
1777922359162,8129,HTTP Request,200,OK,Config 3: Exp8 1-216,text,false,Test failed: text expected to match /.*/,231,158,255,255,http://localhost:8079/?token=518504778&user=-1355064518&config=3,8129,0,0
1777922358954,8335,HTTP Request,200,OK,Config 3: Exp8 1-215,text,false,Test failed: text expected to match /.*/,231,158,255,255,http://localhost:8079/?token=518504778&user=-1355064518&config=3,8335,0,0
1777922359765,7529,HTTP Request,200,OK,Config 3: Exp8 1-180,text,false,Test failed: text expected to match /.*/,231,158,255,255,http://localhost:8079/?token=518504778&user=-1355064518&config=3,7529,0,0
1777922359764,7530,HTTP Request,200,OK,Config 3: Exp8 1-23,text,false,Test failed: text expected to match /.*/,231,158,255,255,http://localhost:8079/?token=518504778&user=-1355064518&config=3,7530,0,0
1777922359869,7425,HTTP Request,200,OK,Config 3: Exp8 1-12,text,false,Test failed: text expected to match /.*/,231,158,255,255,http://localhost:8079/?token=518504778&user=-1355064518&config=3,7425,0,0
1777922359786,7508,HTTP Request,200,OK,Config 3: Exp8 1-219,text,false,Test failed: text expected to match /.*/,231,158,255,255,http://localhost:8079/?token=518504778&user=-1355064518&config=3,7508,0,1
1777922359869,7425,HTTP Request,200,OK,Config 3: Exp8 1-26,text,false,Test failed: text expected to match /.*/,231,158,255,255,http://localhost:8079/?token=518504778&user=-1355064518&config=3,7425,0,0
1777922359765,7529,HTTP Request,200,OK,Config 3: Exp8 1-181,text,false,Test failed: text expected to match /.*/,231,158,255,255,http://localhost:8079/?token=518504778&user=-1355064518&config=3,7529,0,0
1777922359765,7529,HTTP Request,200,OK,Config 3: Exp8 1-78,text,false,Test failed: text expected to match /.*/,231,158,255,255,http://localhost:8079/?token=518504778&user=-1355064518&config=3,7529,0,0
1777922359869,7895,HTTP Request,200,OK,Config 3: Exp8 1-84,text,false,Test failed: text expected to match /.*/,231,158,257,257,http://localhost:8079/?token=518504778&user=-1355064518&config=3,7895,0,0
1777922360356,7408,HTTP Request,200,OK,Config 3: Exp8 1-39,text,false,Test failed: text expected to match /.*/,231,158,257,257,http://localhost:8079/?token=518504778&user=-1355064518&config=3,7408,0,0
1777922359869,7895,HTTP Request,200,OK,Config 3: Exp8 1-55,text,false,Test failed: text expected to match /.*/,231,158,257,257,http://localhost:8079/?token=518504778&user=-1355064518&config=3,7895,0,0
1777922359995,7769,HTTP Request,200,OK,Config 3: Exp8 1-220,text,false,Test failed: text expected to match /.*/,231,158,257,257,http://localhost:8079/?token=518504778&user=-1355064518&config=3,7769,0,1
1777922360202,7562,HTTP Request,200,OK,Config 3: Exp8 1-221,text,false,Test failed: text expected to match /.*/,231,158,257,257,http://localhost:8079/?token=518504778&user=-1355064518&config=3,7562,0,1
1777922360356,7408,HTTP Request,200,OK,Config 3: Exp8 1-11,text,false,Test failed: text expected to match /.*/,231,158,257,257,http://localhost:8079/?token=518504778&user=-1355064518&config=3,7408,0,0
1777922360356,7408,HTTP Request,200,OK,Config 3: Exp8 1-126,text,false,Test failed: text expected to match /.*/,231,158,257,257,http://localhost:8079/?token=518504778&user=-1355064518&config=3,7408,0,0
1777922360356,7408,HTTP Request,200,OK,Config 3: Exp8 1-111,text,false,Test failed: text expected to match /.*/,231,158,257,257,http://localhost:8079/?token=518504778&user=-1355064518&config=3,7408,0,0
1777922360356,7408,HTTP Request,200,OK,Config 3: Exp8 1-83,text,false,Test failed: text expected to match /.*/,231,158,257,257,http://localhost:8079/?token=518504778&user=-1355064518&config=3,7408,0,0
1777922360356,7408,HTTP Request,200,OK,Config 3: Exp8 1-81,text,false,Test failed: text expected to match /.*/,231,158,257,257,http://localhost:8079/?token=518504778&user=-1355064518&config=3,7408,0,0
1777922360356,7408,HTTP Request,200,OK,Config 3: Exp8 1-82,text,false,Test failed: text expected to match /.*/,231,158,257,257,http://localhost:8079/?token=518504778&user=-1355064518&config=3,7408,0,0
1777922360357,7408,HTTP Request,200,OK,Config 3: Exp8 1-10,text,false,Test failed: text expected to match /.*/,231,158,257,257,http://localhost:8079/?token=518504778&user=-1355064518&config=3,7408,0,0
1777922360357,7408,HTTP Request,200,OK,Config 3: Exp8 1-68,text,false,Test failed: text expected to match /.*/,231,158,257,257,http://localhost:8079/?token=518504778&user=-1355064518&config=3,7408,0,0
1777922360356,7409,HTTP Request,200,OK,Config 3: Exp8 1-129,text,false,Test failed: text expected to match /.*/,231,158,257,257,http://localhost:8079/?token=518504778&user=-1355064518&config=3,7409,0,0
1777922357545,10403,HTTP Request,200,OK,Config 3: Exp8 1-177,text,false,Test failed: text expected to match /.*/,231,158,258,258,http://localhost:8079/?token=518504778&user=-1355064518&config=3,10403,0,0
1777922357546,10403,HTTP Request,200,OK,Config 3: Exp8 1-121,text,false,Test failed: text expected to match /.*/,231,158,258,258,http://localhost:8079/?token=518504778&user=-1355064518&config=3,10402,0,0
1777922357546,10403,HTTP Request,200,OK,Config 3: Exp8 1-22,text,false,Test failed: text expected to match /.*/,231,158,258,258,http://localhost:8079/?token=518504778&user=-1355064518&config=3,10403,0,0
1777922357545,10404,HTTP Request,200,OK,Config 3: Exp8 1-49,text,false,Test failed: text expected to match /.*/,231,158,258,258,http://localhost:8079/?token=518504778&user=-1355064518&config=3,10404,0,0
1777922357544,10405,HTTP Request,200,OK,Config 3: Exp8 1-36,text,false,Test failed: text expected to match /.*/,231,158,258,258,http://localhost:8079/?token=518504778&user=-1355064518&config=3,10405,0,0
1777922357544,10405,HTTP Request,200,OK,Config 3: Exp8 1-8,text,false,Test failed: text expected to match /.*/,231,158,258,258,http://localhost:8079/?token=518504778&user=-1355064518&config=3,10405,0,0
1777922357545,10404,HTTP Request,200,OK,Config 3: Exp8 1-51,text,false,Test failed: text expected to match /.*/,231,158,258,258,http://localhost:8079/?token=518504778&user=-1355064518&config=3,10404,0,0
1777922357546,10403,HTTP Request,200,OK,Config 3: Exp8 1-52,text,false,Test failed: text expected to match /.*/,231,158,258,258,http://localhost:8079/?token=518504778&user=-1355064518&config=3,10403,0,0
1777922357499,10450,HTTP Request,200,OK,Config 3: Exp8 1-208,text,false,Test failed: text expected to match /.*/,231,158,258,258,http://localhost:8079/?token=518504778&user=-1355064518&config=3,10450,0,0
1777922357546,10403,HTTP Request,200,OK,Config 3: Exp8 1-66,text,false,Test failed: text expected to match /.*/,231,158,258,258,http://localhost:8079/?token=518504778&user=-1355064518&config=3,10403,0,0
1777922357546,10403,HTTP Request,200,OK,Config 3: Exp8 1-80,text,false,Test failed: text expected to match /.*/,231,158,258,258,http://localhost:8079/?token=518504778&user=-1355064518&config=3,10403,0,0
1777922357546,10403,HTTP Request,200,OK,Config 3: Exp8 1-95,text,false,Test failed: text expected to match /.*/,231,158,258,258,http://localhost:8079/?token=518504778&user=-1355064518&config=3,10403,0,0
1777922357546,10403,HTTP Request,200,OK,Config 3: Exp8 1-37,text,false,Test failed: text expected to match /.*/,231,158,258,258,http://localhost:8079/?token=518504778&user=-1355064518&config=3,10403,0,0
1777922357549,10400,HTTP Request,200,OK,Config 3: Exp8 1-123,text,false,Test failed: text expected to match /.*/,231,158,258,258,http://localhost:8079/?token=518504778&user=-1355064518&config=3,10400,0,0
1777922357549,10400,HTTP Request,200,OK,Config 3: Exp8 1-149,text,false,Test failed: text expected to match /.*/,231,158,258,258,http://localhost:8079/?token=518504778&user=-1355064518&config=3,10400,0,0
1777922357546,10403,HTTP Request,200,OK,Config 3: Exp8 1-148,text,false,Test failed: text expected to match /.*/,231,158,258,258,http://localhost:8079/?token=518504778&user=-1355064518&config=3,10403,0,0
1777922357549,10401,HTTP Request,200,OK,Config 3: Exp8 1-151,text,false,Test failed: text expected to match /.*/,231,158,258,258,http://localhost:8079/?token=518504778&user=-1355064518&config=3,10401,0,0
1777922357549,10401,HTTP Request,200,OK,Config 3: Exp8 1-154,text,false,Test failed: text expected to match /.*/,231,158,258,258,http://localhost:8079/?token=518504778&user=-1355064518&config=3,10401,0,0
1777922357549,10402,HTTP Request,200,OK,Config 3: Exp8 1-65,text,false,Test failed: text expected to match /.*/,231,158,258,258,http://localhost:8079/?token=518504778&user=-1355064518&config=3,10402,0,0
1777922357549,10402,HTTP Request,200,OK,Config 3: Exp8 1-109,text,false,Test failed: text expected to match /.*/,231,158,258,258,http://localhost:8079/?token=518504778&user=-1355064518&config=3,10402,0,0
1777922357549,10402,HTTP Request,200,OK,Config 3: Exp8 1-150,text,false,Test failed: text expected to match /.*/,231,158,258,258,http://localhost:8079/?token=518504778&user=-1355064518&config=3,10402,0,0
1777922357549,10402,HTTP Request,200,OK,Config 3: Exp8 1-152,text,false,Test failed: text expected to match /.*/,231,158,258,258,http://localhost:8079/?token=518504778&user=-1355064518&config=3,10402,0,0
1777922357915,10036,HTTP Request,200,OK,Config 3: Exp8 1-210,text,false,Test failed: text expected to match /.*/,231,158,258,258,http://localhost:8079/?token=518504778&user=-1355064518&config=3,10036,0,0
1777922357708,10243,HTTP Request,200,OK,Config 3: Exp8 1-209,text,false,Test failed: text expected to match /.*/,231,158,258,258,http://localhost:8079/?token=518504778&user=-1355064518&config=3,10243,0,1
1777922360358,7595,HTTP Request,200,OK,Config 3: Exp8 1-53,text,false,Test failed: text expected to match /.*/,231,158,258,258,http://localhost:8079/?token=518504778&user=-1355064518&config=3,7595,0,0
1777922360358,7595,HTTP Request,200,OK,Config 3: Exp8 1-40,text,false,Test failed: text expected to match /.*/,231,158,258,258,http://localhost:8079/?token=518504778&user=-1355064518&config=3,7595,0,0
1777922360357,7596,HTTP Request,200,OK,Config 3: Exp8 1-25,text,false,Test failed: text expected to match /.*/,231,158,258,258,http://localhost:8079/?token=518504778&user=-1355064518&config=3,7596,0,0
1777922360358,7595,HTTP Request,200,OK,Config 3: Exp8 1-54,text,false,Test failed: text expected to match /.*/,231,158,258,258,http://localhost:8079/?token=518504778&user=-1355064518&config=3,7595,0,0
1777922360357,7596,HTTP Request,200,OK,Config 3: Exp8 1-110,text,false,Test failed: text expected to match /.*/,231,158,258,258,http://localhost:8079/?token=518504778&user=-1355064518&config=3,7596,0,0
1777922360357,7596,HTTP Request,200,OK,Config 3: Exp8 1-96,text,false,Test failed: text expected to match /.*/,231,158,258,258,http://localhost:8079/?token=518504778&user=-1355064518&config=3,7596,0,0
1777922360358,7595,HTTP Request,200,OK,Config 3: Exp8 1-97,text,false,Test failed: text expected to match /.*/,231,158,258,258,http://localhost:8079/?token=518504778&user=-1355064518&config=3,7595,0,0
1777922360357,7596,HTTP Request,200,OK,Config 3: Exp8 1-67,text,false,Test failed: text expected to match /.*/,231,158,258,258,http://localhost:8079/?token=518504778&user=-1355064518&config=3,7596,0,0
1777922360358,7596,HTTP Request,200,OK,Config 3: Exp8 1-112,text,false,Test failed: text expected to match /.*/,231,158,258,258,http://localhost:8079/?token=518504778&user=-1355064518&config=3,7596,0,0
1777922360357,7597,HTTP Request,200,OK,Config 3: Exp8 1-127,text,false,Test failed: text expected to match /.*/,231,158,258,258,http://localhost:8079/?token=518504778&user=-1355064518&config=3,7597,0,0
1777922360358,7596,HTTP Request,200,OK,Config 3: Exp8 1-128,text,false,Test failed: text expected to match /.*/,231,158,258,258,http://localhost:8079/?token=518504778&user=-1355064518&config=3,7596,0,0
1777922360357,7597,HTTP Request,200,OK,Config 3: Exp8 1-125,text,false,Test failed: text expected to match /.*/,231,158,258,258,http://localhost:8079/?token=518504778&user=-1355064518&config=3,7597,0,0
1777922360358,7596,HTTP Request,200,OK,Config 3: Exp8 1-130,text,false,Test failed: text expected to match /.*/,231,158,258,258,http://localhost:8079/?token=518504778&user=-1355064518&config=3,7596,0,0
1777922360359,7595,HTTP Request,200,OK,Config 3: Exp8 1-157,text,false,Test failed: text expected to match /.*/,231,158,258,258,http://localhost:8079/?token=518504778&user=-1355064518&config=3,7595,0,0
1777922360359,7595,HTTP Request,200,OK,Config 3: Exp8 1-182,text,false,Test failed: text expected to match /.*/,231,158,258,258,http://localhost:8079/?token=518504778&user=-1355064518&config=3,7595,0,0
1777922360359,7595,HTTP Request,200,OK,Config 3: Exp8 1-183,text,false,Test failed: text expected to match /.*/,231,158,258,258,http://localhost:8079/?token=518504778&user=-1355064518&config=3,7595,0,0
1777922360410,8062,HTTP Request,200,OK,Config 3: Exp8 1-222,text,false,Test failed: text expected to match /.*/,231,158,260,260,http://localhost:8079/?token=518504778&user=-1355064518&config=3,8062,0,0
1777922360535,7937,HTTP Request,200,OK,Config 3: Exp8 1-27,text,false,Test failed: text expected to match /.*/,231,158,260,260,http://localhost:8079/?token=518504778&user=-1355064518&config=3,7937,0,0
1777922360536,7936,HTTP Request,200,OK,Config 3: Exp8 1-42,text,false,Test failed: text expected to match /.*/,231,158,260,260,http://localhost:8079/?token=518504778&user=-1355064518&config=3,7936,0,0
1777922360536,7936,HTTP Request,200,OK,Config 3: Exp8 1-113,text,false,Test failed: text expected to match /.*/,231,158,260,260,http://localhost:8079/?token=518504778&user=-1355064518&config=3,7936,0,0
1777922360536,7936,HTTP Request,200,OK,Config 3: Exp8 1-99,text,false,Test failed: text expected to match /.*/,231,158,260,260,http://localhost:8079/?token=518504778&user=-1355064518&config=3,7936,0,0
1777922360536,7936,HTTP Request,200,OK,Config 3: Exp8 1-41,text,false,Test failed: text expected to match /.*/,231,158,260,260,http://localhost:8079/?token=518504778&user=-1355064518&config=3,7936,0,0
1777922360535,7938,HTTP Request,200,OK,Config 3: Exp8 1-114,text,false,Test failed: text expected to match /.*/,231,158,260,260,http://localhost:8079/?token=518504778&user=-1355064518&config=3,7938,0,0
1777922362490,5984,HTTP Request,500,Internal Server Error,Config 3: Exp8 1-232,text,true,,233,158,260,260,http://localhost:8079/?token=518504778&user=-1355064518&config=3,5984,0,0
1777922362700,5775,HTTP Request,500,Internal Server Error,Config 3: Exp8 1-233,text,true,,233,158,260,260,http://localhost:8079/?token=518504778&user=-1355064518&config=3,5774,0,0
1777922358063,10529,HTTP Request,200,OK,Config 3: Exp8 1-24,text,false,Test failed: text expected to match /.*/,231,158,261,261,http://localhost:8079/?token=518504778&user=-1355064518&config=3,10529,0,0
1777922358123,10469,HTTP Request,200,OK,Config 3: Exp8 1-211,text,false,Test failed: text expected to match /.*/,231,158,261,261,http://localhost:8079/?token=518504778&user=-1355064518&config=3,10469,0,1
1777922358063,10529,HTTP Request,200,OK,Config 3: Exp8 1-69,text,false,Test failed: text expected to match /.*/,231,158,261,261,http://localhost:8079/?token=518504778&user=-1355064518&config=3,10529,0,0
1777922358063,10529,HTTP Request,200,OK,Config 3: Exp8 1-9,text,false,Test failed: text expected to match /.*/,231,158,261,261,http://localhost:8079/?token=518504778&user=-1355064518&config=3,10529,0,0
1777922358331,10261,HTTP Request,200,OK,Config 3: Exp8 1-212,text,false,Test failed: text expected to match /.*/,231,158,261,261,http://localhost:8079/?token=518504778&user=-1355064518&config=3,10261,0,0
1777922358063,10529,HTTP Request,200,OK,Config 3: Exp8 1-38,text,false,Test failed: text expected to match /.*/,231,158,261,261,http://localhost:8079/?token=518504778&user=-1355064518&config=3,10529,0,0
1777922358539,10054,HTTP Request,200,OK,Config 3: Exp8 1-213,text,false,Test failed: text expected to match /.*/,231,158,261,261,http://localhost:8079/?token=518504778&user=-1355064518&config=3,10054,0,0
1777922358746,9847,HTTP Request,200,OK,Config 3: Exp8 1-214,text,false,Test failed: text expected to match /.*/,231,158,261,261,http://localhost:8079/?token=518504778&user=-1355064518&config=3,9847,0,0
1777922362780,6018,HTTP Request,500,Internal Server Error,Config 3: Exp8 1-140,text,true,,233,158,262,262,http://localhost:8079/?token=518504778&user=-1355064518&config=3,6018,0,0
1777922362780,6019,HTTP Request,500,Internal Server Error,Config 3: Exp8 1-139,text,true,,233,158,262,262,http://localhost:8079/?token=518504778&user=-1355064518&config=3,6019,0,0
1777922360537,9266,HTTP Request,200,OK,Config 3: Exp8 1-13,text,false,Test failed: text expected to match /.*/,231,158,267,267,http://localhost:8079/?token=518504778&user=-1355064518&config=3,9266,0,0
1777922360537,9266,HTTP Request,200,OK,Config 3: Exp8 1-56,text,false,Test failed: text expected to match /.*/,231,158,267,267,http://localhost:8079/?token=518504778&user=-1355064518&config=3,9266,0,0
1777922360537,9266,HTTP Request,200,OK,Config 3: Exp8 1-43,text,false,Test failed: text expected to match /.*/,231,158,267,267,http://localhost:8079/?token=518504778&user=-1355064518&config=3,9266,0,0
1777922360537,9266,HTTP Request,200,OK,Config 3: Exp8 1-161,text,false,Test failed: text expected to match /.*/,231,158,267,267,http://localhost:8079/?token=518504778&user=-1355064518&config=3,9266,0,0
1777922360537,9266,HTTP Request,200,OK,Config 3: Exp8 1-133,text,false,Test failed: text expected to match /.*/,231,158,267,267,http://localhost:8079/?token=518504778&user=-1355064518&config=3,9266,0,0
1777922360535,9268,HTTP Request,200,OK,Config 3: Exp8 1-85,text,false,Test failed: text expected to match /.*/,231,158,267,267,http://localhost:8079/?token=518504778&user=-1355064518&config=3,9268,0,0
1777922360537,9266,HTTP Request,200,OK,Config 3: Exp8 1-70,text,false,Test failed: text expected to match /.*/,231,158,267,267,http://localhost:8079/?token=518504778&user=-1355064518&config=3,9266,0,0
1777922360537,9266,HTTP Request,200,OK,Config 3: Exp8 1-187,text,false,Test failed: text expected to match /.*/,231,158,267,267,http://localhost:8079/?token=518504778&user=-1355064518&config=3,9266,0,0
1777922360620,9218,HTTP Request,200,OK,Config 3: Exp8 1-137,text,false,Test failed: text expected to match /.*/,231,158,267,267,http://localhost:8079/?token=518504778&user=-1355064518&config=3,9218,0,0
1777922360620,9218,HTTP Request,200,OK,Config 3: Exp8 1-136,text,false,Test failed: text expected to match /.*/,231,158,267,267,http://localhost:8079/?token=518504778&user=-1355064518&config=3,9218,0,0
1777922360620,9219,HTTP Request,200,OK,Config 3: Exp8 1-59,text,false,Test failed: text expected to match /.*/,231,158,267,267,http://localhost:8079/?token=518504778&user=-1355064518&config=3,9219,0,0
1777922360619,9220,HTTP Request,200,OK,Config 3: Exp8 1-58,text,false,Test failed: text expected to match /.*/,231,158,267,267,http://localhost:8079/?token=518504778&user=-1355064518&config=3,9220,0,0
1777922360620,9219,HTTP Request,200,OK,Config 3: Exp8 1-102,text,false,Test failed: text expected to match /.*/,231,158,267,267,http://localhost:8079/?token=518504778&user=-1355064518&config=3,9219,0,0
1777922360620,9219,HTTP Request,200,OK,Config 3: Exp8 1-87,text,false,Test failed: text expected to match /.*/,231,158,267,267,http://localhost:8079/?token=518504778&user=-1355064518&config=3,9219,0,0
1777922360620,9219,HTTP Request,200,OK,Config 3: Exp8 1-73,text,false,Test failed: text expected to match /.*/,231,158,267,267,http://localhost:8079/?token=518504778&user=-1355064518&config=3,9219,0,0
1777922360620,9219,HTTP Request,200,OK,Config 3: Exp8 1-135,text,false,Test failed: text expected to match /.*/,231,158,267,267,http://localhost:8079/?token=518504778&user=-1355064518&config=3,9219,0,0
1777922360826,9013,HTTP Request,200,OK,Config 3: Exp8 1-224,text,false,Test failed: text expected to match /.*/,231,158,267,267,http://localhost:8079/?token=518504778&user=-1355064518&config=3,9013,0,1
1777922360620,9220,HTTP Request,200,OK,Config 3: Exp8 1-44,text,false,Test failed: text expected to match /.*/,231,158,267,267,http://localhost:8079/?token=518504778&user=-1355064518&config=3,9220,0,0
1777922360620,9220,HTTP Request,200,OK,Config 3: Exp8 1-189,text,false,Test failed: text expected to match /.*/,231,158,267,267,http://localhost:8079/?token=518504778&user=-1355064518&config=3,9220,0,0
1777922360618,9222,HTTP Request,200,OK,Config 3: Exp8 1-223,text,false,Test failed: text expected to match /.*/,231,158,267,267,http://localhost:8079/?token=518504778&user=-1355064518&config=3,9222,0,0
1777922361450,8390,HTTP Request,200,OK,Config 3: Exp8 1-227,text,false,Test failed: text expected to match /.*/,231,158,267,267,http://localhost:8079/?token=518504778&user=-1355064518&config=3,8390,0,1
1777922361242,8598,HTTP Request,200,OK,Config 3: Exp8 1-226,text,false,Test failed: text expected to match /.*/,231,158,267,267,http://localhost:8079/?token=518504778&user=-1355064518&config=3,8598,0,1
1777922361034,8807,HTTP Request,200,OK,Config 3: Exp8 1-225,text,false,Test failed: text expected to match /.*/,231,158,267,267,http://localhost:8079/?token=518504778&user=-1355064518&config=3,8807,0,1
1777922361659,8182,HTTP Request,200,OK,Config 3: Exp8 1-228,text,false,Test failed: text expected to match /.*/,231,158,267,267,http://localhost:8079/?token=518504778&user=-1355064518&config=3,8182,0,0
1777922361761,8172,HTTP Request,200,OK,Config 3: Exp8 1-57,text,false,Test failed: text expected to match /.*/,231,158,267,267,http://localhost:8079/?token=518504778&user=-1355064518&config=3,8172,0,0
1777922361750,8183,HTTP Request,200,OK,Config 3: Exp8 1-184,text,false,Test failed: text expected to match /.*/,231,158,267,267,http://localhost:8079/?token=518504778&user=-1355064518&config=3,8183,0,0
1777922361750,8183,HTTP Request,200,OK,Config 3: Exp8 1-131,text,false,Test failed: text expected to match /.*/,231,158,267,267,http://localhost:8079/?token=518504778&user=-1355064518&config=3,8183,0,0
1777922361750,8183,HTTP Request,200,OK,Config 3: Exp8 1-156,text,false,Test failed: text expected to match /.*/,231,158,267,267,http://localhost:8079/?token=518504778&user=-1355064518&config=3,8183,0,0
1777922361749,8184,HTTP Request,200,OK,Config 3: Exp8 1-155,text,false,Test failed: text expected to match /.*/,231,158,267,267,http://localhost:8079/?token=518504778&user=-1355064518&config=3,8184,0,0
1777922361749,8184,HTTP Request,200,OK,Config 3: Exp8 1-98,text,false,Test failed: text expected to match /.*/,231,158,267,267,http://localhost:8079/?token=518504778&user=-1355064518&config=3,8184,0,0
1777922361751,8182,HTTP Request,200,OK,Config 3: Exp8 1-186,text,false,Test failed: text expected to match /.*/,231,158,267,267,http://localhost:8079/?token=518504778&user=-1355064518&config=3,8182,0,0
1777922361761,8173,HTTP Request,200,OK,Config 3: Exp8 1-101,text,false,Test failed: text expected to match /.*/,231,158,267,267,http://localhost:8079/?token=518504778&user=-1355064518&config=3,8173,0,0
1777922361749,8185,HTTP Request,200,OK,Config 3: Exp8 1-132,text,false,Test failed: text expected to match /.*/,231,158,267,267,http://localhost:8079/?token=518504778&user=-1355064518&config=3,8185,0,0
1777922361750,8184,HTTP Request,200,OK,Config 3: Exp8 1-185,text,false,Test failed: text expected to match /.*/,231,158,267,267,http://localhost:8079/?token=518504778&user=-1355064518&config=3,8184,0,0
1777922361761,8173,HTTP Request,200,OK,Config 3: Exp8 1-191,text,false,Test failed: text expected to match /.*/,231,158,267,267,http://localhost:8079/?token=518504778&user=-1355064518&config=3,8173,0,0
1777922361762,8172,HTTP Request,200,OK,Config 3: Exp8 1-45,text,false,Test failed: text expected to match /.*/,231,158,267,267,http://localhost:8079/?token=518504778&user=-1355064518&config=3,8172,0,0
1777922361762,8172,HTTP Request,200,OK,Config 3: Exp8 1-2,text,false,Test failed: text expected to match /.*/,231,158,267,267,http://localhost:8079/?token=518504778&user=-1355064518&config=3,8172,0,0
1777922361761,8173,HTTP Request,200,OK,Config 3: Exp8 1-14,text,false,Test failed: text expected to match /.*/,231,158,267,267,http://localhost:8079/?token=518504778&user=-1355064518&config=3,8173,0,0
1777922361761,8173,HTTP Request,200,OK,Config 3: Exp8 1-29,text,false,Test failed: text expected to match /.*/,231,158,267,267,http://localhost:8079/?token=518504778&user=-1355064518&config=3,8173,0,0
1777922361761,8173,HTTP Request,200,OK,Config 3: Exp8 1-190,text,false,Test failed: text expected to match /.*/,231,158,267,267,http://localhost:8079/?token=518504778&user=-1355064518&config=3,8173,0,0
1777922361762,8174,HTTP Request,200,OK,Config 3: Exp8 1-15,text,false,Test failed: text expected to match /.*/,231,158,267,267,http://localhost:8079/?token=518504778&user=-1355064518&config=3,8174,0,0
1777922361761,8175,HTTP Request,200,OK,Config 3: Exp8 1-1,text,false,Test failed: text expected to match /.*/,231,158,267,267,http://localhost:8079/?token=518504778&user=-1355064518&config=3,8175,0,0
1777922361762,8174,HTTP Request,200,OK,Config 3: Exp8 1-16,text,false,Test failed: text expected to match /.*/,231,158,267,267,http://localhost:8079/?token=518504778&user=-1355064518&config=3,8174,0,0
1777922361762,8174,HTTP Request,200,OK,Config 3: Exp8 1-30,text,false,Test failed: text expected to match /.*/,231,158,267,267,http://localhost:8079/?token=518504778&user=-1355064518&config=3,8174,0,0
1777922361763,8173,HTTP Request,200,OK,Config 3: Exp8 1-31,text,false,Test failed: text expected to match /.*/,231,158,267,267,http://localhost:8079/?token=518504778&user=-1355064518&config=3,8173,0,0
1777922361761,8175,HTTP Request,200,OK,Config 3: Exp8 1-116,text,false,Test failed: text expected to match /.*/,231,158,267,267,http://localhost:8079/?token=518504778&user=-1355064518&config=3,8175,0,0
1777922361762,8174,HTTP Request,200,OK,Config 3: Exp8 1-117,text,false,Test failed: text expected to match /.*/,231,158,267,267,http://localhost:8079/?token=518504778&user=-1355064518&config=3,8174,0,0
1777922361763,8173,HTTP Request,200,OK,Config 3: Exp8 1-193,text,false,Test failed: text expected to match /.*/,231,158,267,267,http://localhost:8079/?token=518504778&user=-1355064518&config=3,8173,0,0
1777922361767,8170,HTTP Request,200,OK,Config 3: Exp8 1-72,text,false,Test failed: text expected to match /.*/,231,158,267,267,http://localhost:8079/?token=518504778&user=-1355064518&config=3,8170,0,0
1777922361766,8171,HTTP Request,200,OK,Config 3: Exp8 1-196,text,false,Test failed: text expected to match /.*/,231,158,267,267,http://localhost:8079/?token=518504778&user=-1355064518&config=3,8171,0,0
1777922361763,8174,HTTP Request,200,OK,Config 3: Exp8 1-194,text,false,Test failed: text expected to match /.*/,231,158,267,267,http://localhost:8079/?token=518504778&user=-1355064518&config=3,8174,0,0
1777922361766,8171,HTTP Request,200,OK,Config 3: Exp8 1-197,text,false,Test failed: text expected to match /.*/,231,158,267,267,http://localhost:8079/?token=518504778&user=-1355064518&config=3,8171,0,0
1777922361763,8174,HTTP Request,200,OK,Config 3: Exp8 1-192,text,false,Test failed: text expected to match /.*/,231,158,267,267,http://localhost:8079/?token=518504778&user=-1355064518&config=3,8174,0,0
1777922361767,8170,HTTP Request,200,OK,Config 3: Exp8 1-28,text,false,Test failed: text expected to match /.*/,231,158,267,267,http://localhost:8079/?token=518504778&user=-1355064518&config=3,8170,0,0
1777922361766,8171,HTTP Request,200,OK,Config 3: Exp8 1-86,text,false,Test failed: text expected to match /.*/,231,158,267,267,http://localhost:8079/?token=518504778&user=-1355064518&config=3,8171,0,0
1777922361867,8070,HTTP Request,200,OK,Config 3: Exp8 1-229,text,false,Test failed: text expected to match /.*/,231,158,267,267,http://localhost:8079/?token=518504778&user=-1355064518&config=3,8070,0,0
1777922362283,7654,HTTP Request,200,OK,Config 3: Exp8 1-231,text,false,Test failed: text expected to match /.*/,231,158,267,267,http://localhost:8079/?token=518504778&user=-1355064518&config=3,7654,0,0
1777922361767,8170,HTTP Request,200,OK,Config 3: Exp8 1-100,text,false,Test failed: text expected to match /.*/,231,158,267,267,http://localhost:8079/?token=518504778&user=-1355064518&config=3,8170,0,0
1777922361763,8174,HTTP Request,200,OK,Config 3: Exp8 1-195,text,false,Test failed: text expected to match /.*/,231,158,267,267,http://localhost:8079/?token=518504778&user=-1355064518&config=3,8174,0,0
1777922362074,7864,HTTP Request,200,OK,Config 3: Exp8 1-230,text,false,Test failed: text expected to match /.*/,231,158,267,267,http://localhost:8079/?token=518504778&user=-1355064518&config=3,7864,0,1
1777922362778,8836,HTTP Request,200,OK,Config 3: Exp8 1-3,text,false,Test failed: text expected to match /.*/,231,158,275,275,http://localhost:8079/?token=518504778&user=-1355064518&config=3,8836,0,0
1777922362778,8836,HTTP Request,200,OK,Config 3: Exp8 1-4,text,false,Test failed: text expected to match /.*/,231,158,275,275,http://localhost:8079/?token=518504778&user=-1355064518&config=3,8836,0,0
1777922362778,8836,HTTP Request,200,OK,Config 3: Exp8 1-46,text,false,Test failed: text expected to match /.*/,231,158,275,275,http://localhost:8079/?token=518504778&user=-1355064518&config=3,8836,0,0
1777922362777,8837,HTTP Request,200,OK,Config 3: Exp8 1-71,text,false,Test failed: text expected to match /.*/,231,158,275,275,http://localhost:8079/?token=518504778&user=-1355064518&config=3,8837,0,0
1777922362777,8837,HTTP Request,200,OK,Config 3: Exp8 1-138,text,false,Test failed: text expected to match /.*/,231,158,275,275,http://localhost:8079/?token=518504778&user=-1355064518&config=3,8837,0,0
1777922362777,8837,HTTP Request,200,OK,Config 3: Exp8 1-60,text,false,Test failed: text expected to match /.*/,231,158,275,275,http://localhost:8079/?token=518504778&user=-1355064518&config=3,8837,0,0
1777922362777,8837,HTTP Request,200,OK,Config 3: Exp8 1-74,text,false,Test failed: text expected to match /.*/,231,158,275,275,http://localhost:8079/?token=518504778&user=-1355064518&config=3,8837,0,0
1777922362780,8834,HTTP Request,200,OK,Config 3: Exp8 1-75,text,false,Test failed: text expected to match /.*/,231,158,275,275,http://localhost:8079/?token=518504778&user=-1355064518&config=3,8834,0,0
1777922362777,8837,HTTP Request,200,OK,Config 3: Exp8 1-115,text,false,Test failed: text expected to match /.*/,231,158,275,275,http://localhost:8079/?token=518504778&user=-1355064518&config=3,8837,0,0
1777922362778,8836,HTTP Request,200,OK,Config 3: Exp8 1-141,text,false,Test failed: text expected to match /.*/,231,158,275,275,http://localhost:8079/?token=518504778&user=-1355064518&config=3,8836,0,0
1777922362777,8837,HTTP Request,200,OK,Config 3: Exp8 1-89,text,false,Test failed: text expected to match /.*/,231,158,275,275,http://localhost:8079/?token=518504778&user=-1355064518&config=3,8837,0,0
1777922362780,8834,HTTP Request,200,OK,Config 3: Exp8 1-90,text,false,Test failed: text expected to match /.*/,231,158,275,275,http://localhost:8079/?token=518504778&user=-1355064518&config=3,8834,0,0
1777922362780,8834,HTTP Request,200,OK,Config 3: Exp8 1-166,text,false,Test failed: text expected to match /.*/,231,158,275,275,http://localhost:8079/?token=518504778&user=-1355064518&config=3,8834,0,0
1777922362780,8835,HTTP Request,200,OK,Config 3: Exp8 1-104,text,false,Test failed: text expected to match /.*/,231,158,275,275,http://localhost:8079/?token=518504778&user=-1355064518&config=3,8835,0,0
1777922363522,8537,HTTP Request,200,OK,Config 3: Exp8 1-63,text,false,Test failed: text expected to match /.*/,231,158,278,278,http://localhost:8079/?token=518504778&user=-1355064518&config=3,8537,0,0
1777922363522,8539,HTTP Request,200,OK,Config 3: Exp8 1-107,text,false,Test failed: text expected to match /.*/,231,158,278,278,http://localhost:8079/?token=518504778&user=-1355064518&config=3,8539,0,0
1777922363530,8531,HTTP Request,200,OK,Config 3: Exp8 1-237,text,false,Test failed: text expected to match /.*/,231,158,278,278,http://localhost:8079/?token=518504778&user=-1355064518&config=3,8531,0,0
1777922363737,8324,HTTP Request,200,OK,Config 3: Exp8 1-159,text,false,Test failed: text expected to match /.*/,231,158,278,278,http://localhost:8079/?token=518504778&user=-1355064518&config=3,8324,0,0
1777922363737,8324,HTTP Request,200,OK,Config 3: Exp8 1-160,text,false,Test failed: text expected to match /.*/,231,158,278,278,http://localhost:8079/?token=518504778&user=-1355064518&config=3,8324,0,0
1777922363737,8324,HTTP Request,200,OK,Config 3: Exp8 1-158,text,false,Test failed: text expected to match /.*/,231,158,278,278,http://localhost:8079/?token=518504778&user=-1355064518&config=3,8324,0,0
1777922363522,8539,HTTP Request,200,OK,Config 3: Exp8 1-144,text,false,Test failed: text expected to match /.*/,231,158,278,278,http://localhost:8079/?token=518504778&user=-1355064518&config=3,8539,0,0
1777922363522,8539,HTTP Request,200,OK,Config 3: Exp8 1-171,text,false,Test failed: text expected to match /.*/,231,158,278,278,http://localhost:8079/?token=518504778&user=-1355064518&config=3,8539,0,0
1777922363946,8115,HTTP Request,200,OK,Config 3: Exp8 1-239,text,false,Test failed: text expected to match /.*/,231,158,278,278,http://localhost:8079/?token=518504778&user=-1355064518&config=3,8115,0,0
1777922363738,8323,HTTP Request,200,OK,Config 3: Exp8 1-238,text,false,Test failed: text expected to match /.*/,231,158,278,278,http://localhost:8079/?token=518504778&user=-1355064518&config=3,8323,0,1
1777922364155,7907,HTTP Request,200,OK,Config 3: Exp8 1-240,text,false,Test failed: text expected to match /.*/,231,158,278,278,http://localhost:8079/?token=518504778&user=-1355064518&config=3,7907,0,1
1777922364571,7491,HTTP Request,200,OK,Config 3: Exp8 1-242,text,false,Test failed: text expected to match /.*/,231,158,278,278,http://localhost:8079/?token=518504778&user=-1355064518&config=3,7491,0,0
1777922364778,7284,HTTP Request,200,OK,Config 3: Exp8 1-243,text,false,Test failed: text expected to match /.*/,231,158,278,278,http://localhost:8079/?token=518504778&user=-1355064518&config=3,7284,0,0
1777922362921,10770,HTTP Request,200,OK,Config 3: Exp8 1-33,text,false,Test failed: text expected to match /.*/,231,158,285,285,http://localhost:8079/?token=518504778&user=-1355064518&config=3,10770,0,0
1777922362921,10770,HTTP Request,200,OK,Config 3: Exp8 1-17,text,false,Test failed: text expected to match /.*/,231,158,285,285,http://localhost:8079/?token=518504778&user=-1355064518&config=3,10770,0,0
1777922362920,10771,HTTP Request,200,OK,Config 3: Exp8 1-188,text,false,Test failed: text expected to match /.*/,231,158,285,285,http://localhost:8079/?token=518504778&user=-1355064518&config=3,10771,0,0
1777922362907,10784,HTTP Request,200,OK,Config 3: Exp8 1-234,text,false,Test failed: text expected to match /.*/,231,158,285,285,http://localhost:8079/?token=518504778&user=-1355064518&config=3,10784,0,0
1777922362921,10770,HTTP Request,200,OK,Config 3: Exp8 1-61,text,false,Test failed: text expected to match /.*/,231,158,285,285,http://localhost:8079/?token=518504778&user=-1355064518&config=3,10770,0,0
1777922364362,9437,HTTP Request,200,OK,Config 3: Exp8 1-241,text,false,Test failed: text expected to match /.*/,231,158,286,286,http://localhost:8079/?token=518504778&user=-1355064518&config=3,9437,0,0
1777922364986,8813,HTTP Request,200,OK,Config 3: Exp8 1-244,text,false,Test failed: text expected to match /.*/,231,158,286,286,http://localhost:8079/?token=518504778&user=-1355064518&config=3,8813,0,1
1777922365115,8685,HTTP Request,200,OK,Config 3: Exp8 1-167,text,false,Test failed: text expected to match /.*/,231,158,286,286,http://localhost:8079/?token=518504778&user=-1355064518&config=3,8685,0,0
1777922365116,8685,HTTP Request,200,OK,Config 3: Exp8 1-94,text,false,Test failed: text expected to match /.*/,231,158,286,286,http://localhost:8079/?token=518504778&user=-1355064518&config=3,8685,0,0
1777922365116,8685,HTTP Request,200,OK,Config 3: Exp8 1-199,text,false,Test failed: text expected to match /.*/,231,158,286,286,http://localhost:8079/?token=518504778&user=-1355064518&config=3,8685,0,0
1777922365116,8686,HTTP Request,200,OK,Config 3: Exp8 1-198,text,false,Test failed: text expected to match /.*/,231,158,286,286,http://localhost:8079/?token=518504778&user=-1355064518&config=3,8686,0,0
1777922365116,8687,HTTP Request,200,OK,Config 3: Exp8 1-32,text,false,Test failed: text expected to match /.*/,231,158,286,286,http://localhost:8079/?token=518504778&user=-1355064518&config=3,8687,0,0
1777922365194,8610,HTTP Request,200,OK,Config 3: Exp8 1-245,text,false,Test failed: text expected to match /.*/,231,158,286,286,http://localhost:8079/?token=518504778&user=-1355064518&config=3,8610,0,0
1777922365383,8422,HTTP Request,200,OK,Config 3: Exp8 1-200,text,false,Test failed: text expected to match /.*/,231,158,286,286,http://localhost:8079/?token=518504778&user=-1355064518&config=3,8422,0,0
1777922365383,8422,HTTP Request,200,OK,Config 3: Exp8 1-202,text,false,Test failed: text expected to match /.*/,231,158,286,286,http://localhost:8079/?token=518504778&user=-1355064518&config=3,8422,0,0
1777922365383,8422,HTTP Request,200,OK,Config 3: Exp8 1-162,text,false,Test failed: text expected to match /.*/,231,158,286,286,http://localhost:8079/?token=518504778&user=-1355064518&config=3,8422,0,0
1777922365383,8422,HTTP Request,200,OK,Config 3: Exp8 1-201,text,false,Test failed: text expected to match /.*/,231,158,286,286,http://localhost:8079/?token=518504778&user=-1355064518&config=3,8422,0,0
1777922365384,8467,HTTP Request,200,OK,Config 3: Exp8 1-134,text,false,Test failed: text expected to match /.*/,231,158,286,286,http://localhost:8079/?token=518504778&user=-1355064518&config=3,8467,0,0
1777922365402,8449,HTTP Request,200,OK,Config 3: Exp8 1-246,text,false,Test failed: text expected to match /.*/,231,158,286,286,http://localhost:8079/?token=518504778&user=-1355064518&config=3,8449,0,1
1777922365549,8338,HTTP Request,200,OK,Config 3: Exp8 1-19,text,false,Test failed: text expected to match /.*/,231,158,286,286,http://localhost:8079/?token=518504778&user=-1355064518&config=3,8338,0,0
1777922365549,8338,HTTP Request,200,OK,Config 3: Exp8 1-105,text,false,Test failed: text expected to match /.*/,231,158,286,286,http://localhost:8079/?token=518504778&user=-1355064518&config=3,8338,0,0
1777922365550,8337,HTTP Request,200,OK,Config 3: Exp8 1-62,text,false,Test failed: text expected to match /.*/,231,158,286,286,http://localhost:8079/?token=518504778&user=-1355064518&config=3,8337,0,0
1777922365549,8338,HTTP Request,200,OK,Config 3: Exp8 1-142,text,false,Test failed: text expected to match /.*/,231,158,286,286,http://localhost:8079/?token=518504778&user=-1355064518&config=3,8338,0,0
1777922365549,8338,HTTP Request,200,OK,Config 3: Exp8 1-169,text,false,Test failed: text expected to match /.*/,231,158,286,286,http://localhost:8079/?token=518504778&user=-1355064518&config=3,8338,0,0
1777922365550,8337,HTTP Request,200,OK,Config 3: Exp8 1-119,text,false,Test failed: text expected to match /.*/,231,158,286,286,http://localhost:8079/?token=518504778&user=-1355064518&config=3,8337,0,0
1777922365550,8337,HTTP Request,200,OK,Config 3: Exp8 1-168,text,false,Test failed: text expected to match /.*/,231,158,286,286,http://localhost:8079/?token=518504778&user=-1355064518&config=3,8337,0,0
1777922365550,8338,HTTP Request,200,OK,Config 3: Exp8 1-76,text,false,Test failed: text expected to match /.*/,231,158,286,286,http://localhost:8079/?token=518504778&user=-1355064518&config=3,8338,0,0
1777922365550,8338,HTTP Request,200,OK,Config 3: Exp8 1-170,text,false,Test failed: text expected to match /.*/,231,158,286,286,http://localhost:8079/?token=518504778&user=-1355064518&config=3,8338,0,0
1777922365551,8337,HTTP Request,200,OK,Config 3: Exp8 1-103,text,false,Test failed: text expected to match /.*/,231,158,286,286,http://localhost:8079/?token=518504778&user=-1355064518&config=3,8337,0,0
1777922365551,8338,HTTP Request,200,OK,Config 3: Exp8 1-163,text,false,Test failed: text expected to match /.*/,231,158,286,286,http://localhost:8079/?token=518504778&user=-1355064518&config=3,8338,0,0
1777922365551,8337,HTTP Request,200,OK,Config 3: Exp8 1-88,text,false,Test failed: text expected to match /.*/,231,158,286,286,http://localhost:8079/?token=518504778&user=-1355064518&config=3,8337,0,0
1777922365550,8339,HTTP Request,200,OK,Config 3: Exp8 1-164,text,false,Test failed: text expected to match /.*/,231,158,286,286,http://localhost:8079/?token=518504778&user=-1355064518&config=3,8339,0,0
1777922365551,8338,HTTP Request,200,OK,Config 3: Exp8 1-165,text,false,Test failed: text expected to match /.*/,231,158,286,286,http://localhost:8079/?token=518504778&user=-1355064518&config=3,8338,0,0
1777922365550,8339,HTTP Request,200,OK,Config 3: Exp8 1-203,text,false,Test failed: text expected to match /.*/,231,158,286,286,http://localhost:8079/?token=518504778&user=-1355064518&config=3,8339,0,0
1777922365819,8070,HTTP Request,200,OK,Config 3: Exp8 1-248,text,false,Test failed: text expected to match /.*/,231,158,286,286,http://localhost:8079/?token=518504778&user=-1355064518&config=3,8070,0,0
1777922365611,8278,HTTP Request,200,OK,Config 3: Exp8 1-247,text,false,Test failed: text expected to match /.*/,231,158,286,286,http://localhost:8079/?token=518504778&user=-1355064518&config=3,8278,0,0
1777922365551,8338,HTTP Request,200,OK,Config 3: Exp8 1-204,text,false,Test failed: text expected to match /.*/,231,158,286,286,http://localhost:8079/?token=518504778&user=-1355064518&config=3,8338,0,0
1777922366027,7862,HTTP Request,200,OK,Config 3: Exp8 1-249,text,false,Test failed: text expected to match /.*/,231,158,286,286,http://localhost:8079/?token=518504778&user=-1355064518&config=3,7862,0,0
1777922366235,7654,HTTP Request,200,OK,Config 3: Exp8 1-250,text,false,Test failed: text expected to match /.*/,231,158,286,286,http://localhost:8079/?token=518504778&user=-1355064518&config=3,7654,0,0
1777922363003,11429,HTTP Request,200,OK,Config 3: Exp8 1-18,text,false,Test failed: text expected to match /.*/,231,158,289,289,http://localhost:8079/?token=518504778&user=-1355064518&config=3,11429,0,0
1777922363004,11428,HTTP Request,200,OK,Config 3: Exp8 1-20,text,false,Test failed: text expected to match /.*/,231,158,289,289,http://localhost:8079/?token=518504778&user=-1355064518&config=3,11428,0,0
1777922363003,11430,HTTP Request,200,OK,Config 3: Exp8 1-5,text,false,Test failed: text expected to match /.*/,231,158,289,289,http://localhost:8079/?token=518504778&user=-1355064518&config=3,11430,0,0
1777922363003,11430,HTTP Request,200,OK,Config 3: Exp8 1-50,text,false,Test failed: text expected to match /.*/,231,158,289,289,http://localhost:8079/?token=518504778&user=-1355064518&config=3,11430,0,0
1777922363003,11430,HTTP Request,200,OK,Config 3: Exp8 1-91,text,false,Test failed: text expected to match /.*/,231,158,289,289,http://localhost:8079/?token=518504778&user=-1355064518&config=3,11430,0,0
1777922363004,11429,HTTP Request,200,OK,Config 3: Exp8 1-106,text,false,Test failed: text expected to match /.*/,231,158,289,289,http://localhost:8079/?token=518504778&user=-1355064518&config=3,11429,0,0
1777922363322,11112,HTTP Request,200,OK,Config 3: Exp8 1-236,text,false,Test failed: text expected to match /.*/,231,158,289,289,http://localhost:8079/?token=518504778&user=-1355064518&config=3,11112,0,0
1777922363004,11431,HTTP Request,200,OK,Config 3: Exp8 1-143,text,false,Test failed: text expected to match /.*/,231,158,289,289,http://localhost:8079/?token=518504778&user=-1355064518&config=3,11431,0,0
1777922363003,11432,HTTP Request,200,OK,Config 3: Exp8 1-47,text,false,Test failed: text expected to match /.*/,231,158,289,289,http://localhost:8079/?token=518504778&user=-1355064518&config=3,11432,0,0
1777922363114,11321,HTTP Request,200,OK,Config 3: Exp8 1-235,text,false,Test failed: text expected to match /.*/,231,158,289,289,http://localhost:8079/?token=518504778&user=-1355064518&config=3,11321,0,0
1777922366650,7796,HTTP Request,200,OK,Config 3: Exp8 1-252,text,false,Test failed: text expected to match /.*/,231,158,289,289,http://localhost:8079/?token=518504778&user=-1355064518&config=3,7796,0,0
1777922366443,8003,HTTP Request,200,OK,Config 3: Exp8 1-251,text,false,Test failed: text expected to match /.*/,231,158,289,289,http://localhost:8079/?token=518504778&user=-1355064518&config=3,8003,0,1
1777922366859,7587,HTTP Request,200,OK,Config 3: Exp8 1-253,text,false,Test failed: text expected to match /.*/,231,158,289,289,http://localhost:8079/?token=518504778&user=-1355064518&config=3,7587,0,0
1777922367078,7368,HTTP Request,200,OK,Config 3: Exp8 1-6,text,false,Test failed: text expected to match /.*/,231,158,289,289,http://localhost:8079/?token=518504778&user=-1355064518&config=3,7368,0,0
1777922367078,7369,HTTP Request,200,OK,Config 3: Exp8 1-118,text,false,Test failed: text expected to match /.*/,231,158,289,289,http://localhost:8079/?token=518504778&user=-1355064518&config=3,7369,0,0
1777922367078,7369,HTTP Request,200,OK,Config 3: Exp8 1-145,text,false,Test failed: text expected to match /.*/,231,158,289,289,http://localhost:8079/?token=518504778&user=-1355064518&config=3,7369,0,0
1777922367079,7368,HTTP Request,200,OK,Config 3: Exp8 1-79,text,false,Test failed: text expected to match /.*/,231,158,289,289,http://localhost:8079/?token=518504778&user=-1355064518&config=3,7368,0,0
1777922367078,7369,HTTP Request,200,OK,Config 3: Exp8 1-34,text,false,Test failed: text expected to match /.*/,231,158,289,289,http://localhost:8079/?token=518504778&user=-1355064518&config=3,7369,0,0
1777922367078,7369,HTTP Request,200,OK,Config 3: Exp8 1-21,text,false,Test failed: text expected to match /.*/,231,158,289,289,http://localhost:8079/?token=518504778&user=-1355064518&config=3,7369,0,0
1777922367079,7368,HTTP Request,200,OK,Config 3: Exp8 1-207,text,false,Test failed: text expected to match /.*/,231,158,289,289,http://localhost:8079/?token=518504778&user=-1355064518&config=3,7368,0,0
1777922367079,7368,HTTP Request,200,OK,Config 3: Exp8 1-147,text,false,Test failed: text expected to match /.*/,231,158,289,289,http://localhost:8079/?token=518504778&user=-1355064518&config=3,7368,0,0
1777922367079,7368,HTTP Request,200,OK,Config 3: Exp8 1-206,text,false,Test failed: text expected to match /.*/,231,158,289,289,http://localhost:8079/?token=518504778&user=-1355064518&config=3,7368,0,0
1777922367079,7368,HTTP Request,200,OK,Config 3: Exp8 1-174,text,false,Test failed: text expected to match /.*/,231,158,289,289,http://localhost:8079/?token=518504778&user=-1355064518&config=3,7368,0,0
1777922367079,7368,HTTP Request,200,OK,Config 3: Exp8 1-172,text,false,Test failed: text expected to match /.*/,231,158,289,289,http://localhost:8079/?token=518504778&user=-1355064518&config=3,7368,0,0
1777922367955,6654,HTTP Request,500,Internal Server Error,Config 3: Exp8 1-182,text,true,,233,158,290,290,http://localhost:8079/?token=518504778&user=-1355064518&config=3,6654,0,0
1777922367954,6655,HTTP Request,500,Internal Server Error,Config 3: Exp8 1-110,text,true,,233,158,290,290,http://localhost:8079/?token=518504778&user=-1355064518&config=3,6655,0,0
1777922367954,6656,HTTP Request,500,Internal Server Error,Config 3: Exp8 1-157,text,true,,233,158,290,290,http://localhost:8079/?token=518504778&user=-1355064518&config=3,6656,0,0
1777922368315,6295,HTTP Request,500,Internal Server Error,Config 3: Exp8 1-260,text,true,,233,158,290,290,http://localhost:8079/?token=518504778&user=-1355064518&config=3,6295,0,0
1777922368106,6504,HTTP Request,500,Internal Server Error,Config 3: Exp8 1-259,text,true,,233,158,290,290,http://localhost:8079/?token=518504778&user=-1355064518&config=3,6504,0,0
1777922367955,6655,HTTP Request,500,Internal Server Error,Config 3: Exp8 1-183,text,true,,233,158,290,290,http://localhost:8079/?token=518504778&user=-1355064518&config=3,6655,0,0
1777922367078,9814,HTTP Request,200,OK,Config 3: Exp8 1-7,text,false,Test failed: text expected to match /.*/,231,158,301,301,http://localhost:8079/?token=518504778&user=-1355064518&config=3,9814,0,0
1777922367079,9813,HTTP Request,200,OK,Config 3: Exp8 1-93,text,false,Test failed: text expected to match /.*/,231,158,301,301,http://localhost:8079/?token=518504778&user=-1355064518&config=3,9813,0,0
1777922367078,9814,HTTP Request,200,OK,Config 3: Exp8 1-64,text,false,Test failed: text expected to match /.*/,231,158,301,301,http://localhost:8079/?token=518504778&user=-1355064518&config=3,9814,0,0
1777922367078,9814,HTTP Request,200,OK,Config 3: Exp8 1-35,text,false,Test failed: text expected to match /.*/,231,158,301,301,http://localhost:8079/?token=518504778&user=-1355064518&config=3,9814,0,0
1777922367078,9814,HTTP Request,200,OK,Config 3: Exp8 1-48,text,false,Test failed: text expected to match /.*/,231,158,301,301,http://localhost:8079/?token=518504778&user=-1355064518&config=3,9814,0,0
1777922367078,9814,HTTP Request,200,OK,Config 3: Exp8 1-120,text,false,Test failed: text expected to match /.*/,231,158,301,301,http://localhost:8079/?token=518504778&user=-1355064518&config=3,9814,0,0
1777922367078,9814,HTTP Request,200,OK,Config 3: Exp8 1-108,text,false,Test failed: text expected to match /.*/,231,158,301,301,http://localhost:8079/?token=518504778&user=-1355064518&config=3,9814,0,0
1777922367078,9814,HTTP Request,200,OK,Config 3: Exp8 1-92,text,false,Test failed: text expected to match /.*/,231,158,301,301,http://localhost:8079/?token=518504778&user=-1355064518&config=3,9814,0,0
1777922367078,9814,HTTP Request,200,OK,Config 3: Exp8 1-77,text,false,Test failed: text expected to match /.*/,231,158,301,301,http://localhost:8079/?token=518504778&user=-1355064518&config=3,9814,0,0
1777922367078,9814,HTTP Request,200,OK,Config 3: Exp8 1-122,text,false,Test failed: text expected to match /.*/,231,158,301,301,http://localhost:8079/?token=518504778&user=-1355064518&config=3,9814,0,0
1777922367078,9815,HTTP Request,200,OK,Config 3: Exp8 1-175,text,false,Test failed: text expected to match /.*/,231,158,301,301,http://localhost:8079/?token=518504778&user=-1355064518&config=3,9815,0,0
1777922367078,9815,HTTP Request,200,OK,Config 3: Exp8 1-146,text,false,Test failed: text expected to match /.*/,231,158,301,301,http://localhost:8079/?token=518504778&user=-1355064518&config=3,9815,0,0
1777922367079,9814,HTTP Request,200,OK,Config 3: Exp8 1-173,text,false,Test failed: text expected to match /.*/,231,158,301,301,http://localhost:8079/?token=518504778&user=-1355064518&config=3,9814,0,0
1777922367079,9814,HTTP Request,200,OK,Config 3: Exp8 1-176,text,false,Test failed: text expected to match /.*/,231,158,301,301,http://localhost:8079/?token=518504778&user=-1355064518&config=3,9814,0,0
1777922367067,9826,HTTP Request,200,OK,Config 3: Exp8 1-254,text,false,Test failed: text expected to match /.*/,231,158,301,301,http://localhost:8079/?token=518504778&user=-1355064518&config=3,9826,0,0
1777922367079,9814,HTTP Request,200,OK,Config 3: Exp8 1-205,text,false,Test failed: text expected to match /.*/,231,158,301,301,http://localhost:8079/?token=518504778&user=-1355064518&config=3,9814,0,0
1777922367294,10108,HTTP Request,200,OK,Config 3: Exp8 1-12,text,false,Test failed: text expected to match /.*/,231,158,303,303,http://localhost:8079/?token=518504778&user=-1355064518&config=3,10108,0,0
1777922367294,10108,HTTP Request,200,OK,Config 3: Exp8 1-215,text,false,Test failed: text expected to match /.*/,231,158,303,303,http://localhost:8079/?token=518504778&user=-1355064518&config=3,10108,0,0
1777922367294,10108,HTTP Request,200,OK,Config 3: Exp8 1-216,text,false,Test failed: text expected to match /.*/,231,158,303,303,http://localhost:8079/?token=518504778&user=-1355064518&config=3,10108,0,0
1777922367294,10108,HTTP Request,200,OK,Config 3: Exp8 1-78,text,false,Test failed: text expected to match /.*/,231,158,303,303,http://localhost:8079/?token=518504778&user=-1355064518&config=3,10108,0,0
1777922367294,10108,HTTP Request,200,OK,Config 3: Exp8 1-178,text,false,Test failed: text expected to match /.*/,231,158,303,303,http://localhost:8079/?token=518504778&user=-1355064518&config=3,10108,0,0
1777922367275,10127,HTTP Request,200,OK,Config 3: Exp8 1-255,text,false,Test failed: text expected to match /.*/,231,158,303,303,http://localhost:8079/?token=518504778&user=-1355064518&config=3,10127,0,0
1777922367293,10109,HTTP Request,200,OK,Config 3: Exp8 1-218,text,false,Test failed: text expected to match /.*/,231,158,303,303,http://localhost:8079/?token=518504778&user=-1355064518&config=3,10109,0,0
1777922367294,10108,HTTP Request,200,OK,Config 3: Exp8 1-180,text,false,Test failed: text expected to match /.*/,231,158,303,303,http://localhost:8079/?token=518504778&user=-1355064518&config=3,10108,0,0
1777922367294,10108,HTTP Request,200,OK,Config 3: Exp8 1-153,text,false,Test failed: text expected to match /.*/,231,158,303,303,http://localhost:8079/?token=518504778&user=-1355064518&config=3,10108,0,0
1777922367294,10109,HTTP Request,200,OK,Config 3: Exp8 1-219,text,false,Test failed: text expected to match /.*/,231,158,303,303,http://localhost:8079/?token=518504778&user=-1355064518&config=3,10109,0,0
1777922367294,10109,HTTP Request,200,OK,Config 3: Exp8 1-23,text,false,Test failed: text expected to match /.*/,231,158,303,303,http://localhost:8079/?token=518504778&user=-1355064518&config=3,10109,0,0
1777922367294,10109,HTTP Request,200,OK,Config 3: Exp8 1-26,text,false,Test failed: text expected to match /.*/,231,158,303,303,http://localhost:8079/?token=518504778&user=-1355064518&config=3,10109,0,0
1777922367294,10109,HTTP Request,200,OK,Config 3: Exp8 1-181,text,false,Test failed: text expected to match /.*/,231,158,303,303,http://localhost:8079/?token=518504778&user=-1355064518&config=3,10109,0,0
1777922367293,10110,HTTP Request,200,OK,Config 3: Exp8 1-217,text,false,Test failed: text expected to match /.*/,231,158,303,303,http://localhost:8079/?token=518504778&user=-1355064518&config=3,10110,0,0
1777922367293,10110,HTTP Request,200,OK,Config 3: Exp8 1-179,text,false,Test failed: text expected to match /.*/,231,158,303,303,http://localhost:8079/?token=518504778&user=-1355064518&config=3,10110,0,0
1777922367294,10109,HTTP Request,200,OK,Config 3: Exp8 1-124,text,false,Test failed: text expected to match /.*/,231,158,303,303,http://localhost:8079/?token=518504778&user=-1355064518&config=3,10109,0,0
1777922367691,9712,HTTP Request,200,OK,Config 3: Exp8 1-257,text,false,Test failed: text expected to match /.*/,231,158,303,303,http://localhost:8079/?token=518504778&user=-1355064518&config=3,9712,0,1
1777922367482,9921,HTTP Request,200,OK,Config 3: Exp8 1-256,text,false,Test failed: text expected to match /.*/,231,158,303,303,http://localhost:8079/?token=518504778&user=-1355064518&config=3,9921,0,1
1777922367764,9711,HTTP Request,200,OK,Config 3: Exp8 1-55,text,false,Test failed: text expected to match /.*/,231,158,304,304,http://localhost:8079/?token=518504778&user=-1355064518&config=3,9711,0,0
1777922367764,9711,HTTP Request,200,OK,Config 3: Exp8 1-84,text,false,Test failed: text expected to match /.*/,231,158,304,304,http://localhost:8079/?token=518504778&user=-1355064518&config=3,9711,0,0
1777922367764,9711,HTTP Request,200,OK,Config 3: Exp8 1-39,text,false,Test failed: text expected to match /.*/,231,158,304,304,http://localhost:8079/?token=518504778&user=-1355064518&config=3,9711,0,0
1777922367765,9710,HTTP Request,200,OK,Config 3: Exp8 1-10,text,false,Test failed: text expected to match /.*/,231,158,304,304,http://localhost:8079/?token=518504778&user=-1355064518&config=3,9710,0,0
1777922367765,9710,HTTP Request,200,OK,Config 3: Exp8 1-83,text,false,Test failed: text expected to match /.*/,231,158,304,304,http://localhost:8079/?token=518504778&user=-1355064518&config=3,9710,0,0
1777922367765,9711,HTTP Request,200,OK,Config 3: Exp8 1-81,text,false,Test failed: text expected to match /.*/,231,158,304,304,http://localhost:8079/?token=518504778&user=-1355064518&config=3,9711,0,0
1777922367764,9712,HTTP Request,200,OK,Config 3: Exp8 1-220,text,false,Test failed: text expected to match /.*/,231,158,304,304,http://localhost:8079/?token=518504778&user=-1355064518&config=3,9712,0,0
1777922367765,9712,HTTP Request,200,OK,Config 3: Exp8 1-129,text,false,Test failed: text expected to match /.*/,231,158,304,304,http://localhost:8079/?token=518504778&user=-1355064518&config=3,9712,0,0
1777922367765,9712,HTTP Request,200,OK,Config 3: Exp8 1-82,text,false,Test failed: text expected to match /.*/,231,158,304,304,http://localhost:8079/?token=518504778&user=-1355064518&config=3,9712,0,0
1777922367764,9713,HTTP Request,200,OK,Config 3: Exp8 1-221,text,false,Test failed: text expected to match /.*/,231,158,304,304,http://localhost:8079/?token=518504778&user=-1355064518&config=3,9713,0,0
1777922367764,9713,HTTP Request,200,OK,Config 3: Exp8 1-11,text,false,Test failed: text expected to match /.*/,231,158,304,304,http://localhost:8079/?token=518504778&user=-1355064518&config=3,9713,0,0
1777922367765,9712,HTTP Request,200,OK,Config 3: Exp8 1-68,text,false,Test failed: text expected to match /.*/,231,158,304,304,http://localhost:8079/?token=518504778&user=-1355064518&config=3,9712,0,0
1777922367765,9712,HTTP Request,200,OK,Config 3: Exp8 1-111,text,false,Test failed: text expected to match /.*/,231,158,304,304,http://localhost:8079/?token=518504778&user=-1355064518&config=3,9712,0,0
1777922367765,9712,HTTP Request,200,OK,Config 3: Exp8 1-126,text,false,Test failed: text expected to match /.*/,231,158,304,304,http://localhost:8079/?token=518504778&user=-1355064518&config=3,9712,0,0
1777922367949,10086,HTTP Request,200,OK,Config 3: Exp8 1-49,text,false,Test failed: text expected to match /.*/,231,158,306,306,http://localhost:8079/?token=518504778&user=-1355064518&config=3,10086,0,0
1777922367949,10086,HTTP Request,200,OK,Config 3: Exp8 1-121,text,false,Test failed: text expected to match /.*/,231,158,306,306,http://localhost:8079/?token=518504778&user=-1355064518&config=3,10086,0,0
1777922367949,10086,HTTP Request,200,OK,Config 3: Exp8 1-52,text,false,Test failed: text expected to match /.*/,231,158,306,306,http://localhost:8079/?token=518504778&user=-1355064518&config=3,10086,0,0
1777922367949,10086,HTTP Request,200,OK,Config 3: Exp8 1-208,text,false,Test failed: text expected to match /.*/,231,158,306,306,http://localhost:8079/?token=518504778&user=-1355064518&config=3,10086,0,0
1777922367949,10086,HTTP Request,200,OK,Config 3: Exp8 1-177,text,false,Test failed: text expected to match /.*/,231,158,306,306,http://localhost:8079/?token=518504778&user=-1355064518&config=3,10086,0,0
1777922367949,10087,HTTP Request,200,OK,Config 3: Exp8 1-36,text,false,Test failed: text expected to match /.*/,231,158,306,306,http://localhost:8079/?token=518504778&user=-1355064518&config=3,10087,0,0
1777922367949,10087,HTTP Request,200,OK,Config 3: Exp8 1-66,text,false,Test failed: text expected to match /.*/,231,158,306,306,http://localhost:8079/?token=518504778&user=-1355064518&config=3,10087,0,0
1777922367950,10086,HTTP Request,200,OK,Config 3: Exp8 1-123,text,false,Test failed: text expected to match /.*/,231,158,306,306,http://localhost:8079/?token=518504778&user=-1355064518&config=3,10086,0,0
1777922367950,10086,HTTP Request,200,OK,Config 3: Exp8 1-149,text,false,Test failed: text expected to match /.*/,231,158,306,306,http://localhost:8079/?token=518504778&user=-1355064518&config=3,10086,0,0
1777922367897,10139,HTTP Request,200,OK,Config 3: Exp8 1-258,text,false,Test failed: text expected to match /.*/,231,158,306,306,http://localhost:8079/?token=518504778&user=-1355064518&config=3,10139,0,0
1777922367949,10088,HTTP Request,200,OK,Config 3: Exp8 1-22,text,false,Test failed: text expected to match /.*/,231,158,306,306,http://localhost:8079/?token=518504778&user=-1355064518&config=3,10088,0,0
1777922367949,10088,HTTP Request,200,OK,Config 3: Exp8 1-8,text,false,Test failed: text expected to match /.*/,231,158,306,306,http://localhost:8079/?token=518504778&user=-1355064518&config=3,10088,0,0
1777922367949,10088,HTTP Request,200,OK,Config 3: Exp8 1-51,text,false,Test failed: text expected to match /.*/,231,158,306,306,http://localhost:8079/?token=518504778&user=-1355064518&config=3,10088,0,0
1777922367950,10087,HTTP Request,200,OK,Config 3: Exp8 1-148,text,false,Test failed: text expected to match /.*/,231,158,306,306,http://localhost:8079/?token=518504778&user=-1355064518&config=3,10087,0,0
1777922367949,10089,HTTP Request,200,OK,Config 3: Exp8 1-37,text,false,Test failed: text expected to match /.*/,231,158,306,306,http://localhost:8079/?token=518504778&user=-1355064518&config=3,10089,0,0
1777922367950,10088,HTTP Request,200,OK,Config 3: Exp8 1-151,text,false,Test failed: text expected to match /.*/,231,158,306,306,http://localhost:8079/?token=518504778&user=-1355064518&config=3,10088,0,0
1777922367952,10086,HTTP Request,200,OK,Config 3: Exp8 1-209,text,false,Test failed: text expected to match /.*/,231,158,306,306,http://localhost:8079/?token=518504778&user=-1355064518&config=3,10086,0,0
1777922367953,10086,HTTP Request,200,OK,Config 3: Exp8 1-40,text,false,Test failed: text expected to match /.*/,231,158,306,306,http://localhost:8079/?token=518504778&user=-1355064518&config=3,10086,0,0
1777922367953,10086,HTTP Request,200,OK,Config 3: Exp8 1-53,text,false,Test failed: text expected to match /.*/,231,158,306,306,http://localhost:8079/?token=518504778&user=-1355064518&config=3,10086,0,0
1777922367953,10086,HTTP Request,200,OK,Config 3: Exp8 1-25,text,false,Test failed: text expected to match /.*/,231,158,306,306,http://localhost:8079/?token=518504778&user=-1355064518&config=3,10086,0,0
1777922367953,10086,HTTP Request,200,OK,Config 3: Exp8 1-54,text,false,Test failed: text expected to match /.*/,231,158,306,306,http://localhost:8079/?token=518504778&user=-1355064518&config=3,10086,0,0
1777922367949,10090,HTTP Request,200,OK,Config 3: Exp8 1-95,text,false,Test failed: text expected to match /.*/,231,158,306,306,http://localhost:8079/?token=518504778&user=-1355064518&config=3,10090,0,0
1777922367954,10085,HTTP Request,200,OK,Config 3: Exp8 1-67,text,false,Test failed: text expected to match /.*/,231,158,306,306,http://localhost:8079/?token=518504778&user=-1355064518&config=3,10085,0,0
1777922367951,10088,HTTP Request,200,OK,Config 3: Exp8 1-65,text,false,Test failed: text expected to match /.*/,231,158,306,306,http://localhost:8079/?token=518504778&user=-1355064518&config=3,10088,0,0
1777922367954,10085,HTTP Request,200,OK,Config 3: Exp8 1-96,text,false,Test failed: text expected to match /.*/,231,158,306,306,http://localhost:8079/?token=518504778&user=-1355064518&config=3,10085,0,0
1777922367949,10090,HTTP Request,200,OK,Config 3: Exp8 1-80,text,false,Test failed: text expected to match /.*/,231,158,306,306,http://localhost:8079/?token=518504778&user=-1355064518&config=3,10090,0,0
1777922367952,10087,HTTP Request,200,OK,Config 3: Exp8 1-152,text,false,Test failed: text expected to match /.*/,231,158,306,306,http://localhost:8079/?token=518504778&user=-1355064518&config=3,10087,0,0
1777922367952,10087,HTTP Request,200,OK,Config 3: Exp8 1-109,text,false,Test failed: text expected to match /.*/,231,158,306,306,http://localhost:8079/?token=518504778&user=-1355064518&config=3,10087,0,0
1777922367954,10085,HTTP Request,200,OK,Config 3: Exp8 1-130,text,false,Test failed: text expected to match /.*/,231,158,306,306,http://localhost:8079/?token=518504778&user=-1355064518&config=3,10085,0,0
1777922367954,10085,HTTP Request,200,OK,Config 3: Exp8 1-125,text,false,Test failed: text expected to match /.*/,231,158,306,306,http://localhost:8079/?token=518504778&user=-1355064518&config=3,10085,0,0
1777922367954,10085,HTTP Request,200,OK,Config 3: Exp8 1-112,text,false,Test failed: text expected to match /.*/,231,158,306,306,http://localhost:8079/?token=518504778&user=-1355064518&config=3,10085,0,0
1777922367950,10089,HTTP Request,200,OK,Config 3: Exp8 1-154,text,false,Test failed: text expected to match /.*/,231,158,306,306,http://localhost:8079/?token=518504778&user=-1355064518&config=3,10089,0,0
1777922367954,10085,HTTP Request,200,OK,Config 3: Exp8 1-127,text,false,Test failed: text expected to match /.*/,231,158,306,306,http://localhost:8079/?token=518504778&user=-1355064518&config=3,10085,0,0
1777922367954,10085,HTTP Request,200,OK,Config 3: Exp8 1-97,text,false,Test failed: text expected to match /.*/,231,158,306,306,http://localhost:8079/?token=518504778&user=-1355064518&config=3,10085,0,0
1777922367952,10087,HTTP Request,200,OK,Config 3: Exp8 1-210,text,false,Test failed: text expected to match /.*/,231,158,306,306,http://localhost:8079/?token=518504778&user=-1355064518&config=3,10087,0,0
1777922367952,10087,HTTP Request,200,OK,Config 3: Exp8 1-150,text,false,Test failed: text expected to match /.*/,231,158,306,306,http://localhost:8079/?token=518504778&user=-1355064518&config=3,10087,0,0
1777922367954,10085,HTTP Request,200,OK,Config 3: Exp8 1-128,text,false,Test failed: text expected to match /.*/,231,158,306,306,http://localhost:8079/?token=518504778&user=-1355064518&config=3,10085,0,0
1777922369803,8613,HTTP Request,200,OK,Config 3: Exp8 1-13,text,false,Test failed: text expected to match /.*/,231,158,308,308,http://localhost:8079/?token=518504778&user=-1355064518&config=3,8613,0,0
1777922369803,8614,HTTP Request,200,OK,Config 3: Exp8 1-133,text,false,Test failed: text expected to match /.*/,231,158,308,308,http://localhost:8079/?token=518504778&user=-1355064518&config=3,8614,0,0
1777922369803,8614,HTTP Request,200,OK,Config 3: Exp8 1-56,text,false,Test failed: text expected to match /.*/,231,158,308,308,http://localhost:8079/?token=518504778&user=-1355064518&config=3,8614,0,0
1777922369803,8614,HTTP Request,200,OK,Config 3: Exp8 1-70,text,false,Test failed: text expected to match /.*/,231,158,308,308,http://localhost:8079/?token=518504778&user=-1355064518&config=3,8614,0,0
1777922369803,8614,HTTP Request,200,OK,Config 3: Exp8 1-43,text,false,Test failed: text expected to match /.*/,231,158,308,308,http://localhost:8079/?token=518504778&user=-1355064518&config=3,8614,0,0
1777922369803,8614,HTTP Request,200,OK,Config 3: Exp8 1-161,text,false,Test failed: text expected to match /.*/,231,158,308,308,http://localhost:8079/?token=518504778&user=-1355064518&config=3,8614,0,0
1777922369803,8614,HTTP Request,200,OK,Config 3: Exp8 1-85,text,false,Test failed: text expected to match /.*/,231,158,308,308,http://localhost:8079/?token=518504778&user=-1355064518&config=3,8614,0,0
1777922369803,8614,HTTP Request,200,OK,Config 3: Exp8 1-187,text,false,Test failed: text expected to match /.*/,231,158,308,308,http://localhost:8079/?token=518504778&user=-1355064518&config=3,8614,0,0
1777922369839,8579,HTTP Request,200,OK,Config 3: Exp8 1-59,text,false,Test failed: text expected to match /.*/,231,158,308,308,http://localhost:8079/?token=518504778&user=-1355064518&config=3,8579,0,0
1777922369839,8580,HTTP Request,200,OK,Config 3: Exp8 1-58,text,false,Test failed: text expected to match /.*/,231,158,308,308,http://localhost:8079/?token=518504778&user=-1355064518&config=3,8580,0,0
1777922369840,8579,HTTP Request,200,OK,Config 3: Exp8 1-73,text,false,Test failed: text expected to match /.*/,231,158,308,308,http://localhost:8079/?token=518504778&user=-1355064518&config=3,8579,0,0
1777922369839,8580,HTTP Request,200,OK,Config 3: Exp8 1-102,text,false,Test failed: text expected to match /.*/,231,158,308,308,http://localhost:8079/?token=518504778&user=-1355064518&config=3,8580,0,0
1777922369838,8581,HTTP Request,200,OK,Config 3: Exp8 1-137,text,false,Test failed: text expected to match /.*/,231,158,308,308,http://localhost:8079/?token=518504778&user=-1355064518&config=3,8581,0,0
1777922369839,8580,HTTP Request,200,OK,Config 3: Exp8 1-87,text,false,Test failed: text expected to match /.*/,231,158,308,308,http://localhost:8079/?token=518504778&user=-1355064518&config=3,8580,0,0
1777922369771,8648,HTTP Request,200,OK,Config 3: Exp8 1-267,text,false,Test failed: text expected to match /.*/,231,158,308,308,http://localhost:8079/?token=518504778&user=-1355064518&config=3,8648,0,0
1777922369839,8580,HTTP Request,200,OK,Config 3: Exp8 1-136,text,false,Test failed: text expected to match /.*/,231,158,308,308,http://localhost:8079/?token=518504778&user=-1355064518&config=3,8580,0,0
1777922369840,8579,HTTP Request,200,OK,Config 3: Exp8 1-44,text,false,Test failed: text expected to match /.*/,231,158,308,308,http://localhost:8079/?token=518504778&user=-1355064518&config=3,8579,0,0
1777922369841,8578,HTTP Request,200,OK,Config 3: Exp8 1-189,text,false,Test failed: text expected to match /.*/,231,158,308,308,http://localhost:8079/?token=518504778&user=-1355064518&config=3,8578,0,0
1777922369840,8579,HTTP Request,200,OK,Config 3: Exp8 1-224,text,false,Test failed: text expected to match /.*/,231,158,308,308,http://localhost:8079/?token=518504778&user=-1355064518&config=3,8579,0,0
1777922369840,8579,HTTP Request,200,OK,Config 3: Exp8 1-135,text,false,Test failed: text expected to match /.*/,231,158,308,308,http://localhost:8079/?token=518504778&user=-1355064518&config=3,8579,0,0
1777922369841,8578,HTTP Request,200,OK,Config 3: Exp8 1-223,text,false,Test failed: text expected to match /.*/,231,158,308,308,http://localhost:8079/?token=518504778&user=-1355064518&config=3,8578,0,0
1777922369842,8577,HTTP Request,200,OK,Config 3: Exp8 1-225,text,false,Test failed: text expected to match /.*/,231,158,308,308,http://localhost:8079/?token=518504778&user=-1355064518&config=3,8577,0,0
1777922369841,8578,HTTP Request,200,OK,Config 3: Exp8 1-227,text,false,Test failed: text expected to match /.*/,231,158,308,308,http://localhost:8079/?token=518504778&user=-1355064518&config=3,8578,0,0
1777922369841,8578,HTTP Request,200,OK,Config 3: Exp8 1-226,text,false,Test failed: text expected to match /.*/,231,158,308,308,http://localhost:8079/?token=518504778&user=-1355064518&config=3,8578,0,0
1777922369842,8577,HTTP Request,200,OK,Config 3: Exp8 1-228,text,false,Test failed: text expected to match /.*/,231,158,308,308,http://localhost:8079/?token=518504778&user=-1355064518&config=3,8577,0,0
1777922369933,8487,HTTP Request,200,OK,Config 3: Exp8 1-57,text,false,Test failed: text expected to match /.*/,231,158,308,308,http://localhost:8079/?token=518504778&user=-1355064518&config=3,8487,0,0
1777922369933,8487,HTTP Request,200,OK,Config 3: Exp8 1-98,text,false,Test failed: text expected to match /.*/,231,158,308,308,http://localhost:8079/?token=518504778&user=-1355064518&config=3,8487,0,0
1777922369933,8487,HTTP Request,200,OK,Config 3: Exp8 1-155,text,false,Test failed: text expected to match /.*/,231,158,308,308,http://localhost:8079/?token=518504778&user=-1355064518&config=3,8487,0,0
1777922369933,8487,HTTP Request,200,OK,Config 3: Exp8 1-184,text,false,Test failed: text expected to match /.*/,231,158,308,308,http://localhost:8079/?token=518504778&user=-1355064518&config=3,8487,0,0
1777922369934,8487,HTTP Request,200,OK,Config 3: Exp8 1-45,text,false,Test failed: text expected to match /.*/,231,158,308,308,http://localhost:8079/?token=518504778&user=-1355064518&config=3,8487,0,0
1777922369933,8488,HTTP Request,200,OK,Config 3: Exp8 1-131,text,false,Test failed: text expected to match /.*/,231,158,308,308,http://localhost:8079/?token=518504778&user=-1355064518&config=3,8488,0,0
1777922369933,8488,HTTP Request,200,OK,Config 3: Exp8 1-156,text,false,Test failed: text expected to match /.*/,231,158,308,308,http://localhost:8079/?token=518504778&user=-1355064518&config=3,8488,0,0
1777922369934,8839,HTTP Request,200,OK,Config 3: Exp8 1-132,text,false,Test failed: text expected to match /.*/,231,158,310,310,http://localhost:8079/?token=518504778&user=-1355064518&config=3,8839,0,0
1777922369934,8956,HTTP Request,200,OK,Config 3: Exp8 1-101,text,false,Test failed: text expected to match /.*/,231,158,310,310,http://localhost:8079/?token=518504778&user=-1355064518&config=3,8956,0,0
1777922368472,11142,HTTP Request,200,OK,Config 3: Exp8 1-27,text,false,Test failed: text expected to match /.*/,231,158,314,314,http://localhost:8079/?token=518504778&user=-1355064518&config=3,11142,0,0
1777922368473,11141,HTTP Request,200,OK,Config 3: Exp8 1-114,text,false,Test failed: text expected to match /.*/,231,158,314,314,http://localhost:8079/?token=518504778&user=-1355064518&config=3,11141,0,0
1777922368592,11022,HTTP Request,200,OK,Config 3: Exp8 1-24,text,false,Test failed: text expected to match /.*/,231,158,314,314,http://localhost:8079/?token=518504778&user=-1355064518&config=3,11022,0,0
1777922368522,11092,HTTP Request,200,OK,Config 3: Exp8 1-261,text,false,Test failed: text expected to match /.*/,231,158,314,314,http://localhost:8079/?token=518504778&user=-1355064518&config=3,11092,0,0
1777922368475,11140,HTTP Request,200,OK,Config 3: Exp8 1-233,text,false,Test failed: text expected to match /.*/,231,158,314,314,http://localhost:8079/?token=518504778&user=-1355064518&config=3,11140,0,0
1777922368472,11143,HTTP Request,200,OK,Config 3: Exp8 1-42,text,false,Test failed: text expected to match /.*/,231,158,314,314,http://localhost:8079/?token=518504778&user=-1355064518&config=3,11143,0,0
1777922368472,11143,HTTP Request,200,OK,Config 3: Exp8 1-113,text,false,Test failed: text expected to match /.*/,231,158,314,314,http://localhost:8079/?token=518504778&user=-1355064518&config=3,11143,0,0
1777922368592,11023,HTTP Request,200,OK,Config 3: Exp8 1-38,text,false,Test failed: text expected to match /.*/,231,158,314,314,http://localhost:8079/?token=518504778&user=-1355064518&config=3,11023,0,0
1777922368473,11142,HTTP Request,200,OK,Config 3: Exp8 1-99,text,false,Test failed: text expected to match /.*/,231,158,314,314,http://localhost:8079/?token=518504778&user=-1355064518&config=3,11142,0,0
1777922368592,11023,HTTP Request,200,OK,Config 3: Exp8 1-69,text,false,Test failed: text expected to match /.*/,231,158,314,314,http://localhost:8079/?token=518504778&user=-1355064518&config=3,11023,0,0
1777922368473,11142,HTTP Request,200,OK,Config 3: Exp8 1-41,text,false,Test failed: text expected to match /.*/,231,158,314,314,http://localhost:8079/?token=518504778&user=-1355064518&config=3,11142,0,0
1777922368474,11141,HTTP Request,200,OK,Config 3: Exp8 1-232,text,false,Test failed: text expected to match /.*/,231,158,314,314,http://localhost:8079/?token=518504778&user=-1355064518&config=3,11141,0,0
1777922368472,11143,HTTP Request,200,OK,Config 3: Exp8 1-222,text,false,Test failed: text expected to match /.*/,231,158,314,314,http://localhost:8079/?token=518504778&user=-1355064518&config=3,11143,0,0
1777922368592,11023,HTTP Request,200,OK,Config 3: Exp8 1-211,text,false,Test failed: text expected to match /.*/,231,158,314,314,http://localhost:8079/?token=518504778&user=-1355064518&config=3,11023,0,0
1777922368592,11023,HTTP Request,200,OK,Config 3: Exp8 1-9,text,false,Test failed: text expected to match /.*/,231,158,314,314,http://localhost:8079/?token=518504778&user=-1355064518&config=3,11023,0,0
1777922368594,11022,HTTP Request,200,OK,Config 3: Exp8 1-214,text,false,Test failed: text expected to match /.*/,231,158,314,314,http://localhost:8079/?token=518504778&user=-1355064518&config=3,11022,0,0
1777922368593,11023,HTTP Request,200,OK,Config 3: Exp8 1-213,text,false,Test failed: text expected to match /.*/,231,158,314,314,http://localhost:8079/?token=518504778&user=-1355064518&config=3,11023,0,0
1777922368592,11024,HTTP Request,200,OK,Config 3: Exp8 1-212,text,false,Test failed: text expected to match /.*/,231,158,314,314,http://localhost:8079/?token=518504778&user=-1355064518&config=3,11024,0,0
1777922368731,10885,HTTP Request,200,OK,Config 3: Exp8 1-262,text,false,Test failed: text expected to match /.*/,231,158,314,314,http://localhost:8079/?token=518504778&user=-1355064518&config=3,10885,0,1
1777922369934,9850,HTTP Request,200,OK,Config 3: Exp8 1-2,text,false,Test failed: text expected to match /.*/,231,158,315,315,http://localhost:8079/?token=518504778&user=-1355064518&config=3,9850,0,0
1777922369934,9850,HTTP Request,200,OK,Config 3: Exp8 1-29,text,false,Test failed: text expected to match /.*/,231,158,315,315,http://localhost:8079/?token=518504778&user=-1355064518&config=3,9850,0,0
1777922369934,9850,HTTP Request,200,OK,Config 3: Exp8 1-14,text,false,Test failed: text expected to match /.*/,231,158,315,315,http://localhost:8079/?token=518504778&user=-1355064518&config=3,9850,0,0
1777922369934,9850,HTTP Request,200,OK,Config 3: Exp8 1-185,text,false,Test failed: text expected to match /.*/,231,158,315,315,http://localhost:8079/?token=518504778&user=-1355064518&config=3,9850,0,0
1777922369934,9850,HTTP Request,200,OK,Config 3: Exp8 1-191,text,false,Test failed: text expected to match /.*/,231,158,315,315,http://localhost:8079/?token=518504778&user=-1355064518&config=3,9850,0,0
1777922369934,9850,HTTP Request,200,OK,Config 3: Exp8 1-186,text,false,Test failed: text expected to match /.*/,231,158,315,315,http://localhost:8079/?token=518504778&user=-1355064518&config=3,9850,0,0
1777922369934,10824,HTTP Request,200,OK,Config 3: Exp8 1-190,text,false,Test failed: text expected to match /.*/,231,158,319,319,http://localhost:8079/?token=518504778&user=-1355064518&config=3,10824,0,0
1777922368799,12261,HTTP Request,200,OK,Config 3: Exp8 1-140,text,false,Test failed: text expected to match /.*/,231,158,321,321,http://localhost:8079/?token=518504778&user=-1355064518&config=3,12261,0,0
1777922368799,12261,HTTP Request,200,OK,Config 3: Exp8 1-139,text,false,Test failed: text expected to match /.*/,231,158,321,321,http://localhost:8079/?token=518504778&user=-1355064518&config=3,12261,0,0
1777922368938,12256,HTTP Request,200,OK,Config 3: Exp8 1-263,text,false,Test failed: text expected to match /.*/,231,158,321,321,http://localhost:8079/?token=518504778&user=-1355064518&config=3,12256,0,0
1777922369147,12047,HTTP Request,200,OK,Config 3: Exp8 1-264,text,false,Test failed: text expected to match /.*/,231,158,321,321,http://localhost:8079/?token=518504778&user=-1355064518&config=3,12047,0,1
1777922369354,11840,HTTP Request,200,OK,Config 3: Exp8 1-265,text,false,Test failed: text expected to match /.*/,231,158,321,321,http://localhost:8079/?token=518504778&user=-1355064518&config=3,11840,0,0
1777922369563,11631,HTTP Request,200,OK,Config 3: Exp8 1-266,text,false,Test failed: text expected to match /.*/,231,158,321,321,http://localhost:8079/?token=518504778&user=-1355064518&config=3,11631,0,0
1777922373801,7692,HTTP Request,200,OK,Config 3: Exp8 1-167,text,false,Test failed: text expected to match /.*/,231,158,323,323,http://localhost:8079/?token=518504778&user=-1355064518&config=3,7692,0,0
1777922373799,7694,HTTP Request,200,OK,Config 3: Exp8 1-241,text,false,Test failed: text expected to match /.*/,231,158,323,323,http://localhost:8079/?token=518504778&user=-1355064518&config=3,7694,0,0
1777922373800,7693,HTTP Request,200,OK,Config 3: Exp8 1-244,text,false,Test failed: text expected to match /.*/,231,158,323,323,http://localhost:8079/?token=518504778&user=-1355064518&config=3,7693,0,0
1777922373801,7693,HTTP Request,200,OK,Config 3: Exp8 1-94,text,false,Test failed: text expected to match /.*/,231,158,323,323,http://localhost:8079/?token=518504778&user=-1355064518&config=3,7693,0,0
1777922373801,7693,HTTP Request,200,OK,Config 3: Exp8 1-199,text,false,Test failed: text expected to match /.*/,231,158,323,323,http://localhost:8079/?token=518504778&user=-1355064518&config=3,7693,0,0
1777922374446,7109,HTTP Request,500,Internal Server Error,Config 3: Exp8 1-251,text,true,,233,158,323,323,http://localhost:8079/?token=518504778&user=-1355064518&config=3,7109,0,0
1777922374446,7110,HTTP Request,500,Internal Server Error,Config 3: Exp8 1-252,text,true,,233,158,323,323,http://localhost:8079/?token=518504778&user=-1355064518&config=3,7110,0,0
1777922374446,7110,HTTP Request,500,Internal Server Error,Config 3: Exp8 1-6,text,true,,233,158,323,323,http://localhost:8079/?token=518504778&user=-1355064518&config=3,7110,0,0
1777922374447,7109,HTTP Request,500,Internal Server Error,Config 3: Exp8 1-21,text,true,,233,158,323,323,http://localhost:8079/?token=518504778&user=-1355064518&config=3,7109,0,0
1777922374447,7109,HTTP Request,500,Internal Server Error,Config 3: Exp8 1-145,text,true,,233,158,323,323,http://localhost:8079/?token=518504778&user=-1355064518&config=3,7109,0,0
1777922374447,7109,HTTP Request,500,Internal Server Error,Config 3: Exp8 1-79,text,true,,233,158,323,323,http://localhost:8079/?token=518504778&user=-1355064518&config=3,7109,0,0
1777922374447,7109,HTTP Request,500,Internal Server Error,Config 3: Exp8 1-34,text,true,,233,158,323,323,http://localhost:8079/?token=518504778&user=-1355064518&config=3,7109,0,0
1777922374447,7109,HTTP Request,500,Internal Server Error,Config 3: Exp8 1-118,text,true,,233,158,323,323,http://localhost:8079/?token=518504778&user=-1355064518&config=3,7109,0,0
1777922374447,7109,HTTP Request,500,Internal Server Error,Config 3: Exp8 1-147,text,true,,233,158,323,323,http://localhost:8079/?token=518504778&user=-1355064518&config=3,7109,0,0
1777922374447,7110,HTTP Request,500,Internal Server Error,Config 3: Exp8 1-174,text,true,,233,158,323,323,http://localhost:8079/?token=518504778&user=-1355064518&config=3,7110,0,0
1777922374447,7111,HTTP Request,500,Internal Server Error,Config 3: Exp8 1-206,text,true,,233,158,323,323,http://localhost:8079/?token=518504778&user=-1355064518&config=3,7110,0,0
1777922374447,7111,HTTP Request,500,Internal Server Error,Config 3: Exp8 1-207,text,true,,233,158,323,323,http://localhost:8079/?token=518504778&user=-1355064518&config=3,7111,0,0
1777922374447,7111,HTTP Request,500,Internal Server Error,Config 3: Exp8 1-172,text,true,,233,158,323,323,http://localhost:8079/?token=518504778&user=-1355064518&config=3,7111,0,0
1777922369936,11622,HTTP Request,200,OK,Config 3: Exp8 1-16,text,false,Test failed: text expected to match /.*/,231,158,323,323,http://localhost:8079/?token=518504778&user=-1355064518&config=3,11622,0,0
1777922369936,11622,HTTP Request,200,OK,Config 3: Exp8 1-31,text,false,Test failed: text expected to match /.*/,231,158,323,323,http://localhost:8079/?token=518504778&user=-1355064518&config=3,11622,0,0
1777922369936,11622,HTTP Request,200,OK,Config 3: Exp8 1-15,text,false,Test failed: text expected to match /.*/,231,158,323,323,http://localhost:8079/?token=518504778&user=-1355064518&config=3,11622,0,0
1777922369936,11622,HTTP Request,200,OK,Config 3: Exp8 1-30,text,false,Test failed: text expected to match /.*/,231,158,323,323,http://localhost:8079/?token=518504778&user=-1355064518&config=3,11622,0,0
1777922369936,11622,HTTP Request,200,OK,Config 3: Exp8 1-1,text,false,Test failed: text expected to match /.*/,231,158,323,323,http://localhost:8079/?token=518504778&user=-1355064518&config=3,11622,0,0
1777922369937,11621,HTTP Request,200,OK,Config 3: Exp8 1-72,text,false,Test failed: text expected to match /.*/,231,158,323,323,http://localhost:8079/?token=518504778&user=-1355064518&config=3,11621,0,0
1777922369936,11622,HTTP Request,200,OK,Config 3: Exp8 1-116,text,false,Test failed: text expected to match /.*/,231,158,323,323,http://localhost:8079/?token=518504778&user=-1355064518&config=3,11622,0,0
1777922369936,11622,HTTP Request,200,OK,Config 3: Exp8 1-117,text,false,Test failed: text expected to match /.*/,231,158,323,323,http://localhost:8079/?token=518504778&user=-1355064518&config=3,11622,0,0
1777922369937,11621,HTTP Request,200,OK,Config 3: Exp8 1-192,text,false,Test failed: text expected to match /.*/,231,158,323,323,http://localhost:8079/?token=518504778&user=-1355064518&config=3,11621,0,0
1777922369937,11621,HTTP Request,200,OK,Config 3: Exp8 1-196,text,false,Test failed: text expected to match /.*/,231,158,323,323,http://localhost:8079/?token=518504778&user=-1355064518&config=3,11621,0,0
1777922369936,11622,HTTP Request,200,OK,Config 3: Exp8 1-193,text,false,Test failed: text expected to match /.*/,231,158,323,323,http://localhost:8079/?token=518504778&user=-1355064518&config=3,11622,0,0
1777922369937,11622,HTTP Request,200,OK,Config 3: Exp8 1-28,text,false,Test failed: text expected to match /.*/,231,158,323,323,http://localhost:8079/?token=518504778&user=-1355064518&config=3,11622,0,0
1777922369937,11622,HTTP Request,200,OK,Config 3: Exp8 1-86,text,false,Test failed: text expected to match /.*/,231,158,323,323,http://localhost:8079/?token=518504778&user=-1355064518&config=3,11622,0,0
1777922369937,11623,HTTP Request,200,OK,Config 3: Exp8 1-194,text,false,Test failed: text expected to match /.*/,231,158,323,323,http://localhost:8079/?token=518504778&user=-1355064518&config=3,11623,0,0
1777922369938,11622,HTTP Request,200,OK,Config 3: Exp8 1-100,text,false,Test failed: text expected to match /.*/,231,158,323,323,http://localhost:8079/?token=518504778&user=-1355064518&config=3,11622,0,0
1777922369978,11582,HTTP Request,200,OK,Config 3: Exp8 1-268,text,false,Test failed: text expected to match /.*/,231,158,323,323,http://localhost:8079/?token=518504778&user=-1355064518&config=3,11582,0,1
1777922369937,11623,HTTP Request,200,OK,Config 3: Exp8 1-197,text,false,Test failed: text expected to match /.*/,231,158,323,323,http://localhost:8079/?token=518504778&user=-1355064518&config=3,11623,0,0
1777922369937,11623,HTTP Request,200,OK,Config 3: Exp8 1-229,text,false,Test failed: text expected to match /.*/,231,158,323,323,http://localhost:8079/?token=518504778&user=-1355064518&config=3,11623,0,0
1777922369938,11622,HTTP Request,200,OK,Config 3: Exp8 1-195,text,false,Test failed: text expected to match /.*/,231,158,323,323,http://localhost:8079/?token=518504778&user=-1355064518&config=3,11622,0,0
1777922369937,11623,HTTP Request,200,OK,Config 3: Exp8 1-231,text,false,Test failed: text expected to match /.*/,231,158,323,323,http://localhost:8079/?token=518504778&user=-1355064518&config=3,11623,0,0
1777922370186,11374,HTTP Request,200,OK,Config 3: Exp8 1-269,text,false,Test failed: text expected to match /.*/,231,158,323,323,http://localhost:8079/?token=518504778&user=-1355064518&config=3,11374,0,0
1777922369938,11622,HTTP Request,200,OK,Config 3: Exp8 1-230,text,false,Test failed: text expected to match /.*/,231,158,323,323,http://localhost:8079/?token=518504778&user=-1355064518&config=3,11622,0,0
1777922370395,11763,HTTP Request,200,OK,Config 3: Exp8 1-270,text,false,Test failed: text expected to match /.*/,231,158,326,326,http://localhost:8079/?token=518504778&user=-1355064518&config=3,11763,0,0
1777922370602,11556,HTTP Request,200,OK,Config 3: Exp8 1-271,text,false,Test failed: text expected to match /.*/,231,158,326,326,http://localhost:8079/?token=518504778&user=-1355064518&config=3,11556,0,0
1777922370810,12349,HTTP Request,200,OK,Config 3: Exp8 1-272,text,false,Test failed: text expected to match /.*/,231,158,331,331,http://localhost:8079/?token=518504778&user=-1355064518&config=3,12349,0,0
1777922371614,11546,HTTP Request,200,OK,Config 3: Exp8 1-75,text,false,Test failed: text expected to match /.*/,231,158,331,331,http://localhost:8079/?token=518504778&user=-1355064518&config=3,11546,0,0
1777922371227,11933,HTTP Request,200,OK,Config 3: Exp8 1-274,text,false,Test failed: text expected to match /.*/,231,158,331,331,http://localhost:8079/?token=518504778&user=-1355064518&config=3,11933,0,0
1777922371018,12142,HTTP Request,200,OK,Config 3: Exp8 1-273,text,false,Test failed: text expected to match /.*/,231,158,331,331,http://localhost:8079/?token=518504778&user=-1355064518&config=3,12142,0,0
1777922371435,11725,HTTP Request,200,OK,Config 3: Exp8 1-275,text,false,Test failed: text expected to match /.*/,231,158,331,331,http://localhost:8079/?token=518504778&user=-1355064518&config=3,11725,0,0
1777922371614,11546,HTTP Request,200,OK,Config 3: Exp8 1-90,text,false,Test failed: text expected to match /.*/,231,158,331,331,http://localhost:8079/?token=518504778&user=-1355064518&config=3,11546,0,0
1777922371614,11547,HTTP Request,200,OK,Config 3: Exp8 1-4,text,false,Test failed: text expected to match /.*/,231,158,331,331,http://localhost:8079/?token=518504778&user=-1355064518&config=3,11547,0,0
1777922371614,11547,HTTP Request,200,OK,Config 3: Exp8 1-3,text,false,Test failed: text expected to match /.*/,231,158,331,331,http://localhost:8079/?token=518504778&user=-1355064518&config=3,11547,0,0
1777922371614,11547,HTTP Request,200,OK,Config 3: Exp8 1-46,text,false,Test failed: text expected to match /.*/,231,158,331,331,http://localhost:8079/?token=518504778&user=-1355064518&config=3,11547,0,0
1777922371614,11547,HTTP Request,200,OK,Config 3: Exp8 1-71,text,false,Test failed: text expected to match /.*/,231,158,331,331,http://localhost:8079/?token=518504778&user=-1355064518&config=3,11547,0,0
1777922371614,11547,HTTP Request,200,OK,Config 3: Exp8 1-115,text,false,Test failed: text expected to match /.*/,231,158,331,331,http://localhost:8079/?token=518504778&user=-1355064518&config=3,11547,0,0
1777922371615,11546,HTTP Request,200,OK,Config 3: Exp8 1-104,text,false,Test failed: text expected to match /.*/,231,158,331,331,http://localhost:8079/?token=518504778&user=-1355064518&config=3,11546,0,0
1777922371614,11547,HTTP Request,200,OK,Config 3: Exp8 1-89,text,false,Test failed: text expected to match /.*/,231,158,331,331,http://localhost:8079/?token=518504778&user=-1355064518&config=3,11547,0,0
1777922371615,11546,HTTP Request,200,OK,Config 3: Exp8 1-166,text,false,Test failed: text expected to match /.*/,231,158,331,331,http://localhost:8079/?token=518504778&user=-1355064518&config=3,11546,0,0
1777922371614,11548,HTTP Request,200,OK,Config 3: Exp8 1-141,text,false,Test failed: text expected to match /.*/,231,158,331,331,http://localhost:8079/?token=518504778&user=-1355064518&config=3,11548,0,0
1777922371614,11548,HTTP Request,200,OK,Config 3: Exp8 1-138,text,false,Test failed: text expected to match /.*/,231,158,331,331,http://localhost:8079/?token=518504778&user=-1355064518&config=3,11548,0,0
1777922371850,11312,HTTP Request,200,OK,Config 3: Exp8 1-277,text,false,Test failed: text expected to match /.*/,231,158,331,331,http://localhost:8079/?token=518504778&user=-1355064518&config=3,11312,0,0
1777922371614,11548,HTTP Request,200,OK,Config 3: Exp8 1-60,text,false,Test failed: text expected to match /.*/,231,158,331,331,http://localhost:8079/?token=518504778&user=-1355064518&config=3,11548,0,0
1777922372062,11100,HTTP Request,200,OK,Config 3: Exp8 1-171,text,false,Test failed: text expected to match /.*/,231,158,331,331,http://localhost:8079/?token=518504778&user=-1355064518&config=3,11100,0,0
1777922371614,11548,HTTP Request,200,OK,Config 3: Exp8 1-74,text,false,Test failed: text expected to match /.*/,231,158,331,331,http://localhost:8079/?token=518504778&user=-1355064518&config=3,11548,0,0
1777922372062,11100,HTTP Request,200,OK,Config 3: Exp8 1-144,text,false,Test failed: text expected to match /.*/,231,158,331,331,http://localhost:8079/?token=518504778&user=-1355064518&config=3,11100,0,0
1777922371643,11519,HTTP Request,200,OK,Config 3: Exp8 1-276,text,false,Test failed: text expected to match /.*/,231,158,331,331,http://localhost:8079/?token=518504778&user=-1355064518&config=3,11519,0,0
1777922372062,11100,HTTP Request,200,OK,Config 3: Exp8 1-240,text,false,Test failed: text expected to match /.*/,231,158,331,331,http://localhost:8079/?token=518504778&user=-1355064518&config=3,11100,0,0
1777922372059,11104,HTTP Request,200,OK,Config 3: Exp8 1-63,text,false,Test failed: text expected to match /.*/,231,158,331,331,http://localhost:8079/?token=518504778&user=-1355064518&config=3,11104,0,0
1777922372061,11102,HTTP Request,200,OK,Config 3: Exp8 1-107,text,false,Test failed: text expected to match /.*/,231,158,331,331,http://localhost:8079/?token=518504778&user=-1355064518&config=3,11102,0,0
1777922372061,11102,HTTP Request,200,OK,Config 3: Exp8 1-237,text,false,Test failed: text expected to match /.*/,231,158,331,331,http://localhost:8079/?token=518504778&user=-1355064518&config=3,11102,0,0
1777922372062,11101,HTTP Request,200,OK,Config 3: Exp8 1-242,text,false,Test failed: text expected to match /.*/,231,158,331,331,http://localhost:8079/?token=518504778&user=-1355064518&config=3,11101,0,0
1777922372061,11102,HTTP Request,200,OK,Config 3: Exp8 1-159,text,false,Test failed: text expected to match /.*/,231,158,331,331,http://localhost:8079/?token=518504778&user=-1355064518&config=3,11102,0,0
1777922372062,11101,HTTP Request,200,OK,Config 3: Exp8 1-238,text,false,Test failed: text expected to match /.*/,231,158,331,331,http://localhost:8079/?token=518504778&user=-1355064518&config=3,11101,0,0
1777922372062,11101,HTTP Request,200,OK,Config 3: Exp8 1-158,text,false,Test failed: text expected to match /.*/,231,158,331,331,http://localhost:8079/?token=518504778&user=-1355064518&config=3,11101,0,0
1777922372062,11101,HTTP Request,200,OK,Config 3: Exp8 1-239,text,false,Test failed: text expected to match /.*/,231,158,331,331,http://localhost:8079/?token=518504778&user=-1355064518&config=3,11101,0,0
1777922372062,11101,HTTP Request,200,OK,Config 3: Exp8 1-243,text,false,Test failed: text expected to match /.*/,231,158,331,331,http://localhost:8079/?token=518504778&user=-1355064518&config=3,11101,0,0
1777922372062,11102,HTTP Request,200,OK,Config 3: Exp8 1-160,text,false,Test failed: text expected to match /.*/,231,158,331,331,http://localhost:8079/?token=518504778&user=-1355064518&config=3,11102,0,0
1777922372059,11105,HTTP Request,200,OK,Config 3: Exp8 1-278,text,false,Test failed: text expected to match /.*/,231,158,331,331,http://localhost:8079/?token=518504778&user=-1355064518&config=3,11105,0,1
1777922372267,10897,HTTP Request,200,OK,Config 3: Exp8 1-279,text,false,Test failed: text expected to match /.*/,231,158,331,331,http://localhost:8079/?token=518504778&user=-1355064518&config=3,10897,0,1
1777922372683,10481,HTTP Request,200,OK,Config 3: Exp8 1-281,text,false,Test failed: text expected to match /.*/,231,158,331,331,http://localhost:8079/?token=518504778&user=-1355064518&config=3,10481,0,0
1777922373691,9474,HTTP Request,200,OK,Config 3: Exp8 1-17,text,false,Test failed: text expected to match /.*/,231,158,331,331,http://localhost:8079/?token=518504778&user=-1355064518&config=3,9474,0,0
1777922373691,9474,HTTP Request,200,OK,Config 3: Exp8 1-33,text,false,Test failed: text expected to match /.*/,231,158,331,331,http://localhost:8079/?token=518504778&user=-1355064518&config=3,9474,0,0
1777922373692,9473,HTTP Request,200,OK,Config 3: Exp8 1-61,text,false,Test failed: text expected to match /.*/,231,158,331,331,http://localhost:8079/?token=518504778&user=-1355064518&config=3,9473,0,0
1777922373691,9474,HTTP Request,200,OK,Config 3: Exp8 1-188,text,false,Test failed: text expected to match /.*/,231,158,331,331,http://localhost:8079/?token=518504778&user=-1355064518&config=3,9474,0,0
1777922372474,10692,HTTP Request,200,OK,Config 3: Exp8 1-280,text,false,Test failed: text expected to match /.*/,231,158,331,331,http://localhost:8079/?token=518504778&user=-1355064518&config=3,10692,0,1
1777922373692,9474,HTTP Request,200,OK,Config 3: Exp8 1-234,text,false,Test failed: text expected to match /.*/,231,158,331,331,http://localhost:8079/?token=518504778&user=-1355064518&config=3,9474,0,0
1777922373306,9860,HTTP Request,200,OK,Config 3: Exp8 1-284,text,false,Test failed: text expected to match /.*/,231,158,331,331,http://localhost:8079/?token=518504778&user=-1355064518&config=3,9860,0,1
1777922373722,9444,HTTP Request,200,OK,Config 3: Exp8 1-286,text,false,Test failed: text expected to match /.*/,231,158,331,331,http://localhost:8079/?token=518504778&user=-1355064518&config=3,9444,0,1
1777922373514,9652,HTTP Request,200,OK,Config 3: Exp8 1-285,text,false,Test failed: text expected to match /.*/,231,158,331,331,http://localhost:8079/?token=518504778&user=-1355064518&config=3,9652,0,0
1777922372891,10275,HTTP Request,200,OK,Config 3: Exp8 1-282,text,false,Test failed: text expected to match /.*/,231,158,331,331,http://localhost:8079/?token=518504778&user=-1355064518&config=3,10275,0,0
1777922373099,10067,HTTP Request,200,OK,Config 3: Exp8 1-283,text,false,Test failed: text expected to match /.*/,231,158,331,331,http://localhost:8079/?token=518504778&user=-1355064518&config=3,10067,0,0
1777922373804,13069,HTTP Request,200,OK,Config 3: Exp8 1-245,text,false,Test failed: text expected to match /.*/,231,158,349,349,http://localhost:8079/?token=518504778&user=-1355064518&config=3,13069,0,0
1777922373805,13068,HTTP Request,200,OK,Config 3: Exp8 1-162,text,false,Test failed: text expected to match /.*/,231,158,349,349,http://localhost:8079/?token=518504778&user=-1355064518&config=3,13068,0,0
1777922373804,13069,HTTP Request,200,OK,Config 3: Exp8 1-32,text,false,Test failed: text expected to match /.*/,231,158,349,349,http://localhost:8079/?token=518504778&user=-1355064518&config=3,13069,0,0
1777922373803,13070,HTTP Request,200,OK,Config 3: Exp8 1-198,text,false,Test failed: text expected to match /.*/,231,158,349,349,http://localhost:8079/?token=518504778&user=-1355064518&config=3,13070,0,0
1777922373805,13069,HTTP Request,200,OK,Config 3: Exp8 1-202,text,false,Test failed: text expected to match /.*/,231,158,349,349,http://localhost:8079/?token=518504778&user=-1355064518&config=3,13069,0,0
1777922373805,13068,HTTP Request,200,OK,Config 3: Exp8 1-201,text,false,Test failed: text expected to match /.*/,231,158,349,349,http://localhost:8079/?token=518504778&user=-1355064518&config=3,13068,0,0
1777922373887,12988,HTTP Request,200,OK,Config 3: Exp8 1-19,text,false,Test failed: text expected to match /.*/,231,158,349,349,http://localhost:8079/?token=518504778&user=-1355064518&config=3,12988,0,0
1777922373888,12988,HTTP Request,200,OK,Config 3: Exp8 1-76,text,false,Test failed: text expected to match /.*/,231,158,349,349,http://localhost:8079/?token=518504778&user=-1355064518&config=3,12988,0,0
1777922373887,12989,HTTP Request,200,OK,Config 3: Exp8 1-62,text,false,Test failed: text expected to match /.*/,231,158,349,349,http://localhost:8079/?token=518504778&user=-1355064518&config=3,12989,0,0
1777922373888,12988,HTTP Request,200,OK,Config 3: Exp8 1-103,text,false,Test failed: text expected to match /.*/,231,158,349,349,http://localhost:8079/?token=518504778&user=-1355064518&config=3,12988,0,0
1777922373851,13025,HTTP Request,200,OK,Config 3: Exp8 1-246,text,false,Test failed: text expected to match /.*/,231,158,349,349,http://localhost:8079/?token=518504778&user=-1355064518&config=3,13025,0,0
1777922373887,12989,HTTP Request,200,OK,Config 3: Exp8 1-142,text,false,Test failed: text expected to match /.*/,231,158,349,349,http://localhost:8079/?token=518504778&user=-1355064518&config=3,12989,0,0
1777922373851,13025,HTTP Request,200,OK,Config 3: Exp8 1-134,text,false,Test failed: text expected to match /.*/,231,158,349,349,http://localhost:8079/?token=518504778&user=-1355064518&config=3,13025,0,0
1777922373887,12989,HTTP Request,200,OK,Config 3: Exp8 1-119,text,false,Test failed: text expected to match /.*/,231,158,349,349,http://localhost:8079/?token=518504778&user=-1355064518&config=3,12989,0,0
1777922373887,12989,HTTP Request,200,OK,Config 3: Exp8 1-105,text,false,Test failed: text expected to match /.*/,231,158,349,349,http://localhost:8079/?token=518504778&user=-1355064518&config=3,12989,0,0
1777922373889,12987,HTTP Request,200,OK,Config 3: Exp8 1-163,text,false,Test failed: text expected to match /.*/,231,158,349,349,http://localhost:8079/?token=518504778&user=-1355064518&config=3,12987,0,0
1777922373805,13071,HTTP Request,200,OK,Config 3: Exp8 1-200,text,false,Test failed: text expected to match /.*/,231,158,349,349,http://localhost:8079/?token=518504778&user=-1355064518&config=3,13071,0,0
1777922373887,12989,HTTP Request,200,OK,Config 3: Exp8 1-168,text,false,Test failed: text expected to match /.*/,231,158,349,349,http://localhost:8079/?token=518504778&user=-1355064518&config=3,12989,0,0
1777922373888,12988,HTTP Request,200,OK,Config 3: Exp8 1-170,text,false,Test failed: text expected to match /.*/,231,158,349,349,http://localhost:8079/?token=518504778&user=-1355064518&config=3,12988,0,0
1777922373887,12989,HTTP Request,200,OK,Config 3: Exp8 1-169,text,false,Test failed: text expected to match /.*/,231,158,349,349,http://localhost:8079/?token=518504778&user=-1355064518&config=3,12989,0,0
1777922373889,12988,HTTP Request,200,OK,Config 3: Exp8 1-165,text,false,Test failed: text expected to match /.*/,231,158,349,349,http://localhost:8079/?token=518504778&user=-1355064518&config=3,12988,0,0
1777922373889,12989,HTTP Request,200,OK,Config 3: Exp8 1-164,text,false,Test failed: text expected to match /.*/,231,158,349,349,http://localhost:8079/?token=518504778&user=-1355064518&config=3,12989,0,0
1777922373889,12989,HTTP Request,200,OK,Config 3: Exp8 1-203,text,false,Test failed: text expected to match /.*/,231,158,349,349,http://localhost:8079/?token=518504778&user=-1355064518&config=3,12989,0,0
1777922373889,12989,HTTP Request,200,OK,Config 3: Exp8 1-204,text,false,Test failed: text expected to match /.*/,231,158,349,349,http://localhost:8079/?token=518504778&user=-1355064518&config=3,12989,0,0
1777922373889,12989,HTTP Request,200,OK,Config 3: Exp8 1-88,text,false,Test failed: text expected to match /.*/,231,158,349,349,http://localhost:8079/?token=518504778&user=-1355064518&config=3,12989,0,0
1777922373889,12989,HTTP Request,200,OK,Config 3: Exp8 1-248,text,false,Test failed: text expected to match /.*/,231,158,349,349,http://localhost:8079/?token=518504778&user=-1355064518&config=3,12989,0,0
1777922373889,12989,HTTP Request,200,OK,Config 3: Exp8 1-249,text,false,Test failed: text expected to match /.*/,231,158,349,349,http://localhost:8079/?token=518504778&user=-1355064518&config=3,12989,0,0
1777922373889,12989,HTTP Request,200,OK,Config 3: Exp8 1-250,text,false,Test failed: text expected to match /.*/,231,158,349,349,http://localhost:8079/?token=518504778&user=-1355064518&config=3,12989,0,0
1777922373889,12989,HTTP Request,200,OK,Config 3: Exp8 1-247,text,false,Test failed: text expected to match /.*/,231,158,349,349,http://localhost:8079/?token=518504778&user=-1355064518&config=3,12989,0,0
1777922373929,12949,HTTP Request,200,OK,Config 3: Exp8 1-287,text,false,Test failed: text expected to match /.*/,231,158,349,349,http://localhost:8079/?token=518504778&user=-1355064518&config=3,12949,0,0
1777922374138,12740,HTTP Request,200,OK,Config 3: Exp8 1-288,text,false,Test failed: text expected to match /.*/,231,158,349,349,http://localhost:8079/?token=518504778&user=-1355064518&config=3,12740,0,1
1777922374346,12532,HTTP Request,200,OK,Config 3: Exp8 1-289,text,false,Test failed: text expected to match /.*/,231,158,349,349,http://localhost:8079/?token=518504778&user=-1355064518&config=3,12532,0,0
1777922374433,12666,HTTP Request,200,OK,Config 3: Exp8 1-5,text,false,Test failed: text expected to match /.*/,231,158,350,350,http://localhost:8079/?token=518504778&user=-1355064518&config=3,12666,0,0
1777922374433,12666,HTTP Request,200,OK,Config 3: Exp8 1-20,text,false,Test failed: text expected to match /.*/,231,158,350,350,http://localhost:8079/?token=518504778&user=-1355064518&config=3,12666,0,0
1777922374432,12667,HTTP Request,200,OK,Config 3: Exp8 1-18,text,false,Test failed: text expected to match /.*/,231,158,350,350,http://localhost:8079/?token=518504778&user=-1355064518&config=3,12667,0,0
1777922374433,12666,HTTP Request,200,OK,Config 3: Exp8 1-106,text,false,Test failed: text expected to match /.*/,231,158,350,350,http://localhost:8079/?token=518504778&user=-1355064518&config=3,12666,0,0
1777922374433,12666,HTTP Request,200,OK,Config 3: Exp8 1-50,text,false,Test failed: text expected to match /.*/,231,158,350,350,http://localhost:8079/?token=518504778&user=-1355064518&config=3,12666,0,0
1777922374435,12664,HTTP Request,200,OK,Config 3: Exp8 1-143,text,false,Test failed: text expected to match /.*/,231,158,350,350,http://localhost:8079/?token=518504778&user=-1355064518&config=3,12664,0,0
1777922374433,12666,HTTP Request,200,OK,Config 3: Exp8 1-91,text,false,Test failed: text expected to match /.*/,231,158,350,350,http://localhost:8079/?token=518504778&user=-1355064518&config=3,12666,0,0
1777922374435,12664,HTTP Request,200,OK,Config 3: Exp8 1-47,text,false,Test failed: text expected to match /.*/,231,158,350,350,http://localhost:8079/?token=518504778&user=-1355064518&config=3,12664,0,0
1777922374435,12664,HTTP Request,200,OK,Config 3: Exp8 1-236,text,false,Test failed: text expected to match /.*/,231,158,350,350,http://localhost:8079/?token=518504778&user=-1355064518&config=3,12664,0,0
1777922374446,12653,HTTP Request,200,OK,Config 3: Exp8 1-253,text,false,Test failed: text expected to match /.*/,231,158,350,350,http://localhost:8079/?token=518504778&user=-1355064518&config=3,12653,0,0
1777922374435,12664,HTTP Request,200,OK,Config 3: Exp8 1-235,text,false,Test failed: text expected to match /.*/,231,158,350,350,http://localhost:8079/?token=518504778&user=-1355064518&config=3,12664,0,0
1777922376892,10427,HTTP Request,200,OK,Config 3: Exp8 1-35,text,false,Test failed: text expected to match /.*/,231,158,351,351,http://localhost:8079/?token=518504778&user=-1355064518&config=3,10427,0,0
1777922376892,10427,HTTP Request,200,OK,Config 3: Exp8 1-48,text,false,Test failed: text expected to match /.*/,231,158,351,351,http://localhost:8079/?token=518504778&user=-1355064518&config=3,10427,0,0
1777922376893,10426,HTTP Request,200,OK,Config 3: Exp8 1-93,text,false,Test failed: text expected to match /.*/,231,158,351,351,http://localhost:8079/?token=518504778&user=-1355064518&config=3,10426,0,0
1777922376634,10685,HTTP Request,200,OK,Config 3: Exp8 1-300,text,false,Test failed: text expected to match /.*/,231,158,351,351,http://localhost:8079/?token=518504778&user=-1355064518&config=3,10685,0,0
1777922376892,10427,HTTP Request,200,OK,Config 3: Exp8 1-92,text,false,Test failed: text expected to match /.*/,231,158,351,351,http://localhost:8079/?token=518504778&user=-1355064518&config=3,10427,0,0
1777922376892,10427,HTTP Request,200,OK,Config 3: Exp8 1-77,text,false,Test failed: text expected to match /.*/,231,158,351,351,http://localhost:8079/?token=518504778&user=-1355064518&config=3,10427,0,0
1777922376892,10520,HTTP Request,200,OK,Config 3: Exp8 1-64,text,false,Test failed: text expected to match /.*/,231,158,351,351,http://localhost:8079/?token=518504778&user=-1355064518&config=3,10520,0,0
1777922376893,10593,HTTP Request,200,OK,Config 3: Exp8 1-146,text,false,Test failed: text expected to match /.*/,231,158,352,352,http://localhost:8079/?token=518504778&user=-1355064518&config=3,10593,0,0
1777922376894,10592,HTTP Request,200,OK,Config 3: Exp8 1-205,text,false,Test failed: text expected to match /.*/,231,158,352,352,http://localhost:8079/?token=518504778&user=-1355064518&config=3,10592,0,0
1777922376894,10594,HTTP Request,200,OK,Config 3: Exp8 1-176,text,false,Test failed: text expected to match /.*/,231,158,352,352,http://localhost:8079/?token=518504778&user=-1355064518&config=3,10594,0,0
1777922376892,10596,HTTP Request,200,OK,Config 3: Exp8 1-108,text,false,Test failed: text expected to match /.*/,231,158,352,352,http://localhost:8079/?token=518504778&user=-1355064518&config=3,10596,0,0
1777922376892,10596,HTTP Request,200,OK,Config 3: Exp8 1-120,text,false,Test failed: text expected to match /.*/,231,158,352,352,http://localhost:8079/?token=518504778&user=-1355064518&config=3,10596,0,0
1777922376893,10595,HTTP Request,200,OK,Config 3: Exp8 1-173,text,false,Test failed: text expected to match /.*/,231,158,352,352,http://localhost:8079/?token=518504778&user=-1355064518&config=3,10595,0,0
1777922377402,10086,HTTP Request,200,OK,Config 3: Exp8 1-78,text,false,Test failed: text expected to match /.*/,231,158,352,352,http://localhost:8079/?token=518504778&user=-1355064518&config=3,10086,0,0
1777922377051,10437,HTTP Request,200,OK,Config 3: Exp8 1-302,text,false,Test failed: text expected to match /.*/,231,158,352,352,http://localhost:8079/?token=518504778&user=-1355064518&config=3,10437,0,0
1777922376893,10595,HTTP Request,200,OK,Config 3: Exp8 1-175,text,false,Test failed: text expected to match /.*/,231,158,352,352,http://localhost:8079/?token=518504778&user=-1355064518&config=3,10595,0,0
1777922376892,10596,HTTP Request,200,OK,Config 3: Exp8 1-122,text,false,Test failed: text expected to match /.*/,231,158,352,352,http://localhost:8079/?token=518504778&user=-1355064518&config=3,10596,0,0
1777922376894,10594,HTTP Request,200,OK,Config 3: Exp8 1-254,text,false,Test failed: text expected to match /.*/,231,158,352,352,http://localhost:8079/?token=518504778&user=-1355064518&config=3,10594,0,0
1777922377402,10086,HTTP Request,200,OK,Config 3: Exp8 1-178,text,false,Test failed: text expected to match /.*/,231,158,352,352,http://localhost:8079/?token=518504778&user=-1355064518&config=3,10086,0,0
1777922376844,10644,HTTP Request,200,OK,Config 3: Exp8 1-301,text,false,Test failed: text expected to match /.*/,231,158,352,352,http://localhost:8079/?token=518504778&user=-1355064518&config=3,10644,0,1
1777922376892,10596,HTTP Request,200,OK,Config 3: Exp8 1-7,text,false,Test failed: text expected to match /.*/,231,158,352,352,http://localhost:8079/?token=518504778&user=-1355064518&config=3,10596,0,1
1777922377258,10230,HTTP Request,200,OK,Config 3: Exp8 1-303,text,false,Test failed: text expected to match /.*/,231,158,352,352,http://localhost:8079/?token=518504778&user=-1355064518&config=3,10230,0,0
1777922377402,10087,HTTP Request,200,OK,Config 3: Exp8 1-153,text,false,Test failed: text expected to match /.*/,231,158,352,352,http://localhost:8079/?token=518504778&user=-1355064518&config=3,10087,0,0
1777922377402,10091,HTTP Request,200,OK,Config 3: Exp8 1-215,text,false,Test failed: text expected to match /.*/,231,158,352,352,http://localhost:8079/?token=518504778&user=-1355064518&config=3,10091,0,0
1777922377403,10090,HTTP Request,200,OK,Config 3: Exp8 1-124,text,false,Test failed: text expected to match /.*/,231,158,352,352,http://localhost:8079/?token=518504778&user=-1355064518&config=3,10090,0,0
1777922377402,10091,HTTP Request,200,OK,Config 3: Exp8 1-216,text,false,Test failed: text expected to match /.*/,231,158,352,352,http://localhost:8079/?token=518504778&user=-1355064518&config=3,10091,0,0
1777922377403,10090,HTTP Request,200,OK,Config 3: Exp8 1-219,text,false,Test failed: text expected to match /.*/,231,158,352,352,http://localhost:8079/?token=518504778&user=-1355064518&config=3,10090,0,0
1777922377402,10094,HTTP Request,200,OK,Config 3: Exp8 1-218,text,false,Test failed: text expected to match /.*/,231,158,352,352,http://localhost:8079/?token=518504778&user=-1355064518&config=3,10094,0,0
1777922377403,10093,HTTP Request,200,OK,Config 3: Exp8 1-26,text,false,Test failed: text expected to match /.*/,231,158,352,352,http://localhost:8079/?token=518504778&user=-1355064518&config=3,10093,0,0
1777922377403,10093,HTTP Request,200,OK,Config 3: Exp8 1-23,text,false,Test failed: text expected to match /.*/,231,158,352,352,http://localhost:8079/?token=518504778&user=-1355064518&config=3,10093,0,0
1777922377475,10021,HTTP Request,200,OK,Config 3: Exp8 1-39,text,false,Test failed: text expected to match /.*/,231,158,352,352,http://localhost:8079/?token=518504778&user=-1355064518&config=3,10021,0,0
1777922377403,10093,HTTP Request,200,OK,Config 3: Exp8 1-179,text,false,Test failed: text expected to match /.*/,231,158,352,352,http://localhost:8079/?token=518504778&user=-1355064518&config=3,10093,0,0
1777922377478,10018,HTTP Request,200,OK,Config 3: Exp8 1-111,text,false,Test failed: text expected to match /.*/,231,158,352,352,http://localhost:8079/?token=518504778&user=-1355064518&config=3,10018,0,0
1777922377475,10021,HTTP Request,200,OK,Config 3: Exp8 1-55,text,false,Test failed: text expected to match /.*/,231,158,352,352,http://localhost:8079/?token=518504778&user=-1355064518&config=3,10021,0,0
1777922377475,10021,HTTP Request,200,OK,Config 3: Exp8 1-84,text,false,Test failed: text expected to match /.*/,231,158,352,352,http://localhost:8079/?token=518504778&user=-1355064518&config=3,10021,0,0
1777922377403,10094,HTTP Request,200,OK,Config 3: Exp8 1-256,text,false,Test failed: text expected to match /.*/,231,158,352,352,http://localhost:8079/?token=518504778&user=-1355064518&config=3,10094,0,0
1777922377402,10095,HTTP Request,200,OK,Config 3: Exp8 1-180,text,false,Test failed: text expected to match /.*/,231,158,352,352,http://localhost:8079/?token=518504778&user=-1355064518&config=3,10095,0,0
1777922377403,10094,HTTP Request,200,OK,Config 3: Exp8 1-257,text,false,Test failed: text expected to match /.*/,231,158,352,352,http://localhost:8079/?token=518504778&user=-1355064518&config=3,10094,0,0
1777922377402,10095,HTTP Request,200,OK,Config 3: Exp8 1-12,text,false,Test failed: text expected to match /.*/,231,158,352,352,http://localhost:8079/?token=518504778&user=-1355064518&config=3,10095,0,0
1777922377476,10021,HTTP Request,200,OK,Config 3: Exp8 1-220,text,false,Test failed: text expected to match /.*/,231,158,352,352,http://localhost:8079/?token=518504778&user=-1355064518&config=3,10021,0,0
1777922377403,10094,HTTP Request,200,OK,Config 3: Exp8 1-181,text,false,Test failed: text expected to match /.*/,231,158,352,352,http://localhost:8079/?token=518504778&user=-1355064518&config=3,10094,0,0
1777922377403,10094,HTTP Request,200,OK,Config 3: Exp8 1-217,text,false,Test failed: text expected to match /.*/,231,158,352,352,http://localhost:8079/?token=518504778&user=-1355064518&config=3,10094,0,0
1777922377477,10020,HTTP Request,200,OK,Config 3: Exp8 1-221,text,false,Test failed: text expected to match /.*/,231,158,352,352,http://localhost:8079/?token=518504778&user=-1355064518&config=3,10020,0,0
1777922377402,10095,HTTP Request,200,OK,Config 3: Exp8 1-255,text,false,Test failed: text expected to match /.*/,231,158,352,352,http://localhost:8079/?token=518504778&user=-1355064518&config=3,10095,0,0
1777922379615,8213,HTTP Request,500,Internal Server Error,Config 3: Exp8 1-38,text,true,,233,158,353,353,http://localhost:8079/?token=518504778&user=-1355064518&config=3,8213,0,0
1777922379616,8212,HTTP Request,500,Internal Server Error,Config 3: Exp8 1-212,text,true,,233,158,353,353,http://localhost:8079/?token=518504778&user=-1355064518&config=3,8212,0,0
1777922379615,8213,HTTP Request,500,Internal Server Error,Config 3: Exp8 1-232,text,true,,233,158,353,353,http://localhost:8079/?token=518504778&user=-1355064518&config=3,8213,0,0
1777922379615,8214,HTTP Request,500,Internal Server Error,Config 3: Exp8 1-233,text,true,,233,158,353,353,http://localhost:8079/?token=518504778&user=-1355064518&config=3,8213,0,0
1777922379615,8215,HTTP Request,500,Internal Server Error,Config 3: Exp8 1-69,text,true,,233,158,353,353,http://localhost:8079/?token=518504778&user=-1355064518&config=3,8215,0,0
1777922379616,8214,HTTP Request,500,Internal Server Error,Config 3: Exp8 1-213,text,true,,233,158,353,353,http://localhost:8079/?token=518504778&user=-1355064518&config=3,8214,0,0
1777922379616,8214,HTTP Request,500,Internal Server Error,Config 3: Exp8 1-214,text,true,,233,158,353,353,http://localhost:8079/?token=518504778&user=-1355064518&config=3,8214,0,0
1777922379785,8045,HTTP Request,500,Internal Server Error,Config 3: Exp8 1-186,text,true,,233,158,353,353,http://localhost:8079/?token=518504778&user=-1355064518&config=3,8045,0,0
1777922379614,8216,HTTP Request,500,Internal Server Error,Config 3: Exp8 1-24,text,true,,233,158,353,353,http://localhost:8079/?token=518504778&user=-1355064518&config=3,8216,0,1
1777922379615,8215,HTTP Request,500,Internal Server Error,Config 3: Exp8 1-9,text,true,,233,158,353,353,http://localhost:8079/?token=518504778&user=-1355064518&config=3,8215,0,1
1777922379963,7867,HTTP Request,500,Internal Server Error,Config 3: Exp8 1-316,text,true,,233,158,353,353,http://localhost:8079/?token=518504778&user=-1355064518&config=3,7867,0,0
1777922379785,8045,HTTP Request,500,Internal Server Error,Config 3: Exp8 1-185,text,true,,233,158,353,353,http://localhost:8079/?token=518504778&user=-1355064518&config=3,8045,0,0
1777922379754,8077,HTTP Request,500,Internal Server Error,Config 3: Exp8 1-315,text,true,,233,158,353,353,http://localhost:8079/?token=518504778&user=-1355064518&config=3,8076,0,1
1777922380379,7452,HTTP Request,500,Internal Server Error,Config 3: Exp8 1-318,text,true,,233,158,353,353,http://localhost:8079/?token=518504778&user=-1355064518&config=3,7452,0,0
1777922379785,8046,HTTP Request,500,Internal Server Error,Config 3: Exp8 1-29,text,true,,233,158,353,353,http://localhost:8079/?token=518504778&user=-1355064518&config=3,8046,0,0
1777922380171,7660,HTTP Request,500,Internal Server Error,Config 3: Exp8 1-317,text,true,,233,158,353,353,http://localhost:8079/?token=518504778&user=-1355064518&config=3,7659,0,0
1777922380587,7244,HTTP Request,500,Internal Server Error,Config 3: Exp8 1-319,text,true,,233,158,353,353,http://localhost:8079/?token=518504778&user=-1355064518&config=3,7244,0,1
1777922379785,8046,HTTP Request,500,Internal Server Error,Config 3: Exp8 1-14,text,true,,233,158,353,353,http://localhost:8079/?token=518504778&user=-1355064518&config=3,8046,0,0
1777922379785,8046,HTTP Request,500,Internal Server Error,Config 3: Exp8 1-2,text,true,,233,158,353,353,http://localhost:8079/?token=518504778&user=-1355064518&config=3,8045,0,0
1777922379785,8046,HTTP Request,500,Internal Server Error,Config 3: Exp8 1-191,text,true,,233,158,353,353,http://localhost:8079/?token=518504778&user=-1355064518&config=3,8046,0,0
1777922374763,13262,HTTP Request,200,OK,Config 3: Exp8 1-291,text,false,Test failed: text expected to match /.*/,231,158,354,354,http://localhost:8079/?token=518504778&user=-1355064518&config=3,13262,0,0
1777922375386,12640,HTTP Request,200,OK,Config 3: Exp8 1-294,text,false,Test failed: text expected to match /.*/,231,158,354,354,http://localhost:8079/?token=518504778&user=-1355064518&config=3,12640,0,0
1777922375179,12847,HTTP Request,200,OK,Config 3: Exp8 1-293,text,false,Test failed: text expected to match /.*/,231,158,354,354,http://localhost:8079/?token=518504778&user=-1355064518&config=3,12847,0,0
1777922374971,13055,HTTP Request,200,OK,Config 3: Exp8 1-292,text,false,Test failed: text expected to match /.*/,231,158,354,354,http://localhost:8079/?token=518504778&user=-1355064518&config=3,13055,0,0
1777922374555,13471,HTTP Request,200,OK,Config 3: Exp8 1-290,text,false,Test failed: text expected to match /.*/,231,158,354,354,http://localhost:8079/?token=518504778&user=-1355064518&config=3,13471,0,1
1777922375594,12432,HTTP Request,200,OK,Config 3: Exp8 1-295,text,false,Test failed: text expected to match /.*/,231,158,354,354,http://localhost:8079/?token=518504778&user=-1355064518&config=3,12432,0,1
1777922374610,13416,HTTP Request,200,OK,Config 3: Exp8 1-182,text,false,Test failed: text expected to match /.*/,231,158,354,354,http://localhost:8079/?token=518504778&user=-1355064518&config=3,13416,0,1
1777922374610,13416,HTTP Request,200,OK,Config 3: Exp8 1-157,text,false,Test failed: text expected to match /.*/,231,158,354,354,http://localhost:8079/?token=518504778&user=-1355064518&config=3,13416,0,1
1777922374610,13416,HTTP Request,200,OK,Config 3: Exp8 1-260,text,false,Test failed: text expected to match /.*/,231,158,354,354,http://localhost:8079/?token=518504778&user=-1355064518&config=3,13416,0,8
1777922374610,13416,HTTP Request,200,OK,Config 3: Exp8 1-110,text,false,Test failed: text expected to match /.*/,231,158,354,354,http://localhost:8079/?token=518504778&user=-1355064518&config=3,13416,0,1
1777922374610,13416,HTTP Request,200,OK,Config 3: Exp8 1-183,text,false,Test failed: text expected to match /.*/,231,158,354,354,http://localhost:8079/?token=518504778&user=-1355064518&config=3,13416,0,8
1777922375803,12224,HTTP Request,200,OK,Config 3: Exp8 1-296,text,false,Test failed: text expected to match /.*/,231,158,354,354,http://localhost:8079/?token=518504778&user=-1355064518&config=3,12224,0,0
1777922374610,13417,HTTP Request,200,OK,Config 3: Exp8 1-259,text,false,Test failed: text expected to match /.*/,231,158,354,354,http://localhost:8079/?token=518504778&user=-1355064518&config=3,13417,0,8
1777922376218,11809,HTTP Request,200,OK,Config 3: Exp8 1-298,text,false,Test failed: text expected to match /.*/,231,158,354,354,http://localhost:8079/?token=518504778&user=-1355064518&config=3,11809,0,0
1777922376010,12017,HTTP Request,200,OK,Config 3: Exp8 1-297,text,false,Test failed: text expected to match /.*/,231,158,354,354,http://localhost:8079/?token=518504778&user=-1355064518&config=3,12017,0,1
1777922376427,11600,HTTP Request,200,OK,Config 3: Exp8 1-299,text,false,Test failed: text expected to match /.*/,231,158,354,354,http://localhost:8079/?token=518504778&user=-1355064518&config=3,11600,0,0
1777922377478,13387,HTTP Request,200,OK,Config 3: Exp8 1-68,text,false,Test failed: text expected to match /.*/,231,158,368,368,http://localhost:8079/?token=518504778&user=-1355064518&config=3,13387,0,0
1777922377467,13398,HTTP Request,200,OK,Config 3: Exp8 1-304,text,false,Test failed: text expected to match /.*/,231,158,368,368,http://localhost:8079/?token=518504778&user=-1355064518&config=3,13398,0,0
1777922377478,13387,HTTP Request,200,OK,Config 3: Exp8 1-126,text,false,Test failed: text expected to match /.*/,231,158,368,368,http://localhost:8079/?token=518504778&user=-1355064518&config=3,13387,0,0
1777922377476,13389,HTTP Request,200,OK,Config 3: Exp8 1-81,text,false,Test failed: text expected to match /.*/,231,158,368,368,http://localhost:8079/?token=518504778&user=-1355064518&config=3,13389,0,0
1777922377475,13390,HTTP Request,200,OK,Config 3: Exp8 1-83,text,false,Test failed: text expected to match /.*/,231,158,368,368,http://localhost:8079/?token=518504778&user=-1355064518&config=3,13390,0,0
1777922377477,13388,HTTP Request,200,OK,Config 3: Exp8 1-82,text,false,Test failed: text expected to match /.*/,231,158,368,368,http://localhost:8079/?token=518504778&user=-1355064518&config=3,13388,0,0
1777922377475,13390,HTTP Request,200,OK,Config 3: Exp8 1-10,text,false,Test failed: text expected to match /.*/,231,158,368,368,http://localhost:8079/?token=518504778&user=-1355064518&config=3,13390,0,1
1777922377477,13388,HTTP Request,200,OK,Config 3: Exp8 1-129,text,false,Test failed: text expected to match /.*/,231,158,368,368,http://localhost:8079/?token=518504778&user=-1355064518&config=3,13388,0,0
1777922377477,13388,HTTP Request,200,OK,Config 3: Exp8 1-11,text,false,Test failed: text expected to match /.*/,231,158,368,368,http://localhost:8079/?token=518504778&user=-1355064518&config=3,13388,0,1
1777922377674,13192,HTTP Request,200,OK,Config 3: Exp8 1-305,text,false,Test failed: text expected to match /.*/,231,158,368,368,http://localhost:8079/?token=518504778&user=-1355064518&config=3,13192,0,1
1777922378035,12831,HTTP Request,200,OK,Config 3: Exp8 1-52,text,false,Test failed: text expected to match /.*/,231,158,368,368,http://localhost:8079/?token=518504778&user=-1355064518&config=3,12831,0,0
1777922378036,12830,HTTP Request,200,OK,Config 3: Exp8 1-66,text,false,Test failed: text expected to match /.*/,231,158,368,368,http://localhost:8079/?token=518504778&user=-1355064518&config=3,12830,0,0
1777922378036,12830,HTTP Request,200,OK,Config 3: Exp8 1-258,text,false,Test failed: text expected to match /.*/,231,158,368,368,http://localhost:8079/?token=518504778&user=-1355064518&config=3,12830,0,0
1777922378036,12830,HTTP Request,200,OK,Config 3: Exp8 1-123,text,false,Test failed: text expected to match /.*/,231,158,368,368,http://localhost:8079/?token=518504778&user=-1355064518&config=3,12830,0,0
1777922378035,12831,HTTP Request,200,OK,Config 3: Exp8 1-208,text,false,Test failed: text expected to match /.*/,231,158,368,368,http://localhost:8079/?token=518504778&user=-1355064518&config=3,12831,0,0
1777922378035,12831,HTTP Request,200,OK,Config 3: Exp8 1-177,text,false,Test failed: text expected to match /.*/,231,158,368,368,http://localhost:8079/?token=518504778&user=-1355064518&config=3,12831,0,0
1777922378035,12831,HTTP Request,200,OK,Config 3: Exp8 1-121,text,false,Test failed: text expected to match /.*/,231,158,368,368,http://localhost:8079/?token=518504778&user=-1355064518&config=3,12831,0,0
1777922378036,12830,HTTP Request,200,OK,Config 3: Exp8 1-149,text,false,Test failed: text expected to match /.*/,231,158,368,368,http://localhost:8079/?token=518504778&user=-1355064518&config=3,12830,0,0
1777922378039,12827,HTTP Request,200,OK,Config 3: Exp8 1-80,text,false,Test failed: text expected to match /.*/,231,158,368,368,http://localhost:8079/?token=518504778&user=-1355064518&config=3,12827,0,0
1777922378035,12831,HTTP Request,200,OK,Config 3: Exp8 1-49,text,false,Test failed: text expected to match /.*/,231,158,368,368,http://localhost:8079/?token=518504778&user=-1355064518&config=3,12831,0,0
1777922377883,12983,HTTP Request,200,OK,Config 3: Exp8 1-306,text,false,Test failed: text expected to match /.*/,231,158,368,368,http://localhost:8079/?token=518504778&user=-1355064518&config=3,12983,0,0
1777922378036,12830,HTTP Request,200,OK,Config 3: Exp8 1-36,text,false,Test failed: text expected to match /.*/,231,158,368,368,http://localhost:8079/?token=518504778&user=-1355064518&config=3,12830,0,0
1777922378090,12777,HTTP Request,200,OK,Config 3: Exp8 1-307,text,false,Test failed: text expected to match /.*/,231,158,368,368,http://localhost:8079/?token=518504778&user=-1355064518&config=3,12777,0,0
1777922378037,12830,HTTP Request,200,OK,Config 3: Exp8 1-22,text,false,Test failed: text expected to match /.*/,231,158,368,368,http://localhost:8079/?token=518504778&user=-1355064518&config=3,12830,0,0
1777922378039,12828,HTTP Request,200,OK,Config 3: Exp8 1-25,text,false,Test failed: text expected to match /.*/,231,158,368,368,http://localhost:8079/?token=518504778&user=-1355064518&config=3,12828,0,0
1777922378039,12828,HTTP Request,200,OK,Config 3: Exp8 1-95,text,false,Test failed: text expected to match /.*/,231,158,368,368,http://localhost:8079/?token=518504778&user=-1355064518&config=3,12828,0,0
1777922378038,12829,HTTP Request,200,OK,Config 3: Exp8 1-37,text,false,Test failed: text expected to match /.*/,231,158,368,368,http://localhost:8079/?token=518504778&user=-1355064518&config=3,12829,0,0
1777922378039,12828,HTTP Request,200,OK,Config 3: Exp8 1-54,text,false,Test failed: text expected to match /.*/,231,158,368,368,http://localhost:8079/?token=518504778&user=-1355064518&config=3,12828,0,0
1777922378039,12828,HTTP Request,200,OK,Config 3: Exp8 1-130,text,false,Test failed: text expected to match /.*/,231,158,368,368,http://localhost:8079/?token=518504778&user=-1355064518&config=3,12828,0,0
1777922378039,12828,HTTP Request,200,OK,Config 3: Exp8 1-152,text,false,Test failed: text expected to match /.*/,231,158,368,368,http://localhost:8079/?token=518504778&user=-1355064518&config=3,12828,0,0
1777922378037,12830,HTTP Request,200,OK,Config 3: Exp8 1-51,text,false,Test failed: text expected to match /.*/,231,158,368,368,http://localhost:8079/?token=518504778&user=-1355064518&config=3,12830,0,0
1777922378039,12828,HTTP Request,200,OK,Config 3: Exp8 1-128,text,false,Test failed: text expected to match /.*/,231,158,368,368,http://localhost:8079/?token=518504778&user=-1355064518&config=3,12828,0,0
1777922378037,12830,HTTP Request,200,OK,Config 3: Exp8 1-148,text,false,Test failed: text expected to match /.*/,231,158,368,368,http://localhost:8079/?token=518504778&user=-1355064518&config=3,12830,0,0
1777922378039,12828,HTTP Request,200,OK,Config 3: Exp8 1-67,text,false,Test failed: text expected to match /.*/,231,158,368,368,http://localhost:8079/?token=518504778&user=-1355064518&config=3,12828,0,0
1777922378039,12828,HTTP Request,200,OK,Config 3: Exp8 1-96,text,false,Test failed: text expected to match /.*/,231,158,368,368,http://localhost:8079/?token=518504778&user=-1355064518&config=3,12828,0,0
1777922378038,12829,HTTP Request,200,OK,Config 3: Exp8 1-151,text,false,Test failed: text expected to match /.*/,231,158,368,368,http://localhost:8079/?token=518504778&user=-1355064518&config=3,12829,0,0
1777922378039,12829,HTTP Request,200,OK,Config 3: Exp8 1-154,text,false,Test failed: text expected to match /.*/,231,158,368,368,http://localhost:8079/?token=518504778&user=-1355064518&config=3,12829,0,0
1777922378039,12829,HTTP Request,200,OK,Config 3: Exp8 1-125,text,false,Test failed: text expected to match /.*/,231,158,368,368,http://localhost:8079/?token=518504778&user=-1355064518&config=3,12828,0,0
1777922378039,12829,HTTP Request,200,OK,Config 3: Exp8 1-109,text,false,Test failed: text expected to match /.*/,231,158,368,368,http://localhost:8079/?token=518504778&user=-1355064518&config=3,12828,0,0
1777922378039,12829,HTTP Request,200,OK,Config 3: Exp8 1-112,text,false,Test failed: text expected to match /.*/,231,158,368,368,http://localhost:8079/?token=518504778&user=-1355064518&config=3,12828,0,0
1777922378039,12829,HTTP Request,200,OK,Config 3: Exp8 1-127,text,false,Test failed: text expected to match /.*/,231,158,368,368,http://localhost:8079/?token=518504778&user=-1355064518&config=3,12829,0,0
1777922378039,12829,HTTP Request,200,OK,Config 3: Exp8 1-150,text,false,Test failed: text expected to match /.*/,231,158,368,368,http://localhost:8079/?token=518504778&user=-1355064518&config=3,12829,0,0
1777922378039,12829,HTTP Request,200,OK,Config 3: Exp8 1-97,text,false,Test failed: text expected to match /.*/,231,158,368,368,http://localhost:8079/?token=518504778&user=-1355064518&config=3,12828,0,0
1777922378038,12830,HTTP Request,200,OK,Config 3: Exp8 1-209,text,false,Test failed: text expected to match /.*/,231,158,368,368,http://localhost:8079/?token=518504778&user=-1355064518&config=3,12830,0,0
1777922378039,12829,HTTP Request,200,OK,Config 3: Exp8 1-210,text,false,Test failed: text expected to match /.*/,231,158,368,368,http://localhost:8079/?token=518504778&user=-1355064518&config=3,12829,0,0
1777922378039,12829,HTTP Request,200,OK,Config 3: Exp8 1-53,text,false,Test failed: text expected to match /.*/,231,158,368,368,http://localhost:8079/?token=518504778&user=-1355064518&config=3,12829,0,0
1777922378039,12829,HTTP Request,200,OK,Config 3: Exp8 1-65,text,false,Test failed: text expected to match /.*/,231,158,368,368,http://localhost:8079/?token=518504778&user=-1355064518&config=3,12829,0,0
1777922378039,12829,HTTP Request,200,OK,Config 3: Exp8 1-40,text,false,Test failed: text expected to match /.*/,231,158,368,368,http://localhost:8079/?token=518504778&user=-1355064518&config=3,12829,0,0
1777922378298,12570,HTTP Request,200,OK,Config 3: Exp8 1-308,text,false,Test failed: text expected to match /.*/,231,158,368,368,http://localhost:8079/?token=518504778&user=-1355064518&config=3,12570,0,0
1777922378037,12831,HTTP Request,200,OK,Config 3: Exp8 1-8,text,false,Test failed: text expected to match /.*/,231,158,368,368,http://localhost:8079/?token=518504778&user=-1355064518&config=3,12831,0,0
1777922378506,12485,HTTP Request,200,OK,Config 3: Exp8 1-309,text,false,Test failed: text expected to match /.*/,231,158,369,369,http://localhost:8079/?token=518504778&user=-1355064518&config=3,12485,0,0
1777922378421,12570,HTTP Request,200,OK,Config 3: Exp8 1-45,text,false,Test failed: text expected to match /.*/,231,158,369,369,http://localhost:8079/?token=518504778&user=-1355064518&config=3,12570,0,0
1777922378418,12573,HTTP Request,200,OK,Config 3: Exp8 1-43,text,false,Test failed: text expected to match /.*/,231,158,369,369,http://localhost:8079/?token=518504778&user=-1355064518&config=3,12573,0,0
1777922378419,12572,HTTP Request,200,OK,Config 3: Exp8 1-44,text,false,Test failed: text expected to match /.*/,231,158,369,369,http://localhost:8079/?token=518504778&user=-1355064518&config=3,12572,0,0
1777922379615,11376,HTTP Request,200,OK,Config 3: Exp8 1-42,text,false,Test failed: text expected to match /.*/,231,158,369,369,http://localhost:8079/?token=518504778&user=-1355064518&config=3,11376,0,0
1777922379615,11376,HTTP Request,200,OK,Config 3: Exp8 1-41,text,false,Test failed: text expected to match /.*/,231,158,369,369,http://localhost:8079/?token=518504778&user=-1355064518&config=3,11376,0,0
1777922379614,11377,HTTP Request,200,OK,Config 3: Exp8 1-27,text,false,Test failed: text expected to match /.*/,231,158,369,369,http://localhost:8079/?token=518504778&user=-1355064518&config=3,11377,0,0
1777922378417,12576,HTTP Request,200,OK,Config 3: Exp8 1-56,text,false,Test failed: text expected to match /.*/,231,158,369,369,http://localhost:8079/?token=518504778&user=-1355064518&config=3,12576,0,0
1777922378419,12574,HTTP Request,200,OK,Config 3: Exp8 1-58,text,false,Test failed: text expected to match /.*/,231,158,369,369,http://localhost:8079/?token=518504778&user=-1355064518&config=3,12574,0,0
1777922378419,12574,HTTP Request,200,OK,Config 3: Exp8 1-73,text,false,Test failed: text expected to match /.*/,231,158,369,369,http://localhost:8079/?token=518504778&user=-1355064518&config=3,12574,0,0
1777922378419,12574,HTTP Request,200,OK,Config 3: Exp8 1-59,text,false,Test failed: text expected to match /.*/,231,158,369,369,http://localhost:8079/?token=518504778&user=-1355064518&config=3,12574,0,0
1777922378417,12576,HTTP Request,200,OK,Config 3: Exp8 1-70,text,false,Test failed: text expected to match /.*/,231,158,369,369,http://localhost:8079/?token=518504778&user=-1355064518&config=3,12576,0,0
1777922378419,12574,HTTP Request,200,OK,Config 3: Exp8 1-87,text,false,Test failed: text expected to match /.*/,231,158,369,369,http://localhost:8079/?token=518504778&user=-1355064518&config=3,12574,0,0
1777922378420,12573,HTTP Request,200,OK,Config 3: Exp8 1-57,text,false,Test failed: text expected to match /.*/,231,158,369,369,http://localhost:8079/?token=518504778&user=-1355064518&config=3,12573,0,0
1777922378418,12575,HTTP Request,200,OK,Config 3: Exp8 1-85,text,false,Test failed: text expected to match /.*/,231,158,369,369,http://localhost:8079/?token=518504778&user=-1355064518&config=3,12575,0,0
1777922379615,11378,HTTP Request,200,OK,Config 3: Exp8 1-114,text,false,Test failed: text expected to match /.*/,231,158,369,369,http://localhost:8079/?token=518504778&user=-1355064518&config=3,11378,0,0
1777922378421,12572,HTTP Request,200,OK,Config 3: Exp8 1-131,text,false,Test failed: text expected to match /.*/,231,158,369,369,http://localhost:8079/?token=518504778&user=-1355064518&config=3,12572,0,0
1777922379615,11378,HTTP Request,200,OK,Config 3: Exp8 1-113,text,false,Test failed: text expected to match /.*/,231,158,369,369,http://localhost:8079/?token=518504778&user=-1355064518&config=3,11378,0,0
1777922379615,11378,HTTP Request,200,OK,Config 3: Exp8 1-99,text,false,Test failed: text expected to match /.*/,231,158,369,369,http://localhost:8079/?token=518504778&user=-1355064518&config=3,11378,0,0
1777922378420,12573,HTTP Request,200,OK,Config 3: Exp8 1-98,text,false,Test failed: text expected to match /.*/,231,158,369,369,http://localhost:8079/?token=518504778&user=-1355064518&config=3,12573,0,0
1777922378420,12573,HTTP Request,200,OK,Config 3: Exp8 1-155,text,false,Test failed: text expected to match /.*/,231,158,369,369,http://localhost:8079/?token=518504778&user=-1355064518&config=3,12573,0,0
1777922378419,12574,HTTP Request,200,OK,Config 3: Exp8 1-136,text,false,Test failed: text expected to match /.*/,231,158,369,369,http://localhost:8079/?token=518504778&user=-1355064518&config=3,12574,0,0
1777922378419,12574,HTTP Request,200,OK,Config 3: Exp8 1-189,text,false,Test failed: text expected to match /.*/,231,158,369,369,http://localhost:8079/?token=518504778&user=-1355064518&config=3,12574,0,0
1777922378419,12574,HTTP Request,200,OK,Config 3: Exp8 1-137,text,false,Test failed: text expected to match /.*/,231,158,369,369,http://localhost:8079/?token=518504778&user=-1355064518&config=3,12574,0,0
1777922379615,11378,HTTP Request,200,OK,Config 3: Exp8 1-211,text,false,Test failed: text expected to match /.*/,231,158,369,369,http://localhost:8079/?token=518504778&user=-1355064518&config=3,11378,0,0
1777922379615,11378,HTTP Request,200,OK,Config 3: Exp8 1-222,text,false,Test failed: text expected to match /.*/,231,158,369,369,http://localhost:8079/?token=518504778&user=-1355064518&config=3,11378,0,0
1777922378421,12572,HTTP Request,200,OK,Config 3: Exp8 1-156,text,false,Test failed: text expected to match /.*/,231,158,369,369,http://localhost:8079/?token=518504778&user=-1355064518&config=3,12572,0,0
1777922378420,12573,HTTP Request,200,OK,Config 3: Exp8 1-223,text,false,Test failed: text expected to match /.*/,231,158,369,369,http://localhost:8079/?token=518504778&user=-1355064518&config=3,12573,0,0
1777922378419,12574,HTTP Request,200,OK,Config 3: Exp8 1-224,text,false,Test failed: text expected to match /.*/,231,158,369,369,http://localhost:8079/?token=518504778&user=-1355064518&config=3,12574,0,0
1777922378418,12575,HTTP Request,200,OK,Config 3: Exp8 1-187,text,false,Test failed: text expected to match /.*/,231,158,369,369,http://localhost:8079/?token=518504778&user=-1355064518&config=3,12575,0,0
1777922378420,12573,HTTP Request,200,OK,Config 3: Exp8 1-225,text,false,Test failed: text expected to match /.*/,231,158,369,369,http://localhost:8079/?token=518504778&user=-1355064518&config=3,12573,0,0
1777922378420,12573,HTTP Request,200,OK,Config 3: Exp8 1-226,text,false,Test failed: text expected to match /.*/,231,158,369,369,http://localhost:8079/?token=518504778&user=-1355064518&config=3,12573,0,0
1777922378420,12573,HTTP Request,200,OK,Config 3: Exp8 1-135,text,false,Test failed: text expected to match /.*/,231,158,369,369,http://localhost:8079/?token=518504778&user=-1355064518&config=3,12573,0,0
1777922378420,12573,HTTP Request,200,OK,Config 3: Exp8 1-227,text,false,Test failed: text expected to match /.*/,231,158,369,369,http://localhost:8079/?token=518504778&user=-1355064518&config=3,12573,0,0
1777922378420,12573,HTTP Request,200,OK,Config 3: Exp8 1-184,text,false,Test failed: text expected to match /.*/,231,158,369,369,http://localhost:8079/?token=518504778&user=-1355064518&config=3,12573,0,0
1777922378420,12573,HTTP Request,200,OK,Config 3: Exp8 1-228,text,false,Test failed: text expected to match /.*/,231,158,369,369,http://localhost:8079/?token=518504778&user=-1355064518&config=3,12573,0,0
1777922378890,12103,HTTP Request,200,OK,Config 3: Exp8 1-101,text,false,Test failed: text expected to match /.*/,231,158,369,369,http://localhost:8079/?token=518504778&user=-1355064518&config=3,12103,0,0
1777922378418,12575,HTTP Request,200,OK,Config 3: Exp8 1-161,text,false,Test failed: text expected to match /.*/,231,158,369,369,http://localhost:8079/?token=518504778&user=-1355064518&config=3,12575,0,0
1777922379615,11378,HTTP Request,200,OK,Config 3: Exp8 1-261,text,false,Test failed: text expected to match /.*/,231,158,369,369,http://localhost:8079/?token=518504778&user=-1355064518&config=3,11378,0,0
1777922378773,12220,HTTP Request,200,OK,Config 3: Exp8 1-132,text,false,Test failed: text expected to match /.*/,231,158,369,369,http://localhost:8079/?token=518504778&user=-1355064518&config=3,12220,0,0
1777922378714,12279,HTTP Request,200,OK,Config 3: Exp8 1-310,text,false,Test failed: text expected to match /.*/,231,158,369,369,http://localhost:8079/?token=518504778&user=-1355064518&config=3,12279,0,0
1777922378417,12576,HTTP Request,200,OK,Config 3: Exp8 1-133,text,false,Test failed: text expected to match /.*/,231,158,369,369,http://localhost:8079/?token=518504778&user=-1355064518&config=3,12576,0,0
1777922378417,12576,HTTP Request,200,OK,Config 3: Exp8 1-13,text,false,Test failed: text expected to match /.*/,231,158,369,369,http://localhost:8079/?token=518504778&user=-1355064518&config=3,12576,0,0
1777922378419,12574,HTTP Request,200,OK,Config 3: Exp8 1-102,text,false,Test failed: text expected to match /.*/,231,158,369,369,http://localhost:8079/?token=518504778&user=-1355064518&config=3,12574,0,0
1777922379130,11863,HTTP Request,200,OK,Config 3: Exp8 1-312,text,false,Test failed: text expected to match /.*/,231,158,369,369,http://localhost:8079/?token=518504778&user=-1355064518&config=3,11863,0,0
1777922378419,12574,HTTP Request,200,OK,Config 3: Exp8 1-267,text,false,Test failed: text expected to match /.*/,231,158,369,369,http://localhost:8079/?token=518504778&user=-1355064518&config=3,12574,0,0
1777922378922,12071,HTTP Request,200,OK,Config 3: Exp8 1-311,text,false,Test failed: text expected to match /.*/,231,158,369,369,http://localhost:8079/?token=518504778&user=-1355064518&config=3,12071,0,0
1777922379338,11655,HTTP Request,200,OK,Config 3: Exp8 1-313,text,false,Test failed: text expected to match /.*/,231,158,369,369,http://localhost:8079/?token=518504778&user=-1355064518&config=3,11655,0,1
1777922379616,11377,HTTP Request,200,OK,Config 3: Exp8 1-262,text,false,Test failed: text expected to match /.*/,231,158,369,369,http://localhost:8079/?token=518504778&user=-1355064518&config=3,11377,0,0
1777922379546,11447,HTTP Request,200,OK,Config 3: Exp8 1-314,text,false,Test failed: text expected to match /.*/,231,158,369,369,http://localhost:8079/?token=518504778&user=-1355064518&config=3,11447,0,1
1777922381493,11652,HTTP Request,200,OK,Config 3: Exp8 1-167,text,false,Test failed: text expected to match /.*/,231,158,379,379,http://localhost:8079/?token=518504778&user=-1355064518&config=3,11652,0,0
1777922381493,11652,HTTP Request,200,OK,Config 3: Exp8 1-241,text,false,Test failed: text expected to match /.*/,231,158,379,379,http://localhost:8079/?token=518504778&user=-1355064518&config=3,11652,0,0
1777922381494,11651,HTTP Request,200,OK,Config 3: Exp8 1-94,text,false,Test failed: text expected to match /.*/,231,158,379,379,http://localhost:8079/?token=518504778&user=-1355064518&config=3,11651,0,0
1777922381560,11585,HTTP Request,200,OK,Config 3: Exp8 1-86,text,false,Test failed: text expected to match /.*/,231,158,379,379,http://localhost:8079/?token=518504778&user=-1355064518&config=3,11585,0,0
1777922381560,11585,HTTP Request,200,OK,Config 3: Exp8 1-100,text,false,Test failed: text expected to match /.*/,231,158,379,379,http://localhost:8079/?token=518504778&user=-1355064518&config=3,11585,0,0
1777922381560,11585,HTTP Request,200,OK,Config 3: Exp8 1-195,text,false,Test failed: text expected to match /.*/,231,158,379,379,http://localhost:8079/?token=518504778&user=-1355064518&config=3,11585,0,0
1777922381559,11586,HTTP Request,200,OK,Config 3: Exp8 1-196,text,false,Test failed: text expected to match /.*/,231,158,379,379,http://localhost:8079/?token=518504778&user=-1355064518&config=3,11586,0,0
1777922381419,11726,HTTP Request,200,OK,Config 3: Exp8 1-323,text,false,Test failed: text expected to match /.*/,231,158,379,379,http://localhost:8079/?token=518504778&user=-1355064518&config=3,11726,0,1
1777922381494,11652,HTTP Request,200,OK,Config 3: Exp8 1-199,text,false,Test failed: text expected to match /.*/,231,158,379,379,http://localhost:8079/?token=518504778&user=-1355064518&config=3,11652,0,0
1777922381493,11653,HTTP Request,200,OK,Config 3: Exp8 1-244,text,false,Test failed: text expected to match /.*/,231,158,379,379,http://localhost:8079/?token=518504778&user=-1355064518&config=3,11653,0,0
1777922381560,11586,HTTP Request,200,OK,Config 3: Exp8 1-268,text,false,Test failed: text expected to match /.*/,231,158,379,379,http://localhost:8079/?token=518504778&user=-1355064518&config=3,11586,0,0
1777922381559,11587,HTTP Request,200,OK,Config 3: Exp8 1-193,text,false,Test failed: text expected to match /.*/,231,158,379,379,http://localhost:8079/?token=518504778&user=-1355064518&config=3,11587,0,0
1777922381558,11588,HTTP Request,200,OK,Config 3: Exp8 1-72,text,false,Test failed: text expected to match /.*/,231,158,379,379,http://localhost:8079/?token=518504778&user=-1355064518&config=3,11588,0,0
1777922381560,11586,HTTP Request,200,OK,Config 3: Exp8 1-230,text,false,Test failed: text expected to match /.*/,231,158,379,379,http://localhost:8079/?token=518504778&user=-1355064518&config=3,11586,0,0
1777922381558,11588,HTTP Request,200,OK,Config 3: Exp8 1-117,text,false,Test failed: text expected to match /.*/,231,158,379,379,http://localhost:8079/?token=518504778&user=-1355064518&config=3,11588,0,0
1777922381558,11588,HTTP Request,200,OK,Config 3: Exp8 1-116,text,false,Test failed: text expected to match /.*/,231,158,379,379,http://localhost:8079/?token=518504778&user=-1355064518&config=3,11588,0,0
1777922381560,11586,HTTP Request,200,OK,Config 3: Exp8 1-231,text,false,Test failed: text expected to match /.*/,231,158,379,379,http://localhost:8079/?token=518504778&user=-1355064518&config=3,11586,0,0
1777922381560,11586,HTTP Request,200,OK,Config 3: Exp8 1-229,text,false,Test failed: text expected to match /.*/,231,158,379,379,http://localhost:8079/?token=518504778&user=-1355064518&config=3,11586,0,0
1777922381558,11902,HTTP Request,200,OK,Config 3: Exp8 1-192,text,false,Test failed: text expected to match /.*/,231,158,380,380,http://localhost:8079/?token=518504778&user=-1355064518&config=3,11902,0,0
1777922381560,11900,HTTP Request,200,OK,Config 3: Exp8 1-194,text,false,Test failed: text expected to match /.*/,231,158,380,380,http://localhost:8079/?token=518504778&user=-1355064518&config=3,11900,0,0
1777922381560,11900,HTTP Request,200,OK,Config 3: Exp8 1-269,text,false,Test failed: text expected to match /.*/,231,158,380,380,http://localhost:8079/?token=518504778&user=-1355064518&config=3,11900,0,0
1777922381560,11902,HTTP Request,200,OK,Config 3: Exp8 1-197,text,false,Test failed: text expected to match /.*/,231,158,380,380,http://localhost:8079/?token=518504778&user=-1355064518&config=3,11902,0,0
1777922381556,11906,HTTP Request,200,OK,Config 3: Exp8 1-118,text,false,Test failed: text expected to match /.*/,231,158,380,380,http://localhost:8079/?token=518504778&user=-1355064518&config=3,11906,0,1
1777922381556,11906,HTTP Request,200,OK,Config 3: Exp8 1-145,text,false,Test failed: text expected to match /.*/,231,158,380,380,http://localhost:8079/?token=518504778&user=-1355064518&config=3,11906,0,1
1777922381555,11907,HTTP Request,200,OK,Config 3: Exp8 1-251,text,false,Test failed: text expected to match /.*/,231,158,380,380,http://localhost:8079/?token=518504778&user=-1355064518&config=3,11907,0,1
1777922381556,11906,HTTP Request,200,OK,Config 3: Exp8 1-252,text,false,Test failed: text expected to match /.*/,231,158,380,380,http://localhost:8079/?token=518504778&user=-1355064518&config=3,11906,0,0
1777922381556,11906,HTTP Request,200,OK,Config 3: Exp8 1-79,text,false,Test failed: text expected to match /.*/,231,158,380,380,http://localhost:8079/?token=518504778&user=-1355064518&config=3,11906,0,1
1777922381556,11906,HTTP Request,200,OK,Config 3: Exp8 1-34,text,false,Test failed: text expected to match /.*/,231,158,380,380,http://localhost:8079/?token=518504778&user=-1355064518&config=3,11906,0,1
1777922381557,11906,HTTP Request,200,OK,Config 3: Exp8 1-174,text,false,Test failed: text expected to match /.*/,231,158,380,380,http://localhost:8079/?token=518504778&user=-1355064518&config=3,11906,0,0
1777922381560,11903,HTTP Request,200,OK,Config 3: Exp8 1-28,text,false,Test failed: text expected to match /.*/,231,158,380,380,http://localhost:8079/?token=518504778&user=-1355064518&config=3,11903,0,0
1777922381558,11905,HTTP Request,200,OK,Config 3: Exp8 1-15,text,false,Test failed: text expected to match /.*/,231,158,380,380,http://localhost:8079/?token=518504778&user=-1355064518&config=3,11905,0,0
1777922381556,12016,HTTP Request,200,OK,Config 3: Exp8 1-21,text,false,Test failed: text expected to match /.*/,231,158,381,381,http://localhost:8079/?token=518504778&user=-1355064518&config=3,12016,0,1
1777922381558,12014,HTTP Request,200,OK,Config 3: Exp8 1-30,text,false,Test failed: text expected to match /.*/,231,158,381,381,http://localhost:8079/?token=518504778&user=-1355064518&config=3,12014,0,0
1777922381556,12017,HTTP Request,200,OK,Config 3: Exp8 1-6,text,false,Test failed: text expected to match /.*/,231,158,381,381,http://localhost:8079/?token=518504778&user=-1355064518&config=3,12017,0,1
1777922381558,12015,HTTP Request,200,OK,Config 3: Exp8 1-207,text,false,Test failed: text expected to match /.*/,231,158,381,381,http://localhost:8079/?token=518504778&user=-1355064518&config=3,12015,0,0
1777922381558,12015,HTTP Request,200,OK,Config 3: Exp8 1-206,text,false,Test failed: text expected to match /.*/,231,158,381,381,http://localhost:8079/?token=518504778&user=-1355064518&config=3,12015,0,0
1777922381558,12015,HTTP Request,200,OK,Config 3: Exp8 1-31,text,false,Test failed: text expected to match /.*/,231,158,381,381,http://localhost:8079/?token=518504778&user=-1355064518&config=3,12015,0,0
1777922381557,12016,HTTP Request,200,OK,Config 3: Exp8 1-147,text,false,Test failed: text expected to match /.*/,231,158,381,381,http://localhost:8079/?token=518504778&user=-1355064518&config=3,12016,0,0
1777922381558,12015,HTTP Request,200,OK,Config 3: Exp8 1-172,text,false,Test failed: text expected to match /.*/,231,158,381,381,http://localhost:8079/?token=518504778&user=-1355064518&config=3,12015,0,0
1777922381558,12015,HTTP Request,200,OK,Config 3: Exp8 1-16,text,false,Test failed: text expected to match /.*/,231,158,381,381,http://localhost:8079/?token=518504778&user=-1355064518&config=3,12015,0,0
1777922381558,12016,HTTP Request,200,OK,Config 3: Exp8 1-1,text,false,Test failed: text expected to match /.*/,231,158,381,381,http://localhost:8079/?token=518504778&user=-1355064518&config=3,12016,0,0
1777922381628,11946,HTTP Request,200,OK,Config 3: Exp8 1-324,text,false,Test failed: text expected to match /.*/,231,158,381,381,http://localhost:8079/?token=518504778&user=-1355064518&config=3,11946,0,1
1777922382042,11532,HTTP Request,200,OK,Config 3: Exp8 1-326,text,false,Test failed: text expected to match /.*/,231,158,381,381,http://localhost:8079/?token=518504778&user=-1355064518&config=3,11532,0,1
1777922381836,11738,HTTP Request,200,OK,Config 3: Exp8 1-325,text,false,Test failed: text expected to match /.*/,231,158,381,381,http://localhost:8079/?token=518504778&user=-1355064518&config=3,11738,0,0
1777922382158,11416,HTTP Request,200,OK,Config 3: Exp8 1-270,text,false,Test failed: text expected to match /.*/,231,158,381,381,http://localhost:8079/?token=518504778&user=-1355064518&config=3,11416,0,0
1777922382158,11416,HTTP Request,200,OK,Config 3: Exp8 1-271,text,false,Test failed: text expected to match /.*/,231,158,381,381,http://localhost:8079/?token=518504778&user=-1355064518&config=3,11416,0,0
1777922382250,11325,HTTP Request,200,OK,Config 3: Exp8 1-327,text,false,Test failed: text expected to match /.*/,231,158,381,381,http://localhost:8079/?token=518504778&user=-1355064518&config=3,11325,0,1
1777922382459,11116,HTTP Request,200,OK,Config 3: Exp8 1-328,text,false,Test failed: text expected to match /.*/,231,158,381,381,http://localhost:8079/?token=518504778&user=-1355064518&config=3,11116,0,0
1777922383082,10493,HTTP Request,200,OK,Config 3: Exp8 1-331,text,false,Test failed: text expected to match /.*/,231,158,381,381,http://localhost:8079/?token=518504778&user=-1355064518&config=3,10493,0,1
1777922382875,10700,HTTP Request,200,OK,Config 3: Exp8 1-330,text,false,Test failed: text expected to match /.*/,231,158,381,381,http://localhost:8079/?token=518504778&user=-1355064518&config=3,10700,0,0
1777922382667,10908,HTTP Request,200,OK,Config 3: Exp8 1-329,text,false,Test failed: text expected to match /.*/,231,158,381,381,http://localhost:8079/?token=518504778&user=-1355064518&config=3,10908,0,1
1777922383160,10415,HTTP Request,200,OK,Config 3: Exp8 1-75,text,false,Test failed: text expected to match /.*/,231,158,381,381,http://localhost:8079/?token=518504778&user=-1355064518&config=3,10415,0,0
1777922383160,10415,HTTP Request,200,OK,Config 3: Exp8 1-90,text,false,Test failed: text expected to match /.*/,231,158,381,381,http://localhost:8079/?token=518504778&user=-1355064518&config=3,10415,0,0
1777922383160,10416,HTTP Request,200,OK,Config 3: Exp8 1-272,text,false,Test failed: text expected to match /.*/,231,158,381,381,http://localhost:8079/?token=518504778&user=-1355064518&config=3,10416,0,0
1777922383160,10416,HTTP Request,200,OK,Config 3: Exp8 1-273,text,false,Test failed: text expected to match /.*/,231,158,381,381,http://localhost:8079/?token=518504778&user=-1355064518&config=3,10416,0,0
1777922383160,10416,HTTP Request,200,OK,Config 3: Exp8 1-274,text,false,Test failed: text expected to match /.*/,231,158,381,381,http://localhost:8079/?token=518504778&user=-1355064518&config=3,10416,0,0
1777922383160,10417,HTTP Request,200,OK,Config 3: Exp8 1-275,text,false,Test failed: text expected to match /.*/,231,158,381,381,http://localhost:8079/?token=518504778&user=-1355064518&config=3,10417,0,0
1777922383162,10415,HTTP Request,200,OK,Config 3: Exp8 1-46,text,false,Test failed: text expected to match /.*/,231,158,381,381,http://localhost:8079/?token=518504778&user=-1355064518&config=3,10415,0,0
1777922383162,10415,HTTP Request,200,OK,Config 3: Exp8 1-144,text,false,Test failed: text expected to match /.*/,231,158,381,381,http://localhost:8079/?token=518504778&user=-1355064518&config=3,10415,0,0
1777922383162,10415,HTTP Request,200,OK,Config 3: Exp8 1-71,text,false,Test failed: text expected to match /.*/,231,158,381,381,http://localhost:8079/?token=518504778&user=-1355064518&config=3,10415,0,0
1777922383162,10415,HTTP Request,200,OK,Config 3: Exp8 1-138,text,false,Test failed: text expected to match /.*/,231,158,381,381,http://localhost:8079/?token=518504778&user=-1355064518&config=3,10415,0,0
1777922380758,14076,HTTP Request,200,OK,Config 3: Exp8 1-190,text,false,Test failed: text expected to match /.*/,231,158,387,387,http://localhost:8079/?token=518504778&user=-1355064518&config=3,14076,0,0
1777922381060,13774,HTTP Request,200,OK,Config 3: Exp8 1-139,text,false,Test failed: text expected to match /.*/,231,158,387,387,http://localhost:8079/?token=518504778&user=-1355064518&config=3,13774,0,0
1777922381003,13832,HTTP Request,200,OK,Config 3: Exp8 1-321,text,false,Test failed: text expected to match /.*/,231,158,387,387,http://localhost:8079/?token=518504778&user=-1355064518&config=3,13832,0,1
1777922381194,13641,HTTP Request,200,OK,Config 3: Exp8 1-263,text,false,Test failed: text expected to match /.*/,231,158,387,387,http://localhost:8079/?token=518504778&user=-1355064518&config=3,13641,0,0
1777922381194,13641,HTTP Request,200,OK,Config 3: Exp8 1-266,text,false,Test failed: text expected to match /.*/,231,158,387,387,http://localhost:8079/?token=518504778&user=-1355064518&config=3,13641,0,0
1777922381194,13641,HTTP Request,200,OK,Config 3: Exp8 1-265,text,false,Test failed: text expected to match /.*/,231,158,387,387,http://localhost:8079/?token=518504778&user=-1355064518&config=3,13641,0,0
1777922381060,13775,HTTP Request,200,OK,Config 3: Exp8 1-140,text,false,Test failed: text expected to match /.*/,231,158,387,387,http://localhost:8079/?token=518504778&user=-1355064518&config=3,13775,0,0
1777922380795,14040,HTTP Request,200,OK,Config 3: Exp8 1-320,text,false,Test failed: text expected to match /.*/,231,158,387,387,http://localhost:8079/?token=518504778&user=-1355064518&config=3,14040,0,0
1777922381194,13642,HTTP Request,200,OK,Config 3: Exp8 1-264,text,false,Test failed: text expected to match /.*/,231,158,387,387,http://localhost:8079/?token=518504778&user=-1355064518&config=3,13642,0,0
1777922381210,13626,HTTP Request,200,OK,Config 3: Exp8 1-322,text,false,Test failed: text expected to match /.*/,231,158,387,387,http://localhost:8079/?token=518504778&user=-1355064518&config=3,13626,0,0
1777922383163,13626,HTTP Request,200,OK,Config 3: Exp8 1-63,text,false,Test failed: text expected to match /.*/,231,158,396,396,http://localhost:8079/?token=518504778&user=-1355064518&config=3,13626,0,0
1777922383162,13627,HTTP Request,200,OK,Config 3: Exp8 1-166,text,false,Test failed: text expected to match /.*/,231,158,396,396,http://localhost:8079/?token=518504778&user=-1355064518&config=3,13627,0,0
1777922383162,13627,HTTP Request,200,OK,Config 3: Exp8 1-89,text,false,Test failed: text expected to match /.*/,231,158,396,396,http://localhost:8079/?token=518504778&user=-1355064518&config=3,13627,0,0
1777922383162,13627,HTTP Request,200,OK,Config 3: Exp8 1-171,text,false,Test failed: text expected to match /.*/,231,158,396,396,http://localhost:8079/?token=518504778&user=-1355064518&config=3,13627,0,0
1777922383162,13627,HTTP Request,200,OK,Config 3: Exp8 1-276,text,false,Test failed: text expected to match /.*/,231,158,396,396,http://localhost:8079/?token=518504778&user=-1355064518&config=3,13627,0,0
1777922383162,13627,HTTP Request,200,OK,Config 3: Exp8 1-240,text,false,Test failed: text expected to match /.*/,231,158,396,396,http://localhost:8079/?token=518504778&user=-1355064518&config=3,13627,0,0
1777922383164,13625,HTTP Request,200,OK,Config 3: Exp8 1-281,text,false,Test failed: text expected to match /.*/,231,158,396,396,http://localhost:8079/?token=518504778&user=-1355064518&config=3,13625,0,0
1777922383166,13623,HTTP Request,200,OK,Config 3: Exp8 1-280,text,false,Test failed: text expected to match /.*/,231,158,396,396,http://localhost:8079/?token=518504778&user=-1355064518&config=3,13623,0,0
1777922383166,13623,HTTP Request,200,OK,Config 3: Exp8 1-285,text,false,Test failed: text expected to match /.*/,231,158,396,396,http://localhost:8079/?token=518504778&user=-1355064518&config=3,13623,0,0
1777922383162,13627,HTTP Request,200,OK,Config 3: Exp8 1-104,text,false,Test failed: text expected to match /.*/,231,158,396,396,http://localhost:8079/?token=518504778&user=-1355064518&config=3,13627,0,0
1777922383164,13625,HTTP Request,200,OK,Config 3: Exp8 1-278,text,false,Test failed: text expected to match /.*/,231,158,396,396,http://localhost:8079/?token=518504778&user=-1355064518&config=3,13625,0,0
1777922383164,13625,HTTP Request,200,OK,Config 3: Exp8 1-279,text,false,Test failed: text expected to match /.*/,231,158,396,396,http://localhost:8079/?token=518504778&user=-1355064518&config=3,13625,0,0
1777922383163,13628,HTTP Request,200,OK,Config 3: Exp8 1-107,text,false,Test failed: text expected to match /.*/,231,158,396,396,http://localhost:8079/?token=518504778&user=-1355064518&config=3,13628,0,0
1777922383163,13628,HTTP Request,200,OK,Config 3: Exp8 1-238,text,false,Test failed: text expected to match /.*/,231,158,396,396,http://localhost:8079/?token=518504778&user=-1355064518&config=3,13628,0,0
1777922383163,13628,HTTP Request,200,OK,Config 3: Exp8 1-243,text,false,Test failed: text expected to match /.*/,231,158,396,396,http://localhost:8079/?token=518504778&user=-1355064518&config=3,13628,0,0
1777922383163,13628,HTTP Request,200,OK,Config 3: Exp8 1-237,text,false,Test failed: text expected to match /.*/,231,158,396,396,http://localhost:8079/?token=518504778&user=-1355064518&config=3,13628,0,0
1777922383166,13625,HTTP Request,200,OK,Config 3: Exp8 1-282,text,false,Test failed: text expected to match /.*/,231,158,396,396,http://localhost:8079/?token=518504778&user=-1355064518&config=3,13625,0,0
1777922383162,13630,HTTP Request,200,OK,Config 3: Exp8 1-60,text,false,Test failed: text expected to match /.*/,231,158,396,396,http://localhost:8079/?token=518504778&user=-1355064518&config=3,13630,0,0
1777922383163,13629,HTTP Request,200,OK,Config 3: Exp8 1-158,text,false,Test failed: text expected to match /.*/,231,158,396,396,http://localhost:8079/?token=518504778&user=-1355064518&config=3,13629,0,0
1777922383166,13626,HTTP Request,200,OK,Config 3: Exp8 1-234,text,false,Test failed: text expected to match /.*/,231,158,396,396,http://localhost:8079/?token=518504778&user=-1355064518&config=3,13626,0,0
1777922383499,13294,HTTP Request,200,OK,Config 3: Exp8 1-333,text,false,Test failed: text expected to match /.*/,231,158,396,396,http://localhost:8079/?token=518504778&user=-1355064518&config=3,13294,0,0
1777922383706,13087,HTTP Request,200,OK,Config 3: Exp8 1-334,text,false,Test failed: text expected to match /.*/,231,158,396,396,http://localhost:8079/?token=518504778&user=-1355064518&config=3,13087,0,1
1777922383290,13503,HTTP Request,200,OK,Config 3: Exp8 1-332,text,false,Test failed: text expected to match /.*/,231,158,396,396,http://localhost:8079/?token=518504778&user=-1355064518&config=3,13503,0,0
1777922383914,12879,HTTP Request,200,OK,Config 3: Exp8 1-335,text,false,Test failed: text expected to match /.*/,231,158,396,396,http://localhost:8079/?token=518504778&user=-1355064518&config=3,12879,0,1
1777922383162,13631,HTTP Request,200,OK,Config 3: Exp8 1-4,text,false,Test failed: text expected to match /.*/,231,158,396,396,http://localhost:8079/?token=518504778&user=-1355064518&config=3,13631,0,0
1777922384331,12462,HTTP Request,200,OK,Config 3: Exp8 1-337,text,false,Test failed: text expected to match /.*/,231,158,396,396,http://localhost:8079/?token=518504778&user=-1355064518&config=3,12462,0,0
1777922383164,13629,HTTP Request,200,OK,Config 3: Exp8 1-160,text,false,Test failed: text expected to match /.*/,231,158,396,396,http://localhost:8079/?token=518504778&user=-1355064518&config=3,13629,0,0
1777922383163,13630,HTTP Request,200,OK,Config 3: Exp8 1-159,text,false,Test failed: text expected to match /.*/,231,158,396,396,http://localhost:8079/?token=518504778&user=-1355064518&config=3,13630,0,0
1777922383162,13631,HTTP Request,200,OK,Config 3: Exp8 1-74,text,false,Test failed: text expected to match /.*/,231,158,396,396,http://localhost:8079/?token=518504778&user=-1355064518&config=3,13631,0,0
1777922383166,13627,HTTP Request,200,OK,Config 3: Exp8 1-61,text,false,Test failed: text expected to match /.*/,231,158,396,396,http://localhost:8079/?token=518504778&user=-1355064518&config=3,13627,0,0
1777922383166,13627,HTTP Request,200,OK,Config 3: Exp8 1-188,text,false,Test failed: text expected to match /.*/,231,158,396,396,http://localhost:8079/?token=518504778&user=-1355064518&config=3,13627,0,0
1777922383162,13631,HTTP Request,200,OK,Config 3: Exp8 1-115,text,false,Test failed: text expected to match /.*/,231,158,396,396,http://localhost:8079/?token=518504778&user=-1355064518&config=3,13631,0,0
1777922383162,13631,HTTP Request,200,OK,Config 3: Exp8 1-3,text,false,Test failed: text expected to match /.*/,231,158,396,396,http://localhost:8079/?token=518504778&user=-1355064518&config=3,13631,0,0
1777922383162,13631,HTTP Request,200,OK,Config 3: Exp8 1-277,text,false,Test failed: text expected to match /.*/,231,158,396,396,http://localhost:8079/?token=518504778&user=-1355064518&config=3,13631,0,0
1777922383162,13631,HTTP Request,200,OK,Config 3: Exp8 1-141,text,false,Test failed: text expected to match /.*/,231,158,396,396,http://localhost:8079/?token=518504778&user=-1355064518&config=3,13631,0,0
1777922384122,12671,HTTP Request,200,OK,Config 3: Exp8 1-336,text,false,Test failed: text expected to match /.*/,231,158,396,396,http://localhost:8079/?token=518504778&user=-1355064518&config=3,12671,0,1
1777922383166,13627,HTTP Request,200,OK,Config 3: Exp8 1-284,text,false,Test failed: text expected to match /.*/,231,158,396,396,http://localhost:8079/?token=518504778&user=-1355064518&config=3,13627,0,0
1777922383166,13627,HTTP Request,200,OK,Config 3: Exp8 1-286,text,false,Test failed: text expected to match /.*/,231,158,396,396,http://localhost:8079/?token=518504778&user=-1355064518&config=3,13627,0,0
1777922383166,13627,HTTP Request,200,OK,Config 3: Exp8 1-33,text,false,Test failed: text expected to match /.*/,231,158,396,396,http://localhost:8079/?token=518504778&user=-1355064518&config=3,13627,0,0
1777922383163,13630,HTTP Request,200,OK,Config 3: Exp8 1-242,text,false,Test failed: text expected to match /.*/,231,158,396,396,http://localhost:8079/?token=518504778&user=-1355064518&config=3,13630,0,0
1777922383165,13628,HTTP Request,200,OK,Config 3: Exp8 1-17,text,false,Test failed: text expected to match /.*/,231,158,396,396,http://localhost:8079/?token=518504778&user=-1355064518&config=3,13628,0,1
1777922383166,13627,HTTP Request,200,OK,Config 3: Exp8 1-283,text,false,Test failed: text expected to match /.*/,231,158,396,396,http://localhost:8079/?token=518504778&user=-1355064518&config=3,13627,0,0
1777922383163,13630,HTTP Request,200,OK,Config 3: Exp8 1-239,text,false,Test failed: text expected to match /.*/,231,158,396,396,http://localhost:8079/?token=518504778&user=-1355064518&config=3,13630,0,0
1777922384538,12597,HTTP Request,200,OK,Config 3: Exp8 1-338,text,false,Test failed: text expected to match /.*/,231,158,398,398,http://localhost:8079/?token=518504778&user=-1355064518&config=3,12597,0,0
1777922385163,11972,HTTP Request,200,OK,Config 3: Exp8 1-341,text,false,Test failed: text expected to match /.*/,231,158,398,398,http://localhost:8079/?token=518504778&user=-1355064518&config=3,11972,0,0
1777922385786,11350,HTTP Request,200,OK,Config 3: Exp8 1-344,text,false,Test failed: text expected to match /.*/,231,158,398,398,http://localhost:8079/?token=518504778&user=-1355064518&config=3,11350,0,0
1777922384746,12390,HTTP Request,200,OK,Config 3: Exp8 1-339,text,false,Test failed: text expected to match /.*/,231,158,398,398,http://localhost:8079/?token=518504778&user=-1355064518&config=3,12390,0,1
1777922385993,11142,HTTP Request,200,OK,Config 3: Exp8 1-345,text,false,Test failed: text expected to match /.*/,231,158,398,398,http://localhost:8079/?token=518504778&user=-1355064518&config=3,11142,0,0
1777922385370,11766,HTTP Request,200,OK,Config 3: Exp8 1-342,text,false,Test failed: text expected to match /.*/,231,158,398,398,http://localhost:8079/?token=518504778&user=-1355064518&config=3,11766,0,1
1777922385578,11558,HTTP Request,200,OK,Config 3: Exp8 1-343,text,false,Test failed: text expected to match /.*/,231,158,398,398,http://localhost:8079/?token=518504778&user=-1355064518&config=3,11558,0,0
1777922384954,12183,HTTP Request,200,OK,Config 3: Exp8 1-340,text,false,Test failed: text expected to match /.*/,231,158,398,398,http://localhost:8079/?token=518504778&user=-1355064518&config=3,12183,0,1
1777922388025,9129,HTTP Request,500,Internal Server Error,Config 3: Exp8 1-293,text,true,,233,158,398,398,http://localhost:8079/?token=518504778&user=-1355064518&config=3,9129,0,0
1777922388026,9128,HTTP Request,500,Internal Server Error,Config 3: Exp8 1-297,text,true,,233,158,398,398,http://localhost:8079/?token=518504778&user=-1355064518&config=3,9128,0,0
1777922388025,9129,HTTP Request,500,Internal Server Error,Config 3: Exp8 1-295,text,true,,233,158,398,398,http://localhost:8079/?token=518504778&user=-1355064518&config=3,9129,0,0
1777922388027,9127,HTTP Request,500,Internal Server Error,Config 3: Exp8 1-299,text,true,,233,158,398,398,http://localhost:8079/?token=518504778&user=-1355064518&config=3,9127,0,0
1777922388026,9129,HTTP Request,500,Internal Server Error,Config 3: Exp8 1-259,text,true,,233,158,398,398,http://localhost:8079/?token=518504778&user=-1355064518&config=3,9129,0,0
1777922388026,9129,HTTP Request,500,Internal Server Error,Config 3: Exp8 1-298,text,true,,233,158,398,398,http://localhost:8079/?token=518504778&user=-1355064518&config=3,9129,0,0
1777922388026,9130,HTTP Request,500,Internal Server Error,Config 3: Exp8 1-296,text,true,,233,158,398,398,http://localhost:8079/?token=518504778&user=-1355064518&config=3,9130,0,0
1777922386409,10817,HTTP Request,200,OK,Config 3: Exp8 1-347,text,false,Test failed: text expected to match /.*/,231,158,399,399,http://localhost:8079/?token=518504778&user=-1355064518&config=3,10817,0,0
1777922386201,11025,HTTP Request,200,OK,Config 3: Exp8 1-346,text,false,Test failed: text expected to match /.*/,231,158,399,399,http://localhost:8079/?token=518504778&user=-1355064518&config=3,11025,0,0
1777922386617,10609,HTTP Request,200,OK,Config 3: Exp8 1-348,text,false,Test failed: text expected to match /.*/,231,158,399,399,http://localhost:8079/?token=518504778&user=-1355064518&config=3,10609,0,1
1777922386875,13745,HTTP Request,200,OK,Config 3: Exp8 1-62,text,false,Test failed: text expected to match /.*/,231,158,415,415,http://localhost:8079/?token=518504778&user=-1355064518&config=3,13745,0,0
1777922386873,13747,HTTP Request,200,OK,Config 3: Exp8 1-162,text,false,Test failed: text expected to match /.*/,231,158,415,415,http://localhost:8079/?token=518504778&user=-1355064518&config=3,13747,0,0
1777922386876,13744,HTTP Request,200,OK,Config 3: Exp8 1-165,text,false,Test failed: text expected to match /.*/,231,158,415,415,http://localhost:8079/?token=518504778&user=-1355064518&config=3,13744,0,0
1777922386875,13745,HTTP Request,200,OK,Config 3: Exp8 1-170,text,false,Test failed: text expected to match /.*/,231,158,415,415,http://localhost:8079/?token=518504778&user=-1355064518&config=3,13745,0,0
1777922386873,13747,HTTP Request,200,OK,Config 3: Exp8 1-245,text,false,Test failed: text expected to match /.*/,231,158,415,415,http://localhost:8079/?token=518504778&user=-1355064518&config=3,13747,0,0
1777922386873,13747,HTTP Request,200,OK,Config 3: Exp8 1-202,text,false,Test failed: text expected to match /.*/,231,158,415,415,http://localhost:8079/?token=518504778&user=-1355064518&config=3,13747,0,0
1777922386875,13745,HTTP Request,200,OK,Config 3: Exp8 1-200,text,false,Test failed: text expected to match /.*/,231,158,415,415,http://localhost:8079/?token=518504778&user=-1355064518&config=3,13745,0,0
1777922386875,13745,HTTP Request,200,OK,Config 3: Exp8 1-246,text,false,Test failed: text expected to match /.*/,231,158,415,415,http://localhost:8079/?token=518504778&user=-1355064518&config=3,13745,0,0
1777922386877,13743,HTTP Request,200,OK,Config 3: Exp8 1-288,text,false,Test failed: text expected to match /.*/,231,158,415,415,http://localhost:8079/?token=518504778&user=-1355064518&config=3,13743,0,0
1777922386826,13794,HTTP Request,200,OK,Config 3: Exp8 1-349,text,false,Test failed: text expected to match /.*/,231,158,415,415,http://localhost:8079/?token=518504778&user=-1355064518&config=3,13794,0,1
1777922386877,13743,HTTP Request,200,OK,Config 3: Exp8 1-204,text,false,Test failed: text expected to match /.*/,231,158,415,415,http://localhost:8079/?token=518504778&user=-1355064518&config=3,13743,0,0
1777922386873,13747,HTTP Request,200,OK,Config 3: Exp8 1-201,text,false,Test failed: text expected to match /.*/,231,158,415,415,http://localhost:8079/?token=518504778&user=-1355064518&config=3,13747,0,0
1777922386877,13743,HTTP Request,200,OK,Config 3: Exp8 1-247,text,false,Test failed: text expected to match /.*/,231,158,415,415,http://localhost:8079/?token=518504778&user=-1355064518&config=3,13743,0,0
1777922386875,13745,HTTP Request,200,OK,Config 3: Exp8 1-168,text,false,Test failed: text expected to match /.*/,231,158,415,415,http://localhost:8079/?token=518504778&user=-1355064518&config=3,13745,0,0
1777922386877,13743,HTTP Request,200,OK,Config 3: Exp8 1-248,text,false,Test failed: text expected to match /.*/,231,158,415,415,http://localhost:8079/?token=518504778&user=-1355064518&config=3,13743,0,0
1777922386873,13747,HTTP Request,200,OK,Config 3: Exp8 1-198,text,false,Test failed: text expected to match /.*/,231,158,415,415,http://localhost:8079/?token=518504778&user=-1355064518&config=3,13747,0,0
1777922386875,13746,HTTP Request,200,OK,Config 3: Exp8 1-103,text,false,Test failed: text expected to match /.*/,231,158,415,415,http://localhost:8079/?token=518504778&user=-1355064518&config=3,13746,0,0
1777922386875,13746,HTTP Request,200,OK,Config 3: Exp8 1-142,text,false,Test failed: text expected to match /.*/,231,158,415,415,http://localhost:8079/?token=518504778&user=-1355064518&config=3,13746,0,0
1777922386875,13746,HTTP Request,200,OK,Config 3: Exp8 1-163,text,false,Test failed: text expected to match /.*/,231,158,415,415,http://localhost:8079/?token=518504778&user=-1355064518&config=3,13746,0,0
1777922386877,13744,HTTP Request,200,OK,Config 3: Exp8 1-287,text,false,Test failed: text expected to match /.*/,231,158,415,415,http://localhost:8079/?token=518504778&user=-1355064518&config=3,13744,0,0
1777922386877,13744,HTTP Request,200,OK,Config 3: Exp8 1-249,text,false,Test failed: text expected to match /.*/,231,158,415,415,http://localhost:8079/?token=518504778&user=-1355064518&config=3,13744,0,0
1777922386875,13747,HTTP Request,200,OK,Config 3: Exp8 1-76,text,false,Test failed: text expected to match /.*/,231,158,415,415,http://localhost:8079/?token=518504778&user=-1355064518&config=3,13747,0,0
1777922386875,13747,HTTP Request,200,OK,Config 3: Exp8 1-119,text,false,Test failed: text expected to match /.*/,231,158,415,415,http://localhost:8079/?token=518504778&user=-1355064518&config=3,13747,0,0
1777922386877,13745,HTTP Request,200,OK,Config 3: Exp8 1-88,text,false,Test failed: text expected to match /.*/,231,158,415,415,http://localhost:8079/?token=518504778&user=-1355064518&config=3,13745,0,0
1777922386875,13747,HTTP Request,200,OK,Config 3: Exp8 1-134,text,false,Test failed: text expected to match /.*/,231,158,415,415,http://localhost:8079/?token=518504778&user=-1355064518&config=3,13747,0,0
1777922386875,13747,HTTP Request,200,OK,Config 3: Exp8 1-105,text,false,Test failed: text expected to match /.*/,231,158,415,415,http://localhost:8079/?token=518504778&user=-1355064518&config=3,13747,0,0
1777922386877,13745,HTTP Request,200,OK,Config 3: Exp8 1-164,text,false,Test failed: text expected to match /.*/,231,158,415,415,http://localhost:8079/?token=518504778&user=-1355064518&config=3,13745,0,0
1777922386875,13747,HTTP Request,200,OK,Config 3: Exp8 1-169,text,false,Test failed: text expected to match /.*/,231,158,415,415,http://localhost:8079/?token=518504778&user=-1355064518&config=3,13747,0,0
1777922386877,13745,HTTP Request,200,OK,Config 3: Exp8 1-203,text,false,Test failed: text expected to match /.*/,231,158,415,415,http://localhost:8079/?token=518504778&user=-1355064518&config=3,13745,0,0
1777922387098,13524,HTTP Request,200,OK,Config 3: Exp8 1-18,text,false,Test failed: text expected to match /.*/,231,158,415,415,http://localhost:8079/?token=518504778&user=-1355064518&config=3,13524,0,1
1777922386877,13745,HTTP Request,200,OK,Config 3: Exp8 1-289,text,false,Test failed: text expected to match /.*/,231,158,415,415,http://localhost:8079/?token=518504778&user=-1355064518&config=3,13745,0,0
1777922386877,13745,HTTP Request,200,OK,Config 3: Exp8 1-250,text,false,Test failed: text expected to match /.*/,231,158,415,415,http://localhost:8079/?token=518504778&user=-1355064518&config=3,13745,0,0
1777922386875,13747,HTTP Request,200,OK,Config 3: Exp8 1-19,text,false,Test failed: text expected to match /.*/,231,158,415,415,http://localhost:8079/?token=518504778&user=-1355064518&config=3,13747,0,0
1777922386873,13749,HTTP Request,200,OK,Config 3: Exp8 1-32,text,false,Test failed: text expected to match /.*/,231,158,415,415,http://localhost:8079/?token=518504778&user=-1355064518&config=3,13749,0,0
1777922387034,13588,HTTP Request,200,OK,Config 3: Exp8 1-350,text,false,Test failed: text expected to match /.*/,231,158,415,415,http://localhost:8079/?token=518504778&user=-1355064518&config=3,13588,0,1
1777922387098,13524,HTTP Request,200,OK,Config 3: Exp8 1-5,text,false,Test failed: text expected to match /.*/,231,158,415,415,http://localhost:8079/?token=518504778&user=-1355064518&config=3,13524,0,1
1777922387098,13525,HTTP Request,200,OK,Config 3: Exp8 1-50,text,false,Test failed: text expected to match /.*/,231,158,415,415,http://localhost:8079/?token=518504778&user=-1355064518&config=3,13525,0,1
1777922387098,13525,HTTP Request,200,OK,Config 3: Exp8 1-47,text,false,Test failed: text expected to match /.*/,231,158,415,415,http://localhost:8079/?token=518504778&user=-1355064518&config=3,13525,0,1
1777922387098,13525,HTTP Request,200,OK,Config 3: Exp8 1-106,text,false,Test failed: text expected to match /.*/,231,158,415,415,http://localhost:8079/?token=518504778&user=-1355064518&config=3,13525,0,0
1777922387098,13525,HTTP Request,200,OK,Config 3: Exp8 1-91,text,false,Test failed: text expected to match /.*/,231,158,415,415,http://localhost:8079/?token=518504778&user=-1355064518&config=3,13525,0,0
1777922387098,13525,HTTP Request,200,OK,Config 3: Exp8 1-236,text,false,Test failed: text expected to match /.*/,231,158,415,415,http://localhost:8079/?token=518504778&user=-1355064518&config=3,13525,0,0
1777922387098,13525,HTTP Request,200,OK,Config 3: Exp8 1-143,text,false,Test failed: text expected to match /.*/,231,158,415,415,http://localhost:8079/?token=518504778&user=-1355064518&config=3,13525,0,0
1777922387098,13525,HTTP Request,200,OK,Config 3: Exp8 1-253,text,false,Test failed: text expected to match /.*/,231,158,415,415,http://localhost:8079/?token=518504778&user=-1355064518&config=3,13525,0,0
1777922387242,13382,HTTP Request,200,OK,Config 3: Exp8 1-351,text,false,Test failed: text expected to match /.*/,231,158,415,415,http://localhost:8079/?token=518504778&user=-1355064518&config=3,13382,0,0
1777922387098,13526,HTTP Request,200,OK,Config 3: Exp8 1-235,text,false,Test failed: text expected to match /.*/,231,158,415,415,http://localhost:8079/?token=518504778&user=-1355064518&config=3,13526,0,0
1777922387098,13526,HTTP Request,200,OK,Config 3: Exp8 1-20,text,false,Test failed: text expected to match /.*/,231,158,415,415,http://localhost:8079/?token=518504778&user=-1355064518&config=3,13526,0,1
1777922387318,13643,HTTP Request,200,OK,Config 3: Exp8 1-92,text,false,Test failed: text expected to match /.*/,231,158,416,416,http://localhost:8079/?token=518504778&user=-1355064518&config=3,13643,0,0
1777922387411,13551,HTTP Request,200,OK,Config 3: Exp8 1-64,text,false,Test failed: text expected to match /.*/,231,158,416,416,http://localhost:8079/?token=518504778&user=-1355064518&config=3,13551,0,0
1777922387319,13643,HTTP Request,200,OK,Config 3: Exp8 1-77,text,false,Test failed: text expected to match /.*/,231,158,416,416,http://localhost:8079/?token=518504778&user=-1355064518&config=3,13643,0,0
1777922387318,13644,HTTP Request,200,OK,Config 3: Exp8 1-300,text,false,Test failed: text expected to match /.*/,231,158,416,416,http://localhost:8079/?token=518504778&user=-1355064518&config=3,13644,0,0
1777922387318,13645,HTTP Request,200,OK,Config 3: Exp8 1-93,text,false,Test failed: text expected to match /.*/,231,158,416,416,http://localhost:8079/?token=518504778&user=-1355064518&config=3,13645,0,0
1777922387318,13645,HTTP Request,200,OK,Config 3: Exp8 1-48,text,false,Test failed: text expected to match /.*/,231,158,416,416,http://localhost:8079/?token=518504778&user=-1355064518&config=3,13645,0,0
1777922387318,13645,HTTP Request,200,OK,Config 3: Exp8 1-35,text,false,Test failed: text expected to match /.*/,231,158,416,416,http://localhost:8079/?token=518504778&user=-1355064518&config=3,13645,0,0
1777922387450,17304,HTTP Request,200,OK,Config 3: Exp8 1-352,text,false,Test failed: text expected to match /.*/,231,158,435,435,http://localhost:8079/?token=518504778&user=-1355064518&config=3,17304,0,0
1777922387487,17267,HTTP Request,200,OK,Config 3: Exp8 1-78,text,false,Test failed: text expected to match /.*/,231,158,435,435,http://localhost:8079/?token=518504778&user=-1355064518&config=3,17267,0,0
1777922387493,17262,HTTP Request,200,OK,Config 3: Exp8 1-219,text,false,Test failed: text expected to match /.*/,231,158,435,435,http://localhost:8079/?token=518504778&user=-1355064518&config=3,17262,0,0
1777922387487,17268,HTTP Request,200,OK,Config 3: Exp8 1-173,text,false,Test failed: text expected to match /.*/,231,158,435,435,http://localhost:8079/?token=518504778&user=-1355064518&config=3,17268,0,0
1777922387488,17267,HTTP Request,200,OK,Config 3: Exp8 1-153,text,false,Test failed: text expected to match /.*/,231,158,435,435,http://localhost:8079/?token=518504778&user=-1355064518&config=3,17267,0,0
1777922387487,17268,HTTP Request,200,OK,Config 3: Exp8 1-122,text,false,Test failed: text expected to match /.*/,231,158,435,435,http://localhost:8079/?token=518504778&user=-1355064518&config=3,17268,0,0
1777922387492,17263,HTTP Request,200,OK,Config 3: Exp8 1-124,text,false,Test failed: text expected to match /.*/,231,158,435,435,http://localhost:8079/?token=518504778&user=-1355064518&config=3,17263,0,0
1777922387487,17268,HTTP Request,200,OK,Config 3: Exp8 1-178,text,false,Test failed: text expected to match /.*/,231,158,435,435,http://localhost:8079/?token=518504778&user=-1355064518&config=3,17268,0,0
1777922387488,17267,HTTP Request,200,OK,Config 3: Exp8 1-303,text,false,Test failed: text expected to match /.*/,231,158,435,435,http://localhost:8079/?token=518504778&user=-1355064518&config=3,17267,0,0
1777922387487,17268,HTTP Request,200,OK,Config 3: Exp8 1-7,text,false,Test failed: text expected to match /.*/,231,158,435,435,http://localhost:8079/?token=518504778&user=-1355064518&config=3,17268,0,0
1777922387487,17268,HTTP Request,200,OK,Config 3: Exp8 1-301,text,false,Test failed: text expected to match /.*/,231,158,435,435,http://localhost:8079/?token=518504778&user=-1355064518&config=3,17268,0,0
1777922387487,17269,HTTP Request,200,OK,Config 3: Exp8 1-302,text,false,Test failed: text expected to match /.*/,231,158,435,435,http://localhost:8079/?token=518504778&user=-1355064518&config=3,17269,0,0
1777922387495,17261,HTTP Request,200,OK,Config 3: Exp8 1-26,text,false,Test failed: text expected to match /.*/,231,158,435,435,http://localhost:8079/?token=518504778&user=-1355064518&config=3,17261,0,1
1777922387487,17269,HTTP Request,200,OK,Config 3: Exp8 1-176,text,false,Test failed: text expected to match /.*/,231,158,435,435,http://localhost:8079/?token=518504778&user=-1355064518&config=3,17269,0,0
1777922387486,17270,HTTP Request,200,OK,Config 3: Exp8 1-205,text,false,Test failed: text expected to match /.*/,231,158,435,435,http://localhost:8079/?token=518504778&user=-1355064518&config=3,17270,0,0
1777922387496,17260,HTTP Request,200,OK,Config 3: Exp8 1-84,text,false,Test failed: text expected to match /.*/,231,158,435,435,http://localhost:8079/?token=518504778&user=-1355064518&config=3,17260,0,0
1777922387486,17270,HTTP Request,200,OK,Config 3: Exp8 1-146,text,false,Test failed: text expected to match /.*/,231,158,435,435,http://localhost:8079/?token=518504778&user=-1355064518&config=3,17270,0,0
1777922387492,17264,HTTP Request,200,OK,Config 3: Exp8 1-216,text,false,Test failed: text expected to match /.*/,231,158,435,435,http://localhost:8079/?token=518504778&user=-1355064518&config=3,17264,0,0
1777922387496,17261,HTTP Request,200,OK,Config 3: Exp8 1-181,text,false,Test failed: text expected to match /.*/,231,158,435,435,http://localhost:8079/?token=518504778&user=-1355064518&config=3,17261,0,0
1777922387487,17270,HTTP Request,200,OK,Config 3: Exp8 1-120,text,false,Test failed: text expected to match /.*/,231,158,435,435,http://localhost:8079/?token=518504778&user=-1355064518&config=3,17270,0,0
1777922387487,17270,HTTP Request,200,OK,Config 3: Exp8 1-175,text,false,Test failed: text expected to match /.*/,231,158,435,435,http://localhost:8079/?token=518504778&user=-1355064518&config=3,17270,0,0
1777922387487,17270,HTTP Request,200,OK,Config 3: Exp8 1-108,text,false,Test failed: text expected to match /.*/,231,158,435,435,http://localhost:8079/?token=518504778&user=-1355064518&config=3,17270,0,0
1777922387496,17261,HTTP Request,200,OK,Config 3: Exp8 1-12,text,false,Test failed: text expected to match /.*/,231,158,435,435,http://localhost:8079/?token=518504778&user=-1355064518&config=3,17261,0,0
1777922387495,17262,HTTP Request,200,OK,Config 3: Exp8 1-218,text,false,Test failed: text expected to match /.*/,231,158,435,435,http://localhost:8079/?token=518504778&user=-1355064518&config=3,17262,0,0
1777922387496,17261,HTTP Request,200,OK,Config 3: Exp8 1-221,text,false,Test failed: text expected to match /.*/,231,158,435,435,http://localhost:8079/?token=518504778&user=-1355064518&config=3,17261,0,0
1777922387496,17261,HTTP Request,200,OK,Config 3: Exp8 1-217,text,false,Test failed: text expected to match /.*/,231,158,435,435,http://localhost:8079/?token=518504778&user=-1355064518&config=3,17261,0,0
1777922387492,17265,HTTP Request,200,OK,Config 3: Exp8 1-215,text,false,Test failed: text expected to match /.*/,231,158,435,435,http://localhost:8079/?token=518504778&user=-1355064518&config=3,17265,0,0
1777922387487,17270,HTTP Request,200,OK,Config 3: Exp8 1-254,text,false,Test failed: text expected to match /.*/,231,158,435,435,http://localhost:8079/?token=518504778&user=-1355064518&config=3,17270,0,0
1777922387495,17262,HTTP Request,200,OK,Config 3: Exp8 1-23,text,false,Test failed: text expected to match /.*/,231,158,435,435,http://localhost:8079/?token=518504778&user=-1355064518&config=3,17262,0,1
1777922387658,17099,HTTP Request,200,OK,Config 3: Exp8 1-353,text,false,Test failed: text expected to match /.*/,231,158,435,435,http://localhost:8079/?token=518504778&user=-1355064518&config=3,17099,0,0
1777922387496,17261,HTTP Request,200,OK,Config 3: Exp8 1-111,text,false,Test failed: text expected to match /.*/,231,158,435,435,http://localhost:8079/?token=518504778&user=-1355064518&config=3,17261,0,0
1777922387496,17261,HTTP Request,200,OK,Config 3: Exp8 1-39,text,false,Test failed: text expected to match /.*/,231,158,435,435,http://localhost:8079/?token=518504778&user=-1355064518&config=3,17261,0,0
1777922387496,17261,HTTP Request,200,OK,Config 3: Exp8 1-255,text,false,Test failed: text expected to match /.*/,231,158,435,435,http://localhost:8079/?token=518504778&user=-1355064518&config=3,17261,0,0
1777922387496,17261,HTTP Request,200,OK,Config 3: Exp8 1-55,text,false,Test failed: text expected to match /.*/,231,158,435,435,http://localhost:8079/?token=518504778&user=-1355064518&config=3,17261,0,0
1777922387496,17261,HTTP Request,200,OK,Config 3: Exp8 1-179,text,false,Test failed: text expected to match /.*/,231,158,435,435,http://localhost:8079/?token=518504778&user=-1355064518&config=3,17261,0,0
1777922387496,17261,HTTP Request,200,OK,Config 3: Exp8 1-220,text,false,Test failed: text expected to match /.*/,231,158,435,435,http://localhost:8079/?token=518504778&user=-1355064518&config=3,17261,0,0
1777922387496,17261,HTTP Request,200,OK,Config 3: Exp8 1-256,text,false,Test failed: text expected to match /.*/,231,158,435,435,http://localhost:8079/?token=518504778&user=-1355064518&config=3,17261,0,0
1777922387496,17261,HTTP Request,200,OK,Config 3: Exp8 1-180,text,false,Test failed: text expected to match /.*/,231,158,435,435,http://localhost:8079/?token=518504778&user=-1355064518&config=3,17261,0,0
1777922387496,17261,HTTP Request,200,OK,Config 3: Exp8 1-257,text,false,Test failed: text expected to match /.*/,231,158,435,435,http://localhost:8079/?token=518504778&user=-1355064518&config=3,17261,0,0
1777922387827,17019,HTTP Request,200,OK,Config 3: Exp8 1-38,text,false,Test failed: text expected to match /.*/,231,158,435,435,http://localhost:8079/?token=518504778&user=-1355064518&config=3,17019,0,1
1777922387828,17018,HTTP Request,200,OK,Config 3: Exp8 1-212,text,false,Test failed: text expected to match /.*/,231,158,435,435,http://localhost:8079/?token=518504778&user=-1355064518&config=3,17018,0,0
1777922387829,17017,HTTP Request,200,OK,Config 3: Exp8 1-69,text,false,Test failed: text expected to match /.*/,231,158,435,435,http://localhost:8079/?token=518504778&user=-1355064518&config=3,17017,0,0
1777922387829,17017,HTTP Request,200,OK,Config 3: Exp8 1-316,text,false,Test failed: text expected to match /.*/,231,158,435,435,http://localhost:8079/?token=518504778&user=-1355064518&config=3,17017,0,1
1777922387830,17016,HTTP Request,200,OK,Config 3: Exp8 1-318,text,false,Test failed: text expected to match /.*/,231,158,435,435,http://localhost:8079/?token=518504778&user=-1355064518&config=3,17016,0,0
1777922387830,17016,HTTP Request,200,OK,Config 3: Exp8 1-319,text,false,Test failed: text expected to match /.*/,231,158,435,435,http://localhost:8079/?token=518504778&user=-1355064518&config=3,17016,0,0
1777922387829,17017,HTTP Request,200,OK,Config 3: Exp8 1-186,text,false,Test failed: text expected to match /.*/,231,158,435,435,http://localhost:8079/?token=518504778&user=-1355064518&config=3,17017,0,1
1777922387829,17017,HTTP Request,200,OK,Config 3: Exp8 1-24,text,false,Test failed: text expected to match /.*/,231,158,435,435,http://localhost:8079/?token=518504778&user=-1355064518&config=3,17017,0,1
1777922387830,17016,HTTP Request,200,OK,Config 3: Exp8 1-191,text,false,Test failed: text expected to match /.*/,231,158,435,435,http://localhost:8079/?token=518504778&user=-1355064518&config=3,17016,0,0
1777922387830,17016,HTTP Request,200,OK,Config 3: Exp8 1-29,text,false,Test failed: text expected to match /.*/,231,158,435,435,http://localhost:8079/?token=518504778&user=-1355064518&config=3,17016,0,0
1777922387830,17016,HTTP Request,200,OK,Config 3: Exp8 1-14,text,false,Test failed: text expected to match /.*/,231,158,435,435,http://localhost:8079/?token=518504778&user=-1355064518&config=3,17016,0,0
1777922387830,17016,HTTP Request,200,OK,Config 3: Exp8 1-317,text,false,Test failed: text expected to match /.*/,231,158,435,435,http://localhost:8079/?token=518504778&user=-1355064518&config=3,17016,0,0
1777922387865,16982,HTTP Request,200,OK,Config 3: Exp8 1-354,text,false,Test failed: text expected to match /.*/,231,158,435,435,http://localhost:8079/?token=518504778&user=-1355064518&config=3,16982,0,1
1777922387828,17019,HTTP Request,200,OK,Config 3: Exp8 1-232,text,false,Test failed: text expected to match /.*/,231,158,435,435,http://localhost:8079/?token=518504778&user=-1355064518&config=3,17019,0,0
1777922388025,16822,HTTP Request,200,OK,Config 3: Exp8 1-294,text,false,Test failed: text expected to match /.*/,231,158,435,435,http://localhost:8079/?token=518504778&user=-1355064518&config=3,16822,0,0
1777922388025,16822,HTTP Request,200,OK,Config 3: Exp8 1-157,text,false,Test failed: text expected to match /.*/,231,158,435,435,http://localhost:8079/?token=518504778&user=-1355064518&config=3,16822,0,0
1777922387828,17019,HTTP Request,200,OK,Config 3: Exp8 1-233,text,false,Test failed: text expected to match /.*/,231,158,435,435,http://localhost:8079/?token=518504778&user=-1355064518&config=3,17019,0,0
1777922387830,17018,HTTP Request,200,OK,Config 3: Exp8 1-185,text,false,Test failed: text expected to match /.*/,231,158,435,435,http://localhost:8079/?token=518504778&user=-1355064518&config=3,17017,0,0
1777922387829,17019,HTTP Request,200,OK,Config 3: Exp8 1-9,text,false,Test failed: text expected to match /.*/,231,158,435,435,http://localhost:8079/?token=518504778&user=-1355064518&config=3,17019,0,1
1777922387830,17018,HTTP Request,200,OK,Config 3: Exp8 1-315,text,false,Test failed: text expected to match /.*/,231,158,435,435,http://localhost:8079/?token=518504778&user=-1355064518&config=3,17018,0,0
1777922387829,17019,HTTP Request,200,OK,Config 3: Exp8 1-213,text,false,Test failed: text expected to match /.*/,231,158,435,435,http://localhost:8079/?token=518504778&user=-1355064518&config=3,17019,0,0
1777922387829,17019,HTTP Request,200,OK,Config 3: Exp8 1-214,text,false,Test failed: text expected to match /.*/,231,158,435,435,http://localhost:8079/?token=518504778&user=-1355064518&config=3,17019,0,0
1777922387830,17018,HTTP Request,200,OK,Config 3: Exp8 1-2,text,false,Test failed: text expected to match /.*/,231,158,435,435,http://localhost:8079/?token=518504778&user=-1355064518&config=3,17018,0,0
1777922388025,16824,HTTP Request,200,OK,Config 3: Exp8 1-291,text,false,Test failed: text expected to match /.*/,231,158,435,435,http://localhost:8079/?token=518504778&user=-1355064518&config=3,16824,0,0
1777922388025,16824,HTTP Request,200,OK,Config 3: Exp8 1-182,text,false,Test failed: text expected to match /.*/,231,158,435,435,http://localhost:8079/?token=518504778&user=-1355064518&config=3,16824,0,0
1777922388025,16824,HTTP Request,200,OK,Config 3: Exp8 1-110,text,false,Test failed: text expected to match /.*/,231,158,435,435,http://localhost:8079/?token=518504778&user=-1355064518&config=3,16824,0,0
1777922388025,16824,HTTP Request,200,OK,Config 3: Exp8 1-260,text,false,Test failed: text expected to match /.*/,231,158,435,435,http://localhost:8079/?token=518504778&user=-1355064518&config=3,16824,0,0
1777922388025,16824,HTTP Request,200,OK,Config 3: Exp8 1-290,text,false,Test failed: text expected to match /.*/,231,158,435,435,http://localhost:8079/?token=518504778&user=-1355064518&config=3,16824,0,0
1777922388025,16824,HTTP Request,200,OK,Config 3: Exp8 1-292,text,false,Test failed: text expected to match /.*/,231,158,435,435,http://localhost:8079/?token=518504778&user=-1355064518&config=3,16824,0,0
1777922388025,16824,HTTP Request,200,OK,Config 3: Exp8 1-183,text,false,Test failed: text expected to match /.*/,231,158,435,435,http://localhost:8079/?token=518504778&user=-1355064518&config=3,16824,0,0
1777922393574,11962,HTTP Request,500,Internal Server Error,Config 3: Exp8 1-331,text,true,,233,158,438,438,http://localhost:8079/?token=518504778&user=-1355064518&config=3,11961,0,0
1777922393574,11962,HTTP Request,500,Internal Server Error,Config 3: Exp8 1-330,text,true,,233,158,438,438,http://localhost:8079/?token=518504778&user=-1355064518&config=3,11961,0,0
1777922393574,11962,HTTP Request,500,Internal Server Error,Config 3: Exp8 1-329,text,true,,233,158,438,438,http://localhost:8079/?token=518504778&user=-1355064518&config=3,11961,0,0
1777922393573,11963,HTTP Request,500,Internal Server Error,Config 3: Exp8 1-271,text,true,,233,158,438,438,http://localhost:8079/?token=518504778&user=-1355064518&config=3,11963,0,0
1777922393574,11962,HTTP Request,500,Internal Server Error,Config 3: Exp8 1-328,text,true,,233,158,438,438,http://localhost:8079/?token=518504778&user=-1355064518&config=3,11961,0,0
1777922393575,11961,HTTP Request,500,Internal Server Error,Config 3: Exp8 1-90,text,true,,233,158,438,438,http://localhost:8079/?token=518504778&user=-1355064518&config=3,11961,0,0
1777922393575,11961,HTTP Request,500,Internal Server Error,Config 3: Exp8 1-75,text,true,,233,158,438,438,http://localhost:8079/?token=518504778&user=-1355064518&config=3,11961,0,0
1777922393575,11961,HTTP Request,500,Internal Server Error,Config 3: Exp8 1-273,text,true,,233,158,438,438,http://localhost:8079/?token=518504778&user=-1355064518&config=3,11961,0,0
1777922393575,11962,HTTP Request,500,Internal Server Error,Config 3: Exp8 1-272,text,true,,233,158,438,438,http://localhost:8079/?token=518504778&user=-1355064518&config=3,11962,0,0
1777922393576,11961,HTTP Request,500,Internal Server Error,Config 3: Exp8 1-46,text,true,,233,158,438,438,http://localhost:8079/?token=518504778&user=-1355064518&config=3,11961,0,0
1777922393575,11962,HTTP Request,500,Internal Server Error,Config 3: Exp8 1-274,text,true,,233,158,438,438,http://localhost:8079/?token=518504778&user=-1355064518&config=3,11962,0,0
1777922393576,11961,HTTP Request,500,Internal Server Error,Config 3: Exp8 1-275,text,true,,233,158,438,438,http://localhost:8079/?token=518504778&user=-1355064518&config=3,11961,0,0
1777922393576,11962,HTTP Request,500,Internal Server Error,Config 3: Exp8 1-144,text,true,,233,158,438,438,http://localhost:8079/?token=518504778&user=-1355064518&config=3,11962,0,0
1777922393690,11848,HTTP Request,500,Internal Server Error,Config 3: Exp8 1-382,text,true,,233,158,438,438,http://localhost:8079/?token=518504778&user=-1355064518&config=3,11848,0,0
1777922393898,11640,HTTP Request,500,Internal Server Error,Config 3: Exp8 1-383,text,true,,233,158,438,438,http://localhost:8079/?token=518504778&user=-1355064518&config=3,11640,0,0
1777922393576,11962,HTTP Request,500,Internal Server Error,Config 3: Exp8 1-138,text,true,,233,158,438,438,http://localhost:8079/?token=518504778&user=-1355064518&config=3,11962,0,0
1777922393576,11962,HTTP Request,500,Internal Server Error,Config 3: Exp8 1-71,text,true,,233,158,438,438,http://localhost:8079/?token=518504778&user=-1355064518&config=3,11962,0,0
1777922394314,11225,HTTP Request,500,Internal Server Error,Config 3: Exp8 1-385,text,true,,233,158,438,438,http://localhost:8079/?token=518504778&user=-1355064518&config=3,11225,0,1
1777922394834,10705,HTTP Request,500,Internal Server Error,Config 3: Exp8 1-265,text,true,,233,158,438,438,http://localhost:8079/?token=518504778&user=-1355064518&config=3,10705,0,0
1777922394105,11434,HTTP Request,500,Internal Server Error,Config 3: Exp8 1-384,text,true,,233,158,438,438,http://localhost:8079/?token=518504778&user=-1355064518&config=3,11434,0,0
1777922394834,10705,HTTP Request,500,Internal Server Error,Config 3: Exp8 1-263,text,true,,233,158,438,438,http://localhost:8079/?token=518504778&user=-1355064518&config=3,10705,0,0
1777922394834,10706,HTTP Request,500,Internal Server Error,Config 3: Exp8 1-266,text,true,,233,158,438,438,http://localhost:8079/?token=518504778&user=-1355064518&config=3,10705,0,0
1777922394522,11018,HTTP Request,500,Internal Server Error,Config 3: Exp8 1-386,text,true,,233,158,438,438,http://localhost:8079/?token=518504778&user=-1355064518&config=3,11017,0,0
1777922394834,10706,HTTP Request,500,Internal Server Error,Config 3: Exp8 1-321,text,true,,233,158,438,438,http://localhost:8079/?token=518504778&user=-1355064518&config=3,10705,0,0
1777922394835,10705,HTTP Request,500,Internal Server Error,Config 3: Exp8 1-264,text,true,,233,158,438,438,http://localhost:8079/?token=518504778&user=-1355064518&config=3,10705,0,0
1777922394833,10707,HTTP Request,500,Internal Server Error,Config 3: Exp8 1-190,text,true,,233,158,438,438,http://localhost:8079/?token=518504778&user=-1355064518&config=3,10707,0,0
1777922394834,10706,HTTP Request,500,Internal Server Error,Config 3: Exp8 1-140,text,true,,233,158,438,438,http://localhost:8079/?token=518504778&user=-1355064518&config=3,10706,0,0
1777922394833,10708,HTTP Request,500,Internal Server Error,Config 3: Exp8 1-139,text,true,,233,158,438,438,http://localhost:8079/?token=518504778&user=-1355064518&config=3,10707,0,0
1777922394835,10706,HTTP Request,500,Internal Server Error,Config 3: Exp8 1-322,text,true,,233,158,438,438,http://localhost:8079/?token=518504778&user=-1355064518&config=3,10706,0,0
1777922394834,10707,HTTP Request,500,Internal Server Error,Config 3: Exp8 1-320,text,true,,233,158,438,438,http://localhost:8079/?token=518504778&user=-1355064518&config=3,10707,0,0
1777922394730,10811,HTTP Request,500,Internal Server Error,Config 3: Exp8 1-387,text,true,,233,158,438,438,http://localhost:8079/?token=518504778&user=-1355064518&config=3,10811,0,1
1777922388073,18054,HTTP Request,200,OK,Config 3: Exp8 1-355,text,false,Test failed: text expected to match /.*/,231,158,441,441,http://localhost:8079/?token=518504778&user=-1355064518&config=3,18054,0,1
1777922388489,17639,HTTP Request,200,OK,Config 3: Exp8 1-357,text,false,Test failed: text expected to match /.*/,231,158,441,441,http://localhost:8079/?token=518504778&user=-1355064518&config=3,17639,0,1
1777922388281,17847,HTTP Request,200,OK,Config 3: Exp8 1-356,text,false,Test failed: text expected to match /.*/,231,158,441,441,http://localhost:8079/?token=518504778&user=-1355064518&config=3,17847,0,1
1777922388697,17431,HTTP Request,200,OK,Config 3: Exp8 1-358,text,false,Test failed: text expected to match /.*/,231,158,441,441,http://localhost:8079/?token=518504778&user=-1355064518&config=3,17431,0,1
1777922388905,17223,HTTP Request,200,OK,Config 3: Exp8 1-359,text,false,Test failed: text expected to match /.*/,231,158,441,441,http://localhost:8079/?token=518504778&user=-1355064518&config=3,17223,0,0
1777922389113,17015,HTTP Request,200,OK,Config 3: Exp8 1-360,text,false,Test failed: text expected to match /.*/,231,158,441,441,http://localhost:8079/?token=518504778&user=-1355064518&config=3,17015,0,1
1777922389529,16800,HTTP Request,200,OK,Config 3: Exp8 1-362,text,false,Test failed: text expected to match /.*/,231,158,442,442,http://localhost:8079/?token=518504778&user=-1355064518&config=3,16799,0,1
1777922389321,17007,HTTP Request,200,OK,Config 3: Exp8 1-361,text,false,Test failed: text expected to match /.*/,231,158,442,442,http://localhost:8079/?token=518504778&user=-1355064518&config=3,17007,0,1
1777922389737,16706,HTTP Request,200,OK,Config 3: Exp8 1-363,text,false,Test failed: text expected to match /.*/,231,158,443,443,http://localhost:8079/?token=518504778&user=-1355064518&config=3,16706,0,0
1777922389945,16498,HTTP Request,200,OK,Config 3: Exp8 1-364,text,false,Test failed: text expected to match /.*/,231,158,443,443,http://localhost:8079/?token=518504778&user=-1355064518&config=3,16498,0,1
1777922390154,16289,HTTP Request,200,OK,Config 3: Exp8 1-365,text,false,Test failed: text expected to match /.*/,231,158,443,443,http://localhost:8079/?token=518504778&user=-1355064518&config=3,16289,0,0
1777922390361,16082,HTTP Request,200,OK,Config 3: Exp8 1-366,text,false,Test failed: text expected to match /.*/,231,158,443,443,http://localhost:8079/?token=518504778&user=-1355064518&config=3,16082,0,1
1777922390571,15872,HTTP Request,200,OK,Config 3: Exp8 1-367,text,false,Test failed: text expected to match /.*/,231,158,443,443,http://localhost:8079/?token=518504778&user=-1355064518&config=3,15872,0,0
1777922390864,15579,HTTP Request,200,OK,Config 3: Exp8 1-304,text,false,Test failed: text expected to match /.*/,231,158,443,443,http://localhost:8079/?token=518504778&user=-1355064518&config=3,15579,0,0
1777922390865,15578,HTTP Request,200,OK,Config 3: Exp8 1-305,text,false,Test failed: text expected to match /.*/,231,158,443,443,http://localhost:8079/?token=518504778&user=-1355064518&config=3,15578,0,0
1777922390864,15579,HTTP Request,200,OK,Config 3: Exp8 1-81,text,false,Test failed: text expected to match /.*/,231,158,443,443,http://localhost:8079/?token=518504778&user=-1355064518&config=3,15579,0,0
1777922390864,15579,HTTP Request,200,OK,Config 3: Exp8 1-126,text,false,Test failed: text expected to match /.*/,231,158,443,443,http://localhost:8079/?token=518504778&user=-1355064518&config=3,15579,0,0
1777922390864,15579,HTTP Request,200,OK,Config 3: Exp8 1-83,text,false,Test failed: text expected to match /.*/,231,158,443,443,http://localhost:8079/?token=518504778&user=-1355064518&config=3,15579,0,0
1777922390864,15579,HTTP Request,200,OK,Config 3: Exp8 1-82,text,false,Test failed: text expected to match /.*/,231,158,443,443,http://localhost:8079/?token=518504778&user=-1355064518&config=3,15579,0,0
1777922390778,15665,HTTP Request,200,OK,Config 3: Exp8 1-368,text,false,Test failed: text expected to match /.*/,231,158,443,443,http://localhost:8079/?token=518504778&user=-1355064518&config=3,15665,0,0
1777922390867,17715,HTTP Request,200,OK,Config 3: Exp8 1-125,text,false,Test failed: text expected to match /.*/,231,158,453,453,http://localhost:8079/?token=518504778&user=-1355064518&config=3,17715,0,0
1777922390865,17719,HTTP Request,200,OK,Config 3: Exp8 1-306,text,false,Test failed: text expected to match /.*/,231,158,453,453,http://localhost:8079/?token=518504778&user=-1355064518&config=3,17719,0,0
1777922390867,17717,HTTP Request,200,OK,Config 3: Exp8 1-151,text,false,Test failed: text expected to match /.*/,231,158,453,453,http://localhost:8079/?token=518504778&user=-1355064518&config=3,17717,0,0
1777922390867,17717,HTTP Request,200,OK,Config 3: Exp8 1-209,text,false,Test failed: text expected to match /.*/,231,158,453,453,http://localhost:8079/?token=518504778&user=-1355064518&config=3,17717,0,0
1777922390865,17719,HTTP Request,200,OK,Config 3: Exp8 1-121,text,false,Test failed: text expected to match /.*/,231,158,453,453,http://localhost:8079/?token=518504778&user=-1355064518&config=3,17719,0,0
1777922390866,17718,HTTP Request,200,OK,Config 3: Exp8 1-307,text,false,Test failed: text expected to match /.*/,231,158,453,453,http://localhost:8079/?token=518504778&user=-1355064518&config=3,17718,0,0
1777922390990,17595,HTTP Request,200,OK,Config 3: Exp8 1-309,text,false,Test failed: text expected to match /.*/,231,158,453,453,http://localhost:8079/?token=518504778&user=-1355064518&config=3,17595,0,0
1777922390867,17718,HTTP Request,200,OK,Config 3: Exp8 1-130,text,false,Test failed: text expected to match /.*/,231,158,453,453,http://localhost:8079/?token=518504778&user=-1355064518&config=3,17718,0,0
1777922390866,17719,HTTP Request,200,OK,Config 3: Exp8 1-95,text,false,Test failed: text expected to match /.*/,231,158,453,453,http://localhost:8079/?token=518504778&user=-1355064518&config=3,17719,0,0
1777922390864,17721,HTTP Request,200,OK,Config 3: Exp8 1-129,text,false,Test failed: text expected to match /.*/,231,158,453,453,http://localhost:8079/?token=518504778&user=-1355064518&config=3,17721,0,0
1777922390992,17593,HTTP Request,200,OK,Config 3: Exp8 1-101,text,false,Test failed: text expected to match /.*/,231,158,453,453,http://localhost:8079/?token=518504778&user=-1355064518&config=3,17593,0,0
1777922390867,17718,HTTP Request,200,OK,Config 3: Exp8 1-96,text,false,Test failed: text expected to match /.*/,231,158,453,453,http://localhost:8079/?token=518504778&user=-1355064518&config=3,17718,0,0
1777922390865,17720,HTTP Request,200,OK,Config 3: Exp8 1-80,text,false,Test failed: text expected to match /.*/,231,158,453,453,http://localhost:8079/?token=518504778&user=-1355064518&config=3,17720,0,0
1777922390867,17718,HTTP Request,200,OK,Config 3: Exp8 1-97,text,false,Test failed: text expected to match /.*/,231,158,453,453,http://localhost:8079/?token=518504778&user=-1355064518&config=3,17718,0,0
1777922390992,17593,HTTP Request,200,OK,Config 3: Exp8 1-155,text,false,Test failed: text expected to match /.*/,231,158,453,453,http://localhost:8079/?token=518504778&user=-1355064518&config=3,17593,0,0
1777922390867,17718,HTTP Request,200,OK,Config 3: Exp8 1-127,text,false,Test failed: text expected to match /.*/,231,158,453,453,http://localhost:8079/?token=518504778&user=-1355064518&config=3,17718,0,0
1777922390865,17720,HTTP Request,200,OK,Config 3: Exp8 1-123,text,false,Test failed: text expected to match /.*/,231,158,453,453,http://localhost:8079/?token=518504778&user=-1355064518&config=3,17720,0,0
1777922390867,17718,HTTP Request,200,OK,Config 3: Exp8 1-109,text,false,Test failed: text expected to match /.*/,231,158,453,453,http://localhost:8079/?token=518504778&user=-1355064518&config=3,17718,0,0
1777922390867,17718,HTTP Request,200,OK,Config 3: Exp8 1-152,text,false,Test failed: text expected to match /.*/,231,158,453,453,http://localhost:8079/?token=518504778&user=-1355064518&config=3,17718,0,0
1777922390867,17718,HTTP Request,200,OK,Config 3: Exp8 1-128,text,false,Test failed: text expected to match /.*/,231,158,453,453,http://localhost:8079/?token=518504778&user=-1355064518&config=3,17718,0,0
1777922390867,17718,HTTP Request,200,OK,Config 3: Exp8 1-154,text,false,Test failed: text expected to match /.*/,231,158,453,453,http://localhost:8079/?token=518504778&user=-1355064518&config=3,17718,0,0
1777922390865,17720,HTTP Request,200,OK,Config 3: Exp8 1-149,text,false,Test failed: text expected to match /.*/,231,158,453,453,http://localhost:8079/?token=518504778&user=-1355064518&config=3,17720,0,0
1777922390993,17592,HTTP Request,200,OK,Config 3: Exp8 1-133,text,false,Test failed: text expected to match /.*/,231,158,453,453,http://localhost:8079/?token=518504778&user=-1355064518&config=3,17592,0,0
1777922390867,17718,HTTP Request,200,OK,Config 3: Exp8 1-112,text,false,Test failed: text expected to match /.*/,231,158,453,453,http://localhost:8079/?token=518504778&user=-1355064518&config=3,17718,0,0
1777922390867,17718,HTTP Request,200,OK,Config 3: Exp8 1-148,text,false,Test failed: text expected to match /.*/,231,158,453,453,http://localhost:8079/?token=518504778&user=-1355064518&config=3,17718,0,0
1777922390867,17718,HTTP Request,200,OK,Config 3: Exp8 1-150,text,false,Test failed: text expected to match /.*/,231,158,453,453,http://localhost:8079/?token=518504778&user=-1355064518&config=3,17718,0,0
1777922390992,17594,HTTP Request,200,OK,Config 3: Exp8 1-184,text,false,Test failed: text expected to match /.*/,231,158,453,453,http://localhost:8079/?token=518504778&user=-1355064518&config=3,17594,0,0
1777922390992,17594,HTTP Request,200,OK,Config 3: Exp8 1-187,text,false,Test failed: text expected to match /.*/,231,158,453,453,http://localhost:8079/?token=518504778&user=-1355064518&config=3,17594,0,0
1777922390992,17594,HTTP Request,200,OK,Config 3: Exp8 1-189,text,false,Test failed: text expected to match /.*/,231,158,453,453,http://localhost:8079/?token=518504778&user=-1355064518&config=3,17594,0,0
1777922390867,17719,HTTP Request,200,OK,Config 3: Exp8 1-210,text,false,Test failed: text expected to match /.*/,231,158,453,453,http://localhost:8079/?token=518504778&user=-1355064518&config=3,17719,0,0
1777922390992,17594,HTTP Request,200,OK,Config 3: Exp8 1-161,text,false,Test failed: text expected to match /.*/,231,158,453,453,http://localhost:8079/?token=518504778&user=-1355064518&config=3,17594,0,0
1777922390992,17594,HTTP Request,200,OK,Config 3: Exp8 1-228,text,false,Test failed: text expected to match /.*/,231,158,453,453,http://localhost:8079/?token=518504778&user=-1355064518&config=3,17594,0,0
1777922390865,17721,HTTP Request,200,OK,Config 3: Exp8 1-177,text,false,Test failed: text expected to match /.*/,231,158,453,453,http://localhost:8079/?token=518504778&user=-1355064518&config=3,17721,0,0
1777922390992,17594,HTTP Request,200,OK,Config 3: Exp8 1-227,text,false,Test failed: text expected to match /.*/,231,158,453,453,http://localhost:8079/?token=518504778&user=-1355064518&config=3,17594,0,0
1777922390865,17721,HTTP Request,200,OK,Config 3: Exp8 1-258,text,false,Test failed: text expected to match /.*/,231,158,453,453,http://localhost:8079/?token=518504778&user=-1355064518&config=3,17721,0,0
1777922390864,17722,HTTP Request,200,OK,Config 3: Exp8 1-10,text,false,Test failed: text expected to match /.*/,231,158,453,453,http://localhost:8079/?token=518504778&user=-1355064518&config=3,17722,0,0
1777922390865,17721,HTTP Request,200,OK,Config 3: Exp8 1-208,text,false,Test failed: text expected to match /.*/,231,158,453,453,http://localhost:8079/?token=518504778&user=-1355064518&config=3,17721,0,0
1777922390867,17719,HTTP Request,200,OK,Config 3: Exp8 1-8,text,false,Test failed: text expected to match /.*/,231,158,453,453,http://localhost:8079/?token=518504778&user=-1355064518&config=3,17719,0,0
1777922390864,17722,HTTP Request,200,OK,Config 3: Exp8 1-11,text,false,Test failed: text expected to match /.*/,231,158,453,453,http://localhost:8079/?token=518504778&user=-1355064518&config=3,17722,0,0
1777922390992,17594,HTTP Request,200,OK,Config 3: Exp8 1-223,text,false,Test failed: text expected to match /.*/,231,158,453,453,http://localhost:8079/?token=518504778&user=-1355064518&config=3,17594,0,0
1777922390866,17720,HTTP Request,200,OK,Config 3: Exp8 1-22,text,false,Test failed: text expected to match /.*/,231,158,453,453,http://localhost:8079/?token=518504778&user=-1355064518&config=3,17720,0,1
1777922390864,17722,HTTP Request,200,OK,Config 3: Exp8 1-68,text,false,Test failed: text expected to match /.*/,231,158,453,453,http://localhost:8079/?token=518504778&user=-1355064518&config=3,17722,0,1
1777922390867,17719,HTTP Request,200,OK,Config 3: Exp8 1-308,text,false,Test failed: text expected to match /.*/,231,158,453,453,http://localhost:8079/?token=518504778&user=-1355064518&config=3,17719,0,0
1777922390992,17595,HTTP Request,200,OK,Config 3: Exp8 1-114,text,false,Test failed: text expected to match /.*/,231,158,453,453,http://localhost:8079/?token=518504778&user=-1355064518&config=3,17595,0,0
1777922390993,17594,HTTP Request,200,OK,Config 3: Exp8 1-311,text,false,Test failed: text expected to match /.*/,231,158,453,453,http://localhost:8079/?token=518504778&user=-1355064518&config=3,17594,0,0
1777922390992,17595,HTTP Request,200,OK,Config 3: Exp8 1-312,text,false,Test failed: text expected to match /.*/,231,158,453,453,http://localhost:8079/?token=518504778&user=-1355064518&config=3,17595,0,0
1777922390865,17722,HTTP Request,200,OK,Config 3: Exp8 1-36,text,false,Test failed: text expected to match /.*/,231,158,453,453,http://localhost:8079/?token=518504778&user=-1355064518&config=3,17722,0,1
1777922390992,17595,HTTP Request,200,OK,Config 3: Exp8 1-137,text,false,Test failed: text expected to match /.*/,231,158,453,453,http://localhost:8079/?token=518504778&user=-1355064518&config=3,17595,0,0
1777922390992,17595,HTTP Request,200,OK,Config 3: Exp8 1-85,text,false,Test failed: text expected to match /.*/,231,158,453,453,http://localhost:8079/?token=518504778&user=-1355064518&config=3,17595,0,0
1777922390993,17594,HTTP Request,200,OK,Config 3: Exp8 1-132,text,false,Test failed: text expected to match /.*/,231,158,453,453,http://localhost:8079/?token=518504778&user=-1355064518&config=3,17594,0,0
1777922390992,17595,HTTP Request,200,OK,Config 3: Exp8 1-224,text,false,Test failed: text expected to match /.*/,231,158,453,453,http://localhost:8079/?token=518504778&user=-1355064518&config=3,17595,0,0
1777922390992,17595,HTTP Request,200,OK,Config 3: Exp8 1-226,text,false,Test failed: text expected to match /.*/,231,158,453,453,http://localhost:8079/?token=518504778&user=-1355064518&config=3,17595,0,0
1777922390993,17594,HTTP Request,200,OK,Config 3: Exp8 1-313,text,false,Test failed: text expected to match /.*/,231,158,453,453,http://localhost:8079/?token=518504778&user=-1355064518&config=3,17594,0,0
1777922390867,17720,HTTP Request,200,OK,Config 3: Exp8 1-65,text,false,Test failed: text expected to match /.*/,231,158,453,453,http://localhost:8079/?token=518504778&user=-1355064518&config=3,17720,0,1
1777922390992,17596,HTTP Request,200,OK,Config 3: Exp8 1-98,text,false,Test failed: text expected to match /.*/,231,158,453,453,http://localhost:8079/?token=518504778&user=-1355064518&config=3,17596,0,0
1777922390992,17596,HTTP Request,200,OK,Config 3: Exp8 1-102,text,false,Test failed: text expected to match /.*/,231,158,453,453,http://localhost:8079/?token=518504778&user=-1355064518&config=3,17596,0,0
1777922390992,17596,HTTP Request,200,OK,Config 3: Exp8 1-136,text,false,Test failed: text expected to match /.*/,231,158,453,453,http://localhost:8079/?token=518504778&user=-1355064518&config=3,17596,0,0
1777922390865,17723,HTTP Request,200,OK,Config 3: Exp8 1-52,text,false,Test failed: text expected to match /.*/,231,158,453,453,http://localhost:8079/?token=518504778&user=-1355064518&config=3,17723,0,0
1777922390992,17596,HTTP Request,200,OK,Config 3: Exp8 1-225,text,false,Test failed: text expected to match /.*/,231,158,453,453,http://localhost:8079/?token=518504778&user=-1355064518&config=3,17596,0,0
1777922390992,17596,HTTP Request,200,OK,Config 3: Exp8 1-261,text,false,Test failed: text expected to match /.*/,231,158,453,453,http://localhost:8079/?token=518504778&user=-1355064518&config=3,17596,0,0
1777922390867,17721,HTTP Request,200,OK,Config 3: Exp8 1-40,text,false,Test failed: text expected to match /.*/,231,158,453,453,http://localhost:8079/?token=518504778&user=-1355064518&config=3,17721,0,0
1777922390992,17596,HTTP Request,200,OK,Config 3: Exp8 1-310,text,false,Test failed: text expected to match /.*/,231,158,453,453,http://localhost:8079/?token=518504778&user=-1355064518&config=3,17596,0,0
1777922390866,17722,HTTP Request,200,OK,Config 3: Exp8 1-37,text,false,Test failed: text expected to match /.*/,231,158,453,453,http://localhost:8079/?token=518504778&user=-1355064518&config=3,17722,0,1
1777922390990,17600,HTTP Request,200,OK,Config 3: Exp8 1-43,text,false,Test failed: text expected to match /.*/,231,158,453,453,http://localhost:8079/?token=518504778&user=-1355064518&config=3,17600,0,1
1777922390992,17598,HTTP Request,200,OK,Config 3: Exp8 1-58,text,false,Test failed: text expected to match /.*/,231,158,453,453,http://localhost:8079/?token=518504778&user=-1355064518&config=3,17598,0,0
1777922390992,17598,HTTP Request,200,OK,Config 3: Exp8 1-113,text,false,Test failed: text expected to match /.*/,231,158,453,453,http://localhost:8079/?token=518504778&user=-1355064518&config=3,17598,0,0
1777922390992,17598,HTTP Request,200,OK,Config 3: Exp8 1-99,text,false,Test failed: text expected to match /.*/,231,158,453,453,http://localhost:8079/?token=518504778&user=-1355064518&config=3,17598,0,0
1777922390992,17598,HTTP Request,200,OK,Config 3: Exp8 1-135,text,false,Test failed: text expected to match /.*/,231,158,453,453,http://localhost:8079/?token=518504778&user=-1355064518&config=3,17598,0,0
1777922390991,17599,HTTP Request,200,OK,Config 3: Exp8 1-41,text,false,Test failed: text expected to match /.*/,231,158,453,453,http://localhost:8079/?token=518504778&user=-1355064518&config=3,17599,0,0
1777922390990,17600,HTTP Request,200,OK,Config 3: Exp8 1-45,text,false,Test failed: text expected to match /.*/,231,158,453,453,http://localhost:8079/?token=518504778&user=-1355064518&config=3,17600,0,1
1777922390992,17598,HTTP Request,200,OK,Config 3: Exp8 1-87,text,false,Test failed: text expected to match /.*/,231,158,453,453,http://localhost:8079/?token=518504778&user=-1355064518&config=3,17598,0,0
1777922390992,17598,HTTP Request,200,OK,Config 3: Exp8 1-211,text,false,Test failed: text expected to match /.*/,231,158,453,453,http://localhost:8079/?token=518504778&user=-1355064518&config=3,17598,0,0
1777922390991,17599,HTTP Request,200,OK,Config 3: Exp8 1-27,text,false,Test failed: text expected to match /.*/,231,158,453,453,http://localhost:8079/?token=518504778&user=-1355064518&config=3,17599,0,0
1777922390992,17598,HTTP Request,200,OK,Config 3: Exp8 1-131,text,false,Test failed: text expected to match /.*/,231,158,453,453,http://localhost:8079/?token=518504778&user=-1355064518&config=3,17598,0,0
1777922390992,17598,HTTP Request,200,OK,Config 3: Exp8 1-156,text,false,Test failed: text expected to match /.*/,231,158,453,453,http://localhost:8079/?token=518504778&user=-1355064518&config=3,17598,0,0
1777922390865,17725,HTTP Request,200,OK,Config 3: Exp8 1-49,text,false,Test failed: text expected to match /.*/,231,158,453,453,http://localhost:8079/?token=518504778&user=-1355064518&config=3,17725,0,1
1777922390992,17598,HTTP Request,200,OK,Config 3: Exp8 1-222,text,false,Test failed: text expected to match /.*/,231,158,453,453,http://localhost:8079/?token=518504778&user=-1355064518&config=3,17598,0,0
1777922390865,17725,HTTP Request,200,OK,Config 3: Exp8 1-66,text,false,Test failed: text expected to match /.*/,231,158,453,453,http://localhost:8079/?token=518504778&user=-1355064518&config=3,17725,0,1
1777922390867,17723,HTTP Request,200,OK,Config 3: Exp8 1-54,text,false,Test failed: text expected to match /.*/,231,158,453,453,http://localhost:8079/?token=518504778&user=-1355064518&config=3,17723,0,0
1777922390867,17723,HTTP Request,200,OK,Config 3: Exp8 1-53,text,false,Test failed: text expected to match /.*/,231,158,453,453,http://localhost:8079/?token=518504778&user=-1355064518&config=3,17723,0,0
1777922390867,17723,HTTP Request,200,OK,Config 3: Exp8 1-67,text,false,Test failed: text expected to match /.*/,231,158,453,453,http://localhost:8079/?token=518504778&user=-1355064518&config=3,17723,0,0
1777922390993,17597,HTTP Request,200,OK,Config 3: Exp8 1-314,text,false,Test failed: text expected to match /.*/,231,158,453,453,http://localhost:8079/?token=518504778&user=-1355064518&config=3,17597,0,0
1777922390993,17597,HTTP Request,200,OK,Config 3: Exp8 1-13,text,false,Test failed: text expected to match /.*/,231,158,453,453,http://localhost:8079/?token=518504778&user=-1355064518&config=3,17597,0,0
1777922390867,17723,HTTP Request,200,OK,Config 3: Exp8 1-51,text,false,Test failed: text expected to match /.*/,231,158,453,453,http://localhost:8079/?token=518504778&user=-1355064518&config=3,17723,0,0
1777922390993,17597,HTTP Request,200,OK,Config 3: Exp8 1-267,text,false,Test failed: text expected to match /.*/,231,158,453,453,http://localhost:8079/?token=518504778&user=-1355064518&config=3,17597,0,0
1777922390866,17724,HTTP Request,200,OK,Config 3: Exp8 1-25,text,false,Test failed: text expected to match /.*/,231,158,453,453,http://localhost:8079/?token=518504778&user=-1355064518&config=3,17724,0,1
1777922390993,17597,HTTP Request,200,OK,Config 3: Exp8 1-262,text,false,Test failed: text expected to match /.*/,231,158,453,453,http://localhost:8079/?token=518504778&user=-1355064518&config=3,17597,0,0
1777922391194,17397,HTTP Request,200,OK,Config 3: Exp8 1-370,text,false,Test failed: text expected to match /.*/,231,158,453,453,http://localhost:8079/?token=518504778&user=-1355064518&config=3,17397,0,0
1777922390990,17601,HTTP Request,200,OK,Config 3: Exp8 1-44,text,false,Test failed: text expected to match /.*/,231,158,453,453,http://localhost:8079/?token=518504778&user=-1355064518&config=3,17601,0,1
1777922390992,17599,HTTP Request,200,OK,Config 3: Exp8 1-56,text,false,Test failed: text expected to match /.*/,231,158,453,453,http://localhost:8079/?token=518504778&user=-1355064518&config=3,17599,0,0
1777922390991,17600,HTTP Request,200,OK,Config 3: Exp8 1-42,text,false,Test failed: text expected to match /.*/,231,158,453,453,http://localhost:8079/?token=518504778&user=-1355064518&config=3,17600,0,0
1777922390992,17599,HTTP Request,200,OK,Config 3: Exp8 1-57,text,false,Test failed: text expected to match /.*/,231,158,453,453,http://localhost:8079/?token=518504778&user=-1355064518&config=3,17599,0,0
1777922390992,17600,HTTP Request,200,OK,Config 3: Exp8 1-59,text,false,Test failed: text expected to match /.*/,231,158,453,453,http://localhost:8079/?token=518504778&user=-1355064518&config=3,17599,0,0
1777922390992,17600,HTTP Request,200,OK,Config 3: Exp8 1-70,text,false,Test failed: text expected to match /.*/,231,158,453,453,http://localhost:8079/?token=518504778&user=-1355064518&config=3,17600,0,0
1777922390992,17600,HTTP Request,200,OK,Config 3: Exp8 1-73,text,false,Test failed: text expected to match /.*/,231,158,453,453,http://localhost:8079/?token=518504778&user=-1355064518&config=3,17600,0,0
1777922390985,17607,HTTP Request,200,OK,Config 3: Exp8 1-369,text,false,Test failed: text expected to match /.*/,231,158,453,453,http://localhost:8079/?token=518504778&user=-1355064518&config=3,17607,0,1
1777922393573,15320,HTTP Request,200,OK,Config 3: Exp8 1-325,text,false,Test failed: text expected to match /.*/,231,158,455,455,http://localhost:8079/?token=518504778&user=-1355064518&config=3,15320,0,0
1777922391402,17491,HTTP Request,200,OK,Config 3: Exp8 1-371,text,false,Test failed: text expected to match /.*/,231,158,455,455,http://localhost:8079/?token=518504778&user=-1355064518&config=3,17491,0,1
1777922393573,15320,HTTP Request,200,OK,Config 3: Exp8 1-326,text,false,Test failed: text expected to match /.*/,231,158,455,455,http://localhost:8079/?token=518504778&user=-1355064518&config=3,15320,0,0
1777922391609,17284,HTTP Request,200,OK,Config 3: Exp8 1-372,text,false,Test failed: text expected to match /.*/,231,158,455,455,http://localhost:8079/?token=518504778&user=-1355064518&config=3,17284,0,1
1777922393461,15432,HTTP Request,200,OK,Config 3: Exp8 1-145,text,false,Test failed: text expected to match /.*/,231,158,455,455,http://localhost:8079/?token=518504778&user=-1355064518&config=3,15432,0,0
1777922393574,15319,HTTP Request,200,OK,Config 3: Exp8 1-327,text,false,Test failed: text expected to match /.*/,231,158,455,455,http://localhost:8079/?token=518504778&user=-1355064518&config=3,15319,0,0
1777922392025,16868,HTTP Request,200,OK,Config 3: Exp8 1-374,text,false,Test failed: text expected to match /.*/,231,158,455,455,http://localhost:8079/?token=518504778&user=-1355064518&config=3,16868,0,1
1777922391817,17076,HTTP Request,200,OK,Config 3: Exp8 1-373,text,false,Test failed: text expected to match /.*/,231,158,455,455,http://localhost:8079/?token=518504778&user=-1355064518&config=3,17076,0,1
1777922393571,15322,HTTP Request,200,OK,Config 3: Exp8 1-21,text,false,Test failed: text expected to match /.*/,231,158,455,455,http://localhost:8079/?token=518504778&user=-1355064518&config=3,15322,0,0
1777922393461,15432,HTTP Request,200,OK,Config 3: Exp8 1-118,text,false,Test failed: text expected to match /.*/,231,158,455,455,http://localhost:8079/?token=518504778&user=-1355064518&config=3,15432,0,0
1777922393573,15321,HTTP Request,200,OK,Config 3: Exp8 1-324,text,false,Test failed: text expected to match /.*/,231,158,455,455,http://localhost:8079/?token=518504778&user=-1355064518&config=3,15321,0,0
1777922392233,16662,HTTP Request,200,OK,Config 3: Exp8 1-375,text,false,Test failed: text expected to match /.*/,231,158,455,455,http://localhost:8079/?token=518504778&user=-1355064518&config=3,16662,0,1
1777922392857,16038,HTTP Request,200,OK,Config 3: Exp8 1-378,text,false,Test failed: text expected to match /.*/,231,158,455,455,http://localhost:8079/?token=518504778&user=-1355064518&config=3,16038,0,1
1777922392649,16246,HTTP Request,200,OK,Config 3: Exp8 1-377,text,false,Test failed: text expected to match /.*/,231,158,455,455,http://localhost:8079/?token=518504778&user=-1355064518&config=3,16246,0,1
1777922392442,16453,HTTP Request,200,OK,Config 3: Exp8 1-376,text,false,Test failed: text expected to match /.*/,231,158,455,455,http://localhost:8079/?token=518504778&user=-1355064518&config=3,16453,0,0
1777922393146,15749,HTTP Request,200,OK,Config 3: Exp8 1-116,text,false,Test failed: text expected to match /.*/,231,158,455,455,http://localhost:8079/?token=518504778&user=-1355064518&config=3,15749,0,0
1777922393146,15749,HTTP Request,200,OK,Config 3: Exp8 1-117,text,false,Test failed: text expected to match /.*/,231,158,455,455,http://localhost:8079/?token=518504778&user=-1355064518&config=3,15749,0,0
1777922393144,15751,HTTP Request,200,OK,Config 3: Exp8 1-167,text,false,Test failed: text expected to match /.*/,231,158,455,455,http://localhost:8079/?token=518504778&user=-1355064518&config=3,15751,0,0
1777922393145,15750,HTTP Request,200,OK,Config 3: Exp8 1-86,text,false,Test failed: text expected to match /.*/,231,158,455,455,http://localhost:8079/?token=518504778&user=-1355064518&config=3,15750,0,0
1777922393459,15436,HTTP Request,200,OK,Config 3: Exp8 1-192,text,false,Test failed: text expected to match /.*/,231,158,455,455,http://localhost:8079/?token=518504778&user=-1355064518&config=3,15436,0,0
1777922393145,15750,HTTP Request,200,OK,Config 3: Exp8 1-72,text,false,Test failed: text expected to match /.*/,231,158,455,455,http://localhost:8079/?token=518504778&user=-1355064518&config=3,15750,0,1
1777922393145,15750,HTTP Request,200,OK,Config 3: Exp8 1-196,text,false,Test failed: text expected to match /.*/,231,158,455,455,http://localhost:8079/?token=518504778&user=-1355064518&config=3,15750,0,0
1777922393145,15750,HTTP Request,200,OK,Config 3: Exp8 1-195,text,false,Test failed: text expected to match /.*/,231,158,455,455,http://localhost:8079/?token=518504778&user=-1355064518&config=3,15750,0,0
1777922393146,15749,HTTP Request,200,OK,Config 3: Exp8 1-229,text,false,Test failed: text expected to match /.*/,231,158,455,455,http://localhost:8079/?token=518504778&user=-1355064518&config=3,15749,0,0
1777922393145,15750,HTTP Request,200,OK,Config 3: Exp8 1-193,text,false,Test failed: text expected to match /.*/,231,158,455,455,http://localhost:8079/?token=518504778&user=-1355064518&config=3,15750,0,0
1777922393146,15749,HTTP Request,200,OK,Config 3: Exp8 1-231,text,false,Test failed: text expected to match /.*/,231,158,455,455,http://localhost:8079/?token=518504778&user=-1355064518&config=3,15749,0,0
1777922393144,15751,HTTP Request,200,OK,Config 3: Exp8 1-241,text,false,Test failed: text expected to match /.*/,231,158,455,455,http://localhost:8079/?token=518504778&user=-1355064518&config=3,15751,0,0
1777922393144,15751,HTTP Request,200,OK,Config 3: Exp8 1-94,text,false,Test failed: text expected to match /.*/,231,158,455,455,http://localhost:8079/?token=518504778&user=-1355064518&config=3,15751,0,0
1777922393461,15434,HTTP Request,200,OK,Config 3: Exp8 1-197,text,false,Test failed: text expected to match /.*/,231,158,455,455,http://localhost:8079/?token=518504778&user=-1355064518&config=3,15434,0,0
1777922393145,15750,HTTP Request,200,OK,Config 3: Exp8 1-100,text,false,Test failed: text expected to match /.*/,231,158,455,455,http://localhost:8079/?token=518504778&user=-1355064518&config=3,15750,0,0
1777922393145,15750,HTTP Request,200,OK,Config 3: Exp8 1-244,text,false,Test failed: text expected to match /.*/,231,158,455,455,http://localhost:8079/?token=518504778&user=-1355064518&config=3,15750,0,0
1777922393573,15322,HTTP Request,200,OK,Config 3: Exp8 1-270,text,false,Test failed: text expected to match /.*/,231,158,455,455,http://localhost:8079/?token=518504778&user=-1355064518&config=3,15322,0,0
1777922393145,15750,HTTP Request,200,OK,Config 3: Exp8 1-268,text,false,Test failed: text expected to match /.*/,231,158,455,455,http://localhost:8079/?token=518504778&user=-1355064518&config=3,15750,0,0
1777922393461,15434,HTTP Request,200,OK,Config 3: Exp8 1-251,text,false,Test failed: text expected to match /.*/,231,158,455,455,http://localhost:8079/?token=518504778&user=-1355064518&config=3,15434,0,0
1777922393145,15750,HTTP Request,200,OK,Config 3: Exp8 1-323,text,false,Test failed: text expected to match /.*/,231,158,455,455,http://localhost:8079/?token=518504778&user=-1355064518&config=3,15750,0,0
1777922393481,15414,HTTP Request,200,OK,Config 3: Exp8 1-381,text,false,Test failed: text expected to match /.*/,231,158,455,455,http://localhost:8079/?token=518504778&user=-1355064518&config=3,15414,0,0
1777922393145,15750,HTTP Request,200,OK,Config 3: Exp8 1-230,text,false,Test failed: text expected to match /.*/,231,158,455,455,http://localhost:8079/?token=518504778&user=-1355064518&config=3,15750,0,0
1777922393572,15323,HTTP Request,200,OK,Config 3: Exp8 1-6,text,false,Test failed: text expected to match /.*/,231,158,455,455,http://localhost:8079/?token=518504778&user=-1355064518&config=3,15323,0,0
1777922393461,15434,HTTP Request,200,OK,Config 3: Exp8 1-252,text,false,Test failed: text expected to match /.*/,231,158,455,455,http://localhost:8079/?token=518504778&user=-1355064518&config=3,15434,0,0
1777922393459,15436,HTTP Request,200,OK,Config 3: Exp8 1-269,text,false,Test failed: text expected to match /.*/,231,158,455,455,http://localhost:8079/?token=518504778&user=-1355064518&config=3,15436,0,0
1777922393461,15434,HTTP Request,200,OK,Config 3: Exp8 1-34,text,false,Test failed: text expected to match /.*/,231,158,455,455,http://localhost:8079/?token=518504778&user=-1355064518&config=3,15434,0,0
1777922393145,15750,HTTP Request,200,OK,Config 3: Exp8 1-199,text,false,Test failed: text expected to match /.*/,231,158,455,455,http://localhost:8079/?token=518504778&user=-1355064518&config=3,15750,0,0
1777922393459,15436,HTTP Request,200,OK,Config 3: Exp8 1-194,text,false,Test failed: text expected to match /.*/,231,158,455,455,http://localhost:8079/?token=518504778&user=-1355064518&config=3,15436,0,0
1777922393065,15830,HTTP Request,200,OK,Config 3: Exp8 1-379,text,false,Test failed: text expected to match /.*/,231,158,455,455,http://localhost:8079/?token=518504778&user=-1355064518&config=3,15830,0,1
1777922393572,15323,HTTP Request,200,OK,Config 3: Exp8 1-147,text,false,Test failed: text expected to match /.*/,231,158,455,455,http://localhost:8079/?token=518504778&user=-1355064518&config=3,15323,0,0
1777922393461,15434,HTTP Request,200,OK,Config 3: Exp8 1-79,text,false,Test failed: text expected to match /.*/,231,158,455,455,http://localhost:8079/?token=518504778&user=-1355064518&config=3,15434,0,0
1777922393572,15323,HTTP Request,200,OK,Config 3: Exp8 1-206,text,false,Test failed: text expected to match /.*/,231,158,455,455,http://localhost:8079/?token=518504778&user=-1355064518&config=3,15323,0,0
1777922393274,15621,HTTP Request,200,OK,Config 3: Exp8 1-380,text,false,Test failed: text expected to match /.*/,231,158,455,455,http://localhost:8079/?token=518504778&user=-1355064518&config=3,15621,0,0
1777922393462,15433,HTTP Request,200,OK,Config 3: Exp8 1-174,text,false,Test failed: text expected to match /.*/,231,158,455,455,http://localhost:8079/?token=518504778&user=-1355064518&config=3,15433,0,0
1777922393573,15322,HTTP Request,200,OK,Config 3: Exp8 1-16,text,false,Test failed: text expected to match /.*/,231,158,455,455,http://localhost:8079/?token=518504778&user=-1355064518&config=3,15322,0,0
1777922393573,15322,HTTP Request,200,OK,Config 3: Exp8 1-1,text,false,Test failed: text expected to match /.*/,231,158,455,455,http://localhost:8079/?token=518504778&user=-1355064518&config=3,15322,0,0
1777922393572,15323,HTTP Request,200,OK,Config 3: Exp8 1-31,text,false,Test failed: text expected to match /.*/,231,158,455,455,http://localhost:8079/?token=518504778&user=-1355064518&config=3,15323,0,0
1777922393573,15322,HTTP Request,200,OK,Config 3: Exp8 1-172,text,false,Test failed: text expected to match /.*/,231,158,455,455,http://localhost:8079/?token=518504778&user=-1355064518&config=3,15322,0,0
1777922393572,15323,HTTP Request,200,OK,Config 3: Exp8 1-207,text,false,Test failed: text expected to match /.*/,231,158,455,455,http://localhost:8079/?token=518504778&user=-1355064518&config=3,15323,0,0
1777922393462,15433,HTTP Request,200,OK,Config 3: Exp8 1-15,text,false,Test failed: text expected to match /.*/,231,158,455,455,http://localhost:8079/?token=518504778&user=-1355064518&config=3,15433,0,0
1777922393571,15325,HTTP Request,200,OK,Config 3: Exp8 1-30,text,false,Test failed: text expected to match /.*/,231,158,455,455,http://localhost:8079/?token=518504778&user=-1355064518&config=3,15324,0,0
1777922393462,15433,HTTP Request,200,OK,Config 3: Exp8 1-28,text,false,Test failed: text expected to match /.*/,231,158,455,455,http://localhost:8079/?token=518504778&user=-1355064518&config=3,15433,0,0
1777922394938,15605,HTTP Request,200,OK,Config 3: Exp8 1-388,text,false,Test failed: text expected to match /.*/,231,158,463,463,http://localhost:8079/?token=518504778&user=-1355064518&config=3,15605,0,0
1777922395145,15398,HTTP Request,200,OK,Config 3: Exp8 1-389,text,false,Test failed: text expected to match /.*/,231,158,463,463,http://localhost:8079/?token=518504778&user=-1355064518&config=3,15398,0,1
1777922395562,14982,HTTP Request,200,OK,Config 3: Exp8 1-391,text,false,Test failed: text expected to match /.*/,231,158,463,463,http://localhost:8079/?token=518504778&user=-1355064518&config=3,14982,0,0
1777922395353,15191,HTTP Request,200,OK,Config 3: Exp8 1-390,text,false,Test failed: text expected to match /.*/,231,158,463,463,http://localhost:8079/?token=518504778&user=-1355064518&config=3,15191,0,1
1777922395978,14566,HTTP Request,200,OK,Config 3: Exp8 1-393,text,false,Test failed: text expected to match /.*/,231,158,463,463,http://localhost:8079/?token=518504778&user=-1355064518&config=3,14566,0,1
1777922395769,14775,HTTP Request,200,OK,Config 3: Exp8 1-392,text,false,Test failed: text expected to match /.*/,231,158,463,463,http://localhost:8079/?token=518504778&user=-1355064518&config=3,14775,0,1
1777922396187,14358,HTTP Request,200,OK,Config 3: Exp8 1-394,text,false,Test failed: text expected to match /.*/,231,158,463,463,http://localhost:8079/?token=518504778&user=-1355064518&config=3,14358,0,0
1777922396394,14197,HTTP Request,200,OK,Config 3: Exp8 1-395,text,false,Test failed: text expected to match /.*/,231,158,463,463,http://localhost:8079/?token=518504778&user=-1355064518&config=3,14197,0,0
1777922397136,15369,HTTP Request,200,OK,Config 3: Exp8 1-341,text,false,Test failed: text expected to match /.*/,231,158,472,472,http://localhost:8079/?token=518504778&user=-1355064518&config=3,15369,0,0
1777922397136,15369,HTTP Request,200,OK,Config 3: Exp8 1-345,text,false,Test failed: text expected to match /.*/,231,158,472,472,http://localhost:8079/?token=518504778&user=-1355064518&config=3,15369,0,0
1777922397136,15369,HTTP Request,200,OK,Config 3: Exp8 1-344,text,false,Test failed: text expected to match /.*/,231,158,472,472,http://localhost:8079/?token=518504778&user=-1355064518&config=3,15369,0,0
1777922396602,16843,HTTP Request,200,OK,Config 3: Exp8 1-396,text,false,Test failed: text expected to match /.*/,231,158,476,476,http://localhost:8079/?token=518504778&user=-1355064518&config=3,16843,0,0
1777922396793,16670,HTTP Request,200,OK,Config 3: Exp8 1-333,text,false,Test failed: text expected to match /.*/,231,158,477,477,http://localhost:8079/?token=518504778&user=-1355064518&config=3,16670,0,0
1777922396789,16674,HTTP Request,200,OK,Config 3: Exp8 1-240,text,false,Test failed: text expected to match /.*/,231,158,477,477,http://localhost:8079/?token=518504778&user=-1355064518&config=3,16674,0,0
1777922396793,16670,HTTP Request,200,OK,Config 3: Exp8 1-17,text,false,Test failed: text expected to match /.*/,231,158,477,477,http://localhost:8079/?token=518504778&user=-1355064518&config=3,16670,0,0
1777922396789,16674,HTTP Request,200,OK,Config 3: Exp8 1-166,text,false,Test failed: text expected to match /.*/,231,158,477,477,http://localhost:8079/?token=518504778&user=-1355064518&config=3,16674,0,0
1777922396793,16670,HTTP Request,200,OK,Config 3: Exp8 1-277,text,false,Test failed: text expected to match /.*/,231,158,477,477,http://localhost:8079/?token=518504778&user=-1355064518&config=3,16670,0,0
1777922396793,16670,HTTP Request,200,OK,Config 3: Exp8 1-286,text,false,Test failed: text expected to match /.*/,231,158,477,477,http://localhost:8079/?token=518504778&user=-1355064518&config=3,16670,0,0
1777922396793,16670,HTTP Request,200,OK,Config 3: Exp8 1-242,text,false,Test failed: text expected to match /.*/,231,158,477,477,http://localhost:8079/?token=518504778&user=-1355064518&config=3,16670,0,0
1777922396789,16674,HTTP Request,200,OK,Config 3: Exp8 1-276,text,false,Test failed: text expected to match /.*/,231,158,477,477,http://localhost:8079/?token=518504778&user=-1355064518&config=3,16674,0,0
1777922396789,16674,HTTP Request,200,OK,Config 3: Exp8 1-171,text,false,Test failed: text expected to match /.*/,231,158,477,477,http://localhost:8079/?token=518504778&user=-1355064518&config=3,16674,0,0
1777922396791,16673,HTTP Request,200,OK,Config 3: Exp8 1-238,text,false,Test failed: text expected to match /.*/,231,158,477,477,http://localhost:8079/?token=518504778&user=-1355064518&config=3,16673,0,0
1777922396792,16672,HTTP Request,200,OK,Config 3: Exp8 1-234,text,false,Test failed: text expected to match /.*/,231,158,477,477,http://localhost:8079/?token=518504778&user=-1355064518&config=3,16672,0,0
1777922396793,16671,HTTP Request,200,OK,Config 3: Exp8 1-3,text,false,Test failed: text expected to match /.*/,231,158,477,477,http://localhost:8079/?token=518504778&user=-1355064518&config=3,16671,0,0
1777922396793,16672,HTTP Request,200,OK,Config 3: Exp8 1-115,text,false,Test failed: text expected to match /.*/,231,158,477,477,http://localhost:8079/?token=518504778&user=-1355064518&config=3,16672,0,0
1777922396793,16672,HTTP Request,200,OK,Config 3: Exp8 1-160,text,false,Test failed: text expected to match /.*/,231,158,477,477,http://localhost:8079/?token=518504778&user=-1355064518&config=3,16672,0,0
1777922396793,16672,HTTP Request,200,OK,Config 3: Exp8 1-337,text,false,Test failed: text expected to match /.*/,231,158,477,477,http://localhost:8079/?token=518504778&user=-1355064518&config=3,16672,0,0
1777922396793,16672,HTTP Request,200,OK,Config 3: Exp8 1-334,text,false,Test failed: text expected to match /.*/,231,158,477,477,http://localhost:8079/?token=518504778&user=-1355064518&config=3,16672,0,0
1777922396793,16672,HTTP Request,200,OK,Config 3: Exp8 1-159,text,false,Test failed: text expected to match /.*/,231,158,477,477,http://localhost:8079/?token=518504778&user=-1355064518&config=3,16672,0,0
1777922396793,16672,HTTP Request,200,OK,Config 3: Exp8 1-141,text,false,Test failed: text expected to match /.*/,231,158,477,477,http://localhost:8079/?token=518504778&user=-1355064518&config=3,16672,0,0
1777922396792,16673,HTTP Request,200,OK,Config 3: Exp8 1-243,text,false,Test failed: text expected to match /.*/,231,158,477,477,http://localhost:8079/?token=518504778&user=-1355064518&config=3,16673,0,0
1777922396793,16672,HTTP Request,200,OK,Config 3: Exp8 1-188,text,false,Test failed: text expected to match /.*/,231,158,477,477,http://localhost:8079/?token=518504778&user=-1355064518&config=3,16672,0,0
1777922396793,16672,HTTP Request,200,OK,Config 3: Exp8 1-284,text,false,Test failed: text expected to match /.*/,231,158,477,477,http://localhost:8079/?token=518504778&user=-1355064518&config=3,16672,0,0
1777922396793,16672,HTTP Request,200,OK,Config 3: Exp8 1-239,text,false,Test failed: text expected to match /.*/,231,158,477,477,http://localhost:8079/?token=518504778&user=-1355064518&config=3,16672,0,0
1777922396792,16673,HTTP Request,200,OK,Config 3: Exp8 1-158,text,false,Test failed: text expected to match /.*/,231,158,477,477,http://localhost:8079/?token=518504778&user=-1355064518&config=3,16673,0,0
1777922396793,16672,HTTP Request,200,OK,Config 3: Exp8 1-336,text,false,Test failed: text expected to match /.*/,231,158,477,477,http://localhost:8079/?token=518504778&user=-1355064518&config=3,16672,0,0
1777922396789,16676,HTTP Request,200,OK,Config 3: Exp8 1-280,text,false,Test failed: text expected to match /.*/,231,158,477,477,http://localhost:8079/?token=518504778&user=-1355064518&config=3,16676,0,0
1777922396793,16672,HTTP Request,200,OK,Config 3: Exp8 1-283,text,false,Test failed: text expected to match /.*/,231,158,477,477,http://localhost:8079/?token=518504778&user=-1355064518&config=3,16672,0,0
1777922396792,16674,HTTP Request,200,OK,Config 3: Exp8 1-237,text,false,Test failed: text expected to match /.*/,231,158,477,477,http://localhost:8079/?token=518504778&user=-1355064518&config=3,16674,0,0
1777922396792,16674,HTTP Request,200,OK,Config 3: Exp8 1-282,text,false,Test failed: text expected to match /.*/,231,158,477,477,http://localhost:8079/?token=518504778&user=-1355064518&config=3,16674,0,0
1777922396789,16677,HTTP Request,200,OK,Config 3: Exp8 1-279,text,false,Test failed: text expected to match /.*/,231,158,477,477,http://localhost:8079/?token=518504778&user=-1355064518&config=3,16677,0,0
1777922396791,16675,HTTP Request,200,OK,Config 3: Exp8 1-107,text,false,Test failed: text expected to match /.*/,231,158,477,477,http://localhost:8079/?token=518504778&user=-1355064518&config=3,16675,0,1
1777922396792,16674,HTTP Request,200,OK,Config 3: Exp8 1-60,text,false,Test failed: text expected to match /.*/,231,158,477,477,http://localhost:8079/?token=518504778&user=-1355064518&config=3,16674,0,0
1777922396789,16677,HTTP Request,200,OK,Config 3: Exp8 1-281,text,false,Test failed: text expected to match /.*/,231,158,477,477,http://localhost:8079/?token=518504778&user=-1355064518&config=3,16677,0,0
1777922396789,16677,HTTP Request,200,OK,Config 3: Exp8 1-285,text,false,Test failed: text expected to match /.*/,231,158,477,477,http://localhost:8079/?token=518504778&user=-1355064518&config=3,16677,0,0
1777922396793,16673,HTTP Request,200,OK,Config 3: Exp8 1-335,text,false,Test failed: text expected to match /.*/,231,158,477,477,http://localhost:8079/?token=518504778&user=-1355064518&config=3,16673,0,0
1777922396793,16673,HTTP Request,200,OK,Config 3: Exp8 1-4,text,false,Test failed: text expected to match /.*/,231,158,477,477,http://localhost:8079/?token=518504778&user=-1355064518&config=3,16673,0,0
1777922396793,16673,HTTP Request,200,OK,Config 3: Exp8 1-332,text,false,Test failed: text expected to match /.*/,231,158,477,477,http://localhost:8079/?token=518504778&user=-1355064518&config=3,16673,0,0
1777922396789,16678,HTTP Request,200,OK,Config 3: Exp8 1-89,text,false,Test failed: text expected to match /.*/,231,158,477,477,http://localhost:8079/?token=518504778&user=-1355064518&config=3,16678,0,0
1777922396789,16678,HTTP Request,200,OK,Config 3: Exp8 1-63,text,false,Test failed: text expected to match /.*/,231,158,477,477,http://localhost:8079/?token=518504778&user=-1355064518&config=3,16678,0,0
1777922396793,16674,HTTP Request,200,OK,Config 3: Exp8 1-33,text,false,Test failed: text expected to match /.*/,231,158,477,477,http://localhost:8079/?token=518504778&user=-1355064518&config=3,16674,0,0
1777922396810,16657,HTTP Request,200,OK,Config 3: Exp8 1-397,text,false,Test failed: text expected to match /.*/,231,158,477,477,http://localhost:8079/?token=518504778&user=-1355064518&config=3,16657,0,0
1777922396789,16678,HTTP Request,200,OK,Config 3: Exp8 1-278,text,false,Test failed: text expected to match /.*/,231,158,477,477,http://localhost:8079/?token=518504778&user=-1355064518&config=3,16678,0,0
1777922396793,16674,HTTP Request,200,OK,Config 3: Exp8 1-61,text,false,Test failed: text expected to match /.*/,231,158,477,477,http://localhost:8079/?token=518504778&user=-1355064518&config=3,16674,0,0
1777922396789,16678,HTTP Request,200,OK,Config 3: Exp8 1-104,text,false,Test failed: text expected to match /.*/,231,158,477,477,http://localhost:8079/?token=518504778&user=-1355064518&config=3,16678,0,1
1777922397018,16449,HTTP Request,200,OK,Config 3: Exp8 1-398,text,false,Test failed: text expected to match /.*/,231,158,477,477,http://localhost:8079/?token=518504778&user=-1355064518&config=3,16449,0,0
1777922396793,16674,HTTP Request,200,OK,Config 3: Exp8 1-74,text,false,Test failed: text expected to match /.*/,231,158,477,477,http://localhost:8079/?token=518504778&user=-1355064518&config=3,16674,0,0
1777922397155,17397,HTTP Request,200,OK,Config 3: Exp8 1-295,text,false,Test failed: text expected to match /.*/,231,158,480,480,http://localhost:8079/?token=518504778&user=-1355064518&config=3,17397,0,0
1777922397136,17416,HTTP Request,200,OK,Config 3: Exp8 1-343,text,false,Test failed: text expected to match /.*/,231,158,480,480,http://localhost:8079/?token=518504778&user=-1355064518&config=3,17416,0,0
1777922397136,17416,HTTP Request,200,OK,Config 3: Exp8 1-338,text,false,Test failed: text expected to match /.*/,231,158,480,480,http://localhost:8079/?token=518504778&user=-1355064518&config=3,17416,0,0
1777922397136,17416,HTTP Request,200,OK,Config 3: Exp8 1-342,text,false,Test failed: text expected to match /.*/,231,158,480,480,http://localhost:8079/?token=518504778&user=-1355064518&config=3,17416,0,0
1777922397155,17398,HTTP Request,200,OK,Config 3: Exp8 1-293,text,false,Test failed: text expected to match /.*/,231,158,476,476,http://localhost:8079/?token=518504778&user=-1355064518&config=3,17398,0,0
1777922397155,17398,HTTP Request,200,OK,Config 3: Exp8 1-297,text,false,Test failed: text expected to match /.*/,231,158,476,476,http://localhost:8079/?token=518504778&user=-1355064518&config=3,17398,0,0
1777922397137,17416,HTTP Request,200,OK,Config 3: Exp8 1-340,text,false,Test failed: text expected to match /.*/,231,158,476,476,http://localhost:8079/?token=518504778&user=-1355064518&config=3,17416,0,0
1777922397156,17397,HTTP Request,200,OK,Config 3: Exp8 1-259,text,false,Test failed: text expected to match /.*/,231,158,476,476,http://localhost:8079/?token=518504778&user=-1355064518&config=3,17397,0,0
1777922397136,17417,HTTP Request,200,OK,Config 3: Exp8 1-339,text,false,Test failed: text expected to match /.*/,231,158,476,476,http://localhost:8079/?token=518504778&user=-1355064518&config=3,17417,0,0
1777922397157,17396,HTTP Request,200,OK,Config 3: Exp8 1-296,text,false,Test failed: text expected to match /.*/,231,158,474,474,http://localhost:8079/?token=518504778&user=-1355064518&config=3,17396,0,0
1777922397155,17399,HTTP Request,200,OK,Config 3: Exp8 1-299,text,false,Test failed: text expected to match /.*/,231,158,473,473,http://localhost:8079/?token=518504778&user=-1355064518&config=3,17399,0,1
1777922397156,17398,HTTP Request,200,OK,Config 3: Exp8 1-298,text,false,Test failed: text expected to match /.*/,231,158,472,472,http://localhost:8079/?token=518504778&user=-1355064518&config=3,17398,0,0
1777922397226,17328,HTTP Request,200,OK,Config 3: Exp8 1-399,text,false,Test failed: text expected to match /.*/,231,158,473,473,http://localhost:8079/?token=518504778&user=-1355064518&config=3,17328,0,0
1777922397434,17120,HTTP Request,200,OK,Config 3: Exp8 1-400,text,false,Test failed: text expected to match /.*/,231,158,469,469,http://localhost:8079/?token=518504778&user=-1355064518&config=3,17120,0,1
1777922397642,16912,HTTP Request,200,OK,Config 3: Exp8 1-401,text,false,Test failed: text expected to match /.*/,231,158,468,468,http://localhost:8079/?token=518504778&user=-1355064518&config=3,16912,0,0
1777922397850,16704,HTTP Request,200,OK,Config 3: Exp8 1-402,text,false,Test failed: text expected to match /.*/,231,158,468,468,http://localhost:8079/?token=518504778&user=-1355064518&config=3,16704,0,0
1777922398266,16288,HTTP Request,200,OK,Config 3: Exp8 1-404,text,false,Test failed: text expected to match /.*/,231,158,468,468,http://localhost:8079/?token=518504778&user=-1355064518&config=3,16288,0,0
1777922398058,16496,HTTP Request,200,OK,Config 3: Exp8 1-403,text,false,Test failed: text expected to match /.*/,231,158,467,467,http://localhost:8079/?token=518504778&user=-1355064518&config=3,16496,0,1
1777922398474,16080,HTTP Request,200,OK,Config 3: Exp8 1-405,text,false,Test failed: text expected to match /.*/,231,158,467,467,http://localhost:8079/?token=518504778&user=-1355064518&config=3,16080,0,1
1777922397227,17327,HTTP Request,200,OK,Config 3: Exp8 1-346,text,false,Test failed: text expected to match /.*/,231,158,466,466,http://localhost:8079/?token=518504778&user=-1355064518&config=3,17327,0,0
1777922397227,17327,HTTP Request,200,OK,Config 3: Exp8 1-347,text,false,Test failed: text expected to match /.*/,231,158,466,466,http://localhost:8079/?token=518504778&user=-1355064518&config=3,17327,0,0
1777922397227,17327,HTTP Request,200,OK,Config 3: Exp8 1-348,text,false,Test failed: text expected to match /.*/,231,158,466,466,http://localhost:8079/?token=518504778&user=-1355064518&config=3,17327,0,0
1777922399098,15456,HTTP Request,200,OK,Config 3: Exp8 1-408,text,false,Test failed: text expected to match /.*/,231,158,466,466,http://localhost:8079/?token=518504778&user=-1355064518&config=3,15456,0,1
1777922398890,15664,HTTP Request,200,OK,Config 3: Exp8 1-407,text,false,Test failed: text expected to match /.*/,231,158,466,466,http://localhost:8079/?token=518504778&user=-1355064518&config=3,15664,0,1
1777922398684,15870,HTTP Request,200,OK,Config 3: Exp8 1-406,text,false,Test failed: text expected to match /.*/,231,158,466,466,http://localhost:8079/?token=518504778&user=-1355064518&config=3,15870,0,0
1777922400621,13934,HTTP Request,200,OK,Config 3: Exp8 1-170,text,false,Test failed: text expected to match /.*/,231,158,455,455,http://localhost:8079/?token=518504778&user=-1355064518&config=3,13934,0,0
1777922400621,13934,HTTP Request,200,OK,Config 3: Exp8 1-165,text,false,Test failed: text expected to match /.*/,231,158,455,455,http://localhost:8079/?token=518504778&user=-1355064518&config=3,13934,0,0
1777922399306,15250,HTTP Request,200,OK,Config 3: Exp8 1-409,text,false,Test failed: text expected to match /.*/,231,158,454,454,http://localhost:8079/?token=518504778&user=-1355064518&config=3,15250,0,1
1777922399515,15041,HTTP Request,200,OK,Config 3: Exp8 1-410,text,false,Test failed: text expected to match /.*/,231,158,454,454,http://localhost:8079/?token=518504778&user=-1355064518&config=3,15041,0,0
1777922399930,14626,HTTP Request,200,OK,Config 3: Exp8 1-412,text,false,Test failed: text expected to match /.*/,231,158,454,454,http://localhost:8079/?token=518504778&user=-1355064518&config=3,14626,0,1
1777922399722,14834,HTTP Request,200,OK,Config 3: Exp8 1-411,text,false,Test failed: text expected to match /.*/,231,158,454,454,http://localhost:8079/?token=518504778&user=-1355064518&config=3,14834,0,1
1777922400139,14417,HTTP Request,200,OK,Config 3: Exp8 1-413,text,false,Test failed: text expected to match /.*/,231,158,453,453,http://localhost:8079/?token=518504778&user=-1355064518&config=3,14417,0,1
1777922400346,14210,HTTP Request,200,OK,Config 3: Exp8 1-414,text,false,Test failed: text expected to match /.*/,231,158,452,452,http://localhost:8079/?token=518504778&user=-1355064518&config=3,14210,0,0
1777922400555,14001,HTTP Request,200,OK,Config 3: Exp8 1-415,text,false,Test failed: text expected to match /.*/,231,158,451,451,http://localhost:8079/?token=518504778&user=-1355064518&config=3,14001,0,0
1777922400625,13931,HTTP Request,200,OK,Config 3: Exp8 1-351,text,false,Test failed: text expected to match /.*/,231,158,449,449,http://localhost:8079/?token=518504778&user=-1355064518&config=3,13931,0,0
1777922400624,13932,HTTP Request,200,OK,Config 3: Exp8 1-143,text,false,Test failed: text expected to match /.*/,231,158,447,447,http://localhost:8079/?token=518504778&user=-1355064518&config=3,13932,0,0
1777922400621,13935,HTTP Request,200,OK,Config 3: Exp8 1-200,text,false,Test failed: text expected to match /.*/,231,158,447,447,http://localhost:8079/?token=518504778&user=-1355064518&config=3,13935,0,0
1777922400621,13935,HTTP Request,200,OK,Config 3: Exp8 1-245,text,false,Test failed: text expected to match /.*/,231,158,447,447,http://localhost:8079/?token=518504778&user=-1355064518&config=3,13935,0,0
1777922400621,13935,HTTP Request,200,OK,Config 3: Exp8 1-248,text,false,Test failed: text expected to match /.*/,231,158,447,447,http://localhost:8079/?token=518504778&user=-1355064518&config=3,13935,0,0
1777922400621,13935,HTTP Request,200,OK,Config 3: Exp8 1-204,text,false,Test failed: text expected to match /.*/,231,158,447,447,http://localhost:8079/?token=518504778&user=-1355064518&config=3,13935,0,0
1777922400621,13935,HTTP Request,200,OK,Config 3: Exp8 1-246,text,false,Test failed: text expected to match /.*/,231,158,447,447,http://localhost:8079/?token=518504778&user=-1355064518&config=3,13935,0,0
1777922400623,13933,HTTP Request,200,OK,Config 3: Exp8 1-169,text,false,Test failed: text expected to match /.*/,231,158,447,447,http://localhost:8079/?token=518504778&user=-1355064518&config=3,13933,0,0
1777922400621,13935,HTTP Request,200,OK,Config 3: Exp8 1-168,text,false,Test failed: text expected to match /.*/,231,158,447,447,http://localhost:8079/?token=518504778&user=-1355064518&config=3,13935,0,0
1777922400624,13932,HTTP Request,200,OK,Config 3: Exp8 1-253,text,false,Test failed: text expected to match /.*/,231,158,446,446,http://localhost:8079/?token=518504778&user=-1355064518&config=3,13932,0,0
1777922400621,13935,HTTP Request,200,OK,Config 3: Exp8 1-349,text,false,Test failed: text expected to match /.*/,231,158,446,446,http://localhost:8079/?token=518504778&user=-1355064518&config=3,13935,0,0
1777922400623,13933,HTTP Request,200,OK,Config 3: Exp8 1-18,text,false,Test failed: text expected to match /.*/,231,158,446,446,http://localhost:8079/?token=518504778&user=-1355064518&config=3,13933,0,0
1777922400621,13935,HTTP Request,200,OK,Config 3: Exp8 1-288,text,false,Test failed: text expected to match /.*/,231,158,446,446,http://localhost:8079/?token=518504778&user=-1355064518&config=3,13935,0,0
1777922400623,13933,HTTP Request,200,OK,Config 3: Exp8 1-19,text,false,Test failed: text expected to match /.*/,231,158,446,446,http://localhost:8079/?token=518504778&user=-1355064518&config=3,13933,0,0
1777922400623,13934,HTTP Request,200,OK,Config 3: Exp8 1-32,text,false,Test failed: text expected to match /.*/,231,158,445,445,http://localhost:8079/?token=518504778&user=-1355064518&config=3,13934,0,0
1777922400623,13934,HTTP Request,200,OK,Config 3: Exp8 1-350,text,false,Test failed: text expected to match /.*/,231,158,434,434,http://localhost:8079/?token=518504778&user=-1355064518&config=3,13934,0,0
1777922400621,13936,HTTP Request,200,OK,Config 3: Exp8 1-202,text,false,Test failed: text expected to match /.*/,231,158,433,433,http://localhost:8079/?token=518504778&user=-1355064518&config=3,13936,0,0
1777922400623,13934,HTTP Request,200,OK,Config 3: Exp8 1-203,text,false,Test failed: text expected to match /.*/,231,158,433,433,http://localhost:8079/?token=518504778&user=-1355064518&config=3,13934,0,0
1777922400622,13935,HTTP Request,200,OK,Config 3: Exp8 1-142,text,false,Test failed: text expected to match /.*/,231,158,434,434,http://localhost:8079/?token=518504778&user=-1355064518&config=3,13935,0,0
1777922400621,13936,HTTP Request,200,OK,Config 3: Exp8 1-162,text,false,Test failed: text expected to match /.*/,231,158,433,433,http://localhost:8079/?token=518504778&user=-1355064518&config=3,13936,0,0
1777922400625,13932,HTTP Request,200,OK,Config 3: Exp8 1-235,text,false,Test failed: text expected to match /.*/,231,158,432,432,http://localhost:8079/?token=518504778&user=-1355064518&config=3,13932,0,0
1777922400622,13935,HTTP Request,200,OK,Config 3: Exp8 1-249,text,false,Test failed: text expected to match /.*/,231,158,432,432,http://localhost:8079/?token=518504778&user=-1355064518&config=3,13935,0,0
1777922400626,13931,HTTP Request,200,OK,Config 3: Exp8 1-20,text,false,Test failed: text expected to match /.*/,231,158,431,431,http://localhost:8079/?token=518504778&user=-1355064518&config=3,13931,0,0
1777922400621,13936,HTTP Request,200,OK,Config 3: Exp8 1-247,text,false,Test failed: text expected to match /.*/,231,158,431,431,http://localhost:8079/?token=518504778&user=-1355064518&config=3,13936,0,0
1777922400623,13935,HTTP Request,200,OK,Config 3: Exp8 1-5,text,false,Test failed: text expected to match /.*/,231,158,422,422,http://localhost:8079/?token=518504778&user=-1355064518&config=3,13935,0,0
1777922400623,13935,HTTP Request,200,OK,Config 3: Exp8 1-164,text,false,Test failed: text expected to match /.*/,231,158,422,422,http://localhost:8079/?token=518504778&user=-1355064518&config=3,13935,0,0
1777922400623,13935,HTTP Request,200,OK,Config 3: Exp8 1-134,text,false,Test failed: text expected to match /.*/,231,158,422,422,http://localhost:8079/?token=518504778&user=-1355064518&config=3,13935,0,0
1777922400621,13937,HTTP Request,200,OK,Config 3: Exp8 1-198,text,false,Test failed: text expected to match /.*/,231,158,422,422,http://localhost:8079/?token=518504778&user=-1355064518&config=3,13937,0,0
1777922400622,13936,HTTP Request,200,OK,Config 3: Exp8 1-163,text,false,Test failed: text expected to match /.*/,231,158,422,422,http://localhost:8079/?token=518504778&user=-1355064518&config=3,13936,0,0
1777922400622,13936,HTTP Request,200,OK,Config 3: Exp8 1-287,text,false,Test failed: text expected to match /.*/,231,158,421,421,http://localhost:8079/?token=518504778&user=-1355064518&config=3,13936,0,0
1777922400624,13934,HTTP Request,200,OK,Config 3: Exp8 1-50,text,false,Test failed: text expected to match /.*/,231,158,421,421,http://localhost:8079/?token=518504778&user=-1355064518&config=3,13934,0,0
1777922400624,13934,HTTP Request,200,OK,Config 3: Exp8 1-47,text,false,Test failed: text expected to match /.*/,231,158,421,421,http://localhost:8079/?token=518504778&user=-1355064518&config=3,13934,0,0
1777922400624,13934,HTTP Request,200,OK,Config 3: Exp8 1-236,text,false,Test failed: text expected to match /.*/,231,158,414,414,http://localhost:8079/?token=518504778&user=-1355064518&config=3,13934,0,0
1777922400621,13937,HTTP Request,200,OK,Config 3: Exp8 1-201,text,false,Test failed: text expected to match /.*/,231,158,414,414,http://localhost:8079/?token=518504778&user=-1355064518&config=3,13937,0,0
1777922400623,13935,HTTP Request,200,OK,Config 3: Exp8 1-289,text,false,Test failed: text expected to match /.*/,231,158,413,413,http://localhost:8079/?token=518504778&user=-1355064518&config=3,13935,0,0
1777922400623,13935,HTTP Request,200,OK,Config 3: Exp8 1-250,text,false,Test failed: text expected to match /.*/,231,158,413,413,http://localhost:8079/?token=518504778&user=-1355064518&config=3,13935,0,0
1777922400622,21595,HTTP Request,200,OK,Config 3: Exp8 1-103,text,false,Test failed: text expected to match /.*/,231,158,410,410,http://localhost:8079/?token=518504778&user=-1355064518&config=3,21595,0,1
1777922400621,21596,HTTP Request,200,OK,Config 3: Exp8 1-62,text,false,Test failed: text expected to match /.*/,231,158,410,410,http://localhost:8079/?token=518504778&user=-1355064518&config=3,21596,0,0
1777922400623,21594,HTTP Request,200,OK,Config 3: Exp8 1-119,text,false,Test failed: text expected to match /.*/,231,158,410,410,http://localhost:8079/?token=518504778&user=-1355064518&config=3,21594,0,0
1777922400623,21594,HTTP Request,200,OK,Config 3: Exp8 1-88,text,false,Test failed: text expected to match /.*/,231,158,410,410,http://localhost:8079/?token=518504778&user=-1355064518&config=3,21594,0,0
1777922400623,21594,HTTP Request,200,OK,Config 3: Exp8 1-105,text,false,Test failed: text expected to match /.*/,231,158,410,410,http://localhost:8079/?token=518504778&user=-1355064518&config=3,21594,0,0
1777922400624,21593,HTTP Request,200,OK,Config 3: Exp8 1-91,text,false,Test failed: text expected to match /.*/,231,158,410,410,http://localhost:8079/?token=518504778&user=-1355064518&config=3,21593,0,0
1777922400624,21593,HTTP Request,200,OK,Config 3: Exp8 1-106,text,false,Test failed: text expected to match /.*/,231,158,410,410,http://localhost:8079/?token=518504778&user=-1355064518&config=3,21593,0,0
1777922400623,21594,HTTP Request,200,OK,Config 3: Exp8 1-76,text,false,Test failed: text expected to match /.*/,231,158,410,410,http://localhost:8079/?token=518504778&user=-1355064518&config=3,21594,0,0
1777922400964,21254,HTTP Request,200,OK,Config 3: Exp8 1-48,text,false,Test failed: text expected to match /.*/,231,158,407,407,http://localhost:8079/?token=518504778&user=-1355064518&config=3,21254,0,0
1777922400762,21456,HTTP Request,200,OK,Config 3: Exp8 1-416,text,false,Test failed: text expected to match /.*/,231,158,407,407,http://localhost:8079/?token=518504778&user=-1355064518&config=3,21456,0,1
1777922400963,21255,HTTP Request,200,OK,Config 3: Exp8 1-92,text,false,Test failed: text expected to match /.*/,231,158,407,407,http://localhost:8079/?token=518504778&user=-1355064518&config=3,21255,0,0
1777922400970,21248,HTTP Request,200,OK,Config 3: Exp8 1-417,text,false,Test failed: text expected to match /.*/,231,158,406,406,http://localhost:8079/?token=518504778&user=-1355064518&config=3,21248,0,1
1777922400964,21254,HTTP Request,200,OK,Config 3: Exp8 1-93,text,false,Test failed: text expected to match /.*/,231,158,406,406,http://localhost:8079/?token=518504778&user=-1355064518&config=3,21254,0,0
1777922400963,21255,HTTP Request,200,OK,Config 3: Exp8 1-300,text,false,Test failed: text expected to match /.*/,231,158,406,406,http://localhost:8079/?token=518504778&user=-1355064518&config=3,21255,0,0
1777922400964,21255,HTTP Request,200,OK,Config 3: Exp8 1-35,text,false,Test failed: text expected to match /.*/,231,158,403,403,http://localhost:8079/?token=518504778&user=-1355064518&config=3,21255,0,0
1777922400963,21256,HTTP Request,200,OK,Config 3: Exp8 1-77,text,false,Test failed: text expected to match /.*/,231,158,402,402,http://localhost:8079/?token=518504778&user=-1355064518&config=3,21256,0,0
1777922400963,21256,HTTP Request,200,OK,Config 3: Exp8 1-64,text,false,Test failed: text expected to match /.*/,231,158,401,401,http://localhost:8079/?token=518504778&user=-1355064518&config=3,21256,0,0
1777922402218,20102,HTTP Request,200,OK,Config 3: Exp8 1-423,text,false,Test failed: text expected to match /.*/,231,158,393,393,http://localhost:8079/?token=518504778&user=-1355064518&config=3,20102,0,1
1777922402634,19686,HTTP Request,200,OK,Config 3: Exp8 1-425,text,false,Test failed: text expected to match /.*/,231,158,393,393,http://localhost:8079/?token=518504778&user=-1355064518&config=3,19686,0,1
1777922402427,19893,HTTP Request,200,OK,Config 3: Exp8 1-424,text,false,Test failed: text expected to match /.*/,231,158,393,393,http://localhost:8079/?token=518504778&user=-1355064518&config=3,19893,0,0
1777922402011,20309,HTTP Request,200,OK,Config 3: Exp8 1-422,text,false,Test failed: text expected to match /.*/,231,158,393,393,http://localhost:8079/?token=518504778&user=-1355064518&config=3,20309,0,0
1777922401803,20517,HTTP Request,200,OK,Config 3: Exp8 1-421,text,false,Test failed: text expected to match /.*/,231,158,393,393,http://localhost:8079/?token=518504778&user=-1355064518&config=3,20517,0,0
1777922401595,20725,HTTP Request,200,OK,Config 3: Exp8 1-420,text,false,Test failed: text expected to match /.*/,231,158,393,393,http://localhost:8079/?token=518504778&user=-1355064518&config=3,20725,0,1
1777922401179,21141,HTTP Request,200,OK,Config 3: Exp8 1-418,text,false,Test failed: text expected to match /.*/,231,158,393,393,http://localhost:8079/?token=518504778&user=-1355064518&config=3,21141,0,1
1777922401386,20933,HTTP Request,200,OK,Config 3: Exp8 1-419,text,false,Test failed: text expected to match /.*/,231,158,393,393,http://localhost:8079/?token=518504778&user=-1355064518&config=3,20933,0,0
1777922404757,18696,HTTP Request,200,OK,Config 3: Exp8 1-302,text,false,Test failed: text expected to match /.*/,231,158,385,385,http://localhost:8079/?token=518504778&user=-1355064518&config=3,18696,0,0
1777922404758,18695,HTTP Request,200,OK,Config 3: Exp8 1-353,text,false,Test failed: text expected to match /.*/,231,158,385,385,http://localhost:8079/?token=518504778&user=-1355064518&config=3,18695,0,0
1777922404758,18695,HTTP Request,200,OK,Config 3: Exp8 1-23,text,false,Test failed: text expected to match /.*/,231,158,385,385,http://localhost:8079/?token=518504778&user=-1355064518&config=3,18695,0,0
1777922404758,18695,HTTP Request,200,OK,Config 3: Exp8 1-180,text,false,Test failed: text expected to match /.*/,231,158,385,385,http://localhost:8079/?token=518504778&user=-1355064518&config=3,18695,0,0
1777922404756,18697,HTTP Request,200,OK,Config 3: Exp8 1-153,text,false,Test failed: text expected to match /.*/,231,158,385,385,http://localhost:8079/?token=518504778&user=-1355064518&config=3,18697,0,0
1777922404756,18697,HTTP Request,200,OK,Config 3: Exp8 1-173,text,false,Test failed: text expected to match /.*/,231,158,385,385,http://localhost:8079/?token=518504778&user=-1355064518&config=3,18697,0,0
1777922404758,18695,HTTP Request,200,OK,Config 3: Exp8 1-205,text,false,Test failed: text expected to match /.*/,231,158,385,385,http://localhost:8079/?token=518504778&user=-1355064518&config=3,18695,0,0
1777922404758,18695,HTTP Request,200,OK,Config 3: Exp8 1-216,text,false,Test failed: text expected to match /.*/,231,158,385,385,http://localhost:8079/?token=518504778&user=-1355064518&config=3,18695,0,0
1777922404758,18695,HTTP Request,200,OK,Config 3: Exp8 1-39,text,false,Test failed: text expected to match /.*/,231,158,385,385,http://localhost:8079/?token=518504778&user=-1355064518&config=3,18695,0,0
1777922404758,18695,HTTP Request,200,OK,Config 3: Exp8 1-215,text,false,Test failed: text expected to match /.*/,231,158,385,385,http://localhost:8079/?token=518504778&user=-1355064518&config=3,18695,0,0
1777922404758,18695,HTTP Request,200,OK,Config 3: Exp8 1-220,text,false,Test failed: text expected to match /.*/,231,158,385,385,http://localhost:8079/?token=518504778&user=-1355064518&config=3,18695,0,0
1777922404758,18695,HTTP Request,200,OK,Config 3: Exp8 1-218,text,false,Test failed: text expected to match /.*/,231,158,385,385,http://localhost:8079/?token=518504778&user=-1355064518&config=3,18695,0,0
1777922404758,18695,HTTP Request,200,OK,Config 3: Exp8 1-217,text,false,Test failed: text expected to match /.*/,231,158,385,385,http://localhost:8079/?token=518504778&user=-1355064518&config=3,18695,0,0
1777922404758,18695,HTTP Request,200,OK,Config 3: Exp8 1-221,text,false,Test failed: text expected to match /.*/,231,158,385,385,http://localhost:8079/?token=518504778&user=-1355064518&config=3,18695,0,0
1777922404758,18695,HTTP Request,200,OK,Config 3: Exp8 1-254,text,false,Test failed: text expected to match /.*/,231,158,385,385,http://localhost:8079/?token=518504778&user=-1355064518&config=3,18695,0,0
1777922404756,18697,HTTP Request,200,OK,Config 3: Exp8 1-219,text,false,Test failed: text expected to match /.*/,231,158,385,385,http://localhost:8079/?token=518504778&user=-1355064518&config=3,18697,0,0
1777922404758,18695,HTTP Request,200,OK,Config 3: Exp8 1-255,text,false,Test failed: text expected to match /.*/,231,158,385,385,http://localhost:8079/?token=518504778&user=-1355064518&config=3,18695,0,0
1777922404757,18696,HTTP Request,200,OK,Config 3: Exp8 1-301,text,false,Test failed: text expected to match /.*/,231,158,385,385,http://localhost:8079/?token=518504778&user=-1355064518&config=3,18696,0,0
1777922404757,18696,HTTP Request,200,OK,Config 3: Exp8 1-7,text,false,Test failed: text expected to match /.*/,231,158,385,385,http://localhost:8079/?token=518504778&user=-1355064518&config=3,18696,0,0
1777922404758,18695,HTTP Request,200,OK,Config 3: Exp8 1-175,text,false,Test failed: text expected to match /.*/,231,158,385,385,http://localhost:8079/?token=518504778&user=-1355064518&config=3,18695,0,0
1777922404757,18696,HTTP Request,200,OK,Config 3: Exp8 1-303,text,false,Test failed: text expected to match /.*/,231,158,385,385,http://localhost:8079/?token=518504778&user=-1355064518&config=3,18696,0,0
1777922404758,18695,HTTP Request,200,OK,Config 3: Exp8 1-256,text,false,Test failed: text expected to match /.*/,231,158,385,385,http://localhost:8079/?token=518504778&user=-1355064518&config=3,18695,0,0
1777922404759,18694,HTTP Request,200,OK,Config 3: Exp8 1-257,text,false,Test failed: text expected to match /.*/,231,158,385,385,http://localhost:8079/?token=518504778&user=-1355064518&config=3,18694,0,0
1777922404758,18695,HTTP Request,200,OK,Config 3: Exp8 1-55,text,false,Test failed: text expected to match /.*/,231,158,385,385,http://localhost:8079/?token=518504778&user=-1355064518&config=3,18695,0,0
1777922404758,18695,HTTP Request,200,OK,Config 3: Exp8 1-12,text,false,Test failed: text expected to match /.*/,231,158,385,385,http://localhost:8079/?token=518504778&user=-1355064518&config=3,18695,0,0
1777922404758,18695,HTTP Request,200,OK,Config 3: Exp8 1-176,text,false,Test failed: text expected to match /.*/,231,158,385,385,http://localhost:8079/?token=518504778&user=-1355064518&config=3,18695,0,0
1777922404847,18606,HTTP Request,200,OK,Config 3: Exp8 1-69,text,false,Test failed: text expected to match /.*/,231,158,385,385,http://localhost:8079/?token=518504778&user=-1355064518&config=3,18606,0,0
1777922404758,18695,HTTP Request,200,OK,Config 3: Exp8 1-181,text,false,Test failed: text expected to match /.*/,231,158,385,385,http://localhost:8079/?token=518504778&user=-1355064518&config=3,18695,0,0
1777922404758,18695,HTTP Request,200,OK,Config 3: Exp8 1-179,text,false,Test failed: text expected to match /.*/,231,158,385,385,http://localhost:8079/?token=518504778&user=-1355064518&config=3,18695,0,0
1777922404757,18696,HTTP Request,200,OK,Config 3: Exp8 1-178,text,false,Test failed: text expected to match /.*/,231,158,385,385,http://localhost:8079/?token=518504778&user=-1355064518&config=3,18696,0,0
1777922404848,18605,HTTP Request,200,OK,Config 3: Exp8 1-317,text,false,Test failed: text expected to match /.*/,231,158,384,384,http://localhost:8079/?token=518504778&user=-1355064518&config=3,18605,0,0
1777922404756,18697,HTTP Request,200,OK,Config 3: Exp8 1-352,text,false,Test failed: text expected to match /.*/,231,158,385,385,http://localhost:8079/?token=518504778&user=-1355064518&config=3,18697,0,0
1777922404758,18695,HTTP Request,200,OK,Config 3: Exp8 1-26,text,false,Test failed: text expected to match /.*/,231,158,385,385,http://localhost:8079/?token=518504778&user=-1355064518&config=3,18695,0,0
1777922404848,18606,HTTP Request,200,OK,Config 3: Exp8 1-29,text,false,Test failed: text expected to match /.*/,231,158,383,383,http://localhost:8079/?token=518504778&user=-1355064518&config=3,18605,0,0
1777922403050,20404,HTTP Request,200,OK,Config 3: Exp8 1-427,text,false,Test failed: text expected to match /.*/,231,158,382,382,http://localhost:8079/?token=518504778&user=-1355064518&config=3,20404,0,0
1777922403258,20196,HTTP Request,200,OK,Config 3: Exp8 1-428,text,false,Test failed: text expected to match /.*/,231,158,382,382,http://localhost:8079/?token=518504778&user=-1355064518&config=3,20196,0,1
1777922402843,20611,HTTP Request,200,OK,Config 3: Exp8 1-426,text,false,Test failed: text expected to match /.*/,231,158,382,382,http://localhost:8079/?token=518504778&user=-1355064518&config=3,20611,0,0
1777922403466,19988,HTTP Request,200,OK,Config 3: Exp8 1-429,text,false,Test failed: text expected to match /.*/,231,158,382,382,http://localhost:8079/?token=518504778&user=-1355064518&config=3,19988,0,1
1777922403674,19780,HTTP Request,200,OK,Config 3: Exp8 1-430,text,false,Test failed: text expected to match /.*/,231,158,382,382,http://localhost:8079/?token=518504778&user=-1355064518&config=3,19780,0,1
1777922404299,19155,HTTP Request,200,OK,Config 3: Exp8 1-433,text,false,Test failed: text expected to match /.*/,231,158,382,382,http://localhost:8079/?token=518504778&user=-1355064518&config=3,19155,0,1
1777922404090,19364,HTTP Request,200,OK,Config 3: Exp8 1-432,text,false,Test failed: text expected to match /.*/,231,158,382,382,http://localhost:8079/?token=518504778&user=-1355064518&config=3,19364,0,1
1777922403883,19571,HTTP Request,200,OK,Config 3: Exp8 1-431,text,false,Test failed: text expected to match /.*/,231,158,382,382,http://localhost:8079/?token=518504778&user=-1355064518&config=3,19571,0,1
1777922404506,18948,HTTP Request,200,OK,Config 3: Exp8 1-434,text,false,Test failed: text expected to match /.*/,231,158,382,382,http://localhost:8079/?token=518504778&user=-1355064518&config=3,18948,0,0
1777922404756,18698,HTTP Request,200,OK,Config 3: Exp8 1-124,text,false,Test failed: text expected to match /.*/,231,158,381,381,http://localhost:8079/?token=518504778&user=-1355064518&config=3,18698,0,1
1777922404756,18698,HTTP Request,200,OK,Config 3: Exp8 1-78,text,false,Test failed: text expected to match /.*/,231,158,381,381,http://localhost:8079/?token=518504778&user=-1355064518&config=3,18698,0,0
1777922404758,18696,HTTP Request,200,OK,Config 3: Exp8 1-111,text,false,Test failed: text expected to match /.*/,231,158,379,379,http://localhost:8079/?token=518504778&user=-1355064518&config=3,18696,0,1
1777922404758,18696,HTTP Request,200,OK,Config 3: Exp8 1-84,text,false,Test failed: text expected to match /.*/,231,158,381,381,http://localhost:8079/?token=518504778&user=-1355064518&config=3,18696,0,0
1777922404758,18696,HTTP Request,200,OK,Config 3: Exp8 1-146,text,false,Test failed: text expected to match /.*/,231,158,379,379,http://localhost:8079/?token=518504778&user=-1355064518&config=3,18696,0,0
1777922404715,18739,HTTP Request,200,OK,Config 3: Exp8 1-435,text,false,Test failed: text expected to match /.*/,231,158,381,381,http://localhost:8079/?token=518504778&user=-1355064518&config=3,18739,0,1
1777922404756,18698,HTTP Request,200,OK,Config 3: Exp8 1-122,text,false,Test failed: text expected to match /.*/,231,158,381,381,http://localhost:8079/?token=518504778&user=-1355064518&config=3,18698,0,1
1777922404758,18696,HTTP Request,200,OK,Config 3: Exp8 1-120,text,false,Test failed: text expected to match /.*/,231,158,379,379,http://localhost:8079/?token=518504778&user=-1355064518&config=3,18696,0,0
1777922404758,18696,HTTP Request,200,OK,Config 3: Exp8 1-108,text,false,Test failed: text expected to match /.*/,231,158,378,378,http://localhost:8079/?token=518504778&user=-1355064518&config=3,18696,0,0
1777922404849,18620,HTTP Request,200,OK,Config 3: Exp8 1-232,text,false,Test failed: text expected to match /.*/,231,158,333,333,http://localhost:8079/?token=518504778&user=-1355064518&config=3,18620,0,0
1777922404849,18620,HTTP Request,200,OK,Config 3: Exp8 1-233,text,false,Test failed: text expected to match /.*/,231,158,333,333,http://localhost:8079/?token=518504778&user=-1355064518&config=3,18620,0,0
1777922404847,18622,HTTP Request,200,OK,Config 3: Exp8 1-38,text,false,Test failed: text expected to match /.*/,231,158,333,333,http://localhost:8079/?token=518504778&user=-1355064518&config=3,18622,0,0
1777922404849,18620,HTTP Request,200,OK,Config 3: Exp8 1-315,text,false,Test failed: text expected to match /.*/,231,158,333,333,http://localhost:8079/?token=518504778&user=-1355064518&config=3,18620,0,0
1777922404849,18620,HTTP Request,200,OK,Config 3: Exp8 1-214,text,false,Test failed: text expected to match /.*/,231,158,333,333,http://localhost:8079/?token=518504778&user=-1355064518&config=3,18620,0,0
1777922404848,18621,HTTP Request,200,OK,Config 3: Exp8 1-354,text,false,Test failed: text expected to match /.*/,231,158,332,332,http://localhost:8079/?token=518504778&user=-1355064518&config=3,18621,0,0
1777922404847,18622,HTTP Request,200,OK,Config 3: Exp8 1-212,text,false,Test failed: text expected to match /.*/,231,158,332,332,http://localhost:8079/?token=518504778&user=-1355064518&config=3,18622,0,0
1777922405133,18337,HTTP Request,200,OK,Config 3: Exp8 1-437,text,false,Test failed: text expected to match /.*/,231,158,332,332,http://localhost:8079/?token=518504778&user=-1355064518&config=3,18337,0,1
1777922404924,18546,HTTP Request,200,OK,Config 3: Exp8 1-436,text,false,Test failed: text expected to match /.*/,231,158,332,332,http://localhost:8079/?token=518504778&user=-1355064518&config=3,18546,0,1
1777922404849,18621,HTTP Request,200,OK,Config 3: Exp8 1-294,text,false,Test failed: text expected to match /.*/,231,158,332,332,http://localhost:8079/?token=518504778&user=-1355064518&config=3,18621,0,0
1777922405339,18131,HTTP Request,200,OK,Config 3: Exp8 1-438,text,false,Test failed: text expected to match /.*/,231,158,332,332,http://localhost:8079/?token=518504778&user=-1355064518&config=3,18131,0,0
1777922404850,18620,HTTP Request,200,OK,Config 3: Exp8 1-291,text,false,Test failed: text expected to match /.*/,231,158,332,332,http://localhost:8079/?token=518504778&user=-1355064518&config=3,18620,0,0
1777922404850,18620,HTTP Request,200,OK,Config 3: Exp8 1-182,text,false,Test failed: text expected to match /.*/,231,158,332,331,http://localhost:8079/?token=518504778&user=-1355064518&config=3,18620,0,0
1777922404850,18620,HTTP Request,200,OK,Config 3: Exp8 1-290,text,false,Test failed: text expected to match /.*/,231,158,330,330,http://localhost:8079/?token=518504778&user=-1355064518&config=3,18620,0,0
1777922404850,18620,HTTP Request,200,OK,Config 3: Exp8 1-292,text,false,Test failed: text expected to match /.*/,231,158,328,328,http://localhost:8079/?token=518504778&user=-1355064518&config=3,18620,0,0
1777922404850,18620,HTTP Request,200,OK,Config 3: Exp8 1-110,text,false,Test failed: text expected to match /.*/,231,158,326,326,http://localhost:8079/?token=518504778&user=-1355064518&config=3,18620,0,0
1777922404850,18620,HTTP Request,200,OK,Config 3: Exp8 1-260,text,false,Test failed: text expected to match /.*/,231,158,326,326,http://localhost:8079/?token=518504778&user=-1355064518&config=3,18620,0,0
1777922404849,18621,HTTP Request,200,OK,Config 3: Exp8 1-157,text,false,Test failed: text expected to match /.*/,231,158,326,326,http://localhost:8079/?token=518504778&user=-1355064518&config=3,18621,0,0
1777922404850,18620,HTTP Request,200,OK,Config 3: Exp8 1-183,text,false,Test failed: text expected to match /.*/,231,158,324,324,http://localhost:8079/?token=518504778&user=-1355064518&config=3,18620,0,0
1777922404847,18623,HTTP Request,200,OK,Config 3: Exp8 1-316,text,false,Test failed: text expected to match /.*/,231,158,324,324,http://localhost:8079/?token=518504778&user=-1355064518&config=3,18623,0,0
1777922404849,18622,HTTP Request,200,OK,Config 3: Exp8 1-213,text,false,Test failed: text expected to match /.*/,231,158,323,323,http://localhost:8079/?token=518504778&user=-1355064518&config=3,18622,0,0
1777922404849,18622,HTTP Request,200,OK,Config 3: Exp8 1-9,text,false,Test failed: text expected to match /.*/,231,158,323,323,http://localhost:8079/?token=518504778&user=-1355064518&config=3,18622,0,0
1777922404847,18624,HTTP Request,200,OK,Config 3: Exp8 1-186,text,false,Test failed: text expected to match /.*/,231,158,323,323,http://localhost:8079/?token=518504778&user=-1355064518&config=3,18624,0,0
1777922404847,18624,HTTP Request,200,OK,Config 3: Exp8 1-24,text,false,Test failed: text expected to match /.*/,231,158,322,322,http://localhost:8079/?token=518504778&user=-1355064518&config=3,18624,0,0
1777922404847,18624,HTTP Request,200,OK,Config 3: Exp8 1-318,text,false,Test failed: text expected to match /.*/,231,158,321,321,http://localhost:8079/?token=518504778&user=-1355064518&config=3,18624,0,0
1777922404847,18624,HTTP Request,200,OK,Config 3: Exp8 1-319,text,false,Test failed: text expected to match /.*/,231,158,321,321,http://localhost:8079/?token=518504778&user=-1355064518&config=3,18624,0,0
1777922404849,18622,HTTP Request,200,OK,Config 3: Exp8 1-185,text,false,Test failed: text expected to match /.*/,231,158,321,321,http://localhost:8079/?token=518504778&user=-1355064518&config=3,18622,0,0
1777922404849,18622,HTTP Request,200,OK,Config 3: Exp8 1-2,text,false,Test failed: text expected to match /.*/,231,158,320,320,http://localhost:8079/?token=518504778&user=-1355064518&config=3,18622,0,0
1777922404848,18623,HTTP Request,200,OK,Config 3: Exp8 1-191,text,false,Test failed: text expected to match /.*/,231,158,319,319,http://localhost:8079/?token=518504778&user=-1355064518&config=3,18623,0,0
1777922404848,18623,HTTP Request,200,OK,Config 3: Exp8 1-14,text,false,Test failed: text expected to match /.*/,231,158,318,318,http://localhost:8079/?token=518504778&user=-1355064518&config=3,18623,0,0
1777922408250,16121,HTTP Request,200,OK,Config 3: Exp8 1-452,text,false,Test failed: text expected to match /.*/,231,158,303,303,http://localhost:8079/?token=518504778&user=-1355064518&config=3,16121,0,0
1777922408043,16328,HTTP Request,200,OK,Config 3: Exp8 1-451,text,false,Test failed: text expected to match /.*/,231,158,303,303,http://localhost:8079/?token=518504778&user=-1355064518&config=3,16328,0,0
1777922408896,15476,HTTP Request,500,Internal Server Error,Config 3: Exp8 1-100,text,true,,233,158,301,301,http://localhost:8079/?token=518504778&user=-1355064518&config=3,15476,0,1
1777922408896,15476,HTTP Request,500,Internal Server Error,Config 3: Exp8 1-117,text,true,,233,158,301,301,http://localhost:8079/?token=518504778&user=-1355064518&config=3,15476,0,0
1777922410538,13834,HTTP Request,500,Internal Server Error,Config 3: Exp8 1-463,text,true,,233,158,301,301,http://localhost:8079/?token=518504778&user=-1355064518&config=3,13834,0,1
1777922410330,14042,HTTP Request,500,Internal Server Error,Config 3: Exp8 1-462,text,true,,233,158,301,301,http://localhost:8079/?token=518504778&user=-1355064518&config=3,14042,0,0
1777922409915,14457,HTTP Request,500,Internal Server Error,Config 3: Exp8 1-460,text,true,,233,158,301,301,http://localhost:8079/?token=518504778&user=-1355064518&config=3,14457,0,0
1777922409706,14666,HTTP Request,500,Internal Server Error,Config 3: Exp8 1-459,text,true,,233,158,301,301,http://localhost:8079/?token=518504778&user=-1355064518&config=3,14666,0,1
1777922409082,15290,HTTP Request,500,Internal Server Error,Config 3: Exp8 1-456,text,true,,233,158,301,301,http://localhost:8079/?token=518504778&user=-1355064518&config=3,15290,0,0
1777922410747,13625,HTTP Request,500,Internal Server Error,Config 3: Exp8 1-464,text,true,,233,158,301,301,http://localhost:8079/?token=518504778&user=-1355064518&config=3,13625,0,1
1777922410956,13416,HTTP Request,500,Internal Server Error,Config 3: Exp8 1-465,text,true,,233,158,301,301,http://localhost:8079/?token=518504778&user=-1355064518&config=3,13416,0,0
1777922410123,14249,HTTP Request,500,Internal Server Error,Config 3: Exp8 1-461,text,true,,233,158,301,301,http://localhost:8079/?token=518504778&user=-1355064518&config=3,14249,0,1
1777922411161,13210,HTTP Request,500,Internal Server Error,Config 3: Exp8 1-466,text,true,,233,158,301,301,http://localhost:8079/?token=518504778&user=-1355064518&config=3,13210,0,1
1777922409291,15081,HTTP Request,500,Internal Server Error,Config 3: Exp8 1-457,text,true,,233,158,301,301,http://localhost:8079/?token=518504778&user=-1355064518&config=3,15081,0,0
1777922411785,12586,HTTP Request,500,Internal Server Error,Config 3: Exp8 1-469,text,true,,233,158,301,301,http://localhost:8079/?token=518504778&user=-1355064518&config=3,12586,0,1
1777922411369,13002,HTTP Request,500,Internal Server Error,Config 3: Exp8 1-467,text,true,,233,158,301,301,http://localhost:8079/?token=518504778&user=-1355064518&config=3,13002,0,1
1777922409498,14874,HTTP Request,500,Internal Server Error,Config 3: Exp8 1-458,text,true,,233,158,301,301,http://localhost:8079/?token=518504778&user=-1355064518&config=3,14874,0,0
1777922411993,12378,HTTP Request,500,Internal Server Error,Config 3: Exp8 1-470,text,true,,233,158,301,301,http://localhost:8079/?token=518504778&user=-1355064518&config=3,12378,0,1
1777922412504,11867,HTTP Request,500,Internal Server Error,Config 3: Exp8 1-345,text,true,,233,158,301,301,http://localhost:8079/?token=518504778&user=-1355064518&config=3,11867,0,0
1777922412201,12170,HTTP Request,500,Internal Server Error,Config 3: Exp8 1-471,text,true,,233,158,301,301,http://localhost:8079/?token=518504778&user=-1355064518&config=3,12170,0,1
1777922412504,11867,HTTP Request,500,Internal Server Error,Config 3: Exp8 1-341,text,true,,233,158,301,301,http://localhost:8079/?token=518504778&user=-1355064518&config=3,11867,0,0
1777922411577,12794,HTTP Request,500,Internal Server Error,Config 3: Exp8 1-468,text,true,,233,158,301,301,http://localhost:8079/?token=518504778&user=-1355064518&config=3,12794,0,1
1777922412504,11867,HTTP Request,500,Internal Server Error,Config 3: Exp8 1-344,text,true,,233,158,301,301,http://localhost:8079/?token=518504778&user=-1355064518&config=3,11867,0,0
1777922412409,11962,HTTP Request,500,Internal Server Error,Config 3: Exp8 1-472,text,true,,233,158,299,299,http://localhost:8079/?token=518504778&user=-1355064518&config=3,11962,0,1
1777922410545,13827,HTTP Request,500,Internal Server Error,Config 3: Exp8 1-389,text,true,,233,158,297,297,http://localhost:8079/?token=518504778&user=-1355064518&config=3,13827,0,0
1777922410545,13827,HTTP Request,500,Internal Server Error,Config 3: Exp8 1-388,text,true,,233,158,297,297,http://localhost:8079/?token=518504778&user=-1355064518&config=3,13827,0,0
1777922410545,13827,HTTP Request,500,Internal Server Error,Config 3: Exp8 1-390,text,true,,233,158,297,297,http://localhost:8079/?token=518504778&user=-1355064518&config=3,13827,0,0
1777922410545,13827,HTTP Request,500,Internal Server Error,Config 3: Exp8 1-394,text,true,,233,158,297,297,http://localhost:8079/?token=518504778&user=-1355064518&config=3,13827,0,0
1777922410545,13827,HTTP Request,500,Internal Server Error,Config 3: Exp8 1-391,text,true,,233,158,297,297,http://localhost:8079/?token=518504778&user=-1355064518&config=3,13827,0,0
1777922410591,13781,HTTP Request,500,Internal Server Error,Config 3: Exp8 1-395,text,true,,233,158,297,297,http://localhost:8079/?token=518504778&user=-1355064518&config=3,13781,0,0
1777922410545,13827,HTTP Request,500,Internal Server Error,Config 3: Exp8 1-392,text,true,,233,158,297,297,http://localhost:8079/?token=518504778&user=-1355064518&config=3,13827,0,0
1777922410545,13827,HTTP Request,500,Internal Server Error,Config 3: Exp8 1-393,text,true,,233,158,297,297,http://localhost:8079/?token=518504778&user=-1355064518&config=3,13827,0,0
1777922405537,18853,HTTP Request,200,OK,Config 3: Exp8 1-329,text,false,Test failed: text expected to match /.*/,231,158,271,271,http://localhost:8079/?token=518504778&user=-1355064518&config=3,18853,0,0
1777922405537,18853,HTTP Request,200,OK,Config 3: Exp8 1-75,text,false,Test failed: text expected to match /.*/,231,158,271,271,http://localhost:8079/?token=518504778&user=-1355064518&config=3,18853,0,1
1777922405537,18854,HTTP Request,200,OK,Config 3: Exp8 1-271,text,false,Test failed: text expected to match /.*/,231,158,269,269,http://localhost:8079/?token=518504778&user=-1355064518&config=3,18854,0,0
1777922405539,18852,HTTP Request,200,OK,Config 3: Exp8 1-382,text,false,Test failed: text expected to match /.*/,231,158,269,269,http://localhost:8079/?token=518504778&user=-1355064518&config=3,18852,0,0
1777922405541,18850,HTTP Request,200,OK,Config 3: Exp8 1-263,text,false,Test failed: text expected to match /.*/,231,158,267,267,http://localhost:8079/?token=518504778&user=-1355064518&config=3,18850,0,0
1777922405539,18852,HTTP Request,200,OK,Config 3: Exp8 1-275,text,false,Test failed: text expected to match /.*/,231,158,267,267,http://localhost:8079/?token=518504778&user=-1355064518&config=3,18852,0,0
1777922405540,18851,HTTP Request,200,OK,Config 3: Exp8 1-265,text,false,Test failed: text expected to match /.*/,231,158,267,267,http://localhost:8079/?token=518504778&user=-1355064518&config=3,18851,0,1
1777922405542,18849,HTTP Request,200,OK,Config 3: Exp8 1-322,text,false,Test failed: text expected to match /.*/,231,158,267,267,http://localhost:8079/?token=518504778&user=-1355064518&config=3,18849,0,0
1777922405541,18850,HTTP Request,200,OK,Config 3: Exp8 1-321,text,false,Test failed: text expected to match /.*/,231,158,267,267,http://localhost:8079/?token=518504778&user=-1355064518&config=3,18850,0,0
1777922405542,18849,HTTP Request,200,OK,Config 3: Exp8 1-139,text,false,Test failed: text expected to match /.*/,231,158,262,262,http://localhost:8079/?token=518504778&user=-1355064518&config=3,18849,0,0
1777922405538,18853,HTTP Request,200,OK,Config 3: Exp8 1-272,text,false,Test failed: text expected to match /.*/,231,158,262,262,http://localhost:8079/?token=518504778&user=-1355064518&config=3,18853,0,0
1777922405537,18855,HTTP Request,200,OK,Config 3: Exp8 1-330,text,false,Test failed: text expected to match /.*/,231,158,260,260,http://localhost:8079/?token=518504778&user=-1355064518&config=3,18855,0,0
1777922405537,18855,HTTP Request,200,OK,Config 3: Exp8 1-90,text,false,Test failed: text expected to match /.*/,231,158,260,260,http://localhost:8079/?token=518504778&user=-1355064518&config=3,18855,0,1
1777922405542,18850,HTTP Request,200,OK,Config 3: Exp8 1-387,text,false,Test failed: text expected to match /.*/,231,158,260,260,http://localhost:8079/?token=518504778&user=-1355064518&config=3,18850,0,0
1777922405537,18857,HTTP Request,200,OK,Config 3: Exp8 1-328,text,false,Test failed: text expected to match /.*/,231,158,257,257,http://localhost:8079/?token=518504778&user=-1355064518&config=3,18857,0,0
1777922405539,18856,HTTP Request,200,OK,Config 3: Exp8 1-383,text,false,Test failed: text expected to match /.*/,231,158,257,257,http://localhost:8079/?token=518504778&user=-1355064518&config=3,18856,0,0
1777922405538,18857,HTTP Request,200,OK,Config 3: Exp8 1-46,text,false,Test failed: text expected to match /.*/,231,158,256,256,http://localhost:8079/?token=518504778&user=-1355064518&config=3,18857,0,0
1777922405539,18856,HTTP Request,200,OK,Config 3: Exp8 1-138,text,false,Test failed: text expected to match /.*/,231,158,256,256,http://localhost:8079/?token=518504778&user=-1355064518&config=3,18856,0,0
1777922405539,18856,HTTP Request,200,OK,Config 3: Exp8 1-71,text,false,Test failed: text expected to match /.*/,231,158,256,256,http://localhost:8079/?token=518504778&user=-1355064518&config=3,18856,0,1
1777922405539,18856,HTTP Request,200,OK,Config 3: Exp8 1-144,text,false,Test failed: text expected to match /.*/,231,158,256,256,http://localhost:8079/?token=518504778&user=-1355064518&config=3,18856,0,0
1777922405541,18854,HTTP Request,200,OK,Config 3: Exp8 1-266,text,false,Test failed: text expected to match /.*/,231,158,254,254,http://localhost:8079/?token=518504778&user=-1355064518&config=3,18854,0,0
1777922405541,18854,HTTP Request,200,OK,Config 3: Exp8 1-386,text,false,Test failed: text expected to match /.*/,231,158,254,254,http://localhost:8079/?token=518504778&user=-1355064518&config=3,18854,0,0
1777922405540,18855,HTTP Request,200,OK,Config 3: Exp8 1-385,text,false,Test failed: text expected to match /.*/,231,158,254,254,http://localhost:8079/?token=518504778&user=-1355064518&config=3,18855,0,0
1777922406129,18266,HTTP Request,200,OK,Config 3: Exp8 1-357,text,false,Test failed: text expected to match /.*/,231,158,254,254,http://localhost:8079/?token=518504778&user=-1355064518&config=3,18266,0,0
1777922405542,18853,HTTP Request,200,OK,Config 3: Exp8 1-320,text,false,Test failed: text expected to match /.*/,231,158,254,254,http://localhost:8079/?token=518504778&user=-1355064518&config=3,18853,0,0
1777922405754,18641,HTTP Request,200,OK,Config 3: Exp8 1-440,text,false,Test failed: text expected to match /.*/,231,158,254,254,http://localhost:8079/?token=518504778&user=-1355064518&config=3,18641,0,1
1777922405537,18858,HTTP Request,200,OK,Config 3: Exp8 1-331,text,false,Test failed: text expected to match /.*/,231,158,253,253,http://localhost:8079/?token=518504778&user=-1355064518&config=3,18858,0,0
1777922406129,18266,HTTP Request,200,OK,Config 3: Exp8 1-358,text,false,Test failed: text expected to match /.*/,231,158,253,253,http://localhost:8079/?token=518504778&user=-1355064518&config=3,18266,0,0
1777922405541,18854,HTTP Request,200,OK,Config 3: Exp8 1-264,text,false,Test failed: text expected to match /.*/,231,158,251,251,http://localhost:8079/?token=518504778&user=-1355064518&config=3,18854,0,1
1777922405537,18858,HTTP Request,200,OK,Config 3: Exp8 1-273,text,false,Test failed: text expected to match /.*/,231,158,251,251,http://localhost:8079/?token=518504778&user=-1355064518&config=3,18858,0,1
1777922405542,18853,HTTP Request,200,OK,Config 3: Exp8 1-140,text,false,Test failed: text expected to match /.*/,231,158,251,251,http://localhost:8079/?token=518504778&user=-1355064518&config=3,18853,0,0
1777922405541,18854,HTTP Request,200,OK,Config 3: Exp8 1-190,text,false,Test failed: text expected to match /.*/,231,158,251,251,http://localhost:8079/?token=518504778&user=-1355064518&config=3,18854,0,1
1777922405546,18849,HTTP Request,200,OK,Config 3: Exp8 1-439,text,false,Test failed: text expected to match /.*/,231,158,251,251,http://localhost:8079/?token=518504778&user=-1355064518&config=3,18849,0,0
1777922405540,18855,HTTP Request,200,OK,Config 3: Exp8 1-384,text,false,Test failed: text expected to match /.*/,231,158,249,249,http://localhost:8079/?token=518504778&user=-1355064518&config=3,18855,0,1
1777922405538,18857,HTTP Request,200,OK,Config 3: Exp8 1-274,text,false,Test failed: text expected to match /.*/,231,158,249,249,http://localhost:8079/?token=518504778&user=-1355064518&config=3,18857,0,0
1777922406129,18267,HTTP Request,200,OK,Config 3: Exp8 1-355,text,false,Test failed: text expected to match /.*/,231,158,236,236,http://localhost:8079/?token=518504778&user=-1355064518&config=3,18267,0,0
1777922406129,18267,HTTP Request,200,OK,Config 3: Exp8 1-356,text,false,Test failed: text expected to match /.*/,231,158,236,236,http://localhost:8079/?token=518504778&user=-1355064518&config=3,18267,0,0
1777922405962,18434,HTTP Request,200,OK,Config 3: Exp8 1-441,text,false,Test failed: text expected to match /.*/,231,158,236,236,http://localhost:8079/?token=518504778&user=-1355064518&config=3,18434,0,1
1777922406129,18267,HTTP Request,200,OK,Config 3: Exp8 1-359,text,false,Test failed: text expected to match /.*/,231,158,236,236,http://localhost:8079/?token=518504778&user=-1355064518&config=3,18267,0,0
1777922406170,18226,HTTP Request,200,OK,Config 3: Exp8 1-442,text,false,Test failed: text expected to match /.*/,231,158,236,236,http://localhost:8079/?token=518504778&user=-1355064518&config=3,18226,0,0
1777922406129,18267,HTTP Request,200,OK,Config 3: Exp8 1-360,text,false,Test failed: text expected to match /.*/,231,158,236,236,http://localhost:8079/?token=518504778&user=-1355064518&config=3,18267,0,0
1777922406330,18276,HTTP Request,200,OK,Config 3: Exp8 1-362,text,false,Test failed: text expected to match /.*/,231,158,230,230,http://localhost:8079/?token=518504778&user=-1355064518&config=3,18276,0,0
1777922406330,18276,HTTP Request,200,OK,Config 3: Exp8 1-361,text,false,Test failed: text expected to match /.*/,231,158,230,230,http://localhost:8079/?token=518504778&user=-1355064518&config=3,18276,0,0
1777922406379,18227,HTTP Request,200,OK,Config 3: Exp8 1-443,text,false,Test failed: text expected to match /.*/,231,158,230,230,http://localhost:8079/?token=518504778&user=-1355064518&config=3,18227,0,1
1777922406444,18163,HTTP Request,200,OK,Config 3: Exp8 1-364,text,false,Test failed: text expected to match /.*/,231,158,227,227,http://localhost:8079/?token=518504778&user=-1355064518&config=3,18163,0,0
1777922406444,18163,HTTP Request,200,OK,Config 3: Exp8 1-304,text,false,Test failed: text expected to match /.*/,231,158,227,227,http://localhost:8079/?token=518504778&user=-1355064518&config=3,18163,0,0
1777922406445,18163,HTTP Request,200,OK,Config 3: Exp8 1-83,text,false,Test failed: text expected to match /.*/,231,158,225,225,http://localhost:8079/?token=518504778&user=-1355064518&config=3,18163,0,0
1777922406444,18164,HTTP Request,200,OK,Config 3: Exp8 1-81,text,false,Test failed: text expected to match /.*/,231,158,224,224,http://localhost:8079/?token=518504778&user=-1355064518&config=3,18164,0,1
1777922406444,18165,HTTP Request,200,OK,Config 3: Exp8 1-363,text,false,Test failed: text expected to match /.*/,231,158,223,223,http://localhost:8079/?token=518504778&user=-1355064518&config=3,18165,0,0
1777922406444,18165,HTTP Request,200,OK,Config 3: Exp8 1-367,text,false,Test failed: text expected to match /.*/,231,158,222,222,http://localhost:8079/?token=518504778&user=-1355064518&config=3,18165,0,0
1777922406444,18165,HTTP Request,200,OK,Config 3: Exp8 1-126,text,false,Test failed: text expected to match /.*/,231,158,221,221,http://localhost:8079/?token=518504778&user=-1355064518&config=3,18165,0,1
1777922406794,17815,HTTP Request,200,OK,Config 3: Exp8 1-445,text,false,Test failed: text expected to match /.*/,231,158,221,221,http://localhost:8079/?token=518504778&user=-1355064518&config=3,17815,0,1
1777922406444,18165,HTTP Request,200,OK,Config 3: Exp8 1-305,text,false,Test failed: text expected to match /.*/,231,158,221,221,http://localhost:8079/?token=518504778&user=-1355064518&config=3,18165,0,0
1777922406588,18021,HTTP Request,200,OK,Config 3: Exp8 1-444,text,false,Test failed: text expected to match /.*/,231,158,220,220,http://localhost:8079/?token=518504778&user=-1355064518&config=3,18021,0,0
1777922406445,18164,HTTP Request,200,OK,Config 3: Exp8 1-82,text,false,Test failed: text expected to match /.*/,231,158,220,220,http://localhost:8079/?token=518504778&user=-1355064518&config=3,18164,0,0
1777922407003,17606,HTTP Request,200,OK,Config 3: Exp8 1-446,text,false,Test failed: text expected to match /.*/,231,158,220,220,http://localhost:8079/?token=518504778&user=-1355064518&config=3,17606,0,1
1777922406445,18164,HTTP Request,200,OK,Config 3: Exp8 1-368,text,false,Test failed: text expected to match /.*/,231,158,220,220,http://localhost:8079/?token=518504778&user=-1355064518&config=3,18164,0,0
1777922407211,17398,HTTP Request,200,OK,Config 3: Exp8 1-447,text,false,Test failed: text expected to match /.*/,231,158,218,218,http://localhost:8079/?token=518504778&user=-1355064518&config=3,17398,0,0
1777922407418,17191,HTTP Request,200,OK,Config 3: Exp8 1-448,text,false,Test failed: text expected to match /.*/,231,158,218,218,http://localhost:8079/?token=518504778&user=-1355064518&config=3,17191,0,1
1777922407626,16983,HTTP Request,200,OK,Config 3: Exp8 1-449,text,false,Test failed: text expected to match /.*/,231,158,218,218,http://localhost:8079/?token=518504778&user=-1355064518&config=3,16983,0,1
1777922406444,18165,HTTP Request,200,OK,Config 3: Exp8 1-366,text,false,Test failed: text expected to match /.*/,231,158,218,218,http://localhost:8079/?token=518504778&user=-1355064518&config=3,18165,0,0
1777922406444,18165,HTTP Request,200,OK,Config 3: Exp8 1-365,text,false,Test failed: text expected to match /.*/,231,158,218,218,http://localhost:8079/?token=518504778&user=-1355064518&config=3,18165,0,0
1777922408585,17698,HTTP Request,200,OK,Config 3: Exp8 1-307,text,false,Test failed: text expected to match /.*/,231,158,209,209,http://localhost:8079/?token=518504778&user=-1355064518&config=3,17698,0,0
1777922408585,17699,HTTP Request,200,OK,Config 3: Exp8 1-209,text,false,Test failed: text expected to match /.*/,231,158,209,209,http://localhost:8079/?token=518504778&user=-1355064518&config=3,17699,0,0
1777922408589,17695,HTTP Request,200,OK,Config 3: Exp8 1-313,text,false,Test failed: text expected to match /.*/,231,158,209,209,http://localhost:8079/?token=518504778&user=-1355064518&config=3,17695,0,0
1777922408588,17696,HTTP Request,200,OK,Config 3: Exp8 1-226,text,false,Test failed: text expected to match /.*/,231,158,209,209,http://localhost:8079/?token=518504778&user=-1355064518&config=3,17696,0,0
1777922408587,17697,HTTP Request,200,OK,Config 3: Exp8 1-208,text,false,Test failed: text expected to match /.*/,231,158,209,209,http://localhost:8079/?token=518504778&user=-1355064518&config=3,17697,0,0
1777922408587,17697,HTTP Request,200,OK,Config 3: Exp8 1-187,text,false,Test failed: text expected to match /.*/,231,158,209,209,http://localhost:8079/?token=518504778&user=-1355064518&config=3,17697,0,0
1777922408588,17696,HTTP Request,200,OK,Config 3: Exp8 1-311,text,false,Test failed: text expected to match /.*/,231,158,209,209,http://localhost:8079/?token=518504778&user=-1355064518&config=3,17696,0,0
1777922408588,17696,HTTP Request,200,OK,Config 3: Exp8 1-36,text,false,Test failed: text expected to match /.*/,231,158,209,209,http://localhost:8079/?token=518504778&user=-1355064518&config=3,17696,0,0
1777922408589,17695,HTTP Request,200,OK,Config 3: Exp8 1-65,text,false,Test failed: text expected to match /.*/,231,158,209,209,http://localhost:8079/?token=518504778&user=-1355064518&config=3,17695,0,0
1777922408588,17696,HTTP Request,200,OK,Config 3: Exp8 1-312,text,false,Test failed: text expected to match /.*/,231,158,209,209,http://localhost:8079/?token=518504778&user=-1355064518&config=3,17696,0,0
1777922408458,17825,HTTP Request,200,OK,Config 3: Exp8 1-453,text,false,Test failed: text expected to match /.*/,231,158,209,209,http://localhost:8079/?token=518504778&user=-1355064518&config=3,17825,0,0
1777922408588,17695,HTTP Request,200,OK,Config 3: Exp8 1-224,text,false,Test failed: text expected to match /.*/,231,158,209,209,http://localhost:8079/?token=518504778&user=-1355064518&config=3,17695,0,0
1777922408587,17697,HTTP Request,200,OK,Config 3: Exp8 1-189,text,false,Test failed: text expected to match /.*/,231,158,209,209,http://localhost:8079/?token=518504778&user=-1355064518&config=3,17697,0,0
1777922408586,17698,HTTP Request,200,OK,Config 3: Exp8 1-309,text,false,Test failed: text expected to match /.*/,231,158,209,209,http://localhost:8079/?token=518504778&user=-1355064518&config=3,17698,0,0
1777922408589,17695,HTTP Request,200,OK,Config 3: Exp8 1-261,text,false,Test failed: text expected to match /.*/,231,158,209,209,http://localhost:8079/?token=518504778&user=-1355064518&config=3,17695,0,0
1777922407834,18449,HTTP Request,200,OK,Config 3: Exp8 1-450,text,false,Test failed: text expected to match /.*/,231,158,209,209,http://localhost:8079/?token=518504778&user=-1355064518&config=3,18449,0,1
1777922408589,17695,HTTP Request,200,OK,Config 3: Exp8 1-310,text,false,Test failed: text expected to match /.*/,231,158,209,209,http://localhost:8079/?token=518504778&user=-1355064518&config=3,17695,0,0
1777922408587,17696,HTTP Request,200,OK,Config 3: Exp8 1-210,text,false,Test failed: text expected to match /.*/,231,158,209,209,http://localhost:8079/?token=518504778&user=-1355064518&config=3,17696,0,0
1777922408588,17696,HTTP Request,200,OK,Config 3: Exp8 1-223,text,false,Test failed: text expected to match /.*/,231,158,209,209,http://localhost:8079/?token=518504778&user=-1355064518&config=3,17696,0,0
1777922408587,17696,HTTP Request,200,OK,Config 3: Exp8 1-184,text,false,Test failed: text expected to match /.*/,231,158,209,209,http://localhost:8079/?token=518504778&user=-1355064518&config=3,17696,0,0
1777922408587,17697,HTTP Request,200,OK,Config 3: Exp8 1-8,text,false,Test failed: text expected to match /.*/,231,158,209,209,http://localhost:8079/?token=518504778&user=-1355064518&config=3,17697,0,0
1777922408587,17697,HTTP Request,200,OK,Config 3: Exp8 1-22,text,false,Test failed: text expected to match /.*/,231,158,209,209,http://localhost:8079/?token=518504778&user=-1355064518&config=3,17697,0,0
1777922408585,17698,HTTP Request,200,OK,Config 3: Exp8 1-306,text,false,Test failed: text expected to match /.*/,231,158,209,209,http://localhost:8079/?token=518504778&user=-1355064518&config=3,17698,0,0
1777922408589,17695,HTTP Request,200,OK,Config 3: Exp8 1-52,text,false,Test failed: text expected to match /.*/,231,158,209,209,http://localhost:8079/?token=518504778&user=-1355064518&config=3,17695,0,0
1777922408587,17697,HTTP Request,200,OK,Config 3: Exp8 1-228,text,false,Test failed: text expected to match /.*/,231,158,208,208,http://localhost:8079/?token=518504778&user=-1355064518&config=3,17697,0,0
1777922408589,17695,HTTP Request,200,OK,Config 3: Exp8 1-225,text,false,Test failed: text expected to match /.*/,231,158,208,208,http://localhost:8079/?token=518504778&user=-1355064518&config=3,17695,0,0
1777922408587,17697,HTTP Request,200,OK,Config 3: Exp8 1-227,text,false,Test failed: text expected to match /.*/,231,158,208,208,http://localhost:8079/?token=518504778&user=-1355064518&config=3,17697,0,0
1777922408588,17696,HTTP Request,200,OK,Config 3: Exp8 1-308,text,false,Test failed: text expected to match /.*/,231,158,208,208,http://localhost:8079/?token=518504778&user=-1355064518&config=3,17696,0,0
1777922408589,17695,HTTP Request,200,OK,Config 3: Exp8 1-37,text,false,Test failed: text expected to match /.*/,231,158,208,208,http://localhost:8079/?token=518504778&user=-1355064518&config=3,17695,0,0
1777922408587,17697,HTTP Request,200,OK,Config 3: Exp8 1-258,text,false,Test failed: text expected to match /.*/,231,158,208,208,http://localhost:8079/?token=518504778&user=-1355064518&config=3,17697,0,0
1777922408587,17697,HTTP Request,200,OK,Config 3: Exp8 1-177,text,false,Test failed: text expected to match /.*/,231,158,208,208,http://localhost:8079/?token=518504778&user=-1355064518&config=3,17697,0,0
1777922408591,17694,HTTP Request,200,OK,Config 3: Exp8 1-45,text,false,Test failed: text expected to match /.*/,231,158,205,205,http://localhost:8079/?token=518504778&user=-1355064518&config=3,17694,0,0
1777922408591,17694,HTTP Request,200,OK,Config 3: Exp8 1-27,text,false,Test failed: text expected to match /.*/,231,158,205,205,http://localhost:8079/?token=518504778&user=-1355064518&config=3,17694,0,0
1777922408591,17694,HTTP Request,200,OK,Config 3: Exp8 1-211,text,false,Test failed: text expected to match /.*/,231,158,205,205,http://localhost:8079/?token=518504778&user=-1355064518&config=3,17694,0,0
1777922408589,17695,HTTP Request,200,OK,Config 3: Exp8 1-40,text,false,Test failed: text expected to match /.*/,231,158,208,208,http://localhost:8079/?token=518504778&user=-1355064518&config=3,17695,0,0
1777922408587,17698,HTTP Request,200,OK,Config 3: Exp8 1-10,text,false,Test failed: text expected to match /.*/,231,158,205,205,http://localhost:8079/?token=518504778&user=-1355064518&config=3,17698,0,0
1777922408591,17694,HTTP Request,200,OK,Config 3: Exp8 1-67,text,false,Test failed: text expected to match /.*/,231,158,204,204,http://localhost:8079/?token=518504778&user=-1355064518&config=3,17694,0,0
1777922408591,17694,HTTP Request,200,OK,Config 3: Exp8 1-222,text,false,Test failed: text expected to match /.*/,231,158,204,204,http://localhost:8079/?token=518504778&user=-1355064518&config=3,17694,0,0
1777922408591,17694,HTTP Request,200,OK,Config 3: Exp8 1-314,text,false,Test failed: text expected to match /.*/,231,158,204,204,http://localhost:8079/?token=518504778&user=-1355064518&config=3,17694,0,0
1777922408591,17694,HTTP Request,200,OK,Config 3: Exp8 1-262,text,false,Test failed: text expected to match /.*/,231,158,204,204,http://localhost:8079/?token=518504778&user=-1355064518&config=3,17694,0,0
1777922408587,17698,HTTP Request,200,OK,Config 3: Exp8 1-11,text,false,Test failed: text expected to match /.*/,231,158,204,204,http://localhost:8079/?token=518504778&user=-1355064518&config=3,17698,0,0
1777922408588,17697,HTTP Request,200,OK,Config 3: Exp8 1-68,text,false,Test failed: text expected to match /.*/,231,158,204,204,http://localhost:8079/?token=518504778&user=-1355064518&config=3,17697,0,0
1777922408591,17694,HTTP Request,200,OK,Config 3: Exp8 1-53,text,false,Test failed: text expected to match /.*/,231,158,198,198,http://localhost:8079/?token=518504778&user=-1355064518&config=3,17694,0,0
1777922408592,17694,HTTP Request,200,OK,Config 3: Exp8 1-370,text,false,Test failed: text expected to match /.*/,231,158,198,198,http://localhost:8079/?token=518504778&user=-1355064518&config=3,17694,0,0
1777922408591,17695,HTTP Request,200,OK,Config 3: Exp8 1-43,text,false,Test failed: text expected to match /.*/,231,158,193,193,http://localhost:8079/?token=518504778&user=-1355064518&config=3,17695,0,0
1777922408592,17694,HTTP Request,200,OK,Config 3: Exp8 1-56,text,false,Test failed: text expected to match /.*/,231,158,191,191,http://localhost:8079/?token=518504778&user=-1355064518&config=3,17694,0,0
1777922408593,17693,HTTP Request,200,OK,Config 3: Exp8 1-57,text,false,Test failed: text expected to match /.*/,231,158,189,189,http://localhost:8079/?token=518504778&user=-1355064518&config=3,17693,0,0
1777922408591,17695,HTTP Request,200,OK,Config 3: Exp8 1-267,text,false,Test failed: text expected to match /.*/,231,158,189,189,http://localhost:8079/?token=518504778&user=-1355064518&config=3,17695,0,0
1777922408591,17695,HTTP Request,200,OK,Config 3: Exp8 1-49,text,false,Test failed: text expected to match /.*/,231,158,189,189,http://localhost:8079/?token=518504778&user=-1355064518&config=3,17695,0,0
1777922408591,17695,HTTP Request,200,OK,Config 3: Exp8 1-41,text,false,Test failed: text expected to match /.*/,231,158,189,189,http://localhost:8079/?token=518504778&user=-1355064518&config=3,17695,0,0
1777922408591,17708,HTTP Request,200,OK,Config 3: Exp8 1-58,text,false,Test failed: text expected to match /.*/,231,158,159,159,http://localhost:8079/?token=518504778&user=-1355064518&config=3,17708,0,0
1777922408591,17708,HTTP Request,200,OK,Config 3: Exp8 1-66,text,false,Test failed: text expected to match /.*/,231,158,159,159,http://localhost:8079/?token=518504778&user=-1355064518&config=3,17708,0,0
1777922408591,17708,HTTP Request,200,OK,Config 3: Exp8 1-13,text,false,Test failed: text expected to match /.*/,231,158,159,159,http://localhost:8079/?token=518504778&user=-1355064518&config=3,17708,0,0
1777922408591,17708,HTTP Request,200,OK,Config 3: Exp8 1-25,text,false,Test failed: text expected to match /.*/,231,158,159,159,http://localhost:8079/?token=518504778&user=-1355064518&config=3,17708,0,0
1777922408593,17706,HTTP Request,200,OK,Config 3: Exp8 1-369,text,false,Test failed: text expected to match /.*/,231,158,159,159,http://localhost:8079/?token=518504778&user=-1355064518&config=3,17706,0,0
1777922408593,17707,HTTP Request,200,OK,Config 3: Exp8 1-59,text,false,Test failed: text expected to match /.*/,231,158,157,157,http://localhost:8079/?token=518504778&user=-1355064518&config=3,17707,0,0
1777922408592,17708,HTTP Request,200,OK,Config 3: Exp8 1-44,text,false,Test failed: text expected to match /.*/,231,158,156,156,http://localhost:8079/?token=518504778&user=-1355064518&config=3,17708,0,0
1777922408593,17707,HTTP Request,200,OK,Config 3: Exp8 1-42,text,false,Test failed: text expected to match /.*/,231,158,157,157,http://localhost:8079/?token=518504778&user=-1355064518&config=3,17707,0,0
1777922408583,17717,HTTP Request,200,OK,Config 3: Exp8 1-125,text,false,Test failed: text expected to match /.*/,231,158,156,156,http://localhost:8079/?token=518504778&user=-1355064518&config=3,17717,0,0
1777922408593,17707,HTTP Request,200,OK,Config 3: Exp8 1-70,text,false,Test failed: text expected to match /.*/,231,158,156,156,http://localhost:8079/?token=518504778&user=-1355064518&config=3,17707,0,0
1777922408593,17707,HTTP Request,200,OK,Config 3: Exp8 1-73,text,false,Test failed: text expected to match /.*/,231,158,155,155,http://localhost:8079/?token=518504778&user=-1355064518&config=3,17707,0,0
1777922408585,17715,HTTP Request,200,OK,Config 3: Exp8 1-151,text,false,Test failed: text expected to match /.*/,231,158,155,154,http://localhost:8079/?token=518504778&user=-1355064518&config=3,17715,0,0
1777922408586,17714,HTTP Request,200,OK,Config 3: Exp8 1-130,text,false,Test failed: text expected to match /.*/,231,158,154,154,http://localhost:8079/?token=518504778&user=-1355064518&config=3,17714,0,1
1777922408586,17714,HTTP Request,200,OK,Config 3: Exp8 1-155,text,false,Test failed: text expected to match /.*/,231,158,153,153,http://localhost:8079/?token=518504778&user=-1355064518&config=3,17714,0,1
1777922408586,17714,HTTP Request,200,OK,Config 3: Exp8 1-129,text,false,Test failed: text expected to match /.*/,231,158,153,153,http://localhost:8079/?token=518504778&user=-1355064518&config=3,17714,0,1
1777922408586,17714,HTTP Request,200,OK,Config 3: Exp8 1-95,text,false,Test failed: text expected to match /.*/,231,158,153,153,http://localhost:8079/?token=518504778&user=-1355064518&config=3,17714,0,1
1777922408585,17715,HTTP Request,200,OK,Config 3: Exp8 1-121,text,false,Test failed: text expected to match /.*/,231,158,153,153,http://localhost:8079/?token=518504778&user=-1355064518&config=3,17715,0,0
1777922408587,17713,HTTP Request,200,OK,Config 3: Exp8 1-154,text,false,Test failed: text expected to match /.*/,231,158,153,153,http://localhost:8079/?token=518504778&user=-1355064518&config=3,17713,0,0
1777922408586,17714,HTTP Request,200,OK,Config 3: Exp8 1-96,text,false,Test failed: text expected to match /.*/,231,158,153,153,http://localhost:8079/?token=518504778&user=-1355064518&config=3,17714,0,1
1777922408591,17709,HTTP Request,200,OK,Config 3: Exp8 1-51,text,false,Test failed: text expected to match /.*/,231,158,153,153,http://localhost:8079/?token=518504778&user=-1355064518&config=3,17709,0,0
1777922408587,17713,HTTP Request,200,OK,Config 3: Exp8 1-148,text,false,Test failed: text expected to match /.*/,231,158,153,153,http://localhost:8079/?token=518504778&user=-1355064518&config=3,17713,0,0
1777922408586,17714,HTTP Request,200,OK,Config 3: Exp8 1-97,text,false,Test failed: text expected to match /.*/,231,158,153,153,http://localhost:8079/?token=518504778&user=-1355064518&config=3,17714,0,1
1777922408588,17712,HTTP Request,200,OK,Config 3: Exp8 1-132,text,false,Test failed: text expected to match /.*/,231,158,152,152,http://localhost:8079/?token=518504778&user=-1355064518&config=3,17712,0,1
1777922408589,17711,HTTP Request,200,OK,Config 3: Exp8 1-136,text,false,Test failed: text expected to match /.*/,231,158,152,152,http://localhost:8079/?token=518504778&user=-1355064518&config=3,17711,0,0
1777922408591,17709,HTTP Request,200,OK,Config 3: Exp8 1-54,text,false,Test failed: text expected to match /.*/,231,158,152,152,http://localhost:8079/?token=518504778&user=-1355064518&config=3,17709,0,0
1777922408587,17714,HTTP Request,200,OK,Config 3: Exp8 1-127,text,false,Test failed: text expected to match /.*/,231,158,151,151,http://localhost:8079/?token=518504778&user=-1355064518&config=3,17714,0,0
1777922408894,17408,HTTP Request,200,OK,Config 3: Exp8 1-325,text,false,Test failed: text expected to match /.*/,231,158,142,142,http://localhost:8079/?token=518504778&user=-1355064518&config=3,17408,0,0
1777922408894,17408,HTTP Request,200,OK,Config 3: Exp8 1-326,text,false,Test failed: text expected to match /.*/,231,158,140,140,http://localhost:8079/?token=518504778&user=-1355064518&config=3,17408,0,0
1777922408896,17406,HTTP Request,200,OK,Config 3: Exp8 1-324,text,false,Test failed: text expected to match /.*/,231,158,140,140,http://localhost:8079/?token=518504778&user=-1355064518&config=3,17406,0,0
1777922408894,17408,HTTP Request,200,OK,Config 3: Exp8 1-372,text,false,Test failed: text expected to match /.*/,231,158,140,140,http://localhost:8079/?token=518504778&user=-1355064518&config=3,17408,0,0
1777922408894,17408,HTTP Request,200,OK,Config 3: Exp8 1-374,text,false,Test failed: text expected to match /.*/,231,158,139,139,http://localhost:8079/?token=518504778&user=-1355064518&config=3,17408,0,0
1777922408894,17408,HTTP Request,200,OK,Config 3: Exp8 1-327,text,false,Test failed: text expected to match /.*/,231,158,140,140,http://localhost:8079/?token=518504778&user=-1355064518&config=3,17408,0,0
1777922408894,17408,HTTP Request,200,OK,Config 3: Exp8 1-371,text,false,Test failed: text expected to match /.*/,231,158,139,139,http://localhost:8079/?token=518504778&user=-1355064518&config=3,17408,0,0
1777922408896,17406,HTTP Request,200,OK,Config 3: Exp8 1-376,text,false,Test failed: text expected to match /.*/,231,158,139,139,http://localhost:8079/?token=518504778&user=-1355064518&config=3,17406,0,0
1777922408894,17408,HTTP Request,200,OK,Config 3: Exp8 1-373,text,false,Test failed: text expected to match /.*/,231,158,139,139,http://localhost:8079/?token=518504778&user=-1355064518&config=3,17408,0,0
1777922408896,17406,HTTP Request,200,OK,Config 3: Exp8 1-377,text,false,Test failed: text expected to match /.*/,231,158,139,139,http://localhost:8079/?token=518504778&user=-1355064518&config=3,17406,0,0
1777922408896,17406,HTTP Request,200,OK,Config 3: Exp8 1-72,text,false,Test failed: text expected to match /.*/,231,158,138,138,http://localhost:8079/?token=518504778&user=-1355064518&config=3,17406,0,0
1777922408896,17406,HTTP Request,200,OK,Config 3: Exp8 1-379,text,false,Test failed: text expected to match /.*/,231,158,138,138,http://localhost:8079/?token=518504778&user=-1355064518&config=3,17406,0,0
1777922408896,17406,HTTP Request,200,OK,Config 3: Exp8 1-378,text,false,Test failed: text expected to match /.*/,231,158,137,137,http://localhost:8079/?token=518504778&user=-1355064518&config=3,17406,0,0
1777922408896,17406,HTTP Request,200,OK,Config 3: Exp8 1-86,text,false,Test failed: text expected to match /.*/,231,158,137,137,http://localhost:8079/?token=518504778&user=-1355064518&config=3,17406,0,0
1777922408896,17406,HTTP Request,200,OK,Config 3: Exp8 1-380,text,false,Test failed: text expected to match /.*/,231,158,135,135,http://localhost:8079/?token=518504778&user=-1355064518&config=3,17406,0,0
1777922408896,17407,HTTP Request,200,OK,Config 3: Exp8 1-194,text,false,Test failed: text expected to match /.*/,231,158,133,133,http://localhost:8079/?token=518504778&user=-1355064518&config=3,17407,0,0
1777922408875,17427,HTTP Request,200,OK,Config 3: Exp8 1-455,text,false,Test failed: text expected to match /.*/,231,158,133,133,http://localhost:8079/?token=518504778&user=-1355064518&config=3,17427,0,0
1777922408896,17407,HTTP Request,200,OK,Config 3: Exp8 1-244,text,false,Test failed: text expected to match /.*/,231,158,132,132,http://localhost:8079/?token=518504778&user=-1355064518&config=3,17407,0,0
1777922408896,17407,HTTP Request,200,OK,Config 3: Exp8 1-167,text,false,Test failed: text expected to match /.*/,231,158,132,132,http://localhost:8079/?token=518504778&user=-1355064518&config=3,17407,0,0
1777922408896,17407,HTTP Request,200,OK,Config 3: Exp8 1-195,text,false,Test failed: text expected to match /.*/,231,158,132,132,http://localhost:8079/?token=518504778&user=-1355064518&config=3,17407,0,0
1777922408896,17407,HTTP Request,200,OK,Config 3: Exp8 1-229,text,false,Test failed: text expected to match /.*/,231,158,130,130,http://localhost:8079/?token=518504778&user=-1355064518&config=3,17407,0,0
1777922408586,17717,HTTP Request,200,OK,Config 3: Exp8 1-101,text,false,Test failed: text expected to match /.*/,231,158,130,130,http://localhost:8079/?token=518504778&user=-1355064518&config=3,17717,0,1
1777922408587,17716,HTTP Request,200,OK,Config 3: Exp8 1-128,text,false,Test failed: text expected to match /.*/,231,158,128,128,http://localhost:8079/?token=518504778&user=-1355064518&config=3,17716,0,0
1777922408895,17408,HTTP Request,200,OK,Config 3: Exp8 1-118,text,false,Test failed: text expected to match /.*/,231,158,128,128,http://localhost:8079/?token=518504778&user=-1355064518&config=3,17408,0,0
1777922408587,17716,HTTP Request,200,OK,Config 3: Exp8 1-152,text,false,Test failed: text expected to match /.*/,231,158,128,128,http://localhost:8079/?token=518504778&user=-1355064518&config=3,17716,0,0
1777922408894,17409,HTTP Request,200,OK,Config 3: Exp8 1-145,text,false,Test failed: text expected to match /.*/,231,158,128,128,http://localhost:8079/?token=518504778&user=-1355064518&config=3,17409,0,0
1777922408896,17407,HTTP Request,200,OK,Config 3: Exp8 1-147,text,false,Test failed: text expected to match /.*/,231,158,128,128,http://localhost:8079/?token=518504778&user=-1355064518&config=3,17407,0,0
1777922408896,17407,HTTP Request,200,OK,Config 3: Exp8 1-174,text,false,Test failed: text expected to match /.*/,231,158,128,128,http://localhost:8079/?token=518504778&user=-1355064518&config=3,17407,0,0
1777922408896,17407,HTTP Request,200,OK,Config 3: Exp8 1-269,text,false,Test failed: text expected to match /.*/,231,158,128,128,http://localhost:8079/?token=518504778&user=-1355064518&config=3,17407,0,0
1777922408896,17407,HTTP Request,200,OK,Config 3: Exp8 1-16,text,false,Test failed: text expected to match /.*/,231,158,128,128,http://localhost:8079/?token=518504778&user=-1355064518&config=3,17407,0,0
1777922408586,17717,HTTP Request,200,OK,Config 3: Exp8 1-80,text,false,Test failed: text expected to match /.*/,231,158,128,128,http://localhost:8079/?token=518504778&user=-1355064518&config=3,17717,0,1
1777922408894,17409,HTTP Request,200,OK,Config 3: Exp8 1-21,text,false,Test failed: text expected to match /.*/,231,158,128,128,http://localhost:8079/?token=518504778&user=-1355064518&config=3,17409,0,0
1777922408587,17716,HTTP Request,200,OK,Config 3: Exp8 1-123,text,false,Test failed: text expected to match /.*/,231,158,127,127,http://localhost:8079/?token=518504778&user=-1355064518&config=3,17716,0,0
1777922408897,17406,HTTP Request,200,OK,Config 3: Exp8 1-30,text,false,Test failed: text expected to match /.*/,231,158,128,128,http://localhost:8079/?token=518504778&user=-1355064518&config=3,17406,0,0
1777922408587,17716,HTTP Request,200,OK,Config 3: Exp8 1-150,text,false,Test failed: text expected to match /.*/,231,158,127,127,http://localhost:8079/?token=518504778&user=-1355064518&config=3,17716,0,0
1777922408587,17716,HTTP Request,200,OK,Config 3: Exp8 1-149,text,false,Test failed: text expected to match /.*/,231,158,125,125,http://localhost:8079/?token=518504778&user=-1355064518&config=3,17716,0,0
1777922408587,17716,HTTP Request,200,OK,Config 3: Exp8 1-133,text,false,Test failed: text expected to match /.*/,231,158,125,125,http://localhost:8079/?token=518504778&user=-1355064518&config=3,17716,0,0
1777922408587,17716,HTTP Request,200,OK,Config 3: Exp8 1-112,text,false,Test failed: text expected to match /.*/,231,158,125,125,http://localhost:8079/?token=518504778&user=-1355064518&config=3,17716,0,0
1777922408587,17716,HTTP Request,200,OK,Config 3: Exp8 1-161,text,false,Test failed: text expected to match /.*/,231,158,125,125,http://localhost:8079/?token=518504778&user=-1355064518&config=3,17716,0,0
1777922408587,17716,HTTP Request,200,OK,Config 3: Exp8 1-109,text,false,Test failed: text expected to match /.*/,231,158,125,125,http://localhost:8079/?token=518504778&user=-1355064518&config=3,17716,0,0
1777922408588,17715,HTTP Request,200,OK,Config 3: Exp8 1-85,text,false,Test failed: text expected to match /.*/,231,158,124,124,http://localhost:8079/?token=518504778&user=-1355064518&config=3,17715,0,1
1777922408588,17715,HTTP Request,200,OK,Config 3: Exp8 1-137,text,false,Test failed: text expected to match /.*/,231,158,123,123,http://localhost:8079/?token=518504778&user=-1355064518&config=3,17715,0,1
1777922408588,17715,HTTP Request,200,OK,Config 3: Exp8 1-114,text,false,Test failed: text expected to match /.*/,231,158,123,123,http://localhost:8079/?token=518504778&user=-1355064518&config=3,17715,0,0
1777922408589,17714,HTTP Request,200,OK,Config 3: Exp8 1-98,text,false,Test failed: text expected to match /.*/,231,158,123,123,http://localhost:8079/?token=518504778&user=-1355064518&config=3,17714,0,0
1777922408591,17712,HTTP Request,200,OK,Config 3: Exp8 1-113,text,false,Test failed: text expected to match /.*/,231,158,123,123,http://localhost:8079/?token=518504778&user=-1355064518&config=3,17712,0,0
1777922408591,17713,HTTP Request,200,OK,Config 3: Exp8 1-135,text,false,Test failed: text expected to match /.*/,231,158,123,123,http://localhost:8079/?token=518504778&user=-1355064518&config=3,17713,0,0
1777922408591,17713,HTTP Request,200,OK,Config 3: Exp8 1-131,text,false,Test failed: text expected to match /.*/,231,158,123,123,http://localhost:8079/?token=518504778&user=-1355064518&config=3,17713,0,0
1777922408589,17715,HTTP Request,200,OK,Config 3: Exp8 1-102,text,false,Test failed: text expected to match /.*/,231,158,123,123,http://localhost:8079/?token=518504778&user=-1355064518&config=3,17714,0,0
1777922408591,17713,HTTP Request,200,OK,Config 3: Exp8 1-99,text,false,Test failed: text expected to match /.*/,231,158,123,123,http://localhost:8079/?token=518504778&user=-1355064518&config=3,17713,0,0
1777922408591,17713,HTTP Request,200,OK,Config 3: Exp8 1-156,text,false,Test failed: text expected to match /.*/,231,158,123,123,http://localhost:8079/?token=518504778&user=-1355064518&config=3,17713,0,0
1777922408666,17638,HTTP Request,200,OK,Config 3: Exp8 1-454,text,false,Test failed: text expected to match /.*/,231,158,122,122,http://localhost:8079/?token=518504778&user=-1355064518&config=3,17638,0,1
1777922408591,17713,HTTP Request,200,OK,Config 3: Exp8 1-87,text,false,Test failed: text expected to match /.*/,231,158,122,122,http://localhost:8079/?token=518504778&user=-1355064518&config=3,17713,0,0
1777922408896,17408,HTTP Request,200,OK,Config 3: Exp8 1-192,text,false,Test failed: text expected to match /.*/,231,158,116,116,http://localhost:8079/?token=518504778&user=-1355064518&config=3,17408,0,0
1777922408896,17408,HTTP Request,200,OK,Config 3: Exp8 1-381,text,false,Test failed: text expected to match /.*/,231,158,115,115,http://localhost:8079/?token=518504778&user=-1355064518&config=3,17408,0,0
1777922408896,17408,HTTP Request,200,OK,Config 3: Exp8 1-193,text,false,Test failed: text expected to match /.*/,231,158,114,114,http://localhost:8079/?token=518504778&user=-1355064518&config=3,17408,0,0
1777922408896,17408,HTTP Request,200,OK,Config 3: Exp8 1-197,text,false,Test failed: text expected to match /.*/,231,158,114,114,http://localhost:8079/?token=518504778&user=-1355064518&config=3,17408,0,0
1777922408896,17409,HTTP Request,200,OK,Config 3: Exp8 1-199,text,false,Test failed: text expected to match /.*/,231,158,113,113,http://localhost:8079/?token=518504778&user=-1355064518&config=3,17408,0,0
1777922408896,17409,HTTP Request,200,OK,Config 3: Exp8 1-230,text,false,Test failed: text expected to match /.*/,231,158,113,113,http://localhost:8079/?token=518504778&user=-1355064518&config=3,17409,0,0
1777922408896,17409,HTTP Request,200,OK,Config 3: Exp8 1-231,text,false,Test failed: text expected to match /.*/,231,158,112,112,http://localhost:8079/?token=518504778&user=-1355064518&config=3,17409,0,0
1777922408896,17409,HTTP Request,200,OK,Config 3: Exp8 1-241,text,false,Test failed: text expected to match /.*/,231,158,112,112,http://localhost:8079/?token=518504778&user=-1355064518&config=3,17409,0,0
1777922408896,17409,HTTP Request,200,OK,Config 3: Exp8 1-268,text,false,Test failed: text expected to match /.*/,231,158,112,112,http://localhost:8079/?token=518504778&user=-1355064518&config=3,17409,0,0
1777922408896,17409,HTTP Request,200,OK,Config 3: Exp8 1-270,text,false,Test failed: text expected to match /.*/,231,158,111,111,http://localhost:8079/?token=518504778&user=-1355064518&config=3,17409,0,0
1777922408896,17409,HTTP Request,200,OK,Config 3: Exp8 1-251,text,false,Test failed: text expected to match /.*/,231,158,110,110,http://localhost:8079/?token=518504778&user=-1355064518&config=3,17409,0,0
1777922408896,17409,HTTP Request,200,OK,Config 3: Exp8 1-252,text,false,Test failed: text expected to match /.*/,231,158,110,110,http://localhost:8079/?token=518504778&user=-1355064518&config=3,17409,0,0
1777922408896,17409,HTTP Request,200,OK,Config 3: Exp8 1-34,text,false,Test failed: text expected to match /.*/,231,158,110,110,http://localhost:8079/?token=518504778&user=-1355064518&config=3,17409,0,0
1777922408896,17409,HTTP Request,200,OK,Config 3: Exp8 1-206,text,false,Test failed: text expected to match /.*/,231,158,109,109,http://localhost:8079/?token=518504778&user=-1355064518&config=3,17409,0,0
1777922408897,17408,HTTP Request,200,OK,Config 3: Exp8 1-31,text,false,Test failed: text expected to match /.*/,231,158,109,109,http://localhost:8079/?token=518504778&user=-1355064518&config=3,17408,0,0
1777922408897,17408,HTTP Request,200,OK,Config 3: Exp8 1-207,text,false,Test failed: text expected to match /.*/,231,158,109,109,http://localhost:8079/?token=518504778&user=-1355064518&config=3,17408,0,0
1777922408896,17409,HTTP Request,200,OK,Config 3: Exp8 1-1,text,false,Test failed: text expected to match /.*/,231,158,109,109,http://localhost:8079/?token=518504778&user=-1355064518&config=3,17409,0,0
1777922408897,17408,HTTP Request,200,OK,Config 3: Exp8 1-172,text,false,Test failed: text expected to match /.*/,231,158,109,109,http://localhost:8079/?token=518504778&user=-1355064518&config=3,17408,0,0
1777922408896,17419,HTTP Request,200,OK,Config 3: Exp8 1-375,text,false,Test failed: text expected to match /.*/,231,158,63,63,http://localhost:8079/?token=518504778&user=-1355064518&config=3,17419,0,0
1777922408896,17419,HTTP Request,200,OK,Config 3: Exp8 1-79,text,false,Test failed: text expected to match /.*/,231,158,63,63,http://localhost:8079/?token=518504778&user=-1355064518&config=3,17419,0,0
1777922408896,17419,HTTP Request,200,OK,Config 3: Exp8 1-196,text,false,Test failed: text expected to match /.*/,231,158,63,63,http://localhost:8079/?token=518504778&user=-1355064518&config=3,17419,0,0
1777922408897,17418,HTTP Request,200,OK,Config 3: Exp8 1-15,text,false,Test failed: text expected to match /.*/,231,158,63,63,http://localhost:8079/?token=518504778&user=-1355064518&config=3,17418,0,0
1777922408897,17418,HTTP Request,200,OK,Config 3: Exp8 1-28,text,false,Test failed: text expected to match /.*/,231,158,63,63,http://localhost:8079/?token=518504778&user=-1355064518&config=3,17418,0,0
1777922408896,17419,HTTP Request,200,OK,Config 3: Exp8 1-323,text,false,Test failed: text expected to match /.*/,231,158,63,63,http://localhost:8079/?token=518504778&user=-1355064518&config=3,17419,0,0
1777922408896,17419,HTTP Request,200,OK,Config 3: Exp8 1-116,text,false,Test failed: text expected to match /.*/,231,158,57,57,http://localhost:8079/?token=518504778&user=-1355064518&config=3,17419,0,0
1777922408896,17420,HTTP Request,200,OK,Config 3: Exp8 1-94,text,false,Test failed: text expected to match /.*/,231,158,57,57,http://localhost:8079/?token=518504778&user=-1355064518&config=3,17420,0,1
1777922408896,17420,HTTP Request,200,OK,Config 3: Exp8 1-6,text,false,Test failed: text expected to match /.*/,231,158,57,57,http://localhost:8079/?token=518504778&user=-1355064518&config=3,17420,0,0
1777922412617,13727,HTTP Request,200,OK,Config 3: Exp8 1-473,text,false,Test failed: text expected to match /.*/,231,158,54,54,http://localhost:8079/?token=518504778&user=-1355064518&config=3,13727,0,0
1777922412826,13518,HTTP Request,200,OK,Config 3: Exp8 1-474,text,false,Test failed: text expected to match /.*/,231,158,54,54,http://localhost:8079/?token=518504778&user=-1355064518&config=3,13518,0,0
1777922413033,13311,HTTP Request,200,OK,Config 3: Exp8 1-475,text,false,Test failed: text expected to match /.*/,231,158,54,54,http://localhost:8079/?token=518504778&user=-1355064518&config=3,13311,0,1
1777922413242,13103,HTTP Request,200,OK,Config 3: Exp8 1-476,text,false,Test failed: text expected to match /.*/,231,158,51,51,http://localhost:8079/?token=518504778&user=-1355064518&config=3,13103,0,0
1777922413444,12901,HTTP Request,200,OK,Config 3: Exp8 1-396,text,false,Test failed: text expected to match /.*/,231,158,51,51,http://localhost:8079/?token=518504778&user=-1355064518&config=3,12901,0,0
1777922413462,12883,HTTP Request,200,OK,Config 3: Exp8 1-333,text,false,Test failed: text expected to match /.*/,231,158,51,51,http://localhost:8079/?token=518504778&user=-1355064518&config=3,12883,0,0
1777922413462,12883,HTTP Request,200,OK,Config 3: Exp8 1-276,text,false,Test failed: text expected to match /.*/,231,158,51,51,http://localhost:8079/?token=518504778&user=-1355064518&config=3,12883,0,0
1777922413462,12883,HTTP Request,200,OK,Config 3: Exp8 1-242,text,false,Test failed: text expected to match /.*/,231,158,51,51,http://localhost:8079/?token=518504778&user=-1355064518&config=3,12883,0,0
1777922413462,12885,HTTP Request,200,OK,Config 3: Exp8 1-286,text,false,Test failed: text expected to match /.*/,231,158,46,46,http://localhost:8079/?token=518504778&user=-1355064518&config=3,12885,0,0
1777922413464,12883,HTTP Request,500,Internal Server Error,Config 3: Exp8 1-243,text,true,,233,158,46,46,http://localhost:8079/?token=518504778&user=-1355064518&config=3,12883,0,0
1777922413464,12883,HTTP Request,500,Internal Server Error,Config 3: Exp8 1-3,text,true,,233,158,44,44,http://localhost:8079/?token=518504778&user=-1355064518&config=3,12883,0,0
1777922413464,12883,HTTP Request,500,Internal Server Error,Config 3: Exp8 1-337,text,true,,233,158,44,44,http://localhost:8079/?token=518504778&user=-1355064518&config=3,12883,0,0
1777922413466,12881,HTTP Request,500,Internal Server Error,Config 3: Exp8 1-398,text,true,,233,158,44,44,http://localhost:8079/?token=518504778&user=-1355064518&config=3,12881,0,0
1777922413463,12885,HTTP Request,500,Internal Server Error,Config 3: Exp8 1-234,text,true,,233,158,44,44,http://localhost:8079/?token=518504778&user=-1355064518&config=3,12884,0,0
1777922413463,12885,HTTP Request,500,Internal Server Error,Config 3: Exp8 1-238,text,true,,233,158,40,40,http://localhost:8079/?token=518504778&user=-1355064518&config=3,12885,0,0
1777922413464,12884,HTTP Request,500,Internal Server Error,Config 3: Exp8 1-336,text,true,,233,158,39,39,http://localhost:8079/?token=518504778&user=-1355064518&config=3,12884,0,0
1777922413466,12883,HTTP Request,500,Internal Server Error,Config 3: Exp8 1-89,text,true,,233,158,39,39,http://localhost:8079/?token=518504778&user=-1355064518&config=3,12882,0,0
1777922413464,12885,HTTP Request,500,Internal Server Error,Config 3: Exp8 1-239,text,true,,233,158,39,39,http://localhost:8079/?token=518504778&user=-1355064518&config=3,12884,0,0
1777922413464,12885,HTTP Request,500,Internal Server Error,Config 3: Exp8 1-283,text,true,,233,158,38,38,http://localhost:8079/?token=518504778&user=-1355064518&config=3,12884,0,0
1777922413462,12887,HTTP Request,500,Internal Server Error,Config 3: Exp8 1-171,text,true,,233,158,35,35,http://localhost:8079/?token=518504778&user=-1355064518&config=3,12887,0,0
1777922413464,12885,HTTP Request,500,Internal Server Error,Config 3: Exp8 1-334,text,true,,233,158,35,35,http://localhost:8079/?token=518504778&user=-1355064518&config=3,12885,0,0
1777922413462,12887,HTTP Request,500,Internal Server Error,Config 3: Exp8 1-166,text,true,,233,158,35,35,http://localhost:8079/?token=518504778&user=-1355064518&config=3,12887,0,0
1777922413466,12883,HTTP Request,500,Internal Server Error,Config 3: Exp8 1-397,text,true,,233,158,35,35,http://localhost:8079/?token=518504778&user=-1355064518&config=3,12883,0,0
1777922413464,12885,HTTP Request,500,Internal Server Error,Config 3: Exp8 1-284,text,true,,233,158,33,33,http://localhost:8079/?token=518504778&user=-1355064518&config=3,12885,0,0
1777922413464,12885,HTTP Request,500,Internal Server Error,Config 3: Exp8 1-115,text,true,,233,158,34,34,http://localhost:8079/?token=518504778&user=-1355064518&config=3,12885,0,0
1777922413449,12901,HTTP Request,500,Internal Server Error,Config 3: Exp8 1-477,text,true,,233,158,29,29,http://localhost:8079/?token=518504778&user=-1355064518&config=3,12901,0,0
1777922413464,12886,HTTP Request,500,Internal Server Error,Config 3: Exp8 1-188,text,true,,233,158,29,29,http://localhost:8079/?token=518504778&user=-1355064518&config=3,12886,0,0
1777922413464,12886,HTTP Request,500,Internal Server Error,Config 3: Exp8 1-160,text,true,,233,158,29,29,http://localhost:8079/?token=518504778&user=-1355064518&config=3,12886,0,0
1777922413464,12886,HTTP Request,500,Internal Server Error,Config 3: Exp8 1-141,text,true,,233,158,28,28,http://localhost:8079/?token=518504778&user=-1355064518&config=3,12886,0,0
1777922413464,12886,HTTP Request,500,Internal Server Error,Config 3: Exp8 1-159,text,true,,233,158,28,28,http://localhost:8079/?token=518504778&user=-1355064518&config=3,12886,0,0
1777922413464,12889,HTTP Request,500,Internal Server Error,Config 3: Exp8 1-158,text,true,,233,158,24,24,http://localhost:8079/?token=518504778&user=-1355064518&config=3,12889,0,0
1777922413658,12695,HTTP Request,500,Internal Server Error,Config 3: Exp8 1-478,text,true,,233,158,24,24,http://localhost:8079/?token=518504778&user=-1355064518&config=3,12695,0,0
1777922414073,12280,HTTP Request,500,Internal Server Error,Config 3: Exp8 1-480,text,true,,233,158,24,24,http://localhost:8079/?token=518504778&user=-1355064518&config=3,12280,0,1
1777922413866,12487,HTTP Request,500,Internal Server Error,Config 3: Exp8 1-479,text,true,,233,158,23,23,http://localhost:8079/?token=518504778&user=-1355064518&config=3,12487,0,0
1777922413466,13062,HTTP Request,200,OK,Config 3: Exp8 1-332,text,false,Test failed: text expected to match /.*/,231,158,20,20,http://localhost:8079/?token=518504778&user=-1355064518&config=3,13062,0,0
1777922413462,13066,HTTP Request,200,OK,Config 3: Exp8 1-17,text,false,Test failed: text expected to match /.*/,231,158,20,20,http://localhost:8079/?token=518504778&user=-1355064518&config=3,13066,0,0
1777922413462,13066,HTTP Request,200,OK,Config 3: Exp8 1-277,text,false,Test failed: text expected to match /.*/,231,158,20,20,http://localhost:8079/?token=518504778&user=-1355064518&config=3,13066,0,0
1777922413462,13066,HTTP Request,200,OK,Config 3: Exp8 1-240,text,false,Test failed: text expected to match /.*/,231,158,20,20,http://localhost:8079/?token=518504778&user=-1355064518&config=3,13066,0,0
1777922413465,13063,HTTP Request,200,OK,Config 3: Exp8 1-335,text,false,Test failed: text expected to match /.*/,231,158,20,20,http://localhost:8079/?token=518504778&user=-1355064518&config=3,13063,0,0
1777922413466,13063,HTTP Request,200,OK,Config 3: Exp8 1-278,text,false,Test failed: text expected to match /.*/,231,158,20,20,http://localhost:8079/?token=518504778&user=-1355064518&config=3,13063,0,0
1777922413465,13064,HTTP Request,200,OK,Config 3: Exp8 1-4,text,false,Test failed: text expected to match /.*/,231,158,18,18,http://localhost:8079/?token=518504778&user=-1355064518&config=3,13064,0,0
1777922413466,13063,HTTP Request,200,OK,Config 3: Exp8 1-33,text,false,Test failed: text expected to match /.*/,231,158,18,18,http://localhost:8079/?token=518504778&user=-1355064518&config=3,13063,0,0
1777922413465,13064,HTTP Request,200,OK,Config 3: Exp8 1-285,text,false,Test failed: text expected to match /.*/,231,158,18,18,http://localhost:8079/?token=518504778&user=-1355064518&config=3,13064,0,0
1777922413465,13064,HTTP Request,200,OK,Config 3: Exp8 1-60,text,false,Test failed: text expected to match /.*/,231,158,12,12,http://localhost:8079/?token=518504778&user=-1355064518&config=3,13064,0,0
1777922413466,13063,HTTP Request,200,OK,Config 3: Exp8 1-61,text,false,Test failed: text expected to match /.*/,231,158,11,11,http://localhost:8079/?token=518504778&user=-1355064518&config=3,13063,0,0
1777922413465,13064,HTTP Request,200,OK,Config 3: Exp8 1-281,text,false,Test failed: text expected to match /.*/,231,158,11,11,http://localhost:8079/?token=518504778&user=-1355064518&config=3,13064,0,0
1777922413465,13065,HTTP Request,200,OK,Config 3: Exp8 1-237,text,false,Test failed: text expected to match /.*/,231,158,8,8,http://localhost:8079/?token=518504778&user=-1355064518&config=3,13065,0,0
1777922413466,13064,HTTP Request,200,OK,Config 3: Exp8 1-74,text,false,Test failed: text expected to match /.*/,231,158,8,8,http://localhost:8079/?token=518504778&user=-1355064518&config=3,13064,0,0
1777922413465,13065,HTTP Request,200,OK,Config 3: Exp8 1-279,text,false,Test failed: text expected to match /.*/,231,158,8,8,http://localhost:8079/?token=518504778&user=-1355064518&config=3,13065,0,0
1777922413465,13065,HTTP Request,200,OK,Config 3: Exp8 1-107,text,false,Test failed: text expected to match /.*/,231,158,8,8,http://localhost:8079/?token=518504778&user=-1355064518&config=3,13065,0,0
1777922413464,13066,HTTP Request,200,OK,Config 3: Exp8 1-280,text,false,Test failed: text expected to match /.*/,231,158,8,8,http://localhost:8079/?token=518504778&user=-1355064518&config=3,13066,0,0
1777922413466,13064,HTTP Request,200,OK,Config 3: Exp8 1-63,text,false,Test failed: text expected to match /.*/,231,158,3,3,http://localhost:8079/?token=518504778&user=-1355064518&config=3,13064,0,0
1777922413466,13064,HTTP Request,200,OK,Config 3: Exp8 1-104,text,false,Test failed: text expected to match /.*/,231,158,3,3,http://localhost:8079/?token=518504778&user=-1355064518&config=3,13064,0,0
1777922413465,13065,HTTP Request,200,OK,Config 3: Exp8 1-282,text,false,Test failed: text expected to match /.*/,231,158,3,3,http://localhost:8079/?token=518504778&user=-1355064518&config=3,13065,0,0
